time_s,phi_meas_rad,theta_meas_rad,phi_ref_rad,theta_ref_rad,bend_x_meas,bend_y_meas,bend_x_ref,bend_y_ref,bend_error_norm_rad,acados_status
0.000000000000000000e+00,-7.853981633974482790e-01,0.000000000000000000e+00,-7.853981633974482790e-01,0.000000000000000000e+00,0.000000000000000000e+00,-0.000000000000000000e+00,0.000000000000000000e+00,-0.000000000000000000e+00,0.000000000000000000e+00,0.000000000000000000e+00
1.000000000000000056e-01,-7.853981633974482790e-01,0.000000000000000000e+00,-7.854023335293448538e-01,3.120648702565861129e-04,0.000000000000000000e+00,-0.000000000000000000e+00,2.206622657320235124e-04,-2.206641061212035403e-04,3.120648702565861129e-04,0.000000000000000000e+00
2.000000000000000111e-01,-7.853981633974482790e-01,0.000000000000000000e+00,-7.854313005529213187e-01,1.239881900616771450e-03,0.000000000000000000e+00,-0.000000000000000000e+00,8.766998470133738168e-04,-8.767579516170836713e-04,1.239881900616771450e-03,0.000000000000000000e+00
3.000000000000000444e-01,-7.853981633974482790e-01,0.000000000000000000e+00,-7.855092456356852493e-01,2.770884720466198353e-03,0.000000000000000000e+00,-0.000000000000000000e+00,1.959093718947038914e-03,-1.959529008332181518e-03,2.770884720466198353e-03,0.000000000000000000e+00
4.000000000000000222e-01,-7.853981633974482790e-01,0.000000000000000000e+00,-7.856596782460464334e-01,4.892506959190504393e-03,0.000000000000000000e+00,-0.000000000000000000e+00,3.458620012441008217e-03,-3.460429446653995583e-03,4.892506959190504393e-03,0.000000000000000000e+00
5.000000000000000000e-01,-7.853981633974482790e-01,0.000000000000000000e+00,-7.859054361533174271e-01,7.592182246175333861e-03,0.000000000000000000e+00,-0.000000000000000000e+00,5.365759574221860492e-03,-5.371206144879041820e-03,7.592182246175333861e-03,0.000000000000000000e+00
6.000000000000000888e-01,-7.853981633974482790e-01,0.000000000000000000e+00,-7.862686854277133319e-01,1.085734421080632693e-02,0.000000000000000000e+00,-0.000000000000000000e+00,7.670615548741533535e-03,-7.683982067608842795e-03,1.085734421080632693e-02,0.000000000000000000e+00
7.000000000000000666e-01,-7.853981633974482790e-01,0.000000000000000000e+00,-7.867709204403517953e-01,1.467542648246912204e-02,0.000000000000000000e+00,-0.000000000000000000e+00,1.036283858111512746e-02,-1.039132902876758330e-02,1.467542648246912204e-02,0.000000000000000000e+00
8.000000000000000444e-01,-7.853981633974482790e-01,0.000000000000000000e+00,-7.874329638632531214e-01,1.903386269054935936e-02,0.000000000000000000e+00,-0.000000000000000000e+00,1.343155921141116899e-02,-1.348633182422272550e-02,1.903386269054935936e-02,0.000000000000000000e+00
9.000000000000000222e-01,-7.853981633974482790e-01,0.000000000000000000e+00,-7.882749666693399382e-01,2.392008646443267994e-02,0.000000000000000000e+00,-0.000000000000000000e+00,1.686532701263799075e-02,-1.696264369792394033e-02,2.392008646443267994e-02,0.000000000000000000e+00
1.000000000000000000e+00,-7.853981633974482790e-01,0.000000000000000000e+00,-7.893164081324377523e-01,2.932153143350473695e-02,0.000000000000000000e+00,-0.000000000000000000e+00,2.065205601699378335e-02,-2.081453309293670659e-02,2.932153143350474042e-02,0.000000000000000000e+00
1.100000000000000089e+00,-7.853981633974482790e-01,0.000000000000000000e+00,-7.905760958272745054e-01,3.522563122715115930e-02,0.000000000000000000e+00,-0.000000000000000000e+00,2.477897597674277863e-02,-2.503692163376422877e-02,3.522563122715115930e-02,0.000000000000000000e+00
1.200000000000000178e+00,-7.853981633974482790e-01,0.000000000000000000e+00,-7.920721656294806845e-01,4.161981947475758281e-02,0.000000000000000000e+00,-0.000000000000000000e+00,2.923258901680963681e-02,-2.962541328801526069e-02,4.161981947475758281e-02,0.000000000000000000e+00
1.300000000000000044e+00,-7.853981633974482790e-01,0.000000000000000000e+00,-7.938220817155893227e-01,4.849152980570965721e-02,0.000000000000000000e+00,-0.000000000000000000e+00,3.399863125519715645e-02,-3.457631466294750627e-02,4.849152980570965027e-02,0.000000000000000000e+00
1.400000000000000133e+00,-7.853981633974482790e-01,0.000000000000000000e+00,-7.958426365630363319e-01,5.582819584939301832e-02,0.000000000000000000e+00,-0.000000000000000000e+00,3.906203899395872120e-02,-3.988664640493898295e-02,5.582819584939301139e-02,0.000000000000000000e+00
1.500000000000000000e+00,-7.853981633974482790e-01,0.000000000000000000e+00,-7.981499509501596146e-01,6.361725123519330893e-02,0.000000000000000000e+00,-0.000000000000000000e+00,4.440691911700017647e-02,-4.555414568684072046e-02,6.361725123519330893e-02,0.000000000000000000e+00
1.600000000000000089e+00,-7.853981633974482790e-01,0.000000000000000000e+00,-8.007594739562002850e-01,7.184612959249617181e-02,0.000000000000000000e+00,-0.000000000000000000e+00,5.001652337072379911e-02,-5.157725978886037316e-02,7.184612959249615793e-02,0.000000000000000000e+00
1.700000000000000178e+00,-7.853981633974482790e-01,0.000000000000000000e+00,-8.036859829613015593e-01,8.050226455068727749e-02,0.000000000000000000e+00,-0.000000000000000000e+00,5.587322624871009918e-02,-5.795513080262431477e-02,8.050226455068727749e-02,0.000000000000000000e+00
1.800000000000000044e+00,-7.853981633974482790e-01,0.000000000000000000e+00,-8.069435836465094214e-01,8.957308973915217853e-02,0.000000000000000000e+00,-0.000000000000000000e+00,6.195850625148312946e-02,-6.468757151496055957e-02,8.957308973915219241e-02,0.000000000000000000e+00
1.900000000000000133e+00,-7.853981633974482790e-01,0.000000000000000000e+00,-8.105457099937724008e-01,9.904603878727659405e-02,0.000000000000000000e+00,-0.000000000000000000e+00,6.825293034611980281e-02,-7.177503255741803090e-02,9.904603878727659405e-02,0.000000000000000000e+00
2.000000000000000000e+00,-7.853981633974482790e-01,0.000000000000000000e+00,-8.145051242859416840e-01,1.089085453244461738e-01,0.000000000000000000e+00,-0.000000000000000000e+00,7.473614150721356875e-02,-7.921856093934485921e-02,1.089085453244461738e-01,0.000000000000000000e+00
2.100000000000000089e+00,-7.853981633974482790e-01,0.000000000000000000e+00,-8.188339171067708921e-01,1.191480429800464980e-01,0.000000000000000000e+00,-0.000000000000000000e+00,8.138684927964133509e-02,-8.701975011632676060e-02,1.191480429800464980e-01,0.000000000000000000e+00
2.200000000000000178e+00,-7.853981633974482790e-01,0.000000000000000000e+00,-8.235435073409163031e-01,1.297519653834632580e-01,0.000000000000000000e+00,-0.000000000000000000e+00,8.818282336383953535e-02,-9.518068178182652328e-02,1.297519653834632580e-01,0.000000000000000000e+00
2.300000000000000266e+00,-7.707030881618498475e-01,6.253144697959264753e-02,-8.286446421739367407e-01,1.407077461640820759e-01,4.486137621020430677e-02,-4.356189603183178993e-02,9.510089028498781849e-02,-1.037038596079165459e-01,7.836494469632117321e-02,0.000000000000000000e+00
2.400000000000000355e+00,-7.163527635745903233e-01,7.944309052702762386e-02,-8.341473970922935743e-01,1.520028189512885874e-01,5.991642814389771393e-02,-5.216537425306798370e-02,1.021169332677328845e-01,-1.125921352010503668e-01,7.370397595361763421e-02,0.000000000000000000e+00
2.500000000000000000e+00,-7.109740607445109717e-01,9.298136804096653052e-02,-8.400611758833508302e-01,1.636246173744683730e-01,7.045445499853074389e-02,-6.067705145794148602e-02,1.092058954969548634e-01,-1.218486265808907398e-01,7.241295287257334956e-02,0.000000000000000000e+00
2.600000000000000089e+00,-7.929827259198640732e-01,1.382380436791780798e-01,-8.463947106353750804e-01,1.755605750630072071e-01,9.700486984630944665e-02,-9.848762331555631355e-02,1.163417870016774519e-01,-1.314766295343400837e-01,3.823860479118609129e-02,0.000000000000000000e+00
2.700000000000000178e+00,-8.572011916062898251e-01,2.070597616871120428e-01,-8.531560617375353317e-01,1.877981256462906701e-01,1.355322023607007931e-01,-1.565399854132537016e-01,1.234976954526428167e-01,-1.414795222431368960e-01,1.927814585012106036e-02,0.000000000000000000e+00
2.800000000000000266e+00,-8.707682011273476519e-01,2.366269966993555240e-01,-8.603526178799033586e-01,2.003247027537043701e-01,1.524443867396407248e-01,-1.809780221975355319e-01,1.306458012134104618e-01,-1.518606636317187952e-01,3.637305184878932701e-02,0.000000000000000000e+00
2.900000000000000355e+00,-8.811631819355776329e-01,2.471091471547375018e-01,-8.679910960534533704e-01,2.131277400146339707e-01,1.572242336819338893e-01,-1.906396363578947983e-01,1.377573970292016448e-01,-1.626232859325020541e-01,3.411559204267989448e-02,0.000000000000000000e+00
3.000000000000000000e+00,-9.117779986573393280e-01,2.843788567813749224e-01,-8.760775415500623442e-01,2.261946710584650799e-01,1.741368459190031914e-01,-2.248281412049281114e-01,1.448029127762211210e-01,-1.737703820182522341e-01,5.888441565295348540e-02,0.000000000000000000e+00
3.100000000000000089e+00,-9.301585808738233041e-01,3.258929249217612512e-01,-8.846173279625095809e-01,2.395129295145834170e-01,1.947884346286115342e-01,-2.612731602155028976e-01,1.517519457259936255e-01,-1.853045881057263089e-01,8.731187390878447641e-02,0.000000000000000000e+00
3.200000000000000178e+00,-9.400333006532668456e-01,3.468664491758181589e-01,-8.936151571844770380e-01,2.530699490123745621e-01,2.045683498893367813e-01,-2.801216232056967792e-01,1.585732968035222235e-01,-1.972280624910864588e-01,9.479919470287544170e-02,0.000000000000000000e+00
3.300000000000000266e+00,-9.468815755807176160e-01,3.505465781177076745e-01,-9.030750594105493301e-01,2.668531631812242066e-01,2.047952112728983198e-01,-2.845027677716388537e-01,1.652350133340311500e-01,-2.095423610354899824e-01,8.475890418717801911e-02,0.000000000000000000e+00
3.400000000000000355e+00,-9.562971892162450693e-01,3.679752466369113351e-01,-9.130003931362136171e-01,2.808500056505179310e-01,2.121558925054966294e-01,-3.006587091914882381e-01,1.717044387799475380e-01,-2.222483101784110404e-01,8.822987465649159700e-02,0.000000000000000000e+00
3.500000000000000000e+00,-9.717619427296813051e-01,4.258736300410617681e-01,-9.233938451578596052e-01,2.950479100496413154e-01,2.401268247009298029e-01,-3.517207085506909303e-01,1.779482699669278356e-01,-2.353458783162318269e-01,1.319442070759775931e-01,0.000000000000000000e+00
3.600000000000000089e+00,-9.837314681219648804e-01,4.535738655320124546e-01,-9.342574305727795458e-01,3.094343100079802733e-01,2.512435002257158434e-01,-3.776320366282273633e-01,1.839326222845245329e-01,-2.488340464439166289e-01,1.453261042095732869e-01,0.000000000000000000e+00
3.700000000000000178e+00,-9.851352304871445753e-01,4.575823036317593351e-01,-9.455924927791682366e-01,3.239966391549200520e-01,2.529288130808031720e-01,-3.813247698622314052e-01,1.896231033229860696e-01,-2.627106790175146589e-01,1.344504199876656869e-01,0.000000000000000000e+00
3.800000000000000266e+00,-9.960665912043068504e-01,4.631763153329496174e-01,-9.573997034761232428e-01,3.387223311198467313e-01,2.517863351466181343e-01,-3.887620615734550533e-01,1.949848953722414235e-01,-2.769723960540818042e-01,1.253927146104409363e-01,0.000000000000000000e+00
3.900000000000000355e+00,-1.013002396755257273e+00,4.617621719119202606e-01,-9.696790626636444532e-01,3.535988195321455585e-01,2.444180147349321874e-01,-3.917705163508967692e-01,1.999828471620009873e-01,-2.916144475424813365e-01,1.095706267043796839e-01,0.000000000000000000e+00
4.000000000000000000e+00,-1.049116114154437618e+00,4.582705691581646645e-01,-9.824298986426344138e-01,3.686135380212024470e-01,2.283734356677370736e-01,-3.973128344741232998e-01,2.045815751629019574e-01,-3.066305912924774946e-01,9.375138321505811778e-02,0.000000000000000000e+00
4.100000000000000533e+00,-1.073596018837360777e+00,4.544903831073641709e-01,-9.956508680148983270e-01,3.837539202164027552e-01,2.167767791056595394e-01,-3.994613077353734720e-01,2.087455746976409343e-01,-3.220129753994531718e-01,7.786362710443520130e-02,0.000000000000000000e+00
4.200000000000000178e+00,-1.085311348098348727e+00,4.545540383356446723e-01,-1.009339955683143941e+00,3.990073997471325074e-01,2.121118932936922330e-01,-4.020297482657322341e-01,2.124393410281582295e-01,-3.377520265468290095e-01,6.427855576622401590e-02,0.000000000000000000e+00
4.299999999999999822e+00,-1.087492769030544704e+00,4.548447519716484200e-01,-1.023494474850981550e+00,4.143614102427768953e-01,2.113694898331490157e-01,-4.027489132993715137e-01,2.156275004903808745e-01,-3.538363454065363012e-01,4.909755546489370792e-02,0.000000000000000000e+00
4.400000000000000355e+00,-1.089116209557622561e+00,4.652188461321920543e-01,-1.038111067022924106e+00,4.298033853327221099e-01,2.155213666042081477e-01,-4.122852354058081925e-01,2.182749516422256009e-01,-3.702526104284107333e-01,4.212272300139356662e-02,0.000000000000000000e+00
4.500000000000000000e+00,-1.100865879531411906e+00,5.685035162260230202e-01,-1.053185702004386659e+00,4.453207586463532319e-01,2.574321915861738641e-01,-5.068776131340695379e-01,2.203470162740912008e-01,-3.869854913307073652e-01,1.254967374015760473e-01,0.000000000000000000e+00
4.600000000000000533e+00,-1.119752817897190944e+00,6.007844793529626415e-01,-1.068713677901687698e+00,4.609009638130562858e-01,2.618849114216787455e-01,-5.407016587741060309e-01,2.218096000047604099e-01,-4.040175736147282870e-01,1.424379504241022609e-01,0.000000000000000000e+00
4.700000000000000178e+00,-1.141089629256229365e+00,6.096737925863395802e-01,-1.084689621122047587e+00,4.765314344622166298e-01,2.539926520194469295e-01,-5.542471164442257514e-01,2.226293620504759541e-01,-4.213292954253430311e-01,1.365679431714686698e-01,0.000000000000000000e+00
4.800000000000000711e+00,-1.175015133535777245e+00,6.259277446613595863e-01,-1.101107486373589461e+00,4.921996042232201773e-01,2.413133663311764765e-01,-5.775408217319114579e-01,2.227738936122106439e-01,-4.388988980646340576e-01,1.398759988234595242e-01,0.000000000000000000e+00
4.900000000000000355e+00,-1.185422693574987418e+00,6.974604100661652151e-01,-1.117960556665339222e+00,5.078929067254523977e-01,2.621791296927175052e-01,-6.463073011836030224e-01,2.222119041772561143e-01,-4.567023914366412085e-01,1.937715172969373123e-01,0.000000000000000000e+00
5.000000000000000000e+00,-1.206741537686780052e+00,7.537665224742632342e-01,-1.135241443307224873e+00,5.235987755982988157e-01,2.683907747126182408e-01,-7.043652195076817168e-01,2.209134148778999496e-01,-4.747135356560022723e-01,2.345079862025748751e-01,0.000000000000000000e+00
5.100000000000000533e+00,-1.217499420808497712e+00,7.575245417962802597e-01,-1.152942085910077408e+00,5.393046444711453447e-01,2.620981598431125215e-01,-7.107376351583744034e-01,2.188499578940254486e-01,-4.929038399910593005e-01,2.220854999517636597e-01,0.000000000000000000e+00
5.200000000000000178e+00,-1.248132172923831051e+00,7.690243352462705628e-01,-1.171053752385630364e+00,5.549979469733775650e-01,2.438532720934629694e-01,-7.293380628283977485e-01,2.159947807300701128e-01,-5.112425802317652757e-01,2.198675398281934867e-01,0.000000000000000000e+00
5.300000000000000711e+00,-1.283019584823946291e+00,7.727002362148411851e-01,-1.189567038946520050e+00,5.706661167343811680e-01,2.193086285068442109e-01,-7.409246793763306638e-01,2.123230540421988943e-01,-5.296968354737375817e-01,2.113433232688918806e-01,0.000000000000000000e+00
5.400000000000000355e+00,-1.282983819855239460e+00,7.739357794021302084e-01,-1.208471870106284651e+00,5.862965873835415120e-01,2.196858431088143937e-01,-7.421015570502140779e-01,2.078120815412645705e-01,-5.482315451915126259e-01,1.942332816791604022e-01,0.000000000000000000e+00
5.500000000000000000e+00,-1.312593693080069457e+00,7.725669288002335877e-01,-1.227757498679365344e+00,6.018767925502446214e-01,1.972696969883140916e-01,-7.469567096733008560e-01,2.024415103537523797e-01,-5.668095873362251069e-01,1.802213454056324216e-01,2.000000000000000000e+00
5.600000000000000533e+00,-1.344982495425078195e+00,7.755093381116400231e-01,-1.247412505781105851e+00,6.173941658638757435e-01,1.736362353948651405e-01,-7.558208724666533040e-01,1.961935400891781922e-01,-5.853918780355830132e-01,1.719153109465758611e-01,0.000000000000000000e+00
5.700000000000000178e+00,-1.344484285910144239e+00,7.755802882551456889e-01,-1.267424800827752884e+00,6.328361409538207916e-01,1.740286911380200252e-01,-7.558034123968497831e-01,1.890531287411456041e-01,-6.039374932975332122e-01,1.526073101432902646e-01,0.000000000000000000e+00
5.800000000000000711e+00,-1.344178526412030950e+00,7.759841886432810032e-01,-1.287781621536454590e+00,6.481901514494653460e-01,1.743505266595616332e-01,-7.561437395614042378e-01,1.810081934433153128e-01,-6.224038129241080686e-01,1.339055357479774222e-01,0.000000000000000000e+00
5.900000000000000355e+00,-1.336041404737794425e+00,8.694085425853920190e-01,-1.308469533925263439e+00,6.634436309801948761e-01,2.022284581988574304e-01,-8.455618632690150571e-01,1.720498040137524720e-01,-6.407466866297588659e-01,2.070265870611643633e-01,0.000000000000000000e+00
6.000000000000000000e+00,-1.350082280692656012e+00,9.502804605963097728e-01,-1.329474432313132670e+00,6.785840131753952953e-01,2.080414832297342864e-01,-9.272279628261362872e-01,1.621723671542833756e-01,-6.589206221304667599e-01,2.721999354899359291e-01,0.000000000000000000e+00
6.100000000000000533e+00,-1.375506909606736716e+00,9.749295388872908363e-01,-1.350781539319919400e+00,6.935987316644521838e-01,1.891855244174763806e-01,-9.563976386137044150e-01,1.513737991282496087e-01,-6.768789947280215991e-01,2.820645295832837074e-01,0.000000000000000000e+00
6.200000000000000178e+00,-1.447240213001230291e+00,9.976762620469107334e-01,-1.372375405866382181e+00,7.084752200767510111e-01,1.229556013217378424e-01,-9.900706257411669986e-01,1.396556847229314668e-01,-6.945742776603305302e-01,2.959678775048361632e-01,0.000000000000000000e+00
6.300000000000000711e+00,-1.461448899322751238e+00,1.007027009907878190e+00,-1.394239911174183666e+00,7.232009120416776904e-01,1.098965041904221007e-01,-1.001012565880532001e+00,1.270234203141145102e-01,-7.119582922261796787e-01,2.895612273315493757e-01,0.000000000000000000e+00
6.400000000000000355e+00,-1.504289120066679919e+00,1.015827644300661969e+00,-1.416358262765887055e+00,7.377632411886174690e-01,6.751006492913179391e-02,-1.013581863520996773e+00,1.134863388917944360e-01,-7.289824764245509403e-01,2.882891411468049281e-01,0.000000000000000000e+00
6.500000000000000000e+00,-1.566763715902194765e+00,1.031740304224302296e+00,-1.438712996464960536e+00,7.521496411469562604e-01,4.160595912665511313e-03,-1.031731915180734926e+00,9.905781497938362379e-02,-7.455981705778289559e-01,3.014597850245994692e-01,0.000000000000000000e+00
6.600000000000000533e+00,-1.573939195258028390e+00,1.042468200771666353e+00,-1.461285976395772401e+00,7.663475455460797559e-01,-3.276335038283501380e-03,-1.042463052222395214e+00,8.375534748521572259e-02,-7.617569181386747434e-01,2.938884949689232196e-01,0.000000000000000000e+00
6.700000000000000178e+00,-1.592187901609335210e+00,1.053148677345409290e+00,-1.484058394983595708e+00,7.803443880153735357e-01,-2.252679058918606592e-02,-1.052907726393977894e+00,6.760061866524345875e-02,-7.774107796160046879e-01,2.898646539040261039e-01,0.000000000000000000e+00
6.800000000000000711e+00,-1.626729506271128223e+00,1.068580097793690120e+00,-1.507010772954604283e+00,7.941276021842231803e-01,-5.973792246866283656e-02,-1.066908996128488996e+00,5.061952754982183833e-02,-7.925126573004980246e-01,2.957568554349805368e-01,0.000000000000000000e+00
6.900000000000000355e+00,-1.628153842847140265e+00,1.073927355973546049e+00,-1.530122959335875610e+00,8.076846216820142699e-01,-6.156403616873815793e-02,-1.072161291671615002e+00,3.284219639483419717e-02,-8.070166282286763693e-01,2.814502252603762189e-01,0.000000000000000000e+00
7.000000000000000000e+00,-1.653610317660157092e+00,1.084188085351913466e+00,-1.553374131455389495e+00,8.210028801381324959e-01,-8.968334970007810214e-02,-1.080472443519788106e+00,1.430294895720070174e-02,-8.208782826011640221e-01,2.796467033445688144e-01,0.000000000000000000e+00
7.100000000000000533e+00,-1.662445855755820379e+00,1.088241403601844404e+00,-1.576742794942028514e+00,8.340698111819637717e-01,-9.959724517553328327e-02,-1.083674185937247847e+00,-4.959740334754626605e-03,-8.340550646695507053e-01,2.669568561115179262e-01,0.000000000000000000e+00
7.200000000000000178e+00,-1.662416618439410465e+00,1.090330554386374162e+00,-1.600206783725577342e+00,8.468728484428932335e-01,-9.975670233494914052e-02,-1.085757485890727958e+00,-2.490332694679155134e-02,-8.465066129315003129e-01,2.506870719019090865e-01,0.000000000000000000e+00
7.300000000000000711e+00,-1.694187567582615239e+00,1.102593013956565171e+00,-1.623743260036723424e+00,8.593994255503071278e-01,-1.357053460803069600e-01,-1.094209949448023744e+00,-4.548130684664631468e-02,-8.581950963293364376e-01,2.526724918709448153e-01,0.000000000000000000e+00
7.400000000000000355e+00,-1.699916290463426849e+00,1.106975349063035186e+00,-1.647328714407056527e+00,8.716369761335903688e-01,-1.425357865298453874e-01,-1.097760435154932601e+00,-6.664335711497326731e-02,-8.690855430369068824e-01,2.409395507750482224e-01,0.000000000000000000e+00
7.500000000000000000e+00,-1.702844371207666851e+00,1.114514401579604685e+00,-1.670938965669070075e+00,8.835729338221292029e-01,-1.467421286788370971e-01,-1.104811793473960080e+00,-8.833550615659055416e-02,-8.791461583463261453e-01,2.331015067133085095e-01,0.000000000000000000e+00
7.600000000000000533e+00,-1.704057354377938704e+00,1.119161467298218637e+00,-1.694549160956158484e+00,8.951947322453089884e-01,-1.486995799961220444e-01,-1.109238849298958884e+00,-1.105003327332083063e-01,-8.883486281328972778e-01,2.241688477425996806e-01,0.000000000000000000e+00
7.700000000000000178e+00,-1.703824817749058473e+00,1.119307132971895102e+00,-1.718133775702620269e+00,9.064898050325155276e-01,-1.484609578976500144e-01,-1.109417776088825747e+00,-1.330771926554193962e-01,-8.966684043852780617e-01,2.133048414670477289e-01,0.000000000000000000e+00
7.800000000000000711e+00,-1.703688035611616192e+00,1.119312401394759959e+00,-1.741666613643655381e+00,9.174455858131345121e-01,-1.483099060453860474e-01,-1.109443294488237086e+00,-1.560024715867374401e-01,-9.040849693401803444e-01,2.055023534469203605e-01,0.000000000000000000e+00
7.900000000000000355e+00,-1.703342681365018541e+00,1.119327216161815075e+00,-1.765120806815366539e+00,9.280495082165511889e-01,-1.479287041541557379e-01,-1.109509132602265247e+00,-1.792098620320847213e-01,-9.105820748572990286e-01,2.013715102522028455e-01,0.000000000000000000e+00
8.000000000000000000e+00,-1.703198398672795655e+00,1.119432746361451514e+00,-1.788468815554759672e+00,9.382890058721515825e-01,-1.477825512796419050e-01,-1.109635071166922948e+00,-2.026306622137055147e-01,-9.161479538106198639e-01,2.011108645893780467e-01,0.000000000000000000e+00
8.099999999999999645e+00,-1.703198398672795655e+00,1.119432746361451514e+00,-1.811682428499742370e+00,9.481515124093209401e-01,-1.477825512796419050e-01,-1.109635071166922948e+00,-2.261940941856259712e-01,-9.207755004557989231e-01,2.044903604331681779e-01,2.000000000000000000e+00
8.200000000000001066e+00,-1.703198398672795655e+00,1.119432746361451514e+00,-1.834732762589125654e+00,9.576244614574455083e-01,-1.477825512796419050e-01,-1.109635071166922948e+00,-2.498276382101144999e-01,-9.244624169581036055e-01,2.114287389012824980e-01,0.000000000000000000e+00
8.300000000000000711e+00,-1.703198398672795655e+00,1.119432746361451514e+00,-1.857590263062622871e+00,9.666952866459104232e-01,-1.477825512796419050e-01,-1.109635071166922948e+00,-2.734573801226457546e-01,-9.272113235287183786e-01,2.215233312928587550e-01,0.000000000000000000e+00
8.400000000000000355e+00,-1.703198398672795655e+00,1.119432746361451514e+00,-1.880224703460849467e+00,9.753514216041014873e-01,-1.477825512796419050e-01,-1.109635071166922948e+00,-2.970083681520578334e-01,-9.290298299154842177e-01,2.342788884827871065e-01,0.000000000000000000e+00
8.500000000000000000e+00,-1.703198398672795655e+00,1.119432746361451514e+00,-1.902605185625323880e+00,9.835802999614042808e-01,-1.477825512796419050e-01,-1.109635071166922948e+00,-3.204049754459338817e-01,-9.299305663229145980e-01,2.491830860758358912e-01,0.000000000000000000e+00
8.599999999999999645e+00,-1.703198398672795655e+00,1.119432746361451514e+00,-1.924700139698467316e+00,9.913693553472046061e-01,-1.477825512796419050e-01,-1.109635071166922948e+00,-3.435712643834155644e-01,-9.299311721904547356e-01,2.657568653603825104e-01,0.000000000000000000e+00
8.700000000000001066e+00,-1.703198398672795655e+00,1.119432746361451514e+00,-1.946477324123603303e+00,9.987060213908881545e-01,-1.477825512796419050e-01,-1.109635071166922948e+00,-3.664313486437921208e-01,-9.290542416315147323e-01,2.835784416779339456e-01,0.000000000000000000e+00
8.800000000000000711e+00,-1.703198398672795655e+00,1.119432746361451514e+00,-1.967903825644957472e+00,1.005577731721840173e+00,-1.477825512796419050e-01,-1.109635071166922948e+00,-3.889097489438006483e-01,-9.273272247223798281e-01,3.022887300721239234e-01,0.000000000000000000e+00
8.900000000000000355e+00,-1.703198398672795655e+00,1.119432746361451514e+00,-1.988946059307658665e+00,1.011971919969446576e+00,-1.477825512796419050e-01,-1.109635071166922948e+00,-4.109317383634540355e-01,-9.247822842227448881e-01,3.215867651255269744e-01,0.000000000000000000e+00
9.000000000000000000e+00,-1.703198398672795655e+00,1.119432746361451514e+00,-2.009569768457738270e+00,1.017876019763092943e+00,-1.477825512796419050e-01,-1.109635071166922948e+00,-4.324236732524190385e-01,-9.214561077010892109e-01,3.412211754991137380e-01,0.000000000000000000e+00
9.099999999999999645e+00,-1.703198398672795655e+00,1.119432746361451514e+00,-2.029740024742130000e+00,1.023277464732164965e+00,-1.477825512796419050e-01,-1.109635071166922948e+00,-4.533133058487747724e-01,-9.173896754210515425e-01,3.609810717656403711e-01,0.000000000000000000e+00
9.200000000000001066e+00,-1.703198398672795655e+00,1.119432746361451514e+00,-2.049421228108670334e+00,1.028163688506048334e+00,-1.477825512796419050e-01,-1.109635071166922948e+00,-4.735300749508057905e-01,-9.126279847119782573e-01,3.806878528287467311e-01,0.000000000000000000e+00
9.300000000000000711e+00,-1.703198398672795655e+00,1.119432746361451514e+00,-2.068577106806098520e+00,1.032522124714128520e+00,-1.477825512796419050e-01,-1.109635071166922948e+00,-4.930053712609491212e-01,-9.072197318908093999e-01,4.001884118888379138e-01,0.000000000000000000e+00
9.400000000000000355e+00,-1.703198398672795655e+00,1.119432746361451514e+00,-2.087170717384054797e+00,1.036340206985791434e+00,-1.477825512796419050e-01,-1.109635071166922948e+00,-5.116727743689374330e-01,-9.012169531166994707e-01,4.193497423292091852e-01,0.000000000000000000e+00
9.500000000000000000e+00,-1.703198398672795655e+00,1.119432746361451514e+00,-2.105164444693084391e+00,1.039605368950422326e+00,-1.477825512796419050e-01,-1.109635071166922948e+00,-5.294682587576571287e-01,-8.946746258381749195e-01,4.380547595323291410e-01,2.000000000000000000e+00
9.600000000000001421e+00,-1.703198398672795655e+00,1.119432746361451514e+00,-2.122520001884634411e+00,1.042305044237407108e+00,-1.477825512796419050e-01,-1.109635071166922948e+00,-5.463303666986313312e-01,-8.876502327300331840e-01,4.561991118701360648e-01,0.000000000000000000e+00
9.700000000000001066e+00,-1.703198398672795655e+00,1.119432746361451514e+00,-2.139198430411052954e+00,1.044426666476131471e+00,-1.477825512796419050e-01,-1.109635071166922948e+00,-5.622003464522390415e-01,-8.802032902093849254e-01,4.736887702585574345e-01,0.000000000000000000e+00
9.800000000000000711e+00,-1.703198398672795655e+00,1.119432746361451514e+00,-2.155160100025592662e+00,1.045957669295980885e+00,-1.477825512796419050e-01,-1.109635071166922948e+00,-5.770222547980737859e-01,-8.723948437644660769e-01,4.904382209560759209e-01,0.000000000000000000e+00
9.900000000000000355e+00,-1.703198398672795655e+00,1.119432746361451514e+00,-2.170364708782407170e+00,1.046885486326341042e+00,-1.477825512796419050e-01,-1.109635071166922948e+00,-5.907430235902301208e-01,-8.642869324247661744e-01,5.063691234799569951e-01,0.000000000000000000e+00
1.000000000000000000e+01,-1.703198398672795655e+00,1.119432746361451514e+00,-2.184771283036554212e+00,1.047197551196597631e+00,-1.477825512796419050e-01,-1.109635071166922948e+00,-6.033124907575764251e-01,-8.559420247470268528e-01,5.214093282274284702e-01,0.000000000000000000e+00
1.010000000000000142e+01,-1.703198398672795655e+00,1.119432746361451514e+00,-2.198765014232945347e+00,1.047197551196597631e+00,-1.477825512796419050e-01,-1.109635071166922948e+00,-6.152308517268797461e-01,-8.474159016183073767e-01,5.359727665374209860e-01,0.000000000000000000e+00
1.020000000000000107e+01,-1.703198398672795655e+00,1.119432746361451514e+00,-2.212758745429336482e+00,1.047197551196597631e+00,-1.477825512796419050e-01,-1.109635071166922948e+00,-6.270287373804069864e-01,-8.387238363915046069e-01,5.505177599493689122e-01,0.000000000000000000e+00
1.030000000000000071e+01,-1.703198398672795655e+00,1.119432746361451514e+00,-2.226752476625727617e+00,1.047197551196597631e+00,-1.477825512796419050e-01,-1.109635071166922948e+00,-6.387038374406490693e-01,-8.298675311582804914e-01,5.650429945132182663e-01,0.000000000000000000e+00
1.040000000000000036e+01,-1.703198398672795655e+00,1.119432746361451514e+00,-2.240746207822118308e+00,1.047197551196597631e+00,-1.477825512796419050e-01,-1.109635071166922948e+00,-6.502538656741332357e-01,-8.208487201719918414e-01,5.795472183612784267e-01,0.000000000000000000e+00
1.050000000000000000e+01,-1.703198398672795655e+00,1.119432746361451514e+00,-2.254739939018509887e+00,1.047197551196597631e+00,-1.477825512796419050e-01,-1.109635071166922948e+00,-6.616765603391181472e-01,-8.116691695080846536e-01,5.940292342120760960e-01,0.000000000000000000e+00
1.060000000000000142e+01,-1.703198398672795655e+00,1.119432746361451514e+00,-2.268733670214900577e+00,1.047197551196597631e+00,-1.477825512796419050e-01,-1.109635071166922948e+00,-6.729696846284868306e-01,-8.023306767182628585e-01,6.084878929630688216e-01,0.000000000000000000e+00
1.070000000000000107e+01,-1.703198398672795655e+00,1.119432746361451514e+00,-2.282727401411291712e+00,1.047197551196597631e+00,-1.477825512796419050e-01,-1.109635071166922948e+00,-6.841310271077665206e-01,-7.928350704784842273e-01,6.229220881934972587e-01,0.000000000000000000e+00
1.080000000000000071e+01,-1.703198398672795655e+00,1.119432746361451514e+00,-2.296721132607682847e+00,1.047197551196597631e+00,-1.477825512796419050e-01,-1.109635071166922948e+00,-6.951584021481708175e-01,-7.831842102308707032e-01,6.373307514312609445e-01,0.000000000000000000e+00
1.090000000000000036e+01,-1.703198398672795655e+00,1.119432746361451514e+00,-2.310714863804073538e+00,1.047197551196597631e+00,-1.477825512796419050e-01,-1.109635071166922948e+00,-7.060496503545934388e-01,-7.733799858195885557e-01,6.517128480638577637e-01,0.000000000000000000e+00
1.100000000000000000e+01,-1.703198398672795655e+00,1.119432746361451514e+00,-2.324708595000465117e+00,1.047197551196597631e+00,-1.477825512796419050e-01,-1.109635071166922948e+00,-7.168026389884655236e-01,-7.634243171207754086e-01,6.660673737943928474e-01,0.000000000000000000e+00
1.110000000000000142e+01,-1.703198398672795655e+00,1.119432746361451514e+00,-2.338702326196855807e+00,1.047197551196597631e+00,-1.477825512796419050e-01,-1.109635071166922948e+00,-7.274152623853874511e-01,-7.533191536665907462e-01,6.803933515606249705e-01,0.000000000000000000e+00
1.120000000000000107e+01,-1.703198398672795655e+00,1.119432746361451514e+00,-2.352696057393246942e+00,1.047197551196597631e+00,-1.477825512796419050e-01,-1.109635071166922948e+00,-7.378854423674676699e-01,-7.430664742634519593e-01,6.946898288488105866e-01,0.000000000000000000e+00
1.130000000000000071e+01,-1.703198398672795655e+00,1.119432746361451514e+00,-2.366689788589638077e+00,1.047197551196597631e+00,-1.477825512796419050e-01,-1.109635071166922948e+00,-7.482111286502700631e-01,-7.326682866045450826e-01,7.089558753452958051e-01,0.000000000000000000e+00
1.140000000000000036e+01,-1.703198398672795655e+00,1.119432746361451514e+00,-2.380683519786029212e+00,1.047197551196597631e+00,-1.477825512796419050e-01,-1.109635071166922948e+00,-7.583902992443056768e-01,-7.221266268766740604e-01,7.231905808780471068e-01,0.000000000000000000e+00
1.150000000000000000e+01,-1.703198398672795655e+00,1.119432746361451514e+00,-2.394677250982420347e+00,1.047197551196597631e+00,-1.477825512796419050e-01,-1.109635071166922948e+00,-7.684209608509805500e-01,-7.114435593615324738e-01,7.373930536078455722e-01,0.000000000000000000e+00
1.160000000000000142e+01,-1.703198398672795655e+00,1.119432746361451514e+00,-2.408670982178811037e+00,1.047197551196597631e+00,-1.477825512796419050e-01,-1.109635071166922948e+00,-7.783011492529263720e-01,-7.006211760314733361e-01,7.515624184351349379e-01,0.000000000000000000e+00
1.170000000000000107e+01,-1.703198398672795655e+00,1.119432746361451514e+00,-2.422664713375202616e+00,1.047197551196597631e+00,-1.477825512796419050e-01,-1.109635071166922948e+00,-7.880289296986364711e-01,-6.896615961398547823e-01,7.656978155936908781e-01,0.000000000000000000e+00
1.180000000000000071e+01,-1.703198398672795655e+00,1.119432746361451514e+00,-2.436658444571593307e+00,1.047197551196597631e+00,-1.477825512796419050e-01,-1.109635071166922948e+00,-7.976023972813294227e-01,-6.785669658060485832e-01,7.797983994065843527e-01,0.000000000000000000e+00
1.190000000000000036e+01,-1.703198398672795655e+00,1.119432746361451514e+00,-2.450652175767984442e+00,1.047197551196597631e+00,-1.477825512796419050e-01,-1.109635071166922948e+00,-8.070196773119735489e-01,-6.673394575951797636e-01,7.938633371835313035e-01,0.000000000000000000e+00
1.200000000000000000e+01,-1.703198398672795655e+00,1.119432746361451514e+00,-2.464645906964375577e+00,1.047197551196597631e+00,-1.477825512796419050e-01,-1.109635071166922948e+00,-8.162789256863886012e-01,-6.559812700926954676e-01,8.078918082417100299e-01,0.000000000000000000e+00
1.210000000000000142e+01,-1.703198398672795655e+00,1.119432746361451514e+00,-2.478639638160766268e+00,1.047197551196597631e+00,-1.477825512796419050e-01,-1.109635071166922948e+00,-8.253783292463611199e-01,-6.444946274738341252e-01,8.218830030346940818e-01,0.000000000000000000e+00
1.220000000000000107e+01,-1.703198398672795655e+00,1.119432746361451514e+00,-2.492633369357157846e+00,1.047197551196597631e+00,-1.477825512796419050e-01,-1.109635071166922948e+00,-8.343161061347009744e-01,-6.328817790680824062e-01,8.358361223762746928e-01,0.000000000000000000e+00
1.230000000000000071e+01,-1.703198398672795655e+00,1.119432746361451514e+00,-2.506627100553548537e+00,1.047197551196597631e+00,-1.477825512796419050e-01,-1.109635071166922948e+00,-8.430905061441638093e-01,-6.211449989187133314e-01,8.497503767477512238e-01,0.000000000000000000e+00
1.240000000000000036e+01,-1.703198398672795655e+00,1.119432746361451514e+00,-2.520620831749939672e+00,1.047197551196597631e+00,-1.477825512796419050e-01,-1.109635071166922948e+00,-8.516998110601827765e-01,-6.092865853374744844e-01,8.636249856788346113e-01,0.000000000000000000e+00
1.250000000000000000e+01,-1.703198398672795655e+00,1.119432746361451514e+00,-2.534614562946330807e+00,1.047197551196597631e+00,-1.477825512796419050e-01,-1.109635071166922948e+00,-8.601423349973287280e-01,-5.973088604545339075e-01,8.774591771935744688e-01,0.000000000000000000e+00
1.260000000000000142e+01,-1.703198398672795655e+00,1.119432746361451514e+00,-2.548608294142721942e+00,1.047197551196597631e+00,-1.477825512796419050e-01,-1.109635071166922948e+00,-8.684164247294436922e-01,-5.852141697637551765e-01,8.912521873138803397e-01,0.000000000000000000e+00
1.270000000000000107e+01,-1.703198398672795655e+00,1.119432746361451514e+00,-2.562602025339113077e+00,1.047197551196597631e+00,-1.477825512796419050e-01,-1.109635071166922948e+00,-8.765204600133773560e-01,-5.730048816634009112e-01,9.050032596141319718e-01,0.000000000000000000e+00
1.280000000000000071e+01,-1.703198398672795655e+00,1.119432746361451514e+00,-2.576595756535503767e+00,1.047197551196597631e+00,-1.477825512796419050e-01,-1.109635071166922948e+00,-8.844528539062657124e-01,-5.606833869923493197e-01,9.187116448212150344e-01,0.000000000000000000e+00
1.290000000000000036e+01,-1.703198398672795655e+00,1.119432746361451514e+00,-2.590589487731895346e+00,1.047197551196597631e+00,-1.477825512796419050e-01,-1.109635071166922948e+00,-8.922120530762885915e-01,-5.482520985619159237e-01,9.323766004550080311e-01,0.000000000000000000e+00
1.300000000000000000e+01,-1.703198398672795655e+00,1.119432746361451514e+00,-2.604583218928286037e+00,1.047197551196597631e+00,-1.477825512796419050e-01,-1.109635071166922948e+00,-8.997965381068430135e-01,-5.357134506833772791e-01,9.459973905049637866e-01,0.000000000000000000e+00
1.310000000000000142e+01,-1.703198398672795655e+00,1.119432746361451514e+00,-2.618576950124677172e+00,1.047197551196597631e+00,-1.477825512796419050e-01,-1.109635071166922948e+00,-9.072048237940806281e-01,-5.230698986912760695e-01,9.595732851389620066e-01,0.000000000000000000e+00
1.320000000000000107e+01,-1.703198398672795655e+00,1.119432746361451514e+00,-2.632570681321068307e+00,1.047197551196597631e+00,-1.477825512796419050e-01,-1.109635071166922948e+00,-9.144354594377397394e-01,-5.103239184626178204e-01,9.731035604410415152e-01,0.000000000000000000e+00
1.330000000000000071e+01,-1.703198398672795655e+00,1.119432746361451514e+00,-2.646564412517458997e+00,1.047197551196597631e+00,-1.477825512796419050e-01,-1.109635071166922948e+00,-9.214870291252238443e-01,-4.974780059320407788e-01,9.865874981750419881e-01,0.000000000000000000e+00
1.340000000000000036e+01,-1.703198398672795655e+00,1.119432746361451514e+00,-2.660558143713850576e+00,1.047197551196597631e+00,-1.477825512796419050e-01,-1.109635071166922948e+00,-9.283581520088691752e-01,-4.845346766030560470e-01,1.000024385571520069e+00,0.000000000000000000e+00
1.350000000000000000e+01,-1.703198398672795655e+00,1.119432746361451514e+00,-2.674551874910241267e+00,1.047197551196597631e+00,-1.477825512796419050e-01,-1.109635071166922948e+00,-9.350474825763410713e-01,-4.714964650554636094e-01,1.013413515135590082e+00,0.000000000000000000e+00
1.360000000000000142e+01,-1.703198398672795655e+00,1.119432746361451514e+00,-2.688545606106632402e+00,1.047197551196597631e+00,-1.477825512796419050e-01,-1.109635071166922948e+00,-9.415537109141168814e-01,-4.583659244490217444e-01,1.026754184473636533e+00,0.000000000000000000e+00
1.370000000000000107e+01,-1.703198398672795655e+00,1.119432746361451514e+00,-2.702539337303023537e+00,1.047197551196597631e+00,-1.477825512796419050e-01,-1.109635071166922948e+00,-9.478755629639935565e-01,-4.451456260234881168e-01,1.040045696137033238e+00,0.000000000000000000e+00
1.380000000000000071e+01,-1.703198398672795655e+00,1.119432746361451514e+00,-2.716533068499414671e+00,1.047197551196597631e+00,-1.477825512796419050e-01,-1.109635071166922948e+00,-9.540118007725750804e-01,-4.318381585951142632e-01,1.053287357481240472e+00,0.000000000000000000e+00
1.390000000000000036e+01,-1.703229921290650317e+00,1.119463989153756556e+00,-2.730526799695805806e+00,1.047197551196597631e+00,-1.478216553197634620e-01,-1.109661381336922492e+00,-9.599612227336914438e-01,-4.184461280497008828e-01,1.066465753475562828e+00,0.000000000000000000e+00
1.400000000000000000e+01,-1.702849074001420826e+00,1.119680196666806626e+00,-2.744520530892196497e+00,1.047197551196597631e+00,-1.474275009711593643e-01,-1.109931923482344818e+00,-9.657226638236972027e-01,-4.049721568323100263e-01,1.080081129426457842e+00,0.000000000000000000e+00
1.410000000000000142e+01,-1.703028476912585853e+00,1.119905131372787244e+00,-2.758514262088588076e+00,1.047197551196597631e+00,-1.476562806119093574e-01,-1.110128427737510526e+00,-9.712949958296094310e-01,-3.914188834337321565e-01,1.093125858389054850e+00,0.000000000000000000e+00
1.420000000000000107e+01,-1.702235588668755462e+00,1.120312001270985736e+00,-2.772507993284978767e+00,1.047197551196597631e+00,-1.468293513375991677e-01,-1.110648514057251512e+00,-9.766771275700343313e-01,-3.777889618738187183e-01,1.107127117789289628e+00,0.000000000000000000e+00
1.430000000000000071e+01,-1.701743561620811418e+00,1.120704032311537812e+00,-2.786501724481369902e+00,1.047197551196597631e+00,-1.463340532739393907e-01,-1.111109298355368979e+00,-9.818680051088454208e-01,-3.640850611817615379e-01,1.120786418365990578e+00,0.000000000000000000e+00
1.440000000000000036e+01,-1.701541743671378670e+00,1.121185043527463732e+00,-2.800495455677761036e+00,1.047197551196597631e+00,-1.461725194827161178e-01,-1.111615714344555084e+00,-9.868666119615654431e-01,-3.503098648734457310e-01,1.134175098284106786e+00,0.000000000000000000e+00
1.450000000000000000e+01,-1.701454354389791090e+00,1.121224730292256888e+00,-2.814489186874152171e+00,1.047197551196597631e+00,-1.460805462792472142e-01,-1.111667832501103126e+00,-9.916719692944161446e-01,-3.364660704259571644e-01,1.147154142476602523e+00,0.000000000000000000e+00
1.460000000000000142e+01,-1.701454354389791090e+00,1.121224730292256888e+00,-2.828482918070542862e+00,1.047197551196597631e+00,-1.460805462792472142e-01,-1.111667832501103126e+00,-9.962831361159950605e-01,-3.225563887493603232e-01,1.159974704217757058e+00,2.000000000000000000e+00
1.470000000000000107e+01,-1.701454354389791090e+00,1.121224730292256888e+00,-2.842476649266933997e+00,1.047197551196597631e+00,-1.460805462792472142e-01,-1.111667832501103126e+00,-1.000699209461541228e+00,-3.085835436558422296e-01,1.172739286648822876e+00,0.000000000000000000e+00
1.480000000000000071e+01,-1.701454354389791090e+00,1.121224730292256888e+00,-2.856470380463325132e+00,1.047197551196597631e+00,-1.460805462792472142e-01,-1.111667832501103126e+00,-1.004919324569755412e+00,-2.945502713263346561e-01,1.185447238756636601e+00,0.000000000000000000e+00
1.490000000000000036e+01,-1.701454354389791090e+00,1.121224730292256888e+00,-2.870464111659716266e+00,1.047197551196597631e+00,-1.460805462792472142e-01,-1.111667832501103126e+00,-1.008942655052137871e+00,-2.804593197747102251e-01,1.198097913521604330e+00,0.000000000000000000e+00
1.500000000000000000e+01,-1.701454354389791090e+00,1.121224730292256888e+00,-2.884457842856107401e+00,1.047197551196597631e+00,-1.460805462792472142e-01,-1.111667832501103126e+00,-1.012768413054814465e+00,-2.663134483096624150e-01,1.210690667878328686e+00,0.000000000000000000e+00
1.510000000000000142e+01,-1.701454354389791090e+00,1.121224730292256888e+00,-2.898451574052498536e+00,1.047197551196597631e+00,-1.460805462792472142e-01,-1.111667832501103126e+00,-1.016395849412813579e+00,-2.521154269943747250e-01,1.223224862680968750e+00,0.000000000000000000e+00
1.520000000000000107e+01,-1.701454354389791090e+00,1.121224730292256888e+00,-2.912445305248889227e+00,1.047197551196597631e+00,-1.460805462792472142e-01,-1.111667832501103126e+00,-1.019824253796769220e+00,-2.378680361040833025e-01,1.235699862672946292e+00,0.000000000000000000e+00
1.530000000000000071e+01,-1.701454354389791090e+00,1.121224730292256888e+00,-2.926439036445280362e+00,1.047197551196597631e+00,-1.460805462792472142e-01,-1.111667832501103126e+00,-1.023052954852019303e+00,-2.235740655816383926e-01,1.248115036460635707e+00,0.000000000000000000e+00
1.540000000000000036e+01,-1.701454354389791090e+00,1.121224730292256888e+00,-2.940432767641671497e+00,1.047197551196597631e+00,-1.460805462792472142e-01,-1.111667832501103126e+00,-1.026081320330070268e+00,-2.092363144911763007e-01,1.260469756490709470e+00,0.000000000000000000e+00
1.550000000000000000e+01,-1.701454354389791090e+00,1.121224730292256888e+00,-2.954426498838062631e+00,1.047197551196597631e+00,-1.460805462792472142e-01,-1.111667832501103126e+00,-1.028908757212405156e+00,-1.948575904700014794e-01,1.272763399030852005e+00,0.000000000000000000e+00
1.560000000000000142e+01,-1.701454354389791090e+00,1.121224730292256888e+00,-2.968420230034453766e+00,1.047197551196597631e+00,-1.460805462792472142e-01,-1.111667832501103126e+00,-1.031534711826609163e+00,-1.804407091787915696e-01,1.284995344153558650e+00,0.000000000000000000e+00
1.570000000000000107e+01,-1.701454354389791090e+00,1.121224730292256888e+00,-2.982413961230844901e+00,1.047197551196597631e+00,-1.460805462792472142e-01,-1.111667832501103126e+00,-1.033958669954790910e+00,-1.659884937502311697e-01,1.297164975722783886e+00,0.000000000000000000e+00
1.580000000000000071e+01,-1.701454354389791090e+00,1.121224730292256888e+00,-2.996407692427235592e+00,1.047197551196597631e+00,-1.460805462792472142e-01,-1.111667832501103126e+00,-1.036180156934276786e+00,-1.515037742361826367e-01,1.309271681383202157e+00,0.000000000000000000e+00
1.590000000000000036e+01,-1.701454354389791090e+00,1.121224730292256888e+00,-3.010401423623626727e+00,1.047197551196597631e+00,-1.460805462792472142e-01,-1.111667832501103126e+00,-1.038198737750560596e+00,-1.369893870534997504e-01,1.321314852551882746e+00,0.000000000000000000e+00
1.600000000000000000e+01,-1.701454354389791090e+00,1.121224730292256888e+00,-3.024395154820017861e+00,1.047197551196597631e+00,-1.460805462792472142e-01,-1.111667832501103126e+00,-1.040014017122487644e+00,-1.224481744285996765e-01,1.333293884412181329e+00,0.000000000000000000e+00
1.610000000000000142e+01,-1.701454354389791090e+00,1.121224730292256888e+00,-3.038388886016408996e+00,1.047197551196597631e+00,-1.460805462792472142e-01,-1.111667832501103126e+00,-1.041625639579660367e+00,-1.078829838408924963e-01,1.345208175909679671e+00,2.000000000000000000e+00
1.619999999999999929e+01,-1.701454354389791090e+00,1.121224730292256888e+00,-3.052382617212800131e+00,1.047197551196597631e+00,-1.460805462792472142e-01,-1.111667832501103126e+00,-1.043033289532046215e+00,-9.329666746518454346e-02,1.357057129750010249e+00,0.000000000000000000e+00
1.630000000000000071e+01,-1.701454354389791090e+00,1.121224730292256888e+00,-3.066376348409191266e+00,1.047197551196597631e+00,-1.460805462792472142e-01,-1.111667832501103126e+00,-1.044236691331777545e+00,-7.869208161316187944e-02,1.368840152398419274e+00,0.000000000000000000e+00
1.640000000000000213e+01,-1.701454354389791090e+00,1.121224730292256888e+00,-3.080370079605581957e+00,1.047197551196597631e+00,-1.460805462792472142e-01,-1.111667832501103126e+00,-1.045235609327128667e+00,-6.407208617406383311e-02,1.380556654080934864e+00,0.000000000000000000e+00
1.650000000000000000e+01,-1.701454354389791090e+00,1.121224730292256888e+00,-3.094363810801973091e+00,1.047197551196597631e+00,-1.460805462792472142e-01,-1.111667832501103126e+00,-1.046029847908662047e+00,-4.943954405465404711e-02,1.392206048787012040e+00,0.000000000000000000e+00
1.660000000000000142e+01,-1.701454354389791090e+00,1.121224730292256888e+00,-3.108357541998364226e+00,1.047197551196597631e+00,-1.460805462792472142e-01,-1.111667832501103126e+00,-1.046619251547532325e+00,-3.479732061860500020e-02,1.403787754273541521e+00,2.000000000000000000e+00
1.669999999999999929e+01,-1.701454354389791090e+00,1.121224730292256888e+00,-3.122351273194755361e+00,1.047197551196597631e+00,-1.460805462792472142e-01,-1.111667832501103126e+00,-1.047003704825942627e+00,-2.014828312539687985e-02,1.415301192070118619e+00,2.000000000000000000e+00
1.680000000000000071e+01,-1.701454354389791090e+00,1.121224730292256888e+00,-3.136345004391146496e+00,1.047197551196597631e+00,-1.460805462792472142e-01,-1.111667832501103126e+00,-1.047183132459745591e+00,-5.495300168847542556e-03,1.426745787485471206e+00,0.000000000000000000e+00
1.690000000000000213e+01,-1.701454354389791090e+00,1.121224730292256888e+00,-3.150338735587537631e+00,1.047197551196597631e+00,-1.460805462792472142e-01,-1.111667832501103126e+00,-1.047157499313185580e+00,9.158758884619349477e-03,1.438120969614957056e+00,0.000000000000000000e+00
1.700000000000000000e+01,-1.701454354389791090e+00,1.121224730292256888e+00,-3.164332466783928322e+00,1.047197551196597631e+00,-1.460805462792472142e-01,-1.111667832501103126e+00,-1.046926810405779174e+00,2.381102445785693994e-02,1.449426171349046610e+00,0.000000000000000000e+00
1.710000000000000142e+01,-1.701454354389791090e+00,1.121224730292256888e+00,-3.178326197980319456e+00,1.047197551196597631e+00,-1.460805462792472142e-01,-1.111667832501103126e+00,-1.046491110911331957e+00,3.845862732492143915e-02,1.460660829382719461e+00,0.000000000000000000e+00
1.719999999999999929e+01,-1.701454354389791090e+00,1.121224730292256888e+00,-3.192319929176710591e+00,1.047197551196597631e+00,-1.460805462792472142e-01,-1.111667832501103126e+00,-1.045850486149092928e+00,5.309869917292490971e-02,1.471824384225689730e+00,0.000000000000000000e+00
1.730000000000000071e+01,-1.701454354389791090e+00,1.121224730292256888e+00,-3.206313660373101726e+00,1.047197551196597631e+00,-1.460805462792472142e-01,-1.111667832501103126e+00,-1.045005061567046978e+00,6.772837316371395355e-02,1.482916280213408822e+00,0.000000000000000000e+00
1.740000000000000213e+01,-1.701454354389791090e+00,1.121224730292256888e+00,-3.220307391569492861e+00,1.047197551196597631e+00,-1.460805462792472142e-01,-1.111667832501103126e+00,-1.043955002717348979e+00,8.234478449525732546e-02,1.493935965518774944e+00,0.000000000000000000e+00
1.750000000000000000e+01,-1.701454354389791090e+00,1.121224730292256888e+00,-3.234301122765883996e+00,1.047197551196597631e+00,-1.460805462792472142e-01,-1.111667832501103126e+00,-1.042700515223906610e+00,9.694507096263507706e-02,1.504882892164493224e+00,0.000000000000000000e+00
1.760000000000000142e+01,-1.701454354389791090e+00,1.121224730292256888e+00,-3.248294853962274686e+00,1.047197551196597631e+00,-1.460805462792472142e-01,-1.111667832501103126e+00,-1.041241844742113010e+00,1.115263735185190175e-01,1.515756516036034673e+00,0.000000000000000000e+00
1.769999999999999929e+01,-1.701454354389791090e+00,1.121224730292256888e+00,-3.262288585158665821e+00,1.047197551196597631e+00,-1.460805462792472142e-01,-1.111667832501103126e+00,-1.039579276910743255e+00,1.260858368330368962e-01,1.526556296895146492e+00,0.000000000000000000e+00
1.780000000000000071e+01,-1.701454354389791090e+00,1.121224730292256888e+00,-3.276282316355056956e+00,1.047197551196597631e+00,-1.460805462792472142e-01,-1.111667832501103126e+00,-1.037713137296019772e+00,1.406206098529040327e-01,1.537281698393859530e+00,0.000000000000000000e+00
1.790000000000000213e+01,-1.701454354389791090e+00,1.121224730292256888e+00,-3.290276047551448091e+00,1.047197551196597631e+00,-1.460805462792472142e-01,-1.111667832501103126e+00,-1.035643791327860441e+00,1.551278463597222934e-01,1.547932188088960936e+00,0.000000000000000000e+00
1.800000000000000000e+01,-1.701454354389791090e+00,1.121224730292256888e+00,-3.304269778747839226e+00,1.047197551196597631e+00,-1.460805462792472142e-01,-1.111667832501103126e+00,-1.033371644228318509e+00,1.696047055273297577e-01,1.558507237456884686e+00,0.000000000000000000e+00
1.810000000000000142e+01,-1.701454354389791090e+00,1.121224730292256888e+00,-3.318263509944230361e+00,1.047197551196597631e+00,-1.460805462792472142e-01,-1.111667832501103126e+00,-1.030897140932231615e+00,1.840483524780950897e-01,1.569006321908982038e+00,2.000000000000000000e+00
1.819999999999999929e+01,-1.701454354389791090e+00,1.121224730292256888e+00,-3.332257241140621051e+00,1.047197551196597631e+00,-1.460805462792472142e-01,-1.111667832501103126e+00,-1.028220766000095043e+00,1.984559588380465922e-01,1.579428920807142145e+00,2.000000000000000000e+00
1.830000000000000071e+01,-1.701454354389791090e+00,1.121224730292256888e+00,-3.346250972337012186e+00,1.047197551196597631e+00,-1.460805462792472142e-01,-1.111667832501103126e+00,-1.025343043523172959e+00,2.128247032907298331e-01,1.589774517479728866e+00,0.000000000000000000e+00
1.840000000000000213e+01,-1.701454354389791090e+00,1.121224730292256888e+00,-3.360244703533403321e+00,1.047197551196597631e+00,-1.460805462792472142e-01,-1.111667832501103126e+00,-1.022264537020871611e+00,2.271517721296789083e-01,1.600042599237796237e+00,0.000000000000000000e+00
1.850000000000000000e+01,-1.701454354389791090e+00,1.121224730292256888e+00,-3.374238434729794456e+00,1.047197551196597631e+00,-1.460805462792472142e-01,-1.111667832501103126e+00,-1.018985849330389382e+00,2.414343598094019772e-01,1.610232657391565070e+00,0.000000000000000000e+00
1.860000000000000142e+01,-1.701454354389791090e+00,1.121224730292256888e+00,-3.388232165926185591e+00,1.047197551196597631e+00,-1.460805462792472142e-01,-1.111667832501103126e+00,-1.015507622488668327e+00,2.556696694947663273e-01,1.620344187267127145e+00,0.000000000000000000e+00
1.869999999999999929e+01,-1.701454354389791090e+00,1.121224730292256888e+00,-3.402225897122576725e+00,1.047197551196597631e+00,-1.460805462792472142e-01,-1.111667832501103126e+00,-1.011830537606670299e+00,2.698549136086785261e-01,1.630376688223352133e+00,0.000000000000000000e+00
1.880000000000000071e+01,-1.701454354389791090e+00,1.121224730292256888e+00,-3.416219628318967416e+00,1.047197551196597631e+00,-1.460805462792472142e-01,-1.111667832501103126e+00,-1.007955314736000529e+00,2.839873143779505504e-01,1.640329663668975924e+00,0.000000000000000000e+00
1.890000000000000213e+01,-1.701454354389791090e+00,1.121224730292256888e+00,-3.430213359515358551e+00,1.047197551196597631e+00,-1.460805462792472142e-01,-1.111667832501103126e+00,-1.003882712727905746e+00,2.980641043772493948e-01,1.650202621079848830e+00,0.000000000000000000e+00
1.900000000000000000e+01,-1.701454354389791090e+00,1.121224730292256888e+00,-3.444207090711749686e+00,1.047197551196597631e+00,-1.460805462792472142e-01,-1.111667832501103126e+00,-9.996135290846758226e-01,3.120825270710148036e-01,1.659995072016319906e+00,0.000000000000000000e+00
1.910000000000000142e+01,-1.701454354389791090e+00,1.121224730292256888e+00,-3.458200821908140821e+00,1.047197551196597631e+00,-1.460805462792472142e-01,-1.111667832501103126e+00,-9.951485998034752534e-01,3.260398373532494842e-01,1.669706532140739164e+00,0.000000000000000000e+00
1.920000000000000284e+01,-1.701454354389791090e+00,1.121224730292256888e+00,-3.472194553104531956e+00,1.047197551196597631e+00,-1.460805462792472142e-01,-1.111667832501103126e+00,-9.904887992126369944e-01,3.399333020850693332e-01,1.679336521235063051e+00,0.000000000000000000e+00
1.930000000000000071e+01,-1.701454354389791090e+00,1.121224730292256888e+00,-3.486188284300923090e+00,1.047197551196597631e+00,-1.460805462792472142e-01,-1.111667832501103126e+00,-9.856350398004509739e-01,3.537602006299098156e-01,1.688884563218538748e+00,0.000000000000000000e+00
1.940000000000000213e+01,-1.701454354389791090e+00,1.121224730292256888e+00,-3.500182015497313781e+00,1.047197551196597631e+00,-1.460805462792472142e-01,-1.111667832501103126e+00,-9.805882720364788030e-01,3.675178253862845246e-01,1.698350186165459297e+00,0.000000000000000000e+00
1.950000000000000000e+01,-1.701454354389791090e+00,1.121224730292256888e+00,-3.514175746693704916e+00,1.047197551196597631e+00,-1.460805462792472142e-01,-1.111667832501103126e+00,-9.753494841854311037e-01,3.812034823179927812e-01,1.707732922322968694e+00,0.000000000000000000e+00
1.960000000000000142e+01,-1.701454354389791090e+00,1.121224730292256888e+00,-3.528169477890096051e+00,1.047197551196597631e+00,-1.460805462792472142e-01,-1.111667832501103126e+00,-9.699197021136458652e-01,3.948144914816668072e-01,1.717032308128901397e+00,0.000000000000000000e+00
1.970000000000000284e+01,-1.701454354389791090e+00,1.121224730292256888e+00,-3.542163209086487186e+00,1.047197551196597631e+00,-1.460805462792472142e-01,-1.111667832501103126e+00,-9.642999890882006930e-01,4.083481875515635462e-01,1.726247884229650031e+00,0.000000000000000000e+00
1.980000000000000071e+01,-1.701454354389791090e+00,1.121224730292256888e+00,-3.556156940282878320e+00,1.047197551196597631e+00,-1.460805462792472142e-01,-1.111667832501103126e+00,-9.584914455687022494e-01,4.218019203414917762e-01,1.735379195498041760e+00,0.000000000000000000e+00
1.990000000000000213e+01,-1.701454354389791090e+00,1.121224730292256888e+00,-3.570150671479269455e+00,1.047197551196597631e+00,-1.460805462792472142e-01,-1.111667832501103126e+00,-9.524952089917939624e-01,4.351730553237752597e-01,1.744425791051212649e+00,0.000000000000000000e+00
2.000000000000000000e+01,-1.701454354389791090e+00,1.121224730292256888e+00,-3.584144402675660146e+00,1.047197551196597631e+00,-1.460805462792472142e-01,-1.111667832501103126e+00,-9.463124535484206401e-01,4.484589741451485145e-01,1.753387224268470046e+00,0.000000000000000000e+00
2.010000000000000142e+01,-1.701454354389791090e+00,1.121224730292256888e+00,-3.598138133872051281e+00,1.047197551196597631e+00,-1.460805462792472142e-01,-1.111667832501103126e+00,-9.399443899538968417e-01,4.616570751394885597e-01,1.762263052809132979e+00,2.000000000000000000e+00
2.020000000000000284e+01,-1.701454354389791090e+00,1.121224730292256888e+00,-3.612131865068442416e+00,1.047197551196597631e+00,-1.460805462792472142e-01,-1.111667832501103126e+00,-9.333922652108240792e-01,4.747647738372734461e-01,1.771052838630335469e+00,2.000000000000000000e+00
2.030000000000000071e+01,-1.701454354389791090e+00,1.121224730292256888e+00,-3.626125596264833550e+00,1.047197551196597631e+00,-1.460805462792472142e-01,-1.111667832501103126e+00,-9.266573623648999281e-01,4.877795034716784772e-01,1.779756148004788763e+00,2.000000000000000000e+00
2.040000000000000213e+01,-1.701396536253258818e+00,1.121293410005222313e+00,-3.640119327461224685e+00,1.047197551196597631e+00,-1.460252155810713159e-01,-1.111744371578125445e+00,-9.197410002536712259e-01,5.006987154812034824e-01,1.788465494343392637e+00,2.000000000000000000e+00
2.050000000000000000e+01,-1.701485459647387177e+00,1.121292893783834010e+00,-3.654113058657615820e+00,1.047197551196597631e+00,-1.461240078138827114e-01,-1.111730870305638552e+00,-9.126445332482766570e-01,5.135198800087354964e-01,1.796940098419993248e+00,2.000000000000000000e+00
2.060000000000000142e+01,-1.701485459647387177e+00,1.121292893783834010e+00,-3.668106789854006511e+00,1.047197551196597631e+00,-1.461240078138827114e-01,-1.111730870305638552e+00,-9.053693509882330126e-01,5.262404863969479818e-01,1.805381858917954441e+00,2.000000000000000000e+00
2.070000000000000284e+01,-1.701485459647387177e+00,1.121292893783834010e+00,-3.682100521050397646e+00,1.047197551196597631e+00,-1.461240078138827114e-01,-1.111730870305638552e+00,-8.979168781093131990e-01,5.388580436799429441e-01,1.813735450058564291e+00,0.000000000000000000e+00
2.080000000000000071e+01,-1.701485459647387177e+00,1.121292893783834010e+00,-3.696094252246788781e+00,1.047197551196597631e+00,-1.461240078138827114e-01,-1.111730870305638552e+00,-8.902885739645729490e-01,5.513700810710331357e-01,1.822000459929754124e+00,0.000000000000000000e+00
2.090000000000000213e+01,-1.701485459647387177e+00,1.121292893783834010e+00,-3.710087983443179915e+00,1.047197551196597631e+00,-1.461240078138827114e-01,-1.111730870305638552e+00,-8.824859323385781940e-01,5.637741484465752517e-01,1.830176481040440395e+00,0.000000000000000000e+00
2.100000000000000000e+01,-1.701485459647387177e+00,1.121292893783834010e+00,-3.724081714639571050e+00,1.047197551196597631e+00,-1.461240078138827114e-01,-1.111730870305638552e+00,-8.745104811548894963e-01,5.760678168257571397e-01,1.838263110337748030e+00,0.000000000000000000e+00
2.110000000000000142e+01,-1.701485459647387177e+00,1.121292893783834010e+00,-3.738075445835962185e+00,1.047197551196597631e+00,-1.461240078138827114e-01,-1.111730870305638552e+00,-8.663637821768634950e-01,5.882486788462435445e-01,1.846259949224126506e+00,0.000000000000000000e+00
2.120000000000000284e+01,-1.701485459647387177e+00,1.121292893783834010e+00,-3.752069177032352876e+00,1.047197551196597631e+00,-1.461240078138827114e-01,-1.111730870305638552e+00,-8.580474307018248759e-01,6.003143492355881294e-01,1.854166603574352923e+00,0.000000000000000000e+00
2.130000000000000071e+01,-1.701485459647387177e+00,1.121292893783834010e+00,-3.766062908228744011e+00,1.047197551196597631e+00,-1.461240078138827114e-01,-1.111730870305638552e+00,-8.495630552486735931e-01,6.122624652783231758e-01,1.861982683752424261e+00,0.000000000000000000e+00
2.140000000000000213e+01,-1.701485459647387177e+00,1.121292893783834010e+00,-3.780056639425135145e+00,1.047197551196597631e+00,-1.461240078138827114e-01,-1.111730870305638552e+00,-8.409123172389868506e-01,6.240906872786263770e-01,1.869707804628321757e+00,0.000000000000000000e+00
2.150000000000000000e+01,-1.701485459647387177e+00,1.121292893783834010e+00,-3.794050370621526280e+00,1.047197551196597631e+00,-1.461240078138827114e-01,-1.111730870305638552e+00,-8.320969106716765706e-01,6.357966990184855671e-01,1.877341585594648921e+00,0.000000000000000000e+00
2.160000000000000142e+01,-1.701485459647387177e+00,1.121292893783834010e+00,-3.808044101817917415e+00,1.047197551196597631e+00,-1.461240078138827114e-01,-1.111730870305638552e+00,-8.231185617912684105e-01,6.473782082112623515e-01,1.884883650583138781e+00,0.000000000000000000e+00
2.170000000000000284e+01,-1.701485459647387177e+00,1.121292893783834010e+00,-3.822037833014308550e+00,1.047197551196597631e+00,-1.461240078138827114e-01,-1.111730870305638552e+00,-8.139790287498668286e-01,6.588329469505712632e-01,1.892333628081022345e+00,0.000000000000000000e+00
2.180000000000000071e+01,-1.701485459647387177e+00,1.121292893783834010e+00,-3.836031564210699241e+00,1.047197551196597631e+00,-1.461240078138827114e-01,-1.111730870305638552e+00,-8.046801012628708172e-01,6.701586721543836278e-01,1.899691151147254287e+00,0.000000000000000000e+00
2.190000000000000213e+01,-1.701485459647387177e+00,1.121292893783834010e+00,-3.850025295407090375e+00,1.047197551196597631e+00,-1.461240078138827114e-01,-1.111730870305638552e+00,-7.952236002585089114e-01,6.813531660042726479e-01,1.906955857428593637e+00,0.000000000000000000e+00
2.200000000000000000e+01,-1.701485459647387177e+00,1.121292893783834010e+00,-3.864019026603481510e+00,1.047197551196597631e+00,-1.461240078138827114e-01,-1.111730870305638552e+00,-7.856113775212645312e-01,6.924142363797064492e-01,1.914127389175532601e+00,0.000000000000000000e+00
2.210000000000000142e+01,-1.701485459647387177e+00,1.121292893783834010e+00,-3.878012757799872645e+00,1.047197551196597631e+00,-1.461240078138827114e-01,-1.111730870305638552e+00,-7.758453153292551585e-01,7.033397172873142589e-01,1.921205393258070604e+00,0.000000000000000000e+00
2.220000000000000284e+01,-1.701485459647387177e+00,1.121292893783834010e+00,-3.892006488996263780e+00,1.047197551196597631e+00,-1.461240078138827114e-01,-1.111730870305638552e+00,-7.659273260856436227e-01,7.141274692850337891e-01,1.928189521181331578e+00,0.000000000000000000e+00
2.230000000000000071e+01,-1.709371791216407477e+00,1.110692021006332242e+00,-3.906000220192654915e+00,1.047197551196597631e+00,-1.534225274402522821e-01,-1.100044678002205290e+00,-7.558593519441473285e-01,7.247753799010590026e-01,1.921691539046891162e+00,0.000000000000000000e+00
2.240000000000000213e+01,-1.709294029110823621e+00,1.110321772816054597e+00,-3.919993951389045606e+00,1.047197551196597631e+00,-1.532858704394148563e-01,-1.099689902251092422e+00,-7.456433644287248086e-01,7.352813640475069912e-01,1.928213408527899686e+00,0.000000000000000000e+00
2.250000000000000000e+01,-1.709294029110823621e+00,1.110321772816054597e+00,2.349197624594149936e+00,1.047197551196597631e+00,-1.532858704394148563e-01,-1.099689902251092422e+00,-7.352813640475076573e-01,7.456433644287242535e-01,1.934935042758627155e+00,2.000000000000000000e+00
2.260000000000000142e+01,-1.709294029110823621e+00,1.110321772816054597e+00,2.335203893397758801e+00,1.047197551196597631e+00,-1.532858704394148563e-01,-1.099689902251092422e+00,-7.247753799010593356e-01,7.558593519441469955e-01,1.941562075795986608e+00,2.000000000000000000e+00
2.270000000000000284e+01,-1.709294029110823621e+00,1.110321772816054597e+00,2.321210162201367666e+00,1.047197551196597631e+00,-1.532858704394148563e-01,-1.099689902251092422e+00,-7.141274692850342332e-01,7.659273260856432897e-01,1.948094181928213153e+00,2.000000000000000000e+00
2.280000000000000071e+01,-1.709294029110823621e+00,1.110321772816054597e+00,2.307216431004976531e+00,1.047197551196597631e+00,-1.532858704394148563e-01,-1.099689902251092422e+00,-7.033397172873148140e-01,7.758453153292548254e-01,1.954531040126079144e+00,2.000000000000000000e+00
2.290000000000000213e+01,-1.709294029110823621e+00,1.110321772816054597e+00,2.293222699808585396e+00,1.047197551196597631e+00,-1.532858704394148563e-01,-1.099689902251092422e+00,-6.924142363797067823e-01,7.856113775212641981e-01,1.960872334057659705e+00,0.000000000000000000e+00
2.300000000000000000e+01,-1.709294029110823621e+00,1.110321772816054597e+00,2.279228968612195150e+00,1.047197551196597631e+00,-1.532858704394148563e-01,-1.099689902251092422e+00,-6.813531660042737581e-01,7.952236002585080232e-01,1.967117752102904848e+00,0.000000000000000000e+00
2.310000000000000142e+01,-2.465988791258253876e+00,8.259085941681396648e-01,2.265235237415803571e+00,1.047197551196597631e+00,-6.444808047052532629e-01,-5.164973361860272227e-01,-6.701586721543845160e-01,8.046801012628700400e-01,1.321426946183847706e+00,2.000000000000000000e+00
2.320000000000000284e+01,-2.476056337624552128e+00,8.252536086165449536e-01,2.251241506219411992e+00,1.047197551196597631e+00,-6.491327148983754292e-01,-5.095784895217752020e-01,-6.588329469505713742e-01,8.139790287498667176e-01,1.323593063851293383e+00,2.000000000000000000e+00
2.330000000000000071e+01,-2.480457381436438347e+00,8.307928579484731291e-01,2.237247775023021301e+00,1.047197551196597631e+00,-6.557412038424031975e-01,-5.101178750068533496e-01,-6.473782082112626846e-01,8.231185617912680774e-01,1.333262665832235072e+00,0.000000000000000000e+00
2.340000000000000213e+01,-2.481095532194466546e+00,8.315012665904368827e-01,2.223254043826630610e+00,1.047197551196597631e+00,-6.566260237444734305e-01,-5.101339248501544077e-01,-6.357966990184863443e-01,8.320969106716759045e-01,1.342392445074900964e+00,2.000000000000000000e+00
2.350000000000000000e+01,-2.985047019049583472e+00,8.247389599755647893e-01,2.209260312630239032e+00,1.047197551196597631e+00,-8.146538338153224146e-01,-1.285825927237947419e-01,-6.240906872786268211e-01,8.409123172389865175e-01,9.880458963336203881e-01,0.000000000000000000e+00
2.360000000000000142e+01,-2.987870716102865920e+00,8.269060665879177652e-01,2.195266581433848341e+00,1.047197551196597631e+00,-8.171552160565119793e-01,-1.266135689076690607e-01,-6.122624652783239529e-01,8.495630552486730380e-01,9.974476632238531426e-01,0.000000000000000000e+00
2.370000000000000284e+01,-3.059663148291807744e+00,8.344351475034504917e-01,2.181272850237457650e+00,1.047197551196597631e+00,-8.316361641650782399e-01,-6.828840195743525465e-02,-6.003143492355893507e-01,8.580474307018240987e-01,9.547815755086584977e-01,0.000000000000000000e+00
2.380000000000000071e+01,-3.298406278213921627e+00,9.215963897998500354e-01,2.167279119041066071e+00,1.047197551196597631e+00,-9.102883269665600352e-01,1.439272992886972413e-01,-5.882486788462439886e-01,8.663637821768631619e-01,7.909639731171580479e-01,0.000000000000000000e+00
2.390000000000000213e+01,-3.398044192340630154e+00,9.138871649753612658e-01,2.153285387844674492e+00,1.047197551196597631e+00,-8.839995201450631113e-01,2.318072446883430449e-01,-5.760678168257572507e-01,8.745104811548894963e-01,7.126635840799658839e-01,0.000000000000000000e+00
2.400000000000000000e+01,-3.547089370477937376e+00,9.613109357668062627e-01,2.139291656648283801e+00,1.047197551196597631e+00,-8.833549327829830489e-01,3.792133673182213616e-01,-5.637741484465756958e-01,8.824859323385779719e-01,5.961670507661778196e-01,2.000000000000000000e+00
2.410000000000000142e+01,-3.664140384600882427e+00,1.007363752465938012e+00,2.125297925451893111e+00,1.047197551196597631e+00,-8.729315106301114291e-01,5.027646641633513047e-01,-5.513700810710339129e-01,8.902885739645725049e-01,5.035638327438762829e-01,0.000000000000000000e+00
2.420000000000000284e+01,-3.660512005593901552e+00,1.009608418226338289e+00,2.111304194255501532e+00,1.047197551196597631e+00,-8.766991493965230475e-01,5.007072593850639963e-01,-5.388580436799434992e-01,8.979168781093129770e-01,5.214519094977640989e-01,0.000000000000000000e+00
2.430000000000000071e+01,-3.757240140238978121e+00,1.044160423384943082e+00,2.097310463059110841e+00,1.047197551196597631e+00,-8.524522593008780902e-01,6.029893327217754617e-01,-5.262404863969487590e-01,9.053693509882325685e-01,4.448008500755677441e-01,0.000000000000000000e+00
2.440000000000000213e+01,-3.875268052071084934e+00,1.149485929851551180e+00,2.083316731862720150e+00,1.047197551196597631e+00,-8.537443082382003556e-01,7.697003047144791443e-01,-5.135198800087362736e-01,9.126445332482759909e-01,3.690334863331349302e-01,0.000000000000000000e+00
2.450000000000000000e+01,-3.887863026144348311e+00,1.181859069146439456e+00,2.069323000666328571e+00,1.047197551196597631e+00,-8.677516955177880797e-01,8.023701479053743091e-01,-5.006987154812039265e-01,9.197410002536710039e-01,3.853619170788710746e-01,0.000000000000000000e+00
2.460000000000000142e+01,-3.884460757698048550e+00,1.183082138947808781e+00,2.055329269469936992e+00,1.047197551196597631e+00,-8.713773761457384026e-01,8.002404737569143167e-01,-4.877795034716785327e-01,9.266573623648999281e-01,4.038917647654976517e-01,0.000000000000000000e+00
2.470000000000000284e+01,-3.884460757698048994e+00,1.183082138947808781e+00,2.041335538273546302e+00,1.047197551196597631e+00,-8.713773761457379585e-01,8.002404737569147608e-01,-4.747647738372738901e-01,9.333922652108238571e-01,4.183670109811207238e-01,0.000000000000000000e+00
2.480000000000000071e+01,-3.884460757698048550e+00,1.183082138947808781e+00,2.027341807077155611e+00,1.047197551196597631e+00,-8.713773761457384026e-01,8.002404737569143167e-01,-4.616570751394894478e-01,9.399443899538963976e-01,4.328832513015773986e-01,0.000000000000000000e+00
2.490000000000000213e+01,-3.884460757698048994e+00,1.183082138947808781e+00,2.013348075880764032e+00,1.047197551196597631e+00,-8.713773761457379585e-01,8.002404737569147608e-01,-4.484589741451490141e-01,9.463124535484204181e-01,4.474337917848201229e-01,0.000000000000000000e+00
2.500000000000000000e+01,-3.884460757698048550e+00,1.183082138947808781e+00,1.999354344684372897e+00,1.047197551196597631e+00,-8.713773761457384026e-01,8.002404737569143167e-01,-4.351730553237753152e-01,9.524952089917939624e-01,4.620126772126424974e-01,2.000000000000000000e+00
2.510000000000000142e+01,-3.884460757698048994e+00,1.183082138947808781e+00,1.985360613487982206e+00,1.047197551196597631e+00,-8.713773761457379585e-01,8.002404737569147608e-01,-4.218019203414922758e-01,9.584914455687020274e-01,4.766145828035167620e-01,0.000000000000000000e+00
2.520000000000000284e+01,-3.884460757698048550e+00,1.183082138947808781e+00,1.971366882291590628e+00,1.047197551196597631e+00,-8.713773761457384026e-01,8.002404737569143167e-01,-4.083481875515636017e-01,9.642999890882005820e-01,4.912347239975167201e-01,0.000000000000000000e+00
2.530000000000000071e+01,-3.884460757698048994e+00,1.183082138947808781e+00,1.957373151095199493e+00,1.047197551196597631e+00,-8.713773761457379585e-01,8.002404737569147608e-01,-3.948144914816668627e-01,9.699197021136458652e-01,5.058687809848285699e-01,0.000000000000000000e+00
2.540000000000000213e+01,-3.884460757698048550e+00,1.183082138947808781e+00,1.943379419898809690e+00,1.047197551196597631e+00,-8.713773761457384026e-01,8.002404737569143167e-01,-3.812034823179941134e-01,9.753494841854305486e-01,5.205128353110103356e-01,0.000000000000000000e+00
2.550000000000000000e+01,-3.884460757698048994e+00,1.183082138947808781e+00,1.929385688702418111e+00,1.047197551196597631e+00,-8.713773761457379585e-01,8.002404737569147608e-01,-3.675178253862854683e-01,9.805882720364782479e-01,5.351633164145347399e-01,0.000000000000000000e+00
2.560000000000000142e+01,-3.884460757698048550e+00,1.183082138947808781e+00,1.915391957506026532e+00,1.047197551196597631e+00,-8.713773761457384026e-01,8.002404737569143167e-01,-3.537602006299099267e-01,9.856350398004509739e-01,5.498169563658938941e-01,0.000000000000000000e+00
2.570000000000000284e+01,-3.884460757698048994e+00,1.183082138947808781e+00,1.901398226309635842e+00,1.047197551196597631e+00,-8.713773761457379585e-01,8.002404737569147608e-01,-3.399333020850698883e-01,9.904887992126368834e-01,5.644707514060468556e-01,0.000000000000000000e+00
2.580000000000000071e+01,-3.884460757698048550e+00,1.183082138947808781e+00,1.887404495113245151e+00,1.047197551196597631e+00,-8.713773761457384026e-01,8.002404737569143167e-01,-3.260398373532504279e-01,9.951485998034749203e-01,5.791219291437945671e-01,0.000000000000000000e+00
2.590000000000000213e+01,-3.884460757698048994e+00,1.183082138947808781e+00,1.873410763916853572e+00,1.047197551196597631e+00,-8.713773761457379585e-01,8.002404737569147608e-01,-3.120825270710152477e-01,9.996135290846757115e-01,5.937679204809259703e-01,0.000000000000000000e+00
2.600000000000000000e+01,-3.884460757698048550e+00,1.183082138947808781e+00,1.859417032720462881e+00,1.047197551196597631e+00,-8.713773761457384026e-01,8.002404737569143167e-01,-2.980641043772503940e-01,1.003882712727905524e+00,6.084063355020281616e-01,0.000000000000000000e+00
2.610000000000000142e+01,-3.884460757698048994e+00,1.183082138947808781e+00,1.845423301524072190e+00,1.047197551196597631e+00,-8.713773761457379585e-01,8.002404737569147608e-01,-2.839873143779519937e-01,1.007955314736000085e+00,6.230349427010736241e-01,2.000000000000000000e+00
2.620000000000000284e+01,-3.884460757698048550e+00,1.183082138947808781e+00,1.831429570327680612e+00,1.047197551196597631e+00,-8.713773761457384026e-01,8.002404737569143167e-01,-2.698549136086789701e-01,1.011830537606670077e+00,6.376516510263200432e-01,0.000000000000000000e+00
2.630000000000000071e+01,-3.884460757698048994e+00,1.183082138947808781e+00,1.817435839131289033e+00,1.047197551196597631e+00,-8.713773761457379585e-01,8.002404737569147608e-01,-2.556696694947663828e-01,1.015507622488668327e+00,6.522544943137592588e-01,0.000000000000000000e+00
2.640000000000000213e+01,-3.884460757698048550e+00,1.183082138947808781e+00,1.803442107934898342e+00,1.047197551196597631e+00,-8.713773761457384026e-01,8.002404737569143167e-01,-2.414343598094025045e-01,1.018985849330389382e+00,6.668416177516980348e-01,0.000000000000000000e+00
2.650000000000000000e+01,-3.884460757698048994e+00,1.183082138947808781e+00,1.789448376738507651e+00,1.047197551196597631e+00,-8.713773761457379585e-01,8.002404737569147608e-01,-2.271517721296799075e-01,1.022264537020871389e+00,6.814112660780509145e-01,0.000000000000000000e+00
2.660000000000000142e+01,-3.884460757698048550e+00,1.183082138947808781e+00,1.775454645542115628e+00,1.047197551196597631e+00,-8.713773761457384026e-01,8.002404737569143167e-01,-2.128247032907298886e-01,1.025343043523172959e+00,6.959617732604638229e-01,0.000000000000000000e+00
2.670000000000000284e+01,-3.884460757698048994e+00,1.183082138947808781e+00,1.761460914345725381e+00,1.047197551196597631e+00,-8.713773761457379585e-01,8.002404737569147608e-01,-1.984559588380475637e-01,1.028220766000094821e+00,7.104915534492134421e-01,0.000000000000000000e+00
2.680000000000000071e+01,-3.884460757698048550e+00,1.183082138947808781e+00,1.747467183149334247e+00,1.047197551196597631e+00,-8.713773761457384026e-01,8.002404737569143167e-01,-1.840483524780956170e-01,1.030897140932231615e+00,7.249990930258741750e-01,0.000000000000000000e+00
2.690000000000000213e+01,-3.884460757698048994e+00,1.183082138947808781e+00,1.733473451952943112e+00,1.047197551196597631e+00,-8.713773761457379585e-01,8.002404737569147608e-01,-1.696047055273302850e-01,1.033371644228318287e+00,7.394829435979295429e-01,0.000000000000000000e+00
2.700000000000000000e+01,-3.884502749700921687e+00,1.183129164784397780e+00,1.719479720756551533e+00,1.047197551196597631e+00,-8.713784063559648629e-01,8.003088738105842426e-01,-1.551278463597223489e-01,1.035643791327860441e+00,7.539213407894713725e-01,0.000000000000000000e+00
2.710000000000000142e+01,-3.884460757698048106e+00,1.183082138947808781e+00,1.705485989560161286e+00,1.047197551196597631e+00,-8.713773761457386247e-01,8.002404737569139836e-01,-1.406206098529050319e-01,1.037713137296019772e+00,7.683740738801098091e-01,0.000000000000000000e+00
2.720000000000000284e+01,-3.884460757698048550e+00,1.183082138947808781e+00,1.691492258363770151e+00,1.047197551196597631e+00,-8.713773761457384026e-01,8.002404737569143167e-01,-1.260858368330378954e-01,1.039579276910743033e+00,7.827787307190978705e-01,2.000000000000000000e+00
2.730000000000000071e+01,-3.884460757698048994e+00,1.183082138947808781e+00,1.677498527167378572e+00,1.047197551196597631e+00,-8.713773761457379585e-01,8.002404737569147608e-01,-1.115263735185195448e-01,1.041241844742112788e+00,7.971544436370746611e-01,2.000000000000000000e+00
2.740000000000000213e+01,-3.884460757698048550e+00,1.183082138947808781e+00,1.663504795970987882e+00,1.047197551196597631e+00,-8.713773761457384026e-01,8.002404737569143167e-01,-9.694507096263560442e-02,1.042700515223906610e+00,8.115000104863770991e-01,0.000000000000000000e+00
2.750000000000000000e+01,-3.884460757698048994e+00,1.183082138947808781e+00,1.649511064774597191e+00,1.047197551196597631e+00,-8.713773761457379585e-01,8.002404737569147608e-01,-8.234478449525831079e-02,1.043955002717348979e+00,8.258142662324736705e-01,0.000000000000000000e+00
2.760000000000000142e+01,-3.884502749700921687e+00,1.183129164784397780e+00,1.635517333578205612e+00,1.047197551196597631e+00,-8.713784063559648629e-01,8.003088738105842426e-01,-6.772837316371449479e-02,1.045005061567046978e+00,8.400771394059304287e-01,0.000000000000000000e+00
2.770000000000000284e+01,-3.884502749700922131e+00,1.183129164784397780e+00,1.621523602381814921e+00,1.047197551196597631e+00,-8.713784063559644189e-01,8.003088738105846867e-01,-5.309869917292589503e-02,1.045850486149092706e+00,8.543256771146197082e-01,0.000000000000000000e+00
2.780000000000000071e+01,-3.884460757698048550e+00,1.183082138947808781e+00,1.607529871185424231e+00,1.047197551196597631e+00,-8.713773761457384026e-01,8.002404737569143167e-01,-3.845862732492288938e-02,1.046491110911331734e+00,8.685580109792260251e-01,0.000000000000000000e+00
2.790000000000000213e+01,-3.883562853349255661e+00,1.182352595111360261e+00,1.593536139989032652e+00,1.047197551196597631e+00,-8.715577892297475815e-01,7.989647546666391875e-01,-2.381102445785793220e-02,1.046926810405778951e+00,8.832665273107466186e-01,0.000000000000000000e+00
2.800000000000000000e+01,-3.881881130893886311e+00,1.181106823228857516e+00,1.579542408792641073e+00,1.047197551196597631e+00,-8.719804720951797039e-01,7.966576329656491762e-01,-9.158758884619413662e-03,1.047157499313185580e+00,8.984494931979982724e-01,0.000000000000000000e+00
2.810000000000000142e+01,-3.881399114058859290e+00,1.180846398410038134e+00,1.565548677596250382e+00,1.047197551196597631e+00,-8.721720236502792378e-01,7.960616670834838038e-01,5.495300168847014333e-03,1.047183132459745591e+00,9.128865875192536672e-01,0.000000000000000000e+00
2.820000000000000284e+01,-3.881399114058858846e+00,1.180846398410038134e+00,1.551554946399859691e+00,1.047197551196597631e+00,-8.721720236502794599e-01,7.960616670834833597e-01,2.014828312539588759e-02,1.047003704825942627e+00,9.269344292832008003e-01,0.000000000000000000e+00
2.830000000000000071e+01,-3.881399114058859290e+00,1.180846398410038134e+00,1.537561215203468112e+00,1.047197551196597631e+00,-8.721720236502792378e-01,7.960616670834838038e-01,3.479732061860446590e-02,1.046619251547532325e+00,9.409423439169839476e-01,0.000000000000000000e+00
2.840000000000000213e+01,-3.881399114058858846e+00,1.180846398410038134e+00,1.523567484007076978e+00,1.047197551196597631e+00,-8.721720236502794599e-01,7.960616670834833597e-01,4.943954405465351976e-02,1.046029847908662047e+00,9.549094057305087535e-01,0.000000000000000000e+00
2.850000000000000000e+01,-3.881399114058859290e+00,1.180846398410038134e+00,1.509573752810686731e+00,1.047197551196597631e+00,-8.721720236502792378e-01,7.960616670834838038e-01,6.407208617406237594e-02,1.045235609327128889e+00,9.688347055478624403e-01,0.000000000000000000e+00
2.860000000000000142e+01,-3.881399114058858846e+00,1.180846398410038134e+00,1.495580021614295152e+00,1.047197551196597631e+00,-8.721720236502794599e-01,7.960616670834833597e-01,7.869208161316135208e-02,1.044236691331777767e+00,9.827173496682987119e-01,0.000000000000000000e+00
2.870000000000000284e+01,-3.881399114058859290e+00,1.180846398410038134e+00,1.481586290417904461e+00,1.047197551196597631e+00,-8.721720236502792378e-01,7.960616670834838038e-01,9.329666746518355813e-02,1.043033289532046437e+00,9.965564589219620961e-01,2.000000000000000000e+00
2.880000000000000071e+01,-3.881399114058858846e+00,1.180846398410038134e+00,1.467592559221512882e+00,1.047197551196597631e+00,-8.721720236502794599e-01,7.960616670834833597e-01,1.078829838408919550e-01,1.041625639579660367e+00,1.010351167810787931e+00,0.000000000000000000e+00
2.890000000000000213e+01,-3.881399114058859290e+00,1.180846398410038134e+00,1.453598828025122192e+00,1.047197551196597631e+00,-8.721720236502792378e-01,7.960616670834838038e-01,1.224481744285986912e-01,1.040014017122487866e+00,1.024100623726017956e+00,0.000000000000000000e+00
2.900000000000000000e+01,-3.881399114058858846e+00,1.180846398410038134e+00,1.439605096828730613e+00,1.047197551196597631e+00,-8.721720236502794599e-01,7.960616670834833597e-01,1.369893870534992508e-01,1.038198737750560596e+00,1.037803986234815845e+00,0.000000000000000000e+00
2.910000000000000142e+01,-3.881399114058859290e+00,1.180846398410038134e+00,1.425611365632339922e+00,1.047197551196597631e+00,-8.721720236502792378e-01,7.960616670834838038e-01,1.515037742361816653e-01,1.036180156934277008e+00,1.051460426429215333e+00,0.000000000000000000e+00
2.920000000000000284e+01,-3.881399114058858846e+00,1.180846398410038134e+00,1.411617634435949231e+00,1.047197551196597631e+00,-8.721720236502794599e-01,7.960616670834833597e-01,1.659884937502301705e-01,1.033958669954790910e+00,1.065069126331452898e+00,0.000000000000000000e+00
2.930000000000000071e+01,-3.881399114058859290e+00,1.180846398410038134e+00,1.397623903239557652e+00,1.047197551196597631e+00,-8.721720236502792378e-01,7.960616670834838038e-01,1.804407091787910422e-01,1.031534711826609163e+00,1.078629278350296428e+00,0.000000000000000000e+00
2.940000000000000213e+01,-3.881696798169171903e+00,1.181423268081150724e+00,1.383630172043166962e+00,1.047197551196597631e+00,-8.723609697030596521e-01,7.967102841700263172e-01,1.948575904700004802e-01,1.028908757212405156e+00,1.092186607709997537e+00,0.000000000000000000e+00
2.950000000000000000e+01,-3.881737407988668842e+00,1.181470845274271486e+00,1.369636440846774939e+00,1.047197551196597631e+00,-8.723637443399447911e-01,7.967777957462751637e-01,2.092363144911762451e-01,1.026081320330070268e+00,1.105639540560139134e+00,0.000000000000000000e+00
2.960000000000000142e+01,-3.881737407988668398e+00,1.181470845274271486e+00,1.355642709650384692e+00,1.047197551196597631e+00,-8.723637443399450131e-01,7.967777957462748306e-01,2.235740655816374489e-01,1.023052954852019525e+00,1.119053229674104699e+00,0.000000000000000000e+00
2.970000000000000284e+01,-3.881931181528678998e+00,1.181883732383589569e+00,1.341648978453993113e+00,1.047197551196597631e+00,-8.725141433922584122e-01,7.972253297866531696e-01,2.378680361040828029e-01,1.019824253796769442e+00,1.132474664402478792e+00,0.000000000000000000e+00
2.980000000000000071e+01,-3.881931181528678554e+00,1.181883732383589569e+00,1.327655247257602422e+00,1.047197551196597631e+00,-8.725141433922586343e-01,7.972253297866528365e-01,2.521154269943741699e-01,1.016395849412813801e+00,1.145786798344798241e+00,0.000000000000000000e+00
2.990000000000000213e+01,-3.881931181528678998e+00,1.181883732383589569e+00,1.313661516061211287e+00,1.047197551196597631e+00,-8.725141433922584122e-01,7.972253297866531696e-01,2.663134483096619154e-01,1.012768413054814687e+00,1.159045773197219908e+00,0.000000000000000000e+00
3.000000000000000000e+01,-3.881931181528678554e+00,1.181883732383589569e+00,1.299667784864820153e+00,1.047197551196597631e+00,-8.725141433922586343e-01,7.972253297866528365e-01,2.804593197747097255e-01,1.008942655052138093e+00,1.172250840300318897e+00,0.000000000000000000e+00
3.010000000000000142e+01,-3.881931181528678998e+00,1.181883732383589569e+00,1.285674053668429462e+00,1.047197551196597631e+00,-8.725141433922584122e-01,7.972253297866531696e-01,2.945502713263337680e-01,1.004919324569755634e+00,1.185401258465425212e+00,0.000000000000000000e+00
3.020000000000000284e+01,-3.881931181528678554e+00,1.181883732383589569e+00,1.271680322472037883e+00,1.047197551196597631e+00,-8.725141433922586343e-01,7.972253297866528365e-01,3.085835436558416744e-01,1.000699209461541450e+00,1.198496293719894412e+00,0.000000000000000000e+00
3.030000000000000071e+01,-3.881931181528678998e+00,1.181883732383589569e+00,1.257686591275646748e+00,1.047197551196597631e+00,-8.725141433922584122e-01,7.972253297866531696e-01,3.225563887493598236e-01,9.962831361159951715e-01,1.211535219072850778e+00,0.000000000000000000e+00
3.040000000000000213e+01,-3.881931181528678554e+00,1.181883732383589569e+00,1.243692860079256057e+00,1.047197551196597631e+00,-8.725141433922586343e-01,7.972253297866528365e-01,3.364660704259566648e-01,9.916719692944163667e-01,1.224517314299720105e+00,0.000000000000000000e+00
3.050000000000000000e+01,-3.881931181528678998e+00,1.181883732383589569e+00,1.229699128882864922e+00,1.047197551196597631e+00,-8.725141433922584122e-01,7.972253297866531696e-01,3.503098648734451759e-01,9.868666119615655541e-01,1.237441865743981628e+00,0.000000000000000000e+00
3.060000000000000142e+01,-3.881931181528678554e+00,1.181883732383589569e+00,1.215705397686474232e+00,1.047197551196597631e+00,-8.725141433922586343e-01,7.972253297866528365e-01,3.640850611817605942e-01,9.818680051088457539e-01,1.250308166134747045e+00,0.000000000000000000e+00
3.070000000000000284e+01,-3.881931181528678998e+00,1.181883732383589569e+00,1.201711666490082431e+00,1.047197551196597631e+00,-8.725141433922584122e-01,7.972253297866531696e-01,3.777889618738183852e-01,9.766771275700344423e-01,1.263115514418883922e+00,2.000000000000000000e+00
3.080000000000000071e+01,-3.881931181528678554e+00,1.181883732383589569e+00,1.187717935293691740e+00,1.047197551196597631e+00,-8.725141433922586343e-01,7.972253297866528365e-01,3.914188834337319345e-01,9.712949958296095421e-01,1.275863215606522827e+00,2.000000000000000000e+00
3.090000000000000213e+01,-3.881931181528678998e+00,1.181883732383589569e+00,1.173724204097300161e+00,1.047197551196597631e+00,-8.725141433922584122e-01,7.972253297866531696e-01,4.049721568323097487e-01,9.657226638236973137e-01,1.288550580628889053e+00,2.000000000000000000e+00
3.100000000000000000e+01,-3.881931181528678554e+00,1.181883732383589569e+00,1.159730472900909470e+00,1.047197551196597631e+00,-8.725141433922586343e-01,7.972253297866528365e-01,4.184461280497006053e-01,9.599612227336915549e-01,1.301176926207488149e+00,2.000000000000000000e+00
3.110000000000000142e+01,-3.881931181528678998e+00,1.181883732383589569e+00,1.145736741704518780e+00,1.047197551196597631e+00,-8.725141433922584122e-01,7.972253297866531696e-01,4.318381585951135415e-01,9.540118007725754135e-01,1.313741574733773732e+00,2.000000000000000000e+00
3.120000000000000284e+01,-3.881931181528678554e+00,1.181883732383589569e+00,1.131743010508127201e+00,1.047197551196597631e+00,-8.725141433922586343e-01,7.972253297866528365e-01,4.451456260234877838e-01,9.478755629639936675e-01,1.326243854158482005e+00,2.000000000000000000e+00
3.130000000000000071e+01,-3.881931181528678998e+00,1.181883732383589569e+00,1.117749279311736510e+00,1.047197551196597631e+00,-8.725141433922584122e-01,7.972253297866531696e-01,4.583659244490210782e-01,9.415537109141172145e-01,1.338683097889894036e+00,2.000000000000000000e+00
3.140000000000000213e+01,-3.881931181528678554e+00,1.181883732383589569e+00,1.103755548115344931e+00,1.047197551196597631e+00,-8.725141433922586343e-01,7.972253297866528365e-01,4.714964650554633874e-01,9.350474825763411824e-01,1.351058644700369626e+00,2.000000000000000000e+00
3.150000000000000000e+01,-3.881931181528678998e+00,1.181883732383589569e+00,1.089761816918954240e+00,1.047197551196597631e+00,-8.725141433922584122e-01,7.972253297866531696e-01,4.845346766030557695e-01,9.283581520088692862e-01,1.363369838640505538e+00,2.000000000000000000e+00
3.160000000000000142e+01,-3.881931181528678554e+00,1.181883732383589569e+00,1.075768085722563550e+00,1.047197551196597631e+00,-8.725141433922586343e-01,7.972253297866528365e-01,4.974780059320397241e-01,9.214870291252243995e-01,1.375616028960378268e+00,0.000000000000000000e+00
3.170000000000000284e+01,-3.881931181528678998e+00,1.181883732383589569e+00,1.061774354526171971e+00,1.047197551196597631e+00,-8.725141433922584122e-01,7.972253297866531696e-01,5.103239184626175984e-01,9.144354594377398504e-01,1.387796570037328703e+00,0.000000000000000000e+00
3.180000000000000071e+01,-3.881931181528678554e+00,1.181883732383589569e+00,1.047780623329781280e+00,1.047197551196597631e+00,-8.725141433922586343e-01,7.972253297866528365e-01,5.230698986912754034e-01,9.072048237940809612e-01,1.399910821309823694e+00,0.000000000000000000e+00
3.190000000000000213e+01,-3.881931181528678998e+00,1.181883732383589569e+00,1.033786892133389701e+00,1.047197551196597631e+00,-8.725141433922584122e-01,7.972253297866531696e-01,5.357134506833770571e-01,8.997965381068431245e-01,1.411958147216948012e+00,0.000000000000000000e+00
3.200000000000000000e+01,-3.881931181528678554e+00,1.181883732383589569e+00,1.019793160936999010e+00,1.047197551196597631e+00,-8.725141433922586343e-01,7.972253297866528365e-01,5.482520985619157017e-01,8.922120530762887025e-01,1.423937917143121012e+00,0.000000000000000000e+00
3.210000000000000142e+01,-3.881931181528678998e+00,1.181883732383589569e+00,1.005799429740607431e+00,1.047197551196597631e+00,-8.725141433922584122e-01,7.972253297866531696e-01,5.606833869923490976e-01,8.844528539062659345e-01,1.435849505367667645e+00,0.000000000000000000e+00
3.220000000000000284e+01,-3.881931181528678554e+00,1.181883732383589569e+00,9.918056985442167406e-01,1.047197551196597631e+00,-8.725141433922586343e-01,7.972253297866528365e-01,5.730048816634005782e-01,8.765204600133774671e-01,1.447692291018895183e+00,0.000000000000000000e+00
3.230000000000000426e+01,-3.881931181528678998e+00,1.181883732383589569e+00,9.778119673478260498e-01,1.047197551196597631e+00,-8.725141433922584122e-01,7.972253297866531696e-01,5.852141697637545104e-01,8.684164247294440253e-01,1.459465658032359725e+00,0.000000000000000000e+00
3.239999999999999858e+01,-3.881931181528678554e+00,1.181883732383589569e+00,9.638182361514344709e-01,1.047197551196597631e+00,-8.725141433922586343e-01,7.972253297866528365e-01,5.973088604545335745e-01,8.601423349973289501e-01,1.471168995113031785e+00,0.000000000000000000e+00
3.250000000000000000e+01,-3.881931181528678998e+00,1.181883732383589569e+00,9.498245049550437802e-01,1.047197551196597631e+00,-8.725141433922584122e-01,7.972253297866531696e-01,6.092865853374739293e-01,8.516998110601832206e-01,1.482801695701075673e+00,0.000000000000000000e+00
3.260000000000000142e+01,-3.881931181528678554e+00,1.181883732383589569e+00,9.358307737586522013e-01,1.047197551196597631e+00,-8.725141433922586343e-01,7.972253297866528365e-01,6.211449989187131093e-01,8.430905061441640314e-01,1.494363157941018372e+00,0.000000000000000000e+00
3.270000000000000284e+01,-3.881931181528678998e+00,1.181883732383589569e+00,9.218370425622615105e-01,1.047197551196597631e+00,-8.725141433922584122e-01,7.972253297866531696e-01,6.328817790680821842e-01,8.343161061347011964e-01,1.505852784654037935e+00,0.000000000000000000e+00
3.280000000000000426e+01,-3.881931181528678554e+00,1.181883732383589569e+00,9.078433113658708198e-01,1.047197551196597631e+00,-8.725141433922586343e-01,7.972253297866528365e-01,6.444946274738330150e-01,8.253783292463618970e-01,1.517269983313196624e+00,0.000000000000000000e+00
3.289999999999999858e+01,-3.881931181528678998e+00,1.181883732383589569e+00,8.938495801694792409e-01,1.047197551196597631e+00,-8.725141433922584122e-01,7.972253297866531696e-01,6.559812700926951345e-01,8.162789256863888232e-01,1.528614166021383447e+00,0.000000000000000000e+00
3.300000000000000000e+01,-3.881931181528678554e+00,1.181883732383589569e+00,8.798558489730885501e-01,1.047197551196597631e+00,-8.725141433922586343e-01,7.972253297866528365e-01,6.673394575951790975e-01,8.070196773119741041e-01,1.539884749491800653e+00,2.000000000000000000e+00
3.310000000000000142e+01,-3.881931181528678998e+00,1.181883732383589569e+00,8.658621177766969712e-01,1.047197551196597631e+00,-8.725141433922584122e-01,7.972253297866531696e-01,6.785669658060483611e-01,7.976023972813295337e-01,1.551081155030820780e+00,2.000000000000000000e+00
3.320000000000000284e+01,-3.881931181528678554e+00,1.181883732383589569e+00,8.518683865803062805e-01,1.047197551196597631e+00,-8.725141433922586343e-01,7.972253297866528365e-01,6.896615961398545602e-01,7.880289296986366931e-01,1.562202808523043052e+00,0.000000000000000000e+00
3.330000000000000426e+01,-3.881931181528678998e+00,1.181883732383589569e+00,8.378746553839147015e-01,1.047197551196597631e+00,-8.725141433922584122e-01,7.972253297866531696e-01,7.006211760314731141e-01,7.783011492529264830e-01,1.573249140418414349e+00,0.000000000000000000e+00
3.339999999999999858e+01,-3.881931181528678554e+00,1.181883732383589569e+00,8.238809241875240108e-01,1.047197551196597631e+00,-8.725141433922586343e-01,7.972253297866528365e-01,7.114435593615322517e-01,7.684209608509807721e-01,1.584219585721262646e+00,0.000000000000000000e+00
3.350000000000000000e+01,-3.881931181528678998e+00,1.181883732383589569e+00,8.098871929911333201e-01,1.047197551196597631e+00,-8.725141433922584122e-01,7.972253297866531696e-01,7.221266268766733942e-01,7.583902992443061208e-01,1.595113583981127459e+00,0.000000000000000000e+00
3.360000000000000142e+01,-3.881931181528678554e+00,1.181883732383589569e+00,7.958934617947417411e-01,1.047197551196597631e+00,-8.725141433922586343e-01,7.972253297866528365e-01,7.326682866045448606e-01,7.482111286502702852e-01,1.605930579285256954e+00,0.000000000000000000e+00
3.370000000000000284e+01,-3.881931181528678998e+00,1.181883732383589569e+00,7.818997305983510504e-01,1.047197551196597631e+00,-8.725141433922584122e-01,7.972253297866531696e-01,7.430664742634514042e-01,7.378854423674682250e-01,1.616670020252656936e+00,0.000000000000000000e+00
3.380000000000000426e+01,-3.881931181528678554e+00,1.181883732383589569e+00,7.679059994019594715e-01,1.047197551196597631e+00,-8.725141433922586343e-01,7.972253297866528365e-01,7.533191536665906352e-01,7.274152623853877841e-01,1.627331360029609097e+00,0.000000000000000000e+00
3.389999999999999858e+01,-3.881931181528678998e+00,1.181883732383589569e+00,7.539122682055687807e-01,1.047197551196597631e+00,-8.725141433922584122e-01,7.972253297866531696e-01,7.634243171207752976e-01,7.168026389884657457e-01,1.637914056286524422e+00,0.000000000000000000e+00
3.400000000000000000e+01,-3.881931181528678554e+00,1.181883732383589569e+00,7.399185370091780900e-01,1.047197551196597631e+00,-8.725141433922586343e-01,7.972253297866528365e-01,7.733799858195877786e-01,7.060496503545944380e-01,1.648417571216079791e+00,0.000000000000000000e+00
3.410000000000000142e+01,-3.881931181528678998e+00,1.181883732383589569e+00,7.259248058127865111e-01,1.047197551196597631e+00,-8.725141433922584122e-01,7.972253297866531696e-01,7.831842102308705922e-01,6.951584021481710396e-01,1.658841371532522091e+00,0.000000000000000000e+00
3.420000000000000284e+01,-3.881931181528678554e+00,1.181883732383589569e+00,7.119310746163958203e-01,1.047197551196597631e+00,-8.725141433922586343e-01,7.972253297866528365e-01,7.928350704784837832e-01,6.841310271077671867e-01,1.669184928472074114e+00,0.000000000000000000e+00
3.430000000000000426e+01,-3.881931181528678998e+00,1.181883732383589569e+00,6.979373434200042414e-01,1.047197551196597631e+00,-8.725141433922584122e-01,7.972253297866531696e-01,8.023306767182626364e-01,6.729696846284870526e-01,1.679447717794369410e+00,0.000000000000000000e+00
3.439999999999999858e+01,-3.881931181528678554e+00,1.181883732383589569e+00,6.839436122236135507e-01,1.047197551196597631e+00,-8.725141433922586343e-01,7.972253297866528365e-01,8.116691695080845426e-01,6.616765603391184802e-01,1.689629219784836600e+00,0.000000000000000000e+00
3.450000000000000000e+01,-3.881931181528678998e+00,1.181883732383589569e+00,6.699498810272219718e-01,1.047197551196597631e+00,-8.725141433922584122e-01,7.972253297866531696e-01,8.208487201719916193e-01,6.502538656741334577e-01,1.699728919257978088e+00,0.000000000000000000e+00
3.460000000000000142e+01,-3.881931181528678554e+00,1.181883732383589569e+00,6.559561498308312810e-01,1.047197551196597631e+00,-8.725141433922586343e-01,7.972253297866528365e-01,8.298675311582802694e-01,6.387038374406492913e-01,1.709746305561471669e+00,2.000000000000000000e+00
3.470000000000000284e+01,-3.881931181528678998e+00,1.181883732383589569e+00,6.419624186344405903e-01,1.047197551196597631e+00,-8.725141433922584122e-01,7.972253297866531696e-01,8.387238363915041628e-01,6.270287373804075415e-01,1.719680872581047071e+00,0.000000000000000000e+00
3.480000000000000426e+01,-3.881931181528678554e+00,1.181883732383589569e+00,6.279686874380490114e-01,1.047197551196597631e+00,-8.725141433922586343e-01,7.972253297866528365e-01,8.474159016183071547e-01,6.152308517268800792e-01,1.729532118746077485e+00,0.000000000000000000e+00
3.489999999999999858e+01,-3.881931181528678998e+00,1.181883732383589569e+00,6.139749562416583206e-01,1.047197551196597631e+00,-8.725141433922584122e-01,7.972253297866531696e-01,8.559420247470264087e-01,6.033124907575769802e-01,1.739299547035833449e+00,0.000000000000000000e+00
3.500000000000000000e+01,-3.881931181528678554e+00,1.181883732383589569e+00,5.999812250452667417e-01,1.047197551196597631e+00,-8.725141433922586343e-01,7.972253297866528365e-01,8.643005361810011111e-01,5.912759883416413009e-01,1.748982664986362678e+00,0.000000000000000000e+00
3.510000000000000142e+01,-3.881931181528678998e+00,1.181883732383589569e+00,5.859874938488760510e-01,1.047197551196597631e+00,-8.725141433922584122e-01,7.972253297866531696e-01,8.724897991455111690e-01,5.791237014828320984e-01,1.758580984697929228e+00,0.000000000000000000e+00
3.520000000000000284e+01,-3.881931181528678554e+00,1.181883732383589569e+00,5.719937626524853602e-01,1.047197551196597631e+00,-8.725141433922586343e-01,7.972253297866528365e-01,8.805082100082963770e-01,5.668580098579684146e-01,1.768094022843000657e+00,0.000000000000000000e+00
3.530000000000000426e+01,-3.881931181528678998e+00,1.181883732383589569e+00,5.580000314560937813e-01,1.047197551196597631e+00,-8.725141433922584122e-01,7.972253297866531696e-01,8.883541985935801133e-01,5.544813153509400294e-01,1.777521300674712590e+00,2.000000000000000000e+00
3.539999999999999858e+01,-3.881931181528678554e+00,1.181883732383589569e+00,5.440063002597030906e-01,1.047197551196597631e+00,-8.725141433922586343e-01,7.972253297866528365e-01,8.960262284895420537e-01,5.419960415823696920e-01,1.786862344035791361e+00,2.000000000000000000e+00
3.550000000000000000e+01,-3.881931181528678998e+00,1.181883732383589569e+00,5.300125690633115116e-01,1.047197551196597631e+00,-8.725141433922584122e-01,7.972253297866531696e-01,9.035227973491829490e-01,5.294046334350108740e-01,1.796116683367897648e+00,2.000000000000000000e+00
3.560000000000000142e+01,-3.881824237648423992e+00,1.181774593297838738e+00,5.160188378669208209e-01,1.047197551196597631e+00,-8.725188180341779676e-01,7.970584053508958933e-01,9.108424371845131873e-01,5.167095565749940667e-01,1.805262541467351101e+00,2.000000000000000000e+00
3.570000000000000284e+01,-3.881824237648424436e+00,1.181774593297838738e+00,5.020251066705292420e-01,1.047197551196597631e+00,-8.725188180341776345e-01,7.970584053508962263e-01,9.179837146540195114e-01,5.039132969689907871e-01,1.814341030272723643e+00,2.000000000000000000e+00
3.580000000000000426e+01,-3.881332027626784420e+00,1.181169754411935280e+00,4.880313754741385512e-01,1.047197551196597631e+00,-8.724642716827112343e-01,7.962211271843442351e-01,9.249452313433406125e-01,4.910183603974140887e-01,1.823137309810414664e+00,2.000000000000000000e+00
3.589999999999999858e+01,-3.880905021755649997e+00,1.180688557703905683e+00,4.740376442777478605e-01,1.047197551196597631e+00,-8.724486115604899172e-01,7.955242865425935506e-01,9.317256240391089683e-01,4.780272719637278511e-01,1.831897657258147571e+00,2.000000000000000000e+00
3.600000000000000000e+01,-3.880199522213874541e+00,1.180436205987438258e+00,4.600439130813562816e-01,1.047197551196597631e+00,-8.728230457323332692e-01,7.947386785884722471e-01,9.383235649958958646e-01,4.649425755999804788e-01,1.840928438342660955e+00,2.000000000000000000e+00
3.610000000000000142e+01,-3.879370845077326990e+00,1.179534718375229829e+00,4.460501818849655908e-01,1.047197551196597631e+00,-8.728142585762720396e-01,7.934087356958489101e-01,9.447377621962116390e-01,4.517668335686508274e-01,1.849382204278831265e+00,2.000000000000000000e+00
3.620000000000000284e+01,-3.879316784332732748e+00,1.179386969254488049e+00,4.320564506885740119e-01,1.047197551196597631e+00,-8.727478150358676245e-01,7.932621726752170366e-01,9.509669596035122963e-01,4.385026259608972299e-01,1.857899328602848232e+00,2.000000000000000000e+00
3.630000000000000426e+01,-3.879316784332733192e+00,1.179386969254488049e+00,4.180627194921833212e-01,1.047197551196597631e+00,-8.727478150358671805e-01,7.932621726752173696e-01,9.570099374081557642e-01,4.251525501913268057e-01,1.866418529374972435e+00,0.000000000000000000e+00
3.639999999999999858e+01,-3.879316784332732748e+00,1.179386969254488049e+00,4.040689882957926304e-01,1.047197551196597631e+00,-8.727478150358676245e-01,7.932621726752170366e-01,9.628655122662685972e-01,4.117192204893608265e-01,1.874847010220278776e+00,2.000000000000000000e+00
3.650000000000000000e+01,-3.879317736421898033e+00,1.179573842815688556e+00,3.900752570994010515e-01,1.047197551196597631e+00,-8.728853463257563172e-01,7.933886959269933481e-01,9.685325375314695062e-01,3.982052673873153759e-01,1.883345365349010647e+00,2.000000000000000000e+00
3.660000000000000142e+01,-3.879271873482240007e+00,1.179582991081417287e+00,3.760815259030103608e-01,1.047197551196597631e+00,-8.729285025498971784e-01,7.933548148745157569e-01,9.740099034794056365e-01,3.846133372052892296e-01,1.891626567595540154e+00,2.000000000000000000e+00
3.670000000000000284e+01,-3.879075174614184718e+00,1.179224691233131228e+00,3.620877947066187819e-01,1.047197551196597631e+00,-8.728193371064747463e-01,7.929421650958460299e-01,9.792965375250630711e-01,3.709460915329524933e-01,1.899582559186266506e+00,2.000000000000000000e+00
3.680000000000000426e+01,-3.879075174614184274e+00,1.179224691233131228e+00,3.480940635102280911e-01,1.047197551196597631e+00,-8.728193371064749684e-01,7.929421650958454748e-01,9.843914044327983781e-01,3.572062067083570658e-01,1.907641885659025149e+00,2.000000000000000000e+00
3.689999999999999858e+01,-3.879075174614184718e+00,1.179224691233131228e+00,3.341003323138365122e-01,1.047197551196597631e+00,-8.728193371064747463e-01,7.929421650958460299e-01,9.892935065190634480e-01,3.433963732938459801e-01,1.915608431105395582e+00,0.000000000000000000e+00
3.700000000000000000e+01,-3.879075174614184274e+00,1.179224691233131228e+00,3.201066011174458215e-01,1.047197551196597631e+00,-8.728193371064749684e-01,7.929421650958454748e-01,9.940018838477701069e-01,3.295192955491907383e-01,1.923481797944538219e+00,0.000000000000000000e+00
3.710000000000000142e+01,-3.879075174614184718e+00,1.179224691233131228e+00,3.061128699210551307e-01,1.047197551196597631e+00,-8.728193371064747463e-01,7.929421650958460299e-01,9.985156144182679716e-01,3.155776909020335252e-01,1.931261593368553964e+00,0.000000000000000000e+00
3.720000000000000284e+01,-3.879877526887862249e+00,1.178395069182305965e+00,2.921191387246635518e-01,1.047197551196597631e+00,-8.715692289310696950e-01,7.930838658387094897e-01,1.002833814345891694e+00,3.015742894157594778e-01,1.937774092189644914e+00,0.000000000000000000e+00
3.730000000000000426e+01,-3.880137797668218091e+00,1.177907369321813391e+00,2.781254075282728611e-01,1.047197551196597631e+00,-8.710021537950199955e-01,7.929823571726367648e-01,1.006955638035042844e+00,2.875118332548949329e-01,1.944794569728361067e+00,0.000000000000000000e+00
3.739999999999999858e+01,-3.888279655917906918e+00,1.170117234900222236e+00,2.641316763318812821e-01,1.047197551196597631e+00,-8.587994904975432275e-01,7.947564271723142060e-01,1.010880278344777672e+00,2.733930761481268568e-01,1.941010608371176449e+00,0.000000000000000000e+00
3.750000000000000000e+01,-3.908515564768425321e+00,1.147187315985087608e+00,2.501379451354905914e-01,1.047197551196597631e+00,-8.260314667881832884e-01,7.960595165142061447e-01,1.014606966746860683e+00,2.592207828490710186e-01,1.917327741667951502e+00,0.000000000000000000e+00
3.760000000000000142e+01,-3.920090438023527302e+00,1.133185383683688263e+00,2.361442139390999007e-01,1.047197551196597631e+00,-8.067931055368858795e-01,7.957348796254284373e-01,1.018134973476260585e+00,2.449977285948682915e-01,1.906219794015336255e+00,0.000000000000000000e+00
3.770000000000000284e+01,-4.041057846761682448e+00,1.083945096803578423e+00,2.221504827427083217e-01,1.047197551196597631e+00,-6.742450764313727696e-01,8.487228934066591846e-01,1.021463607674052643e+00,2.307266985627367262e-01,1.804812244581723846e+00,0.000000000000000000e+00
3.780000000000000426e+01,-4.141777432702543393e+00,1.030994216354835569e+00,2.081567515463176310e-01,1.047197551196597631e+00,-5.568882374875802066e-01,8.676546346934924658e-01,1.024592217522702908e+00,2.164104873245769334e-01,1.710321422733691366e+00,0.000000000000000000e+00
3.789999999999999858e+01,-4.237336659503504244e+00,9.118846550170991438e-01,1.941630203499260521e-01,1.047197551196597631e+00,-4.170823402580525197e-01,8.109105656609241208e-01,1.027520190373710562e+00,2.020518982997293878e-01,1.567668762311906328e+00,2.000000000000000000e+00
3.800000000000000000e+01,-4.653990466327294406e+00,9.519864682288528002e-01,1.801692891535353613e-01,1.047197551196597631e+00,-5.556300069298303335e-02,9.503636086492559532e-01,1.030246952867574839e+00,1.876537432060119970e-01,1.326917327528596369e+00,0.000000000000000000e+00
3.810000000000000142e+01,-4.654407915943734153e+00,9.519085532552791218e-01,1.661755579571437824e-01,1.047197551196597631e+00,-5.516175187695752241e-02,9.503089365519107323e-01,1.032771971046072546e+00,1.732188415091188982e-01,1.336962528003974970e+00,0.000000000000000000e+00
3.820000000000000284e+01,-4.911566482668263234e+00,1.159727190225501747e+00,1.521818267607530917e-01,1.047197551196597631e+00,2.294672879453789616e-01,1.136798979376446139e+00,1.035094750456817536e+00,1.587500198705160404e-01,1.267128792010998373e+00,0.000000000000000000e+00
3.830000000000000426e+01,-4.913508245214926795e+00,1.161126469193214827e+00,1.381880955643624009e-01,1.047197551196597631e+00,2.319537762294815730e-01,1.137722340096205098e+00,1.037214836250086591e+00,1.442501115939143208e-01,1.278840272899949060e+00,0.000000000000000000e+00
3.840000000000000568e+01,-4.972161877660680851e+00,1.249662656607496647e+00,1.241943643679708220e-01,1.047197551196597631e+00,3.209896939484050971e-01,1.207734396172525759e+00,1.039131813267886839e+00,1.297219560704510610e-01,1.295314218464194145e+00,0.000000000000000000e+00
3.850000000000000000e+01,-4.984286592904904722e+00,1.260971667830596887e+00,1.102006331715801313e-01,1.047197551196597631e+00,3.386463229648326578e-01,1.214647362411772402e+00,1.040845306125253611e+00,1.151683982226793662e-01,1.304583230248591574e+00,0.000000000000000000e+00
3.860000000000000142e+01,-4.984257662819285173e+00,1.262970760908028289e+00,9.620690197518855236e-02,1.047197551196597631e+00,3.391480033365954494e-01,1.216582826913730875e+00,1.042354979283758531e+00,1.005922879474653031e-01,1.319065932424520637e+00,0.000000000000000000e+00
3.870000000000000284e+01,-4.984184844183880969e+00,1.263240596291372642e+00,8.221317077879786162e-02,1.047197551196597631e+00,3.391318530307648182e-01,1.216867449798252343e+00,1.043660537117215181e+00,8.599647955792469323e-02,1.332377505826665143e+00,0.000000000000000000e+00
3.880000000000000426e+01,-4.984399026324179971e+00,1.263222944836521755e+00,6.821943958240717087e-02,1.047197551196597631e+00,3.393877341417688154e-01,1.216777783440990524e+00,1.044761723969568790e+00,7.138383122448124785e-02,1.345169049339057787e+00,0.000000000000000000e+00
3.890000000000000568e+01,-4.984385574829836685e+00,1.263191737428619899e+00,5.422570838601559196e-02,1.047197551196597631e+00,3.393629826003249361e-01,1.216752288491189438e+00,1.045658324204959522e+00,5.675720441517868864e-02,1.358102243814109267e+00,0.000000000000000000e+00
3.900000000000000000e+01,-4.984690881768637283e+00,1.264483904366050959e+00,4.023197718962490121e-02,1.047197551196597631e+00,3.400819770021543675e-01,1.217893178123236941e+00,1.046350162249948257e+00,4.211946333534707237e-02,1.371589799422307854e+00,0.000000000000000000e+00
3.910000000000000142e+01,-4.984816637801764649e+00,1.264881031704159886e+00,2.623824599323332230e-02,1.047197551196597631e+00,3.403419869209106663e-01,1.218232882622902524e+00,1.046837102627897753e+00,2.747347436672382959e-02,1.384573333871642387e+00,2.000000000000000000e+00
3.920000000000000284e+01,-4.986454714777623920e+00,1.265568759625428807e+00,1.224451479684274258e-02,1.047197551196597631e+00,3.425232205967551069e-01,1.218335802926218348e+00,1.047119049985501649e+00,1.282210550616269193e-02,1.396323228145757600e+00,0.000000000000000000e+00
3.930000000000000426e+01,-4.986454714777623920e+00,1.265568759625428807e+00,-1.749216399548059186e-03,1.047197551196597631e+00,3.425232205967551069e-01,1.218335802926218348e+00,1.047195949111457303e+00,-1.831774195988361163e-03,1.409032494505584987e+00,0.000000000000000000e+00
3.940000000000000568e+01,-5.008736473386347754e+00,1.246714219637637289e+00,-1.574294759593963811e-02,1.047197551196597631e+00,3.640765447371279717e-01,1.192369328278347185e+00,1.047067784947276037e+00,-1.648529519770432911e-02,1.388454729151520795e+00,2.000000000000000000e+00
3.950000000000000000e+01,-5.008574666603323067e+00,1.246582263777230137e+00,-2.973667879233032885e-02,1.047197551196597631e+00,3.638450920271014688e-01,1.192302012651053733e+00,1.046734582590233886e+00,-3.113558802719908550e-02,1.401120130136932485e+00,2.000000000000000000e+00
3.960000000000000142e+01,-5.008603749217615864e+00,1.246657970890455713e+00,-4.373040998872190777e-02,1.047197551196597631e+00,3.639018661851512459e-01,1.192363840516674101e+00,1.046196407288455088e+00,-4.577978384483503971e-02,1.413692143065958362e+00,0.000000000000000000e+00
3.970000000000000284e+01,-5.008603749217615864e+00,1.246657970890455713e+00,-5.772414118511259851e-02,1.047197551196597631e+00,3.639018661851512459e-01,1.192363840516674101e+00,1.045453364428135856e+00,-6.041501500489577375e-02,1.426172256636340396e+00,0.000000000000000000e+00
3.980000000000000426e+01,-5.034501031646253288e+00,1.224344696918060471e+00,-7.171787238150417743e-02,1.047197551196597631e+00,3.875916471970281552e-01,1.161375327744855968e+00,1.044505599512908445e+00,-7.503841561713965602e-02,1.400091027584168701e+00,0.000000000000000000e+00
3.990000000000000568e+01,-5.034532727198552493e+00,1.224628155074199087e+00,-8.571160357789486817e-02,1.047197551196597631e+00,3.877182005014824795e-01,1.161631918983086820e+00,1.043353298135346385e+00,-8.964712210799478942e-02,1.412641716757360610e+00,0.000000000000000000e+00
4.000000000000000000e+01,-5.034532727198552493e+00,1.224628155074199087e+00,-9.970533477428555891e-02,1.047197551196597631e+00,3.877182005014824795e-01,1.161631918983086820e+00,1.041996685940623557e+00,-1.042382737813142418e-01,1.424958834997670509e+00,0.000000000000000000e+00
4.010000000000000142e+01,-5.034597921609119453e+00,1.224697323199682497e+00,-1.136990659706771378e-01,1.047197551196597631e+00,3.878158345439461363e-01,1.161672248067177726e+00,1.040436028582326644e+00,-1.188090133785586200e-01,1.437200535269994139e+00,0.000000000000000000e+00
4.020000000000000284e+01,-5.034547041572849935e+00,1.224754532181036026e+00,-1.276927971670678286e-01,1.047197551196597631e+00,3.877748412994386218e-01,1.161746244475609924e+00,1.038671631670435636e+00,-1.333564876383053210e-01,1.449468081209170034e+00,0.000000000000000000e+00
4.030000000000000426e+01,-5.034547041572849935e+00,1.224754532181036026e+00,-1.416865283634592965e-01,1.047197551196597631e+00,3.877748412994386218e-01,1.161746244475609924e+00,1.036703840711477698e+00,-1.478778478549844511e-01,1.461582741240003758e+00,0.000000000000000000e+00
4.040000000000000568e+01,-5.034547041572849935e+00,1.224754532181036026e+00,-1.556802595598500982e-01,1.047197551196597631e+00,3.877748412994386218e-01,1.161746244475609924e+00,1.034533041040870405e+00,-1.623702504367090793e-01,1.473628399913513798e+00,0.000000000000000000e+00
4.050000000000000000e+01,-5.034574056098509942e+00,1.224829639487927890e+00,-1.696739907562407890e-01,1.047197551196597631e+00,3.878300071562654217e-01,1.161807011218859209e+00,1.032159657747464543e+00,-1.768308574621166307e-01,1.485635231844520510e+00,0.000000000000000000e+00
4.060000000000000142e+01,-5.034538476274712515e+00,1.224836196971390123e+00,-1.836677219526323679e-01,1.047197551196597631e+00,3.877907461620326846e-01,1.161827029554069135e+00,1.029584155590303141e+00,-1.912568372360927138e-01,1.497576285520500594e+00,0.000000000000000000e+00
4.070000000000000284e+01,-5.034368292924476407e+00,1.225465981215789535e+00,-1.976614531490230586e-01,1.047197551196597631e+00,3.877923088656652362e-01,1.162490428477505500e+00,1.026807038907610936e+00,-2.056453648442740645e-01,1.510011713258806454e+00,0.000000000000000000e+00
4.080000000000000426e+01,-5.034390710918869694e+00,1.225334680480062666e+00,-2.116551843454146375e-01,1.047197551196597631e+00,3.877768172478932573e-01,1.162357182277578227e+00,1.023828851518034710e+00,-2.199936227062335159e-01,1.521662228728365873e+00,0.000000000000000000e+00
4.090000000000000568e+01,-5.034255352292989372e+00,1.225661102310281025e+00,-2.256489155418053283e-01,1.047197551196597631e+00,3.877227381357575275e-01,1.162719319547483865e+00,1.020650176614152471e+00,-2.342988011272149340e-01,1.533706872864658566e+00,0.000000000000000000e+00
4.100000000000000000e+01,-5.034161924190259541e+00,1.226101284632187038e+00,-2.396426467381969072e-01,1.047197551196597631e+00,3.877533130056395883e-01,1.163173129172888842e+00,1.017271636648270139e+00,-2.485580988483387654e-01,1.545729077158138454e+00,0.000000000000000000e+00
4.110000000000000142e+01,-5.034161924190259541e+00,1.226101284632187038e+00,-2.536363779345875979e-01,1.047197551196597631e+00,3.877533130056395883e-01,1.163173129172888842e+00,1.013693893210534824e+00,-2.627687235951409184e-01,1.557277039393685447e+00,0.000000000000000000e+00
4.120000000000000284e+01,-5.034161924190259541e+00,1.226101284632187038e+00,-2.676301091309782887e-01,1.047197551196597631e+00,3.877533130056395883e-01,1.163173129172888842e+00,1.009917646899378907e+00,-2.769278926243659011e-01,1.568750908000035915e+00,0.000000000000000000e+00
4.130000000000000426e+01,-5.034161924190259541e+00,1.226101284632187038e+00,-2.816238403273698676e-01,1.047197551196597631e+00,3.877533130056395883e-01,1.163173129172888842e+00,1.005943637184328665e+00,-2.910328332688847386e-01,1.580150074552843620e+00,0.000000000000000000e+00
4.140000000000000568e+01,-5.034161924190259541e+00,1.226101284632187038e+00,-2.956175715237605583e-01,1.047197551196597631e+00,3.877533130056395883e-01,1.163173129172888842e+00,1.001772642261201884e+00,-3.050807834806392727e-01,1.591473935922874228e+00,0.000000000000000000e+00
4.150000000000000000e+01,-5.034161924190259541e+00,1.226101284632187038e+00,-3.096113027201520818e-01,1.047197551196597631e+00,3.877533130056395883e-01,1.163173129172888842e+00,9.974054788997179788e-01,-3.190689923715166465e-01,1.602721894234867106e+00,0.000000000000000000e+00
4.160000000000000142e+01,-5.034161924190259541e+00,1.226101284632187038e+00,-3.236050339165427725e-01,1.047197551196597631e+00,3.877533130056395883e-01,1.163173129172888842e+00,9.928430022835593727e-01,-3.329947207520247976e-01,1.613893356829808612e+00,0.000000000000000000e+00
4.170000000000000284e+01,-5.034161924190259541e+00,1.226101284632187038e+00,-3.375987651129335188e-01,1.047197551196597631e+00,3.877533130056395883e-01,1.163173129172888842e+00,9.880861058429064592e-01,-3.468552416676898842e-01,1.624987736230413926e+00,0.000000000000000000e+00
4.180000000000000426e+01,-5.034161924190259541e+00,1.226101284632187038e+00,-3.515924963093250422e-01,1.047197551196597631e+00,3.877533130056395883e-01,1.163173129172888842e+00,9.831357210794857693e-01,-3.606478409330496349e-01,1.636004450109600272e+00,0.000000000000000000e+00
4.190000000000000568e+01,-5.034161924190259541e+00,1.226101284632187038e+00,-3.655862275057157884e-01,1.047197551196597631e+00,3.877533130056395883e-01,1.163173129172888842e+00,9.779928173841632155e-01,-3.743698176631465868e-01,1.646942921261767667e+00,0.000000000000000000e+00
4.200000000000000000e+01,-5.034242094456636174e+00,1.226209796496660287e+00,-3.795799587021073673e-01,1.047197551196597631e+00,3.878808886811989098e-01,1.163244979022159509e+00,9.726584018471138293e-01,-3.880184848024242905e-01,1.657824801992525687e+00,0.000000000000000000e+00
4.210000000000000142e+01,-5.034390607851863209e+00,1.226596842188801162e+00,-3.935736898984980581e-01,1.047197551196597631e+00,3.881761286449579296e-01,1.163554513728407791e+00,9.671335190606155097e-01,-4.015911696509034678e-01,1.668793776989175859e+00,0.000000000000000000e+00
4.220000000000000284e+01,-5.034516555466302279e+00,1.226438615919077213e+00,-4.075674210948896370e-01,1.047197551196597631e+00,3.882725803515210128e-01,1.163355526898236514e+00,9.614192509144920962e-01,-4.150852143875609079e-01,1.679277308763587495e+00,0.000000000000000000e+00
4.230000000000000426e+01,-5.034540970132297844e+00,1.226982850614879217e+00,-4.215611522912802722e-01,1.047197551196597631e+00,3.884732925442184182e-01,1.163862284242800360e+00,9.555167163842599454e-01,-4.284979765907798166e-01,1.690310458111830005e+00,0.000000000000000000e+00
4.240000000000000568e+01,-5.034887660441664359e+00,1.227025101243252259e+00,-4.355548834876709630e-01,1.047197551196597631e+00,3.888901597702095203e-01,1.163767606833475465e+00,9.494270713120049887e-01,-4.418268297557991220e-01,1.700627861704977706e+00,0.000000000000000000e+00
4.250000000000000000e+01,-5.034895905680702555e+00,1.227530230595843763e+00,-4.495486146840625419e-01,1.047197551196597631e+00,3.890598536389059392e-01,1.164243487125076637e+00,9.431515081800461164e-01,-4.550691638090357261e-01,1.711487955875646838e+00,0.000000000000000000e+00
4.260000000000000142e+01,-5.034972701598200651e+00,1.227549105059746015e+00,-4.635423458804532326e-01,1.047197551196597631e+00,3.891552451844143001e-01,1.164231506393140769e+00,9.366912558774231901e-01,-4.682223856191908284e-01,1.721830825764198991e+00,0.000000000000000000e+00
4.270000000000000284e+01,-5.038997908862635988e+00,1.228649034365101977e+00,-4.775360770768448671e-01,1.047197551196597631e+00,3.941912467476023640e-01,1.163697430878777972e+00,9.300475794592508727e-01,-4.812839195050456209e-01,1.730059436093964065e+00,0.000000000000000000e+00
4.280000000000000426e+01,-5.049095251362121672e+00,1.230496861292425859e+00,-4.915298082732355578e-01,1.047197551196597631e+00,4.065316888946937657e-01,1.161401959519157812e+00,9.232217798989970081e-01,-4.942512077398279469e-01,1.734403661318998147e+00,0.000000000000000000e+00
4.290000000000000568e+01,-5.118965757795629123e+00,1.204801874815226714e+00,-5.055235394696262485e-01,1.047197551196597631e+00,4.764599732100132101e-01,1.106586395853029980e+00,9.162151938337224077e-01,-5.071217110520758187e-01,1.672554485915800582e+00,0.000000000000000000e+00
4.300000000000000000e+01,-5.152588874406805353e+00,1.217233129273389336e+00,-5.195172706660178275e-01,1.047197551196597631e+00,5.186877596103588450e-01,1.101190037655206178e+00,9.090291933023390003e-01,-5.198929091228782218e-01,1.667416071408521550e+00,0.000000000000000000e+00
4.310000000000000142e+01,-5.282939638699257756e+00,1.223000603849170087e+00,-5.335110018624085182e-01,1.047197551196597631e+00,6.605372041708661435e-01,1.029281826771254238e+00,9.016651854769373031e-01,-5.325623010794050538e-01,1.580347994294398317e+00,0.000000000000000000e+00
4.320000000000000284e+01,-5.294293828951389003e+00,1.230188018949729400e+00,-5.475047330588000971e-01,1.047197551196597631e+00,6.761313580873787865e-01,1.027720267669357979e+00,8.941246123872287344e-01,-5.451274059846366038e-01,1.587882509330908354e+00,0.000000000000000000e+00
4.330000000000000426e+01,-5.413616904679919628e+00,1.234069602970528701e+00,-5.614984642551907879e-01,1.047197551196597631e+00,7.961678649237304839e-01,9.428915716234963496e-01,8.864089506381690464e-01,-5.575857633231776633e-01,1.503188506555180659e+00,0.000000000000000000e+00
4.340000000000000568e+01,-5.418428301365857180e+00,1.238977923979438511e+00,-5.754921954515823668e-01,1.047197551196597631e+00,8.038798989282173180e-01,9.427849193785178272e-01,8.785197111208042919e-01,-5.699349334830857705e-01,1.514560152257339976e+00,0.000000000000000000e+00
4.350000000000000000e+01,-5.418428301365857180e+00,1.238977923979438511e+00,-5.894859266479730575e-01,1.047197551196597631e+00,8.038798989282173180e-01,9.427849193785178272e-01,8.704584387164095993e-01,-5.821724982335917398e-01,1.526410111172787465e+00,0.000000000000000000e+00
4.360000000000000142e+01,-5.418428301365857180e+00,1.238977923979438511e+00,-6.034796578443637483e-01,1.047197551196597631e+00,8.038798989282173180e-01,9.427849193785178272e-01,8.622267119939649449e-01,-5.942960611986476405e-01,1.538187989631628172e+00,0.000000000000000000e+00
4.370000000000000284e+01,-5.418428301365857180e+00,1.238977923979438511e+00,-6.174733890407553272e-01,1.047197551196597631e+00,8.038798989282173180e-01,9.427849193785178272e-01,8.538261429010398640e-01,-6.063032483261850958e-01,1.549893150707398304e+00,0.000000000000000000e+00
4.380000000000000426e+01,-5.418428301365857180e+00,1.238977923979438511e+00,-6.314671202371460179e-01,1.047197551196597631e+00,8.038798989282173180e-01,9.427849193785178272e-01,8.452583764481402806e-01,-6.181917083530032997e-01,1.561524963209342420e+00,0.000000000000000000e+00
4.390000000000000568e+01,-5.418428301365857180e+00,1.238977923979438511e+00,-6.454608514335375968e-01,1.047197551196597631e+00,8.038798989282173180e-01,9.427849193785178272e-01,8.365250903865776300e-01,-6.299591132652014869e-01,1.573082801616552562e+00,0.000000000000000000e+00
4.400000000000000000e+01,-5.418428301365857180e+00,1.238977923979438511e+00,-6.594545826299282876e-01,1.047197551196597631e+00,8.038798989282173180e-01,9.427849193785178272e-01,8.276279948799329933e-01,-6.416031587540481640e-01,1.584566046016996355e+00,0.000000000000000000e+00
4.410000000000000142e+01,-5.419551984073089024e+00,1.238089641177720690e+00,-6.734483138263189783e-01,1.047197551196597631e+00,8.043616830140656315e-01,9.412057386620403809e-01,8.185688321691676483e-01,-6.531215646672186015e-01,1.594390602464860862e+00,0.000000000000000000e+00
4.420000000000000284e+01,-5.421261457972642361e+00,1.237180985923673315e+00,-6.874420450227105572e-01,1.047197551196597631e+00,8.053779587409586327e-01,9.391395718982983309e-01,8.093493762314555307e-01,-6.645120754552955589e-01,1.603656564921797534e+00,0.000000000000000000e+00
4.430000000000000426e+01,-5.422029142700773185e+00,1.236473375600263935e+00,-7.014357762191012480e-01,1.047197551196597631e+00,8.056376332785473160e-01,9.379842282328910708e-01,7.999714324328038861e-01,-6.757724606134513090e-01,1.613766636359896811e+00,0.000000000000000000e+00
4.440000000000000568e+01,-5.422629106892511430e+00,1.236433757028646108e+00,-7.154295074154928269e-01,1.047197551196597631e+00,8.061744132598320789e-01,9.374706667011714067e-01,7.904368371745187360e-01,-6.869005151182331348e-01,1.624447416085362139e+00,0.000000000000000000e+00
4.450000000000000000e+01,-5.422729279615628784e+00,1.236623270143651032e+00,-7.294232386118835176e-01,1.047197551196597631e+00,8.063918981532931518e-01,9.375335827870413530e-01,7.807474575336038614e-01,-6.978940598593486033e-01,1.635628690035310084e+00,0.000000000000000000e+00
4.460000000000000142e+01,-5.422642971107869414e+00,1.236354561505571770e+00,-7.434169698082750966e-01,1.047197551196597631e+00,8.061357729083835633e-01,9.373994438834694076e-01,7.709051908971423783e-01,-7.087509420663871129e-01,1.646527341732202165e+00,0.000000000000000000e+00
4.470000000000000284e+01,-5.422536560864675614e+00,1.236462252958045793e+00,-7.574107010046657873e-01,1.047197551196597631e+00,8.061062284193565297e-01,9.375668784111385046e-01,7.609119645907524987e-01,-7.194690357303724637e-01,1.657652117374994516e+00,2.000000000000000000e+00
4.480000000000000426e+01,-5.423747151464372251e+00,1.235180793374388131e+00,-7.714044322010564780e-01,1.047197551196597631e+00,8.064040293591411279e-01,9.356196522916374603e-01,7.507697355011724305e-01,-7.300462420200861668e-01,1.666594745619446760e+00,0.000000000000000000e+00
4.490000000000000568e+01,-5.423599772877474301e+00,1.234990247519251128e+00,-7.853981633974482790e-01,1.047197551196597631e+00,8.061417512046633593e-01,9.355941365957461953e-01,7.404804896930610170e-01,-7.404804896930610170e-01,1.677360293482726972e+00,2.000000000000000000e+00
4.500000000000000000e+01,-5.423610819107123504e+00,1.234815776637236961e+00,-7.993918945938393028e-01,1.047197551196597631e+00,8.060381983511407666e-01,9.354530586999381114e-01,7.300462420200869440e-01,-7.507697355011718754e-01,1.687934266821554896e+00,0.000000000000000000e+00
4.510000000000000142e+01,-5.423550107368745543e+00,1.234895096402496506e+00,-8.133856257902304376e-01,1.047197551196597631e+00,8.060331769965244364e-01,9.355620859674790291e-01,7.194690357303727968e-01,-7.609119645907522766e-01,1.698681122156421086e+00,0.000000000000000000e+00
4.520000000000000284e+01,-5.423515548451032231e+00,1.234783302233588564e+00,-8.273793569866214614e-01,1.047197551196597631e+00,8.059278778226895978e-01,9.355052427555399230e-01,7.087509420663872239e-01,-7.709051908971423783e-01,1.709175217735653840e+00,0.000000000000000000e+00
4.530000000000000426e+01,-5.423464058582796454e+00,1.234688908387520767e+00,-8.413730881830124853e-01,1.047197551196597631e+00,8.058181016924715889e-01,9.354752201314094906e-01,6.978940598593492695e-01,-7.807474575336034173e-01,1.719612711670062133e+00,0.000000000000000000e+00
4.540000000000000568e+01,-5.423369697279726509e+00,1.234653147653589134e+00,-8.553668193794036201e-01,1.047197551196597631e+00,8.057064888048501849e-01,9.355241573089789764e-01,6.869005151182332458e-01,-7.904368371745186250e-01,1.730045147925940441e+00,0.000000000000000000e+00
4.550000000000000000e+01,-5.423326014634338499e+00,1.234261340163787857e+00,-8.693605505757946439e-01,1.047197551196597631e+00,8.054099502019722578e-01,9.352624593869712788e-01,6.757724606134518641e-01,-7.999714324328034420e-01,1.740069693439551646e+00,2.000000000000000000e+00
4.560000000000000142e+01,-5.423432537312661061e+00,1.234153633281891871e+00,-8.833542817721856677e-01,1.047197551196597631e+00,8.054392801110612510e-01,9.350950521722749542e-01,6.645120754552958919e-01,-8.093493762314553086e-01,1.750127664143649175e+00,2.000000000000000000e+00
4.570000000000000284e+01,-5.423385050080738345e+00,1.234122705288715816e+00,-8.973480129685768025e-01,1.047197551196597631e+00,8.053746908644733304e-01,9.351098646812000537e-01,6.531215646672192676e-01,-8.185688321691670932e-01,1.760275542698823692e+00,2.000000000000000000e+00
4.580000000000000426e+01,-5.423385050080738345e+00,1.234122705288715816e+00,-9.113417441649678263e-01,1.047197551196597631e+00,8.053746908644733304e-01,9.351098646812000537e-01,6.416031587540484971e-01,-8.276279948799326602e-01,1.770329312941510080e+00,0.000000000000000000e+00
4.590000000000000568e+01,-5.423385050080738345e+00,1.234122705288715816e+00,-9.253354753613588501e-01,1.047197551196597631e+00,8.053746908644733304e-01,9.351098646812000537e-01,6.299591132652015979e-01,-8.365250903865775189e-01,1.780298019681674671e+00,0.000000000000000000e+00
4.600000000000000000e+01,-5.423385050080738345e+00,1.234122705288715816e+00,-9.393292065577498740e-01,1.047197551196597631e+00,8.053746908644733304e-01,9.351098646812000537e-01,6.181917083530038548e-01,-8.452583764481398365e-01,1.790181148086379626e+00,2.000000000000000000e+00
4.610000000000000142e+01,-5.423385050080738345e+00,1.234122705288715816e+00,-9.533229377541410088e-01,1.047197551196597631e+00,8.053746908644733304e-01,9.351098646812000537e-01,6.063032483261853178e-01,-8.538261429010396419e-01,1.799978188328558160e+00,0.000000000000000000e+00
4.620000000000000284e+01,-5.423385050080738345e+00,1.234122705288715816e+00,-9.673166689505320326e-01,1.047197551196597631e+00,8.053746908644733304e-01,9.351098646812000537e-01,5.942960611986484176e-01,-8.622267119939645008e-01,1.809688635582376026e+00,0.000000000000000000e+00
4.630000000000000426e+01,-5.423385050080738345e+00,1.234122705288715816e+00,-9.813104001469230564e-01,1.047197551196597631e+00,8.053746908644733304e-01,9.351098646812000537e-01,5.821724982335921839e-01,-8.704584387164092663e-01,1.819311990019676140e+00,2.000000000000000000e+00
4.640000000000000568e+01,-5.423385050080738345e+00,1.234122705288715816e+00,-9.953041313433141912e-01,1.047197551196597631e+00,8.053746908644733304e-01,9.351098646812000537e-01,5.699349334830857705e-01,-8.785197111208042919e-01,1.828847756807429281e+00,2.000000000000000000e+00
4.650000000000000000e+01,-5.423385050080738345e+00,1.234122705288715816e+00,-1.009297862539705326e+00,1.047197551196597631e+00,8.053746908644733304e-01,9.351098646812000537e-01,5.575857633231781074e-01,-8.864089506381688244e-01,1.838295446106131825e+00,2.000000000000000000e+00
4.660000000000000142e+01,-5.423385050080738345e+00,1.234122705288715816e+00,-1.023291593736096239e+00,1.047197551196597631e+00,8.053746908644733304e-01,9.351098646812000537e-01,5.451274059846368258e-01,-8.941246123872286233e-01,1.847654573069093642e+00,2.000000000000000000e+00
4.670000000000000284e+01,-5.423385050080738345e+00,1.234122705288715816e+00,-1.037285324932487374e+00,1.047197551196597631e+00,8.053746908644733304e-01,9.351098646812000537e-01,5.325623010794057199e-01,-9.016651854769369701e-01,1.856924657842548676e+00,2.000000000000000000e+00
4.680000000000000426e+01,-5.423385050080738345e+00,1.234122705288715816e+00,-1.051279056128878509e+00,1.047197551196597631e+00,8.053746908644733304e-01,9.351098646812000537e-01,5.198929091228785548e-01,-9.090291933023388893e-01,1.866105225566546233e+00,0.000000000000000000e+00
4.690000000000000568e+01,-5.423385050080738345e+00,1.234122705288715816e+00,-1.065272787325269421e+00,1.047197551196597631e+00,8.053746908644733304e-01,9.351098646812000537e-01,5.071217110520767068e-01,-9.162151938337219637e-01,1.875195806376564134e+00,0.000000000000000000e+00
4.700000000000000000e+01,-5.556192955299354530e+00,1.255128931008232307e+00,-1.079266518521660556e+00,1.047197551196597631e+00,9.378031405947706567e-01,8.341905675230646411e-01,4.942512077398283910e-01,-9.232217798989967861e-01,1.812522131178230689e+00,0.000000000000000000e+00
4.710000000000000142e+01,-5.566653986175741586e+00,1.278039435174698646e+00,-1.093260249718051469e+00,1.047197551196597631e+00,9.637547071304009005e-01,8.393817143264784564e-01,4.812839195050458985e-01,-9.300475794592507617e-01,1.834027831473365344e+00,2.000000000000000000e+00
4.720000000000000284e+01,-5.566792425160936197e+00,1.278733446488146797e+00,-1.107253980914442604e+00,1.047197551196597631e+00,9.643943100218204112e-01,8.397040204530350493e-01,4.682223856191916056e-01,-9.366912558774228570e-01,1.844387908313913194e+00,0.000000000000000000e+00
4.730000000000000426e+01,-5.566792425160936197e+00,1.278733446488146797e+00,-1.121247712110833739e+00,1.047197551196597631e+00,9.643943100218204112e-01,8.397040204530350493e-01,4.550691638090361146e-01,-9.431515081800460054e-01,1.854180665561534935e+00,0.000000000000000000e+00
4.740000000000000568e+01,-5.566792425160936197e+00,1.278733446488146797e+00,-1.135241443307224873e+00,1.047197551196597631e+00,9.643943100218204112e-01,8.397040204530350493e-01,4.418268297557998991e-01,-9.494270713120045446e-01,1.863884877065088652e+00,2.000000000000000000e+00
4.750000000000000000e+01,-5.566792425160936197e+00,1.278733446488146797e+00,-1.149235174503615786e+00,1.047197551196597631e+00,9.643943100218204112e-01,8.397040204530350493e-01,4.284979765907803717e-01,-9.555167163842597233e-01,1.873500033134633203e+00,2.000000000000000000e+00
4.760000000000000142e+01,-5.566792425160936197e+00,1.278733446488146797e+00,-1.163228905700006921e+00,1.047197551196597631e+00,9.643943100218204112e-01,8.397040204530350493e-01,4.150852143875609634e-01,-9.614192509144920962e-01,1.883025629461317463e+00,0.000000000000000000e+00
4.770000000000000284e+01,-5.566792425160936197e+00,1.278733446488146797e+00,-1.177222636896397834e+00,1.047197551196597631e+00,9.643943100218204112e-01,8.397040204530350493e-01,4.015911696509041895e-01,-9.671335190606151766e-01,1.892461167106767039e+00,0.000000000000000000e+00
4.780000000000000426e+01,-5.566792425160936197e+00,1.278733446488146797e+00,-1.191216368092788969e+00,1.047197551196597631e+00,9.643943100218204112e-01,8.397040204530350493e-01,3.880184848024245126e-01,-9.726584018471137183e-01,1.901806152493729529e+00,0.000000000000000000e+00
4.790000000000000568e+01,-5.566792425160936197e+00,1.278733446488146797e+00,-1.205210099289180103e+00,1.047197551196597631e+00,9.643943100218204112e-01,8.397040204530350493e-01,3.743698176631473085e-01,-9.779928173841628825e-01,1.911060097397896840e+00,0.000000000000000000e+00
4.800000000000000000e+01,-5.566792425160936197e+00,1.278733446488146797e+00,-1.219203830485571238e+00,1.047197551196597631e+00,9.643943100218204112e-01,8.397040204530350493e-01,3.606478409330499124e-01,-9.831357210794856583e-01,1.920222518940840173e+00,0.000000000000000000e+00
4.810000000000000142e+01,-5.566792425160936197e+00,1.278733446488146797e+00,-1.233197561681962151e+00,1.047197551196597631e+00,9.643943100218204112e-01,8.397040204530350493e-01,3.468552416676907724e-01,-9.880861058429060151e-01,1.929292939583986177e+00,0.000000000000000000e+00
4.820000000000000284e+01,-5.566792425160936197e+00,1.278733446488146797e+00,-1.247191292878353286e+00,1.047197551196597631e+00,9.643943100218204112e-01,8.397040204530350493e-01,3.329947207520253527e-01,-9.928430022835591506e-01,1.938270887123577868e+00,0.000000000000000000e+00
4.830000000000000426e+01,-5.566792425160936197e+00,1.278733446488146797e+00,-1.261185024074744199e+00,1.047197551196597631e+00,9.643943100218204112e-01,8.397040204530350493e-01,3.190689923715170351e-01,-9.974054788997178678e-01,1.947155894686552147e+00,0.000000000000000000e+00
4.840000000000000568e+01,-5.566792425160936197e+00,1.278733446488146797e+00,-1.275178755271135334e+00,1.047197551196597631e+00,9.643943100218204112e-01,8.397040204530350493e-01,3.050807834806399943e-01,-1.001772642261201662e+00,1.955947500727289734e+00,0.000000000000000000e+00
4.850000000000000000e+01,-5.566792425160936197e+00,1.278733446488146797e+00,-1.289172486467526468e+00,1.047197551196597631e+00,9.643943100218204112e-01,8.397040204530350493e-01,2.910328332688849606e-01,-1.005943637184328665e+00,1.964645249025172236e+00,0.000000000000000000e+00
4.860000000000000142e+01,-5.566792425160936197e+00,1.278733446488146797e+00,-1.303166217663917603e+00,1.047197551196597631e+00,9.643943100218204112e-01,8.397040204530350493e-01,2.769278926243666783e-01,-1.009917646899378685e+00,1.973248688682907259e+00,0.000000000000000000e+00
4.870000000000000284e+01,-5.566792425160936197e+00,1.278733446488146797e+00,-1.317159948860308516e+00,1.047197551196597631e+00,9.643943100218204112e-01,8.397040204530350493e-01,2.627687235951414180e-01,-1.013693893210534602e+00,1.981757374125564741e+00,0.000000000000000000e+00
4.880000000000000426e+01,-5.566792425160936197e+00,1.278733446488146797e+00,-1.331153680056699651e+00,1.047197551196597631e+00,9.643943100218204112e-01,8.397040204530350493e-01,2.485580988483388210e-01,-1.017271636648270139e+00,1.990170865100288289e+00,0.000000000000000000e+00
4.890000000000000568e+01,-5.566792425160936197e+00,1.278733446488146797e+00,-1.345147411253090564e+00,1.047197551196597631e+00,9.643943100218204112e-01,8.397040204530350493e-01,2.342988011272156834e-01,-1.020650176614152249e+00,1.998488726676628247e+00,0.000000000000000000e+00
4.900000000000000000e+01,-5.566792425160936197e+00,1.278733446488146797e+00,-1.359141142449481698e+00,1.047197551196597631e+00,9.643943100218204112e-01,8.397040204530350493e-01,2.199936227062337935e-01,-1.023828851518034710e+00,2.006710529247469843e+00,0.000000000000000000e+00
4.910000000000000142e+01,-5.566792425160936197e+00,1.278733446488146797e+00,-1.373134873645872833e+00,1.047197551196597631e+00,9.643943100218204112e-01,8.397040204530350493e-01,2.056453648442748139e-01,-1.026807038907610936e+00,2.014835848530504681e+00,0.000000000000000000e+00
4.920000000000000284e+01,-5.566792425160936197e+00,1.278733446488146797e+00,-1.387128604842263968e+00,1.047197551196597631e+00,9.643943100218204112e-01,8.397040204530350493e-01,1.912568372360930191e-01,-1.029584155590303141e+00,2.022864265570216258e+00,0.000000000000000000e+00
4.930000000000000426e+01,-5.566792425160936197e+00,1.278733446488146797e+00,-1.401122336038654881e+00,1.047197551196597631e+00,9.643943100218204112e-01,8.397040204530350493e-01,1.768308574621176021e-01,-1.032159657747464321e+00,2.030795366740347330e+00,0.000000000000000000e+00
4.940000000000000568e+01,-5.566792425160936197e+00,1.278733446488146797e+00,-1.415116067235045794e+00,1.047197551196597631e+00,9.643943100218204112e-01,8.397040204530350493e-01,1.623702504367098287e-01,-1.034533041040870183e+00,2.038628743746808247e+00,0.000000000000000000e+00
4.950000000000000000e+01,-5.566792425160936197e+00,1.278733446488146797e+00,-1.429109798431436928e+00,1.047197551196597631e+00,9.643943100218204112e-01,8.397040204530350493e-01,1.478778478549848396e-01,-1.036703840711477698e+00,2.046363993631002742e+00,0.000000000000000000e+00
4.960000000000000142e+01,-5.566792425160936197e+00,1.278733446488146797e+00,-1.443103529627828063e+00,1.047197551196597631e+00,9.643943100218204112e-01,8.397040204530350493e-01,1.333564876383060704e-01,-1.038671631670435636e+00,2.054000718773536960e+00,0.000000000000000000e+00
4.970000000000000284e+01,-5.566792425160936197e+00,1.278733446488146797e+00,-1.457097260824219198e+00,1.047197551196597631e+00,9.643943100218204112e-01,8.397040204530350493e-01,1.188090133785589114e-01,-1.040436028582326644e+00,2.061538526898288204e+00,0.000000000000000000e+00
4.980000000000000426e+01,-5.566792425160936197e+00,1.278733446488146797e+00,-1.471090992020610333e+00,1.047197551196597631e+00,9.643943100218204112e-01,8.397040204530350493e-01,1.042382737813150051e-01,-1.041996685940623557e+00,2.068977031076800532e+00,0.000000000000000000e+00
4.990000000000000568e+01,-5.566792425160936197e+00,1.278733446488146797e+00,-1.485084723217001246e+00,1.047197551196597631e+00,9.643943100218204112e-01,8.397040204530350493e-01,8.964712210799531678e-02,-1.043353298135346385e+00,2.076315849732985885e+00,0.000000000000000000e+00
5.000000000000000000e+01,-5.566792425160936197e+00,1.278733446488146797e+00,-1.499078454413392381e+00,1.047197551196597631e+00,9.643943100218204112e-01,8.397040204530350493e-01,7.503841561713972541e-02,-1.044505599512908445e+00,2.083554606648108543e+00,0.000000000000000000e+00
5.010000000000000142e+01,-5.566792425160936197e+00,1.278733446488146797e+00,-1.513072185609783293e+00,1.047197551196597631e+00,9.643943100218204112e-01,8.397040204530350493e-01,6.041501500489653703e-02,-1.045453364428135856e+00,2.090692930966025376e+00,0.000000000000000000e+00
5.020000000000000284e+01,-5.566792425160936197e+00,1.278733446488146797e+00,-1.527065916806174428e+00,1.047197551196597631e+00,9.643943100218204112e-01,8.397040204530350493e-01,4.577978384483533808e-02,-1.046196407288455088e+00,2.097730457198661025e+00,0.000000000000000000e+00
5.030000000000000426e+01,-5.566792425160936197e+00,1.278733446488146797e+00,-1.541059648002565563e+00,1.047197551196597631e+00,9.643943100218204112e-01,8.397040204530350493e-01,3.113558802719984878e-02,-1.046734582590233886e+00,2.104666825231697569e+00,0.000000000000000000e+00
5.040000000000000568e+01,-5.566792425160936197e+00,1.278733446488146797e+00,-1.555053379198956698e+00,1.047197551196597631e+00,9.643943100218204112e-01,8.397040204530350493e-01,1.648529519770462748e-02,-1.047067784947276037e+00,2.111501680330464481e+00,0.000000000000000000e+00
5.050000000000000000e+01,-5.566792425160936197e+00,1.278733446488146797e+00,-1.569047110395347611e+00,1.047197551196597631e+00,9.643943100218204112e-01,8.397040204530350493e-01,1.831774195989355593e-03,-1.047195949111457303e+00,2.118234673145998670e+00,0.000000000000000000e+00
5.060000000000000142e+01,-5.566792425160936197e+00,1.278733446488146797e+00,-1.583040841591738968e+00,1.047197551196597631e+00,9.643943100218204112e-01,8.397040204530350493e-01,-1.282210550616227733e-02,-1.047119049985501649e+00,2.124865459721265726e+00,0.000000000000000000e+00
5.070000000000000284e+01,-5.566792425160936197e+00,1.278733446488146797e+00,-1.597034572788129658e+00,1.047197551196597631e+00,9.643943100218204112e-01,8.397040204530350493e-01,-2.747347436672353468e-02,-1.046837102627897753e+00,2.131393701497521942e+00,0.000000000000000000e+00
5.080000000000000426e+01,-5.566863212244262726e+00,1.278648586670875886e+00,-1.611028303984520793e+00,1.047197551196597631e+00,9.643897443410562875e-01,8.395800314474018977e-01,-4.211946333534630910e-02,-1.046350162249948257e+00,2.137707529255745698e+00,0.000000000000000000e+00
5.090000000000000568e+01,-5.566863212244262726e+00,1.278648586670875886e+00,-1.625022035180911928e+00,1.047197551196597631e+00,9.643897443410562875e-01,8.395800314474018977e-01,-5.675720441517839027e-02,-1.045658324204959522e+00,2.144030025110886584e+00,0.000000000000000000e+00
5.100000000000000000e+01,-5.566863212244262726e+00,1.278648586670875886e+00,-1.639015766377303063e+00,1.047197551196597631e+00,9.643897443410562875e-01,8.395800314474018977e-01,-7.138383122448048457e-02,-1.044761723969568790e+00,2.150248997453022337e+00,0.000000000000000000e+00
5.110000000000000142e+01,-5.566863212244262726e+00,1.278648586670875886e+00,-1.653009497573693976e+00,1.047197551196597631e+00,9.643897443410562875e-01,8.395800314474018977e-01,-8.599647955792416587e-02,-1.043660537117215181e+00,2.156364129372481564e+00,0.000000000000000000e+00
5.120000000000000284e+01,-5.566863212244262726e+00,1.278648586670875886e+00,-1.667003228770085110e+00,1.047197551196597631e+00,9.643897443410562875e-01,8.395800314474018977e-01,-1.005922879474652476e-01,-1.042354979283758531e+00,2.162375109390847872e+00,0.000000000000000000e+00
5.130000000000000426e+01,-5.566863212244262726e+00,1.278648586670875886e+00,-1.680996959966476023e+00,1.047197551196597631e+00,9.643897443410562875e-01,8.395800314474018977e-01,-1.151683982226786168e-01,-1.040845306125253833e+00,2.168281631467853909e+00,0.000000000000000000e+00
5.140000000000000568e+01,-5.566863212244262726e+00,1.278648586670875886e+00,-1.694990691162867158e+00,1.047197551196597631e+00,9.643897443410562875e-01,8.395800314474018977e-01,-1.297219560704507835e-01,-1.039131813267887061e+00,2.174083395008315378e+00,2.000000000000000000e+00
5.150000000000000000e+01,-5.566863212244262726e+00,1.278648586670875886e+00,-1.708984422359258293e+00,1.047197551196597631e+00,9.643897443410562875e-01,8.395800314474018977e-01,-1.442501115939135714e-01,-1.037214836250086814e+00,2.179780104869100121e+00,2.000000000000000000e+00
5.160000000000000142e+01,-5.566863212244262726e+00,1.278648586670875886e+00,-1.722978153555649428e+00,1.047197551196597631e+00,9.643897443410562875e-01,8.395800314474018977e-01,-1.587500198705157350e-01,-1.035094750456817536e+00,2.185371471366105656e+00,0.000000000000000000e+00
5.170000000000000284e+01,-5.566863212244262726e+00,1.278648586670875886e+00,-1.736971884752040340e+00,1.047197551196597631e+00,9.643897443410562875e-01,8.395800314474018977e-01,-1.732188415091188427e-01,-1.032771971046072546e+00,2.190857210281254019e+00,0.000000000000000000e+00
5.180000000000000426e+01,-5.566863212244262726e+00,1.278648586670875886e+00,-1.750965615948431475e+00,1.047197551196597631e+00,9.643897443410562875e-01,8.395800314474018977e-01,-1.876537432060114974e-01,-1.030246952867574839e+00,2.196237042869474188e+00,0.000000000000000000e+00
5.190000000000000568e+01,-5.566863212244262726e+00,1.278648586670875886e+00,-1.764959347144822388e+00,1.047197551196597631e+00,9.643897443410562875e-01,8.395800314474018977e-01,-2.020518982997291102e-01,-1.027520190373710784e+00,2.201510695865678269e+00,0.000000000000000000e+00
5.200000000000000000e+01,-5.566863212244262726e+00,1.278648586670875886e+00,-1.778953078341213523e+00,1.047197551196597631e+00,9.643897443410562875e-01,8.395800314474018977e-01,-2.164104873245762117e-01,-1.024592217522703130e+00,2.206677901491712834e+00,0.000000000000000000e+00
5.210000000000000142e+01,-5.566863212244262726e+00,1.278648586670875886e+00,-1.792946809537604658e+00,1.047197551196597631e+00,9.643897443410562875e-01,8.395800314474018977e-01,-2.307266985627364209e-01,-1.021463607674052643e+00,2.211738397463280492e+00,0.000000000000000000e+00
5.220000000000000284e+01,-5.566863212244262726e+00,1.278648586670875886e+00,-1.806940540733995570e+00,1.047197551196597631e+00,9.643897443410562875e-01,8.395800314474018977e-01,-2.449977285948673200e-01,-1.018134973476260807e+00,2.216691926996817052e+00,0.000000000000000000e+00
5.230000000000000426e+01,-5.566863212244262726e+00,1.278648586670875886e+00,-1.820934271930386705e+00,1.047197551196597631e+00,9.643897443410562875e-01,8.395800314474018977e-01,-2.592207828490704635e-01,-1.014606966746860905e+00,2.221538238816327837e+00,0.000000000000000000e+00
5.240000000000000568e+01,-5.566863212244262726e+00,1.278648586670875886e+00,-1.834928003126777840e+00,1.047197551196597631e+00,9.643897443410562875e-01,8.395800314474018977e-01,-2.733930761481267457e-01,-1.010880278344777672e+00,2.226277087160159596e+00,0.000000000000000000e+00
5.250000000000000000e+01,-5.566863212244262726e+00,1.278648586670875886e+00,-1.848921734323168753e+00,1.047197551196597631e+00,9.643897443410562875e-01,8.395800314474018977e-01,-2.875118332548942113e-01,-1.006955638035043066e+00,2.230908231787720020e+00,0.000000000000000000e+00
5.260000000000000142e+01,-5.566863212244262726e+00,1.278648586670875886e+00,-1.862915465519559888e+00,1.047197551196597631e+00,9.643897443410562875e-01,8.395800314474018977e-01,-3.015742894157592002e-01,-1.002833814345891916e+00,2.235431437986113323e+00,0.000000000000000000e+00
5.270000000000000284e+01,-5.566863212244262726e+00,1.278648586670875886e+00,-1.876909196715951023e+00,1.047197551196597631e+00,9.643897443410562875e-01,8.395800314474018977e-01,-3.155776909020328036e-01,-9.985156144182683047e-01,2.239846476576710987e+00,0.000000000000000000e+00
5.280000000000000426e+01,-5.566863212244262726e+00,1.278648586670875886e+00,-1.890902927912341935e+00,1.047197551196597631e+00,9.643897443410562875e-01,8.395800314474018977e-01,-3.295192955491902387e-01,-9.940018838477703289e-01,2.244153123921630133e+00,2.000000000000000000e+00
5.290000000000000568e+01,-5.566863212244262726e+00,1.278648586670875886e+00,-1.904896659108733070e+00,1.047197551196597631e+00,9.643897443410562875e-01,8.395800314474018977e-01,-3.433963732938459246e-01,-9.892935065190635591e-01,2.248351161930125741e+00,0.000000000000000000e+00
5.300000000000000000e+01,-5.566863212244262726e+00,1.278648586670875886e+00,-1.918890390305124205e+00,1.047197551196597631e+00,9.643897443410562875e-01,8.395800314474018977e-01,-3.572062067083565662e-01,-9.843914044327986002e-01,2.252440378064885174e+00,0.000000000000000000e+00
5.310000000000000142e+01,-5.566863212244262726e+00,1.278648586670875886e+00,-1.932884121501515118e+00,1.047197551196597631e+00,9.643897443410562875e-01,8.395800314474018977e-01,-3.709460915329522157e-01,-9.792965375250631821e-01,2.256420565348220553e+00,0.000000000000000000e+00
5.320000000000000284e+01,-5.566863212244262726e+00,1.278648586670875886e+00,-1.946877852697906253e+00,1.047197551196597631e+00,9.643897443410562875e-01,8.395800314474018977e-01,-3.846133372052885080e-01,-9.740099034794059696e-01,2.260291522368156336e+00,0.000000000000000000e+00
5.330000000000000426e+01,-5.566863212244262726e+00,1.278648586670875886e+00,-1.960871583894297387e+00,1.047197551196597631e+00,9.643897443410562875e-01,8.395800314474018977e-01,-3.982052673873150983e-01,-9.685325375314696172e-01,2.264053053284400097e+00,0.000000000000000000e+00
5.340000000000000568e+01,-5.566863212244262726e+00,1.278648586670875886e+00,-1.974865315090688300e+00,1.047197551196597631e+00,9.643897443410562875e-01,8.395800314474018977e-01,-4.117192204893599383e-01,-9.628655122662689303e-01,2.267704967834200058e+00,0.000000000000000000e+00
5.350000000000000000e+01,-5.566863212244262726e+00,1.278648586670875886e+00,-1.988859046287079435e+00,1.047197551196597631e+00,9.643897443410562875e-01,8.395800314474018977e-01,-4.251525501913263616e-01,-9.570099374081559862e-01,2.271247081338076956e+00,0.000000000000000000e+00
5.360000000000000142e+01,-5.566863212244262726e+00,1.278648586670875886e+00,-2.002852777483470348e+00,1.047197551196597631e+00,9.643897443410562875e-01,8.395800314474018977e-01,-4.385026259608969523e-01,-9.509669596035124073e-01,2.274679214705430663e+00,0.000000000000000000e+00
5.370000000000000284e+01,-5.566863212244262726e+00,1.278648586670875886e+00,-2.016846508679861483e+00,1.047197551196597631e+00,9.643897443410562875e-01,8.395800314474018977e-01,-4.517668335686501613e-01,-9.447377621962118610e-01,2.278001194440017141e+00,0.000000000000000000e+00
5.380000000000000426e+01,-5.568373953574011992e+00,1.275352915864792269e+00,-2.030840239876252618e+00,1.047197551196597631e+00,9.631680852648258906e-01,8.359619007658883882e-01,-4.649425755999801457e-01,-9.383235649958959756e-01,2.277627926964636007e+00,0.000000000000000000e+00
5.390000000000000568e+01,-5.572315844632352189e+00,1.265438621910430328e+00,-2.044833971072643752e+00,1.047197551196597631e+00,9.589428635421047842e-01,8.256897058121999144e-01,-4.780272719637271295e-01,-9.317256240391093014e-01,2.270108326034693036e+00,0.000000000000000000e+00
5.400000000000000000e+01,-5.573513568093924953e+00,1.265268957814613682e+00,-2.058827702269034887e+00,1.047197551196597631e+00,9.598024203383589414e-01,8.244300149326847515e-01,-4.910183603974138111e-01,-9.249452313433407236e-01,2.272706468089986664e+00,2.000000000000000000e+00
5.410000000000000142e+01,-5.573979001750095641e+00,1.265217674489035327e+00,-2.072821433465425578e+00,1.047197551196597631e+00,9.601471160018164586e-01,8.239498039764540094e-01,-5.039132969689905650e-01,-9.179837146540196224e-01,2.275479131118673060e+00,2.000000000000000000e+00
5.420000000000000284e+01,-5.573979001750095641e+00,1.265217674489035327e+00,-2.086815164661817157e+00,1.047197551196597631e+00,9.601471160018164586e-01,8.239498039764540094e-01,-5.167095565749938446e-01,-9.108424371845132983e-01,2.278290971611602878e+00,2.000000000000000000e+00
5.430000000000000426e+01,-5.573979001750095641e+00,1.265217674489035327e+00,-2.100808895858207848e+00,1.047197551196597631e+00,9.601471160018164586e-01,8.239498039764540094e-01,-5.294046334350104299e-01,-9.035227973491830600e-01,2.280992328479224618e+00,0.000000000000000000e+00
5.440000000000000568e+01,-5.574011275509563212e+00,1.265126617898756356e+00,-2.114802627054598982e+00,1.047197551196597631e+00,9.601046046121651800e-01,8.238595192861851713e-01,-5.419960415823690258e-01,-8.960262284895423868e-01,2.283487100182550300e+00,0.000000000000000000e+00
5.450000000000000000e+01,-5.711844740184202074e+00,1.256829041406833047e+00,-2.128796358250990117e+00,1.047197551196597631e+00,1.057215438696398335e+00,6.796431089223231581e-01,-5.544813153509398074e-01,-8.883541985935803353e-01,2.248595557983660509e+00,0.000000000000000000e+00
5.460000000000000142e+01,-5.747968016809132052e+00,1.172976003776783793e+00,-2.142790089447380808e+00,1.047197551196597631e+00,1.008944488676674078e+00,5.982505530336917898e-01,-5.668580098579673043e-01,-8.805082100082969321e-01,2.160990743539058290e+00,0.000000000000000000e+00
5.470000000000000284e+01,-5.763509176532597422e+00,1.099574545508047674e+00,-2.156783820643772387e+00,1.047197551196597631e+00,9.544087782364865102e-01,5.460476766312319929e-01,-5.791237014828317653e-01,-8.724897991455112800e-01,2.089011832550772052e+00,0.000000000000000000e+00
5.480000000000000426e+01,-5.800411973742733096e+00,9.823758748404530783e-01,-2.170777551840163078e+00,1.047197551196597631e+00,8.701009668888269877e-01,4.560555524140386119e-01,-5.912759883416410789e-01,-8.643005361810012221e-01,1.969508265016592041e+00,0.000000000000000000e+00
5.490000000000000568e+01,-6.092568702482290988e+00,9.055753833747364201e-01,-2.184771283036554212e+00,1.047197551196597631e+00,8.891732372319794964e-01,1.715742671985014123e-01,-6.033124907575764251e-01,-8.559420247470268528e-01,1.811988790932770321e+00,0.000000000000000000e+00
