time_s,phi_meas_rad,theta_meas_rad,phi_ref_rad,theta_ref_rad,bend_x_meas,bend_y_meas,bend_x_ref,bend_y_ref,bend_error_norm_rad,acados_status
0.000000000000000000e+00,-7.853981633974482790e-01,0.000000000000000000e+00,-7.853981633974482790e-01,0.000000000000000000e+00,0.000000000000000000e+00,-0.000000000000000000e+00,0.000000000000000000e+00,-0.000000000000000000e+00,0.000000000000000000e+00,0.000000000000000000e+00
1.000000000000000056e-01,-7.853981633974482790e-01,0.000000000000000000e+00,-7.854023335293448538e-01,2.600540585471551483e-04,0.000000000000000000e+00,-0.000000000000000000e+00,1.838852214433529450e-04,-1.838867551010029864e-04,2.600540585471551483e-04,0.000000000000000000e+00
2.000000000000000111e-01,-7.853981633974482790e-01,0.000000000000000000e+00,-7.854313005529213187e-01,1.033234917180643128e-03,0.000000000000000000e+00,-0.000000000000000000e+00,7.305832058444783252e-04,-7.306316263475698706e-04,1.033234917180643128e-03,0.000000000000000000e+00
3.000000000000000444e-01,-7.853981633974482790e-01,0.000000000000000000e+00,-7.855092456356852493e-01,2.309070600388498772e-03,0.000000000000000000e+00,-0.000000000000000000e+00,1.632578099122532645e-03,-1.632940840276818220e-03,2.309070600388498772e-03,0.000000000000000000e+00
4.000000000000000222e-01,-7.853981633974482790e-01,0.000000000000000000e+00,-7.856596782460464334e-01,4.077089132658753660e-03,0.000000000000000000e+00,-0.000000000000000000e+00,2.882183343700840325e-03,-2.883691205544996247e-03,4.077089132658754528e-03,0.000000000000000000e+00
5.000000000000000000e-01,-7.853981633974482790e-01,0.000000000000000000e+00,-7.859054361533174271e-01,6.326818538479445607e-03,0.000000000000000000e+00,-0.000000000000000000e+00,4.471466311851550988e-03,-4.476005120732535862e-03,6.326818538479446474e-03,0.000000000000000000e+00
6.000000000000000888e-01,-7.853981633974482790e-01,0.000000000000000000e+00,-7.862686854277133319e-01,9.047786842338605487e-03,0.000000000000000000e+00,-0.000000000000000000e+00,6.392179623951278235e-03,-6.403318389674035951e-03,9.047786842338605487e-03,0.000000000000000000e+00
7.000000000000000666e-01,-7.853981633974482790e-01,0.000000000000000000e+00,-7.867709204403517953e-01,1.222952206872426895e-02,0.000000000000000000e+00,-0.000000000000000000e+00,8.635698817595939547e-03,-8.659440857306320571e-03,1.222952206872426895e-02,0.000000000000000000e+00
8.000000000000000444e-01,-7.853981633974482790e-01,0.000000000000000000e+00,-7.874329638632531214e-01,1.586155224212446729e-02,0.000000000000000000e+00,-0.000000000000000000e+00,1.119296600950930691e-02,-1.123860985351893965e-02,1.586155224212446729e-02,0.000000000000000000e+00
9.000000000000000222e-01,-7.853981633974482790e-01,0.000000000000000000e+00,-7.882749666693399382e-01,1.993340538702723444e-02,0.000000000000000000e+00,-0.000000000000000000e+00,1.405443917719832736e-02,-1.413553641493661868e-02,1.993340538702723444e-02,0.000000000000000000e+00
1.000000000000000000e+00,-7.853981633974482790e-01,0.000000000000000000e+00,-7.893164081324377523e-01,2.443460952792061644e-02,0.000000000000000000e+00,-0.000000000000000000e+00,1.721004668082815395e-02,-1.734544424411392505e-02,2.443460952792061644e-02,0.000000000000000000e+00
1.100000000000000089e+00,-7.853981633974482790e-01,0.000000000000000000e+00,-7.905760958272745054e-01,2.935469268929263506e-02,0.000000000000000000e+00,-0.000000000000000000e+00,2.064914664728564886e-02,-2.086410136147019354e-02,2.935469268929263506e-02,0.000000000000000000e+00
1.200000000000000178e+00,-7.853981633974482790e-01,0.000000000000000000e+00,-7.920721656294806845e-01,3.468318289563132595e-02,0.000000000000000000e+00,-0.000000000000000000e+00,2.436049084734136921e-02,-2.468784440667938854e-02,3.468318289563132595e-02,0.000000000000000000e+00
1.300000000000000044e+00,-7.853981633974482790e-01,0.000000000000000000e+00,-7.938220817155893227e-01,4.040960817142471434e-02,0.000000000000000000e+00,-0.000000000000000000e+00,2.833219271266429820e-02,-2.881359555245625870e-02,4.040960817142471434e-02,0.000000000000000000e+00
1.400000000000000133e+00,-7.853981633974482790e-01,0.000000000000000000e+00,-7.958426365630363319e-01,4.652349654116084976e-02,0.000000000000000000e+00,-0.000000000000000000e+00,3.255169916163226651e-02,-3.323887200411582143e-02,4.652349654116084976e-02,0.000000000000000000e+00
1.500000000000000000e+00,-7.853981633974482790e-01,0.000000000000000000e+00,-7.981499509501596146e-01,5.301437602932775744e-02,0.000000000000000000e+00,-0.000000000000000000e+00,3.700576593083348270e-02,-3.796178807236726821e-02,5.301437602932776438e-02,0.000000000000000000e+00
1.600000000000000089e+00,-7.853981633974482790e-01,0.000000000000000000e+00,-8.007594739562002850e-01,5.987177466041348345e-02,0.000000000000000000e+00,-0.000000000000000000e+00,4.168043614226983606e-02,-4.298104982405032137e-02,5.987177466041348345e-02,0.000000000000000000e+00
1.700000000000000178e+00,-7.853981633974482790e-01,0.000000000000000000e+00,-8.036859829613015593e-01,6.708522045890606689e-02,0.000000000000000000e+00,-0.000000000000000000e+00,4.656102187392508612e-02,-4.829594233552026578e-02,6.708522045890606689e-02,0.000000000000000000e+00
1.800000000000000044e+00,-7.853981633974482790e-01,0.000000000000000000e+00,-8.069435836465094214e-01,7.464424144929349136e-02,0.000000000000000000e+00,-0.000000000000000000e+00,5.163208854290261135e-02,-5.390630959580047094e-02,7.464424144929349136e-02,0.000000000000000000e+00
1.900000000000000133e+00,-7.853981633974482790e-01,0.000000000000000000e+00,-8.105457099937724008e-01,8.253836565606383069e-02,0.000000000000000000e+00,-0.000000000000000000e+00,5.687744195509983336e-02,-5.981252713118168779e-02,8.253836565606381681e-02,0.000000000000000000e+00
2.000000000000000000e+00,-7.853981633974482790e-01,0.000000000000000000e+00,-8.145051242859416840e-01,9.075712110370515173e-02,0.000000000000000000e+00,-0.000000000000000000e+00,6.228011792267798552e-02,-6.601546744945405165e-02,9.075712110370515173e-02,0.000000000000000000e+00
2.100000000000000089e+00,-7.853981633974482790e-01,0.000000000000000000e+00,-8.188339171067708921e-01,9.929003581670542422e-02,0.000000000000000000e+00,-0.000000000000000000e+00,6.782237439970112414e-02,-7.251645843027230975e-02,9.929003581670542422e-02,0.000000000000000000e+00
2.200000000000000178e+00,-7.853981633974482790e-01,0.000000000000000000e+00,-8.235435073409163031e-01,1.081266378195527289e-01,0.000000000000000000e+00,-0.000000000000000000e+00,7.348568613653296000e-02,-7.931723481818878096e-02,1.081266378195527289e-01,0.000000000000000000e+00
2.300000000000000266e+00,-7.853981633974482790e-01,0.000000000000000000e+00,-8.286446421739367407e-01,1.172564551367350771e-01,0.000000000000000000e+00,-0.000000000000000000e+00,7.925074190415652697e-02,-8.641988300659712852e-02,1.172564551367350771e-01,0.000000000000000000e+00
2.400000000000000355e+00,-7.853981633974482790e-01,0.000000000000000000e+00,-8.341473970922935743e-01,1.266690157927405080e-01,0.000000000000000000e+00,-0.000000000000000000e+00,8.509744438977741299e-02,-9.382677933420864591e-02,1.266690157927405080e-01,0.000000000000000000e+00
2.500000000000000000e+00,-9.186752788812362347e-01,5.684299544390437886e-02,-8.400611758833508302e-01,1.363538478120570052e-01,3.449651186050152474e-02,-4.517872066021803162e-02,9.100491291412907136e-02,-1.015405221507423017e-01,7.981135293236719941e-02,0.000000000000000000e+00
2.600000000000000089e+00,-9.585366225484559521e-01,6.508619763935423463e-02,-8.463947106353750804e-01,1.463004792191726910e-01,3.740621962016072583e-02,-5.326338195118090341e-02,9.695148916806455019e-02,-1.095638579452834077e-01,8.194743878056857944e-02,0.000000000000000000e+00
2.700000000000000178e+00,-1.004990326119858501e+00,9.374274104546594100e-02,-8.531560617375353317e-01,1.564984380385755769e-01,5.025514422011053556e-02,-7.913357048770879032e-02,1.029147462105356875e-01,-1.178996018692807513e-01,6.538989884429406707e-02,0.000000000000000000e+00
2.800000000000000266e+00,-1.032897942467701835e+00,1.398032638214178613e-01,-8.603526178799033586e-01,1.669372522947536464e-01,7.162572540249630137e-02,-1.200612678414115370e-01,1.088715010111754034e-01,-1.265505530264323386e-01,3.780685946894565136e-02,0.000000000000000000e+00
2.900000000000000355e+00,-1.041433688130569912e+00,1.641245183606861446e-01,-8.679910960534533704e-01,1.776064500121949941e-01,8.288014396082048207e-02,-1.416606482554731150e-01,1.147978308576680512e-01,-1.355194049437517256e-01,3.250313225304535952e-02,0.000000000000000000e+00
3.000000000000000000e+00,-1.021309421221790359e+00,1.948151585895697979e-01,-8.760775415500623442e-01,1.884955592153875759e-01,1.017421648628234337e-01,-1.661369251710927974e-01,1.206690939801842860e-01,-1.448086516818768710e-01,2.851532738448557536e-02,0.000000000000000000e+00
3.100000000000000089e+00,-9.762222379481162449e-01,2.247168159229075979e-01,-8.846173279625095809e-01,1.995941079288195419e-01,1.258764695916049225e-01,-1.861525228453369818e-01,1.264599547716613870e-01,-1.544204900881052944e-01,3.173739683498585928e-02,0.000000000000000000e+00
3.200000000000000178e+00,-9.437716789376620063e-01,2.452508377948983687e-01,-8.936151571844770380e-01,2.108916241769788202e-01,1.438979829627618778e-01,-1.985984489827355981e-01,1.321444140029351955e-01,-1.643567187425720721e-01,3.620279648222676783e-02,0.000000000000000000e+00
3.300000000000000266e+00,-9.403565024608040446e-01,2.772003248108906859e-01,-9.030750594105493301e-01,2.223776359843535055e-01,1.634096167311593628e-01,-2.239136378942535588e-01,1.376958444450259722e-01,-1.746186341962416566e-01,5.559852043687969064e-02,0.000000000000000000e+00
3.400000000000000355e+00,-9.521539591844261352e-01,3.068736793801604690e-01,-9.130003931362136171e-01,2.340416713754316369e-01,1.779651539624743928e-01,-2.499997181427017212e-01,1.430870323166229807e-01,-1.852069251486758716e-01,7.358389357399820752e-02,0.000000000000000000e+00
3.500000000000000000e+00,-9.696715913213567184e-01,3.409318059350814889e-01,-9.233938451578596052e-01,2.458732583747011147e-01,1.928209379570985094e-01,-2.811664670324340864e-01,1.482902249724398769e-01,-1.961215652635265316e-01,9.599801933271946697e-02,0.000000000000000000e+00
3.600000000000000089e+00,-9.867502447236704555e-01,3.744391959652312862e-01,-9.342574305727795458e-01,2.578619250066502278e-01,2.064672098671355982e-01,-3.123715779720829255e-01,1.532771852371037913e-01,-2.073617053699305379e-01,1.177125824373234236e-01,0.000000000000000000e+00
3.700000000000000178e+00,-9.986110462371023955e-01,4.054542082101554867e-01,-9.455924927791682366e-01,2.699971992957667655e-01,2.195415125556049729e-01,-3.408733477702844405e-01,1.580192527691550997e-01,-2.189255658479289379e-01,1.365878836684052411e-01,0.000000000000000000e+00
3.800000000000000266e+00,-1.025169249658902881e+00,4.279218324488019976e-01,-9.573997034761232428e-01,2.822686092665389612e-01,2.220718404859368111e-01,-3.657884530019082092e-01,1.624874128102011817e-01,-2.308103300450681794e-01,1.475445617377909302e-01,0.000000000000000000e+00
3.900000000000000355e+00,-1.063232823783759606e+00,4.306149641418177687e-01,-9.696790626636444532e-01,2.946656829434546876e-01,2.093001279799952818e-01,-3.763279205299768782e-01,1.666523726350008505e-01,-2.430120396187344933e-01,1.399712654051075700e-01,0.000000000000000000e+00
4.000000000000000000e+00,-1.103052897732793358e+00,4.309950391421015770e-01,-9.824298986426344138e-01,3.071779483510020947e-01,1.943241327064763602e-01,-3.847009945567822498e-01,1.704846459690849969e-01,-2.555254927437312640e-01,1.313568856077053926e-01,0.000000000000000000e+00
4.100000000000000533e+00,-1.150997604100342020e+00,4.289756795733540296e-01,-9.956508680148983270e-01,3.197949335136689997e-01,1.748404750104134986e-01,-3.917281480357951984e-01,1.739546455813674453e-01,-2.683441461662109950e-01,1.233871817132189824e-01,0.000000000000000000e+00
4.200000000000000178e+00,-1.178872588356494999e+00,4.295803072724944105e-01,-1.009339955683143941e+00,3.325061664559437746e-01,1.640854984964830732e-01,-3.970077953636318435e-01,1.770327841901318811e-01,-2.814600221223575449e-01,1.162708910598431317e-01,0.000000000000000000e+00
4.299999999999999822e+00,-1.211652004825940487e+00,4.313056038931378788e-01,-1.023494474850981550e+00,3.453011752023141256e-01,1.515923944444778626e-01,-4.037874068073621370e-01,1.796895837419840991e-01,-2.948636211721136213e-01,1.124893022626305972e-01,0.000000000000000000e+00
4.400000000000000355e+00,-1.234592354576761419e+00,4.330278854107170727e-01,-1.038111067022924106e+00,3.581694877772684249e-01,1.428584867780261780e-01,-4.087842980090718448e-01,1.818957930351880192e-01,-3.085438420236756296e-01,1.075735111259998045e-01,0.000000000000000000e+00
4.500000000000000000e+00,-1.256498625520175549e+00,4.349363042698662918e-01,-1.053185702004386659e+00,3.711006322052943784e-01,1.344599720809478427e-01,-4.136303962233922049e-01,1.836225135617426674e-01,-3.224879094422561376e-01,1.035563053681446966e-01,0.000000000000000000e+00
4.600000000000000533e+00,-1.277677105375752298e+00,4.361814715263337416e-01,-1.068713677901687698e+00,3.840841365108802474e-01,1.260301888861063702e-01,-4.175771396906327593e-01,1.848413333373003509e-01,-3.366813113456069151e-01,1.000144277356376787e-01,0.000000000000000000e+00
4.700000000000000178e+00,-1.288658848132054224e+00,4.382649260001727498e-01,-1.084689621122047587e+00,3.971095287185138489e-01,1.220170098680921217e-01,-4.209370435882149875e-01,1.855244683753966284e-01,-3.511077461877858408e-01,9.438923700027765373e-02,0.000000000000000000e+00
4.800000000000000711e+00,-1.288728609640746869e+00,4.393691367482478460e-01,-1.101107486373589461e+00,4.101663368526835551e-01,1.222949928689743976e-01,-4.220061291570040840e-01,1.856449113435089115e-01,-3.657490817205284461e-01,8.472347701198316983e-02,0.000000000000000000e+00
4.900000000000000355e+00,-1.311615235374181232e+00,4.385017872482354639e-01,-1.117960556665339222e+00,4.232440889378770166e-01,1.123832199549548438e-01,-4.238559062847337411e-01,1.851765868143800953e-01,-3.805853261972010348e-01,8.468304056800542157e-02,2.000000000000000000e+00
5.000000000000000000e+00,-1.354485276949074279e+00,4.376893473022174241e-01,-1.135241443307224873e+00,4.363323129985823834e-01,9.394043708473283349e-02,-4.274893671451612254e-01,1.840945123982499765e-01,-3.955946130466685973e-01,9.562966398894558184e-02,0.000000000000000000e+00
5.100000000000000533e+00,-1.354798450836490753e+00,4.381604641266615974e-01,-1.152942085910077408e+00,4.494205370592878057e-01,9.390752477843300472e-02,-4.279789353621034631e-01,1.823749649116878924e-01,-4.107531999925494448e-01,9.012887396807386930e-02,0.000000000000000000e+00
5.200000000000000178e+00,-1.357010572131390091e+00,4.510986065143103296e-01,-1.171053752385630364e+00,4.624982891444813782e-01,9.570552346454067050e-02,-4.408292249585216149e-01,1.799956506083917884e-01,-4.260354835264710816e-01,8.557850383995362076e-02,0.000000000000000000e+00
5.300000000000000711e+00,-1.353433452750128163e+00,5.256199468849338530e-01,-1.189567038946520050e+00,4.755550972786509734e-01,1.133527287712861598e-01,-5.132518752458912203e-01,1.769358783684990832e-01,-4.414140295614479848e-01,9.593483718276399341e-02,0.000000000000000000e+00
5.400000000000000355e+00,-1.356091175286143313e+00,5.706597802770281280e-01,-1.208471870106284651e+00,4.885804894862846859e-01,1.215844070016890571e-01,-5.575570076681609644e-01,1.731767346177205125e-01,-4.568596209929272622e-01,1.131447389499903033e-01,0.000000000000000000e+00
5.500000000000000000e+00,-1.384572282736820314e+00,5.871538135587580642e-01,-1.227757498679365344e+00,5.015639937918705549e-01,1.087112659480323068e-01,-5.770021329532231125e-01,1.687012586281269877e-01,-4.723413227801876446e-01,1.206345075334333133e-01,0.000000000000000000e+00
5.600000000000000533e+00,-1.421357769561526263e+00,6.052898305919522937e-01,-1.247412505781105851e+00,5.144951382198965639e-01,9.011734804064409909e-02,-5.985437683245525831e-01,1.634946167409818685e-01,-4.878265650296526590e-01,1.328251582621521598e-01,0.000000000000000000e+00
5.700000000000000178e+00,-1.463303500329726781e+00,6.557464255275908815e-01,-1.267424800827752884e+00,5.273634507948506966e-01,7.035237035011202011e-02,-6.519615928705716490e-01,1.575442739509546886e-01,-5.032812444146110842e-01,1.723608832378289157e-01,0.000000000000000000e+00
5.800000000000000711e+00,-1.458804335716804346e+00,7.164183753239216079e-01,-1.287781621536454590e+00,5.401584595412211032e-01,8.006550872159584609e-02,-7.119303356473296596e-01,1.508401612027627514e-01,-5.186698441034234275e-01,2.058122178725602103e-01,0.000000000000000000e+00
5.900000000000000355e+00,-1.480941286208369068e+00,7.321261098510636334e-01,-1.308469533925263439e+00,5.528696924834958226e-01,6.569673285159849385e-02,-7.291725310365698709e-01,1.433748366781270878e-01,-5.339555721914658326e-01,2.101036621166227913e-01,0.000000000000000000e+00
6.000000000000000000e+00,-1.539264214973116607e+00,7.484482988933086611e-01,-1.329474432313132670e+00,5.654866776461627831e-01,2.359624481081649613e-02,-7.480762483511392835e-01,1.351436392952361509e-01,-5.491005184420556517e-01,2.281099785391146328e-01,0.000000000000000000e+00
6.100000000000000533e+00,-1.592655446906157790e+00,7.658512926338413296e-01,-1.350781539319919400e+00,5.779989430537102457e-01,-1.673950223741219739e-02,-7.656683299534918774e-01,1.261448326068747017e-01,-5.640658289400179992e-01,2.471022087290642433e-01,0.000000000000000000e+00
6.200000000000000178e+00,-1.599943013978540884e+00,7.742521207099631875e-01,-1.372375405866382181e+00,5.903960167306259166e-01,-2.256368929413449589e-02,-7.739232690320876351e-01,1.163797372691095788e-01,-5.788118980502755528e-01,2.395281254290149153e-01,0.000000000000000000e+00
6.300000000000000711e+00,-1.618014639913870845e+00,7.817914291843611752e-01,-1.394239911174183666e+00,6.026674267013981678e-01,-3.690115664959814357e-02,-7.809200620960174977e-01,1.058528502617620964e-01,-5.932985768551497507e-01,2.357552294504574597e-01,0.000000000000000000e+00
6.400000000000000355e+00,-1.683872474172230627e+00,8.025881605317106704e-01,-1.416358262765887055e+00,6.148027009905145945e-01,-9.056030160164224574e-02,-7.974625929781876676e-01,9.457194907649536797e-02,-6.074853970204591169e-01,2.652645570465718694e-01,0.000000000000000000e+00
6.500000000000000000e+00,-1.685426796841515529e+00,8.078175527620402585e-01,-1.438712996464960536e+00,6.267913676224636799e-01,-9.239784164234840502e-02,-8.025159421533550885e-01,8.254817914948638091e-02,-6.213318088148575002e-01,2.518606764950010457e-01,0.000000000000000000e+00
6.600000000000000533e+00,-1.692299482520748910e+00,8.166132053580087424e-01,-1.461285976395772401e+00,6.386229546217331299e-01,-9.897712785300802341e-02,-8.105927802090583389e-01,6.979612290434643318e-02,-6.347974317822289159e-01,2.436973834486435286e-01,0.000000000000000000e+00
6.700000000000000178e+00,-1.694275264397517189e+00,8.211362936356155773e-01,-1.484058394983595708e+00,6.502869900128113168e-01,-1.011355761015861748e-01,-8.148842911556438695e-01,5.633384888770288923e-02,-6.478423163466705548e-01,2.295640240859595504e-01,0.000000000000000000e+00
6.800000000000000711e+00,-1.694071857741923370e+00,8.217668660850006024e-01,-1.507010772954604283e+00,6.617730018201860576e-01,-1.010473585394143503e-01,-8.155306331017678767e-01,4.218293962485153425e-02,-6.604272144170818537e-01,2.111207919649353559e-01,0.000000000000000000e+00
6.900000000000000355e+00,-1.737006746678859459e+00,8.354939753692616211e-01,-1.530122959335875610e+00,6.730705180683452804e-01,-1.382292956325995026e-01,-8.239798812515071180e-01,2.736849699569516778e-02,-6.725138568572304187e-01,2.244205549168152847e-01,0.000000000000000000e+00
7.000000000000000000e+00,-1.745990454941117820e+00,8.393889689279875332e-01,-1.553374131455389495e+00,6.841690667817771354e-01,-1.463049075707825719e-01,-8.265402078415149401e-01,1.191912413100058507e-02,-6.840652355009700925e-01,2.129177351734840851e-01,0.000000000000000000e+00
7.100000000000000533e+00,-1.747580400452647176e+00,8.437218644936482770e-01,-1.576742794942028514e+00,6.950581759849698837e-01,-1.483808792972133861e-01,-8.305719109647424769e-01,-4.133116945628856516e-03,-6.950458872246256803e-01,1.979260469322971783e-01,0.000000000000000000e+00
7.200000000000000178e+00,-1.747951673833084030e+00,8.468793927785132070e-01,-1.600206783725577342e+00,7.057273737024111204e-01,-1.492456900160953059e-01,-8.336248736239357804e-01,-2.075277245565963075e-02,-7.054221774429170200e-01,1.815113251873709532e-01,0.000000000000000000e+00
7.300000000000000711e+00,-1.747734848166390575e+00,8.471250210847128814e-01,-1.623743260036723424e+00,7.161661879585893287e-01,-1.491081699297044094e-01,-8.338990076789812855e-01,-3.790108903887193237e-02,-7.151625802744471239e-01,1.626817569153110876e-01,0.000000000000000000e+00
7.400000000000000355e+00,-1.747678412089766153e+00,8.473528061350571461e-01,-1.647328714407056527e+00,7.263641467779921035e-01,-1.491011890273689633e-01,-8.341316523760387014e-01,-5.553613092914439636e-02,-7.242379525307559573e-01,1.443296413167067804e-01,0.000000000000000000e+00
7.500000000000000000e+00,-1.747462061165159675e+00,8.475996475035539879e-01,-1.670938965669070075e+00,7.363107781851078171e-01,-1.489641023082670102e-01,-8.344068903548442773e-01,-7.361292179715880901e-02,-7.326217986219386580e-01,1.266412464542797378e-01,0.000000000000000000e+00
7.600000000000000533e+00,-1.747265994576639780e+00,8.479189033657608121e-01,-1.694549160956158484e+00,7.459956102044242865e-01,-1.488565471507735383e-01,-8.347503788890089371e-01,-9.208361061100693579e-02,-7.402905234440811943e-01,1.102081240835947190e-01,0.000000000000000000e+00
7.700000000000000178e+00,-1.747209710947000394e+00,8.481467054105940040e-01,-1.718133775702620269e+00,7.554081708604296619e-01,-1.488495433380751243e-01,-8.349830221908056682e-01,-1.108976605461828302e-01,-7.472236703210650699e-01,9.561406407033681831e-02,0.000000000000000000e+00
7.800000000000000711e+00,-1.747684007040072540e+00,8.482326540765937617e-01,-1.741666613643655381e+00,7.645379881776120934e-01,-1.492606798670636781e-01,-8.349969370527321466e-01,-1.300020596556145380e-01,-7.534041411168169722e-01,8.383483047688909673e-02,0.000000000000000000e+00
7.900000000000000355e+00,-1.759187901483304062e+00,8.517318272705780569e-01,-1.765120806815366539e+00,7.733745901804593981e-01,-1.595116304384393835e-01,-8.366619062324689438e-01,-1.493415516934039622e-01,-7.588183957144158942e-01,7.850504844565384110e-02,0.000000000000000000e+00
8.000000000000000000e+00,-1.809200448719517462e+00,8.706639133056013335e-01,-1.788468815554759672e+00,7.819075048934597261e-01,-2.056091876292237830e-01,-8.460381267384315951e-01,-1.688588851780879474e-01,-7.634566281755166273e-01,9.038964893806529510e-02,0.000000000000000000e+00
8.099999999999999645e+00,-1.840488950239397514e+00,8.908283666459532180e-01,-1.811682428499742370e+00,7.901262603411008945e-01,-2.373480193473628541e-01,-8.586274492077344833e-01,-1.884950784880216890e-01,-7.673129170464991766e-01,1.035613519341629790e-01,0.000000000000000000e+00
8.200000000000001066e+00,-1.853720767008334658e+00,9.123503242739744445e-01,-1.834732762589125654e+00,7.980203845478712754e-01,-2.546962892102530573e-01,-8.760781440404465936e-01,-2.081896985084287499e-01,-7.703853474650863564e-01,1.154722054289580718e-01,0.000000000000000000e+00
8.300000000000000711e+00,-1.917175963041705122e+00,9.543571608540425411e-01,-1.857590263062622871e+00,8.055794055382586860e-01,-3.239991949441871077e-01,-8.976759505238555148e-01,-2.278811501022047770e-01,-7.726761029405986303e-01,1.576820866176078251e-01,0.000000000000000000e+00
8.400000000000000355e+00,-1.946415272098053206e+00,9.790013015562825105e-01,-1.880224703460849467e+00,8.127928513367512764e-01,-3.591450534504910808e-01,-9.107460562807500049e-01,-2.475069734600482407e-01,-7.741915249295702184e-01,1.763808406162439557e-01,0.000000000000000000e+00
8.500000000000000000e+00,-1.950544058635135247e+00,9.930758051434916966e-01,-1.902605185625323880e+00,8.196502499678369746e-01,-3.681194817180613033e-01,-9.223272748547666211e-01,-2.670041462049448922e-01,-7.749421386024288871e-01,1.787363686104488925e-01,0.000000000000000000e+00
8.599999999999999645e+00,-1.985569969381624444e+00,1.021528208699429729e+00,-1.924700139698467316e+00,8.261411294560039309e-01,-4.116582740139526631e-01,-9.349103414790742583e-01,-2.863093869861796370e-01,-7.749426434920456686e-01,2.032289543307513047e-01,0.000000000000000000e+00
8.700000000000001066e+00,-2.018095912769277245e+00,1.057368187657856007e+00,-1.946477324123603303e+00,8.322550178257401843e-01,-4.573459693833794582e-01,-9.533426186632149024e-01,-3.053594572031601007e-01,-7.742118680262622954e-01,2.349206796100889449e-01,0.000000000000000000e+00
8.800000000000000711e+00,-2.019774850841856484e+00,1.070606645422425007e+00,-1.967903825644957472e+00,8.379814431015335519e-01,-4.646920205739450971e-01,-9.644998264580258995e-01,-3.240914574531672532e-01,-7.727726872686498938e-01,2.377557869992278361e-01,2.000000000000000000e+00
8.900000000000000355e+00,-2.019061079699494776e+00,1.072217042308277968e+00,-1.988946059307658665e+00,8.433099333078721838e-01,-4.647014199623222819e-01,-9.662825550020620602e-01,-3.424431153028784092e-01,-7.706519035189540734e-01,2.306912327287421183e-01,2.000000000000000000e+00
9.000000000000000000e+00,-2.019049247045699325e+00,1.073143993284393360e+00,-2.009569768457738270e+00,8.482300164692441191e-01,-4.650917191190690470e-01,-9.671234270398184618e-01,-3.603530610436825321e-01,-7.678800897509077128e-01,2.250957439612205901e-01,2.000000000000000000e+00
9.099999999999999645e+00,-2.019845085352076186e+00,1.074856919810203371e+00,-2.029740024742130000e+00,8.527312206101375081e-01,-4.666048420929232998e-01,-9.682960907694071473e-01,-3.777610882073123011e-01,-7.644913961842095818e-01,2.223276099350970925e-01,0.000000000000000000e+00
9.200000000000001066e+00,-2.019845085352076186e+00,1.074856919810203371e+00,-2.049421228108670334e+00,8.568030737550402787e-01,-4.666048420929232998e-01,-9.682960907694071473e-01,-3.946083957923381402e-01,-7.605233205933151774e-01,2.198931838565265084e-01,0.000000000000000000e+00
9.300000000000000711e+00,-2.019845085352076186e+00,1.074856919810203371e+00,-2.068577106806098520e+00,8.604351039284404701e-01,-4.666048420929232998e-01,-9.682960907694071473e-01,-4.108378093841242862e-01,-7.560164432423411851e-01,2.194825976959440261e-01,0.000000000000000000e+00
9.400000000000000355e+00,-2.019845085352076186e+00,1.074856919810203371e+00,-2.087170717384054797e+00,8.636168391548262324e-01,-4.666048420929232998e-01,-9.682960907694071473e-01,-4.263939786407812127e-01,-7.510141275972496144e-01,2.209714123128004026e-01,0.000000000000000000e+00
9.500000000000000000e+00,-2.019845085352076186e+00,1.074856919810203371e+00,-2.105164444693084391e+00,8.663378074586853828e-01,-4.666048420929232998e-01,-9.682960907694071473e-01,-4.412235489647143294e-01,-7.455621881984791921e-01,2.241753808858940877e-01,0.000000000000000000e+00
9.600000000000001421e+00,-2.019845085352076186e+00,1.074856919810203371e+00,-2.122520001884634411e+00,8.685875368645059602e-01,-4.666048420929232998e-01,-9.682960907694071473e-01,-4.552753055821927575e-01,-7.397085272750277829e-01,2.288681554560286491e-01,0.000000000000000000e+00
9.700000000000001066e+00,-2.019845085352076186e+00,1.074856919810203371e+00,-2.139198430411052954e+00,8.703555553967763370e-01,-4.666048420929232998e-01,-9.682960907694071473e-01,-4.685002887101992752e-01,-7.335027418411541600e-01,2.348009996120614951e-01,0.000000000000000000e+00
9.800000000000000711e+00,-2.019845085352076186e+00,1.074856919810203371e+00,-2.155160100025592662e+00,8.716313910799841080e-01,-4.666048420929232998e-01,-9.682960907694071473e-01,-4.808518789983948771e-01,-7.269957031370550826e-01,2.417206137922648101e-01,0.000000000000000000e+00
9.900000000000000355e+00,-2.019845085352076186e+00,1.074856919810203371e+00,-2.170364708782407170e+00,8.724045719386176456e-01,-4.666048420929232998e-01,-9.682960907694071473e-01,-4.922858529918584525e-01,-7.202391103539719230e-01,2.493827978301928483e-01,0.000000000000000000e+00
1.000000000000000000e+01,-2.019845085352076186e+00,1.074856919810203371e+00,-2.184771283036554212e+00,8.726646259971647668e-01,-4.666048420929232998e-01,-9.682960907694071473e-01,-5.027604089646471319e-01,-7.132850206225224143e-01,2.575613925130765258e-01,0.000000000000000000e+00
1.010000000000000142e+01,-2.019845085352076186e+00,1.074856919810203371e+00,-2.198765014232945347e+00,8.726646259971647668e-01,-4.666048420929232998e-01,-9.682960907694071473e-01,-5.126923764390665106e-01,-7.061799180152562583e-01,2.661370865576438427e-01,0.000000000000000000e+00
1.020000000000000107e+01,-2.019845085352076186e+00,1.074856919810203371e+00,-2.212758745429336482e+00,8.726646259971647668e-01,-4.666048420929232998e-01,-9.682960907694071473e-01,-5.225239478170058405e-01,-6.989365303262539131e-01,2.751027429654416268e-01,0.000000000000000000e+00
1.030000000000000071e+01,-2.019845085352076186e+00,1.074856919810203371e+00,-2.226752476625727617e+00,8.726646259971647668e-01,-4.666048420929232998e-01,-9.682960907694071473e-01,-5.322531978672075947e-01,-6.915562759652338354e-01,2.844198159652648883e-01,0.000000000000000000e+00
1.040000000000000036e+01,-2.019845085352076186e+00,1.074856919810203371e+00,-2.240746207822118308e+00,8.726646259971647668e-01,-4.666048420929232998e-01,-9.682960907694071473e-01,-5.418782213951111038e-01,-6.840406001433265715e-01,2.940531679520640984e-01,0.000000000000000000e+00
1.050000000000000000e+01,-2.019845085352076186e+00,1.074856919810203371e+00,-2.254739939018509887e+00,8.726646259971647668e-01,-4.666048420929232998e-01,-9.682960907694071473e-01,-5.513971336159319003e-01,-6.763909745900705817e-01,3.039709353760567390e-01,0.000000000000000000e+00
1.060000000000000142e+01,-2.019845085352076186e+00,1.074856919810203371e+00,-2.268733670214900577e+00,8.726646259971647668e-01,-4.666048420929232998e-01,-9.682960907694071473e-01,-5.608080705237391550e-01,-6.686088972652191043e-01,3.141443333838844221e-01,0.000000000000000000e+00
1.070000000000000107e+01,-2.019845085352076186e+00,1.074856919810203371e+00,-2.282727401411291712e+00,8.726646259971647668e-01,-4.666048420929232998e-01,-9.682960907694071473e-01,-5.701091892564721375e-01,-6.606958920654035783e-01,3.245474266181984646e-01,0.000000000000000000e+00
1.080000000000000071e+01,-2.019845085352076186e+00,1.074856919810203371e+00,-2.296721132607682847e+00,8.726646259971647668e-01,-4.666048420929232998e-01,-9.682960907694071473e-01,-5.792986684568091071e-01,-6.526535085257255675e-01,3.351568859892228303e-01,0.000000000000000000e+00
1.090000000000000036e+01,-2.019845085352076186e+00,1.074856919810203371e+00,-2.310714863804073538e+00,8.726646259971647668e-01,-4.666048420929232998e-01,-9.682960907694071473e-01,-5.883747086288279027e-01,-6.444833215163238149e-01,3.459517450852396259e-01,0.000000000000000000e+00
1.100000000000000000e+01,-2.019845085352076186e+00,1.074856919810203371e+00,-2.324708595000465117e+00,8.726646259971647668e-01,-4.666048420929232998e-01,-9.682960907694071473e-01,-5.973355324903879549e-01,-6.361869309339794887e-01,3.569131651514012016e-01,0.000000000000000000e+00
1.110000000000000142e+01,-2.019845085352076186e+00,1.074856919810203371e+00,-2.338702326196855807e+00,8.726646259971647668e-01,-4.666048420929232998e-01,-9.682960907694071473e-01,-6.061793853211562277e-01,-6.277659613888256773e-01,3.680242140584304433e-01,0.000000000000000000e+00
1.120000000000000107e+01,-2.019845085352076186e+00,1.074856919810203371e+00,-2.352696057393246942e+00,8.726646259971647668e-01,-4.666048420929232998e-01,-9.682960907694071473e-01,-6.149045353062230213e-01,-6.192220618862100956e-01,3.792696621770661469e-01,2.000000000000000000e+00
1.130000000000000071e+01,-2.019845085352076186e+00,1.074856919810203371e+00,-2.366689788589638077e+00,8.726646259971647668e-01,-4.666048420929232998e-01,-9.682960907694071473e-01,-6.235092738752250341e-01,-6.105569055037876058e-01,3.906357963467201322e-01,0.000000000000000000e+00
1.140000000000000036e+01,-2.019845085352076186e+00,1.074856919810203371e+00,-2.380683519786029212e+00,8.726646259971647668e-01,-4.666048420929232998e-01,-9.682960907694071473e-01,-6.319919160369215083e-01,-6.017721890638950688e-01,4.021102519822012389e-01,0.000000000000000000e+00
1.150000000000000000e+01,-2.019845085352076186e+00,1.074856919810203371e+00,-2.394677250982420347e+00,8.726646259971647668e-01,-4.666048420929232998e-01,-9.682960907694071473e-01,-6.403508007091505139e-01,-5.928696328012771355e-01,4.136818626408074184e-01,0.000000000000000000e+00
1.160000000000000142e+01,-2.019845085352076186e+00,1.074856919810203371e+00,-2.408670982178811037e+00,8.726646259971647668e-01,-4.666048420929232998e-01,-9.682960907694071473e-01,-6.485842910441054210e-01,-5.838509800262278171e-01,4.253405259493989732e-01,0.000000000000000000e+00
1.170000000000000107e+01,-2.019845085352076186e+00,1.074856919810203371e+00,-2.422664713375202616e+00,8.726646259971647668e-01,-4.666048420929232998e-01,-9.682960907694071473e-01,-6.566907747488637259e-01,-5.747179967832123371e-01,4.370770845737451116e-01,0.000000000000000000e+00
1.180000000000000071e+01,-2.019845085352076186e+00,1.074856919810203371e+00,-2.436658444571593307e+00,8.726646259971647668e-01,-4.666048420929232998e-01,-9.682960907694071473e-01,-6.646686644011079448e-01,-5.654724715050405415e-01,4.488832208320684414e-01,0.000000000000000000e+00
1.190000000000000036e+01,-2.019845085352076186e+00,1.074856919810203371e+00,-2.450652175767984442e+00,8.726646259971647668e-01,-4.666048420929232998e-01,-9.682960907694071473e-01,-6.725163977599780685e-01,-5.561162146626498215e-01,4.607513635623972648e-01,0.000000000000000000e+00
1.200000000000000000e+01,-2.019845085352076186e+00,1.074856919810203371e+00,-2.464645906964375577e+00,8.726646259971647668e-01,-4.666048420929232998e-01,-9.682960907694071473e-01,-6.802324380719906305e-01,-5.466510584105795933e-01,4.726746059147586276e-01,0.000000000000000000e+00
1.210000000000000142e+01,-2.019845085352076186e+00,1.074856919810203371e+00,-2.478639638160766268e+00,8.726646259971647668e-01,-4.666048420929232998e-01,-9.682960907694071473e-01,-6.878152743719676554e-01,-5.370788562281951783e-01,4.846466328310269911e-01,0.000000000000000000e+00
1.220000000000000107e+01,-2.019845085352076186e+00,1.074856919810203371e+00,-2.492633369357157846e+00,8.726646259971647668e-01,-4.666048420929232998e-01,-9.682960907694071473e-01,-6.952634217789175342e-01,-5.274014825567353570e-01,4.966616570815805543e-01,0.000000000000000000e+00
1.230000000000000071e+01,-2.019845085352076186e+00,1.074856919810203371e+00,-2.506627100553548537e+00,8.726646259971647668e-01,-4.666048420929232998e-01,-9.682960907694071473e-01,-7.025754217868032114e-01,-5.176208324322612020e-01,5.087143628386355809e-01,2.000000000000000000e+00
1.240000000000000036e+01,-2.019845085352076186e+00,1.074856919810203371e+00,-2.520620831749939672e+00,8.726646259971647668e-01,-4.666048420929232998e-01,-9.682960907694071473e-01,-7.097498425501523878e-01,-5.077388211145621444e-01,5.207998558748567763e-01,0.000000000000000000e+00
1.250000000000000000e+01,-2.019845085352076186e+00,1.074856919810203371e+00,-2.534614562946330807e+00,8.726646259971647668e-01,-4.666048420929232998e-01,-9.682960907694071473e-01,-7.167852791644406807e-01,-4.977573837121116451e-01,5.329136195786770003e-01,2.000000000000000000e+00
1.260000000000000142e+01,-2.019845085352076186e+00,1.074856919810203371e+00,-2.548608294142721942e+00,8.726646259971647668e-01,-4.666048420929232998e-01,-9.682960907694071473e-01,-7.236803539412031139e-01,-4.876784748031293693e-01,5.450514760728233377e-01,2.000000000000000000e+00
1.270000000000000107e+01,-2.019845085352076186e+00,1.074856919810203371e+00,-2.562602025339113077e+00,8.726646259971647668e-01,-4.666048420929232998e-01,-9.682960907694071473e-01,-7.304337166778145374e-01,-4.775040680528341297e-01,5.572095518087925026e-01,0.000000000000000000e+00
1.280000000000000071e+01,-2.019845085352076186e+00,1.074856919810203371e+00,-2.576595756535503767e+00,8.726646259971647668e-01,-4.666048420929232998e-01,-9.682960907694071473e-01,-7.370440449218881307e-01,-4.672361558269577664e-01,5.693842470874107553e-01,2.000000000000000000e+00
1.290000000000000036e+01,-2.019845085352076186e+00,1.074856919810203371e+00,-2.590589487731895346e+00,8.726646259971647668e-01,-4.666048420929232998e-01,-9.682960907694071473e-01,-7.435100442302405854e-01,-4.568767488015966216e-01,5.815722090243797826e-01,2.000000000000000000e+00
1.300000000000000000e+01,-2.019845085352076186e+00,1.074856919810203371e+00,-2.604583218928286037e+00,8.726646259971647668e-01,-4.666048420929232998e-01,-9.682960907694071473e-01,-7.498304484223692334e-01,-4.464278755694811029e-01,5.937703075404147102e-01,2.000000000000000000e+00
1.310000000000000142e+01,-2.019845085352076186e+00,1.074856919810203371e+00,-2.618576950124677172e+00,8.726646259971647668e-01,-4.666048420929232998e-01,-9.682960907694071473e-01,-7.560040198284005974e-01,-4.358915822427301134e-01,6.059756140089326282e-01,2.000000000000000000e+00
1.320000000000000107e+01,-2.019845085352076186e+00,1.074856919810203371e+00,-2.632570681321068307e+00,8.726646259971647668e-01,-4.666048420929232998e-01,-9.682960907694071473e-01,-7.620295495314498568e-01,-4.252699320521816095e-01,6.181853822408974741e-01,2.000000000000000000e+00
1.330000000000000071e+01,-2.019845085352076186e+00,1.074856919810203371e+00,-2.646564412517458997e+00,8.726646259971647668e-01,-4.666048420929232998e-01,-9.682960907694071473e-01,-7.679058576043532591e-01,-4.145650049433673434e-01,6.303970315271987257e-01,2.000000000000000000e+00
1.340000000000000036e+01,-2.019845085352076186e+00,1.074856919810203371e+00,-2.660558143713850576e+00,8.726646259971647668e-01,-4.666048420929232998e-01,-9.682960907694071473e-01,-7.736317933407244052e-01,-4.037788971692133910e-01,6.426081314944266376e-01,0.000000000000000000e+00
1.350000000000000000e+01,-2.019845085352076186e+00,1.074856919810203371e+00,-2.674551874910241267e+00,8.726646259971647668e-01,-4.666048420929232998e-01,-9.682960907694071473e-01,-7.792062354802842261e-01,-3.929137208795530634e-01,6.548163885607816148e-01,0.000000000000000000e+00
1.360000000000000142e+01,-2.068848666447246742e+00,1.110689080519495775e+00,-2.688545606106632402e+00,8.726646259971647668e-01,-5.305932757166936797e-01,-9.757566342841188511e-01,-7.846280924284307901e-01,-3.819716037075181481e-01,6.458439057842231268e-01,0.000000000000000000e+00
1.370000000000000107e+01,-2.118667832074776047e+00,1.165167519325120971e+00,-2.702539337303023537e+00,8.726646259971647668e-01,-6.069024980134432035e-01,-9.946279233941196507e-01,-7.898963024699946489e-01,-3.709546883529067918e-01,6.499654118307023332e-01,0.000000000000000000e+00
1.380000000000000071e+01,-2.122292046130391352e+00,1.186694987033935389e+00,-2.716533068499414671e+00,8.726646259971647668e-01,-6.217828191417112960e-01,-1.010757695034600445e+00,-7.950098339771459743e-01,-3.598651321625952471e-01,6.735493501376742520e-01,0.000000000000000000e+00
1.390000000000000036e+01,-2.147071367421180987e+00,1.220498037917549849e+00,-2.730526799695805806e+00,8.726646259971647668e-01,-6.650546932117061827e-01,-1.023385418890494281e+00,-7.999676856114096291e-01,-3.487051067080841338e-01,6.880370914164415375e-01,0.000000000000000000e+00
1.400000000000000000e+01,-2.172810118093103871e+00,1.257279148710053862e+00,-2.744520530892196497e+00,8.726646259971647668e-01,-7.120014328237215251e-01,-1.036245539164365015e+00,-8.047688865197477615e-01,-3.374767973602583737e-01,7.048996772504145802e-01,0.000000000000000000e+00
1.410000000000000142e+01,-2.172954970086868887e+00,1.265360802435544274e+00,-2.758514262088588076e+00,8.726646259971647668e-01,-7.167291602078785795e-01,-1.042802604162472058e+00,-8.094124965246746184e-01,-3.261824028614435100e-01,7.225888967757108095e-01,0.000000000000000000e+00
1.420000000000000107e+01,-2.174389157311450660e+00,1.273544760707267631e+00,-2.772507993284978767e+00,8.726646259971647668e-01,-7.228692451315610334e-01,-1.048511474409249633e+00,-8.138976063083620538e-01,-3.148241348948489504e-01,7.393127042748917077e-01,0.000000000000000000e+00
1.430000000000000071e+01,-2.175022140512723023e+00,1.274830299058250960e+00,-2.786501724481369902e+00,8.726646259971647668e-01,-7.242631370722262263e-01,-1.049111624030182544e+00,-8.182233375907045358e-01,-3.034042176514679667e-01,7.516036556653660217e-01,0.000000000000000000e+00
1.440000000000000036e+01,-2.175330593561548120e+00,1.275652147208371945e+00,-2.800495455677761036e+00,8.726646259971647668e-01,-7.250538254787023407e-01,-1.049564362407579665e+00,-8.223888433013045729e-01,-2.919248873945381462e-01,7.638662708829101478e-01,0.000000000000000000e+00
1.450000000000000000e+01,-2.175821321524976426e+00,1.276651740179218564e+00,-2.814489186874152171e+00,8.726646259971647668e-01,-7.261373398617364527e-01,-1.050030584964622982e+00,-8.263933077453469167e-01,-2.803883920216309611e-01,7.761445511335999248e-01,0.000000000000000000e+00
1.460000000000000142e+01,-2.176200188421414605e+00,1.277618308271777803e+00,-2.828482918070542862e+00,8.726646259971647668e-01,-7.270851778682390076e-01,-1.050550182407080868e+00,-8.302359467633293466e-01,-2.687969906244669915e-01,7.885290952057207869e-01,0.000000000000000000e+00
1.470000000000000107e+01,-2.176467791355610970e+00,1.277986503523439232e+00,-2.842476649266933997e+00,8.726646259971647668e-01,-7.275759009382727349e-01,-1.050658275350233151e+00,-8.339160078846178381e-01,-2.571529530465351820e-01,8.005990974699233043e-01,0.000000000000000000e+00
1.480000000000000071e+01,-2.176763296457213670e+00,1.278759889207079059e+00,-2.856470380463325132e+00,8.726646259971647668e-01,-7.283268313888172640e-01,-1.051078912795812004e+00,-8.374327704747962509e-01,-2.454585594386122505e-01,8.129749440709798103e-01,0.000000000000000000e+00
1.490000000000000036e+01,-2.177552842798664567e+00,1.279975002382353066e+00,-2.870464111659716266e+00,8.726646259971647668e-01,-7.298493445450391359e-01,-1.051501755105944458e+00,-8.407855458767816703e-01,-2.337160998122585209e-01,8.252758440485461477e-01,0.000000000000000000e+00
1.500000000000000000e+01,-2.178599750754524500e+00,1.281665870180486611e+00,-2.884457842856107401e+00,8.726646259971647668e-01,-7.319153664692938932e-01,-1.052125134720971911e+00,-8.439736775456788687e-01,-2.219278735913853828e-01,8.377258247591264917e-01,0.000000000000000000e+00
1.510000000000000142e+01,-2.179263127902028696e+00,1.282800354846501012e+00,-2.898451574052498536e+00,8.726646259971647668e-01,-7.332616440398229685e-01,-1.052570240779362232e+00,-8.469965411773446862e-01,-2.100961891619789468e-01,8.501165534651657918e-01,0.000000000000000000e+00
1.520000000000000107e+01,-2.179844113227341396e+00,1.283742469115431550e+00,-2.912445305248889227e+00,8.726646259971647668e-01,-7.344120191776508655e-01,-1.052916764563082808e+00,-8.498535448306411277e-01,-1.982233634200694372e-01,8.624543789688252637e-01,0.000000000000000000e+00
1.530000000000000071e+01,-2.180379530675625954e+00,1.284637666048700666e+00,-2.926439036445280362e+00,8.726646259971647668e-01,-7.354881872167003953e-01,-1.053257356725195049e+00,-8.525441290433495301e-01,-1.863117213180320031e-01,8.748124531969430073e-01,0.000000000000000000e+00
1.540000000000000036e+01,-2.180772866471432980e+00,1.285244558726683195e+00,-2.940432767641671497e+00,8.726646259971647668e-01,-7.362500715286345310e-01,-1.053465427961747247e+00,-8.550677669417252602e-01,-1.743635954093136209e-01,8.870950776215168476e-01,0.000000000000000000e+00
1.550000000000000000e+01,-2.181168755977616058e+00,1.285852864186242783e+00,-2.954426498838062631e+00,8.726646259971647668e-01,-7.370157338013604287e-01,-1.053672338284158627e+00,-8.574239643436709635e-01,-1.623813253916679133e-01,8.993874646920826388e-01,0.000000000000000000e+00
1.560000000000000142e+01,-2.181425170023558291e+00,1.286329608663556945e+00,-2.968420230034453766e+00,8.726646259971647668e-01,-7.375592430293176349e-01,-1.053873913305837240e+00,-8.596122598555077099e-01,-1.503672576489929746e-01,9.117133407670361400e-01,0.000000000000000000e+00
1.570000000000000107e+01,-2.181749077130490821e+00,1.286792717339384495e+00,-2.982413961230844901e+00,8.726646259971647668e-01,-7.381662230040637596e-01,-1.054014290516780417e+00,-8.616322249623258323e-01,-1.383237447918593266e-01,9.239767470935410509e-01,0.000000000000000000e+00
1.580000000000000071e+01,-2.181749077130490821e+00,1.286792717339384495e+00,-2.996407692427235592e+00,8.726646259971647668e-01,-7.381662230040637596e-01,-1.054014290516780417e+00,-8.634834641118974696e-01,-1.262531451968188778e-01,9.361864951409445412e-01,0.000000000000000000e+00
1.590000000000000036e+01,-2.181749077130490821e+00,1.286792717339384495e+00,-3.010401423623626727e+00,8.726646259971647668e-01,-7.381662230040637596e-01,-1.054014290516780417e+00,-8.651656147921339413e-01,-1.141578225445831485e-01,9.483981368094906994e-01,0.000000000000000000e+00
1.600000000000000000e+01,-2.181749077130490821e+00,1.286792717339384495e+00,-3.024395154820017861e+00,8.726646259971647668e-01,-7.381662230040637596e-01,-1.054014290516780417e+00,-8.666783476020730737e-01,-1.020401453571664063e-01,9.606092541825068665e-01,0.000000000000000000e+00
1.610000000000000142e+01,-2.181749077130490821e+00,1.286792717339384495e+00,-3.038388886016408996e+00,8.726646259971647668e-01,-7.381662230040637596e-01,-1.054014290516780417e+00,-8.680213663163836024e-01,-8.990248653407707791e-02,9.728175208246641059e-01,0.000000000000000000e+00
1.619999999999999929e+01,-2.181749077130490821e+00,1.286792717339384495e+00,-3.052382617212800131e+00,8.726646259971647668e-01,-7.381662230040637596e-01,-1.054014290516780417e+00,-8.691944079433718828e-01,-7.774722288765380240e-02,9.850206965265568826e-01,0.000000000000000000e+00
1.630000000000000071e+01,-2.181749077130490821e+00,1.286792717339384495e+00,-3.066376348409191266e+00,8.726646259971647668e-01,-7.381662230040637596e-01,-1.054014290516780417e+00,-8.701972427764813611e-01,-6.557673467763490416e-02,9.972166223922505068e-01,0.000000000000000000e+00
1.640000000000000213e+01,-2.181749077130490821e+00,1.286792717339384495e+00,-3.080370079605581957e+00,8.726646259971647668e-01,-7.381662230040637596e-01,-1.054014290516780417e+00,-8.710296744392739265e-01,-5.339340514505320351e-02,1.009403216246795854e+00,0.000000000000000000e+00
1.650000000000000000e+01,-2.181749077130490821e+00,1.286792717339384495e+00,-3.094363810801973091e+00,8.726646259971647668e-01,-7.381662230040637596e-01,-1.054014290516780417e+00,-8.716915399238851503e-01,-4.119962004554504620e-02,1.021578468342151158e+00,0.000000000000000000e+00
1.660000000000000142e+01,-2.181749077130490821e+00,1.286792717339384495e+00,-3.108357541998364226e+00,8.726646259971647668e-01,-7.381662230040637596e-01,-1.054014290516780417e+00,-8.721827096229436416e-01,-2.899776718217083465e-02,1.033740437341327256e+00,0.000000000000000000e+00
1.669999999999999929e+01,-2.181749077130490821e+00,1.286792717339384495e+00,-3.122351273194755361e+00,8.726646259971647668e-01,-7.381662230040637596e-01,-1.054014290516780417e+00,-8.725030873549523003e-01,-1.679023593783073379e-02,1.045887246561896466e+00,0.000000000000000000e+00
1.680000000000000071e+01,-2.181749077130490821e+00,1.286792717339384495e+00,-3.136345004391146496e+00,8.726646259971647668e-01,-7.381662230040637596e-01,-1.054014290516780417e+00,-8.726526103831213632e-01,-4.579416807372952564e-03,1.058017080461251203e+00,0.000000000000000000e+00
1.690000000000000213e+01,-2.181749077130490821e+00,1.286792717339384495e+00,-3.150338735587537631e+00,8.726646259971647668e-01,-7.381662230040637596e-01,-1.054014290516780417e+00,-8.726312494276546872e-01,7.632299070516125432e-03,1.070128181347185681e+00,0.000000000000000000e+00
1.700000000000000000e+01,-2.181749077130490821e+00,1.286792717339384495e+00,-3.164332466783928322e+00,8.726646259971647668e-01,-7.381662230040637596e-01,-1.054014290516780417e+00,-8.724390086714826076e-01,1.984252038154745226e-02,1.082218846298481196e+00,0.000000000000000000e+00
1.710000000000000142e+01,-2.181749077130490821e+00,1.286792717339384495e+00,-3.178326197980319456e+00,8.726646259971647668e-01,-7.381662230040637596e-01,-1.054014290516780417e+00,-8.720759257594433711e-01,3.204885610410120045e-02,1.094287424281246590e+00,0.000000000000000000e+00
1.719999999999999929e+01,-2.181749077130490821e+00,1.286792717339384495e+00,-3.192319929176710591e+00,8.726646259971647668e-01,-7.381662230040637596e-01,-1.054014290516780417e+00,-8.715420717909108106e-01,4.424891597743742938e-02,1.106332313447714988e+00,0.000000000000000000e+00
1.730000000000000071e+01,-2.181749077130490821e+00,1.286792717339384495e+00,-3.206313660373101726e+00,8.726646259971647668e-01,-7.381662230040637596e-01,-1.054014290516780417e+00,-8.708375513058724815e-01,5.644031096976163953e-02,1.118351958605161567e+00,0.000000000000000000e+00
1.740000000000000213e+01,-2.182048027745183028e+00,1.287009622022359911e+00,-3.220307391569492861e+00,8.726646259971647668e-01,-7.386057683056069800e-01,-1.053971197995382525e+00,-8.699625022644575933e-01,6.862065374604776891e-02,1.130250882394077117e+00,0.000000000000000000e+00
1.750000000000000000e+01,-2.182805097661411509e+00,1.287678514673654684e+00,-3.234301122765883996e+00,8.726646259971647668e-01,-7.397877738303587636e-01,-1.053959205492922102e+00,-8.689170960199222860e-01,8.078755913552923551e-02,1.142070313809037785e+00,0.000000000000000000e+00
1.760000000000000142e+01,-2.183289122366864010e+00,1.288227863846437282e+00,-3.248294853962274686e+00,8.726646259971647668e-01,-7.406136551705398974e-01,-1.054050493555829471e+00,-8.677015372850942487e-01,9.293864459876585715e-02,1.154008411072027007e+00,0.000000000000000000e+00
1.769999999999999929e+01,-2.183611223512607502e+00,1.288692007419565133e+00,-3.262288585158665821e+00,8.726646259971647668e-01,-7.412200901957544108e-01,-1.054191570767508024e+00,-8.663160640922860090e-01,1.050715306941974181e-01,1.165993113657080693e+00,0.000000000000000000e+00
1.780000000000000071e+01,-2.183819478837103922e+00,1.288966563575211888e+00,-3.276282316355056956e+00,8.726646259971647668e-01,-7.415975790244646593e-01,-1.054261747764730250e+00,-8.647609477466832173e-01,1.171838415440867032e-01,1.177902366117874244e+00,0.000000000000000000e+00
1.790000000000000213e+01,-2.184037646908599584e+00,1.289146621341004550e+00,-3.290276047551448091e+00,8.726646259971647668e-01,-7.419311946852084061e-01,-1.054247178638817450e+00,-8.630364927732171454e-01,1.292732052997686010e-01,1.189700379264932106e+00,0.000000000000000000e+00
1.800000000000000000e+01,-2.184096933093578663e+00,1.289241916383955910e+00,-3.304269778747839226e+00,8.726646259971647668e-01,-7.420485446109715832e-01,-1.054281118299153608e+00,-8.611430368569321647e-01,1.413372546061081314e-01,1.201535181221069726e+00,0.000000000000000000e+00
1.810000000000000142e+01,-2.184290979625363338e+00,1.289466867450220544e+00,-3.318263509944230361e+00,8.726646259971647668e-01,-7.423826209379364993e-01,-1.054321035729253175e+00,-8.590809507768598641e-01,1.533736270650792599e-01,1.213319784199165863e+00,0.000000000000000000e+00
1.819999999999999929e+01,-2.184452976925300050e+00,1.289552751788864304e+00,-3.332257241140621051e+00,8.726646259971647668e-01,-7.426028657800831656e-01,-1.054270972464593559e+00,-8.568506383334126841e-01,1.653799656983721833e-01,1.224990189550593689e+00,0.000000000000000000e+00
1.830000000000000071e+01,-2.184452976925300050e+00,1.289552751788864304e+00,-3.346250972337012186e+00,8.726646259971647668e-01,-7.426028657800831656e-01,-1.054270972464593559e+00,-8.544525362693109471e-01,1.773539194089415461e-01,1.236693261512751052e+00,0.000000000000000000e+00
1.840000000000000213e+01,-2.184452976925300050e+00,1.289552751788864304e+00,-3.360244703533403321e+00,8.726646259971647668e-01,-7.426028657800831656e-01,-1.054270972464593559e+00,-8.518871141840598238e-01,1.892931434413991088e-01,1.248356822914936881e+00,0.000000000000000000e+00
1.850000000000000000e+01,-2.184452976925300050e+00,1.289552751788864304e+00,-3.374238434729794456e+00,8.726646259971647668e-01,-7.426028657800831656e-01,-1.054270972464593559e+00,-8.491548744419912254e-01,2.011952998411683236e-01,1.259979718665031889e+00,0.000000000000000000e+00
1.860000000000000142e+01,-2.184452976925300050e+00,1.289552751788864304e+00,-3.388232165926185591e+00,8.726646259971647668e-01,-7.426028657800831656e-01,-1.054270972464593559e+00,-8.462563520738903833e-01,2.130580579123053098e-01,1.271560819016106292e+00,0.000000000000000000e+00
1.869999999999999929e+01,-2.184452976925300050e+00,1.289552751788864304e+00,-3.402225897122576725e+00,8.726646259971647668e-01,-7.426028657800831656e-01,-1.054270972464593559e+00,-8.431921146722253235e-01,2.248790946738987995e-01,1.283099018491205445e+00,0.000000000000000000e+00
1.880000000000000071e+01,-2.184452976925300050e+00,1.289552751788864304e+00,-3.416219628318967416e+00,8.726646259971647668e-01,-7.426028657800831656e-01,-1.054270972464593559e+00,-8.399627622800004412e-01,2.366560953149587920e-01,1.294593234870469844e+00,0.000000000000000000e+00
1.890000000000000213e+01,-2.184452976925300050e+00,1.289552751788864304e+00,-3.430213359515358551e+00,8.726646259971647668e-01,-7.426028657800831656e-01,-1.054270972464593559e+00,-8.365689272732548254e-01,2.483867536477078475e-01,1.306042408236658403e+00,0.000000000000000000e+00
1.900000000000000000e+01,-2.184452976925300050e+00,1.289552751788864304e+00,-3.444207090711749686e+00,8.726646259971647668e-01,-7.426028657800831656e-01,-1.054270972464593559e+00,-8.330112742372298706e-01,2.600687725591790400e-01,1.317445500075395959e+00,0.000000000000000000e+00
1.910000000000000142e+01,-2.184452976925300050e+00,1.289552751788864304e+00,-3.458200821908140821e+00,8.726646259971647668e-01,-7.426028657800831656e-01,-1.054270972464593559e+00,-8.292904998362294888e-01,2.716998644610412739e-01,1.328801492426735953e+00,0.000000000000000000e+00
1.920000000000000284e+01,-2.184452976925300050e+00,1.289552751788864304e+00,-3.472194553104531956e+00,8.726646259971647668e-01,-7.426028657800831656e-01,-1.054270972464593559e+00,-8.254073326771975694e-01,2.832777517375578147e-01,1.340109387084844617e+00,0.000000000000000000e+00
1.930000000000000071e+01,-2.184452976925300050e+00,1.289552751788864304e+00,-3.486188284300923090e+00,8.726646259971647668e-01,-7.426028657800831656e-01,-1.054270972464593559e+00,-8.213625331670425522e-01,2.948001671915915778e-01,1.351368204842833709e+00,0.000000000000000000e+00
1.940000000000000213e+01,-2.184452976925300050e+00,1.289552751788864304e+00,-3.500182015497313781e+00,8.726646259971647668e-01,-7.426028657800831656e-01,-1.054270972464593559e+00,-8.171568933637324283e-01,3.062648544885704927e-01,1.362576984779969580e+00,0.000000000000000000e+00
1.950000000000000000e+01,-2.184452976925300050e+00,1.289552751788864304e+00,-3.514175746693704916e+00,8.726646259971647668e-01,-7.426028657800831656e-01,-1.054270972464593559e+00,-8.127912368211926974e-01,3.176695685983273454e-01,1.373734783588675290e+00,0.000000000000000000e+00
1.960000000000000142e+01,-2.184452976925300050e+00,1.289552751788864304e+00,-3.528169477890096051e+00,8.726646259971647668e-01,-7.426028657800831656e-01,-1.054270972464593559e+00,-8.082664184280382580e-01,3.290120762347223393e-01,1.384840674938898841e+00,0.000000000000000000e+00
1.970000000000000284e+01,-2.184452976925300050e+00,1.289552751788864304e+00,-3.542163209086487186e+00,8.726646259971647668e-01,-7.426028657800831656e-01,-1.054270972464593559e+00,-8.035833242401673182e-01,3.402901562929696588e-01,1.395893748877603757e+00,0.000000000000000000e+00
1.980000000000000071e+01,-2.184452976925300050e+00,1.289552751788864304e+00,-3.556156940282878320e+00,8.726646259971647668e-01,-7.426028657800831656e-01,-1.054270972464593559e+00,-7.987428713072519670e-01,3.515016002845765541e-01,1.406893111261268148e+00,0.000000000000000000e+00
1.990000000000000213e+01,-2.184452976925300050e+00,1.289552751788864304e+00,-3.570150671479269455e+00,8.726646259971647668e-01,-7.426028657800831656e-01,-1.054270972464593559e+00,-7.937460074931617093e-01,3.626442127698127349e-01,1.417837883219423833e+00,0.000000000000000000e+00
2.000000000000000000e+01,-2.184452976925300050e+00,1.289552751788864304e+00,-3.584144402675660146e+00,8.726646259971647668e-01,-7.426028657800831656e-01,-1.054270972464593559e+00,-7.885937112903506074e-01,3.737158117876238084e-01,1.428727200647393669e+00,0.000000000000000000e+00
2.010000000000000142e+01,-2.184452976925300050e+00,1.289552751788864304e+00,-3.598138133872051281e+00,8.726646259971647668e-01,-7.426028657800831656e-01,-1.054270972464593559e+00,-7.832869916282474421e-01,3.847142292829071608e-01,1.439560213726513327e+00,0.000000000000000000e+00
2.020000000000000284e+01,-2.184452976925300050e+00,1.289552751788864304e+00,-3.612131865068442416e+00,8.726646259971647668e-01,-7.426028657800831656e-01,-1.054270972464593559e+00,-7.778268876756867511e-01,3.956373115310612421e-01,1.450336086470210617e+00,0.000000000000000000e+00
2.030000000000000071e+01,-2.184452976925300050e+00,1.289552751788864304e+00,-3.626125596264833550e+00,8.726646259971647668e-01,-7.426028657800831656e-01,-1.054270972464593559e+00,-7.722144686374167177e-01,4.064829195597320921e-01,1.461053996294454427e+00,0.000000000000000000e+00
2.040000000000000213e+01,-2.184452976925300050e+00,1.289552751788864304e+00,-3.640119327461224685e+00,8.726646259971647668e-01,-7.426028657800831656e-01,-1.054270972464593559e+00,-7.664508335447260956e-01,4.172489295676696242e-01,1.471713133611148194e+00,0.000000000000000000e+00
2.050000000000000000e+01,-2.184452976925300050e+00,1.289552751788864304e+00,-3.654113058657615820e+00,8.726646259971647668e-01,-7.426028657800831656e-01,-1.054270972464593559e+00,-7.605371110402305845e-01,4.279332333406129507e-01,1.482312701443151859e+00,2.000000000000000000e+00
2.060000000000000142e+01,-2.184452976925300050e+00,1.289552751788864304e+00,-3.668106789854006511e+00,8.726646259971647668e-01,-7.426028657800831656e-01,-1.054270972464593559e+00,-7.544744591568609549e-01,4.385337386641233182e-01,1.492851915059693724e+00,0.000000000000000000e+00
2.070000000000000284e+01,-2.184452976925300050e+00,1.289552751788864304e+00,-3.682100521050397646e+00,8.726646259971647668e-01,-7.426028657800831656e-01,-1.054270972464593559e+00,-7.482640650910944435e-01,4.490483697332858792e-01,1.503330001631013602e+00,0.000000000000000000e+00
2.080000000000000071e+01,-2.184452976925300050e+00,1.289552751788864304e+00,-3.696094252246788781e+00,8.726646259971647668e-01,-7.426028657800831656e-01,-1.054270972464593559e+00,-7.419071449704776056e-01,4.594750675591943168e-01,1.513746199901140566e+00,0.000000000000000000e+00
2.090000000000000213e+01,-2.184452976925300050e+00,1.289552751788864304e+00,-3.710087983443179915e+00,8.726646259971647668e-01,-7.426028657800831656e-01,-1.054270972464593559e+00,-7.354049436154819208e-01,4.698117903721460986e-01,1.524099759877796778e+00,0.000000000000000000e+00
2.100000000000000000e+01,-2.184452976925300050e+00,1.289552751788864304e+00,-3.724081714639571050e+00,8.726646259971647668e-01,-7.426028657800831656e-01,-1.054270972464593559e+00,-7.287587342957413394e-01,4.800565140214643756e-01,1.534389942538460394e+00,0.000000000000000000e+00
2.110000000000000142e+01,-2.184452976925300050e+00,1.289552751788864304e+00,-3.738075445835962185e+00,8.726646259971647668e-01,-7.426028657800831656e-01,-1.054270972464593559e+00,-7.219698184807196162e-01,4.902072323718696389e-01,1.544616019551694919e+00,0.000000000000000000e+00
2.120000000000000284e+01,-2.184452976925300050e+00,1.289552751788864304e+00,-3.752069177032352876e+00,8.726646259971647668e-01,-7.426028657800831656e-01,-1.054270972464593559e+00,-7.150395255848541742e-01,5.002619576963235337e-01,1.554777273012892147e+00,0.000000000000000000e+00
2.130000000000000071e+01,-2.184452976925300050e+00,1.289552751788864304e+00,-3.766062908228744011e+00,8.726646259971647668e-01,-7.426028657800831656e-01,-1.054270972464593559e+00,-7.079692127072281238e-01,5.102187210652693317e-01,1.564872995193646865e+00,0.000000000000000000e+00
2.140000000000000213e+01,-2.184452976925300050e+00,1.289552751788864304e+00,-3.780056639425135145e+00,8.726646259971647668e-01,-7.426028657800831656e-01,-1.054270972464593559e+00,-7.007602643658225050e-01,5.200755727321887401e-01,1.574902488304008141e+00,0.000000000000000000e+00
2.150000000000000000e+01,-2.184452976925300050e+00,1.289552751788864304e+00,-3.794050370621526280e+00,8.726646259971647668e-01,-7.426028657800831656e-01,-1.054270972464593559e+00,-6.934140922263971607e-01,5.298305825154047133e-01,1.584865064266912427e+00,0.000000000000000000e+00
2.160000000000000142e+01,-2.184452976925300050e+00,1.289552751788864304e+00,-3.808044101817917415e+00,8.726646259971647668e-01,-7.426028657800831656e-01,-1.054270972464593559e+00,-6.859321348260570828e-01,5.394818401760520521e-01,1.594760044504135665e+00,0.000000000000000000e+00
2.170000000000000284e+01,-2.184452976925300050e+00,1.289552751788864304e+00,-3.822037833014308550e+00,8.726646259971647668e-01,-7.426028657800831656e-01,-1.054270972464593559e+00,-6.783158572915557460e-01,5.490274557921427379e-01,1.604586759733148682e+00,0.000000000000000000e+00
2.180000000000000071e+01,-2.184452976925300050e+00,1.289552751788864304e+00,-3.836031564210699241e+00,8.726646259971647668e-01,-7.426028657800831656e-01,-1.054270972464593559e+00,-6.705667510523923847e-01,5.584655601286531157e-01,1.614344549774288318e+00,0.000000000000000000e+00
2.190000000000000213e+01,-2.184452976925300050e+00,1.289552751788864304e+00,-3.850025295407090375e+00,8.726646259971647668e-01,-7.426028657800831656e-01,-1.054270972464593559e+00,-6.626863335487575002e-01,5.677943050035606509e-01,1.624032763367697862e+00,0.000000000000000000e+00
2.200000000000000000e+01,-2.184452976925300050e+00,1.289552751788864304e+00,-3.864019026603481510e+00,8.726646259971647668e-01,-7.426028657800831656e-01,-1.054270972464593559e+00,-6.546761479343871093e-01,5.770118636497554299e-01,1.633650757999515202e+00,0.000000000000000000e+00
2.210000000000000142e+01,-2.184452976925300050e+00,1.289552751788864304e+00,-3.878012757799872645e+00,8.726646259971647668e-01,-7.426028657800831656e-01,-1.054270972464593559e+00,-6.465377627743793543e-01,5.861164310727620119e-01,1.643197899736828393e+00,0.000000000000000000e+00
2.220000000000000284e+01,-2.184452976925300050e+00,1.289552751788864304e+00,-3.892006488996263780e+00,8.726646259971647668e-01,-7.426028657800831656e-01,-1.054270972464593559e+00,-6.382727717380364263e-01,5.951062244041949167e-01,1.652673563070930385e+00,0.000000000000000000e+00
2.230000000000000071e+01,-2.184452976925300050e+00,1.289552751788864304e+00,-3.906000220192654915e+00,8.726646259971647668e-01,-7.426028657800831656e-01,-1.054270972464593559e+00,-6.298827932867894219e-01,6.039794832508825762e-01,1.662077130768448319e+00,0.000000000000000000e+00
2.240000000000000213e+01,-2.184452976925300050e+00,1.289552751788864304e+00,-3.919993951389045606e+00,8.726646259971647668e-01,-7.426028657800831656e-01,-1.054270972464593559e+00,-6.213694703572707478e-01,6.127344700395891408e-01,1.671407993729930208e+00,0.000000000000000000e+00
2.250000000000000000e+01,-2.184452976925300050e+00,1.289552751788864304e+00,2.349197624594149936e+00,8.726646259971647668e-01,-7.426028657800831656e-01,-1.054270972464593559e+00,-6.127344700395898069e-01,6.213694703572703038e-01,1.680665550855511947e+00,0.000000000000000000e+00
2.260000000000000142e+01,-2.184452976925300050e+00,1.289552751788864304e+00,2.335203893397758801e+00,8.726646259971647668e-01,-7.426028657800831656e-01,-1.054270972464593559e+00,-6.039794832508827982e-01,6.298827932867891999e-01,1.689849208917292955e+00,0.000000000000000000e+00
2.270000000000000284e+01,-2.184452976925300050e+00,1.289552751788864304e+00,2.321210162201367666e+00,8.726646259971647668e-01,-7.426028657800831656e-01,-1.054270972464593559e+00,-5.951062244041952498e-01,6.382727717380360932e-01,1.698958382438082060e+00,0.000000000000000000e+00
2.280000000000000071e+01,-2.184452976925300050e+00,1.289552751788864304e+00,2.307216431004976531e+00,8.726646259971647668e-01,-7.426028657800831656e-01,-1.054270972464593559e+00,-5.861164310727623450e-01,6.465377627743791322e-01,1.707992493576187432e+00,2.000000000000000000e+00
2.290000000000000213e+01,-2.184452976925300050e+00,1.289552751788864304e+00,2.293222699808585396e+00,8.726646259971647668e-01,-7.426028657800831656e-01,-1.054270972464593559e+00,-5.770118636497557629e-01,6.546761479343868873e-01,1.716950972015943488e+00,0.000000000000000000e+00
2.300000000000000000e+01,-2.184452976925300050e+00,1.289552751788864304e+00,2.279228968612195150e+00,8.726646259971647668e-01,-7.426028657800831656e-01,-1.054270972464593559e+00,-5.677943050035615391e-01,6.626863335487567230e-01,1.725833254863684552e+00,0.000000000000000000e+00
2.310000000000000142e+01,-2.197295451330055105e+00,1.281357338700116477e+00,2.265235237415803571e+00,8.726646259971647668e-01,-7.512756320950811917e-01,-1.038008455678845143e+00,-5.584655601286537818e-01,6.705667510523918295e-01,1.719419948967787271e+00,0.000000000000000000e+00
2.320000000000000284e+01,-2.254045839819941666e+00,1.218625048053346482e+00,2.251241506219411992e+00,8.726646259971647668e-01,-7.693380178118259805e-01,-9.450746119182292793e-01,-5.490274557921428489e-01,6.783158572915556350e-01,1.638271454691985429e+00,0.000000000000000000e+00
2.330000000000000071e+01,-2.279672018387775001e+00,1.184005404056830857e+00,2.237247775023021301e+00,8.726646259971647668e-01,-7.707646982156542981e-01,-8.987717045058275511e-01,-5.394818401760522741e-01,6.859321348260567497e-01,1.601492434829518752e+00,0.000000000000000000e+00
2.340000000000000213e+01,-2.323076626177729587e+00,1.133849706642757971e+00,2.223254043826630610e+00,8.726646259971647668e-01,-7.747656909163361805e-01,-8.278606654702229672e-01,-5.298305825154053794e-01,6.934140922263967166e-01,1.540866670329488430e+00,0.000000000000000000e+00
2.350000000000000000e+01,-2.405589061700141418e+00,1.054178443254340625e+00,2.209260312630239032e+00,8.726646259971647668e-01,-7.813121373768850964e-01,-7.077029985874784268e-01,-5.200755727321890731e-01,7.007602643658221719e-01,1.432485010670764725e+00,0.000000000000000000e+00
2.360000000000000142e+01,-2.479048259177850877e+00,9.990770680003892013e-01,2.195266581433848341e+00,8.726646259971647668e-01,-7.877019979404582539e-01,-6.145571985135838133e-01,-5.102187210652699978e-01,7.079692127072275687e-01,1.351322713981375934e+00,0.000000000000000000e+00
2.370000000000000284e+01,-2.546009896819504625e+00,9.705079787619461662e-01,2.181272850237457650e+00,8.726646259971647668e-01,-8.034075822771811204e-01,-5.444465020368233210e-01,-5.002619576963245329e-01,7.150395255848535081e-01,1.295454485297244496e+00,0.000000000000000000e+00
2.380000000000000071e+01,-2.658178003385297750e+00,1.059027699798125610e+00,2.167279119041066071e+00,8.726646259971647668e-01,-9.376768296270725500e-01,-4.922416399698736900e-01,-4.902072323718700275e-01,7.219698184807193941e-01,1.294039607701576555e+00,0.000000000000000000e+00
2.390000000000000213e+01,-2.805506827142643100e+00,1.123655845916338603e+00,2.153285387844674492e+00,8.726646259971647668e-01,-1.060790410160786790e+00,-3.705754521995114348e-01,-4.800565140214644311e-01,7.287587342957413394e-01,1.243297032781119693e+00,0.000000000000000000e+00
2.400000000000000000e+01,-2.867981647394292732e+00,1.091096686331348931e+00,2.139291656648283801e+00,8.726646259971647668e-01,-1.050509467450974510e+00,-2.948250968271183825e-01,-4.698117903721464872e-01,7.354049436154816988e-01,1.182617321196974602e+00,0.000000000000000000e+00
2.410000000000000142e+01,-2.923607206082663890e+00,1.091748560864783224e+00,2.125297925451893111e+00,8.726646259971647668e-01,-1.065912444455444419e+00,-2.361050209236232045e-01,-4.594750675591949829e-01,7.419071449704771615e-01,1.150771084418474866e+00,0.000000000000000000e+00
2.420000000000000284e+01,-2.999244389796042132e+00,1.117104137735256852e+00,2.111304194255501532e+00,8.726646259971647668e-01,-1.105805279845014644e+00,-1.584813478366474959e-01,-4.490483697332862678e-01,7.482640650910942215e-01,1.119605681856342461e+00,0.000000000000000000e+00
2.430000000000000071e+01,-3.059055996452015869e+00,1.117791057736923888e+00,2.097310463059110841e+00,8.726646259971647668e-01,-1.113985854771263106e+00,-9.215402392825593203e-02,-4.385337386641239843e-01,7.544744591568605108e-01,1.083058331542958719e+00,0.000000000000000000e+00
2.440000000000000213e+01,-3.129609193770042097e+00,1.104564765394232762e+00,2.083316731862720150e+00,8.726646259971647668e-01,-1.104485456765524676e+00,-1.323619068564302684e-02,-4.279332333406136168e-01,7.605371110402301404e-01,1.027836579172462628e+00,0.000000000000000000e+00
2.450000000000000000e+01,-3.256006179741703921e+00,1.097907352705455697e+00,2.069323000666328571e+00,8.726646259971647668e-01,-1.090729134965708003e+00,1.253415703653834867e-01,-4.172489295676700127e-01,7.664508335447258736e-01,9.298369074183615579e-01,0.000000000000000000e+00
2.460000000000000142e+01,-3.327390862777757086e+00,1.104548408505737100e+00,2.055329269469936992e+00,8.726646259971647668e-01,-1.085538147015585375e+00,2.040444022915746392e-01,-4.064829195597321476e-01,7.722144686374167177e-01,8.854000373992307882e-01,0.000000000000000000e+00
2.470000000000000284e+01,-3.440310727088741860e+00,1.126459550007324673e+00,2.041335538273546302e+00,8.726646259971647668e-01,-1.076573769804662239e+00,3.315117433384260348e-01,-3.956373115310616306e-01,7.778268876756865291e-01,8.141693117963760828e-01,0.000000000000000000e+00
2.480000000000000071e+01,-3.450646980733634628e+00,1.143270183770935144e+00,2.027341807077155611e+00,8.726646259971647668e-01,-1.089103905628614255e+00,3.477346629890762930e-01,-3.847142292829079380e-01,7.832869916282471090e-01,8.281730780008567105e-01,0.000000000000000000e+00
2.490000000000000213e+01,-3.567066081318941873e+00,1.151691315700590579e+00,2.013348075880764032e+00,8.726646259971647668e-01,-1.049010464577030843e+00,4.753629475127812420e-01,-3.737158117876241969e-01,7.885937112903503854e-01,7.444033714745282859e-01,0.000000000000000000e+00
2.500000000000000000e+01,-3.589633218031132778e+00,1.189167339218210273e+00,1.999354344684372897e+00,8.726646259971647668e-01,-1.071793740375369453e+00,5.151476863536255113e-01,-3.626442127698127904e-01,7.937460074931617093e-01,7.619121189776102421e-01,0.000000000000000000e+00
2.510000000000000142e+01,-3.604660519066669178e+00,1.199346656247347376e+00,1.985360613487982206e+00,8.726646259971647668e-01,-1.073039034122751811e+00,5.357421330272658100e-01,-3.515016002845769427e-01,7.987428713072517450e-01,7.679750365510562560e-01,0.000000000000000000e+00
2.520000000000000284e+01,-3.648420866129841400e+00,1.210847374560330980e+00,1.971366882291590628e+00,8.726646259971647668e-01,-1.058629946354993523e+00,5.877533506157751608e-01,-3.402901562929696588e-01,8.035833242401672072e-01,7.500630850142261385e-01,0.000000000000000000e+00
2.530000000000000071e+01,-3.657207567902910572e+00,1.232801227031255165e+00,1.957373151095199493e+00,8.726646259971647668e-01,-1.072524358632711561e+00,6.078571917064559127e-01,-3.290120762347223948e-01,8.082664184280382580e-01,7.700482921426484717e-01,0.000000000000000000e+00
2.540000000000000213e+01,-3.655471862424266583e+00,1.235898720252687655e+00,1.943379419898809690e+00,8.726646259971647668e-01,-1.076275237598028234e+00,6.075172916514715027e-01,-3.176695685983284556e-01,8.127912368211921423e-01,7.858880032193032994e-01,0.000000000000000000e+00
2.550000000000000000e+01,-3.654014438499668227e+00,1.237699238905150434e+00,1.929385688702418111e+00,8.726646259971647668e-01,-1.078728763947557345e+00,6.068308329498127707e-01,-3.062648544885712698e-01,8.171568933637319843e-01,8.005857500017722339e-01,0.000000000000000000e+00
2.560000000000000142e+01,-3.653305103960240885e+00,1.238661219628433452e+00,1.915391957506026532e+00,8.726646259971647668e-01,-1.079997696562840392e+00,6.065365549003268741e-01,-2.948001671915916333e-01,8.213625331670425522e-01,8.140548882409370801e-01,0.000000000000000000e+00
2.570000000000000284e+01,-3.653071197537063330e+00,1.238847745305821757e+00,1.901398226309635842e+00,8.726646259971647668e-01,-1.080302194263034421e+00,6.063752180950265913e-01,-2.832777517375582588e-01,8.254073326771974584e-01,8.265730634380624720e-01,0.000000000000000000e+00
2.580000000000000071e+01,-3.653071197537063775e+00,1.238847745305821757e+00,1.887404495113245151e+00,8.726646259971647668e-01,-1.080302194263034199e+00,6.063752180950271464e-01,-2.716998644610420510e-01,8.292904998362291558e-01,8.387663265743142693e-01,0.000000000000000000e+00
2.590000000000000213e+01,-3.653071197537063330e+00,1.238847745305821757e+00,1.873410763916853572e+00,8.726646259971647668e-01,-1.080302194263034421e+00,6.063752180950265913e-01,-2.600687725591794286e-01,8.330112742372297596e-01,8.509681357275992175e-01,0.000000000000000000e+00
2.600000000000000000e+01,-3.653071197537063775e+00,1.238847745305821757e+00,1.859417032720462881e+00,8.726646259971647668e-01,-1.080302194263034199e+00,6.063752180950271464e-01,-2.483867536477086801e-01,8.365689272732546033e-01,8.631757897899022813e-01,0.000000000000000000e+00
2.610000000000000142e+01,-3.653071197537063330e+00,1.238847745305821757e+00,1.845423301524072190e+00,8.726646259971647668e-01,-1.080302194263034421e+00,6.063752180950265913e-01,-2.366560953149600133e-01,8.399627622800002191e-01,8.753867037307975218e-01,0.000000000000000000e+00
2.620000000000000284e+01,-3.653071197537063775e+00,1.238847745305821757e+00,1.831429570327680612e+00,8.726646259971647668e-01,-1.080302194263034199e+00,6.063752180950271464e-01,-2.248790946738991881e-01,8.431921146722252125e-01,8.875984012013194979e-01,0.000000000000000000e+00
2.630000000000000071e+01,-3.653071197537063330e+00,1.238847745305821757e+00,1.817435839131289033e+00,8.726646259971647668e-01,-1.080302194263034421e+00,6.063752180950265913e-01,-2.130580579123053653e-01,8.462563520738903833e-01,8.998085076691081374e-01,0.000000000000000000e+00
2.640000000000000213e+01,-3.653071197537063775e+00,1.238847745305821757e+00,1.803442107934898342e+00,8.726646259971647668e-01,-1.080302194263034199e+00,6.063752180950271464e-01,-2.011952998411687676e-01,8.491548744419911143e-01,9.120147440452960330e-01,0.000000000000000000e+00
2.650000000000000000e+01,-3.653071197537063330e+00,1.238847745305821757e+00,1.789448376738507651e+00,8.726646259971647668e-01,-1.080302194263034421e+00,6.063752180950265913e-01,-1.892931434413999414e-01,8.518871141840596017e-01,9.242149207664319688e-01,0.000000000000000000e+00
2.660000000000000142e+01,-3.653071197537063775e+00,1.238847745305821757e+00,1.775454645542115628e+00,8.726646259971647668e-01,-1.080302194263034199e+00,6.063752180950271464e-01,-1.773539194089416016e-01,8.544525362693109471e-01,9.364069322973462839e-01,0.000000000000000000e+00
2.670000000000000284e+01,-3.653071197537063330e+00,1.238847745305821757e+00,1.761460914345725381e+00,8.726646259971647668e-01,-1.080302194263034421e+00,6.063752180950265913e-01,-1.653799656983729882e-01,8.568506383334124621e-01,9.485887520234058679e-01,0.000000000000000000e+00
2.680000000000000071e+01,-3.653071197537063775e+00,1.238847745305821757e+00,1.747467183149334247e+00,8.726646259971647668e-01,-1.080302194263034199e+00,6.063752180950271464e-01,-1.533736270650797040e-01,8.590809507768597530e-01,9.607584275029361631e-01,0.000000000000000000e+00
2.690000000000000213e+01,-3.653071197537063330e+00,1.238847745305821757e+00,1.733473451952943112e+00,8.726646259971647668e-01,-1.080302194263034421e+00,6.063752180950265913e-01,-1.413372546061085755e-01,8.611430368569320537e-01,9.729140760527794640e-01,0.000000000000000000e+00
2.700000000000000000e+01,-3.653071197537063775e+00,1.238847745305821757e+00,1.719479720756551533e+00,8.726646259971647668e-01,-1.080302194263034199e+00,6.063752180950271464e-01,-1.292732052997686287e-01,8.630364927732171454e-01,9.850538806420309212e-01,0.000000000000000000e+00
2.710000000000000142e+01,-3.653071197537063330e+00,1.238847745305821757e+00,1.705485989560161286e+00,8.726646259971647668e-01,-1.080302194263034421e+00,6.063752180950265913e-01,-1.171838415440875358e-01,8.647609477466831063e-01,9.971760860708989149e-01,0.000000000000000000e+00
2.720000000000000284e+01,-3.653071197537063775e+00,1.238847745305821757e+00,1.691492258363770151e+00,8.726646259971647668e-01,-1.080302194263034199e+00,6.063752180950271464e-01,-1.050715306941982369e-01,8.663160640922858979e-01,1.009278995413400493e+00,2.000000000000000000e+00
2.730000000000000071e+01,-3.653071197537063330e+00,1.238847745305821757e+00,1.677498527167378572e+00,8.726646259971647668e-01,-1.080302194263034421e+00,6.063752180950265913e-01,-9.293864459876628736e-02,8.677015372850941377e-01,1.021360966704256246e+00,0.000000000000000000e+00
2.740000000000000213e+01,-3.653071197537063775e+00,1.238847745305821757e+00,1.663504795970987882e+00,8.726646259971647668e-01,-1.080302194263034199e+00,6.063752180950271464e-01,-8.078755913552966572e-02,8.689170960199222860e-01,1.033420409851866228e+00,0.000000000000000000e+00
2.750000000000000000e+01,-3.653071197537063330e+00,1.238847745305821757e+00,1.649511064774597191e+00,8.726646259971647668e-01,-1.080302194263034421e+00,6.063752180950265913e-01,-6.862065374604860157e-02,8.699625022644575933e-01,1.045455783760670609e+00,0.000000000000000000e+00
2.760000000000000142e+01,-3.653071197537063775e+00,1.238847745305821757e+00,1.635517333578205612e+00,8.726646259971647668e-01,-1.080302194263034199e+00,6.063752180950271464e-01,-5.644031096976208361e-02,8.708375513058724815e-01,1.057465593647457736e+00,0.000000000000000000e+00
2.770000000000000284e+01,-3.653071197537063330e+00,1.238847745305821757e+00,1.621523602381814921e+00,8.726646259971647668e-01,-1.080302194263034421e+00,6.063752180950265913e-01,-4.424891597743825511e-02,8.715420717909106996e-01,1.069448388537429739e+00,0.000000000000000000e+00
2.780000000000000071e+01,-3.653071197537063775e+00,1.238847745305821757e+00,1.607529871185424231e+00,8.726646259971647668e-01,-1.080302194263034199e+00,6.063752180950271464e-01,-3.204885610410241475e-02,8.720759257594432601e-01,1.081402758926902186e+00,0.000000000000000000e+00
2.790000000000000213e+01,-3.653071197537063330e+00,1.238847745305821757e+00,1.593536139989032652e+00,8.726646259971647668e-01,-1.080302194263034421e+00,6.063752180950265913e-01,-1.984252038154827799e-02,8.724390086714826076e-01,1.093327334600548761e+00,0.000000000000000000e+00
2.800000000000000000e+01,-3.653071197537063775e+00,1.238847745305821757e+00,1.579542408792641073e+00,8.726646259971647668e-01,-1.080302194263034199e+00,6.063752180950271464e-01,-7.632299070516178341e-03,8.726312494276546872e-01,1.105220782592025275e+00,0.000000000000000000e+00
2.810000000000000142e+01,-3.653071197537063330e+00,1.238847745305821757e+00,1.565548677596250382e+00,8.726646259971647668e-01,-1.080302194263034421e+00,6.063752180950265913e-01,4.579416807372511944e-03,8.726526103831213632e-01,1.117081805277692963e+00,0.000000000000000000e+00
2.820000000000000284e+01,-3.653071197537063775e+00,1.238847745305821757e+00,1.551554946399859691e+00,8.726646259971647668e-01,-1.080302194263034199e+00,6.063752180950271464e-01,1.679023593782990806e-02,8.725030873549523003e-01,1.128909138593919614e+00,0.000000000000000000e+00
2.830000000000000071e+01,-3.653071197537063330e+00,1.238847745305821757e+00,1.537561215203468112e+00,8.726646259971647668e-01,-1.080302194263034421e+00,6.063752180950265913e-01,2.899776718217039057e-02,8.721827096229436416e-01,1.140701550369199957e+00,0.000000000000000000e+00
2.840000000000000213e+01,-3.653071197537063775e+00,1.238847745305821757e+00,1.523567484007076978e+00,8.726646259971647668e-01,-1.080302194263034199e+00,6.063752180950271464e-01,4.119962004554460211e-02,8.716915399238851503e-01,1.152457838762975584e+00,0.000000000000000000e+00
2.850000000000000000e+01,-3.653071197537063330e+00,1.238847745305821757e+00,1.509573752810686731e+00,8.726646259971647668e-01,-1.080302194263034421e+00,6.063752180950265913e-01,5.339340514505198226e-02,8.710296744392740376e-01,1.164176830803692608e+00,0.000000000000000000e+00
2.860000000000000142e+01,-3.653071197537063775e+00,1.238847745305821757e+00,1.495580021614295152e+00,8.726646259971647668e-01,-1.080302194263034199e+00,6.063752180950271464e-01,6.557673467763446007e-02,8.701972427764814721e-01,1.175857381019158820e+00,0.000000000000000000e+00
2.870000000000000284e+01,-3.653071197537063330e+00,1.238847745305821757e+00,1.481586290417904461e+00,8.726646259971647668e-01,-1.080302194263034421e+00,6.063752180950265913e-01,7.774722288765296974e-02,8.691944079433719939e-01,1.187498370152813010e+00,0.000000000000000000e+00
2.880000000000000071e+01,-3.653071197537063775e+00,1.238847745305821757e+00,1.467592559221512882e+00,8.726646259971647668e-01,-1.080302194263034199e+00,6.063752180950271464e-01,8.990248653407663382e-02,8.680213663163837134e-01,1.199098703959995182e+00,2.000000000000000000e+00
2.890000000000000213e+01,-3.653071197537063330e+00,1.238847745305821757e+00,1.453598828025122192e+00,8.726646259971647668e-01,-1.080302194263034421e+00,6.063752180950265913e-01,1.020401453571655737e-01,8.666783476020731847e-01,1.210657312078744496e+00,0.000000000000000000e+00
2.900000000000000000e+01,-3.653071197537063775e+00,1.238847745305821757e+00,1.439605096828730613e+00,8.726646259971647668e-01,-1.080302194263034199e+00,6.063752180950271464e-01,1.141578225445827044e-01,8.651656147921339413e-01,1.222173146970059410e+00,2.000000000000000000e+00
2.910000000000000142e+01,-3.653071197537063330e+00,1.238847745305821757e+00,1.425611365632339922e+00,8.726646259971647668e-01,-1.080302194263034421e+00,6.063752180950265913e-01,1.262531451968180729e-01,8.634834641118974696e-01,1.233645182922930905e+00,0.000000000000000000e+00
2.920000000000000284e+01,-3.653071197537063775e+00,1.238847745305821757e+00,1.411617634435949231e+00,8.726646259971647668e-01,-1.080302194263034199e+00,6.063752180950271464e-01,1.383237447918584939e-01,8.616322249623259433e-01,1.245072415119807818e+00,0.000000000000000000e+00
2.930000000000000071e+01,-3.653071197537063330e+00,1.238847745305821757e+00,1.397623903239557652e+00,8.726646259971647668e-01,-1.080302194263034421e+00,6.063752180950265913e-01,1.503672576489925583e-01,8.596122598555077099e-01,1.256453858758469710e+00,0.000000000000000000e+00
2.940000000000000213e+01,-3.653071197537063775e+00,1.238847745305821757e+00,1.383630172043166962e+00,8.726646259971647668e-01,-1.080302194263034199e+00,6.063752180950271464e-01,1.623813253916670807e-01,8.574239643436710745e-01,1.267788548226561396e+00,0.000000000000000000e+00
2.950000000000000000e+01,-3.653071197537063330e+00,1.238847745305821757e+00,1.369636440846774939e+00,8.726646259971647668e-01,-1.080302194263034421e+00,6.063752180950265913e-01,1.743635954093135654e-01,8.550677669417252602e-01,1.279075536325358753e+00,0.000000000000000000e+00
2.960000000000000142e+01,-3.653071197537063775e+00,1.238847745305821757e+00,1.355642709650384692e+00,8.726646259971647668e-01,-1.080302194263034199e+00,6.063752180950271464e-01,1.863117213180312259e-01,8.525441290433497521e-01,1.290313893539506651e+00,0.000000000000000000e+00
2.970000000000000284e+01,-3.653071197537063330e+00,1.238847745305821757e+00,1.341648978453993113e+00,8.726646259971647668e-01,-1.080302194263034421e+00,6.063752180950265913e-01,1.982233634200690209e-01,8.498535448306412388e-01,1.301502707349802224e+00,0.000000000000000000e+00
2.980000000000000071e+01,-3.653071197537063775e+00,1.238847745305821757e+00,1.327655247257602422e+00,8.726646259971647668e-01,-1.080302194263034199e+00,6.063752180950271464e-01,2.100961891619785027e-01,8.469965411773449082e-01,1.312641081586193303e+00,0.000000000000000000e+00
2.990000000000000213e+01,-3.653071197537063330e+00,1.238847745305821757e+00,1.313661516061211287e+00,8.726646259971647668e-01,-1.080302194263034421e+00,6.063752180950265913e-01,2.219278735913849387e-01,8.439736775456789797e-01,1.323728135818472706e+00,0.000000000000000000e+00
3.000000000000000000e+01,-3.653071197537063775e+00,1.238847745305821757e+00,1.299667784864820153e+00,8.726646259971647668e-01,-1.080302194263034199e+00,6.063752180950271464e-01,2.337160998122581324e-01,8.407855458767818924e-01,1.334763004782231421e+00,0.000000000000000000e+00
3.010000000000000142e+01,-3.653071197537063330e+00,1.238847745305821757e+00,1.285674053668429462e+00,8.726646259971647668e-01,-1.080302194263034421e+00,6.063752180950265913e-01,2.454585594386114733e-01,8.374327704747964729e-01,1.345744837837874019e+00,0.000000000000000000e+00
3.020000000000000284e+01,-3.653071197537063775e+00,1.238847745305821757e+00,1.271680322472037883e+00,8.726646259971647668e-01,-1.080302194263034199e+00,6.063752180950271464e-01,2.571529530465347380e-01,8.339160078846178381e-01,1.356672798460605733e+00,0.000000000000000000e+00
3.030000000000000071e+01,-3.653071197537063330e+00,1.238847745305821757e+00,1.257686591275646748e+00,8.726646259971647668e-01,-1.080302194263034421e+00,6.063752180950265913e-01,2.687969906244665474e-01,8.302359467633293466e-01,1.367546063759470965e+00,0.000000000000000000e+00
3.040000000000000213e+01,-3.653071197537063775e+00,1.238847745305821757e+00,1.243692860079256057e+00,8.726646259971647668e-01,-1.080302194263034199e+00,6.063752180950271464e-01,2.803883920216306280e-01,8.263933077453470277e-01,1.378363824023643325e+00,0.000000000000000000e+00
3.050000000000000000e+01,-3.653071197537063330e+00,1.238847745305821757e+00,1.229699128882864922e+00,8.726646259971647668e-01,-1.080302194263034421e+00,6.063752180950265913e-01,2.919248873945377021e-01,8.223888433013046839e-01,1.389125282294298769e+00,0.000000000000000000e+00
3.060000000000000142e+01,-3.653071197537063775e+00,1.238847745305821757e+00,1.215705397686474232e+00,8.726646259971647668e-01,-1.080302194263034199e+00,6.063752180950271464e-01,3.034042176514671896e-01,8.182233375907048689e-01,1.399829653960494635e+00,0.000000000000000000e+00
3.070000000000000284e+01,-3.653071197537063330e+00,1.238847745305821757e+00,1.201711666490082431e+00,8.726646259971647668e-01,-1.080302194263034421e+00,6.063752180950265913e-01,3.148241348948486729e-01,8.138976063083621648e-01,1.410476166377623075e+00,0.000000000000000000e+00
3.080000000000000071e+01,-3.653071197537063775e+00,1.238847745305821757e+00,1.187717935293691740e+00,8.726646259971647668e-01,-1.080302194263034199e+00,6.063752180950271464e-01,3.261824028614433435e-01,8.094124965246747294e-01,1.421064058507047756e+00,2.000000000000000000e+00
3.090000000000000213e+01,-3.653071197537063330e+00,1.238847745305821757e+00,1.173724204097300161e+00,8.726646259971647668e-01,-1.080302194263034421e+00,6.063752180950265913e-01,3.374767973602581517e-01,8.047688865197478725e-01,1.431592580575695273e+00,0.000000000000000000e+00
3.100000000000000000e+01,-3.653071197537063775e+00,1.238847745305821757e+00,1.159730472900909470e+00,8.726646259971647668e-01,-1.080302194263034199e+00,6.063752180950271464e-01,3.487051067080838562e-01,7.999676856114097401e-01,1.442060993754370024e+00,0.000000000000000000e+00
3.110000000000000142e+01,-3.653071197537063330e+00,1.238847745305821757e+00,1.145736741704518780e+00,8.726646259971647668e-01,-1.080302194263034421e+00,6.063752180950265913e-01,3.598651321625946364e-01,7.950098339771463074e-01,1.452468569853729630e+00,0.000000000000000000e+00
3.120000000000000284e+01,-3.653071197537063775e+00,1.238847745305821757e+00,1.131743010508127201e+00,8.726646259971647668e-01,-1.080302194263034199e+00,6.063752180950271464e-01,3.709546883529065142e-01,7.898963024699947599e-01,1.462814591036848411e+00,0.000000000000000000e+00
3.130000000000000071e+01,-3.653071197537063330e+00,1.238847745305821757e+00,1.117749279311736510e+00,8.726646259971647668e-01,-1.080302194263034421e+00,6.063752180950265913e-01,3.819716037075175930e-01,7.846280924284310121e-01,1.473098349547423469e+00,2.000000000000000000e+00
3.140000000000000213e+01,-3.653071197537063775e+00,1.238847745305821757e+00,1.103755548115344931e+00,8.726646259971647668e-01,-1.080302194263034199e+00,6.063752180950271464e-01,3.929137208795528413e-01,7.792062354802843371e-01,1.483319147452709652e+00,2.000000000000000000e+00
3.150000000000000000e+01,-3.653071197537063330e+00,1.238847745305821757e+00,1.089761816918954240e+00,8.726646259971647668e-01,-1.080302194263034421e+00,6.063752180950265913e-01,4.037788971692131690e-01,7.736317933407245162e-01,1.493476296400331416e+00,2.000000000000000000e+00
3.160000000000000142e+01,-3.653071197537063775e+00,1.238847745305821757e+00,1.075768085722563550e+00,8.726646259971647668e-01,-1.080302194263034199e+00,6.063752180950271464e-01,4.145650049433664552e-01,7.679058576043537032e-01,1.503569117388183329e+00,2.000000000000000000e+00
3.170000000000000284e+01,-3.653071197537063330e+00,1.238847745305821757e+00,1.061774354526171971e+00,8.726646259971647668e-01,-1.080302194263034421e+00,6.063752180950265913e-01,4.252699320521813875e-01,7.620295495314499679e-01,1.513596940546670044e+00,0.000000000000000000e+00
3.180000000000000071e+01,-3.653071197537063775e+00,1.238847745305821757e+00,1.047780623329781280e+00,8.726646259971647668e-01,-1.080302194263034199e+00,6.063752180950271464e-01,4.358915822427295028e-01,7.560040198284009305e-01,1.523559104932583397e+00,0.000000000000000000e+00
3.190000000000000213e+01,-3.653071197537063330e+00,1.238847745305821757e+00,1.033786892133389701e+00,8.726646259971647668e-01,-1.080302194263034421e+00,6.063752180950265913e-01,4.464278755694809364e-01,7.498304484223693445e-01,1.533454958333980045e+00,0.000000000000000000e+00
3.200000000000000000e+01,-3.653071197537063775e+00,1.238847745305821757e+00,1.019793160936999010e+00,8.726646259971647668e-01,-1.080302194263034199e+00,6.063752180950271464e-01,4.568767488015963996e-01,7.435100442302406965e-01,1.543283857085413269e+00,0.000000000000000000e+00
3.210000000000000142e+01,-3.653071197537063330e+00,1.238847745305821757e+00,1.005799429740607431e+00,8.726646259971647668e-01,-1.080302194263034421e+00,6.063752180950265913e-01,4.672361558269575998e-01,7.370440449218883527e-01,1.553045165892982915e+00,0.000000000000000000e+00
3.220000000000000284e+01,-3.653071197537063775e+00,1.238847745305821757e+00,9.918056985442167406e-01,8.726646259971647668e-01,-1.080302194263034199e+00,6.063752180950271464e-01,4.775040680528338521e-01,7.304337166778146484e-01,1.562738257668618846e+00,0.000000000000000000e+00
3.230000000000000426e+01,-3.653071197537063330e+00,1.238847745305821757e+00,9.778119673478260498e-01,8.726646259971647668e-01,-1.080302194263034421e+00,6.063752180950265913e-01,4.876784748031288141e-01,7.236803539412034469e-01,1.572362513373128934e+00,0.000000000000000000e+00
3.239999999999999858e+01,-3.653071197537063775e+00,1.238847745305821757e+00,9.638182361514344709e-01,8.726646259971647668e-01,-1.080302194263034199e+00,6.063752180950271464e-01,4.977573837121113676e-01,7.167852791644409027e-01,1.581917321867500892e+00,0.000000000000000000e+00
3.250000000000000000e+01,-3.653071197537063330e+00,1.238847745305821757e+00,9.498245049550437802e-01,8.726646259971647668e-01,-1.080302194263034421e+00,6.063752180950265913e-01,5.077388211145615893e-01,7.097498425501527208e-01,1.591402079772030742e+00,0.000000000000000000e+00
3.260000000000000142e+01,-3.653071197537063775e+00,1.238847745305821757e+00,9.358307737586522013e-01,8.726646259971647668e-01,-1.080302194263034199e+00,6.063752180950271464e-01,5.176208324322609799e-01,7.025754217868034335e-01,1.600816191332843808e+00,0.000000000000000000e+00
3.270000000000000284e+01,-3.653071197537063330e+00,1.238847745305821757e+00,9.218370425622615105e-01,8.726646259971647668e-01,-1.080302194263034421e+00,6.063752180950265913e-01,5.274014825567351350e-01,6.952634217789177562e-01,1.610159068295413665e+00,0.000000000000000000e+00
3.280000000000000426e+01,-3.653071197537063775e+00,1.238847745305821757e+00,9.078433113658708198e-01,8.726646259971647668e-01,-1.080302194263034199e+00,6.063752180950271464e-01,5.370788562281942902e-01,6.878152743719683215e-01,1.619430129784703354e+00,0.000000000000000000e+00
3.289999999999999858e+01,-3.653071197537063330e+00,1.238847745305821757e+00,8.938495801694792409e-01,8.726646259971647668e-01,-1.080302194263034421e+00,6.063752180950265913e-01,5.466510584105793713e-01,6.802324380719907415e-01,1.628628802191579128e+00,0.000000000000000000e+00
3.300000000000000000e+01,-3.653071197537063775e+00,1.238847745305821757e+00,8.798558489730885501e-01,8.726646259971647668e-01,-1.080302194263034199e+00,6.063752180950271464e-01,5.561162146626493774e-01,6.725163977599784015e-01,1.637754519065154790e+00,0.000000000000000000e+00
3.310000000000000142e+01,-3.653071197537063330e+00,1.238847745305821757e+00,8.658621177766969712e-01,8.726646259971647668e-01,-1.080302194263034421e+00,6.063752180950265913e-01,5.654724715050403194e-01,6.646686644011080558e-01,1.646806721010774188e+00,0.000000000000000000e+00
3.320000000000000284e+01,-3.653071197537063775e+00,1.238847745305821757e+00,8.518683865803062805e-01,8.726646259971647668e-01,-1.080302194263034199e+00,6.063752180950271464e-01,5.747179967832122260e-01,6.566907747488639480e-01,1.655784855593304128e+00,0.000000000000000000e+00
3.330000000000000426e+01,-3.653071197537063330e+00,1.238847745305821757e+00,8.378746553839147015e-01,8.726646259971647668e-01,-1.080302194263034421e+00,6.063752180950265913e-01,5.838509800262277061e-01,6.485842910441054210e-01,1.664688377245497453e+00,0.000000000000000000e+00
3.339999999999999858e+01,-3.653071197537063775e+00,1.238847745305821757e+00,8.238809241875240108e-01,8.726646259971647668e-01,-1.080302194263034199e+00,6.063752180950271464e-01,5.928696328012769134e-01,6.403508007091507359e-01,1.673516747181125419e+00,0.000000000000000000e+00
3.350000000000000000e+01,-3.653071197537063330e+00,1.238847745305821757e+00,8.098871929911333201e-01,8.726646259971647668e-01,-1.080302194263034421e+00,6.063752180950265913e-01,6.017721890638946247e-01,6.319919160369218414e-01,1.682269433312664875e+00,0.000000000000000000e+00
3.360000000000000142e+01,-3.653071197537063775e+00,1.238847745305821757e+00,7.958934617947417411e-01,8.726646259971647668e-01,-1.080302194263034199e+00,6.063752180950271464e-01,6.105569055037873838e-01,6.235092738752252561e-01,1.690945910173280886e+00,0.000000000000000000e+00
3.370000000000000284e+01,-3.653071197537063330e+00,1.238847745305821757e+00,7.818997305983510504e-01,8.726646259971647668e-01,-1.080302194263034421e+00,6.063752180950265913e-01,6.192220618862095405e-01,6.149045353062235764e-01,1.699545658842894991e+00,0.000000000000000000e+00
3.380000000000000426e+01,-3.653071197537063775e+00,1.238847745305821757e+00,7.679059994019594715e-01,8.726646259971647668e-01,-1.080302194263034199e+00,6.063752180950271464e-01,6.277659613888255663e-01,6.061793853211565608e-01,1.708068166878131677e+00,0.000000000000000000e+00
3.389999999999999858e+01,-3.653071197537063330e+00,1.238847745305821757e+00,7.539122682055687807e-01,8.726646259971647668e-01,-1.080302194263034421e+00,6.063752180950265913e-01,6.361869309339793777e-01,5.973355324903881769e-01,1.716512928245936820e+00,0.000000000000000000e+00
3.400000000000000000e+01,-3.653071197537063775e+00,1.238847745305821757e+00,7.399185370091780900e-01,8.726646259971647668e-01,-1.080302194263034199e+00,6.063752180950271464e-01,6.444833215163231488e-01,5.883747086288286798e-01,1.724879443260689538e+00,0.000000000000000000e+00
3.410000000000000142e+01,-3.653071197537063330e+00,1.238847745305821757e+00,7.259248058127865111e-01,8.726646259971647668e-01,-1.080302194263034421e+00,6.063752180950265913e-01,6.526535085257254565e-01,5.792986684568092182e-01,1.733167218524627851e+00,0.000000000000000000e+00
3.420000000000000284e+01,-3.653071197537063775e+00,1.238847745305821757e+00,7.119310746163958203e-01,8.726646259971647668e-01,-1.080302194263034199e+00,6.063752180950271464e-01,6.606958920654032452e-01,5.701091892564726926e-01,1.741375766871412711e+00,0.000000000000000000e+00
3.430000000000000426e+01,-3.653071197537063330e+00,1.238847745305821757e+00,6.979373434200042414e-01,8.726646259971647668e-01,-1.080302194263034421e+00,6.063752180950265913e-01,6.686088972652188822e-01,5.608080705237392660e-01,1.749504607312689863e+00,0.000000000000000000e+00
3.439999999999999858e+01,-3.653071197537063775e+00,1.238847745305821757e+00,6.839436122236135507e-01,8.726646259971647668e-01,-1.080302194263034199e+00,6.063752180950271464e-01,6.763909745900705817e-01,5.513971336159321224e-01,1.757553264987480546e+00,0.000000000000000000e+00
3.450000000000000000e+01,-3.653071197537063330e+00,1.238847745305821757e+00,6.699498810272219718e-01,8.726646259971647668e-01,-1.080302194263034421e+00,6.063752180950265913e-01,6.840406001433264604e-01,5.418782213951113258e-01,1.765521271114272039e+00,0.000000000000000000e+00
3.460000000000000142e+01,-3.653071197537063775e+00,1.238847745305821757e+00,6.559561498308312810e-01,8.726646259971647668e-01,-1.080302194263034199e+00,6.063752180950271464e-01,6.915562759652336133e-01,5.322531978672078168e-01,1.773408162945662836e+00,0.000000000000000000e+00
3.470000000000000284e+01,-3.653071197537063330e+00,1.238847745305821757e+00,6.419624186344405903e-01,8.726646259971647668e-01,-1.080302194263034421e+00,6.063752180950265913e-01,6.989365303262534690e-01,5.225239478170062846e-01,1.781213483725450075e+00,0.000000000000000000e+00
3.480000000000000426e+01,-3.653071197537063775e+00,1.238847745305821757e+00,6.279686874380490114e-01,8.726646259971647668e-01,-1.080302194263034199e+00,6.063752180950271464e-01,7.061799180152560362e-01,5.126923764390667326e-01,1.788936782648016699e+00,0.000000000000000000e+00
3.489999999999999858e+01,-3.653071197537063330e+00,1.238847745305821757e+00,6.139749562416583206e-01,8.726646259971647668e-01,-1.080302194263034421e+00,6.063752180950265913e-01,7.132850206225220813e-01,5.027604089646475760e-01,1.796577614819925284e+00,0.000000000000000000e+00
3.500000000000000000e+01,-3.653071197537063775e+00,1.238847745305821757e+00,5.999812250452667417e-01,8.726646259971647668e-01,-1.080302194263034199e+00,6.063752180950271464e-01,7.202504468175010555e-01,4.927299902847011581e-01,1.804135541223594430e+00,0.000000000000000000e+00
3.510000000000000142e+01,-3.653071197537063330e+00,1.238847745305821757e+00,5.859874938488760510e-01,8.726646259971647668e-01,-1.080302194263034421e+00,6.063752180950265913e-01,7.270748326212593815e-01,4.826030845690268412e-01,1.811610128682958676e+00,0.000000000000000000e+00
3.520000000000000284e+01,-3.653071197537063775e+00,1.238847745305821757e+00,5.719937626524853602e-01,8.726646259971647668e-01,-1.080302194263034199e+00,6.063752180950271464e-01,7.337568416735803511e-01,4.723816748816403455e-01,1.819000949831021119e+00,0.000000000000000000e+00
3.530000000000000426e+01,-3.653071197537063330e+00,1.238847745305821757e+00,5.580000314560937813e-01,8.726646259971647668e-01,-1.080302194263034421e+00,6.063752180950265913e-01,7.402951654946501314e-01,4.620677627924500430e-01,1.826307583079191277e+00,0.000000000000000000e+00
3.539999999999999858e+01,-3.653071197537063775e+00,1.238847745305821757e+00,5.440063002597030906e-01,8.726646259971647668e-01,-1.080302194263034199e+00,6.063752180950271464e-01,7.466885237412851373e-01,4.516633679853080952e-01,1.833529612588329805e+00,0.000000000000000000e+00
3.550000000000000000e+01,-3.653071197537063330e+00,1.238847745305821757e+00,5.300125690633115116e-01,8.726646259971647668e-01,-1.080302194263034421e+00,6.063752180950265913e-01,7.529356644576524760e-01,4.411705278625090432e-01,1.840666628241418357e+00,0.000000000000000000e+00
3.560000000000000142e+01,-3.653071197537063775e+00,1.238847745305821757e+00,5.160188378669208209e-01,8.726646259971647668e-01,-1.080302194263034199e+00,6.063752180950271464e-01,7.590353643204277301e-01,4.305912971458284444e-01,1.847718225617760224e+00,0.000000000000000000e+00
3.570000000000000284e+01,-3.653071197537063330e+00,1.238847745305821757e+00,5.020251066705292420e-01,8.726646259971647668e-01,-1.080302194263034421e+00,6.063752180950265913e-01,7.649864288783496669e-01,4.199277474741590632e-01,1.854684005968656679e+00,0.000000000000000000e+00
3.580000000000000426e+01,-3.653071197537063775e+00,1.238847745305821757e+00,4.880313754741385512e-01,8.726646259971647668e-01,-1.080302194263034199e+00,6.063752180950271464e-01,7.707876927861172511e-01,4.091819669978450924e-01,1.861563576194462444e+00,0.000000000000000000e+00
3.589999999999999858e+01,-3.653071197537063330e+00,1.238847745305821757e+00,4.740376442777478605e-01,8.726646259971647668e-01,-1.080302194263034421e+00,6.063752180950265913e-01,7.764380200325908810e-01,3.983560599697732463e-01,1.868356548822976748e+00,0.000000000000000000e+00
3.600000000000000000e+01,-3.653071197537063775e+00,1.238847745305821757e+00,4.600439130813562816e-01,8.726646259971647668e-01,-1.080302194263034199e+00,6.063752180950271464e-01,7.819363041632466649e-01,3.874521463333170934e-01,1.875062541989080289e+00,0.000000000000000000e+00
3.610000000000000142e+01,-3.653071197537063330e+00,1.238847745305821757e+00,4.460501818849655908e-01,8.726646259971647668e-01,-1.080302194263034421e+00,6.063752180950265913e-01,7.872814684968431065e-01,3.764723613072090691e-01,1.881681179415577665e+00,0.000000000000000000e+00
3.620000000000000284e+01,-3.653071197537063775e+00,1.238847745305821757e+00,4.320564506885740119e-01,8.726646259971647668e-01,-1.080302194263034199e+00,6.063752180950271464e-01,7.924724663362603394e-01,3.654188549674143860e-01,1.888212090395167797e+00,0.000000000000000000e+00
3.630000000000000426e+01,-3.653071197537063330e+00,1.238847745305821757e+00,4.180627194921833212e-01,8.726646259971647668e-01,-1.080302194263034421e+00,6.063752180950265913e-01,7.975082811734631738e-01,3.542937918261057084e-01,1.894654909773497042e+00,0.000000000000000000e+00
3.639999999999999858e+01,-3.653071197537063775e+00,1.238847745305821757e+00,4.040689882957926304e-01,8.726646259971647668e-01,-1.080302194263034199e+00,6.063752180950271464e-01,8.023879268885572014e-01,3.430993504078007628e-01,1.901009277933239261e+00,0.000000000000000000e+00
3.650000000000000000e+01,-3.653071197537063330e+00,1.238847745305821757e+00,3.900752570994010515e-01,8.726646259971647668e-01,-1.080302194263034421e+00,6.063752180950265913e-01,8.071104479428913292e-01,3.318377228227628595e-01,1.907274840779147329e+00,0.000000000000000000e+00
3.660000000000000142e+01,-3.653071197537063775e+00,1.238847745305821757e+00,3.760815259030103608e-01,8.726646259971647668e-01,-1.080302194263034199e+00,6.063752180950271464e-01,8.116749195661714378e-01,3.205111143377410432e-01,1.913451249724028580e+00,0.000000000000000000e+00
3.670000000000000284e+01,-3.653071197537063330e+00,1.238847745305821757e+00,3.620877947066187819e-01,8.726646259971647668e-01,-1.080302194263034421e+00,6.063752180950265913e-01,8.160804479375526332e-01,3.091217429441270870e-01,1.919538161675606203e+00,0.000000000000000000e+00
3.680000000000000426e+01,-3.653071197537063775e+00,1.238847745305821757e+00,3.480940635102280911e-01,8.726646259971647668e-01,-1.080302194263034199e+00,6.063752180950271464e-01,8.203261703606653521e-01,2.976718389236309159e-01,1.925535239024203538e+00,0.000000000000000000e+00
3.689999999999999858e+01,-3.653071197537063330e+00,1.238847745305821757e+00,3.341003323138365122e-01,8.726646259971647668e-01,-1.080302194263034421e+00,6.063752180950265913e-01,8.244112554325528919e-01,2.861636444115383537e-01,1.931442149631233507e+00,0.000000000000000000e+00
3.700000000000000000e+01,-3.653071197537063775e+00,1.238847745305821757e+00,3.201066011174458215e-01,8.726646259971647668e-01,-1.080302194263034199e+00,6.063752180950271464e-01,8.283349032064751816e-01,2.745994129576589393e-01,1.937258566818426120e+00,0.000000000000000000e+00
3.710000000000000142e+01,-3.653071197537063330e+00,1.238847745305821757e+00,3.061128699210551307e-01,8.726646259971647668e-01,-1.080302194263034421e+00,6.063752180950265913e-01,8.320963453485566985e-01,2.629814090850279285e-01,1.942984169357779844e+00,0.000000000000000000e+00
3.720000000000000284e+01,-3.653071197537063775e+00,1.238847745305821757e+00,2.921191387246635518e-01,8.726646259971647668e-01,-1.080302194263034199e+00,6.063752180950271464e-01,8.356948452882432266e-01,2.513119078464662315e-01,1.948618641462183332e+00,0.000000000000000000e+00
3.730000000000000426e+01,-3.653071197537063330e+00,1.238847745305821757e+00,2.781254075282728611e-01,8.726646259971647668e-01,-1.080302194263034421e+00,6.063752180950265913e-01,8.391296983625357031e-01,2.395931943790791385e-01,1.954161672776677960e+00,2.000000000000000000e+00
3.739999999999999858e+01,-3.653071197537063775e+00,1.238847745305821757e+00,2.641316763318812821e-01,8.726646259971647668e-01,-1.080302194263034199e+00,6.063752180950271464e-01,8.424002319539815042e-01,2.278275634567724084e-01,1.959612958370331226e+00,0.000000000000000000e+00
3.750000000000000000e+01,-3.653071197537063330e+00,1.238847745305821757e+00,2.501379451354905914e-01,8.726646259971647668e-01,-1.080302194263034421e+00,6.063752180950265913e-01,8.455058056223840879e-01,2.160173190408925248e-01,1.964972198728682784e+00,0.000000000000000000e+00
3.760000000000000142e+01,-3.654644172338175956e+00,1.236819717091226956e+00,2.361442139390999007e-01,8.726646259971647668e-01,-1.077580124117372362e+00,6.070783217121257236e-01,8.484458112302172283e-01,2.041647738290569281e-01,1.967718280318419888e+00,0.000000000000000000e+00
3.770000000000000284e+01,-3.666247760893141194e+00,1.217260534970803887e+00,2.221504827427083217e-01,8.726646259971647668e-01,-1.053535042834834456e+00,6.097434899336041658e-01,8.512196730617105356e-01,1.922722488022806098e-01,1.949967375342945397e+00,0.000000000000000000e+00
3.780000000000000426e+01,-3.667121558871571985e+00,1.214823239991401849e+00,2.081567515463176310e-01,8.726646259971647668e-01,-1.050893444783990827e+00,6.094411145740368241e-01,8.538268479355859419e-01,1.803420727704808102e-01,1.952456243088300347e+00,0.000000000000000000e+00
3.789999999999999858e+01,-3.672083755605002775e+00,1.206155710074267917e+00,1.941630203499260521e-01,8.726646259971647668e-01,-1.040380098909990281e+00,6.102629324617384610e-01,8.562668253114255057e-01,1.683765819164411703e-01,1.947442708260450628e+00,0.000000000000000000e+00
3.800000000000000000e+01,-3.692402049231624517e+00,1.163272710483888250e+00,1.801692891535353613e-01,8.726646259971647668e-01,-9.912260516929716214e-01,6.088302829210243683e-01,8.585391273896457731e-01,1.563781193383433632e-01,1.904296242205292033e+00,0.000000000000000000e+00
3.810000000000000142e+01,-3.744690216347607237e+00,1.136485847495124935e+00,1.661755579571437824e-01,8.726646259971647668e-01,-9.359900176807451899e-01,6.446105555750003546e-01,8.606433092050604916e-01,1.443490345909324291e-01,1.864980670316465083e+00,0.000000000000000000e+00
3.820000000000000284e+01,-3.869856931534122246e+00,1.109253901314545709e+00,1.521818267607530917e-01,8.726646259971647668e-01,-8.278703289342709271e-01,7.382919043656119840e-01,8.625789587140146875e-01,1.322916832254300290e-01,1.795788145114157297e+00,0.000000000000000000e+00
3.830000000000000426e+01,-3.941721100335051187e+00,1.072053539531908184e+00,1.381880955643624009e-01,8.726646259971647668e-01,-7.468081063938079023e-01,7.691400677687956211e-01,8.643456968750722336e-01,1.202084263282619525e-01,1.736930871695958611e+00,0.000000000000000000e+00
3.840000000000000568e+01,-3.997404668922234450e+00,1.002822694889011323e+00,1.241943643679708220e-01,8.726646259971647668e-01,-6.574561448003078956e-01,7.572349536628480982e-01,8.659431777232391436e-01,1.081016300587092221e-01,1.655934650787451057e+00,0.000000000000000000e+00
3.850000000000000000e+01,-4.080800744770888500e+00,8.669980306558487948e-01,1.102006331715801313e-01,8.726646259971647668e-01,-5.118993517865042531e-01,6.997461245349464454e-01,8.673710884377114905e-01,9.597366518556614545e-02,1.505632136328492798e+00,0.000000000000000000e+00
3.860000000000000142e+01,-4.219370674685741562e+00,7.868837699243713679e-01,9.620690197518855236e-02,8.726646259971647668e-01,-3.724217727971447234e-01,6.931724825157321579e-01,8.686291494031322946e-01,8.382690662288776184e-02,1.382573478103185760e+00,0.000000000000000000e+00
3.870000000000000284e+01,-4.439834857060692030e+00,8.270263321274173851e-01,8.221317077879786162e-02,8.726646259971647668e-01,-2.226289995292996260e-01,7.964978861244469410e-01,8.697171142643460584e-01,7.166373296493724898e-02,1.310955598754795393e+00,0.000000000000000000e+00
3.880000000000000426e+01,-4.623989245502151846e+00,9.498880473993872586e-01,6.821943958240717087e-02,8.726646259971647668e-01,-8.386053036365320734e-02,9.461790073973039839e-01,8.706347699746407320e-01,5.948652602040103987e-02,1.302798846675195410e+00,2.000000000000000000e+00
3.890000000000000568e+01,-4.858442060005723206e+00,1.067426760554323284e+00,5.422570838601559196e-02,8.726646259971647668e-01,1.553472895542181154e-01,1.056062076194223875e+00,8.713819368374664531e-01,4.729767034598224285e-02,1.237057493658399787e+00,2.000000000000000000e+00
3.900000000000000000e+01,-4.911560553327450229e+00,1.050855986058098601e+00,4.023197718962490121e-02,8.726646259971647668e-01,2.079195796289236564e-01,1.030081429713724406e+00,8.719584685416236214e-01,3.509955277945589480e-02,1.196217614573557908e+00,0.000000000000000000e+00
3.910000000000000142e+01,-4.914887152977765794e+00,1.050772093641095362e+00,2.623824599323332230e-02,8.726646259971647668e-01,2.113282191889333250e-01,1.029301887955776040e+00,8.723642521899148683e-01,2.289456197226985915e-02,1.204086517954148450e+00,0.000000000000000000e+00
3.920000000000000284e+01,-4.945897480877277097e+00,1.036799529893685401e+00,1.224451479684274258e-02,8.726646259971647668e-01,2.399073474067809630e-01,1.008661355385447989e+00,8.725992083212513739e-01,1.068508792180224327e-02,1.181632608422806596e+00,0.000000000000000000e+00
3.930000000000000426e+01,-4.990616652903256067e+00,1.033757875193061171e+00,-1.749216399548059186e-03,8.726646259971647668e-01,2.839235753695809050e-01,9.940033942965318392e-01,8.726632909262144189e-01,-1.526478496656967672e-03,1.156587299038567496e+00,0.000000000000000000e+00
3.940000000000000568e+01,-5.001293019691206432e+00,1.052371443254791261e+00,-1.574294759593963811e-02,8.726646259971647668e-01,2.998225773424690876e-01,1.008757689781788702e+00,8.725564874560635120e-01,-1.373774599808694034e-02,1.171973143030455633e+00,0.000000000000000000e+00
3.950000000000000000e+01,-5.012615442065214921e+00,1.049513113823662191e+00,-2.973667879233032885e-02,8.726646259971647668e-01,3.103793834616678238e-01,1.002567910123695505e+00,8.722788188251950903e-01,-2.594632335599924081e-02,1.171995095523942432e+00,0.000000000000000000e+00
3.960000000000000142e+01,-5.037829224098310021e+00,1.038250945845657913e+00,-4.373040998872190777e-02,8.726646259971647668e-01,3.319557722573007741e-01,9.837532169271225868e-01,8.718303394070459067e-01,-3.814981987069587105e-02,1.155746669851022368e+00,0.000000000000000000e+00
3.970000000000000284e+01,-5.061359641239601359e+00,1.034987507658499561e+00,-5.772414118511259851e-02,8.726646259971647668e-01,3.538939955995069608e-01,9.726038149666949018e-01,8.712111370234466579e-01,-5.034584583741315289e-02,1.146317160889723574e+00,0.000000000000000000e+00
3.980000000000000426e+01,-5.086371808316387799e+00,1.030220986048601794e+00,-7.171787238150417743e-02,8.726646259971647668e-01,3.763663609260062826e-01,9.590118051714840997e-01,8.704213329274237410e-01,-6.253201301428305825e-02,1.134743181443659266e+00,0.000000000000000000e+00
3.990000000000000568e+01,-5.130255415358635496e+00,1.021120891653145568e+00,-8.571160357789486817e-02,8.726646259971647668e-01,4.143824902644606123e-01,9.332604283546684920e-01,8.694610817794553581e-01,-7.470593508999566479e-02,1.105935221561883397e+00,0.000000000000000000e+00
4.000000000000000000e+01,-5.141758183463863041e+00,1.024775229764715911e+00,-9.970533477428555891e-02,8.726646259971647668e-01,4.266112091495396497e-01,9.317548753654546489e-01,8.683305716171862976e-01,-8.686522815109520845e-02,1.110271548075915993e+00,0.000000000000000000e+00
4.010000000000000142e+01,-5.153067672715743619e+00,1.022091958137399281e+00,-1.136990659706771378e-01,8.726646259971647668e-01,4.359768151214984400e-01,9.244437179004777461e-01,8.670300238186057218e-01,-9.900751114879885462e-02,1.110522078560596038e+00,0.000000000000000000e+00
4.020000000000000284e+01,-5.199538359546751920e+00,1.007006686884162061e+00,-1.276927971670678286e-01,8.726646259971647668e-01,4.713886746540266182e-01,8.898624527629744874e-01,8.655596930586965110e-01,-1.111304063652544527e-01,1.075805510199627557e+00,0.000000000000000000e+00
4.030000000000000426e+01,-5.220057026358423613e+00,1.004747144540465653e+00,-1.416865283634592965e-01,8.726646259971647668e-01,4.884485015743353920e-01,8.780289777518768268e-01,8.639198672595647110e-01,-1.232315398791537092e-01,1.069346235143833201e+00,0.000000000000000000e+00
4.040000000000000568e+01,-5.227678032393633600e+00,1.008099439581381818e+00,-1.556802595598500982e-01,8.726646259971647668e-01,4.967776818951462614e-01,8.771980476808991511e-01,8.621108675340587446e-01,-1.353085420305908948e-01,1.076400450918833407e+00,0.000000000000000000e+00
4.050000000000000000e+01,-5.232801671181587011e+00,1.011319824465028994e+00,-1.696739907562407890e-01,8.726646259971647668e-01,5.028668860642390159e-01,8.774352866485554125e-01,8.601330481228872671e-01,-1.473590478850972108e-01,1.085284542709601174e+00,0.000000000000000000e+00
4.060000000000000142e+01,-5.237043047049674271e+00,1.013987360528124215e+00,-1.836677219526323679e-01,8.726646259971647668e-01,5.079200898330817893e-01,8.776032985664685704e-01,8.579867963252526541e-01,-1.593806976967439559e-01,1.094478189595525119e+00,0.000000000000000000e+00
4.070000000000000284e+01,-5.238637850381178573e+00,1.015553735542956248e+00,-1.976614531490230586e-01,8.726646259971647668e-01,5.101058276434041749e-01,8.781465904844647508e-01,8.556725324230092244e-01,-1.713711373702284102e-01,1.104945160871575904e+00,0.000000000000000000e+00
4.080000000000000426e+01,-5.238746457590896632e+00,1.015844880950565798e+00,-2.116551843454146375e-01,8.726646259971647668e-01,5.103474654117816645e-01,8.783429209034701035e-01,8.531907095983624068e-01,-1.833280189218612632e-01,1.115655266896536491e+00,0.000000000000000000e+00
4.090000000000000568e+01,-5.238855320430382712e+00,1.016287456214447493e+00,-2.256489155418053283e-01,8.726646259971647668e-01,5.106654670967081255e-01,8.786700031147833823e-01,8.505418138451270593e-01,-1.952490009393457737e-01,1.126418198693391215e+00,0.000000000000000000e+00
4.100000000000000000e+01,-5.238719244643872841e+00,1.016552905419594088e+00,-2.396426467381969072e-01,8.726646259971647668e-01,5.106792486944163878e-01,8.789690065468318547e-01,8.477263638735585971e-01,-2.071317490402823092e-01,1.137196381078256158e+00,0.000000000000000000e+00
4.110000000000000142e+01,-5.238757440749987282e+00,1.016843934315198705e+00,-2.536363779345875979e-01,8.726646259971647668e-01,5.108590334710699787e-01,8.792011343683631130e-01,8.447449110087791313e-01,-2.189739363292841079e-01,1.147810204311195514e+00,0.000000000000000000e+00
4.120000000000000284e+01,-5.238757440749987282e+00,1.016843934315198705e+00,-2.676301091309782887e-01,8.726646259971647668e-01,5.108590334710699787e-01,8.792011343683631130e-01,8.415980390828157187e-01,-2.307732438536382880e-01,1.158201800267278703e+00,0.000000000000000000e+00
4.130000000000000426e+01,-5.238757440749987282e+00,1.016843934315198705e+00,-2.816238403273698676e-01,8.726646259971647668e-01,5.108590334710699787e-01,8.792011343683631130e-01,8.382863643202739246e-01,-2.425273610574039673e-01,1.168539034194916892e+00,0.000000000000000000e+00
4.140000000000000568e+01,-5.238757440749987282e+00,1.016843934315198705e+00,-2.956175715237605583e-01,8.726646259971647668e-01,5.108590334710699787e-01,8.792011343683631130e-01,8.348105352176683480e-01,-2.542339862338661161e-01,1.178821338498106108e+00,0.000000000000000000e+00
4.150000000000000000e+01,-5.238757440749987282e+00,1.016843934315198705e+00,-3.096113027201520818e-01,8.726646259971647668e-01,5.108590334710699787e-01,8.792011343683631130e-01,8.311712324164316490e-01,-2.658908269762639276e-01,1.189048150719430597e+00,2.000000000000000000e+00
4.160000000000000142e+01,-5.238757440749987282e+00,1.016843934315198705e+00,-3.236050339165427725e-01,8.726646259971647668e-01,5.108590334710699787e-01,8.792011343683631130e-01,8.273691685696328291e-01,-2.774956006266873221e-01,1.199218913446715273e+00,2.000000000000000000e+00
4.170000000000000284e+01,-5.238757440749987282e+00,1.016843934315198705e+00,-3.375987651129335188e-01,8.726646259971647668e-01,5.108590334710699787e-01,8.792011343683631130e-01,8.234050882024220863e-01,-2.890460347230749405e-01,1.209333074226572435e+00,2.000000000000000000e+00
4.180000000000000426e+01,-5.239707303001631900e+00,1.017497227920483915e+00,-3.515924963093250422e-01,8.726646259971647668e-01,5.120226717984338594e-01,8.792800420743452916e-01,8.192797675662382151e-01,-3.005398674442080753e-01,1.219172646427089557e+00,2.000000000000000000e+00
4.190000000000000568e+01,-5.239814807430626331e+00,1.017717252537892803e+00,-3.655862275057157884e-01,8.726646259971647668e-01,5.122279360724345532e-01,8.794151167794712620e-01,8.149940144868027536e-01,-3.119748480526222112e-01,1.229258860672166165e+00,0.000000000000000000e+00
4.200000000000000000e+01,-5.239814807430626331e+00,1.017717252537892803e+00,-3.795799587021073673e-01,8.726646259971647668e-01,5.122279360724345532e-01,8.794151167794712620e-01,8.105486682059283021e-01,-3.233487373353535754e-01,1.239207871176507547e+00,0.000000000000000000e+00
4.210000000000000142e+01,-5.330268107522711851e+00,9.981391611828021038e-01,-3.935736898984980581e-01,8.726646259971647668e-01,5.782297240257429083e-01,8.135921406576031023e-01,8.059445992171796469e-01,-3.346593080424196121e-01,1.170613281073280998e+00,0.000000000000000000e+00
4.220000000000000284e+01,-5.384288430185628194e+00,1.017011806779134275e+00,-4.075674210948896370e-01,8.726646259971647668e-01,6.330630980565825627e-01,7.959548536237220917e-01,8.011827090954102282e-01,-3.459043453229674325e-01,1.154169239684987636e+00,2.000000000000000000e+00
4.230000000000000426e+01,-5.503677025582853766e+00,1.025378544492568267e+00,-4.215611522912802722e-01,8.726646259971647668e-01,7.293099924522415956e-01,7.207690992370643368e-01,7.962639303202166952e-01,-3.570816471589832175e-01,1.079928266739298648e+00,0.000000000000000000e+00
4.240000000000000568e+01,-5.517550090932960671e+00,1.034612297469906572e+00,-4.355548834876709630e-01,8.726646259971647668e-01,7.458957705614351896e-01,7.169812448973272856e-01,7.911892260933375276e-01,-3.681890247964992868e-01,1.086115100411274348e+00,0.000000000000000000e+00
4.250000000000000000e+01,-5.524364633086900511e+00,1.042551636752522937e+00,-4.495486146840625419e-01,8.726646259971647668e-01,7.565254782109089859e-01,7.173444891494741293e-01,7.859595901500385784e-01,-3.792243031741964754e-01,1.096963756577143734e+00,0.000000000000000000e+00
4.260000000000000142e+01,-5.569253690765461506e+00,1.047368015440797606e+00,-4.635423458804532326e-01,8.726646259971647668e-01,7.915936878747173999e-01,6.858273784891498748e-01,7.805760465645193991e-01,-3.901853213493257644e-01,1.076069104952709576e+00,0.000000000000000000e+00
4.270000000000000284e+01,-5.570690363043390825e+00,1.049122875572022329e+00,-4.775360770768448671e-01,8.726646259971647668e-01,7.939061407552808758e-01,6.858366042429970832e-01,7.750396495493757643e-01,-4.010699329208713970e-01,1.087070266827298459e+00,0.000000000000000000e+00
4.280000000000000426e+01,-5.571023771736748564e+00,1.048849460733822792e+00,-4.915298082732355578e-01,8.726646259971647668e-01,7.939277988368098615e-01,6.853932021225253024e-01,7.693514832491642474e-01,-4.118760064498566686e-01,1.097544400636677908e+00,0.000000000000000000e+00
4.290000000000000568e+01,-5.571331237400700687e+00,1.048732858864032114e+00,-5.055235394696262485e-01,8.726646259971647668e-01,7.940502108402412995e-01,6.850728953372000607e-01,7.635126615281020435e-01,-4.226014258767298859e-01,1.108095187154394257e+00,0.000000000000000000e+00
4.300000000000000000e+01,-5.571785367412091183e+00,1.048420646400009648e+00,-5.195172706660178275e-01,8.726646259971647668e-01,7.941247562158283424e-01,6.845083807835850020e-01,7.575243277519492224e-01,-4.332440909357319070e-01,1.118351545534042479e+00,0.000000000000000000e+00
4.310000000000000142e+01,-5.571785367412091183e+00,1.048420646400009648e+00,-5.335110018624085182e-01,8.726646259971647668e-01,7.941247562158283424e-01,6.845083807835850020e-01,7.513876545641144933e-01,-4.438019175661708782e-01,1.129119386610514475e+00,0.000000000000000000e+00
4.320000000000000284e+01,-5.571785367412091183e+00,1.048420646400009648e+00,-5.475047330588000971e-01,8.726646259971647668e-01,7.941247562158283424e-01,6.845083807835850020e-01,7.451038436560240008e-01,-4.542728383205305032e-01,1.139835828026322107e+00,0.000000000000000000e+00
4.330000000000000426e+01,-5.571785367412091183e+00,1.048420646400009648e+00,-5.614984642551907879e-01,8.726646259971647668e-01,7.941247562158283424e-01,6.845083807835850020e-01,7.386741255318075572e-01,-4.646548027693147564e-01,1.150500236799928411e+00,0.000000000000000000e+00
4.340000000000000568e+01,-5.571785367412091183e+00,1.048420646400009648e+00,-5.754921954515823668e-01,8.726646259971647668e-01,7.941247562158283424e-01,6.845083807835850020e-01,7.320997592673369470e-01,-4.749457779025714754e-01,1.161111986993969225e+00,0.000000000000000000e+00
4.350000000000000000e+01,-5.571785367412091183e+00,1.048420646400009648e+00,-5.894859266479730575e-01,8.726646259971647668e-01,7.941247562158283424e-01,6.845083807835850020e-01,7.253820322636747031e-01,-4.851437485279931350e-01,1.171670459514735141e+00,0.000000000000000000e+00
4.360000000000000142e+01,-5.571785367412091183e+00,1.048420646400009648e+00,-6.034796578443637483e-01,8.726646259971647668e-01,7.941247562158283424e-01,6.845083807835850020e-01,7.185222599949708799e-01,-4.952467176655397374e-01,1.182175041925487724e+00,0.000000000000000000e+00
4.370000000000000284e+01,-5.571785367412091183e+00,1.048420646400009648e+00,-6.174733890407553272e-01,8.726646259971647668e-01,7.941247562158283424e-01,6.845083807835850020e-01,7.115217857508666643e-01,-5.052527069384876723e-01,1.192625128272603696e+00,0.000000000000000000e+00
4.380000000000000426e+01,-5.571785367412091183e+00,1.048420646400009648e+00,-6.314671202371460179e-01,8.726646259971647668e-01,7.941247562158283424e-01,6.845083807835850020e-01,7.043819803734502338e-01,-5.151597569608361571e-01,1.203020118923645798e+00,0.000000000000000000e+00
4.390000000000000568e+01,-5.571785367412091183e+00,1.048420646400009648e+00,-6.454608514335375968e-01,8.726646259971647668e-01,7.941247562158283424e-01,6.845083807835850020e-01,6.971042419888147101e-01,-5.249659277210012576e-01,1.213359420416523227e+00,0.000000000000000000e+00
4.400000000000000000e+01,-5.571785367412091183e+00,1.048420646400009648e+00,-6.594545826299282876e-01,8.726646259971647668e-01,7.941247562158283424e-01,6.845083807835850020e-01,6.896899957332776054e-01,-5.346692989617067848e-01,1.223642445318958716e+00,0.000000000000000000e+00
4.410000000000000142e+01,-5.571785367412091183e+00,1.048420646400009648e+00,-6.734483138263189783e-01,8.726646259971647668e-01,7.941247562158283424e-01,6.845083807835850020e-01,6.821406934743063921e-01,-5.442679705560155012e-01,1.233868612097559714e+00,0.000000000000000000e+00
4.420000000000000284e+01,-5.571785367412091183e+00,1.048420646400009648e+00,-6.874420450227105572e-01,8.726646259971647668e-01,7.941247562158283424e-01,6.845083807835850020e-01,6.744578135262130347e-01,-5.537600628794130397e-01,1.244037344995825745e+00,0.000000000000000000e+00
4.430000000000000426e+01,-5.571785367412091183e+00,1.048420646400009648e+00,-7.014357762191012480e-01,8.726646259971647668e-01,7.941247562158283424e-01,6.845083807835850020e-01,6.666428603606699976e-01,-5.631437171778761464e-01,1.254148073920484441e+00,0.000000000000000000e+00
4.440000000000000568e+01,-5.571785367412091183e+00,1.048420646400009648e+00,-7.154295074154928269e-01,8.726646259971647668e-01,7.941247562158283424e-01,6.845083807835850020e-01,6.586973643120990207e-01,-5.724170959318609642e-01,1.264200234335604689e+00,0.000000000000000000e+00
4.450000000000000000e+01,-5.571785367412091183e+00,1.048420646400009648e+00,-7.294232386118835176e-01,8.726646259971647668e-01,7.941247562158283424e-01,6.845083807835850020e-01,6.506228812780032733e-01,-5.815783832161238731e-01,1.274193267163943766e+00,2.000000000000000000e+00
4.460000000000000142e+01,-5.571785367412091183e+00,1.048420646400009648e+00,-7.434169698082750966e-01,8.726646259971647668e-01,7.941247562158283424e-01,6.845083807835850020e-01,6.424209924142852968e-01,-5.906257850553225941e-01,1.284126618695072830e+00,2.000000000000000000e+00
4.470000000000000284e+01,-5.571785367412091183e+00,1.048420646400009648e+00,-7.574107010046657873e-01,8.726646259971647668e-01,7.941247562158283424e-01,6.845083807835850020e-01,6.340933038256271193e-01,-5.995575297753104049e-01,1.293999740499804929e+00,2.000000000000000000e+00
4.480000000000000426e+01,-5.571785367412091183e+00,1.048420646400009648e+00,-7.714044322010564780e-01,8.726646259971647668e-01,7.941247562158283424e-01,6.845083807835850020e-01,6.256414462509770624e-01,-6.083718683500718427e-01,1.303812089350539383e+00,2.000000000000000000e+00
4.490000000000000568e+01,-5.571785367412091183e+00,1.048420646400009648e+00,-7.853981633974482790e-01,8.726646259971647668e-01,7.941247562158283424e-01,6.845083807835850020e-01,6.170670747442175141e-01,-6.170670747442175141e-01,1.313563127147115539e+00,0.000000000000000000e+00
4.500000000000000000e+01,-5.571785367412091183e+00,1.048420646400009648e+00,-7.993918945938393028e-01,8.726646259971647668e-01,7.941247562158283424e-01,6.845083807835850020e-01,6.083718683500725088e-01,-6.256414462509766183e-01,1.323252320847826846e+00,0.000000000000000000e+00
4.510000000000000142e+01,-5.571785367412091183e+00,1.048420646400009648e+00,-8.133856257902304376e-01,8.726646259971647668e-01,7.941247562158283424e-01,6.845083807835850020e-01,5.995575297753107380e-01,-6.340933038256270082e-01,1.332879142405269945e+00,0.000000000000000000e+00
4.520000000000000284e+01,-5.571785367412091183e+00,1.048420646400009648e+00,-8.273793569866214614e-01,8.726646259971647668e-01,7.941247562158283424e-01,6.845083807835850020e-01,5.906257850553227051e-01,-6.424209924142852968e-01,1.342443068706705711e+00,0.000000000000000000e+00
4.530000000000000426e+01,-5.571785367412091183e+00,1.048420646400009648e+00,-8.413730881830124853e-01,8.726646259971647668e-01,7.941247562158283424e-01,6.845083807835850020e-01,5.815783832161244282e-01,-6.506228812780028292e-01,1.351943581518658455e+00,0.000000000000000000e+00
4.540000000000000568e+01,-5.571785367412091183e+00,1.048420646400009648e+00,-8.553668193794036201e-01,8.726646259971647668e-01,7.941247562158283424e-01,6.845083807835850020e-01,5.724170959318610752e-01,-6.586973643120989097e-01,1.361380167435475297e+00,0.000000000000000000e+00
4.550000000000000000e+01,-5.571785367412091183e+00,1.048420646400009648e+00,-8.693605505757946439e-01,8.726646259971647668e-01,7.941247562158283424e-01,6.845083807835850020e-01,5.631437171778765904e-01,-6.666428603606695535e-01,1.370752317831602785e+00,0.000000000000000000e+00
4.560000000000000142e+01,-5.571785367412091183e+00,1.048420646400009648e+00,-8.833542817721856677e-01,8.726646259971647668e-01,7.941247562158283424e-01,6.845083807835850020e-01,5.537600628794132618e-01,-6.744578135262128127e-01,1.380059528817349168e+00,0.000000000000000000e+00
4.570000000000000284e+01,-5.571785367412091183e+00,1.048420646400009648e+00,-8.973480129685768025e-01,8.726646259971647668e-01,7.941247562158283424e-01,6.845083807835850020e-01,5.442679705560161674e-01,-6.821406934743059480e-01,1.389301301197909178e+00,0.000000000000000000e+00
4.580000000000000426e+01,-5.571785367412091183e+00,1.048420646400009648e+00,-9.113417441649678263e-01,8.726646259971647668e-01,7.941247562158283424e-01,6.845083807835850020e-01,5.346692989617071179e-01,-6.896899957332772724e-01,1.398477140435454347e+00,0.000000000000000000e+00
4.590000000000000568e+01,-5.571785367412091183e+00,1.048420646400009648e+00,-9.253354753613588501e-01,8.726646259971647668e-01,7.941247562158283424e-01,6.845083807835850020e-01,5.249659277210013686e-01,-6.971042419888145991e-01,1.407586556614099038e+00,0.000000000000000000e+00
4.600000000000000000e+01,-5.571785367412091183e+00,1.048420646400009648e+00,-9.393292065577498740e-01,8.726646259971647668e-01,7.941247562158283424e-01,6.845083807835850020e-01,5.151597569608366012e-01,-7.043819803734499008e-01,1.416629064407566307e+00,0.000000000000000000e+00
4.610000000000000142e+01,-5.571785367412091183e+00,1.048420646400009648e+00,-9.533229377541410088e-01,8.726646259971647668e-01,7.941247562158283424e-01,6.845083807835850020e-01,5.052527069384878944e-01,-7.115217857508664423e-01,1.425604183049382856e+00,0.000000000000000000e+00
4.620000000000000284e+01,-5.571785367412091183e+00,1.048420646400009648e+00,-9.673166689505320326e-01,8.726646259971647668e-01,7.941247562158283424e-01,6.845083807835850020e-01,4.952467176655404590e-01,-7.185222599949705469e-01,1.434511436305459187e+00,0.000000000000000000e+00
4.630000000000000426e+01,-5.571785367412091183e+00,1.048420646400009648e+00,-9.813104001469230564e-01,8.726646259971647668e-01,7.941247562158283424e-01,6.845083807835850020e-01,4.851437485279935236e-01,-7.253820322636744811e-01,1.443350352448899088e+00,0.000000000000000000e+00
4.640000000000000568e+01,-5.571785367412091183e+00,1.048420646400009648e+00,-9.953041313433141912e-01,8.726646259971647668e-01,7.941247562158283424e-01,6.845083807835850020e-01,4.749457779025714754e-01,-7.320997592673369470e-01,1.452120464236912989e+00,0.000000000000000000e+00
4.650000000000000000e+01,-5.571785367412091183e+00,1.048420646400009648e+00,-1.009297862539705326e+00,8.726646259971647668e-01,7.941247562158283424e-01,6.845083807835850020e-01,4.646548027693151450e-01,-7.386741255318074462e-01,1.460821308889697745e+00,0.000000000000000000e+00
4.660000000000000142e+01,-5.571785367412091183e+00,1.048420646400009648e+00,-1.023291593736096239e+00,8.726646259971647668e-01,7.941247562158283424e-01,6.845083807835850020e-01,4.542728383205307252e-01,-7.451038436560238898e-01,1.469452428071177374e+00,0.000000000000000000e+00
4.670000000000000284e+01,-5.571785367412091183e+00,1.048420646400009648e+00,-1.037285324932487374e+00,8.726646259971647668e-01,7.941247562158283424e-01,6.845083807835850020e-01,4.438019175661714888e-01,-7.513876545641141602e-01,1.478013367871479744e+00,0.000000000000000000e+00
4.680000000000000426e+01,-5.571785367412091183e+00,1.048420646400009648e+00,-1.051279056128878509e+00,8.726646259971647668e-01,7.941247562158283424e-01,6.845083807835850020e-01,4.332440909357321290e-01,-7.575243277519491114e-01,1.486503678791052829e+00,2.000000000000000000e+00
4.690000000000000568e+01,-5.571785367412091183e+00,1.048420646400009648e+00,-1.065272787325269421e+00,8.726646259971647668e-01,7.941247562158283424e-01,6.845083807835850020e-01,4.226014258767306075e-01,-7.635126615281017104e-01,1.494922915726318857e+00,0.000000000000000000e+00
4.700000000000000000e+01,-5.571785367412091183e+00,1.048420646400009648e+00,-1.079266518521660556e+00,8.726646259971647668e-01,7.941247562158283424e-01,6.845083807835850020e-01,4.118760064498570572e-01,-7.693514832491640254e-01,1.503270637956775735e+00,0.000000000000000000e+00
4.710000000000000142e+01,-5.571785367412091183e+00,1.048420646400009648e+00,-1.093260249718051469e+00,8.726646259971647668e-01,7.941247562158283424e-01,6.845083807835850020e-01,4.010699329208716191e-01,-7.750396495493756532e-01,1.511546409133459168e+00,0.000000000000000000e+00
4.720000000000000284e+01,-5.571785367412091183e+00,1.048420646400009648e+00,-1.107253980914442604e+00,8.726646259971647668e-01,7.941247562158283424e-01,6.845083807835850020e-01,3.901853213493263750e-01,-7.805760465645191770e-01,1.519749797268679092e+00,0.000000000000000000e+00
4.730000000000000426e+01,-5.571785367412091183e+00,1.048420646400009648e+00,-1.121247712110833739e+00,8.726646259971647668e-01,7.941247562158283424e-01,6.845083807835850020e-01,3.792243031741967529e-01,-7.859595901500384674e-01,1.527880374726961143e+00,0.000000000000000000e+00
4.740000000000000568e+01,-5.571785367412091183e+00,1.048420646400009648e+00,-1.135241443307224873e+00,8.726646259971647668e-01,7.941247562158283424e-01,6.845083807835850020e-01,3.681890247964999530e-01,-7.911892260933371945e-01,1.535937718217113668e+00,0.000000000000000000e+00
4.750000000000000000e+01,-5.571785367412091183e+00,1.048420646400009648e+00,-1.149235174503615786e+00,8.726646259971647668e-01,7.941247562158283424e-01,6.845083807835850020e-01,3.570816471589836616e-01,-7.962639303202164731e-01,1.543921408785358551e+00,0.000000000000000000e+00
4.760000000000000142e+01,-5.571785367412091183e+00,1.048420646400009648e+00,-1.163228905700006921e+00,8.726646259971647668e-01,7.941247562158283424e-01,6.845083807835850020e-01,3.459043453229674880e-01,-8.011827090954102282e-01,1.551831031809456141e+00,0.000000000000000000e+00
4.770000000000000284e+01,-5.571785367412091183e+00,1.048420646400009648e+00,-1.177222636896397834e+00,8.726646259971647668e-01,7.941247562158283424e-01,6.845083807835850020e-01,3.346593080424201672e-01,-8.059445992171794249e-01,1.559666176993766085e+00,0.000000000000000000e+00
4.780000000000000426e+01,-5.571785367412091183e+00,1.048420646400009648e+00,-1.191216368092788969e+00,8.726646259971647668e-01,7.941247562158283424e-01,6.845083807835850020e-01,3.233487373353537975e-01,-8.105486682059281911e-01,1.567426438365188801e+00,0.000000000000000000e+00
4.790000000000000568e+01,-5.571785367412091183e+00,1.048420646400009648e+00,-1.205210099289180103e+00,8.726646259971647668e-01,7.941247562158283424e-01,6.845083807835850020e-01,3.119748480526227663e-01,-8.149940144868024205e-01,1.575111414269929400e+00,0.000000000000000000e+00
4.800000000000000000e+01,-5.571785367412091183e+00,1.048420646400009648e+00,-1.219203830485571238e+00,8.726646259971647668e-01,7.941247562158283424e-01,6.845083807835850020e-01,3.005398674442082974e-01,-8.192797675662381041e-01,1.582720707371038982e+00,0.000000000000000000e+00
4.810000000000000142e+01,-5.571785367412091183e+00,1.048420646400009648e+00,-1.233197561681962151e+00,8.726646259971647668e-01,7.941247562158283424e-01,6.845083807835850020e-01,2.890460347230757177e-01,-8.234050882024217533e-01,1.590253924646679362e+00,0.000000000000000000e+00
4.820000000000000284e+01,-5.571785367412091183e+00,1.048420646400009648e+00,-1.247191292878353286e+00,8.726646259971647668e-01,7.941247562158283424e-01,6.845083807835850020e-01,2.774956006266878217e-01,-8.273691685696327180e-01,1.597710677389069689e+00,0.000000000000000000e+00
4.830000000000000426e+01,-5.571785367412091183e+00,1.048420646400009648e+00,-1.261185024074744199e+00,8.726646259971647668e-01,7.941247562158283424e-01,6.845083807835850020e-01,2.658908269762642052e-01,-8.311712324164315380e-01,1.605090581204070332e+00,0.000000000000000000e+00
4.840000000000000568e+01,-5.571785367412091183e+00,1.048420646400009648e+00,-1.275178755271135334e+00,8.726646259971647668e-01,7.941247562158283424e-01,6.845083807835850020e-01,2.542339862338666712e-01,-8.348105352176681260e-01,1.612393256011367182e+00,0.000000000000000000e+00
4.850000000000000000e+01,-5.571785367412091183e+00,1.048420646400009648e+00,-1.289172486467526468e+00,8.726646259971647668e-01,7.941247562158283424e-01,6.845083807835850020e-01,2.425273610574041616e-01,-8.382863643202739246e-01,1.619618326045209056e+00,0.000000000000000000e+00
4.860000000000000142e+01,-5.571785367412091183e+00,1.048420646400009648e+00,-1.303166217663917603e+00,8.726646259971647668e-01,7.941247562158283424e-01,6.845083807835850020e-01,2.307732438536389263e-01,-8.415980390828154967e-01,1.626765419855674244e+00,0.000000000000000000e+00
4.870000000000000284e+01,-5.572152429568318688e+00,1.048898189009093818e+00,-1.317159948860308516e+00,8.726646259971647668e-01,7.947377882376219782e-01,6.845284938216446013e-01,2.189739363292845520e-01,-8.447449110087789093e-01,1.634068896921412550e+00,0.000000000000000000e+00
4.880000000000000426e+01,-5.572152429568318688e+00,1.048898189009093818e+00,-1.331153680056699651e+00,8.726646259971647668e-01,7.947377882376219782e-01,6.845284938216446013e-01,2.071317490402823647e-01,-8.477263638735585971e-01,1.641062401687313432e+00,0.000000000000000000e+00
4.890000000000000568e+01,-5.572248244773457593e+00,1.049014604189557831e+00,-1.345147411253090564e+00,8.726646259971647668e-01,7.948915865159833505e-01,6.845283087565315894e-01,1.952490009393464121e-01,-8.505418138451269483e-01,1.648032618530745452e+00,0.000000000000000000e+00
4.900000000000000000e+01,-5.572467198645123965e+00,1.049277302558968561e+00,-1.359141142449481698e+00,8.726646259971647668e-01,7.952405449954793593e-01,6.845256264455832351e-01,1.833280189218615130e-01,-8.531907095983622957e-01,1.654995005944795317e+00,0.000000000000000000e+00
4.910000000000000142e+01,-5.572512831890145790e+00,1.049476979206281690e+00,-1.373134873645872833e+00,8.726646259971647668e-01,7.954231208890355509e-01,6.846195941098158766e-01,1.713711373702290486e-01,-8.556725324230091134e-01,1.661908755976924779e+00,0.000000000000000000e+00
4.920000000000000284e+01,-5.572512831890145790e+00,1.049476979206281690e+00,-1.387128604842263968e+00,8.726646259971647668e-01,7.954231208890355509e-01,6.846195941098158766e-01,1.593806976967441780e-01,-8.579867963252526541e-01,1.668587558359294842e+00,0.000000000000000000e+00
4.930000000000000426e+01,-5.572447470983012074e+00,1.049516667473083142e+00,-1.401122336038654881e+00,8.726646259971647668e-01,7.954084508046522783e-01,6.846974745771662318e-01,1.473590478850980157e-01,-8.601330481228870450e-01,1.675252032528273149e+00,0.000000000000000000e+00
4.940000000000000568e+01,-5.572447470983012074e+00,1.049516667473083142e+00,-1.415116067235045794e+00,8.726646259971647668e-01,7.954084508046522783e-01,6.846974745771662318e-01,1.353085420305915332e-01,-8.621108675340586336e-01,1.681769287621937448e+00,0.000000000000000000e+00
4.950000000000000000e+01,-5.572447470983012074e+00,1.049516667473083142e+00,-1.429109798431436928e+00,8.726646259971647668e-01,7.954084508046522783e-01,6.846974745771662318e-01,1.232315398791540562e-01,-8.639198672595647110e-01,1.688205399534904894e+00,0.000000000000000000e+00
4.960000000000000142e+01,-5.572447470983012074e+00,1.049516667473083142e+00,-1.443103529627828063e+00,8.726646259971647668e-01,7.954084508046522783e-01,6.846974745771662318e-01,1.111304063652550772e-01,-8.655596930586964000e-01,1.694560039629216863e+00,0.000000000000000000e+00
4.970000000000000284e+01,-5.572447470983012074e+00,1.049516667473083142e+00,-1.457097260824219198e+00,8.726646259971647668e-01,7.954084508046522783e-01,6.846974745771662318e-01,9.900751114879909054e-02,-8.670300238186057218e-01,1.700832883628240255e+00,0.000000000000000000e+00
4.980000000000000426e+01,-5.572447470983012074e+00,1.049516667473083142e+00,-1.471090992020610333e+00,8.726646259971647668e-01,7.954084508046522783e-01,6.846974745771662318e-01,8.686522815109583295e-02,-8.683305716171862976e-01,1.707023611621859116e+00,0.000000000000000000e+00
4.990000000000000568e+01,-5.572447470983012074e+00,1.049516667473083142e+00,-1.485084723217001246e+00,8.726646259971647668e-01,7.954084508046522783e-01,6.846974745771662318e-01,7.470593508999609500e-02,-8.694610817794553581e-01,1.713131908071860332e+00,0.000000000000000000e+00
5.000000000000000000e+01,-5.572447470983012074e+00,1.049516667473083142e+00,-1.499078454413392381e+00,8.726646259971647668e-01,7.954084508046522783e-01,6.846974745771662318e-01,6.253201301428311376e-02,-8.704213329274237410e-01,1.719157461817502952e+00,0.000000000000000000e+00
5.010000000000000142e+01,-5.572447470983012074e+00,1.049516667473083142e+00,-1.513072185609783293e+00,8.726646259971647668e-01,7.954084508046522783e-01,6.846974745771662318e-01,5.034584583741378433e-02,-8.712111370234466579e-01,1.725099966081245384e+00,0.000000000000000000e+00
5.020000000000000284e+01,-5.572447470983012074e+00,1.049516667473083142e+00,-1.527065916806174428e+00,8.726646259971647668e-01,7.954084508046522783e-01,6.846974745771662318e-01,3.814981987069611391e-02,-8.718303394070459067e-01,1.730959118474621583e+00,0.000000000000000000e+00
5.030000000000000426e+01,-5.572447470983012074e+00,1.049516667473083142e+00,-1.541059648002565563e+00,8.726646259971647668e-01,7.954084508046522783e-01,6.846974745771662318e-01,2.594632335599987571e-02,-8.722788188251950903e-01,1.736734621004246026e+00,0.000000000000000000e+00
5.040000000000000568e+01,-5.572447470983012074e+00,1.049516667473083142e+00,-1.555053379198956698e+00,8.726646259971647668e-01,7.954084508046522783e-01,6.846974745771662318e-01,1.373774599808719014e-02,-8.725564874560635120e-01,1.742426180077934816e+00,0.000000000000000000e+00
5.050000000000000000e+01,-5.572447470983012074e+00,1.049516667473083142e+00,-1.569047110395347611e+00,8.726646259971647668e-01,7.954084508046522783e-01,6.846974745771662318e-01,1.526478496657796436e-03,-8.726632909262144189e-01,1.748033506510932922e+00,0.000000000000000000e+00
5.060000000000000142e+01,-5.572447470983012074e+00,1.049516667473083142e+00,-1.583040841591738968e+00,8.726646259971647668e-01,7.954084508046522783e-01,6.846974745771662318e-01,-1.068508792180189806e-02,-8.725992083212513739e-01,1.753556315532224907e+00,0.000000000000000000e+00
5.070000000000000284e+01,-5.572447470983012074e+00,1.049516667473083142e+00,-1.597034572788129658e+00,8.726646259971647668e-01,7.954084508046522783e-01,6.846974745771662318e-01,-2.289456197226961628e-02,-8.723642521899148683e-01,1.758994326790928486e+00,0.000000000000000000e+00
5.080000000000000426e+01,-5.572447470983012074e+00,1.049516667473083142e+00,-1.611028303984520793e+00,8.726646259971647668e-01,7.954084508046522783e-01,6.846974745771662318e-01,-3.509955277945526336e-02,-8.719584685416236214e-01,1.764347264362746914e+00,0.000000000000000000e+00
5.090000000000000568e+01,-5.572447470983012074e+00,1.049516667473083142e+00,-1.625022035180911928e+00,8.726646259971647668e-01,7.954084508046522783e-01,6.846974745771662318e-01,-4.729767034598199305e-02,-8.713819368374664531e-01,1.769614856756479782e+00,0.000000000000000000e+00
5.100000000000000000e+01,-5.572447470983012074e+00,1.049516667473083142e+00,-1.639015766377303063e+00,8.726646259971647668e-01,7.954084508046522783e-01,6.846974745771662318e-01,-5.948652602040041537e-02,-8.706347699746408431e-01,1.774796836920572662e+00,0.000000000000000000e+00
5.110000000000000142e+01,-5.572447470983012074e+00,1.049516667473083142e+00,-1.653009497573693976e+00,8.726646259971647668e-01,7.954084508046522783e-01,6.846974745771662318e-01,-7.166373296493681877e-02,-8.697171142643460584e-01,1.779892942249699406e+00,0.000000000000000000e+00
5.120000000000000284e+01,-5.572447470983012074e+00,1.049516667473083142e+00,-1.667003228770085110e+00,8.726646259971647668e-01,7.954084508046522783e-01,6.846974745771662318e-01,-8.382690662288770633e-02,-8.686291494031322946e-01,1.784902914591369516e+00,0.000000000000000000e+00
5.130000000000000426e+01,-5.572447470983012074e+00,1.049516667473083142e+00,-1.680996959966476023e+00,8.726646259971647668e-01,7.954084508046522783e-01,6.846974745771662318e-01,-9.597366518556552095e-02,-8.673710884377114905e-01,1.789826500252542640e+00,0.000000000000000000e+00
5.140000000000000568e+01,-5.572447470983012074e+00,1.049516667473083142e+00,-1.694990691162867158e+00,8.726646259971647668e-01,7.954084508046522783e-01,6.846974745771662318e-01,-1.081016300587089862e-01,-8.659431777232392546e-01,1.794663450006252381e+00,0.000000000000000000e+00
5.150000000000000000e+01,-5.572447470983012074e+00,1.049516667473083142e+00,-1.708984422359258293e+00,8.726646259971647668e-01,7.954084508046522783e-01,6.846974745771662318e-01,-1.202084263282613141e-01,-8.643456968750723446e-01,1.799413519098219449e+00,0.000000000000000000e+00
5.160000000000000142e+01,-5.572447470983012074e+00,1.049516667473083142e+00,-1.722978153555649428e+00,8.726646259971647668e-01,7.954084508046522783e-01,6.846974745771662318e-01,-1.322916832254298070e-01,-8.625789587140146875e-01,1.804076467253455940e+00,0.000000000000000000e+00
5.170000000000000284e+01,-5.572447470983012074e+00,1.049516667473083142e+00,-1.736971884752040340e+00,8.726646259971647668e-01,7.954084508046522783e-01,6.846974745771662318e-01,-1.443490345909323735e-01,-8.606433092050604916e-01,1.808652058682846508e+00,0.000000000000000000e+00
5.180000000000000426e+01,-5.572447470983012074e+00,1.049516667473083142e+00,-1.750965615948431475e+00,8.726646259971647668e-01,7.954084508046522783e-01,6.846974745771662318e-01,-1.563781193383429191e-01,-8.585391273896457731e-01,1.813140062089699356e+00,0.000000000000000000e+00
5.190000000000000568e+01,-5.572447470983012074e+00,1.049516667473083142e+00,-1.764959347144822388e+00,8.726646259971647668e-01,7.954084508046522783e-01,6.846974745771662318e-01,-1.683765819164409205e-01,-8.562668253114256167e-01,1.817540250676264124e+00,0.000000000000000000e+00
5.200000000000000000e+01,-5.572447470983012074e+00,1.049516667473083142e+00,-1.778953078341213523e+00,8.726646259971647668e-01,7.954084508046522783e-01,6.846974745771662318e-01,-1.803420727704801996e-01,-8.538268479355860530e-01,1.821852402150204053e+00,0.000000000000000000e+00
5.210000000000000142e+01,-5.572447470983012074e+00,1.049516667473083142e+00,-1.792946809537604658e+00,8.726646259971647668e-01,7.954084508046522783e-01,6.846974745771662318e-01,-1.922722488022803877e-01,-8.512196730617106466e-01,1.826076298731020620e+00,0.000000000000000000e+00
5.220000000000000284e+01,-5.572878902502111487e+00,1.049359392118420775e+00,-1.806940540733995570e+00,8.726646259971647668e-01,7.955845366255239748e-01,6.842516926610353600e-01,-2.041647738290561231e-01,-8.484458112302174504e-01,1.829934513087527304e+00,0.000000000000000000e+00
5.230000000000000426e+01,-5.573998736522106867e+00,1.047181057942532911e+00,-1.820934271930386705e+00,8.726646259971647668e-01,7.946971659029593571e-01,6.819417736283992504e-01,-2.160173190408920807e-01,-8.455058056223841989e-01,1.831567601109604926e+00,0.000000000000000000e+00
5.240000000000000568e+01,-5.573983425170194295e+00,1.047546961057875148e+00,-1.834928003126777840e+00,8.726646259971647668e-01,7.949644016014409953e-01,6.821922279006498169e-01,-2.278275634567722974e-01,-8.424002319539815042e-01,1.835888224384381706e+00,0.000000000000000000e+00
5.250000000000000000e+01,-5.574135758435284416e+00,1.047664157517652850e+00,-1.848921734323168753e+00,8.726646259971647668e-01,7.951572628411854859e-01,6.821474285651799585e-01,-2.395931943790785001e-01,-8.391296983625359251e-01,1.839834939778835388e+00,0.000000000000000000e+00
5.260000000000000142e+01,-5.574784241373714977e+00,1.047588096867511753e+00,-1.862915465519559888e+00,8.726646259971647668e-01,7.955416958883542167e-01,6.815821526430813071e-01,-2.513119078464660094e-01,-8.356948452882432266e-01,1.843375153381446863e+00,0.000000000000000000e+00
5.270000000000000284e+01,-5.575170168919694191e+00,1.047414887662472704e+00,-1.876909196715951023e+00,8.726646259971647668e-01,7.956730988685287720e-01,6.811624377737975911e-01,-2.629814090850273733e-01,-8.320963453485569206e-01,1.846808466492217082e+00,0.000000000000000000e+00
5.280000000000000426e+01,-5.580557389454217088e+00,1.033329978208239908e+00,-1.890902927912341935e+00,8.726646259971647668e-01,7.885822566272328027e-01,6.677640813914317297e-01,-2.745994129576585507e-01,-8.283349032064752926e-01,1.835392991774842164e+00,0.000000000000000000e+00
5.290000000000000568e+01,-5.636416198768987584e+00,9.944804472404483731e-01,-1.904896659108733070e+00,8.726646259971647668e-01,7.936301358849695564e-01,5.992850468339477876e-01,-2.861636444115382982e-01,-8.244112554325530029e-01,1.786859191165977245e+00,0.000000000000000000e+00
5.300000000000000000e+01,-5.809227158631044219e+00,9.572244742958233577e-01,-1.918890390305124205e+00,8.726646259971647668e-01,8.517083929673751053e-01,4.368884383224699852e-01,-2.976718389236305273e-01,-8.203261703606655741e-01,1.703426983979093645e+00,0.000000000000000000e+00
5.310000000000000142e+01,-5.992579855445212544e+00,9.187564323850713199e-01,-1.932884121501515118e+00,8.726646259971647668e-01,8.802334985172499682e-01,2.632534332863040727e-01,-3.091217429441268649e-01,-8.160804479375527443e-01,1.606090756324002111e+00,0.000000000000000000e+00
5.320000000000000284e+01,-6.144617130951891326e+00,8.642884310764746836e-01,-1.946877852697906253e+00,8.726646259971647668e-01,8.560040382769331657e-01,1.193799754825608239e-01,-3.205111143377404326e-01,-8.116749195661716598e-01,1.500350333064292885e+00,0.000000000000000000e+00
5.330000000000000426e+01,-6.282682954802995212e+00,7.396941621343947615e-01,-1.960871583894297387e+00,8.726646259971647668e-01,7.396940688005602116e-01,3.715871046700728393e-04,-3.318377228227625819e-01,-8.071104479428914402e-01,1.341718158699523267e+00,0.000000000000000000e+00
5.340000000000000568e+01,-6.495463301475077778e+00,6.058324110934174556e-01,-1.974865315090688300e+00,8.726646259971647668e-01,5.922335981464329491e-01,-1.276411985128348969e-01,-3.430993504077999856e-01,-8.023879268885575344e-01,1.153312998324781180e+00,0.000000000000000000e+00
5.350000000000000000e+01,-6.738262593447126747e+00,5.657707667952701636e-01,-1.988859046287079435e+00,8.726646259971647668e-01,5.081906131113603786e-01,-2.486742071578948166e-01,-3.542937918261053198e-01,-7.975082811734633959e-01,1.022300439969024533e+00,0.000000000000000000e+00
5.360000000000000142e+01,-6.978827845588296164e+00,7.034811979718758046e-01,-2.002852777483470348e+00,8.726646259971647668e-01,5.400217637428312845e-01,-4.508461939331719348e-01,-3.654188549674141639e-01,-7.924724663362604504e-01,9.677454334722646045e-01,0.000000000000000000e+00
5.370000000000000284e+01,-7.104914162595092897e+00,8.718637682542031975e-01,-2.016846508679861483e+00,8.726646259971647668e-01,5.937009887915185580e-01,-6.384869351070482368e-01,-3.764723613072085140e-01,-7.872814684968433285e-01,9.815172654663157914e-01,0.000000000000000000e+00
5.380000000000000426e+01,-7.368522420139158591e+00,9.122322581705151201e-01,-2.030840239876252618e+00,8.726646259971647668e-01,4.256608585572745351e-01,-8.068336422950900255e-01,-3.874521463333168159e-01,-7.819363041632467759e-01,8.134940910469221631e-01,0.000000000000000000e+00
5.390000000000000568e+01,-7.418387429285922430e+00,9.412774607471146027e-01,-2.044833971072643752e+00,8.726646259971647668e-01,3.971712652999486171e-01,-8.533804802844823234e-01,-3.983560599697726357e-01,-7.764380200325911030e-01,7.992395557280750351e-01,0.000000000000000000e+00
5.400000000000000000e+01,-7.425731727892531886e+00,9.454214569743233376e-01,-2.058827702269034887e+00,8.726646259971647668e-01,3.926140453867145719e-01,-8.600441515832377704e-01,-4.091819669978448704e-01,-7.707876927861173622e-01,8.067487594739657375e-01,0.000000000000000000e+00
5.410000000000000142e+01,-7.423401930230954626e+00,1.012165599179223330e+00,-2.072821433465425578e+00,8.726646259971647668e-01,4.224755558703219838e-01,-9.197791065543393652e-01,-4.199277474741588412e-01,-7.649864288783497779e-01,8.565069168125825083e-01,0.000000000000000000e+00
5.420000000000000284e+01,-7.450864247337984914e+00,1.014465774425935995e+00,-2.086815164661817157e+00,8.726646259971647668e-01,3.979624947732167684e-01,-9.331487878336934827e-01,-4.305912971458282779e-01,-7.590353643204277301e-01,8.466503825965816521e-01,0.000000000000000000e+00
5.430000000000000426e+01,-7.454319303332342272e+00,1.018031934215074763e+00,-2.100808895858207848e+00,8.726646259971647668e-01,3.961236633844171795e-01,-9.378033175397681998e-01,-4.411705278625087656e-01,-7.529356644576525870e-01,8.574599768222032070e-01,0.000000000000000000e+00
5.440000000000000568e+01,-7.456480037678848483e+00,1.018002373598622112e+00,-2.114802627054598982e+00,8.726646259971647668e-01,3.940849530313062510e-01,-9.386297898781722493e-01,-4.516633679853075400e-01,-7.466885237412853593e-01,8.672552520156061595e-01,0.000000000000000000e+00
5.450000000000000000e+01,-7.453738942948848312e+00,1.016754412730886736e+00,-2.128796358250990117e+00,8.726646259971647668e-01,3.961700846835550238e-01,-9.363967106998801748e-01,-4.620677627924498210e-01,-7.402951654946503535e-01,8.803567565891255997e-01,0.000000000000000000e+00
5.460000000000000142e+01,-7.451431803390240027e+00,1.015412916538227739e+00,-2.142790089447380808e+00,8.726646259971647668e-01,3.978038741836510406e-01,-9.342459359061444646e-01,-4.723816748816394573e-01,-7.337568416735809063e-01,8.929830719046442100e-01,0.000000000000000000e+00
5.470000000000000284e+01,-7.447906505489622297e+00,1.013081005724328909e+00,-2.156783820643772387e+00,8.726646259971647668e-01,4.001737703405460755e-01,-9.306954806438300087e-01,-4.826030845690265081e-01,-7.270748326212594925e-01,9.059560385941296534e-01,0.000000000000000000e+00
5.480000000000000426e+01,-7.445836037147723019e+00,1.011546697168459685e+00,-2.170777551840163078e+00,8.726646259971647668e-01,4.014909075167182873e-01,-9.284566612038611666e-01,-4.927299902847009916e-01,-7.202504468175010555e-01,9.181398813764028999e-01,0.000000000000000000e+00
5.490000000000000568e+01,-7.444044952034150953e+00,1.010274991412519974e+00,-2.184771283036554212e+00,8.726646259971647668e-01,4.026463676162661542e-01,-9.265697280393925261e-01,-5.027604089646471319e-01,-7.132850206225224143e-01,9.301891192099269734e-01,0.000000000000000000e+00
