time_s,phi_rad,theta_rad,phi_dot_rad_s,theta_dot_rad_s,bx_rad,by_rad,T1_N,T2_N,T3_N,I1_mA,I2_mA,I3_mA
1.184918999988440191e-01,-7.853981633974482790e-01,0.000000000000000000e+00,0.000000000000000000e+00,0.000000000000000000e+00,0.000000000000000000e+00,-0.000000000000000000e+00,2.225000000000000089e+00,3.757196625801750844e+00,6.779530039658812068e-01,-1.439575000000000102e+02,-2.430906216893732790e+02,-4.386355935659251770e+01
2.273576999996294035e-01,-1.696976227517452473e+00,2.412450463366460629e-01,0.000000000000000000e+00,1.047631159971764259e+00,-3.035956513868234147e-02,-2.393271175328040845e-01,2.247304720792950850e+00,3.738288374117478163e+00,6.529330293666515406e-01,-1.454006154353039335e+02,-2.418672578054008397e+02,-4.224476700002235674e+01
3.364086999990831828e-01,-1.616826312491726814e+00,3.723488653315668029e-01,0.000000000000000000e+00,1.126551870748107698e+00,-1.713316127463406988e-02,-3.719544761102394070e-01,2.269605919411924244e+00,3.718729552852505726e+00,6.292839205424778370e-01,-1.468435029859515168e+02,-2.406018020695571238e+02,-4.071466965909831970e+01
4.454530999992130091e-01,-1.596523812822142396e+00,4.521045953259821837e-01,0.000000000000000000e+00,9.377829982106257178e-01,-1.163023154478564324e-02,-4.519549787634657423e-01,2.291900074239134000e+00,3.698528570433387674e+00,6.070262998679158972e-01,-1.482859348032719708e+02,-2.392947985070401842e+02,-3.927460160145415813e+01
5.530363999987457646e-01,-1.639756365295392815e+00,5.009879563687297255e-01,0.000000000000000000e+00,7.055492875176209155e-01,-3.452077305799111651e-02,-4.997972075292086980e-01,2.314183664769091209e+00,3.677694111354690154e+00,5.861795763191655073e-01,-1.497276831105602071e+02,-2.379468090046484576e+02,-3.792581858785001003e+01
6.604693999997834908e-01,-1.681356398569370691e+00,5.468278442005612971e-01,0.000000000000000000e+00,5.763247517052731972e-01,-6.033423397421051881e-02,-5.434891640168905136e-01,2.336453172164531189e+00,3.656235132445487146e+00,5.667619285491531933e-01,-1.511685202390451650e+02,-2.365584130692230360e+02,-3.666949677713021316e+01
7.690662999993946869e-01,-1.707503556849445880e+00,5.820535342572193960e-01,0.000000000000000000e+00,4.614402931114083284e-01,-7.932330950222531152e-02,-5.766230391780527986e-01,2.358705079812080552e+00,3.634160859018780165e+00,5.487902890354738883e-01,-1.526082186638416260e+02,-2.351302075785150976e+02,-3.550673170059516082e+01
8.765447999994648853e-01,-1.710980230030355598e+00,5.904754500921728377e-01,0.000000000000000000e+00,2.790063274203779531e-01,-8.250430993024417126e-02,-5.846830731297839590e-01,2.380935873877569442e+00,3.611480780905490739e+00,5.322803293150228932e-01,-1.540465510398787501e+02,-2.336628065245852497e+02,-3.443853730668197954e+01
9.886805999994976446e-01,-1.710110583135683981e+00,5.918519428264059634e-01,0.000000000000000000e+00,1.495194272562934412e-01,-8.218695632950194507e-02,-5.861177581652716739e-01,2.403142043860906352e+00,3.588204648374742511e+00,5.172464463181800642e-01,-1.554832902378006452e+02,-2.321568407498458555e+02,-3.346584507678625187e+01
1.100557199999457225e+00,-1.709120639555623766e+00,5.928698746988027013e-01,0.000000000000000000e+00,8.379192307506104498e-02,-8.174704878009834974e-02,-5.872070404389905240e-01,2.425320083150430239e+00,3.564342467942173354e+00,5.037017498144717997e-01,-1.569182093798328310e+02,-2.306129576758586381e+02,-3.258950321299632691e+01
1.207223800000065239e+00,-1.708039430031495165e+00,5.936820072328471420e-01,0.000000000000000000e+00,4.686373685023356717e-02,-8.122321729325569784e-02,-5.880995788848644157e-01,2.447466489576640036e+00,3.539904498068089822e+00,4.916580509806600663e-01,-1.583510818756086280e+02,-2.290318210250054278e+02,-3.181027589844870818e+01
1.313608200000089710e+00,-1.707390012040461702e+00,5.943617687607615219e-01,0.000000000000000000e+00,2.774167625400526804e-02,-8.093384041327213174e-02,-5.888256326285227216e-01,2.469577765965232707e+00,3.514901244747309139e+00,4.811258521012176104e-01,-1.597816814579505547e+02,-2.274141105351509111e+02,-3.112884263094878179e+01
1.423492099998838967e+00,-1.706513712331320543e+00,5.950049255724483288e-01,0.000000000000000000e+00,1.757972918779152419e-02,-8.050484152045370156e-02,-5.895335715184008007e-01,2.491650420689343726e+00,3.489343456992581416e+00,4.721143374101810508e-01,-1.612097822186005374e+02,-2.257605216674200221e+02,-3.054579763043871665e+01
1.529287199999089353e+00,-1.705999040414537538e+00,5.955966259126210804e-01,0.000000000000000000e+00,1.175493796803800395e-02,-8.028117048377879372e-02,-5.901612275168991451e-01,2.513680968220918466e+00,3.463242122213542551e+00,4.646313650823628016e-01,-1.626351586438934191e+02,-2.240717653072162250e+02,-3.006164932082887375e+01
1.639981099999204162e+00,-1.705549722548907132e+00,5.961030973277688938e-01,0.000000000000000000e+00,8.494423399258077198e-03,-8.008403478734527070e-02,-5.906991197013407024e-01,2.535665929681115038e+00,3.436608461493175337e+00,4.586834603809046840e-01,-1.640575856503681393e+02,-2.223485674586084428e+02,-2.967681988664453385e+01
1.751352899998892099e+00,-1.704727868757061948e+00,5.965846057937956859e-01,0.000000000000000000e+00,6.492474092951524764e-03,-7.966283603122156776e-02,-5.912419339201180346e-01,2.557601833389661294e+00,3.409453924763814481e+00,4.542758099671513339e-01,-1.654768386203110992e+02,-2.205916689322187949e+02,-2.939164490487469195e+01
1.858299800000168034e+00,-1.704482685386702112e+00,5.969184399683171716e-01,0.000000000000000000e+00,4.820796863003184995e-03,-7.956236720660792017e-02,-5.915923036168492244e-01,2.579485215413072741e+00,3.381790185884771205e+00,4.514122573778054370e-01,-1.668926934372258017e+02,-2.188018250267446945e+02,-2.920637305234401282e+01
1.965384699999049190e+00,-1.704282517821020804e+00,5.970920538537292099e-01,0.000000000000000000e+00,3.315996552400249115e-03,-7.946705431539008435e-02,-5.917802869762557316e-01,2.601312620111646989e+00,3.353629137623681089e+00,4.500952996733063038e-01,-1.683049265212235639e+02,-2.169798052042521874e+02,-2.912116588886291879e+01
2.078050699999948847e+00,-1.703817059983769200e+00,5.975205365254429024e-01,0.000000000000000000e+00,3.638008445054307944e-03,-7.924842608304119573e-02,-5.922419087948892491e-01,2.623080600685151698e+00,3.324982886543757843e+00,4.503260852603554465e-01,-1.697133148643293339e+02,-2.151263927593811331e+02,-2.913609771634499879e+01
2.186093899999832502e+00,-1.702995633219602567e+00,5.980028882588397376e-01,0.000000000000000000e+00,3.942272927593856030e-03,-7.882549703600640056e-02,-5.927849486811730406e-01,2.644785719717111405e+00,3.295863747799120613e+00,4.521044128904891934e-01,-1.711176360656971269e+02,-2.132423844826031143e+02,-2.925115551401465197e+01
2.293187199999010772e+00,-1.702611669680201834e+00,5.982960500429198580e-01,0.000000000000000000e+00,3.369968446985979142e-03,-7.863641483616573558e-02,-5.931057896856802847e-01,2.666424549717617332e+00,3.266284239840454351e+00,4.554287318355698666e-01,-1.725176683667298505e+02,-2.113285903176773957e+02,-2.946623894976137237e+01
2.400842099999863422e+00,-1.702198069412468762e+00,5.985637175257833009e-01,0.000000000000000000e+00,2.950047638408004325e-03,-7.842617024914509682e-02,-5.934036229737208457e-01,2.687993673664567318e+00,3.236257079033269868e+00,4.602961432400449748e-01,-1.739131906860975221e+02,-2.093858330134525829e+02,-2.978116046763091163e+01
2.510406399998828419e+00,-1.701951380813914616e+00,5.988994280204781306e-01,0.000000000000000000e+00,3.039971438523071841e-03,-7.832368596097506741e-02,-5.937557790040804973e-01,2.709489685543252424e+00,3.205795174191082175e+00,4.667024026487913702e-01,-1.753039826546484505e+02,-2.074149477701630246e+02,-3.019564545137680156e+01
2.625538599999345024e+00,-1.701755002041721809e+00,5.990731184486506322e-01,0.000000000000000000e+00,2.298198619124237549e-03,-7.822976472762699363e-02,-5.939433518092875897e-01,2.730909190884207582e+00,3.174911621025853226e+00,4.746419237083432385e-01,-1.766898246502082372e+02,-2.054167818803727243e+02,-3.070933246392980820e+01
2.757437700000082259e+00,-1.701154399178812726e+00,5.994607489910475095e-01,0.000000000000000000e+00,2.645594605717927882e-03,-7.792341434027991176e-02,-5.943745713592235580e-01,2.752248807299237043e+00,3.143619696518080708e+00,4.841077830382760627e-01,-1.780704978322606564e+02,-2.033921943647198418e+02,-3.132177356257646395e+01
2.865005999999993946e+00,-1.700955927912756627e+00,5.996347153644766559e-01,0.000000000000000000e+00,2.121467390365302293e-03,-7.782802604494917786e-02,-5.945625200365254326e-01,2.773505165015531571e+00,3.111932853208969618e+00,4.950917262684966236e-01,-1.794457841765049011e+02,-2.013420556026203485e+02,-3.203243468957172979e+01
2.972521899999264861e+00,-1.700890663079264176e+00,5.997167914082199847e-01,0.000000000000000000e+00,1.480151282825069650e-03,-7.779986939027931647e-02,-5.946489806766895869e-01,2.794674907407797004e+00,3.079864713417118871e+00,5.075841752371763604e-01,-1.808154665092844766e+02,-1.992672469580876111e+02,-3.284069613784531327e+01
3.083465899999282556e+00,-1.700890663079264176e+00,5.997167914082199847e-01,0.000000000000000000e+00,7.803275368592288777e-04,-7.779986939027931647e-02,-5.946489806766895869e-01,2.815754691528301379e+00,3.047429063382228520e+00,5.215742363430526662e-01,-1.821793285418811195e+02,-1.971686604008301913e+02,-3.374585309139551015e+01
3.191228199999386561e+00,-1.700890663079264176e+00,5.997167914082199847e-01,0.000000000000000000e+00,4.053919803447183362e-04,-7.779986939027931647e-02,-5.946489806766895869e-01,2.836741188634767763e+00,3.014639847338325573e+00,5.370497100448077266e-01,-1.835371549046694781e+02,-1.950471981227896663e+02,-3.474711623989906428e+01
3.298491199999261880e+00,-1.700890663079264176e+00,5.997167914082199847e-01,0.000000000000000000e+00,2.139555809142770705e-04,-7.779986939027931647e-02,-5.946489806766895869e-01,2.857631084716020453e+00,2.981511161519082798e+00,5.539971014992535192e-01,-1.848887311811265306e+02,-1.929037721502846523e+02,-3.584361246700170511e+01
3.405397499998798594e+00,-1.700890663079264176e+00,5.997167914082199847e-01,0.000000000000000000e+00,1.129332302428237599e-04,-7.779986939027931647e-02,-5.946489806766895869e-01,2.878421081015303251e+00,2.948057248097776917e+00,5.724016323290328501e-01,-1.862338439416901394e+02,-1.907393039519261890e+02,-3.703438561168842824e+01
3.514529899999615736e+00,-1.700890663079264176e+00,5.997167914082199847e-01,0.000000000000000000e+00,5.950943153828344907e-05,-7.779986939027931647e-02,-5.946489806766895869e-01,2.899107894551196996e+00,2.914292489064515657e+00,5.922472535095884005e-01,-1.875722807774624528e+02,-1.885547240424741631e+02,-3.831839730207037320e+01
3.622123400000418769e+00,-1.700890663079264176e+00,5.997167914082199847e-01,0.000000000000000000e+00,3.118530254170832032e-05,-7.779986939027931647e-02,-5.946489806766895869e-01,2.919688258636034206e+00,2.880231400043355094e+00,6.135166593641436794e-01,-1.889038303337514151e+02,-1.863509715828050730e+02,-3.969452786086009866e+01
3.729936499999894295e+00,-1.700890663079264176e+00,5.997167914082199847e-01,0.000000000000000000e+00,1.648242039756709547e-05,-7.779986939027931647e-02,-5.946489806766895869e-01,2.940158923391751333e+00,2.845888624051965632e+00,6.361913026545191752e-01,-1.902282823434463239e+02,-1.841289939761621781e+02,-4.116157728174739105e+01
3.839072200000373414e+00,-1.700890663079264176e+00,5.997167914082199847e-01,0.000000000000000000e+00,8.687081917425388161e-06,-7.779986939027931647e-02,-5.946489806766895869e-01,2.960516656263079582e+00,2.811278925206533330e+00,6.602514107545927047e-01,-1.915454276602212644e+02,-1.818897464608627104e+02,-4.271826627582215252e+01
3.946534200000314740e+00,-1.743820355867726990e+00,6.069480196976142494e-01,0.000000000000000000e+00,3.397858956118030710e-02,-1.044933897915695242e-01,-5.978854657078750412e-01,2.980758242528004143e+00,2.776417182374594894e+00,6.856760028923263306e-01,-1.928550582915618747e+02,-1.796341916996362897e+02,-4.436323738713351617e+01
4.054241599998931633e+00,-1.811660649010878643e+00,6.204121802256932217e-01,0.000000000000000000e+00,8.717076875739347697e-02,-1.479944159767368206e-01,-6.025022209188134470e-01,3.000880485805406117e+00,2.741318382778550333e+00,7.124429084453109962e-01,-1.941569674316097860e+02,-1.773632993657722068e+02,-4.609505617641162445e+01
4.162114999999175780e+00,-1.826166514266797103e+00,6.241981220944663455e-01,0.000000000000000000e+00,6.462527280290558673e-02,-1.576746978549859735e-01,-6.039552841747451994e-01,3.020880208559807212e+00,2.705997615552583113e+00,7.405287862738825222e-01,-1.954509494938195360e+02,-1.750780457262521281e+02,-4.791221247192019916e+01
4.267364199999065022e+00,-1.826802102353495938e+00,6.243526744477801982e-01,0.000000000000000000e+00,3.478070283642358679e-02,-1.580976682847379799e-01,-6.040044613850338306e-01,3.040754252603140806e+00,2.670470065255774905e+00,7.699091450749342425e-01,-1.967368001434232099e+02,-1.727794132220486460e+02,-4.981312168634824644e+01
4.371483299999454175e+00,-1.826802102353495938e+00,6.243526744477801982e-01,0.000000000000000000e+00,1.855819546081530214e-02,-1.580976682847379799e-01,-6.040044613850338306e-01,3.060499479593465466e+00,2.634751005344193597e+00,8.005583647387075619e-01,-1.980143163296972375e+02,-1.704683900457693255e+02,-5.179612619859437928e+01
4.474961799998709466e+00,-1.826802102353495938e+00,6.243526744477801982e-01,0.000000000000000000e+00,9.939911318065836748e-03,-1.580976682847379799e-01,-6.040044613850338306e-01,3.080112771530544968e+00,2.598855791604765653e+00,8.324497186899002532e-01,-1.992832963180262595e+02,-1.681459697168283469e+02,-5.385949679923654543e+01
4.582231499998670188e+00,-1.826802102353495938e+00,6.243526744477801982e-01,0.000000000000000000e+00,5.322804360058253602e-03,-1.580976682847379799e-01,-6.040044613850338306e-01,3.099591031248217554e+00,2.562799855553749229e+00,8.655553971936418289e-01,-2.005435397217596858e+02,-1.658131506543275862e+02,-5.600143419842862613e+01
4.698568300000260933e+00,-1.826802102353495938e+00,6.243526744477801982e-01,0.000000000000000000e+00,2.808291011509060717e-03,-1.580976682847379799e-01,-6.040044613850338306e-01,3.118931182903475374e+00,2.526598697802660887e+00,8.998465316059940378e-01,-2.017948475338548633e+02,-1.634709357478321579e+02,-5.822007059490781700e+01
4.806685999999899650e+00,-1.826802102353495938e+00,6.243526744477801982e-01,0.000000000000000000e+00,1.426304332140159977e-03,-1.580976682847379799e-01,-6.040044613850338306e-01,3.138130172462173739e+00,2.490267881394489624e+00,9.352932195478416144e-01,-2.030370221583026478e+02,-1.611203319262234857e+02,-6.051347130474535163e+01
4.914088899999114801e+00,-1.826802102353495938e+00,6.243526744477801982e-01,0.000000000000000000e+00,7.502705511353277351e-04,-1.580976682847379799e-01,-6.040044613850338306e-01,3.157184968181300011e+00,2.453823025113069711e+00,9.718645509802041893e-01,-2.042698674413301205e+02,-1.587623497248156070e+02,-6.287963644841921251e+01
5.023645399998713401e+00,-1.826802102353495938e+00,6.243526744477801982e-01,0.000000000000000000e+00,3.960562889382534136e-04,-1.580976682847379799e-01,-6.040044613850338306e-01,3.176092561087719091e+00,2.417279796768499800e+00,1.009528635158258858e+00,-2.054931887023754200e+02,-1.563980028509219551e+02,-6.531650269473935566e+01
5.136741999998776009e+00,-1.826802102353495938e+00,6.243526744477801982e-01,0.000000000000000000e+00,2.072615606365828191e-04,-1.580976682847379799e-01,-6.040044613850338306e-01,3.194849965453327556e+00,2.380653906461477565e+00,1.048252628440535572e+00,-2.067067927648303112e+02,-1.540283077480576139e+02,-6.782194506010264945e+01
5.246846699999878183e+00,-1.826802102353495938e+00,6.243526744477801982e-01,0.000000000000000000e+00,1.063632522686308688e-04,-1.580976682847379799e-01,-6.040044613850338306e-01,3.213454219266533851e+00,2.343961099829456440e+00,1.088002762929065392e+00,-2.079104879865447515e+02,-1.516542831589658249e+02,-7.039377876151053215e+01
5.354389699999956065e+00,-1.826802102353495938e+00,6.243526744477801982e-01,0.000000000000000000e+00,5.553090745009716002e-05,-1.580976682847379799e-01,-6.040044613850338306e-01,3.231902384699992581e+00,2.307217151277520806e+00,1.128744375915488485e+00,-2.091040842900895314e+02,-1.492769496876556161e+02,-7.302976112173210765e+01
5.461918400000286056e+00,-1.826974859197607159e+00,6.242693678246964417e-01,0.000000000000000000e+00,-3.375283100164208714e-04,-1.581809031262724485e-01,-6.038965519775741919e-01,3.250191548574525413e+00,2.270437857196902165e+00,1.170441940107454171e+00,-2.102873931927718161e+02,-1.468973293606395885e+02,-7.572759352495228313e+01
5.569299099999625469e+00,-1.840388403674366069e+00,6.268048786620984414e-01,0.000000000000000000e+00,1.120133089012387111e-02,-1.669421270580525030e-01,-6.041644495730785769e-01,3.268318822819139768e+00,2.233639029174036228e+00,1.213059094608941679e+00,-2.114602278363983601e+02,-1.445164451875601515e+02,-7.848492342119853049e+01
5.677506399999401765e+00,-1.865126549357349672e+00,6.325583563519793229e-01,0.000000000000000000e+00,3.244644694312232708e-02,-1.835045089639279203e-01,-6.053562334531835676e-01,3.286281344927096448e+00,2.196836487193087439e+00,1.256558676627509641e+00,-2.126224030167831529e+02,-1.421353207213927590e+02,-8.129934637779987838e+01
5.781962999999450403e+00,-1.870390837721710220e+00,6.349334132877049175e-01,0.000000000000000000e+00,2.788513581443565273e-02,-1.873896785340180837e-01,-6.066510922170114117e-01,3.304076278407924505e+00,2.160046052834870611e+00,1.300902753880797569e+00,-2.137737352129927331e+02,-1.397549796184161437e+02,-8.416840817608760972e+01
5.888779900000372436e+00,-1.870162509327801370e+00,6.350869334502932118e-01,0.000000000000000000e+00,1.558786872533781190e-02,-1.872964333242346513e-01,-6.068405549263476972e-01,3.321700813235343830e+00,2.123283542475076224e+00,1.346052657674043473e+00,-2.149140426163267534e+02,-1.373764451981374464e+02,-8.708960695151061771e+01
5.994960199999695760e+00,-1.869937777268396939e+00,6.352400958327460989e-01,0.000000000000000000e+00,8.900467001433194289e-03,-1.872051890059853174e-01,-6.070289915340367770e-01,3.339152166290993762e+00,2.086564760484741488e+00,1.391969016619758248e+00,-2.160431451590273184e+02,-1.350007400033627789e+02,-9.006039537529835570e+01
6.104579299999386421e+00,-1.869622700772348045e+00,6.354730335428061538e-01,0.000000000000000000e+00,5.754551484470279976e-03,-1.870824957305669278e-01,-6.073105598878706379e-01,3.356427581803924198e+00,2.049905492435878163e+00,1.438611790970166782e+00,-2.171608645427139095e+02,-1.326288853606013163e+02,-9.307818287576979799e+01
6.212288400000034017e+00,-1.869534534150234295e+00,6.356268685870111179e-01,0.000000000000000000e+00,3.672640193332667603e-03,-1.870742263723964849e-01,-6.074740734359770356e-01,3.373524331785763941e+00,2.013321498315181035e+00,1.485940307532455540e+00,-2.182670242665389253e+02,-1.302619009409922057e+02,-9.614033789734988034e+01
6.315820099998745718e+00,-1.869309031377717201e+00,6.357043889419412563e-01,0.000000000000000000e+00,2.278750978377530427e-03,-1.869600331891159151e-01,-6.075903357608410937e-01,3.390439716461497888e+00,1.976828505748741582e+00,1.533913295136404953e+00,-2.193614496550589195e+02,-1.279008043219435820e+02,-9.924419019532540176e+01
6.423046799998701317e+00,-1.868959298325467033e+00,6.358028489746440082e-01,0.000000000000000000e+00,1.666885879572781040e-03,-1.867764514217563621e-01,-6.077498004595066616e-01,3.407171064695797114e+00,1.940442203240666075e+00,1.582488920623467799e+00,-2.204439678858180969e+02,-1.255466105496711009e+02,-1.023870331643383764e+02
6.531670299998950213e+00,-1.868873577876642322e+00,6.359567250980944220e-01,0.000000000000000000e+00,1.554603291848934013e-03,-1.867695449190813761e-01,-6.079128994257421148e-01,3.423715734414818357e+00,1.904178233428518663e+00,1.631624825325897810e+00,-2.215144080166387539e+02,-1.232003317028251672e+02,-1.055661261985855930e+02
6.643113500000254135e+00,-1.868645937610691643e+00,6.361104395547886314e-01,0.000000000000000000e+00,1.490213308626379659e-03,-1.866762644676288607e-01,-6.081023463159784814e-01,3.440071113023422278e+00,1.868052186358478917e+00,1.681278162004141041e+00,-2.225726010126154222e+02,-1.208629764573935859e+02,-1.087786970816679286e+02
6.751191699999253615e+00,-1.868558918462801755e+00,6.361907159448102478e-01,0.000000000000000000e+00,1.113579284643930779e-03,-1.866468988600319123e-01,-6.081953322743468560e-01,3.456234617817728783e+00,1.832079592783109501e+00,1.731405632210271550e+00,-2.236183797728070601e+02,-1.185355496530671928e+02,-1.120219444040045715e+02
6.860789099999237806e+00,-1.868560332876480379e+00,6.362643324292833746e-01,0.000000000000000000e+00,9.117692769186552066e-04,-1.866693569499652261e-01,-6.082654452601825579e-01,3.472203696392957450e+00,1.796275917484616347e+00,1.781963524044869462e+00,-2.246515791566243649e+02,-1.162190518612546839e+02,-1.152930400057030624e+02
6.966172299999016104e+00,-1.868560332876480379e+00,6.362643324292833746e-01,0.000000000000000000e+00,4.767701508823140796e-04,-1.866693569499652261e-01,-6.082654452601825579e-01,3.487975827046481569e+00,1.760656552626464366e+00,1.832907750274461955e+00,-2.256720360099073730e+02,-1.139144789549322496e+02,-1.185891314427576901e+02
7.073199099999328610e+00,-1.868560332876480379e+00,6.362643324292833746e-01,0.000000000000000000e+00,2.539800877824059688e-04,-1.866693569499652261e-01,-6.082654452601825579e-01,3.503548519176034937e+00,1.725236811136221959e+00,1.884193886776233562e+00,-2.266795891906894838e+02,-1.116228216805135673e+02,-1.219073444744223167e+02
7.180325100000118255e+00,-1.868560332876480379e+00,6.362643324292833746e-01,0.000000000000000000e+00,1.342669784560688987e-04,-1.866693569499652261e-01,-6.082654452601825579e-01,3.518919313673005256e+00,1.690031920122457176e+00,1.935777211276529020e+00,-2.276740795946434446e+02,-1.093450652319229874e+02,-1.252447855695914285e+02
7.289364099999147584e+00,-1.868560332876480379e+00,6.362643324292833746e-01,0.000000000000000000e+00,7.093167345738304300e-05,-1.866693569499652261e-01,-6.082654452601825579e-01,3.534085783310758622e+00,1.655057014328539688e+00,1.987612742349337713e+00,-2.286553501802060850e+02,-1.070821888270565267e+02,-1.285985444300021641e+02
7.397077699999499600e+00,-1.868560332876480379e+00,6.362643324292833746e-01,0.000000000000000000e+00,3.716656317335095388e-05,-1.866693569499652261e-01,-6.082654452601825579e-01,3.549045533127923591e+00,1.620327129626142559e+00,2.039655278640771563e+00,-2.296232459933766563e+02,-1.048351652868114314e+02,-1.319656965280579186e+02
7.504297100000258069e+00,-1.868560332876480379e+00,6.362643324292833746e-01,0.000000000000000000e+00,1.957061074439595178e-05,-1.866693569499652261e-01,-6.082654452601825579e-01,3.563796200806584658e+00,1.585857196551252457e+00,2.091859438285308848e+00,-2.305776141921860471e+02,-1.026049606168660375e+02,-1.353433056570594886e+02
7.613768799999888870e+00,-1.868560332876480379e+00,6.362643324292833746e-01,0.000000000000000000e+00,1.032545577757787008e-05,-1.866693569499652261e-01,-6.082654452601825579e-01,3.578335457045319856e+00,1.551662033885466307e+00,2.144179698479464768e+00,-2.315183040708322153e+02,-1.003925335923896682e+02,-1.387284264916213772e+02
7.720810900000287802e+00,-1.868331413114638018e+00,6.362683223388924114e-01,0.000000000000000000e+00,2.290635908138964689e-05,-1.865312777789938925e-01,-6.083119762277284792e-01,3.592661005927025641e+00,1.517756342285325522e+00,2.196570435178346159e+00,-2.324451670834785659e+02,-9.819883534586055873e+01,-1.421181071560390023e+02
7.829183300000295276e+00,-1.884329549408995774e+00,6.393637807404807250e-01,0.000000000000000000e+00,1.393415097025854470e-02,-1.971935566496605119e-01,-6.081946607284699491e-01,3.606770585281466879e+00,1.484154697962438929e+00,2.248985962880500011e+00,-2.333580568677109284e+02,-9.602480895816979967e+01,-1.455093917983683696e+02
7.941793899999538553e+00,-1.962591251568483575e+00,6.608944502789221298e-01,0.000000000000000000e+00,1.106995893826841909e-01,-2.523611870266649349e-01,-6.108152795174424110e-01,3.620661967042498652e+00,1.450871546417104474e+00,2.301380574466349138e+00,-2.342568292676496640e+02,-9.387138905318666104e+01,-1.488993231679727955e+02
8.049392999999327003e+00,-2.013791368420820405e+00,6.777167238725659848e-01,0.000000000000000000e+00,1.416062762850335277e-01,-2.905014570762544657e-01,-6.122980166986798922e-01,3.634332957599907932e+00,1.417921196228120184e+00,2.353708581055484306e+00,-2.351413423567140626e+02,-9.173950139595937969e+01,-1.522849451942898327e+02
8.156538799999907496e+00,-2.012760837419145687e+00,6.774818668020449186e-01,0.000000000000000000e+00,7.347533572801705215e-02,-2.897698587087662037e-01,-6.123847718791556316e-01,3.647781398145806264e+00,1.385317812901461831e+00,2.405924351848038878e+00,-2.360114564600336848e+02,-8.963006249472458364e+01,-1.556633055645681338e+02
8.263682400000107009e+00,-2.012760837419145687e+00,6.774818668020449186e-01,0.000000000000000000e+00,3.879945472151114655e-02,-2.897698587087662037e-01,-6.123847718791556316e-01,3.661005165015531748e+00,1.353075412780467390e+00,2.457982353915435514e+00,-2.368670341765049159e+02,-8.754397920689623902e+01,-1.590314582983286869e+02
8.372650899998916429e+00,-2.012308039180453090e+00,6.776218206715067804e-01,0.000000000000000000e+00,2.109771967269570905e-02,-2.895523454933321417e-01,-6.126424496143551002e-01,3.674002170023001668e+00,1.321207857020144871e+00,2.509837191905766041e+00,-2.377079404004882122e+02,-8.548214834920337069e+01,-1.623864663163030571e+02
8.480647399999725167e+00,-2.012082763708684663e+00,6.776874007247928322e-01,0.000000000000000000e+00,1.133957841700691804e-02,-2.894423342690802259e-01,-6.127669607885137815e-01,3.686770360790458945e+00,1.289728845628203224e+00,2.561443647629221054e+00,-2.385340423431427155e+02,-8.344545631214475634e+01,-1.657254040016105989e+02
8.588477399998737383e+00,-2.011966403262947622e+00,6.778300393100573640e-01,0.000000000000000000e+00,6.590088840812481294e-03,-2.894319368354335009e-01,-6.129296175995768703e-01,3.699307721072568000e+00,1.258651911575350058e+00,2.612756719489020441e+00,-2.393452095533951649e+02,-8.143477867892515576e+01,-1.690453597509396388e+02
8.701350899998942623e+00,-2.011727297583641771e+00,6.779635470667353392e-01,0.000000000000000000e+00,3.996292126407946857e-03,-2.893423522616489496e-01,-6.131195432695041303e-01,3.711612271074801406e+00,1.227990414977412570e+00,2.663731661723474975e+00,-2.401413139385396676e+02,-7.945097984903860322e+01,-1.723434385135088291e+02
8.808700499999758904e+00,-2.011625142215895945e+00,6.780371683398978000e-01,0.000000000000000000e+00,2.409714564233617160e-03,-2.893111307010676203e-01,-6.132156809009833287e-01,3.723682067766076464e+00,1.197757537351758161e+00,2.714324023424959265e+00,-2.409222297844651450e+02,-7.749491266665876310e+01,-1.756167643155948781e+02
8.916705699999511125e+00,-2.011502155292794303e+00,6.780291861736179593e-01,0.000000000000000000e+00,1.233472489052064901e-03,-2.892323059872419777e-01,-6.132440382723350902e-01,3.735515205185578225e+00,1.167966275950501620e+00,2.764489687301761478e+00,-2.416878337755069310e+02,-7.556741805399745715e+01,-1.788624827684239733e+02
9.028236000000106287e+00,-2.011281846488814473e+00,6.782453386225900660e-01,0.000000000000000000e+00,1.582701139979424045e-03,-2.891893587065759164e-01,-6.135032633769369470e-01,3.747109814743732947e+00,1.138629438172924724e+00,2.814184908149016007e+00,-2.424380050139195362e+02,-7.366932464978823702e+01,-1.820777635572413544e+02
9.135201099999903818e+00,-2.011146870965192957e+00,6.783065979437127302e-01,0.000000000000000000e+00,1.099123998010689308e-03,-2.891326603379185123e-01,-6.135977065960166454e-01,3.758464065517282737e+00,1.109759636059522991e+00,2.863366350995175225e+00,-2.431726250389681923e+02,-7.180144845305113677e+01,-1.852598029093878438e+02
9.242312399999718764e+00,-2.010935596593557140e+00,6.783132324160987547e-01,0.000000000000000000e+00,6.103485151682412147e-04,-2.890058431355632673e-01,-6.136647813784644745e-01,3.769576164538408047e+00,1.081369280870023930e+00,2.911991128890747849e+00,-2.438915778456349983e+02,-6.996459247229054768e+01,-1.884058260392313855e+02
9.351632799998697010e+00,-2.010935596593557140e+00,6.783132324160987547e-01,0.000000000000000000e+00,3.221797080212624072e-04,-2.890058431355632673e-01,-6.136647813784644745e-01,3.780444357077858086e+00,1.053470577747734449e+00,2.960016840306356478e+00,-2.445947499029374228e+02,-6.815954638027842805e+01,-1.915130895678212823e+02
9.459144899999955669e+00,-2.010935596593557140e+00,6.783132324160987547e-01,0.000000000000000000e+00,1.683632150530109763e-04,-2.890058431355632673e-01,-6.136647813784644745e-01,3.791066926922042057e+00,1.026075520472494285e+00,3.007401606107504399e+00,-2.452820301718561211e+02,-6.638708617457038486e+01,-1.945788839151555294e+02
9.564410999999381602e+00,-2.010945806685359827e+00,6.782429092500493750e-01,0.000000000000000000e+00,-2.205993272530652565e-04,-2.889821457722008824e-01,-6.135982100469860034e-01,3.801442196644041704e+00,9.991958863044934080e-01,3.054104106073803671e+00,-2.459533101228695102e+02,-6.464797384390072921e+01,-1.976005356629751191e+02
9.669096999999965192e+00,-2.011062132218425891e+00,6.780992641685001932e-01,0.000000000000000000e+00,-7.567194962842720227e-04,-2.889923023037758165e-01,-6.134346430346303558e-01,3.811568527868493206e+00,9.728432309211756390e-01,3.100083614930813525e+00,-2.466084837530915195e+02,-6.294295704060006358e+01,-2.005754098860236354e+02
9.772605500000281609e+00,-2.011062132218425891e+00,6.780992641685001932e-01,0.000000000000000000e+00,-4.039212299800763891e-04,-2.889923023037758165e-01,-6.134346430346303558e-01,3.821444321530308663e+00,9.470288834493991725e-01,3.145300037863095977e+00,-2.472474476030109827e+02,-6.127276875917613097e+01,-2.035009124497423159e+02
9.878993299998910516e+00,-2.011054991250487145e+00,6.779586144102265344e-01,0.000000000000000000e+00,-8.444346273199961062e-04,-2.889279805826382996e-01,-6.133094691014258082e-01,3.831068018127184782e+00,9.217639415949927528e-01,3.189713945477483215e+00,-2.478701007728288630e+02,-5.963812702119603415e+01,-2.063744922723931836e+02
9.992643699999462115e+00,-2.008547383686238863e+00,6.360861031978167768e-01,0.000000000000000000e+00,-1.850214633146758103e-01,-2.696392237966284688e-01,-5.761078194849773570e-01,3.840438097965867215e+00,8.970592668718018192e-01,3.233286608186100697e+00,-2.484763449383916338e+02,-5.803973456660558128e+01,-2.091936435496407114e+02
1.010990320000018983e+01,-2.002232248971681283e+00,5.648715970356539273e-01,0.000000000000000000e+00,-3.992525220851982359e-01,-2.362155056210460402e-01,-5.131102766869941600e-01,3.849553081402128818e+00,8.729254799322758718e-01,3.275980029979143726e+00,-2.490660843667177460e+02,-5.647827855161825283e+01,-2.119559079396506149e+02
1.022399159999986296e+01,-2.002519843786021436e+00,5.628107851655339555e-01,0.000000000000000000e+00,-2.108200441357868660e-01,-2.355007441798116774e-01,-5.111705971487402467e-01,3.858411529074420088e+00,8.493729560015983449e-01,3.317756981557951068e+00,-2.496392259311149928e+02,-5.495443025330341413e+01,-2.146588767067994468e+02
1.033311320000029809e+01,-2.002545264702831673e+00,5.627408296146347855e-01,0.000000000000000000e+00,-1.085126061159632227e-01,-2.354844649368988685e-01,-5.111010742394794804e-01,3.867012042131163341e+00,8.264118204173329651e-01,3.358581032799526689e+00,-2.501956791258862722e+02,-5.346884478100144378e+01,-2.173001928221293895e+02
1.044046129999878758e+01,-2.002406311052885357e+00,5.628884653598249521e-01,0.000000000000000000e+00,-5.623139940577655260e-02,-2.354752043088801650e-01,-5.112678873064785412e-01,3.875353262451646241e+00,8.040519442764930691e-01,3.398416584524130979e+00,-2.507353560806215285e+02,-5.202216079468910692e+01,-2.198775530187112963e+02
1.054596080000010261e+01,-2.002122258002331012e+00,5.630217750722281700e-01,0.000000000000000000e+00,-2.911189830719273716e-02,-2.353857011542226929e-01,-5.114558542998776103e-01,3.883433872860486247e+00,7.823029401919092685e-01,3.437228899538305793e+00,-2.512581715740734580e+02,-5.061500023041653407e+01,-2.223887098001283960e+02
1.065325080000002345e+01,-2.002122258002331012e+00,5.630217750722281700e-01,0.000000000000000000e+00,-1.549581556372823035e-02,-2.353857011542226929e-01,-5.114558542998776103e-01,3.891252597335626895e+00,7.611741581597328832e-01,3.474984132926217661e+00,-2.517640430476150755e+02,-4.924796803293472180e+01,-2.248314734003263027e+02
1.076247100000000501e+01,-2.001725016087026354e+00,5.632294018028223270e-01,0.000000000000000000e+00,-7.272786002652113606e-03,-2.352692396362149607e-01,-5.117379641341478491e-01,3.898808201209834401e+00,7.406746815398164152e-01,3.511649361562933613e+00,-2.522528906182762967e+02,-4.792165189562612682e+01,-2.272037136931218129e+02
1.087007300000004761e+01,-2.001725016087026354e+00,5.632294018028223270e-01,0.000000000000000000e+00,-3.803431802278448015e-03,-2.352692396362149607e-01,-5.117379641341478491e-01,3.906099491365671028e+00,7.208133231507467542e-01,3.547192612823867996e+00,-2.527246370913589146e+02,-4.663662200785331891e+01,-2.295033620497042648e+02
1.097737199999937729e+01,-2.001587847844704005e+00,5.633770249866958402e-01,0.000000000000000000e+00,-1.356095840207624699e-03,-2.352606892116762272e-01,-5.119043664538399652e-01,3.913125316423897715e+00,7.015986214811691379e-01,3.581582892465393630e+00,-2.531792079726261875e+02,-4.539343080983164214e+01,-2.317284131425109877e+02
1.108795920000011392e+01,-2.070045917096081656e+00,5.349396595152675626e-01,0.000000000000000000e+00,-1.195913646517729190e-01,-2.561113795853984798e-01,-4.696460375316439118e-01,3.919884566925291303e+00,6.830388370190527692e-01,3.614790211652278984e+00,-2.536165314800663566e+02,-4.419261275513271414e+01,-2.338769266939024476e+02
1.119539110000005167e+01,-2.207521635094766843e+00,4.591757927010756690e-01,0.000000000000000000e+00,-3.574952265679409158e-01,-2.730101434094050483e-01,-3.691989574717638445e-01,3.926376175505842170e+00,6.651419487004697206e-01,3.646785613108399104e+00,-2.540365385552279918e+02,-4.303468408092039255e+01,-2.359470291681134313e+02
1.130352789999960805e+01,-2.534976975002117605e+00,3.304023787096226350e-01,0.000000000000000000e+00,-5.668926374735724361e-01,-2.714526761101979102e-01,-1.883591688492728122e-01,3.932599117065302519e+00,6.479156504794130189e-01,3.677541196367910992e+00,-2.544391628741250884e+02,-4.192014258601802368e+01,-2.379369154050038446e+02
1.141513709999890125e+01,2.915132950781123888e+00,2.790278968677777915e-01,0.000000000000000000e+00,4.054701438807434277e-01,-2.719035891013513728e-01,6.264986404022518385e-02,3.938552408929060888e+00,6.313673480201322796e-01,3.707030142104878134e+00,-2.548243408577102400e+02,-4.084946741690256289e+01,-2.398448501941856250e+02
1.152239360000021406e+01,2.409572410056112446e+00,3.859202318652436570e-01,0.000000000000000000e+00,1.202873306014260457e+00,-2.870573648155091973e-01,2.579389359288339345e-01,3.944235111003320249e+00,6.155041555134033171e-01,3.735226735520117192e+00,-2.551920116819148348e+02,-3.982311886171719806e+01,-2.416691697881516063e+02
1.163249039999936940e+01,2.224846891087462808e+00,5.156719178360774647e-01,0.000000000000000000e+00,1.341806775464927659e+00,-3.137378996026061739e-01,4.092506043950127070e-01,3.949646325923546364e+00,6.003328926181041858e-01,3.762106388764885345e+00,-2.555421172872534612e+02,-3.884153815239134389e+01,-2.434082833530880805e+02
1.174209030000019993e+01,2.269296115186897111e+00,6.486506907962586999e-01,0.000000000000000000e+00,1.258826276940177680e+00,-4.171274997885534019e-01,4.967417514067183903e-01,3.954785199196174439e+00,5.858600815294174868e-01,3.787645662381851963e+00,-2.558746023879924962e+02,-3.790514727495331471e+01,-2.450606743561058352e+02
1.184943179999936547e+01,2.372294817121538557e+00,7.719660627010699327e-01,0.000000000000000000e+00,1.187685134099592199e+00,-5.545798739511981212e-01,5.370035059200874983e-01,3.959650919333543406e+00,5.720919441749019452e-01,3.811822285744653982e+00,-2.561894144808802594e+02,-3.701434878811615903e+01,-2.466249018876791297e+02
1.195859589999963646e+01,2.421493426180846065e+00,8.502116012393849953e-01,0.000000000000000000e+00,9.753924858071816306e-01,-6.391383211246493001e-01,5.606799205892820659e-01,3.964242717982037867e+00,5.590343995396633847e-01,3.834615176478211040e+00,-2.564865038534378527e+02,-3.616952565021622235e+01,-2.480996019181402517e+02
1.206970309999996971e+01,2.416437039993915015e+00,8.673616427880551649e-01,0.000000000000000000e+00,5.856950200444702714e-01,-6.491301748469474608e-01,5.752792673851242489e-01,3.968559870043422588e+00,5.466930611217515334e-01,3.856004458842874350e+00,-2.567658235918094647e+02,-3.537104105457732572e+01,-2.494834884871339682e+02
1.218109699999877193e+01,2.414971140199656752e+00,8.768221680749856972e-01,0.000000000000000000e+00,3.435763473269964896e-01,-6.553571916056418756e-01,5.825152923644875136e-01,3.972601693789339805e+00,5.350732345188951022e-01,3.875971481066363022e+00,-2.570273295881702893e+02,-3.461923827337251680e+01,-2.507753548249937126e+02
1.229026859999976296e+01,2.416571983818228020e+00,8.774641230003960013e-01,0.000000000000000000e+00,1.814436889753814341e-01,-6.567693614453073980e-01,5.818911350240499880e-01,3.976367550968965769e+00,5.241799151475989849e-01,3.894498831608387501e+00,-2.572709805476920906e+02,-3.391444051004965843e+01,-2.519740744050626802e+02
1.240128860000004352e+01,2.419536604899862553e+00,8.785350359377221974e-01,0.000000000000000000e+00,9.975311559924321392e-02,-6.592952243961754943e-01,5.806493059140700463e-01,3.979856846909797241e+00,5.140177860955925659e-01,3.911570354343773204e+00,-2.574967379950638815e+02,-3.325695076038483933e+01,-2.530786019260421256e+02
1.250956959999894025e+01,2.421463714068562645e+00,8.792608213004101669e-01,0.000000000000000000e+00,5.503124490319476897e-02,-6.609585619588939087e-01,5.798563367310070049e-01,3.983069030611555927e+00,5.045912161085488457e-01,3.927171162650841651e+00,-2.577045662805676898e+02,-3.264705168222311471e+01,-2.540879742235094625e+02
1.261760340000000724e+01,2.423108458363900652e+00,8.797607266308256069e-01,0.000000000000000000e+00,3.117574360372959985e-02,-6.622877138379277273e-01,5.790975049344707637e-01,3.986003594833197994e+00,4.959042577119410211e-01,3.941287652392762908e+00,-2.578944325857079320e+02,-3.208500547396258895e+01,-2.550013111098117804e+02
1.272421749999921303e+01,2.425011370832858226e+00,8.805428614116781461e-01,0.000000000000000000e+00,1.984875130776597371e-02,-6.639782590357556913e-01,5.783498960931114929e-01,3.988660076173014879e+00,4.879606454688421024e-01,3.953907513780571925e+00,-2.580663069283940558e+02,-3.157105376183408652e+01,-2.558178161416030036e+02
1.283139159999882395e+01,2.426533319776058129e+00,8.811029639880002540e-01,0.000000000000000000e+00,1.301367862698704983e-02,-6.652806165942127814e-01,5.777059237470768549e-01,3.991038055141808094e+00,4.807637943744209608e-01,3.965019742107479317e+00,-2.582201621676749710e+02,-3.110541749602503714e+01,-2.565367773143539125e+02
1.293891149999944901e+01,2.427719118653835828e+00,8.815147812861109378e-01,0.000000000000000000e+00,8.686961476710433269e-03,-6.662764561384770801e-01,5.771862728976253631e-01,3.993137156229130902e+00,4.743167983878191496e-01,3.974614647345146246e+00,-2.583559740080247593e+02,-3.068829685569189891e+01,-2.571575676832309796e+02
1.305016330000034941e+01,2.428977008113969660e+00,8.820204826031029510e-01,0.000000000000000000e+00,6.813651299857241030e-03,-6.673846064413302415e-01,5.766783495299276918e-01,3.994957047962589769e+00,4.686224291020437693e-01,3.982683862593528801e+00,-2.584737210031795485e+02,-3.031987116290223483e+01,-2.576796459098013088e+02
1.315809309999895049e+01,2.429935298995687276e+00,8.833338834282662422e-01,0.000000000000000000e+00,9.217291265543638146e-03,-6.689315383776285318e-01,5.768963048730690879e-01,3.996497442960182056e+00,4.636831345524476955e-01,3.989220351376939977e+00,-2.585733845595237881e+02,-3.000029880554336614e+01,-2.581025567340880116e+02
1.326608099999975821e+01,2.429786885285313502e+00,8.876885304340275118e-01,0.000000000000000000e+00,2.389855957112848803e-02,-6.721431788966767407e-01,5.798400418449844995e-01,3.997758097975681046e+00,4.595010381643072073e-01,3.994218413779964116e+00,-2.586549489390265535e+02,-2.972971716923067831e+01,-2.584259313715637063e+02
1.337744310000016412e+01,2.429723741509611123e+00,8.908080967148340745e-01,0.000000000000000000e+00,2.636628644813324499e-02,-6.744685199567307388e-01,5.819203388437994562e-01,3.998738813937046110e+00,4.560779378399522077e-01,3.997673691417863662e+00,-2.587184012617269104e+02,-2.950824257824491070e+01,-2.586494878347357940e+02
1.348208319999866944e+01,2.430099419405836514e+00,8.916156784928982448e-01,0.000000000000000000e+00,1.715639188640567803e-02,-6.752987394627777418e-01,5.821942378745557090e-01,3.999439435977857116e+00,4.534153051858398342e-01,3.999583171237159007e+00,-2.587637315077673748e+02,-2.933597024552383914e+01,-2.587730311790442101e+02
1.358992690000013681e+01,2.430667535691046766e+00,8.918754717076919913e-01,0.000000000000000000e+00,1.032420188186770720e-02,-6.758262450184304715e-01,5.819800199131465179e-01,3.999859853461773529e+00,4.515142848799036379e-01,3.999945188143052999e+00,-2.587909325189767742e+02,-2.921297423172976693e+01,-2.587964536728555345e+02
1.369821339999907650e+01,2.431133593504123169e+00,8.921400112669536364e-01,0.000000000000000000e+00,6.588489371428121223e-03,-6.762979454827749981e-01,5.818375105123230195e-01,4.000000000000000000e+00,4.503756941794523350e-01,3.998759426451421461e+00,-2.588000000000000114e+02,-2.913930741341056674e+01,-2.587197348914069721e+02
1.380666600000040489e+01,2.431650672909228206e+00,8.925467117114904703e-01,0.000000000000000000e+00,5.259483355722335829e-03,-6.769071527444576741e-01,5.817528161946324827e-01,3.999859853461773529e+00,4.500000225698257417e-01,3.996026920164090779e+00,-2.587909325189767742e+02,-2.911500146026772740e+01,-2.585429417346167043e+02
1.391404109999893990e+01,2.432048420202603367e+00,8.927886828427105126e-01,0.000000000000000000e+00,3.822833875141584941e-03,-6.773220633497863963e-01,5.816411735009909822e-01,3.999439435977857116e+00,4.503874315539642126e-01,3.991750052067176480e+00,-2.587637315077673748e+02,-2.914006682154148464e+01,-2.582662283687463400e+02
1.402330129999972996e+01,2.432493538698555113e+00,8.931043570199352910e-01,0.000000000000000000e+00,3.404795539566921481e-03,-6.778204760230770454e-01,5.815451786506714571e-01,3.998738813937046110e+00,4.515377545829766248e-01,3.985932551653256439e+00,-2.587184012617269104e+02,-2.921449272151858878e+01,-2.578898360919657193e+02
1.413223649999963527e+01,2.432892329348548266e+00,8.933460468239228236e-01,0.000000000000000000e+00,2.833044282651940322e-03,-6.782358298297488375e-01,5.814321271748600362e-01,3.997758097975681046e+00,4.534504971277413254e-01,3.978579491869197682e+00,-2.586549489390265535e+02,-2.933824716416486567e+01,-2.574140931239371071e+02
1.423964569999952801e+01,2.432892329348548266e+00,8.933460468239228236e-01,0.000000000000000000e+00,1.485826669018917292e-03,-6.782358298297488375e-01,5.814321271748600362e-01,3.996497442960182056e+00,4.561248368915058471e-01,3.969697284692471406e+00,-2.585733845595237881e+02,-2.951127694688042880e+01,-2.568394143196028949e+02
1.434421739999925194e+01,2.432892329348548266e+00,8.933460468239228236e-01,0.000000000000000000e+00,7.820908733280259326e-04,-6.782358298297488375e-01,5.814321271748600362e-01,3.994957047962589769e+00,4.595596241633963519e-01,3.959293675539814927e+00,-2.584737210031795485e+02,-2.973350768337174443e+01,-2.561663008074260119e+02
1.445177109999895038e+01,2.432892329348548266e+00,8.933460468239228236e-01,0.000000000000000000e+00,4.198786806091539363e-04,-6.782358298297488375e-01,5.814321271748600362e-01,3.993137156229130902e+00,4.637533823126842591e-01,3.947377736513111302e+00,-2.583559740080247593e+02,-3.000484383563067325e+01,-2.553953395523983261e+02
1.456112519999987853e+01,2.432892329348548266e+00,8.933460468239228236e-01,0.000000000000000000e+00,2.210754641212639838e-04,-6.782358298297488375e-01,5.814321271748600362e-01,3.991038055141808094e+00,4.687043084235944512e-01,3.933959858488381478e+00,-2.582201621676749710e+02,-3.032516875500656184e+01,-2.545272028441982854e+02
1.466923580000002403e+01,2.432892329348548266e+00,8.933460468239228236e-01,0.000000000000000000e+00,1.155740141969345639e-04,-6.782358298297488375e-01,5.814321271748600362e-01,3.988660076173014879e+00,4.744102740703901588e-01,3.919051742054788789e+00,-2.580663069283940558e+02,-3.069434473235424576e+01,-2.535626477109448444e+02
1.478799799999978859e+01,2.432892329348548266e+00,8.933460468239228236e-01,0.000000000000000000e+00,6.087095810188719331e-05,-6.782358298297488375e-01,5.814321271748600362e-01,3.986003594833197994e+00,4.808688262323892459e-01,3.902666387311544582e+00,-2.578944325857079320e+02,-3.111221305723558572e+01,-2.525025152590569348e+02
1.490063639999971201e+01,2.432892329348548266e+00,8.933460468239228236e-01,0.000000000000000000e+00,3.049559348961221707e-05,-6.782358298297488375e-01,5.814321271748600362e-01,3.983069030611555927e+00,4.880771883485330864e-01,3.884818082531636740e+00,-2.577045662805676898e+02,-3.157859408615009045e+01,-2.513477299397969205e+02
1.500582500000018626e+01,2.432892329348548266e+00,8.933460468239228236e-01,0.000000000000000000e+00,1.576284779656487382e-05,-6.782358298297488375e-01,5.814321271748600362e-01,3.979856846909797241e+00,4.960322615110379640e-01,3.865522391702238547e+00,-2.574967379950638815e+02,-3.209328731976415838e+01,-2.500992987431348524e+02
1.511269969999921159e+01,2.432892329348548266e+00,8.933460468239228236e-01,0.000000000000000000e+00,8.419571323921372881e-06,-6.782358298297488375e-01,5.814321271748600362e-01,3.976367550968965769e+00,5.047306257976345023e-01,3.844796140952679409e+00,-2.572709805476920906e+02,-3.265607148910695656e+01,-2.487583103196383547e+02
1.521721569999863277e+01,2.432892329348548266e+00,8.933460468239228236e-01,0.000000000000000000e+00,4.451780753905960443e-06,-6.782358298297488375e-01,5.814321271748600362e-01,3.972601693789339361e+00,5.141685417418049298e-01,3.822657403881814631e+00,-2.570273295881702893e+02,-3.326670465069477700e+01,-2.473259340311534231e+02
1.532485139999880630e+01,2.432892329348548266e+00,8.933460468239228236e-01,0.000000000000000000e+00,2.374119518300959414e-06,-6.782358298297488375e-01,5.814321271748600362e-01,3.968559870043422144e+00,5.243419519403975659e-01,3.799125485797569368e+00,-2.567658235918094078e+02,-3.392492429054372138e+01,-2.458034189311027546e+02
1.543311240000002726e+01,2.432892329348548266e+00,8.933460468239228236e-01,0.000000000000000000e+00,1.247385942031060432e-06,-6.782358298297488375e-01,5.814321271748600362e-01,3.964242717982037867e+00,5.352464827979228623e-01,3.774220906882439053e+00,-2.564865038534378527e+02,-3.463044743702560879e+01,-2.441920926752938215e+02
1.554251060000024154e+01,2.432892329348548266e+00,8.933460468239228236e-01,0.000000000000000000e+00,6.581281556583399025e-07,-6.782358298297488375e-01,5.814321271748600362e-01,3.959650919333543406e+00,5.468774464067827079e-01,3.747965384299563496e+00,-2.561894144808802594e+02,-3.538297078251883931e+01,-2.424933603641817683e+02
1.565461049999976240e+01,2.432892329348548266e+00,8.933460468239228236e-01,0.000000000000000000e+00,3.386806321456999659e-07,-6.782358298297488375e-01,5.814321271748600362e-01,3.954785199196174439e+00,5.592298425626218705e-01,3.720381813255058123e+00,-2.558746023879924962e+02,-3.618217081380163336e+01,-2.407087033176022715e+02
1.576226349999888043e+01,2.432892329348548266e+00,8.933460468239228236e-01,0.000000000000000000e+00,1.782364695957824239e-07,-6.782358298297488375e-01,5.814321271748600362e-01,3.949646325923546364e+00,5.722983609139407069e-01,3.691494247033042519e+00,-2.555421172872534612e+02,-3.702770395113196855e+01,-2.388396777830378710e+02
1.587274129999968864e+01,2.432892329348548266e+00,8.933460468239228236e-01,0.000000000000000000e+00,9.388991592928361675e-08,-6.782358298297488375e-01,5.814321271748600362e-01,3.944235111003320249e+00,5.860773832450367760e-01,3.661327876020815886e+00,-2.551920116819148348e+02,-3.791920669595388205e+01,-2.368879135785468009e+02
1.598556089999874530e+01,2.432892329348548266e+00,8.933460468239228236e-01,0.000000000000000000e+00,4.887668681965952976e-08,-6.782358298297488375e-01,5.814321271748600362e-01,3.938552408929060888e+00,6.005609858913061316e-01,3.629909005742482986e+00,-2.548243408577102400e+02,-3.885629578716751098e+01,-2.348551126715386488e+02
1.609344059999966703e+01,2.432892329348548266e+00,8.933460468239228236e-01,0.000000000000000000e+00,2.518791476317836234e-08,-6.782358298297488375e-01,5.814321271748600362e-01,3.932599117065302075e+00,6.157429422858462509e-01,3.597265033920117538e+00,-2.544391628741250599e+02,-3.983856836589425399e+01,-2.327430476946316276e+02
1.620243979999941075e+01,2.432892329348548266e+00,8.933460468239228236e-01,0.000000000000000000e+00,1.326641539492546817e-08,-6.782358298297488375e-01,5.814321271748600362e-01,3.926376175505842170e+00,6.316167256362941185e-01,3.563424426582573190e+00,-2.540365385552279918e+02,-4.086560214866823060e+01,-2.305535603998924898e+02
1.631016259999887552e+01,2.432892329348548266e+00,8.933460468239228236e-01,0.000000000000000000e+00,6.952240207078752397e-09,-6.782358298297488375e-01,5.814321271748600362e-01,3.919884566925291303e+00,6.481755117307170799e-01,3.528416693242653501e+00,-2.536165314800663566e+02,-4.193695560897739938e+01,-2.282885600527996814e+02
1.641750899999897229e+01,2.432892329348548266e+00,8.933460468239228236e-01,0.000000000000000000e+00,3.668349246423944586e-09,-6.782358298297488375e-01,5.814321271748600362e-01,3.913125316423897715e+00,6.654121818713780723e-01,3.492272361164396877e+00,-2.531792079726261875e+02,-4.305216816707816463e+01,-2.259500217673364943e+02
1.652719009999964328e+01,2.432892329348548266e+00,8.933460468239228236e-01,0.000000000000000000e+00,1.927144067944533272e-09,-6.782358298297488375e-01,5.814321271748600362e-01,3.906099491365671028e+00,6.833193259350915927e-01,3.455022948742845657e+00,-2.527246370913589146e+02,-4.421076038800043051e+01,-2.235399847836621348e+02
1.663521239999863610e+01,2.432892329348548266e+00,8.933460468239228236e-01,0.000000000000000000e+00,1.009047712175790943e-09,-6.782358298297488375e-01,5.814321271748600362e-01,3.898808201209834401e+00,7.018892455588729984e-01,3.416700938019523903e+00,-2.522528906182762967e+02,-4.541223418765908804e+01,-2.210605506898632200e+02
1.674330439999903319e+01,2.432892329348548266e+00,8.933460468239228236e-01,0.000000000000000000e+00,5.306215948594231836e-10,-6.782358298297488375e-01,5.814321271748600362e-01,3.891252597335626007e+00,7.211139574494980220e-01,3.377339746357639783e+00,-2.517640430476150186e+02,-4.665607304698252733e+01,-2.185138815893392916e+02
1.685196139999970910e+01,2.432892329348548266e+00,8.933460468239228236e-01,0.000000000000000000e+00,2.798000076605841270e-10,-6.782358298297488375e-01,5.814321271748600362e-01,3.883433872860486247e+00,7.409851968155574120e-01,3.336973697301618191e+00,-2.512581715740734580e+02,-4.794174223396656487e+01,-2.159021982154146997e+02
1.695989199999894481e+01,2.432892329348548266e+00,8.933460468239228236e-01,0.000000000000000000e+00,1.468470951566327742e-10,-6.782358298297488375e-01,5.814321271748600362e-01,3.875353262451646241e+00,7.614944209205287695e-01,3.295637990646481885e+00,-2.507353560806215285e+02,-4.926868903355821061e+01,-2.132277779948273917e+02
1.706748229999902833e+01,2.432892329348548266e+00,8.933460468239228236e-01,0.000000000000000000e+00,7.736075893727260351e-11,-6.782358298297488375e-01,5.814321271748600362e-01,3.867012042131162897e+00,7.826328127553385805e-01,3.253368671743096296e+00,-2.501956791258862438e+02,-5.063634298527041011e+01,-2.104929530617783371e+02
1.717764770000030694e+01,2.432892329348548266e+00,8.933460468239228236e-01,0.000000000000000000e+00,4.072295821296586643e-11,-6.782358298297488375e-01,5.814321271748600362e-01,3.858411529074419644e+00,8.043912848288323758e-01,3.210202600066090817e+00,-2.496392259311149644e+02,-5.204411612842545765e+01,-2.077001082242760788e+02
1.729058189999886963e+01,2.432892329348548266e+00,8.933460468239228236e-01,0.000000000000000000e+00,2.124683470880342733e-11,-6.782358298297488375e-01,5.814321271748600362e-01,3.849553081402128818e+00,8.267604830745316491e-01,3.166177417071851519e+00,-2.490660843667177460e+02,-5.349140325492219716e+01,-2.048516788845487895e+02
1.740577300000040850e+01,2.432892329348548266e+00,8.933460468239228236e-01,0.000000000000000000e+00,1.092393012042058833e-11,-6.782358298297488375e-01,5.814321271748600362e-01,3.840438097965867215e+00,8.497307908719864411e-01,3.121331513374598021e+00,-2.484763449383916338e+02,-5.497758216941752352e+01,-2.019501489153365128e+02
1.751307909999923140e+01,2.432892329348548266e+00,8.933460468239228236e-01,0.000000000000000000e+00,5.582666972388294297e-12,-6.782358298297488375e-01,5.814321271748600362e-01,3.831068018127184338e+00,8.732923331810094059e-01,3.075703995269217117e+00,-2.478701007728288346e+02,-5.650201395681131089e+01,-1.989980484939183611e+02
1.762161709999963932e+01,2.432892329348548266e+00,8.933460468239228236e-01,0.000000000000000000e+00,2.942023953060957095e-12,-6.782358298297488375e-01,5.814321271748600362e-01,3.821444321530308663e+00,8.974349807869952400e-01,3.029334650629978309e+00,-2.472474476030109827e+02,-5.806404325691859469e+01,-1.959979518957595985e+02
1.773111509999944246e+01,2.432892329348548266e+00,8.933460468239228236e-01,0.000000000000000000e+00,1.548316177626341282e-12,-6.782358298297488375e-01,5.814321271748600362e-01,3.811568527868493206e+00,9.221483546555171440e-01,2.982263914214920320e+00,-2.466084837530915195e+02,-5.966299854621195919e+01,-1.929524752497053441e+02
1.783844890000000305e+01,2.432892329348548266e+00,8.933460468239228236e-01,0.000000000000000000e+00,8.095516886379425171e-13,-6.782358298297488375e-01,5.814321271748600362e-01,3.801442196644041704e+00,9.474218303943264807e-01,2.934532832406142600e+00,-2.459533101228695102e+02,-6.129819242651292655e+01,-1.898642742566774473e+02
1.794741079999948852e+01,2.432892329348548266e+00,8.933460468239228236e-01,0.000000000000000000e+00,4.275392827204360235e-13,-6.782358298297488375e-01,5.814321271748600362e-01,3.791066926922041613e+00,9.732445428208214011e-01,2.886183027416735491e+00,-2.452820301718560927e+02,-6.296892192050714954e+01,-1.867360418738628027e+02
1.805999129999872821e+01,2.432892329348548266e+00,8.933460468239228236e-01,0.000000000000000000e+00,2.236474990893938828e-13,-6.782358298297488375e-01,5.814321271748600362e-01,3.780444357077857642e+00,9.996053906330371053e-01,2.837256660995623569e+00,-2.445947499029373944e+02,-6.467446877395749993e+01,-1.835705059664168459e+02
1.816945429999941553e+01,2.432892329348548266e+00,8.933460468239228236e-01,0.000000000000000000e+00,1.153410260765404557e-13,-6.782358298297488375e-01,5.814321271748600362e-01,3.769576164538407603e+00,1.026493041182156674e+00,2.787796397661853831e+00,-2.438915778456349699e+02,-6.641409976448554175e+01,-1.803704269287219404e+02
1.827869459999965329e+01,2.432892329348548266e+00,8.933460468239228236e-01,0.000000000000000000e+00,6.037040324266074185e-14,-6.782358298297488375e-01,5.814321271748600362e-01,3.758464065517282737e+00,1.053895935344456358e+00,2.737845367500530536e+00,-2.431726250389681923e+02,-6.818706701678632953e+01,-1.771385952772843382e+02
1.838958590000038384e+01,2.432892329348548266e+00,8.933460468239228236e-01,0.000000000000000000e+00,3.160618956585042777e-14,-6.782358298297488375e-01,5.814321271748600362e-01,3.747109814743732947e+00,1.081802292490632533e+00,2.687447128552727715e+00,-2.424380050139195362e+02,-6.999260832414393008e+01,-1.738778292173614943e+02
1.849745649999931629e+01,2.432892329348548266e+00,8.933460468239228236e-01,0.000000000000000000e+00,1.644588208418106864e-14,-6.782358298297488375e-01,5.814321271748600362e-01,3.735515205185577781e+00,1.110200115550346478e+00,2.636645628832229971e+00,-2.416878337755069026e+02,-7.182994747610742081e+01,-1.705909721854452812e+02
1.860496149999926274e+01,2.432892329348548266e+00,8.933460468239228236e-01,0.000000000000000000e+00,8.650590176287290032e-15,-6.782358298297488375e-01,5.814321271748600362e-01,3.723682067766076464e+00,1.139077196169819173e+00,2.585485168002216394e+00,-2.409222297844651450e+02,-7.369829459218730960e+01,-1.672808903697434175e+02
1.872274119999929098e+01,2.432892329348548266e+00,8.933460468239228236e-01,0.000000000000000000e+00,4.541508750580119771e-15,-6.782358298297488375e-01,5.814321271748600362e-01,3.711612271074801406e+00,1.168421119960258547e+00,2.534010358745277802e+00,-2.401413139385396676e+02,-7.559684646142872566e+01,-1.639504702108194749e+02
1.883899519999977201e+01,2.432892329348548266e+00,8.933460468239228236e-01,0.000000000000000000e+00,2.299940621776618043e-15,-6.782358298297488375e-01,5.814321271748600362e-01,3.699307721072567556e+00,1.198219271834861210e+00,2.482266087860530490e+00,-2.393452095533951365e+02,-7.752478688771552129e+01,-1.606026158845763234e+02
1.894673669999974663e+01,2.432892329348548266e+00,8.933460468239228236e-01,0.000000000000000000e+00,1.171621883289762920e-15,-6.782358298297488375e-01,5.814321271748600362e-01,3.686770360790458501e+00,1.228458841432101600e+00,2.430297477121614147e+00,-2.385340423431426871e+02,-7.948128704065698003e+01,-1.572402467697684472e+02
1.905415939999875263e+01,2.433029160286386272e+00,8.931688243869778665e-01,0.000000000000000000e+00,-7.770781638969717891e-04,-6.781808168378884449e-01,5.812239917019175195e-01,3.674002170023001224e+00,1.259126828622952221e+00,2.378149843929870944e+00,-2.377079404004881837e+02,-8.146550581190501816e+01,-1.538662949022626663e+02
1.916265519999979006e+01,2.433029160286386272e+00,8.931688243869778665e-01,0.000000000000000000e+00,-4.100715999340054938e-04,-6.781808168378884449e-01,5.812239917019175195e-01,3.661005165015531748e+00,1.290210049099710155e+00,2.325868661796883341e+00,-2.368670341765049159e+02,-8.347659017675124460e+01,-1.504837024182583605e+02
1.927144459999908577e+01,2.433029160286386272e+00,8.931688243869778665e-01,0.000000000000000000e+00,-2.153020286576619704e-04,-6.781808168378884449e-01,5.812239917019175195e-01,3.647781398145805376e+00,1.321695140043989580e+00,2.273499520690883458e+00,-2.360114564600336280e+02,-8.551367556084612431e+01,-1.470954189887001746e+02
1.937862609999865526e+01,2.433029160286386272e+00,8.931688243869778665e-01,0.000000000000000000e+00,-1.130345187739466002e-04,-6.781808168378884449e-01,5.812239917019175195e-01,3.634332957599907488e+00,1.353568565871451135e+00,2.221088087281659185e+00,-2.351413423567140342e+02,-8.757588621188288869e+01,-1.437043992471233480e+02
1.948360969999885128e+01,2.433029160286386272e+00,8.931688243869778665e-01,0.000000000000000000e+00,-5.972164936800627950e-05,-6.781808168378884449e-01,5.812239917019175195e-01,3.620661967042498652e+00,1.385816624050821622e+00,2.168680065118492095e+00,-2.342568292676496640e+02,-8.966233557608816795e+01,-1.403136002131664384e+02
1.959393369999997958e+01,2.433029160286386272e+00,8.931688243869778665e-01,0.000000000000000000e+00,-3.189485245151258005e-05,-6.781808168378884449e-01,5.812239917019175195e-01,3.606770585281465991e+00,1.418425450994664772e+00,2.116321154776020119e+00,-2.333580568677108715e+02,-9.177212667935481250e+01,-1.369259787140084939e+02
1.970149739999942540e+01,2.433029160286386272e+00,8.931688243869778665e-01,0.000000000000000000e+00,-1.657532724743659359e-05,-6.781808168378884449e-01,5.812239917019175195e-01,3.592661005927025641e+00,1.451381028019407715e+00,2.064057014002643076e+00,-2.324451670834785659e+02,-9.390435251285568086e+01,-1.335444888059710138e+02
1.980943889999980456e+01,2.433029160286386272e+00,8.931688243869778665e-01,0.000000000000000000e+00,-8.724617936809775487e-06,-6.781808168378884449e-01,5.812239917019175195e-01,3.578335457045319856e+00,1.484669187372034127e+00,2.011933217906274329e+00,-2.315183040708322153e+02,-9.605809642297060691e+01,-1.301720791985359540e+02
1.991667159999997239e+01,2.433029160286386272e+00,8.931688243869778665e-01,0.000000000000000000e+00,-4.604293361381938234e-06,-6.781808168378884449e-01,5.812239917019175195e-01,3.563796200806583769e+00,1.518275618320866549e+00,1.959995219212204098e+00,-2.305776141921859903e+02,-9.823243250536006599e+01,-1.268116906830296102e+02
2.002614399999947636e+01,2.433029160286386272e+00,8.931688243869778665e-01,0.000000000000000000e+00,-2.432717737065290873e-06,-6.781808168378884449e-01,5.812239917019175195e-01,3.549045533127922702e+00,1.552185873307815545e+00,1.908288308627600571e+00,-2.296232459933765995e+02,-1.004264260030156635e+02,-1.234662535682057580e+02
2.013389809999898716e+01,2.433029160286386272e+00,8.931688243869778665e-01,0.000000000000000000e+00,-1.272909462534281425e-06,-6.781808168378884449e-01,5.812239917019175195e-01,3.534085783310758178e+00,1.586385374159450912e+00,1.856857575347387934e+00,-2.286553501802060566e+02,-1.026391337081164750e+02,-1.201386851249760070e+02
2.024134369999956107e+01,2.433029160286386272e+00,8.931688243869778665e-01,0.000000000000000000e+00,-6.700610866898435654e-07,-6.781808168378884449e-01,5.812239917019175195e-01,3.518919313673005256e+00,1.620859418354224202e+00,1.805747867735753465e+00,-2.276740795946434446e+02,-1.048696043675183063e+02,-1.168318870425032543e+02
2.034830030000011902e+01,2.433029160286386272e+00,8.931688243869778665e-01,0.000000000000000000e+00,-3.534229691781140031e-07,-6.781808168378884449e-01,5.812239917019175195e-01,3.503548519176034493e+00,1.655593185343150253e+00,1.755003754217739909e+00,-2.266795891906894553e+02,-1.071168790917018327e+02,-1.135487428978877773e+02
2.045386109999890323e+01,2.433029160286386272e+00,8.931688243869778665e-01,0.000000000000000000e+00,-1.872434611721316095e-07,-6.781808168378884449e-01,5.812239917019175195e-01,3.487975827046481569e+00,1.690571742921228360e+00,1.704669484414903735e+00,-2.256720360099073730e+02,-1.093799917670034745e+02,-1.102921156416442727e+02
2.055769859999963955e+01,2.433029160286386272e+00,8.931688243869778665e-01,0.000000000000000000e+00,-9.952126844460022316e-08,-6.781808168378884449e-01,5.812239917019175195e-01,3.472203696392957006e+00,1.725780053646869483e+00,1.654788950558975236e+00,-2.246515791566243365e+02,-1.116579694709524659e+02,-1.070648451011657016e+02
2.066116940000028990e+01,2.433029160286386272e+00,8.931688243869778665e-01,0.000000000000000000e+00,-5.339806597863139093e-08,-6.781808168378884449e-01,5.812239917019175195e-01,3.456234617817727894e+00,1.761202981306553506e+00,1.605405649217213515e+00,-2.236183797728070033e+02,-1.139498328905340117e+02,-1.038697455043537161e+02
2.076826049999908719e+01,2.433029160286386272e+00,8.931688243869778665e-01,0.000000000000000000e+00,-2.867668470411275826e-08,-6.781808168378884449e-01,5.812239917019175195e-01,3.440071113023422278e+00,1.796825297421960732e+00,1.556562643362709775e+00,-2.225726010126154222e+02,-1.162545967432008638e+02,-1.007096030255673327e+02
2.087746899999910966e+01,2.433029160286386272e+00,8.931688243869778665e-01,0.000000000000000000e+00,-1.508915348067832279e-08,-6.781808168378884449e-01,5.812239917019175195e-01,3.423715734414818357e+00,1.832631687796769882e+00,1.508302524822868751e+00,-2.215144080166387539e+02,-1.185712702004510106e+02,-9.758717335603961374e+01
2.098532220000015514e+01,2.433029160286386272e+00,8.931688243869778665e-01,0.000000000000000000e+00,-7.905053780214231093e-09,-6.781808168378884449e-01,5.812239917019175195e-01,3.407171064695796225e+00,1.868606759100285952e+00,1.460667377138686218e+00,-2.204439678858180116e+02,-1.208988573137885112e+02,-9.450517930087299590e+01
2.109238059999916004e+01,2.433029160286386272e+00,8.931688243869778665e-01,0.000000000000000000e+00,-4.174023168753143806e-09,-6.781808168378884449e-01,5.812239917019175195e-01,3.390439716461497888e+00,1.904735045485117295e+00,1.413698738867277704e+00,-2.193614496550589195e+02,-1.232363574428870976e+02,-9.146630840471287627e+01
2.120421170000008715e+01,2.433029160286386272e+00,8.931688243869778665e-01,0.000000000000000000e+00,-2.207185476262832560e-09,-6.781808168378884449e-01,5.812239917019175195e-01,3.373524331785763053e+00,1.941001015236012872e+00,1.367437567359643502e+00,-2.182670242665388685e+02,-1.255827656857700418e+02,-8.847321060816894089e+01
2.131165440000040689e+01,2.433029160286386272e+00,8.931688243869778665e-01,0.000000000000000000e+00,-1.139917638586569771e-09,-6.781808168378884449e-01,5.812239917019175195e-01,3.356427581803924198e+00,1.977389077447008425e+00,1.321924203045236723e+00,-2.171608645427139095e+02,-1.279370733108214466e+02,-8.552849593702681830e+01
2.141860869999982242e+01,2.433029160286386272e+00,8.931688243869778665e-01,0.000000000000000000e+00,-6.026065348337850065e-10,-6.781808168378884449e-01,5.812239917019175195e-01,3.339152166290992874e+00,2.013883588724036056e+00,1.277198334254527223e+00,-2.160431451590272616e+02,-1.302982681904451283e+02,-8.263473222626791426e+01
2.152446649999910733e+01,2.433029160286386272e+00,8.931688243869778665e-01,0.000000000000000000e+00,-3.188041543028131743e-10,-6.781808168378884449e-01,5.812239917019175195e-01,3.321700813235342942e+00,2.050468859910088426e+00,1.233298962610172245e+00,-2.149140426163266966e+02,-1.326653352361827274e+02,-7.979444288087815096e+01
2.163091709999935119e+01,2.433029160286386272e+00,8.931688243869778665e-01,0.000000000000000000e+00,-1.694834468998263843e-10,-6.781808168378884449e-01,5.812239917019175195e-01,3.304076278407924505e+00,2.087129162830058338e+00,1.190264369017037582e+00,-2.137737352129927331e+02,-1.350372568351047846e+02,-7.701010467540233151e+01
2.173578649999944901e+01,2.433029160286386272e+00,8.931688243869778665e-01,0.000000000000000000e+00,-8.971733468496068440e-11,-6.781808168378884449e-01,5.812239917019175195e-01,3.286281344927095560e+00,2.123848737052353997e+00,1.148132080280654277e+00,-2.126224030167830961e+02,-1.374130132872872991e+02,-7.428414559415833196e+01
2.185029570000006061e+01,2.433029160286386272e+00,8.931688243869778665e-01,0.000000000000000000e+00,-4.783347074948230103e-11,-6.781808168378884449e-01,5.812239917019175195e-01,3.268318822819139768e+00,2.160611796664380080e+00,1.106938836383310365e+00,-2.114602278363983601e+02,-1.397915832441854036e+02,-7.161894271400018397e+01
2.196907559999999648e+01,2.433029160286386272e+00,8.931688243869778665e-01,0.000000000000000000e+00,-2.423891089881855008e-11,-6.781808168378884449e-01,5.812239917019175195e-01,3.250191548574524525e+00,2.197402537058973593e+00,1.066720558446231371e+00,-2.102873931927717592e+02,-1.421719441477156067e+02,-6.901682013147117800e+01
2.208640839999861782e+01,2.433258768532912342e+00,8.928820127140090213e-01,0.000000000000000000e+00,-1.208556886149793905e-03,-6.780964345590523301e-01,5.808816695907356165e-01,3.231902384699992137e+00,2.234205141728877297e+00,1.027512317405817610e+00,-2.091040842900895029e+02,-1.445530726698583806e+02,-6.648004693615639837e+01
2.219659179999871412e+01,2.436115199528890329e+00,8.853490354966505604e-01,0.000000000000000000e+00,-3.235866551513282702e-02,-6.740180432862262760e-01,5.740580040200259360e-01,3.213454219266533407e+00,2.271003789066324163e+00,9.893483034312930968e-01,-2.079104879865447231e+02,-1.469339451525911784e+02,-6.401083523200466630e+01
2.230471779999970749e+01,2.436253054872858925e+00,8.851709330621331251e-01,0.000000000000000000e+00,-1.767093474957192809e-02,-6.739615681765839250e-01,5.738496191155372239e-01,3.194849965453327112e+00,2.307782659164834715e+00,9.522617961103359008e-01,-2.067067927648302827e+02,-1.493135380479648120e+02,-6.161133820833873642e+01
2.241610359999867796e+01,2.436596170097105940e+00,8.847324300084229431e-01,0.000000000000000000e+00,-1.122231592916184129e-02,-6.738244550509207009e-01,5.733341752276230885e-01,3.176092561087719091e+00,2.344525940620234117e+00,9.162851354288095163e-01,-2.054931887023754200e+02,-1.516908283581291528e+02,-5.928364826224397888e+01
2.252196349999940139e+01,2.436823612885433477e+00,8.848883318524947139e-01,0.000000000000000000e+00,-5.153067832949062045e-03,-6.740735983206695980e-01,5.732819061297115271e-01,3.157184968181299567e+00,2.381217837328087672e+00,8.814496935698035163e-01,-2.042698674413300921e+02,-1.540647940751272813e+02,-5.702979517396629205e+01
2.263010039999971923e+01,2.437341437600075267e+00,8.852967872505830282e-01,0.000000000000000000e+00,-9.272546540299649205e-04,-6.746816499331468320e-01,5.731972372226603607e-01,3.138130172462172851e+00,2.417842575274487427e+00,8.477858475566169005e-01,-2.030370221583025909e+02,-1.564344146202593322e+02,-5.485174433691311435e+01
2.273354199999994307e+01,2.437737159828152755e+00,8.854718264448842024e-01,0.000000000000000000e+00,2.804946858665646075e-04,-6.750418655967207471e-01,5.730434844925278437e-01,3.118931182903474930e+00,2.454384409317385884e+00,8.153229527635625917e-01,-2.017948475338548349e+02,-1.587986712828348743e+02,-5.275139504380250344e+01
2.284144860000014887e+01,2.438261554198049907e+00,8.856576745534769923e-01,0.000000000000000000e+00,9.846600964404672064e-04,-6.754840184098774847e-01,5.728096170354656236e-01,3.099591031248216666e+00,2.490827629955502331e+00,7.840893173176184394e-01,-2.005435397217596289e+02,-1.611565476581210135e+02,-5.073057883044991456e+01
2.295006599999942409e+01,2.438590258426980739e+00,8.858092866220689254e-01,0.000000000000000000e+00,1.184515191800073787e-03,-6.757879323946311967e-01,5.726855705321096668e-01,3.080112771530544524e+00,2.527156570081909415e+00,7.541121774133399125e-01,-1.992832963180262311e+02,-1.635070300842995437e+02,-4.879105787864309463e+01
2.305881059999956051e+01,2.438850468569034646e+00,8.858671170722335342e-01,0.000000000000000000e+00,8.736474970196463248e-04,-6.759810569486671694e-01,5.725470808208116269e-01,3.060499479593465022e+00,2.563355611719392080e+00,7.254176735624839889e-01,-1.980143163296972091e+02,-1.658491080782446829e+02,-4.693452347949271797e+01
2.316911259999869799e+01,2.439438077398285110e+00,8.860763556244164452e-01,0.000000000000000000e+00,1.376386402963518081e-03,-6.764771176206013648e-01,5.722849092299834295e-01,3.040754252603140362e+00,2.599409192734690510e+00,6.980308277990965315e-01,-1.967368001434231815e+02,-1.681817747699344920e+02,-4.516259455860154759e+01
2.327503629999955592e+01,2.439575468396235181e+00,8.861921290793810524e-01,0.000000000000000000e+00,1.221510670639301341e-03,-6.766441358245869342e-01,5.722667237367941029e-01,3.020880208559806768e+00,2.635301813528729387e+00,6.719755218599274826e-01,-1.954509494938195076e+02,-1.705040273353087912e+02,-4.347681626433730884e+01
2.338326070000039181e+01,2.451146581011129477e+00,8.837003223748992609e-01,0.000000000000000000e+00,-1.009853201228132040e-02,-6.812993648393788071e-01,5.628120780819827473e-01,3.000880485805405229e+00,2.671018043699967315e+00,6.472744763591939954e-01,-1.941569674316097291e+02,-1.728148674273878953e+02,-4.187865862043985032e+01
2.349390519999906246e+01,2.524131349665614366e+00,8.588105579712312920e-01,0.000000000000000000e+00,-1.022696158057823379e-01,-7.002319648470957114e-01,4.972230584850559909e-01,2.980758242528003699e+00,2.706542528677994053e+00,6.239492309758838395e-01,-1.928550582915618463e+02,-1.751133016054662335e+02,-4.036951524413968428e+01
2.360152339999876858e+01,2.654470537765632798e+00,7.760626395511963649e-01,0.000000000000000000e+00,-3.592064201496645293e-01,-6.857938346743359670e-01,3.632630408255699828e-01,2.960516656263078694e+00,2.741859996324545801e+00,6.020201256708137549e-01,-1.915454276602212076e+02,-1.773983417621981289e+02,-3.895070213090165367e+01
2.370754969999870809e+01,2.838862208600636095e+00,7.007628004087037565e-01,0.000000000000000000e+00,-3.962327383099914502e-01,-6.688963319457876811e-01,2.089167287368806358e-01,2.940158923391750889e+00,2.776955263499036430e+00,5.815062829498971464e-01,-1.902282823434462955e+02,-1.796690055483876733e+02,-3.762345650685834642e+01
2.382513449999896693e+01,3.101474345901541696e+00,6.776196293609757504e-01,0.000000000000000000e+00,-5.972188208659794106e-02,-6.770743953452158514e-01,2.717766110643888428e-02,2.919688258636034206e+00,2.811813242585885497e+00,5.624255911890292392e-01,-1.889038303337514151e+02,-1.819243167953067939e+02,-3.638893574993019087e+01
2.393024689999947441e+01,-3.030758662450097063e+00,7.067646033283437879e-01,0.000000000000000000e+00,2.342957763121077952e-01,-7.024280357807189956e-01,-7.817326312181244186e-02,2.899107894551196107e+00,2.846418947980751568e+00,5.447946890351518245e-01,-1.875722807774623959e+02,-1.841633059343546392e+02,-3.524821638057432693e+01
2.403579629999876488e+01,-2.903322491338919065e+00,7.365822980891444383e-01,0.000000000000000000e+00,3.582449238846183714e-01,-7.157721601701007019e-01,-1.738496378590217994e-01,2.878421081015303251e+00,2.880757502532895309e+00,5.286289508971195872e-01,-1.862338439416901394e+02,-1.863850104138783479e+02,-3.420229312304363845e+01
2.416426229999888164e+01,-2.742292036095010044e+00,7.629546888578450092e-01,0.000000000000000000e+00,3.932500551966267022e-01,-7.029354247390957600e-01,-2.966170020363602666e-01,2.857631084716019565e+00,2.914814143940948732e+00,5.139424735389708232e-01,-1.848887311811264738e+02,-1.885884751129793813e+02,-3.325207803797141537e+01
2.427259899999990012e+01,-2.646018440767837987e+00,7.905162936205276658e-01,0.000000000000000000e+00,3.878701760759050154e-01,-6.954138597836061475e-01,-3.759196378222388057e-01,2.836741188634767319e+00,2.948574231099289733e+00,5.007480637873509277e-01,-1.835371549046694497e+02,-1.907727527521240631e+02,-3.239839972704160687e+01
2.437796209999942221e+01,-2.637643076999047320e+00,8.017211003196995645e-01,0.000000000000000000e+00,2.587482457478976206e-01,-7.020528922359986490e-01,-3.871413943262836388e-01,2.815754691528301379e+00,2.982023250392322744e+00,4.890572273637645573e-01,-1.821793285418811195e+02,-1.929369043003833042e+02,-3.164200261043556850e+01
2.448436839999885706e+01,-2.633354088449764596e+00,8.047382174429749124e-01,0.000000000000000000e+00,1.519615925117303590e-01,-7.030217577577149157e-01,-3.916171685875755593e-01,2.794674907407796560e+00,3.015146821933948562e+00,4.788801588514146612e-01,-1.808154665092844482e+02,-1.950799993791264910e+02,-3.098354627768652847e+01
2.458924420000039390e+01,-2.633310730927907350e+00,8.046354923817502502e-01,0.000000000000000000e+00,8.026812210776473888e-02,-7.029150387881492046e-01,-3.915976555673902348e-01,2.773505165015531126e+00,3.047930705749541058e+00,4.702257328053793817e-01,-1.794457841765048727e+02,-1.972011166619953144e+02,-3.042360491250804699e+01
2.469693819999883999e+01,-2.633064257401885655e+00,8.045259688437295109e-01,0.000000000000000000e+00,4.215302752874246911e-02,-7.027228343385857334e-01,-3.917175674425212861e-01,2.752248807299236155e+00,3.080360807897777775e+00,4.631014960138601921e-01,-1.780704978322605996e+02,-1.992993442709862393e+02,-2.996266679209675488e+01
2.480730909999874712e+01,-2.633019526529359666e+00,8.042846167206235686e-01,0.000000000000000000e+00,2.078044260750201710e-02,-7.024945051237276861e-01,-3.916314785157206102e-01,2.730909190884206694e+00,3.112423186529691854e+00,4.575136609172787416e-01,-1.766898246502081804e+02,-2.013737801684710860e+02,-2.960113386134793600e+01
2.491205239999908372e+01,-2.632921061231812132e+00,8.041393417418828404e-01,0.000000000000000000e+00,1.043621384824645025e-02,-7.023290575697545002e-01,-3.916298964969975871e-01,2.709489685543251980e+00,3.144104057882333603e+00,4.534671001909291732e-01,-1.753039826546484221e+02,-2.034235325449869833e+02,-2.933932138235311982e+01
2.501740780000000086e+01,-2.632820122463955137e+00,8.039969289118910067e-01,0.000000000000000000e+00,4.933956507569283237e-03,-7.021651480942322499e-01,-3.916314166426861365e-01,2.687993673664566430e+00,3.175389802204474421e+00,4.509653424959376711e-01,-1.739131906860974652e+02,-2.054477202026295117e+02,-2.917745765948716752e+01
2.512883799999872281e+01,-2.632529243408968878e+00,8.037830500266169853e-01,0.000000000000000000e+00,1.681230916954914913e-03,-7.018644416835095878e-01,-3.917314092722033458e-01,2.666424549717617332e+00,3.206266969611798245e+00,4.500105694022153990e-01,-1.725176683667298505e+02,-2.074454729338833658e+02,-2.911568384032333867e+01
2.524041620000025432e+01,-2.632483359784457022e+00,8.036809383183501909e-01,0.000000000000000000e+00,4.290565132868338059e-04,-7.017573050901358966e-01,-3.917138437289314767e-01,2.644785719717110517e+00,3.236722285869077620e+00,4.506036134860975650e-01,-1.711176360656970701e+02,-2.094159318957293294e+02,-2.915405379255051344e+01
2.534902820000024803e+01,-2.632429241627828098e+00,8.035014159705812231e-01,0.000000000000000000e+00,-5.535519467713267017e-04,-7.015793548256646917e-01,-3.916643133464333126e-01,2.623080600685150365e+00,3.266742658096814189e+00,4.527439576043243985e-01,-1.697133148643292486e+02,-2.113582499788638813e+02,-2.929253405699979140e+01
2.546341409999877214e+01,-2.632339862506348105e+00,8.032943416379022539e-01,0.000000000000000000e+00,-1.197828729141044591e-03,-7.013635469404936318e-01,-3.916260644167096627e-01,2.601312620111646545e+00,3.296315180399925993e+00,4.564297353449979777e-01,-1.683049265212235355e+02,-2.132715921718752270e+02,-2.953100387682136940e+01
2.557018479999896954e+01,-2.632092991629335188e+00,8.031849244914501806e-01,0.000000000000000000e+00,-1.078654593049663919e-03,-7.011713245719193299e-01,-3.917458315392732260e-01,2.579485215413071852e+00,3.325427139416075484e+00,4.616577326551207783e-01,-1.668926934372257449e+02,-2.151551359202200899e+02,-2.986925530278631413e+01
2.568508370000017749e+01,-2.632092991629335188e+00,8.031849244914501806e-01,0.000000000000000000e+00,-5.589687600386681427e-04,-7.011713245719193299e-01,-3.917458315392732260e-01,2.557601833389661294e+00,3.354066019781172692e+00,4.684233906432977435e-01,-1.654768386203110992e+02,-2.170080714798418740e+02,-3.030699337462136356e+01
2.580021229999874777e+01,-2.632092991629335188e+00,8.031849244914501806e-01,0.000000000000000000e+00,-2.806787852016396820e-04,-7.011713245719193299e-01,-3.917458315392732260e-01,2.535665929681114594e+00,3.382219509509802435e+00,4.767208095551589420e-01,-1.640575856503681109e+02,-2.188296022652842225e+02,-3.084383637821878565e+01
2.590967599999930826e+01,-2.632092991629335188e+00,8.031849244914501806e-01,0.000000000000000000e+00,-1.487497663702894623e-04,-7.011713245719193299e-01,-3.917458315392732260e-01,2.513680968220917133e+00,3.409875505288200159e+00,4.865427539180282590e-01,-1.626351586438933339e+02,-2.206189451921465547e+02,-3.147931617849642905e+01
2.601497719999861147e+01,-2.632092991629335188e+00,8.031849244914501806e-01,0.000000000000000000e+00,-7.796817654790678324e-05,-7.011713245719193299e-01,-3.917458315392732260e-01,2.491650420689343282e+00,3.437022117677521749e+00,4.978806588503708053e-01,-1.612097822186005089e+02,-2.223753310137356607e+02,-3.221287862761899135e+01
2.611871409999912430e+01,-2.632092991629335188e+00,8.031849244914501806e-01,0.000000000000000000e+00,-4.154065602325031565e-05,-7.011713245719193299e-01,-3.917458315392732260e-01,2.469577765965231819e+00,3.463647676225168226e+00,5.107246375304899111e-01,-1.597816814579504978e+02,-2.240980046517684059e+02,-3.304388404822270076e+01
2.622559299999920768e+01,-2.632092991629335188e+00,8.031849244914501806e-01,0.000000000000000000e+00,-2.230212133805203366e-05,-7.011713245719193299e-01,-3.917458315392732260e-01,2.447466489576640036e+00,3.489740734481965756e+00,5.250634898179857846e-01,-1.583510818756086280e+02,-2.257862255209832085e+02,-3.397160779122368268e+01
2.633795549999922514e+01,-2.632092991629335188e+00,8.031849244914501806e-01,0.000000000000000000e+00,-1.174448502993689697e-05,-7.011713245719193299e-01,-3.917458315392732260e-01,2.425320083150429795e+00,3.515290074923045349e+00,5.408847120204467451e-01,-1.569182093798328026e+02,-2.274392678475210516e+02,-3.499524086772290588e+01
2.644734429999880376e+01,-2.632092991629335188e+00,8.031849244914501806e-01,0.000000000000000000e+00,-6.075707844509593009e-06,-7.011713245719193299e-01,-3.917458315392732260e-01,2.403142043860905908e+00,3.540284713770310177e+00,5.581745077968485180e-01,-1.554832902378006168e+02,-2.290564209809390661e+02,-3.611389065445609958e+01
2.656352059999881021e+01,-2.632092991629335188e+00,8.031849244914501806e-01,0.000000000000000000e+00,-3.176976364741343620e-06,-7.011713245719193299e-01,-3.917458315392732260e-01,2.380935873877568998e+00,3.564713905714409492e+00,5.769178001881749562e-01,-1.540465510398787217e+02,-2.306369896997223066e+02,-3.732658167217492462e+01
2.667297129999860772e+01,-2.632092991629335188e+00,8.031849244914501806e-01,0.000000000000000000e+00,-1.614304270798011948e-06,-7.011713245719193299e-01,-3.917458315392732260e-01,2.358705079812079664e+00,3.588567148534204776e+00,5.970982447647465996e-01,-1.526082186638415692e+02,-2.321802945101630655e+02,-3.863225643627910699e+01
2.678213219999997818e+01,-2.632092991629335188e+00,8.031849244914501806e-01,0.000000000000000000e+00,-8.435734177089248439e-07,-7.011713245719193299e-01,-3.917458315392732260e-01,2.336453172164530745e+00,3.611834187611701719e+00,6.186982438788115601e-01,-1.511685202390451366e+02,-2.336856719384770997e+02,-4.002977637895911300e+01
2.689314240000021528e+01,-2.632092991629335188e+00,8.031849244914501806e-01,0.000000000000000000e+00,-4.421211500629289699e-07,-7.011713245719193299e-01,-3.917458315392732260e-01,2.314183664769090321e+00,3.634505020340585091e+00,6.416989620099486924e-01,-1.497276831105601502e+02,-2.351524748160358627e+02,-4.151792284204368144e+01
2.700073439999869152e+01,-2.632092991629335188e+00,8.031849244914501806e-01,0.000000000000000000e+00,-2.295449385359058295e-07,-7.011713245719193299e-01,-3.917458315392732260e-01,2.291900074239133112e+00,3.656569900426362985e+00,6.660803421899268439e-01,-1.482859348032719140e+02,-2.365800725575857086e+02,-4.309539813968827104e+01
2.710857550000037008e+01,-2.632092991629335188e+00,8.031849244914501806e-01,0.000000000000000000e+00,-1.212045417914923434e-07,-7.011713245719193299e-01,-3.917458315392732260e-01,2.269605919411923800e+00,3.678019342076352949e+00,6.918211234926769926e-01,-1.468435029859514884e+02,-2.379678514323400407e+02,-4.476082668997620573e+01
2.721747239999967860e+01,-2.632092991629335188e+00,8.031849244914501806e-01,0.000000000000000000e+00,-6.378775146911917757e-08,-7.011713245719193299e-01,-3.917458315392732260e-01,2.247304720792950405e+00,3.698844124077665718e+00,7.188988595741363508e-01,-1.454006154353039051e+02,-2.393152148278249740e+02,-4.651275621444662534e+01
2.732479269999930693e+01,-2.632092991629335188e+00,8.031849244914501806e-01,0.000000000000000000e+00,-3.343727047885555502e-08,-7.011713245719193299e-01,-3.917458315392732260e-01,2.224999999999999645e+00,3.719035293761447036e+00,7.472899382457987016e-01,-1.439574999999999818e+02,-2.406215835063656243e+02,-4.834965900450318088e+01
2.743324299999949289e+01,-2.576686382815460696e+00,8.073601996973630568e-01,0.000000000000000000e+00,2.369623958714802206e-02,-6.819277347575546377e-01,-4.322095054759856891e-01,2.202695279207048440e+00,3.738584170851670052e+00,7.769696020648841905e-01,-1.425143845646960301e+02,-2.418863958541030570e+02,-5.026993325359801190e+01
2.754493439999896509e+01,-2.442410004751585983e+00,8.255263050560519567e-01,0.000000000000000000e+00,1.379515292650857206e-01,-6.318318164539737936e-01,-5.313023960570568693e-01,2.180394080588075045e+00,3.757482351196826720e+00,8.079119699232060192e-01,-1.410714970140484752e+02,-2.431091081224346908e+02,-5.227190445403142860e+01
2.765102509999996983e+01,-2.426512883027377221e+00,8.283387522397815950e-01,0.000000000000000000e+00,8.881141753042076648e-02,-6.254296699962639261e-01,-5.431232054980920099e-01,2.158099925760865734e+00,3.775721710382909713e+00,8.400900596158782374e-01,-1.396290651967280212e+02,-2.442891946617742747e+02,-5.435382685714732531e+01
2.775842759999977716e+01,-2.426044766475074610e+00,8.283715453551524499e-01,0.000000000000000000e+00,4.736852117069066670e-02,-6.252001065935739454e-01,-5.434374332611503489e-01,2.135816335230908525e+00,3.793294407226137199e+00,8.734758113701996951e-01,-1.381873168894397850e+02,-2.454261481475310802e+02,-5.651388499565192092e+01
2.787263979999988806e+01,-2.426044766475074610e+00,8.283715453551524499e-01,0.000000000000000000e+00,2.499739455225168799e-02,-6.252001065935739454e-01,-5.434374332611503489e-01,2.113546827835468989e+00,3.810192887143910134e+00,9.080401123141943476e-01,-1.367464797609548555e+02,-2.465194797982109947e+02,-5.875019526672837600e+01
2.798088189999907627e+01,-2.426044766475074610e+00,8.283715453551524499e-01,0.000000000000000000e+00,1.281423171432337534e-02,-6.252001065935739454e-01,-5.434374332611503489e-01,2.091294920187918738e+00,3.826409885402565436e+00,9.437528218634647637e-01,-1.353067813361583376e+02,-2.475687195855460061e+02,-6.106080757456616936e+01
2.808858479999980773e+01,-2.426044766475074610e+00,8.283715453551524499e-01,0.000000000000000000e+00,6.730207900161115989e-03,-6.252001065935739454e-01,-5.434374332611503489e-01,2.069064126122429847e+00,3.841938430240514624e+00,9.805827980042423064e-01,-1.338684489601212135e+02,-2.485734164365613026e+02,-6.344370703087447794e+01
2.819764269999905082e+01,-2.426044766475074610e+00,8.283715453551524499e-01,0.000000000000000000e+00,3.543782963693827524e-03,-6.252001065935739454e-01,-5.434374332611503489e-01,2.046857956139093382e+00,3.856771845865438308e+00,1.018497924449660585e+00,-1.324317097621993469e+02,-2.495331384274938671e+02,-6.589681571189304066e+01
2.830474689999937254e+01,-2.426044766475074610e+00,8.283715453551524499e-01,0.000000000000000000e+00,1.860133095688531893e-03,-6.252001065935739454e-01,-5.434374332611503489e-01,2.024679916849569494e+00,3.870903755324242468e+00,1.057465138645667491e+00,-1.309967906201671610e+02,-2.504474729694784969e+02,-6.841799447037469406e+01
2.841514049999932467e+01,-2.426044766475074610e+00,8.283715453551524499e-01,0.000000000000000000e+00,9.831453355748352198e-04,-6.252001065935739454e-01,-5.434374332611503489e-01,2.002533510423360141e+00,3.884328083244532603e+00,1.097450460602038991e+00,-1.295639181243914209e+02,-2.513160269859212690e+02,-7.100504480095192150e+01
2.852143760000035400e+01,-2.426044766475074610e+00,8.283715453551524499e-01,0.000000000000000000e+00,5.101030097927563732e-04,-6.252001065935739454e-01,-5.434374332611503489e-01,1.980422234034767248e+00,3.897039058446448934e+00,1.138419022523443846e+00,-1.281333185420494374e+02,-2.521384270814852471e+02,-7.365571075726681727e+01
2.862949119999939285e+01,-2.426044766475074610e+00,8.283715453551524499e-01,0.000000000000000000e+00,2.711921858152706831e-04,-6.252001065935739454e-01,-5.434374332611503489e-01,1.958349579310655120e+00,3.909031216423722199e+00,1.180335099214691041e+00,-1.267052177813993978e+02,-2.529143197026148471e+02,-7.636768091919051926e+01
2.873340370000005350e+01,-2.426044766475074610e+00,8.283715453551524499e-01,0.000000000000000000e+00,1.429839546931855189e-04,-6.252001065935739454e-01,-5.434374332611503489e-01,1.936319031779081046e+00,3.920299401692890484e+00,1.223162139233602730e+00,-1.252798413561065445e+02,-2.536433712895300232e+02,-7.913859040841410319e+01
2.883980829999927664e+01,-2.426044766475074610e+00,8.283715453551524499e-01,0.000000000000000000e+00,7.656341002069140913e-05,-6.252001065935739454e-01,-5.434374332611503489e-01,1.914334070318884251e+00,3.930838770009662753e+00,1.266862796764451682e+00,-1.238574143496318101e+02,-2.543252684196251892e+02,-8.196602295066003308e+01
2.895420369999919785e+01,-2.426044766475074610e+00,8.283715453551524499e-01,0.000000000000000000e+00,4.060225948039883267e-05,-6.252001065935739454e-01,-5.434374332611503489e-01,1.892398166610338661e+00,3.940644790451483637e+00,1.311398964184038451e+00,-1.224381613796889212e+02,-2.549597179422110003e+02,-8.484751298270728626e+01
2.906217889999970794e+01,-2.426044766475074610e+00,8.283715453551524499e-01,0.000000000000000000e+00,2.077815284172438077e-05,-6.252001065935739454e-01,-5.434374332611503489e-01,1.870514784586927215e+00,3.949713247365398416e+00,1.356731805292117121e+00,-1.210223065627741903e+02,-2.555464471045413006e+02,-8.778054780239997967e+01
2.916699059999882593e+01,-2.426044766475074610e+00,8.283715453551524499e-01,0.000000000000000000e+00,1.091707148565993677e-05,-6.252001065935739454e-01,-5.434374332611503489e-01,1.848687379888352522e+00,3.958040242180379309e+00,1.402821789177149503e+00,-1.196100734787764139e+02,-2.560852036690705518e+02,-9.076256975976157548e+01
2.928255679999892891e+01,-2.426044766475074610e+00,8.283715453551524499e-01,0.000000000000000000e+00,5.835933397461336728e-06,-6.252001065935739454e-01,-5.434374332611503489e-01,1.826919399314847592e+00,3.965622195083339019e+00,1.449628724687817893e+00,-1.182016851356706439e+02,-2.565757560218920617e+02,-9.379097848730182818e+01
2.939658090000011725e+01,-2.426044766475074610e+00,8.283715453551524499e-01,0.000000000000000000e+00,2.963310284932473691e-06,-6.252001065935739454e-01,-5.434374332611503489e-01,1.805214280282887884e+00,3.972455846558110792e+00,1.497111795480348118e+00,-1.167973639343028509e+02,-2.570178932723097773e+02,-9.686313316757852476e+01
2.950978219999888097e+01,-2.426044766475074610e+00,8.283715453551524499e-01,0.000000000000000000e+00,1.522760801339192708e-06,-6.252001065935739454e-01,-5.434374332611503489e-01,1.783575450282382402e+00,3.978538258786727511e+00,1.545229595610924100e+00,-1.153973316332701415e+02,-2.574114253435012643e+02,-9.997635483602680040e+01
2.961750909999864234e+01,-2.426044766475074610e+00,8.283715453551524499e-01,0.000000000000000000e+00,7.822598950907305771e-07,-6.252001065935739454e-01,-5.434374332611503489e-01,1.762006326335432416e+00,3.983866816912404296e+00,1.593940165642324658e+00,-1.140018093139024842e+02,-2.577561830542325652e+02,-1.031279287170584098e+02
2.972641959999964456e+01,-2.426044766475074610e+00,8.283715453551524499e-01,0.000000000000000000e+00,4.132489240160738654e-07,-6.252001065935739454e-01,-5.434374332611503489e-01,1.740510314456747087e+00,3.988439230163676186e+00,1.643201029233161581e+00,-1.126110173453515415e+02,-2.580520181915898661e+02,-1.063151065913855575e+02
2.983609509999951115e+01,-2.425948708476142635e+00,8.279554382558241832e-01,0.000000000000000000e+00,-1.815751483028745904e-03,-6.248338782764492061e-01,-5.432244768927532164e-01,1.719090809115792373e+00,3.992253532839210806e+00,1.692969230177861828e+00,-1.112251753497917690e+02,-2.582988035746969331e+02,-1.095351091925076616e+02
2.994855490000009013e+01,-2.425650842283490594e+00,8.275590162903294633e-01,0.000000000000000000e+00,-2.675956888664426069e-03,-6.243729517169346321e-01,-5.431503867325331303e-01,1.697751192700762024e+00,3.995308085152876387e+00,1.743201369865159833e+00,-1.098445021677393072e+02,-2.584964331093910914e+02,-1.127851286302758496e+02
3.005331730000034440e+01,-2.425460981269943250e+00,8.271468496584835073e-01,0.000000000000000000e+00,-3.152060153477134145e-03,-6.239588991470290669e-01,-5.429983453705743424e-01,1.676494834984467941e+00,3.997601573938686315e+00,1.793853645122283069e+00,-1.084692158234950767e+02,-2.586448218338330207e+02,-1.160623308394117146e+02
3.016187499999978172e+01,-2.425332832241385184e+00,8.267766742596299734e-01,0.000000000000000000e+00,-3.336714933722170935e-03,-6.236100983437458112e-01,-5.428352552510917750e-01,1.655325092592202729e+00,3.999133013215342203e+00,1.844881886412019556e+00,-1.070995334907155154e+02,-2.587439059550326306e+02,-1.193638580508576723e+02
3.026912839999931748e+01,-2.425170005408059382e+00,8.265062169563377470e-01,0.000000000000000000e+00,-2.933594019113665383e-03,-6.233177339155997476e-01,-5.427591816393330104e-01,1.634245308471697911e+00,3.999901744610107279e+00,1.896241596349161451e+00,-1.057356714581188584e+02,-2.587936428762739638e+02,-1.226868312837907524e+02
3.037822699999924225e+01,-2.425004964856154022e+00,8.262365830107255560e-01,0.000000000000000000e+00,-2.725021627371578513e-03,-6.230248303049857883e-01,-5.426849472103343341e-01,1.613258811365231971e+00,3.999907437641845309e+00,1.947887988502929879e+00,-1.043778450953305139e+02,-2.587940112154274175e+02,-1.260283528561395627e+02
3.048976039999979548e+01,-2.424843022170636520e+00,8.259677207616480388e-01,0.000000000000000000e+00,-2.609361799512298526e-03,-6.227342309304482182e-01,-5.426092087014878773e-01,1.592368915283979725e+00,3.999150089863095836e+00,1.999776026451390409e+00,-1.030262688188734899e+02,-2.587450108141422902e+02,-1.293855089114049690e+02
3.059736700000030396e+01,-2.424780776435675911e+00,8.258711877979019178e-01,0.000000000000000000e+00,-1.766426264785192013e-03,-6.226276780175180603e-01,-5.425845495415726472e-01,1.571578918984696038e+00,3.997630026861126229e+00,2.051860463053863270e+00,-1.016811560583098384e+02,-2.586466627379148804e+02,-1.327553719595849486e+02
3.070552909999969415e+01,-2.424618278642087787e+00,8.255999809162858361e-01,0.000000000000000000e+00,-2.117751285173197738e-03,-6.223350659805730878e-01,-5.425075060678213879e-01,1.550892105448802294e+00,3.995347902117960981e+00,2.104095879907147637e+00,-1.003427192225375109e+02,-2.584990092670320792e+02,-1.361350034299924516e+02
3.081302919999870937e+01,-2.424481948738743231e+00,8.254749255108140282e-01,0.000000000000000000e+00,-1.668146476776080330e-03,-6.221668449739199414e-01,-5.425101562756980966e-01,1.530311741363964861e+00,3.992304696729445990e+00,2.156436726950992977e+00,-9.901116966624853433e+01,-2.583021138783951756e+02,-1.395214562337292534e+02
3.092171359999883862e+01,-2.424481948738743231e+00,8.254749255108140282e-01,0.000000000000000000e+00,-8.802132852945131897e-04,-6.221668449739199414e-01,-5.425101562756980966e-01,1.509841076608248400e+00,3.988501718983470834e+00,2.208837362188473818e+00,-9.768671765655368233e+01,-2.580560612182305817e+02,-1.429117773335942729e+02
3.103160399999978836e+01,-2.424481948738743231e+00,8.254749255108140282e-01,0.000000000000000000e+00,-4.618836887661855882e-04,-6.221668449739199414e-01,-5.425101562756980966e-01,1.489483343736920151e+00,3.983940603797530677e+00,2.261252091486471105e+00,-9.636957233977874182e+01,-2.577609570657002678e+02,-1.463030103191746889e+02
3.114616949999981443e+01,-2.424481948738743231e+00,8.254749255108140282e-01,0.000000000000000000e+00,-2.408137010393879849e-04,-6.221668449739199414e-01,-5.425101562756980966e-01,1.469241757471996035e+00,3.978623312015866720e+00,2.313635208421617406e+00,-9.505994170843814572e+01,-2.574169282874265718e+02,-1.496921979848786464e+02
3.125292699999954493e+01,-2.424481948738743231e+00,8.254749255108140282e-01,0.000000000000000000e+00,-1.230663659657067039e-04,-6.221668449739199414e-01,-5.425101562756980966e-01,1.449119514194594061e+00,3.972552129566490731e+00,2.365941034137018839e+00,-9.375803256839023447e+01,-2.570241227829519630e+02,-1.530763849086651192e+02
3.135643639999943844e+01,-2.424481948738743231e+00,8.254749255108140282e-01,0.000000000000000000e+00,-6.534745975245113947e-05,-6.221668449739199414e-01,-5.425101562756980966e-01,1.429119791440191634e+00,3.965729666478454263e+00,2.418123957174850958e+00,-9.246405050618039922e+01,-2.565827094211559825e+02,-1.564526200292128522e+02
3.146170389999861072e+01,-2.424481948738743231e+00,8.254749255108140282e-01,0.000000000000000000e+00,-3.511870903178363504e-05,-6.221668449739199414e-01,-5.425101562756980966e-01,1.409245747396858706e+00,3.958158855759787986e+00,2.470138473250270028e+00,-9.117819985657676796e+01,-2.560928779676582963e+02,-1.598179592192924758e+02
3.157155739999871003e+01,-2.424481948738743231e+00,8.254749255108140282e-01,0.000000000000000000e+00,-1.865361439824799212e-05,-6.221668449739199414e-01,-5.425101562756980966e-01,1.389500520406534267e+00,3.949842952136580987e+00,2.521939224931807555e+00,-8.990068367030276875e+01,-2.555548390032367934e+02,-1.631694678530879514e+02
3.167858659999910742e+01,-2.424481948738743231e+00,8.254749255108140282e-01,0.000000000000000000e+00,-9.751777471590940662e-06,-6.221668449739199414e-01,-5.425101562756980966e-01,1.369887228469455209e+00,3.940785530653766244e+00,2.573481041193707242e+00,-8.863170368197376092e+01,-2.549688238332986998e+02,-1.665042233652328605e+02
3.178737089999958698e+01,-2.424481948738743231e+00,8.254749255108140282e-01,0.000000000000000000e+00,-5.133915026790331892e-06,-6.221668449739199414e-01,-5.425101562756980966e-01,1.350408968751782179e+00,3.930990485138189605e+00,2.624718976805773263e+00,-8.737146027824030625e+01,-2.543350843884408903e+02,-1.698193177993335325e+02
3.189962550000018382e+01,-2.424481948738743231e+00,8.254749255108140282e-01,0.000000000000000000e+00,-2.700814375176481635e-06,-6.221668449739199414e-01,-5.425101562756980966e-01,1.331068817096524137e+00,3.920462026524635490e+00,2.675608351526230333e+00,-8.612015246614511454e+01,-2.536538931161439336e+02,-1.731118603437471108e+02
3.200795049999942421e+01,-2.424481948738743231e+00,8.254749255108140282e-01,0.000000000000000000e+00,-1.395036137420654872e-06,-6.221668449739199414e-01,-5.425101562756980966e-01,1.311869827537825550e+00,3.909204681045528318e+00,2.726104789063608536e+00,-8.487797784169731585e+01,-2.529255428636456884e+02,-1.763789798524154833e+02
3.211596909999934724e+01,-2.424481948738743231e+00,8.254749255108140282e-01,0.000000000000000000e+00,-7.332322857823610675e-07,-6.221668449739199414e-01,-5.425101562756980966e-01,1.292815031818699500e+00,3.897223288285082354e+00,2.776164255773481138e+00,-8.364513255866985730e+01,-2.521503467520448396e+02,-1.796178273485442389e+02
3.222697580000021844e+01,-2.424481948738743231e+00,8.254749255108140282e-01,0.000000000000000000e+00,-3.860116183332724120e-07,-6.221668449739199414e-01,-5.425101562756980966e-01,1.273907438912280865e+00,3.884522999098745100e+00,2.825743099056496899e+00,-8.242181129762457203e+01,-2.513286380416888051e+02,-1.828255785089553456e+02
3.234069499999895925e+01,-2.424481948738743231e+00,8.254749255108140282e-01,0.000000000000000000e+00,-2.001341714054548416e-07,-6.221668449739199414e-01,-5.425101562756980966e-01,1.255150034546672178e+00,3.871109273398818829e+00,2.874798085424080885e+00,-8.120820723516969508e+01,-2.504607699889035928e+02,-1.859994361269380363e+02
3.246217499999875145e+01,-2.424793661033917136e+00,8.248945942087491101e-01,0.000000000000000000e+00,-2.480070717998625416e-03,-6.218984027679902438e-01,-5.419349298480763411e-01,1.236545780733465882e+00,3.856987877807219967e+00,2.923286438198660964e+00,-8.000451201345524055e+01,-2.495471156941271431e+02,-1.891366325514533742e+02
3.256982359999892651e+01,-2.424731500667228978e+00,8.244310241993305644e-01,0.000000000000000000e+00,-3.157469658690372199e-03,-6.215152423676573168e-01,-5.416690107132114962e-01,1.218097615300007375e+00,3.842164883176383050e+00,2.971165874815606234e+00,-7.881091570991047490e+01,-2.485880679415119801e+02,-1.922344321005697338e+02
3.268178559999978461e+01,-2.424731500667228978e+00,8.244310241993305644e-01,0.000000000000000000e+00,-1.666567080927998986e-03,-6.215152423676573168e-01,-5.416690107132114962e-01,1.199808451425474320e+00,3.826646661979367980e+00,3.018394643694207069e+00,-7.762760680722819018e+01,-2.475840390300651279e+02,-1.952901334470151937e+02
3.278949319999992440e+01,-2.433746109496726096e+00,8.071792507449921938e-01,0.000000000000000000e+00,-7.500551036004841909e-02,-6.132655843418969299e-01,-5.248272724383125087e-01,1.181681177180859965e+00,3.810439885570318985e+00,3.064931560645714814e+00,-7.645477216360164618e+01,-2.465354605963996448e+02,-1.983010719737777663e+02
3.289770239999961632e+01,-2.460964045729135297e+00,7.606387797884966995e-01,0.000000000000000000e+00,-2.414881682674760999e-01,-5.911511938444492520e-01,-4.786560553616924230e-01,1.163718655072903729e+00,3.793551521316399722e+00,3.110736044786548415e+00,-7.529259698321686756e+01,-2.454427834291710724e+02,-2.012646220976896814e+02
3.300643579999996291e+01,-2.467610907608531079e+00,7.483669640723482619e-01,0.000000000000000000e+00,-1.810831055830155467e-01,-5.847311769223300093e-01,-4.670573451407120102e-01,1.145923721592074784e+00,3.775988829602504815e+00,3.155768153925412545e+00,-7.414126478700724476e+01,-2.443064772752820772e+02,-2.041781995589741996e+02
3.311340629999904195e+01,-2.467889636190952807e+00,7.481816407362020804e-01,0.000000000000000000e+00,-9.585619438355781619e-02,-5.847165031425560766e-01,-4.667787254015081100e-01,1.128299186764656570e+00,3.757759360709981511e+00,3.199988619393520750e+00,-7.300095738367328124e+01,-2.431270306379358033e+02,-2.070392636747608037e+02
3.322066629999972065e+01,-2.467889636190952807e+00,7.481816407362020804e-01,0.000000000000000000e+00,-5.064940532402381623e-02,-5.847165031425560766e-01,-4.667787254015081100e-01,1.110847833709006416e+00,3.738870951570731016e+00,3.243358880287415147e+00,-7.187185484097271626e+01,-2.419049505666262974e+02,-2.098453195545957612e+02
3.332786379999924975e+01,-2.467889636190952807e+00,7.481816407362020804e-01,0.000000000000000000e+00,-2.674926838659666059e-02,-5.847165031425560766e-01,-4.667787254015081100e-01,1.093572418196075535e+00,3.719331722398073747e+00,3.285841117094684627e+00,-7.075413545728609677e+01,-2.406407624391553952e+02,-2.125939202760260969e+02
3.343621429999984684e+01,-2.467889636190952807e+00,7.481816407362020804e-01,0.000000000000000000e+00,-1.413615473909160709e-02,-5.847165031425560766e-01,-4.667787254015081100e-01,1.076475668214235792e+00,3.699150073195833777e+00,3.327398284673127371e+00,-6.964797573346105253e+01,-2.393350097357704556e+02,-2.152826690183513563e+02
3.354357949999939592e+01,-2.467889636190952807e+00,7.481816407362020804e-01,0.000000000000000000e+00,-7.415710424881601960e-03,-5.847165031425560766e-01,-4.667787254015081100e-01,1.059560283538501624e+00,3.678334680147139935e+00,3.367994144554653069e+00,-6.855355034494105837e+01,-2.379882538055199745e+02,-2.179092211526860581e+02
3.365075729999989562e+01,-2.467889636190952807e+00,7.481816407362020804e-01,0.000000000000000000e+00,-3.918445537079897484e-03,-5.847165031425560766e-01,-4.667787254015081100e-01,1.042828935304203286e+00,3.656894491884492560e+00,3.407593296545780248e+00,-6.747103211418195201e+01,-2.366010736249266699e+02,-2.204712862865119973e+02
3.375988320000033127e+01,-2.467889636190952807e+00,7.481816407362020804e-01,0.000000000000000000e+00,-2.068744698841284719e-03,-5.847165031425560766e-01,-4.667787254015081100e-01,1.026284265585181377e+00,3.634838725642707491e+00,3.446161209597137010e+00,-6.640059198336123814e+01,-2.351740655490831955e+02,-2.229666302609347781e+02
3.386744899999939662e+01,-2.467889636190952807e+00,7.481816407362020804e-01,0.000000000000000000e+00,-1.082306816391508325e-03,-5.847165031425560766e-01,-4.667787254015081100e-01,1.009928886976577678e+00,3.612176863296386209e+00,3.483664251915041810e+00,-6.534239898738458407e+01,-2.337078430552761859e+02,-2.253930770989032055e+02
3.398210979999930714e+01,-2.467889636190952807e+00,7.481816407362020804e-01,0.000000000000000000e+00,-5.700819807759055372e-04,-5.847165031425560766e-01,-4.667787254015081100e-01,9.937653821822705069e-01,3.588918647283604102e+00,3.520069720288912851e+00,-6.429662022719290349e+01,-2.322030364792491923e+02,-2.277485109026926580e+02
3.408951600000000326e+01,-2.467889636190952807e+00,7.481816407362020804e-01,0.000000000000000000e+00,-2.919143571905865675e-04,-5.847165031425560766e-01,-4.667787254015081100e-01,9.777963036070420610e-01,3.565074076417611870e+00,3.555345868608987381e+00,-6.326342084337562710e+01,-2.306602927442195039e+02,-2.300308776990015076e+02
3.420018720000007306e+01,-2.467889636190952807e+00,7.481816407362020804e-01,0.000000000000000000e+00,-1.543696150906843445e-04,-5.847165031425560766e-01,-4.667787254015081100e-01,9.620241729535181641e-01,3.540653401588285121e+00,3.589461935549365101e+00,-6.224296399009262615e+01,-2.290802750827620571e+02,-2.322381872300439341e+02
3.431337369999891962e+01,-2.467889636190952807e+00,7.481816407362020804e-01,0.000000000000000000e+00,-8.012603393565221948e-05,-5.847165031425560766e-01,-4.667787254015081100e-01,9.464514808239650190e-01,3.515667121355216196e+00,3.622388171392371348e+00,-6.123541080931053671e+01,-2.274636627516825058e+02,-2.343685146890864246e+02
3.442495330000019749e+01,-2.467889636190952807e+00,7.481816407362020804e-01,0.000000000000000000e+00,-4.126267774491023456e-05,-5.847165031425560766e-01,-4.667787254015081100e-01,9.310806863269946998e-01,3.490125977434349380e+00,3.654095863970741931e+00,-6.024092040535656167e+01,-2.258111507400024038e+02,-2.364200023989070019e+02
3.453330249999999069e+01,-2.467889636190952807e+00,7.481816407362020804e-01,0.000000000000000000e+00,-2.135305431413596979e-05,-5.847165031425560766e-01,-4.667787254015081100e-01,9.159142166892413339e-01,3.464040950080061521e+00,3.684557363705045496e+00,-5.925964981979391411e+01,-2.241234494701799917e+02,-2.383908614317164449e+02
3.464672609999979613e+01,-2.467889636190952807e+00,7.481816407362020804e-01,0.000000000000000000e+00,-1.125938815029940130e-05,-5.847165031425560766e-01,-4.667787254015081100e-01,9.009544668720759208e-01,3.437423253364698894e+00,3.713746107714559042e+00,-5.829175400662331441e+01,-2.224012844926960213e+02,-2.402793731691319863e+02
3.475794969999878958e+01,-2.467889636190952807e+00,7.481816407362020804e-01,0.000000000000000000e+00,-5.775513765419581872e-06,-5.847165031425560766e-01,-4.667787254015081100e-01,8.862037991934152981e-01,3.410284330357597149e+00,3.741636642980462391e+00,-5.733738580781397332e+01,-2.206453961741365504e+02,-2.420838908008359169e+02
3.486855929999910586e+01,-2.465628445738171859e+00,7.461493455617801418e-01,0.000000000000000000e+00,-8.784342945975305572e-03,-5.820741319112027190e-01,-4.668281812852481671e-01,8.716645429546800994e-01,3.382635848205655993e+00,3.768204648541276569e+00,-5.639669592916780516e+01,-2.188565393789059499e+02,-2.438028407606205974e+02
3.497239970000009635e+01,-2.451657597593517313e+00,7.299722958994181443e-01,0.000000000000000000e+00,-7.434925549092688546e-02,-5.630183996075489583e-01,-4.646179446427161630e-01,8.573389940729740921e-01,3.354489693117577165e+00,3.793426956701080321e+00,-5.546983291652142611e+01,-2.170354831447072570e+02,-2.454347240985599115e+02
3.508013679999930901e+01,-2.427415798403696812e+00,6.939212389238059719e-01,0.000000000000000000e+00,-1.991512778046655996e-01,-5.243495470281914761e-01,-4.545153884753300733e-01,8.432294147185332989e-01,3.325857965253929294e+00,3.817281573232105263e+00,-5.455694313228910630e+01,-2.151830103519292265e+02,-2.469781177881172312e+02
3.518753680000008899e+01,-2.445122536006470781e+00,5.625192378417841477e-01,0.000000000000000000e+00,-6.825202195835915475e-01,-4.315149370896833592e-01,-3.608638967957148447e-01,8.293380329575010812e-01,3.296752973525234331e+00,3.839747696554020706e+00,-5.365817073235032098e+01,-2.132999173870826723e+02,-2.484316759670451518e+02
3.529647839999961434e+01,-2.455086781793347939e+00,3.592904742296664233e-01,0.000000000000000000e+00,-1.254000464094102263e+00,-2.778987665171141486e-01,-2.277321243049497124e-01,8.156670424000920239e-01,3.267187230300311107e+00,3.860805735873211741e+00,-5.277365764328595787e+01,-2.113870138004301396e+02,-2.497941311109968012e+02
3.540388340000026801e+01,-2.298259519497341419e+00,2.414881719951854078e-01,0.000000000000000000e+00,-1.148435745957954834e+00,-1.605841109113093912e-01,-1.803587550866342926e-01,8.022186018541945796e-01,3.237173446027151069e+00,3.880437328266262753e+00,-5.190354353996639247e+01,-2.094451219579566725e+02,-2.510642951388272195e+02
3.551144099999874015e+01,-1.885559150289016550e+00,1.827909781908569342e-01,0.000000000000000000e+00,-6.522400261295819845e-01,-5.659043367764698268e-02,-1.738104269718769579e-01,7.889948349844686515e-01,3.206724523768631929e+00,3.898625354692685896e+00,-5.104796582349512590e+01,-2.074750766878304944e+02,-2.522410604486167927e+02
3.562298670000018319e+01,-1.057700632766885640e+00,1.522107238980550392e-01,0.000000000000000000e+00,2.149663332944854732e-01,7.471669075106263103e-02,-1.326104090664832202e-01,7.759978299769987320e-01,3.175853553655444195e+00,3.915353954922977664e+00,-5.020705959951182251e+01,-2.054777249215072459e+02,-2.533234008835166549e+02
3.573028049999993527e+01,-1.124732680267195306e-01,1.975723535357734040e-01,0.000000000000000000e+00,1.014289619653379271e+00,1.963240019121094415e-01,-2.217478646748769627e-02,7.632296392095403448e-01,3.144573807258573162e+00,3.930608541368986408e+00,-4.938095765685726235e+01,-2.034539253296296977e+02,-2.543103726265734394e+02
3.583752639999875100e+01,2.134532642008646341e-01,2.999037579837521839e-01,0.000000000000000000e+00,1.136052664227350739e+00,2.930975074330102736e-01,6.353042727176877458e-02,7.506922789274317331e-01,3.112898731883802839e+00,3.944375811804491150e+00,-4.856979044660483424e+01,-2.014045479528820408e+02,-2.552011150237505888e+02
3.594463699999869277e+01,2.899972080590922374e-01,3.857835603427287041e-01,0.000000000000000000e+00,9.996985980004509109e-01,3.696750419652868325e-01,1.103146353784265621e-01,7.383877289251983278e-01,3.080841944790644327e+00,3.956643760964954737e+00,-4.777368606146033159e+01,-1.993304738279547053e+02,-2.559948513344325818e+02
3.605323599999974249e+01,2.765636700803142389e-01,4.186515489761008513e-01,0.000000000000000000e+00,6.706676239628167613e-01,4.027425436904827905e-01,1.143134417372171918e-01,7.263179322339230470e-01,3.048417227338213298e+00,3.967401691016285703e+00,-4.699277021553482570e+01,-1.972325946087824207e+02,-2.566908894087537192e+02
3.616569770000023709e+01,2.754826773535818951e-01,4.199043874236998430e-01,0.000000000000000000e+00,3.561174995984832115e-01,4.040714792951715650e-01,1.142187996692503593e-01,7.144847948144217309e-01,3.015638519060575007e+00,3.976640220883506771e+00,-4.622716622449308943e+01,-1.951118121832192003e+02,-2.572886222911628806e+02
3.628027920000022277e+01,2.755036320459880450e-01,4.196721583541418443e-01,0.000000000000000000e+00,1.834121012062477352e-01,4.038456144664105407e-01,1.141640931898958156e-01,7.028901852562670083e-01,2.982519911674063717e+00,3.984351294431198287e+00,-4.547699498608047719e+01,-1.929690382853119388e+02,-2.577875287496985379e+02
3.638761759999943024e+01,2.752032191701454522e-01,4.194384442695278103e-01,0.000000000000000000e+00,9.272873631530162419e-02,4.036549731840821109e-01,1.139792575646979139e-01,6.915359344827167742e-01,2.949075643019192228e+00,3.990528187488561862e+00,-4.474237496103177847e+01,-1.908051941033417336e+02,-2.581871737305099828e+02
3.649472529999911785e+01,2.748441014141822514e-01,4.189682413598765365e-01,0.000000000000000000e+00,4.701134441853001278e-02,4.032433241013949066e-01,1.137066789412352064e-01,6.804238354615923523e-01,2.915320090939739650e+00,3.995165513712999328e+00,-4.402342215436502926e+01,-1.886212098838011570e+02,-2.584872087372310716e+02
3.660550320000038482e+01,2.748517397166763132e-01,4.188146794502154435e-01,0.000000000000000000e+00,2.413167637760455300e-02,4.030946575316478042e-01,1.136680816783246922e-01,6.695556429221423134e-01,2.881267767101650001e+00,3.998259229287088878e+00,-4.332025009706261187e+01,-1.864180245314767603e+02,-2.586873721348746358e+02
3.671010969999952067e+01,2.747107013887397642e-01,4.185974554997770603e-01,0.000000000000000000e+00,1.159642508966981025e-02,4.029016062192397052e-01,1.135523027368647159e-01,6.589330730779578982e-01,2.846933310754402147e+00,3.999806636444844798e+00,-4.263296982814387803e+01,-1.841965852058098392e+02,-2.587874893779814442e+02
3.681398489999992307e+01,2.746989066680765035e-01,4.184876202108676613e-01,0.000000000000000000e+00,5.725574208464381809e-03,4.027972282838227502e-01,1.135177570101937872e-01,6.485578033559584732e-01,2.812331482437527619e+00,3.999806385824215660e+00,-4.196168987713051735e+01,-1.819578469137080390e+02,-2.587874731628267568e+02
3.692197080000005371e+01,2.746742870065488340e-01,4.184355105855541157e-01,0.000000000000000000e+00,2.835348028362889850e-03,4.027498667078167616e-01,1.134937063710106248e-01,6.384314721315067498e-01,2.777477157634988814e+00,3.998258477643746645e+00,-4.130651624690848678e+01,-1.797027720989837860e+02,-2.586873235035504308e+02
3.703226349999931699e+01,2.743476424907020927e-01,4.179426534181259201e-01,0.000000000000000000e+00,-6.671320032404421708e-04,4.023124919545522094e-01,1.132286198957758727e-01,6.285556784696912924e-01,2.742385320380143376e+00,3.995164261702388586e+00,-4.066755239698903068e+01,-1.774323302285952764e+02,-2.584871277321445291e+02
3.713915079999969748e+01,2.744002533326432292e-01,4.178701839647732119e-01,0.000000000000000000e+00,-6.637768074857109280e-04,4.022367761269998176e-01,1.132301487136320867e-01,6.189319818728149514e-01,2.707071056814026377e+00,3.990526436202452842e+00,-4.004489922717112904e+01,-1.751474973758675162e+02,-2.581870604222987140e+02
3.724901349999890954e+01,2.740801773253297435e-01,4.177925562444439467e-01,0.000000000000000000e+00,-6.906429025450855352e-04,4.021982675440441968e-01,1.130803857343805757e-01,6.095619020341322969e-01,2.671549548699769794e+00,3.984349045396740507e+00,-3.943865506160835821e+01,-1.728492558008751132e+02,-2.577873832371691378e+02
3.735945480000009411e+01,2.742091161072943706e-01,4.177252571294268191e-01,0.000000000000000000e+00,-6.562178957758530795e-04,4.021188989564573046e-01,1.131140201119747585e-01,6.004469185978709156e-01,2.635836066895879348e+00,3.976637476061891441e+00,-3.884891563328225317e+01,-1.705385935281634033e+02,-2.572884447012044120e+02
3.747023259999878064e+01,2.741439937528409310e-01,4.176871440648778355e-01,0.000000000000000000e+00,-5.039308537759761139e-04,4.020895745356208861e-01,1.130775148596634694e-01,5.915884709255796459e-01,2.599945964791223307e+00,3.967398452801036868e+00,-3.827577406888500633e+01,-1.682165039219921425e+02,-2.566906798962270955e+02
3.757723470000019006e+01,2.745460422907433085e-01,4.165269367707456483e-01,0.000000000000000000e+00,-5.318821053614627981e-03,4.009273237508427790e-01,1.129246214322086744e-01,5.829879578688370589e-01,2.563894671704556316e+00,3.956640032179846056e+00,-3.771932087411376244e+01,-1.658839852592847990e+02,-2.559946100820360471e+02
3.769032059999881312e+01,2.703171627066450755e-01,4.220222173165227852e-01,0.000000000000000000e+00,2.142563837307455074e-02,4.066970082878937909e-01,1.126955871293602168e-01,5.746467375483539364e-01,2.527697686251352938e+00,3.944371595701077648e+00,-3.717964391937849911e+01,-1.635420403004625314e+02,-2.552008422418597320e+02
3.779775169999993523e+01,2.603507588676343687e-01,4.353819456350846440e-01,0.000000000000000000e+00,6.832274049559024232e-02,4.207094632210066076e-01,1.120758053340873972e-01,5.665661271395137089e-01,2.491370569680914304e+00,3.930603841623771189e+00,-3.665682842592654112e+01,-1.611916758583551541e+02,-2.543100685530580165e+02
3.790514559999974153e+01,2.486999263697677320e-01,4.638599953012613741e-01,0.000000000000000000e+00,1.615929105891906470e-01,4.495885290095357201e-01,1.141763978409203184e-01,5.587474026643735048e-01,2.454928939186499015e+00,3.915348775634212242e+00,-3.615095695238496631e+01,-1.588339023653664981e+02,-2.533230657835335364e+02
3.801412309999977879e+01,2.333781691358782218e-01,5.013295486244885302e-01,0.000000000000000000e+00,2.508606569802367403e-01,4.877388525282757570e-01,1.159401917301945556e-01,5.511917987901655547e-01,2.418388461191424810e+00,3.898619700376783292e+00,-3.566210938172370959e+01,-1.564697334390851893e+02,-2.522406946143779010e+02
3.812112949999936973e+01,2.251795301888179779e-01,5.197097350531852955e-01,0.000000000000000000e+00,2.120365863144008656e-01,5.065891623281837397e-01,1.160414982697187125e-01,5.439005086343291495e-01,2.381764844614004950e+00,3.880431203853873967e+00,-3.519036290864109873e+01,-1.541001854465261260e+02,-2.510638988893456656e+02
3.822862709999935760e+01,2.213323687616362001e-01,5.284400286755159826e-01,0.000000000000000000e+00,1.503363904003629792e-01,5.155491679588408704e-01,1.160082726512510903e-01,5.368746835761026848e-01,2.345073834114195677e+00,3.860799146704914087e+00,-3.473579202737384719e+01,-1.517262770671884766e+02,-2.497937047918079543e+02
3.834239859999979672e+01,2.645869726272969125e-01,5.547998105050324646e-01,0.000000000000000000e+00,1.962157211574892257e-01,5.354931067930307487e-01,1.450860514093883502e-01,5.301154330747084309e-01,2.308331203324926140e+00,3.839740648375663312e+00,-3.429846851993363543e+01,-1.493490288551227252e+02,-2.484312199499054259e+02
3.845165610000003653e+01,3.026689351577998011e-01,5.818333976772952498e-01,0.000000000000000000e+00,2.198637225963709640e-01,5.553857901098908645e-01,1.734264305021524510e-01,5.236238244941575637e-01,2.271552748070913008e+00,3.817274072189810852e+00,-3.387846144477199317e+01,-1.469694628001880687e+02,-2.469776324706807600e+02
3.855874649999896064e+01,3.040519369989596044e-01,5.945878851672651288e-01,0.000000000000000000e+00,1.711489874544238343e-01,5.673148646904435655e-01,1.780129138263416566e-01,5.174008829346972149e-01,2.234754279577974678e+00,3.793419009335863290e+00,-3.347583712587491078e+01,-1.445886018886949671e+02,-2.454342099040303538e+02
3.866792539999914879e+01,2.983969120264737818e-01,6.124669788945263926e-01,0.000000000000000000e+00,1.690709757652159306e-01,5.854014544623078464e-01,1.800581499116403195e-01,5.114475910709388451e-01,2.197951617675717895e+00,3.768196261783360423e+00,-3.309065914228974492e+01,-1.422074696636189515e+02,-2.438022981373834170e+02
3.877519849999953294e+01,2.941740382385518160e-01,6.257890740491095505e-01,0.000000000000000000e+00,1.465298654170189008e-01,5.989063994220201748e-01,1.814472097624914015e-01,5.057648889966797068e-01,2.161160583996503792e+00,3.741627824143227699e+00,-3.272298831808517861e+01,-1.398270897845738148e+02,-2.420833202220668454e+02
3.888294609999866225e+01,2.913926497570562546e-01,6.370116781667350958e-01,0.000000000000000000e+00,1.266530589916018967e-01,6.101582693893232712e-01,1.830048207469578969e-01,5.003536740764535917e-01,2.124396995173678082e+00,3.713736864488156986e+00,-3.237288271274655216e+01,-1.374484855877369682e+02,-2.402787751323837711e+02
3.899466190000021015e+01,2.894350807953509630e-01,6.416893686482761927e-01,0.000000000000000000e+00,8.718960839729933410e-02,6.149984678051990672e-01,1.831451075881657675e-01,4.952148008038255167e-01,2.087676656041913326e+00,3.684547704149713443e+00,-3.204039761200751002e+01,-1.350726796459117907e+02,-2.383902364584864699e+02
3.910226229999898351e+01,2.896557691563592662e-01,6.411315804864836654e-01,0.000000000000000000e+00,4.283437948201417739e-02,6.144234828723774688e-01,1.831215093648850822e-01,4.903490806664565493e-01,2.051015352842643136e+00,3.654085796509748185e+00,-3.172558551911973979e+01,-1.327006933289190158e+02,-2.364193510341807212e+02
3.920939499999985856e+01,2.898100521655280204e-01,6.407530714637358349e-01,0.000000000000000000e+00,2.091964353358901144e-02,6.140324985169148819e-01,1.831081356884128319e-01,4.857572820179620887e-01,2.014428846437484211e+00,3.622377704804700116e+00,-3.142849614656214996e+01,-1.303335463645052243e+02,-2.343678375008641126e+02
3.932162690000041039e+01,2.900313566023724476e-01,6.401953311046436612e-01,0.000000000000000000e+00,8.585790864885294721e-03,6.134575145560839937e-01,1.830845154644606676e-01,4.814401299565775894e-01,1.977932865532569195e+00,3.589451078962032415e+00,-3.114917640819056999e+01,-1.279722563999572316e+02,-2.322374848088435044e+02
3.942998479999914707e+01,2.900238474975309622e-01,6.398728825001206433e-01,0.000000000000000000e+00,3.039174627310731961e-03,6.131499071381021349e-01,1.829876966780825120e-01,4.773983062106605946e-01,1.941543099916705595e+00,3.555334631489094566e+00,-3.088767041182974182e+01,-1.256178385646108637e+02,-2.300301506573444215e+02
3.953718649999973422e+01,2.900931674609479316e-01,6.395911817128482335e-01,0.000000000000000000e+00,3.648967223355458400e-04,6.128672904164573776e-01,1.829496216515011375e-01,4.736324490310341861e-01,1.905275193716263304e+00,3.520058112435399345e+00,-3.064401945230791213e+01,-1.232713050334422462e+02,-2.277477598745703347e+02
3.964946260000033362e+01,2.903288351319792682e-01,6.392206619607638807e-01,0.000000000000000000e+00,-1.438960118824330562e-03,6.124691446629086933e-01,1.829879818825330406e-01,4.701431530902027145e-01,1.869144738669692885e+00,3.483652283450128451e+00,-3.041826200493611765e+01,-1.209336645919291300e+02,-2.253923027392233109e+02
3.975668299999961164e+01,2.903136621115809390e-01,6.390350637799041555e-01,0.000000000000000000e+00,-1.540975453248234284e-03,6.122940894081644325e-01,1.829255608601840222e-01,4.669309693884440282e-01,1.833167267424569591e+00,3.446148890957507760e+00,-3.021043371943233069e+01,-1.186059222023696549e+02,-2.229658332449507725e+02
3.986839519999921322e+01,2.903136621115809390e-01,6.390350637799041555e-01,0.000000000000000000e+00,-8.141398711682480737e-04,6.122940894081644325e-01,1.829255608601840222e-01,4.639964051668019618e-01,1.797358246860024655e+00,3.407580638473463264e+00,-3.002056741429208842e+01,-1.162890785718436035e+02,-2.204704673092330722e+02
3.997860620000028575e+01,2.903136621115809390e-01,6.390350637799041555e-01,0.000000000000000000e+00,-4.208055549035758414e-04,6.122940894081644325e-01,1.829255608601840222e-01,4.613399238269850766e-01,1.761733071437479037e+00,3.367981158087680171e+00,-2.984869307160593621e+01,-1.139841297220048943e+02,-2.179083809282729192e+02
4.008870749999914551e+01,2.903136621115809390e-01,6.390350637799041555e-01,0.000000000000000000e+00,-2.198441684698953873e-04,6.122940894081644325e-01,1.829255608601840222e-01,4.589619448581920835e-01,1.726307056582493615e+00,3.327384981135890207e+00,-2.969483783232502816e+01,-1.116920665608873406e+02,-2.152818082794921111e+02
4.020293940000010480e+01,2.903136621115809390e-01,6.390350637799041555e-01,0.000000000000000000e+00,-1.143666089214091542e-04,6.122940894081644325e-01,1.829255608601840222e-01,4.568628437708690537e-01,1.691095432100583329e+00,3.285827508088071003e+00,-2.955902599197522918e+01,-1.094138744569077488e+02,-2.125930397732982158e+02
4.031162810000023455e+01,2.903136621115809390e-01,6.390350637799041555e-01,0.000000000000000000e+00,-5.867328816633258490e-05,6.122940894081644325e-01,1.829255608601840222e-01,4.550429520374104086e-01,1.656113335629868732e+00,3.243344977678676244e+00,-2.944127899682045424e+01,-1.071505328152525180e+02,-2.098444200558103603e+02
4.042860389999987092e+01,2.883842551145132105e-01,6.440054947984004130e-01,0.000000000000000000e+00,2.170651237985410029e-02,6.174110627118004624e-01,1.831574649628502638e-01,4.535025570398181216e-01,1.621375806133321218e+00,3.199974435305932730e+00,-2.934161544047623238e+01,-1.049030146568258886e+02,-2.070383459642938533e+02
4.053923749999921711e+01,2.852646009768120550e-01,6.519291177252783953e-01,0.000000000000000000e+00,4.428684187040005799e-02,6.255828526665302425e-01,1.834602654191536675e-01,4.522419020243191312e-01,1.586897777433463386e+00,3.155753700727721878e+00,-2.926005106097344921e+01,-1.026722861999450913e+02,-2.041772644370836076e+02
4.064371299999947951e+01,2.806215150346247356e-01,6.644484400328396489e-01,0.000000000000000000e+00,7.780698130292763859e-02,6.384575383177858443e-01,1.840209260580631390e-01,4.512611860629540672e-01,1.552694071792236397e+00,3.110721335082147210e+00,-2.919659873827312779e+01,-1.004593064449577042e+02,-2.012636703798149256e+02
4.075730779999867082e+01,2.765754528795225653e-01,6.797257660510533928e-01,0.000000000000000000e+00,1.097282223518663558e-01,6.538935999096879836e-01,1.856078582141400257e-01,4.505605640221426178e-01,1.518779393538846723e+00,3.064916607261694903e+00,-2.915126849223262795e+01,-9.826502676196338371e+01,-1.983001044898316820e+02
4.086525409999921976e+01,2.741334305526113013e-01,6.865095749337521980e-01,0.000000000000000000e+00,8.530212982544124745e-02,6.608754107356210605e-01,1.858469476766975992e-01,4.501401465382266487e-01,1.485168322748307901e+00,3.018379459670136100e+00,-2.912406748102326404e+01,-9.609039048181551834e+01,-1.952891510406578277e+02
4.097219789999871864e+01,2.738881496983522901e-01,6.873530381905686992e-01,0.000000000000000000e+00,4.870983600663950780e-02,6.617330000010913649e-01,1.859129791578872926e-01,4.500000000000001776e-01,1.451875308973398448e+00,2.971150473392173197e+00,-2.911500000000001265e+01,-9.393633249057887724e+01,-1.922334356284736145e+02
4.108314629999949830e+01,2.737425016801960931e-01,6.871688598120514468e-01,0.000000000000000000e+00,2.489785537814737798e-02,6.615827501756393891e-01,1.857668069527824151e-01,4.501401465382266487e-01,1.418914665032733780e+00,2.923270832806148078e+00,-2.912406748102326404e+01,-9.180377882761787589e+01,-1.891356228825577830e+02
4.119078239999907964e+01,2.738706347424764154e-01,6.870310318334682531e-01,0.000000000000000000e+00,1.236015814601358620e-02,6.614262505714882945e-01,1.858142991190473159e-01,4.505605640221428398e-01,1.386300560857619990e+00,2.874782289670610780e+00,-2.915126849223264216e+01,-8.969364628748802204e+01,-1.859984141416885279e+02
4.129843359999904351e+01,2.739516431798922902e-01,6.869315128225469413e-01,0.000000000000000000e+00,6.073312573500932489e-03,6.613153879932264223e-01,1.858409559597708482e-01,4.512611860629542893e-01,1.354047017400336728e+00,2.825727126716212290e+00,-2.919659873827314556e+01,-8.760684202580179658e+01,-1.828245450985389482e+02
4.141067979999934323e+01,2.739516431798922902e-01,6.869315128225469413e-01,0.000000000000000000e+00,3.202130376624970874e-03,6.613153879932264223e-01,1.858409559597708482e-01,4.522419020243191312e-01,1.322167900606466828e+00,2.776148120774495354e+00,-2.926005106097344921e+01,-8.554426316923840545e+01,-1.796167834141098467e+02
4.151799489999939397e+01,2.739516431798922902e-01,6.869315128225469413e-01,0.000000000000000000e+00,1.653008216496457778e-03,6.613153879932264223e-01,1.858409559597708482e-01,4.535025570398181216e-01,1.290676915453853546e+00,2.726088505475874779e+00,-2.934161544047623238e+01,-8.350679642986432327e+01,-1.763779263042891046e+02
4.162625159999879543e+01,2.739516431798922902e-01,6.869315128225469413e-01,0.000000000000000000e+00,8.703868365840289507e-04,6.613153879932264223e-01,1.858409559597708482e-01,4.550429520374104086e-01,1.259587600060783963e+00,2.675591933549290591e+00,-2.944127899682045424e+01,-8.149531772393272888e+01,-1.731107981006391014e+02
4.173009619999902498e+01,2.739516431798922902e-01,6.869315128225469413e-01,0.000000000000000000e+00,4.586436784698051379e-04,6.613153879932264223e-01,1.858409559597708482e-01,4.568628437708692758e-01,1.228913319865875042e+00,2.624702438756335798e+00,-2.955902599197524339e+01,-7.951069179532211706e+01,-1.698182477875349434e+02
4.183873800000037591e+01,2.739516431798922902e-01,6.869315128225469413e-01,0.000000000000000000e+00,2.463045370662583062e-04,6.613153879932264223e-01,1.858409559597708482e-01,4.589619448581925276e-01,1.198667261882227386e+00,2.573464397493208988e+00,-2.969483783232505658e+01,-7.755377184378011179e+01,-1.665031465178106203e+02
4.194447529999888502e+01,2.739516431798922902e-01,6.869315128225469413e-01,0.000000000000000000e+00,1.291445769004314064e-04,6.613153879932264223e-01,1.858409559597708482e-01,4.613399238269855207e-01,1.168862429028247885e+00,2.521922490093790881e+00,-2.984869307160596463e+01,-7.562539915812763525e+01,-1.631683851090682822e+02
4.204887889999918116e+01,2.739516431798922902e-01,6.869315128225469413e-01,0.000000000000000000e+00,6.866205811437508882e-05,6.613153879932264223e-01,1.858409559597708482e-01,4.639964051668019618e-01,1.139511634537652363e+00,2.470121661867774598e+00,-3.002056741429208842e+01,-7.372640275458610404e+01,-1.598168715228450196e+02
4.215219059999981255e+01,2.739516431798922902e-01,6.869315128225469413e-01,0.000000000000000000e+00,3.678728545075537771e-05,6.613153879932264223e-01,1.858409559597708482e-01,4.669309693884442503e-01,1.110627496450983465e+00,2.418107083907646171e+00,-3.021043371943234490e+01,-7.185759902037862901e+01,-1.564515283288247076e+02
4.225601850000020931e+01,2.739516431798922902e-01,6.869315128225469413e-01,0.000000000000000000e+00,1.977666619369164092e-05,6.613153879932264223e-01,1.858409559597708482e-01,4.701431530902029365e-01,1.082222432191073169e+00,2.365924113698838482e+00,-3.041826200493613186e+01,-7.001979136276243310e+01,-1.530752901563148498e+02
4.236588370000026771e+01,2.739516431798922902e-01,6.869315128225469413e-01,0.000000000000000000e+00,1.058353461722447313e-05,6.613153879932264223e-01,1.858409559597708482e-01,4.736324490310346302e-01,1.054308653224725001e+00,2.313618255567347681e+00,-3.064401945230794055e+01,-6.821376986363971184e+01,-1.496911011352073899e+02
4.247391690000040398e+01,2.739516431798922902e-01,6.869315128225469413e-01,0.000000000000000000e+00,5.518115821173539531e-06,6.613153879932264223e-01,1.858409559597708482e-01,4.773983062106610387e-01,1.026898159812952738e+00,2.261235120999240955e+00,-3.088767041182977025e+01,-6.644031093989804049e+01,-1.463019123286509000e+02
4.258138499999950000e+01,2.739516431798922902e-01,6.869315128225469413e-01,0.000000000000000000e+00,2.904279127654449068e-06,6.613153879932264223e-01,1.858409559597708482e-01,4.814401299565778114e-01,1.000002735852013602e+00,2.208820388866811868e+00,-3.114917640819058420e+01,-6.470017700962527840e+01,-1.429106791596827293e+02
4.269609429999945860e+01,2.739516431798922902e-01,6.869315128225469413e-01,0.000000000000000000e+00,1.528163132743381022e-06,6.613153879932264223e-01,1.858409559597708482e-01,4.857572820179620887e-01,9.736339438074514963e-01,2.156419765595882332e+00,-3.142849614656214996e+01,-6.299411616434211680e+01,-1.395203588340535816e+02
4.280368850000013481e+01,2.739516431798922902e-01,6.869315128225469413e-01,0.000000000000000000e+00,7.824312082712094018e-07,6.613153879932264223e-01,1.858409559597708482e-01,4.903490806664572155e-01,9.478031197433482991e-01,2.104078945309136195e+00,-3.172558551911978242e+01,-6.132286184739464119e+01,-1.361339077615011206e+02
4.291078809999999066e+01,2.739516431798922902e-01,6.869315128225469413e-01,0.000000000000000000e+00,4.137082311482362768e-07,6.613153879932264223e-01,1.858409559597708482e-01,4.952148008038259608e-01,9.225213684488997590e-01,2.051843569980178916e+00,-3.204039761200753844e+01,-5.968713253864381585e+01,-1.327542789777175756e+02
4.302064849999987928e+01,2.741589835820619214e-01,6.866942297006585205e-01,0.000000000000000000e+00,-1.042687077800658968e-03,6.610484200756225892e-01,1.859138279410761374e-01,5.003536740764542579e-01,8.977995586644051951e-01,1.999759189633043999e+00,-3.237288271274659479e+01,-5.808763144558702152e+01,-1.293844195692579433e+02
4.312781879999965895e+01,2.742387541262298889e-01,6.865963412983480119e-01,0.000000000000000000e+00,-9.704236438752310073e-04,6.609393570526354011e-01,1.859400499707540289e-01,5.057648889966799288e-01,8.736483184087560083e-01,1.947871222621883724e+00,-3.272298831808519282e+01,-5.652504620104651423e+01,-1.260272681036358762e+02
4.323510139999962121e+01,2.745103823965616696e-01,6.866397925140327319e-01,0.000000000000000000e+00,-3.210874885315015588e-04,6.609306504132609339e-01,1.861313514914071932e-01,5.114475910709392892e-01,8.500780304103923157e-01,1.896224916025500473e+00,-3.309065914228977334e+01,-5.500004856755238336e+01,-1.226857520668498864e+02
4.334238629999890691e+01,2.747332679434979497e-01,6.867254085290209753e-01,0.000000000000000000e+00,2.074973069502625798e-04,6.609715532170851171e-01,1.863018855437184873e-01,5.174008829346978811e-01,8.270988276437336584e-01,1.844865306191240562e+00,-3.347583712587495341e+01,-5.351329414854956923e+01,-1.193627853105732726e+02
4.345496079999975336e+01,2.739464563019105015e-01,6.864743393607528610e-01,0.000000000000000000e+00,-9.941474667585544628e-04,6.608762261124020432e-01,1.857138453648821408e-01,5.236238244941582298e-01,8.047205889729560635e-01,1.793837179462585141e+00,-3.387846144477203580e+01,-5.206542210655025826e+01,-1.160612655112292657e+02
4.356196169999930135e+01,2.743662911831999396e-01,6.864591988994798166e-01,0.000000000000000000e+00,-5.785050036237222989e-04,6.607836245571073741e-01,1.859871857706530407e-01,5.301154330747090970e-01,7.829529349050292630e-01,1.743185033124842853e+00,-3.429846851993367807e+01,-5.065705488835539683e+01,-1.127840716431773416e+02
4.367615750000004482e+01,2.740262106220918703e-01,6.863764389438451463e-01,0.000000000000000000e+00,-6.704975584622965227e-04,6.607671648579246382e-01,1.857400597147915444e-01,5.368746835761024627e-01,7.618052234538132961e-01,1.692953036602812489e+00,-3.473579202737383298e+01,-4.928879795746172476e+01,-1.095340614682019691e+02
4.378892979999909585e+01,2.739464563019105015e-01,6.864743393607528610e-01,0.000000000000000000e+00,7.409854787892630322e-05,6.608762261124020432e-01,1.857138453648821408e-01,5.439005086343295936e-01,7.412865461170070613e-01,1.643184992944406009e+00,-3.519036290864112715e+01,-4.796123953377036031e+01,-1.063140690435030677e+02
4.390142360000027111e+01,2.740262106220918703e-01,6.863764389438451463e-01,0.000000000000000000e+00,-3.840566208199115076e-04,6.607671648579246382e-01,1.857400597147915444e-01,5.511917987901662208e-01,7.214057239676725519e-01,1.593924300623756896e+00,-3.566210938172375933e+01,-4.667495034070841342e+01,-1.031269022503570767e+02
4.400955570000041917e+01,2.736145079018728055e-01,6.862578348948424889e-01,0.000000000000000000e+00,-7.081125273686053817e-04,6.607293865062020544e-01,1.854359559570222804e-01,5.587474026643743930e-01,7.021713038620145397e-01,1.545213915697064788e+00,-3.615095695238502316e+01,-4.543048335987234054e+01,-9.997534034560010241e+01
4.412144199999966077e+01,2.736145079018728055e-01,6.862578348948424889e-01,0.000000000000000000e+00,-3.726417720670524873e-04,6.607293865062020544e-01,1.854359559570222804e-01,5.665661271395143750e-01,6.835915547650477375e-01,1.497096314344321000e+00,-3.665682842592658375e+01,-4.422837359329859197e+01,-9.686213153807757692e+01
4.423605940000015835e+01,2.738966915132383662e-01,6.861667949377876496e-01,0.000000000000000000e+00,-5.846195215833365063e-04,6.605893868421223170e-01,1.855977706405569361e-01,5.746467375483541584e-01,6.656744641957332842e-01,1.449613455829409148e+00,-3.717964391937851332e+01,-4.306913783346394808e+01,-9.378999059216278056e+01
4.434622849999868777e+01,2.739752992254439468e-01,6.860682764473072792e-01,0.000000000000000000e+00,-7.194876312556500652e-04,6.604799513439633118e-01,1.856230422659178037e-01,5.829879578688372810e-01,6.484277347931013402e-01,1.402806745911019837e+00,-3.771932087411377665e+01,-4.195327444111365622e+01,-9.076159646044298768e+01
4.445802569999978004e+01,2.741049372130901496e-01,6.859288299645766029e-01,0.000000000000000000e+00,-9.812400724401976974e-04,6.603216413487330572e-01,1.856709178710771180e-01,5.915884709255805340e-01,6.318587810048605924e-01,1.356717000736229473e+00,-3.827577406888506317e+01,-4.088126313101448517e+01,-8.777958994763405087e+01
4.456346849999863480e+01,2.741049372130901496e-01,6.859288299645766029e-01,0.000000000000000000e+00,-5.083616458427169058e-04,6.603216413487330572e-01,1.856709178710771180e-01,6.004469185978720258e-01,6.159747258998864439e-01,1.311384411248174509e+00,-3.884891563328232422e+01,-3.985356476572265194e+01,-8.484657140775689754e+01
4.467754939999940689e+01,2.947551676869264448e-01,6.825354899629006988e-01,0.000000000000000000e+00,-1.452304739098745148e-02,6.530999840226010544e-01,1.982803720204681375e-01,6.095619020341334071e-01,6.007823981059872143e-01,1.266848508138996188e+00,-3.943865506160843637e+01,-3.887062115745737145e+01,-8.196509847659305592e+01
4.478622329999961948e+01,3.573248495392937762e-01,6.720065956408350916e-01,0.000000000000000000e+00,-4.496273072378852848e-02,6.295598771499573143e-01,2.350472838977629431e-01,6.189319818728153955e-01,5.862883288742390953e-01,1.223148127378449246e+00,-4.004489922717115746e+01,-3.793285487816326906e+01,-7.913768384138566603e+01
4.489797449999969103e+01,3.946614926880931407e-01,6.676326539700496721e-01,0.000000000000000000e+00,-3.649507263865513912e-02,6.163095766506521134e-01,2.567019017767224187e-01,6.285556784696917365e-01,5.724987492711726134e-01,1.180321376348377971e+00,-4.066755239698905910e+01,-3.704066907784486773e+01,-7.636679304974005333e+01
4.501070669999899110e+01,4.217645141434536726e-01,6.646615761419740753e-01,0.000000000000000000e+00,-2.758213401576006113e-02,6.064159662901948966e-01,2.720931579953129731e-01,6.384314721315071939e-01,5.594195875000145257e-01,1.138405600612524937e+00,-4.130651624690851520e+01,-3.619444731125093995e+01,-7.365484235963036497e+01
4.512192239999967569e+01,4.299881408954520645e-01,6.637527365835661497e-01,0.000000000000000000e+00,-1.719166575691644105e-02,6.033317851689932176e-01,2.766919809589152845e-01,6.485578033559595834e-01,5.470564663521211290e-01,1.097437351350610157e+00,-4.196168987713058840e+01,-3.539455337298223725e+01,-7.100419663238447754e+01
4.523618439999881957e+01,4.311211499344707043e-01,6.635921798703129371e-01,0.000000000000000000e+00,-9.543841557377899867e-03,6.028720380479100083e-01,2.773082885977140033e-01,6.589330730779590084e-01,5.354147007897154253e-01,1.057452353485198282e+00,-4.263296982814394909e+01,-3.464133114109458944e+01,-6.841716727049232816e+01
4.534846629999992729e+01,4.311211499344707043e-01,6.635921798703129371e-01,0.000000000000000000e+00,-4.879719890759236581e-03,6.028720380479100083e-01,2.773082885977140033e-01,6.695556429221427575e-01,5.244992956609615398e-01,1.018485474529000845e+00,-4.332025009706264029e+01,-3.393510442926421433e+01,-6.589601020202636050e+01
4.546274470000025758e+01,4.310598585008271755e-01,6.635444186809739131e-01,0.000000000000000000e+00,-2.731834454152001421e-03,6.028456413792312452e-01,2.772513809392749828e-01,6.804238354615925743e-01,5.143149435483564957e-01,9.805706941799012810e-01,-4.402342215436504347e+01,-3.327617684757866812e+01,-6.344292391343961413e+01
4.557226369999989402e+01,4.312258012880092473e-01,6.634191572076438836e-01,0.000000000000000000e+00,-1.932475240328686327e-03,6.026858309174796258e-01,2.772990576280555119e-01,6.915359344827181065e-01,5.048660227513686038e-01,9.437410746901662151e-01,-4.474237496103186373e+01,-3.266483167201354831e+01,-6.106004753245375838e+01
4.567793910000000324e+01,4.312258012880092473e-01,6.634191572076438836e-01,0.000000000000000000e+00,-1.010064750546861827e-03,6.026858309174796258e-01,2.772990576280555119e-01,7.028901852562681185e-01,4.961565954041862181e-01,9.080287320356390524e-01,-4.547699498608054824e+01,-3.210133172265084767e+01,-5.874945896270585166e+01
4.578317319999950996e+01,4.312258012880092473e-01,6.634191572076438836e-01,0.000000000000000000e+00,-5.382722571136845224e-04,6.026858309174796258e-01,2.772990576280555119e-01,7.144847948144228411e-01,4.881904057293868782e-01,8.734648079101623441e-01,-4.622716622449316048e+01,-3.158591925069133310e+01,-5.651317307178750582e+01
4.588922689999890281e+01,4.311766130582421752e-01,6.632726169291350837e-01,0.000000000000000000e+00,-9.379505282480998882e-04,6.025663419135808274e-01,2.772081671973407602e-01,7.263179322339237132e-01,4.809708784282809013e-01,8.400794425695474743e-01,-4.699277021553486833e+01,-3.111881583430977471e+01,-5.435313993424972523e+01
4.599304089999895950e+01,4.311766130582421752e-01,6.632726169291350837e-01,0.000000000000000000e+00,-4.966377816286847045e-04,6.025663419135808274e-01,2.772081671973407602e-01,7.383877289251989939e-01,4.745011172086133211e-01,8.079017485487962613e-01,-4.777368606146037422e+01,-3.070022228339728443e+01,-5.227124313110711995e+01
4.609687879999910365e+01,4.311766130582421752e-01,6.632726169291350837e-01,0.000000000000000000e+00,-2.664817303863163678e-04,6.025663419135808274e-01,2.772081671973407602e-01,7.506922789274330654e-01,4.687839034502696567e-01,7.769597852755860679e-01,-4.856979044660491951e+01,-3.033031855323244841e+01,-5.026929810733042103e+01
4.620416219999970053e+01,4.311766130582421752e-01,6.632726169291350837e-01,0.000000000000000000e+00,-1.428404581857451307e-04,6.025663419135808274e-01,2.772081671973407602e-01,7.632296392095421211e-01,4.638216950095459534e-01,7.472805346020017225e-01,-4.938095765685737604e+01,-3.000926366711762583e+01,-4.834905058874951322e+01
4.631126119999862567e+01,4.311766130582421752e-01,6.632726169291350837e-01,0.000000000000000000e+00,-7.540460861202207877e-05,6.025663419135808274e-01,2.772081671973407602e-01,7.759978299769991761e-01,4.596166251625044552e-01,7.188898772759551026e-01,-5.020705959951185093e+01,-2.973719564801404047e+01,-4.651217505975429845e+01
4.642109849999906146e+01,4.323397140142963835e-01,6.634417801052864272e-01,0.000000000000000000e+00,7.077259242583774923e-04,6.023971114427729701e-01,2.779797037819030647e-01,7.889948349844693176e-01,4.561705016878707664e-01,6.918125703728104092e-01,-5.104796582349516854e+01,-2.951423145920524149e+01,-4.476027330312083308e+01
4.652980070000012347e+01,4.326736833299111296e-01,6.635611982729943126e-01,0.000000000000000000e+00,8.896060947258116469e-04,6.024126546940922200e-01,2.782309424163827427e-01,8.022186018541950236e-01,4.534848060898586386e-01,6.660722257068236729e-01,-5.190354353996642089e+01,-2.934046695401385563e+01,-4.309487300323149128e+01
4.663841329999922891e+01,4.326736833299111296e-01,6.635611982729943126e-01,0.000000000000000000e+00,4.667318604078486070e-04,6.024126546940922200e-01,2.782309424163827427e-01,8.156670424000933561e-01,4.515606929612669962e-01,6.416912892413000336e-01,-5.277365764328604314e+01,-2.921597683459397743e+01,-4.151742641391211208e+01
4.674838289999934204e+01,4.301881412664174675e-01,6.613918853387522612e-01,0.000000000000000000e+00,-9.245373069184947140e-03,6.011306868831938210e-01,2.758280683311414294e-01,8.293380329575028576e-01,4.503989894871138766e-01,6.186910215153889059e-01,-5.365817073235043466e+01,-2.914081461981626830e+01,-4.002930909204566490e+01
4.685508420000041951e+01,4.125910528042950887e-01,6.451483460397551273e-01,0.000000000000000000e+00,-7.483107378135045451e-02,5.910106758643832725e-01,2.586943551996382373e-01,8.432294147185346311e-01,4.500001950890266667e-01,5.970914791045556225e-01,-5.455694313228919157e+01,-2.911501262226002495e+01,-3.863181869806474822e+01
4.696866269999918586e+01,3.769780356507724806e-01,6.172497204334246312e-01,0.000000000000000000e+00,-1.599978913905763522e-01,5.739072486627522229e-01,2.272172689464661000e-01,8.573389940729745362e-01,4.503644812105374040e-01,5.769114971309730056e-01,-5.546983291652145454e+01,-2.913858193432177046e+01,-3.732617386437395623e+01
4.707403489999887825e+01,3.442896105970362219e-01,5.889127543078449545e-01,0.000000000000000000e+00,-1.995151500065850680e-01,5.543526840276679080e-01,1.987745806127453052e-01,8.716645429546807655e-01,4.514916912433797336e-01,5.581686728389965158e-01,-5.639669592916784779e+01,-2.921151242344667054e+01,-3.611351313268307450e+01
4.718158129999937955e+01,3.100199793501192680e-01,5.532795463309924111e-01,0.000000000000000000e+00,-2.603650746265636640e-01,5.269033132282415766e-01,1.687932311952418107e-01,8.862037991934166303e-01,4.533813405948141639e-01,5.408793502501125783e-01,-5.733738580781405858e+01,-2.933377273648447670e+01,-3.499489396118228512e+01
4.728722439999910421e+01,2.831159823233928563e-01,5.040483575394120175e-01,0.000000000000000000e+00,-3.500446031025582494e-01,4.839820184193650010e-01,1.408053712927755385e-01,9.009544668720776972e-01,4.560326168959578652e-01,5.250586059107154036e-01,-5.829175400662342810e+01,-2.950531031316847574e+01,-3.397129180242328772e+01
4.739084709999951883e+01,2.530399316885860728e-01,4.516963308018140388e-01,0.000000000000000000e+00,-4.150832745532016532e-01,4.373124472518219452e-01,1.130813810423461352e-01,9.159142166892424441e-01,4.594443803510244173e-01,5.107202357451199326e-01,-5.925964981979399226e+01,-2.972605140871128171e+01,-3.304359925270926368e+01
4.749714060000042082e+01,2.047160945539121535e-01,4.023727980112717928e-01,0.000000000000000000e+00,-4.366445715391357729e-01,3.939707465511438356e-01,8.179804057160607045e-02,9.310806863269946998e-01,4.636151642273291795e-01,4.978767430253259185e-01,-6.024092040535656167e+01,-2.999590112550819754e+01,-3.221262527373858831e+01
4.760190989999864541e+01,1.528775053095441372e-01,3.706722797731106800e-01,0.000000000000000000e+00,-3.636131711274177003e-01,3.663491200713772655e-01,5.644697702377721171e-02,9.464514808239654631e-01,4.685431754858428999e-01,4.865393274679656876e-01,-6.123541080931056513e+01,-3.031474345393403524e+01,-3.147909448717738101e+01
4.770753200000035577e+01,9.616464945289981969e-02,3.455519196951291061e-01,0.000000000000000000e+00,-2.965135776705340453e-01,3.439553807721084655e-01,3.317868657591521026e-02,9.620241729535199404e-01,4.742262955520271106e-01,4.767178754679923802e-01,-6.224296399009273983e+01,-3.068244132221615672e+01,-3.084364654277910844e+01
4.781700399999863293e+01,4.712779643731181134e-02,3.187903621436005142e-01,0.000000000000000000e+00,-2.685740944403140484e-01,3.184364063120352917e-01,1.501832649546259654e-02,9.777963036070442815e-01,4.806620812266202414e-01,4.684209514775972139e-01,-6.326342084337576921e+01,-3.109883665536233011e+01,-3.030683556060053974e+01
4.792854409999927157e+01,-2.096857717799061049e-02,2.783828940182487277e-01,0.000000000000000000e+00,-3.055467153140405956e-01,2.783216963941161359e-01,-5.836865449616676464e-03,9.937653821822729494e-01,4.878477657359792108e-01,4.616557905378730897e-01,-6.429662022719305980e+01,-3.156375044311785771e+01,-2.986912964780038848e+01
4.803791269999965152e+01,-7.325831064161825168e-02,2.611552703291153965e-01,0.000000000000000000e+00,-2.249666953304956252e-01,2.604548022336727331e-01,-1.911468582247039666e-02,1.009928886976578344e+00,4.957802599215284101e-01,4.564282919697593144e-01,-6.534239898738462671e+01,-3.207698281692289299e+01,-2.953091049044342853e+01
4.815316650000022491e+01,-9.545108136187829828e-02,2.577780725807020112e-01,0.000000000000000000e+00,-1.297617308814009440e-01,2.566046676133871829e-01,-2.456785017954901326e-02,1.026284265585182487e+00,5.044561535678027120e-01,4.527430142297395044e-01,-6.640059198336130919e+01,-3.263831313583683880e+01,-2.929247302066414704e+01
4.826199590000032913e+01,-9.719288619837485044e-02,2.578760081841250940e-01,0.000000000000000000e+00,-6.595103340335804754e-02,2.566589593756573584e-01,-2.502427160145979240e-02,1.042828935304204396e+00,5.138717168685158487e-01,4.506031709348026215e-01,-6.747103211418202307e+01,-3.324750008139297819e+01,-2.915402515948172990e+01
4.836574209999889717e+01,-9.719288619837485044e-02,2.578760081841250940e-01,0.000000000000000000e+00,-3.455508733575460983e-02,2.566589593756573584e-01,-2.502427160145979240e-02,1.059560283538503400e+00,5.240229020300188889e-01,4.500106280601219311e-01,-6.855355034494117206e+01,-3.390428176134222582e+01,-2.911568763548989125e+01
4.847072309999930440e+01,-9.719288619837485044e-02,2.578760081841250940e-01,0.000000000000000000e+00,-1.854538334579467276e-02,2.566589593756573584e-01,-2.502427160145979240e-02,1.076475668214237791e+00,5.349053450114678032e-01,4.509659023118950394e-01,-6.964797573346119464e+01,-3.460837582224196751e+01,-2.917749387957961105e+01
4.857928899999933492e+01,-9.697699051875074971e-02,2.575401620015191351e-01,0.000000000000000000e+00,-1.138659666856077154e-02,2.563300878451693632e-01,-2.493634113210016837e-02,1.093572418196075979e+00,5.465143674009420582e-01,4.534681606767696493e-01,-7.075413545728612519e+01,-3.535947957084095350e+01,-2.933938999578699836e+01
4.868659440000010363e+01,-9.701352761683690318e-02,2.576113556142939354e-01,0.000000000000000000e+00,-5.666391745322549127e-03,2.564000354242082502e-01,-2.495260258768565789e-02,1.110847833709007304e+00,5.588449784267190967e-01,4.575152211482427234e-01,-7.187185484097277310e+01,-3.615727010420872745e+01,-2.960123480829130571e+01
4.879402349999872968e+01,-9.701352761683690318e-02,2.576113556142939354e-01,0.000000000000000000e+00,-2.988498160390548521e-03,2.564000354242082502e-01,-2.495260258768565789e-02,1.128299186764657014e+00,5.718918771028256298e-01,4.631035546294037797e-01,-7.300095738367330966e+01,-3.700140444855281885e+01,-2.996279998452242666e+01
4.890739550000034797e+01,-9.725731770290613198e-02,2.564623524069121197e-01,0.000000000000000000e+00,-6.628343619474171694e-03,2.552503713207497360e-01,-2.490353675096305952e-02,1.145923721592076117e+00,5.856494545079551362e-01,4.702282880103585416e-01,-7.414126478700733003e+01,-3.789151970666470248e+01,-3.042377023427019722e+01
4.901453939999919385e+01,-9.893197258042585318e-02,2.516861392228328942e-01,0.000000000000000000e+00,-2.388585670714646336e-02,2.504554500254106419e-01,-2.485920814234126100e-02,1.163718655072905062e+00,6.001117961967743497e-01,4.788832084176530834e-01,-7.529259698321696703e+01,-3.882723321393130078e+01,-3.098374358462215739e+01
4.912223479999920528e+01,-1.061549356786617437e-01,2.406880969754950361e-01,0.000000000000000000e+00,-6.094375815690690479e-02,2.393332285303536866e-01,-2.550226944651777169e-02,1.181681177180861297e+00,6.152726847425646906e-01,4.890607686319934366e-01,-7.645477216360173145e+01,-3.980814270284393785e+01,-3.164223173048997850e+01
4.923418709999896237e+01,-1.137907573660101868e-01,2.313930624633989130e-01,0.000000000000000000e+00,-7.277997177886008640e-02,2.298966006197575296e-01,-2.627360614133750216e-02,1.199808451425476319e+00,6.311256024101283835e-01,5.007520936695342151e-01,-7.762760680722831808e+01,-4.083382647593531090e+01,-3.239866046041886705e+01
4.934121210000012070e+01,-1.138600172790229514e-01,2.314882523062816166e-01,0.000000000000000000e+00,-3.734626453490527687e-02,2.299893538443874563e-01,-2.630034361102211865e-02,1.218097615300008707e+00,6.476637339577846486e-01,5.139469885209897448e-01,-7.881091570991056017e+01,-4.190384358706867118e+01,-3.325237015730803591e+01
4.945112349999908474e+01,-1.138600172790229514e-01,2.314882523062816166e-01,0.000000000000000000e+00,-1.973270450160749187e-02,2.299893538443874563e-01,-2.630034361102211865e-02,1.236545780733467881e+00,6.648799695672795718e-01,5.286339470418441877e-01,-8.000451201345536845e+01,-4.301773403100298765e+01,-3.420261637360732010e+01
4.956184860000030312e+01,-1.138930507999100783e-01,2.315626165529492686e-01,0.000000000000000000e+00,-9.977680849132379917e-03,2.300623673811253711e-01,-2.631639222690500268e-02,1.255150034546674176e+00,6.827669079003262365e-01,5.448001619858684474e-01,-8.120820723516982298e+01,-4.417501894115110872e+01,-3.524857048048568942e+01
4.966894769999998971e+01,-1.139699923897352640e-01,2.316591697906868752e-01,0.000000000000000000e+00,-4.769980050494845338e-03,2.301562687186050060e-01,-2.634507387804347137e-02,1.273907438912281531e+00,7.013168592804757129e-01,5.624315361732412644e-01,-8.242181129762461467e+01,-4.537520079544677998e+01,-3.638932039040871302e+01
4.977830919999905745e+01,-1.139699923897352640e-01,2.316591697906868752e-01,0.000000000000000000e+00,-2.466526186951780580e-03,2.301562687186050060e-01,-2.634507387804347137e-02,1.292815031818700833e+00,7.205218489989428932e-01,5.815126947834947657e-01,-8.364513255866994257e+01,-4.661776363023160741e+01,-3.762387135249210957e+01
4.989689539999926637e+01,-1.139699923897352640e-01,2.316591697906868752e-01,0.000000000000000000e+00,-1.319990895270012256e-03,2.301562687186050060e-01,-2.634507387804347137e-02,1.311869827537826882e+00,7.403736207429707505e-01,6.020269987625788133e-01,-8.487797784169740112e+01,-4.790217326207020676e+01,-3.895114681993884886e+01
5.000445629999921948e+01,-1.139699923897352640e-01,2.316591697906868752e-01,0.000000000000000000e+00,-6.626651598985081699e-04,2.301562687186050060e-01,-2.634507387804347137e-02,1.331068817096525692e+00,7.608636401452564257e-01,6.239565593323810333e-01,-8.612015246614521402e+01,-4.922787751739809181e+01,-4.036998938880505250e+01
5.011527889999888430e+01,-1.139699923897352640e-01,2.316591697906868752e-01,0.000000000000000000e+00,-3.492435346220854834e-04,2.301562687186050060e-01,-2.634507387804347137e-02,1.350408968751783734e+00,7.819830984529150264e-01,6.472822535899860341e-01,-8.737146027824040573e+01,-5.059430646990360714e+01,-4.187916180727209792e+01
5.022256720000041241e+01,-1.139699923897352640e-01,2.316591697906868752e-01,0.000000000000000000e+00,-1.818975163843219772e-04,2.301562687186050060e-01,-2.634507387804347137e-02,1.369887228469455431e+00,8.037229163144008481e-01,6.719837411831504070e-01,-8.863170368197377513e+01,-5.200087268554173647e+01,-4.347734805454983587e+01
5.033086209999964922e+01,-1.143075399700501371e-01,2.316454106163919890e-01,0.000000000000000000e+00,-1.561502043523065888e-04,2.301336935090448621e-01,-2.642119171274935965e-02,1.389500520406534934e+00,8.260737476827697545e-01,6.980394820473845297e-01,-8.990068367030281138e+01,-5.344697147507520896e+01,-4.516315448846577851e+01
5.044222739999895566e+01,-1.167272570637671869e-01,2.254666802345917653e-01,0.000000000000000000e+00,-2.720122617788965635e-02,2.239324032690123423e-01,-2.625838270290241014e-02,1.409245747396860704e+00,8.490259838335749709e-01,7.254267551891988575e-01,-9.117819985657689585e+01,-5.493198115403230020e+01,-4.693511106074117123e+01
5.054913649999980407e+01,-1.323058702094157546e-01,2.089979899837915989e-01,0.000000000000000000e+00,-8.519491425615610680e-02,2.071714182736223153e-01,-2.757105851723653731e-02,1.429119791440194742e+00,8.725697574957114178e-01,7.541216784991715549e-01,-9.246405050618059818e+01,-5.645526330997252984e+01,-4.879167259889640462e+01
5.065619279999918945e+01,-1.468091927247905382e-01,1.951497829234701276e-01,0.000000000000000000e+00,-1.057710599004570429e-01,1.930505317192793002e-01,-2.854697843872537263e-02,1.449119514194596281e+00,8.966949470933980315e-01,7.840992295774753540e-01,-9.375803256839037658e+01,-5.801616307694285268e+01,-5.073122015366265458e+01
5.076421549999940908e+01,-1.504192408717912599e-01,1.921698545855617390e-01,0.000000000000000000e+00,-6.895786862784623883e-02,1.899999380157098849e-01,-2.879716245504652244e-02,1.469241757471996923e+00,9.213911810974813044e-01,8.153332675538065288e-01,-9.505994170843820257e+01,-5.961400941700703981e+01,-5.275206241073128410e+01
5.087277679999897373e+01,-1.504840126283530366e-01,1.922666764455083777e-01,0.000000000000000000e+00,-3.587086997164216223e-02,1.900938000148480467e-01,-2.882398423738064680e-02,1.489483343736921706e+00,9.466478424842226236e-01,8.477965558826030534e-01,-9.636957233977884130e+01,-6.124811540872920546e+01,-5.485243716560442095e+01
5.098178679999909946e+01,-1.504840126283530366e-01,1.922666764455083777e-01,0.000000000000000000e+00,-1.882770338380591879e-02,1.900938000148480467e-01,-2.882398423738064680e-02,1.509841076608250177e+00,9.724540732995841097e-01,8.814607860937047068e-01,-9.768671765655379602e+01,-6.291777854248309154e+01,-5.703051286026269651e+01
5.109085869999944407e+01,-1.504840126283530366e-01,1.922666764455083777e-01,0.000000000000000000e+00,-9.855565833043358412e-03,1.900938000148480467e-01,-2.882398423738064680e-02,1.530311741363967082e+00,9.987987793271249082e-01,9.162966024777878804e-01,-9.901116966624867644e+01,-6.462228102246498906e+01,-5.928439018031287588e+01
5.120124129999931029e+01,-1.504840126283530366e-01,1.922666764455083777e-01,0.000000000000000000e+00,-5.170944423500168328e-03,1.900938000148480467e-01,-2.882398423738064680e-02,1.550892105448804514e+00,1.025670634857450914e+00,9.522736276849483872e-01,-1.003427192225376530e+02,-6.636089007527708361e+01,-6.161210371121616447e+01
5.131073429999923974e+01,-1.509359834238291065e-01,1.923306371796013048e-01,0.000000000000000000e+00,-2.405979471929266429e-03,1.901439865502572157e-01,-2.891951549882936304e-02,1.571578918984696926e+00,1.053058087557188438e+00,9.893604892142302543e-01,-1.016811560583098952e+02,-6.813285826495010156e+01,-6.401162365216069361e+01
5.142075689999910537e+01,-1.510004290771447266e-01,1.924274648468555504e-01,0.000000000000000000e+00,-8.343316119556107562e-04,1.902378482913933688e-01,-2.894633491218940105e-02,1.592368915283980613e+00,1.080949363435395938e+00,1.027524846770902611e+00,-1.030262688188735467e+02,-6.993742381427011878e+01,-6.648085758607740559e+01
5.153156940000008035e+01,-1.514697525941586242e-01,1.924176284638914325e-01,0.000000000000000000e+00,-4.802931263634417549e-04,1.902145183848105991e-01,-2.903413059319521344e-02,1.613258811365232859e+00,1.109332471905233763e+00,1.066733420467661730e+00,-1.043778450953305708e+02,-7.177381093226863129e+01,-6.901765230425772302e+01
5.164095789999919361e+01,-1.514697525941586242e-01,1.924176284638914325e-01,0.000000000000000000e+00,-2.494046724619289682e-04,1.902145183848105991e-01,-2.903413059319521344e-02,1.634245308471699687e+00,1.138195210938794277e+00,1.106952019845222068e+00,-1.057356714581189721e+02,-7.364123014773998932e+01,-7.161979568398587048e+01
5.175160949999917648e+01,-1.513076107713131613e-01,1.921509940091127300e-01,0.000000000000000000e+00,-1.295033617267006294e-03,1.899556354216083431e-01,-2.896309842304672227e-02,1.655325092592205616e+00,1.167525172312798842e+00,1.148145573686865095e+00,-1.070995334907157144e+02,-7.553887864863808943e+01,-7.428501861754017455e+01
5.186056989999997313e+01,-1.600070684044547775e-01,1.815628573203446339e-01,0.000000000000000000e+00,-4.649631845128574664e-02,1.792436019272353187e-01,-2.892753578303251111e-02,1.676494834984469495e+00,1.197309746942949449e+00,1.190278160601096813e+00,-1.084692158234951762e+02,-7.746594062720883755e+01,-7.701099699089097328e+01
5.196959339999921212e+01,-1.698619588255585455e-01,1.710837222542465064e-01,0.000000000000000000e+00,-7.012335841435195227e-02,1.686215044249424755e-01,-2.892106958321672902e-02,1.697751192700764467e+00,1.227536130304641038e+00,1.233313040345620948e+00,-1.098445021677394635e+02,-7.942158763071027749e+01,-7.979535371036168101e+01
5.208046789999934845e+01,-1.729600971686866551e-01,1.683367480586563381e-01,0.000000000000000000e+00,-4.866582922136993006e-02,1.658251054520299139e-01,-2.897059110178279787e-02,1.719090809115793927e+00,1.258191327937670412e+00,1.277212685865360520e+00,-1.112251753497918685e+02,-8.140497891756727711e+01,-8.263566077548883015e+01
5.219012949999887496e+01,-1.729600971686866551e-01,1.683367480586563381e-01,0.000000000000000000e+00,-2.528456232534099027e-02,1.658251054520299139e-01,-2.897059110178279787e-02,1.740510314456749530e+00,1.289262161032623588e+00,1.321938816016644314e+00,-1.126110173453516978e+02,-8.341526181881074820e+01,-8.552944139627689424e+01
5.229951199999959499e+01,-1.729600971686866551e-01,1.683367480586563381e-01,0.000000000000000000e+00,-1.321044017725468180e-02,1.658251054520299139e-01,-2.897059110178279787e-02,1.762006326335434858e+00,1.320735272096504653e+00,1.367452428948896959e+00,-1.140018093139026405e+02,-8.545157210464385855e+01,-8.847417215299363136e+01
5.241042399999969348e+01,-1.729600971686866551e-01,1.683367480586563381e-01,0.000000000000000000e+00,-6.914768336664321377e-03,1.658251054520299139e-01,-2.897059110178279787e-02,1.783575450282383290e+00,1.352597130695182059e+00,1.413713836114842248e+00,-1.153973316332701984e+02,-8.751303435597827729e+01,-9.146728519663029999e+01
5.252119680000032531e+01,-1.729600971686866551e-01,1.683367480586563381e-01,0.000000000000000000e+00,-3.586981821549484195e-03,1.658251054520299139e-01,-2.897059110178279787e-02,1.805214280282889439e+00,1.384834039270184114e+00,1.460682696879545661e+00,-1.167973639343029504e+02,-8.959876234078092239e+01,-9.450617048810660492e+01
5.263429109999924549e+01,-1.729600971686866551e-01,1.683367480586563381e-01,0.000000000000000000e+00,-1.870689593587329062e-03,1.658251054520299139e-01,-2.897059110178279787e-02,1.826919399314849368e+00,1.417432139027341886e+00,1.508318053697981442e+00,-1.182016851356707576e+02,-9.170785939506902196e+01,-9.758817807425940316e+01
5.274408620000031078e+01,-1.734013138615480010e-01,1.681573020379777406e-01,0.000000000000000000e+00,-1.731900462363645610e-03,1.656355520224807865e-01,-2.901279260774006219e-02,1.848687379888354076e+00,1.450377415894748889e+00,1.556578367830659726e+00,-1.196100734787765134e+02,-9.383941880839026339e+01,-1.007106203986436839e+02
5.284718989999964833e+01,-1.750923903381390034e-01,1.663923992575298827e-01,0.000000000000000000e+00,-8.614154417678385536e-03,1.638483341485349465e-01,-2.898540887114188502e-02,1.870514784586928991e+00,1.483655706547473585e+00,1.605421555566036718e+00,-1.210223065627743040e+02,-9.599252421362155019e+01,-1.038707746451225802e+02
5.295132729999932053e+01,-1.967034867543517862e-01,1.503520840763916955e-01,0.000000000000000000e+00,-7.631828286373884551e-02,1.474527196783780858e-01,-2.938442862408614104e-02,1.892398166610338883e+00,1.517252704496434790e+00,1.654805024918096112e+00,-1.224381613796889354e+02,-9.816624998091933207e+01,-1.070658851122008173e+02
5.305477470000005269e+01,-1.967034867543517862e-01,0.000000000000000000e+00,0.000000000000000000e+00,0.000000000000000000e+00,0.000000000000000000e+00,-0.000000000000000000e+00,1.914334070318885139e+00,1.551153966238838500e+00,1.704685712767236128e+00,-1.238574143496318669e+02,-1.003596616156528540e+02,-1.102931656160401843e+02
5.316332700000020850e+01,-1.967034867543517862e-01,0.000000000000000000e+00,0.000000000000000000e+00,0.000000000000000000e+00,0.000000000000000000e+00,-0.000000000000000000e+00,1.936319031779083488e+00,1.585344917467491621e+00,1.755020122411931283e+00,-1.252798413561067008e+02,-1.025718161601467102e+02,-1.135498019200519622e+02
5.327081939999879978e+01,-1.967034867543517862e-01,0.000000000000000000e+00,0.000000000000000000e+00,0.000000000000000000e+00,0.000000000000000000e+00,-0.000000000000000000e+00,1.958349579310658228e+00,1.619810859336361375e+00,1.805764361498486181e+00,-1.267052177813995968e+02,-1.048017625990625845e+02,-1.168329541889520584e+02
5.338010769999891636e+01,-1.967034867543517862e-01,0.000000000000000000e+00,0.000000000000000000e+00,0.000000000000000000e+00,0.000000000000000000e+00,-0.000000000000000000e+00,1.980422234034769691e+00,1.654536974779693193e+00,1.856874180295861487e+00,-1.281333185420496079e+02,-1.070485422682461518e+02,-1.201397594651422480e+02
5.348720519999915268e+01,-1.967034867543517862e-01,0.000000000000000000e+00,0.000000000000000000e+00,0.000000000000000000e+00,0.000000000000000000e+00,-0.000000000000000000e+00,2.002533510423361029e+00,1.689508334881918206e+00,1.908305010282050018e+00,-1.295639181243914777e+02,-1.093111892668601115e+02,-1.234673341652486442e+02
5.359468999999990046e+01,-1.967034867543517862e-01,0.000000000000000000e+00,0.000000000000000000e+00,0.000000000000000000e+00,0.000000000000000000e+00,-0.000000000000000000e+00,2.024679916849571271e+00,1.724709905295678691e+00,1.960012003008532400e+00,-1.309967906201672747e+02,-1.115887308726304212e+02,-1.268127765946520498e+02
5.370212609999907727e+01,-1.967034867543517862e-01,0.000000000000000000e+00,0.000000000000000000e+00,0.000000000000000000e+00,0.000000000000000000e+00,-0.000000000000000000e+00,2.046857956139094714e+00,1.760126552705144176e+00,2.011950069208773506e+00,-1.324317097621994321e+02,-1.138801879600228375e+02,-1.301731694778076474e+02
5.381509129999903962e+01,-1.967034867543517862e-01,0.000000000000000000e+00,0.000000000000000000e+00,0.000000000000000000e+00,0.000000000000000000e+00,-0.000000000000000000e+00,2.069064126122432512e+00,1.795743051331904150e+00,2.064073918116714701e+00,-1.338684489601213841e+02,-1.161845754211742019e+02,-1.335455825021514329e+02
5.392227409999941301e+01,-1.967034867543517862e-01,0.000000000000000000e+00,0.000000000000000000e+00,0.000000000000000000e+00,0.000000000000000000e+00,-0.000000000000000000e+00,2.091294920187920958e+00,1.831544089480597881e+00,2.116338096961037696e+00,-1.353067813361584797e+02,-1.185009025893946841e+02,-1.369270748733791550e+02
5.402913079999962065e+01,-1.967034867543517862e-01,0.000000000000000000e+00,0.000000000000000000e+00,0.000000000000000000e+00,0.000000000000000000e+00,-0.000000000000000000e+00,2.113546827835468989e+00,1.867514276121481576e+00,2.168697030600609033e+00,-1.367464797609548555e+02,-1.208281736650598646e+02,-1.403146978798594091e+02
5.414174709999861079e+01,-1.967034867543517862e-01,0.000000000000000000e+00,0.000000000000000000e+00,0.000000000000000000e+00,0.000000000000000000e+00,-0.000000000000000000e+00,2.135816335230909413e+00,1.903638147507102252e+00,2.221105061266722913e+00,-1.381873168894398418e+02,-1.231653881437095208e+02,-1.437054974639569878e+02
5.424882479999905627e+01,-1.967034867543517862e-01,0.000000000000000000e+00,0.000000000000000000e+00,0.000000000000000000e+00,0.000000000000000000e+00,-0.000000000000000000e+00,2.158099925760867066e+00,1.939900173820233942e+00,2.273516488377335776e+00,-1.396290651967281065e+02,-1.255115412461691449e+02,-1.470965167980136243e+02
5.435622630000034405e+01,-1.967034867543517862e-01,0.000000000000000000e+00,0.000000000000000000e+00,0.000000000000000000e+00,0.000000000000000000e+00,-0.000000000000000000e+00,2.180394080588076822e+00,1.976284765850216285e+00,2.325885608388636783e+00,-1.410714970140485889e+02,-1.278656243505089947e+02,-1.504847988627448103e+02
5.446355249999942316e+01,-1.967034867543517862e-01,0.000000000000000000e+00,0.000000000000000000e+00,0.000000000000000000e+00,0.000000000000000000e+00,-0.000000000000000000e+00,2.202695279207051549e+00,2.012776281694827585e+00,2.378166754649257975e+00,-1.425143845646962291e+02,-1.302266254256553566e+02,-1.538673890258070003e+02
5.457247920000008889e+01,-1.967034867543517862e-01,0.000000000000000000e+00,0.000000000000000000e+00,0.000000000000000000e+00,0.000000000000000000e+00,-0.000000000000000000e+00,2.225000000000001421e+00,2.049359033484807302e+00,2.430314337222226673e+00,-1.439575000000000955e+02,-1.325935294664670323e+02,-1.572413376182780667e+02
5.468054819999997562e+01,-1.967034867543517862e-01,0.000000000000000000e+00,0.000000000000000000e+00,0.000000000000000000e+00,0.000000000000000000e+00,-0.000000000000000000e+00,2.247304720792952182e+00,2.086017294128154731e+00,2.482282882640109989e+00,-1.454006154353040188e+02,-1.349653189300916267e+02,-1.606037025068151252e+02
5.478760599999986880e+01,-1.967034867543517862e-01,0.000000000000000000e+00,0.000000000000000000e+00,0.000000000000000000e+00,0.000000000000000000e+00,-0.000000000000000000e+00,2.269605919411925576e+00,2.122735304071258877e+00,2.534027073558536625e+00,-1.468435029859516021e+02,-1.373409741734104443e+02,-1.639515516592373388e+02
5.489194580000003043e+01,-1.967034867543517862e-01,0.000000000000000000e+00,0.000000000000000000e+00,0.000000000000000000e+00,0.000000000000000000e+00,-0.000000000000000000e+00,2.291900074239135776e+00,2.159497278074018478e+00,2.585501788273576018e+00,-1.482859348032720845e+02,-1.397194738913890149e+02,-1.672819657013003791e+02
5.499939259999882779e+01,-1.967034867543517862e-01,0.000000000000000000e+00,0.000000000000000000e+00,0.000000000000000000e+00,0.000000000000000000e+00,-0.000000000000000000e+00,2.314183664769092985e+00,2.196287411995972771e+00,2.636662140068579241e+00,-1.497276831105603208e+02,-1.420997955561394406e+02,-1.705920404624370974e+02
5.510662149999916437e+01,-1.967034867543517862e-01,0.000000000000000000e+00,0.000000000000000000e+00,0.000000000000000000e+00,0.000000000000000000e+00,-0.000000000000000000e+00,2.336453172164531633e+00,2.233089889590589294e+00,2.687463516356013216e+00,-1.511685202390451934e+02,-1.444809158565111318e+02,-1.738788895082340673e+02
5.521359089999896241e+01,-1.967034867543517862e-01,0.000000000000000000e+00,0.000000000000000000e+00,0.000000000000000000e+00,0.000000000000000000e+00,-0.000000000000000000e+00,2.358705079812081440e+00,2.269888889304740864e+00,2.737861617580344742e+00,-1.526082186638416829e+02,-1.468618111380167477e+02,-1.771396466574483100e+02
5.532473919999938516e+01,-1.967034867543517862e-01,0.000000000000000000e+00,0.000000000000000000e+00,0.000000000000000000e+00,0.000000000000000000e+00,-0.000000000000000000e+00,2.380935873877569886e+00,2.306668591080447417e+00,2.787812495847890926e+00,-1.540465510398787785e+02,-1.492414578429049641e+02,-1.803714684813585620e+02
5.543165339999904973e+01,-1.967034867543517862e-01,0.000000000000000000e+00,0.000000000000000000e+00,0.000000000000000000e+00,0.000000000000000000e+00,-0.000000000000000000e+00,2.403142043860907684e+00,2.343413183156004553e+00,2.837272593250026453e+00,-1.554832902378007304e+02,-1.516188329501935073e+02,-1.835715367832767129e+02
5.553909169999860751e+01,-1.967034867543517862e-01,0.000000000000000000e+00,0.000000000000000000e+00,0.000000000000000000e+00,0.000000000000000000e+00,-0.000000000000000000e+00,2.425320083150431127e+00,2.380106868863526959e+00,2.886198779846337992e+00,-1.569182093798328879e+02,-1.539929144154702101e+02,-1.867370610560580815e+02
5.564308429999982764e+01,-1.967034867543517862e-01,0.000000000000000000e+00,0.000000000000000000e+00,0.000000000000000000e+00,0.000000000000000000e+00,-0.000000000000000000e+00,2.447466489576640036e+00,2.416733873420010337e+00,2.934548391274586443e+00,-1.583510818756086280e+02,-1.563626816102746773e+02,-1.898652809154657461e+02
5.575461919999906968e+01,4.277376926435203508e-01,1.532034137737503243e-01,0.000000000000000000e+00,6.815922534304228453e-01,1.394007839599014642e-01,6.355082551230810395e-02,2.469577765965234040e+00,2.453278450708981318e+00,2.982279265954652203e+00,-1.597816814579506399e+02,-1.587271157608711007e+02,-1.929534685072659954e+02
5.586550129999886849e+01,4.272443940252638739e-01,1.523473107266955784e-01,0.000000000000000000e+00,3.510622354356811581e-01,1.386529677069547051e-01,6.312731288206800684e-02,2.491650420689345502e+00,2.489724890049824779e+00,3.029349781854044465e+00,-1.612097822186006510e+02,-1.610852003862236757e+02,-1.959989308859566961e+02
5.597296780000033323e+01,4.263618897352241532e-01,1.522385895157042923e-01,0.000000000000000000e+00,1.816200874462749471e-01,1.386096357400831147e-01,6.295996360968283967e-02,2.513680968220920242e+00,2.526057522951878465e+00,3.075718892782970393e+00,-1.626351586438935328e+02,-1.634359217349865503e+02,-1.989990123630581991e+02
5.608138940000026196e+01,4.262820437283494357e-01,1.521096008215008233e-01,0.000000000000000000e+00,9.544501657236094394e-02,1.384972169850794688e-01,6.289556064989114403e-02,2.535665929681117259e+00,2.562260729850387442e+00,3.121346164187180250e+00,-1.640575856503682814e+02,-1.657782692213200733e+02,-2.019510968229105572e+02
5.618868119999933697e+01,4.266039998564892244e-01,1.520509696039498426e-01,0.000000000000000000e+00,4.984829133343580965e-02,1.384235837312641770e-01,6.291588690064675582e-02,2.557601833389662183e+00,2.598318946821422060e+00,3.166191808407535113e+00,-1.654768386203111561e+02,-1.681112358593460101e+02,-2.048526100039675271e+02
5.629642989999956626e+01,4.269965645651097041e-01,1.519771363045774870e-01,0.000000000000000000e+00,2.601112557614337559e-02,1.383316704290050991e-01,6.293964502331771127e-02,2.579485215413073629e+00,2.634216672272896353e+00,3.210216719375426297e+00,-1.668926934372258586e+02,-1.704338186960563917e+02,-2.077010217435901041e+02
5.640646369999922172e+01,4.265850304389721126e-01,1.519211953001058102e-01,0.000000000000000000e+00,1.345517644016976447e-02,1.383066327280486063e-01,6.285956510223057736e-02,2.601312620111648322e+00,2.669938473608749252e+00,3.253382506713827560e+00,-1.683049265212236492e+02,-1.727450192424860802e+02,-2.104938481843846603e+02
5.651402629999938654e+01,4.261117674938215139e-01,1.518684433120693622e-01,0.000000000000000000e+00,6.791519054189077038e-03,1.382883314481622439e-01,6.277229850271891232e-02,2.623080600685153030e+00,2.705468993863505034e+00,3.295651529214313591e+00,-1.697133148643294192e+02,-1.750438439029687743e+02,-2.132286539401661116e+02
5.662122970000018540e+01,4.264395840636505675e-01,1.518088415455944584e-01,0.000000000000000000e+00,3.317380666765116191e-03,1.382134821347551223e-01,6.279297514532285185e-02,2.644785719717112737e+00,2.740792958304300697e+00,3.336986927660713143e+00,-1.711176360656972122e+02,-1.773293044022882725e+02,-2.159030542196481406e+02
5.672844179999992775e+01,4.259473644782638679e-01,1.516260789466314374e-01,0.000000000000000000e+00,9.474030217201238370e-04,1.380779409809985425e-01,6.264942163482428716e-02,2.666424549717617332e+00,2.775895180997547840e+00,3.377352656970927569e+00,-1.725176683667298505e+02,-1.796004182105413634e+02,-2.185147169060190322e+02
5.683799929999986489e+01,5.225667633936819101e-01,1.745557279880899371e-01,0.000000000000000000e+00,1.042310313661843901e-01,1.512596861170451001e-01,8.712180857411673529e-02,2.687993673664567318e+00,2.810760571337467262e+00,3.416713517628765295e+00,-1.739131906860975221e+02,-1.818562089655341367e+02,-2.210613645905811211e+02
5.694532649999928253e+01,5.940985147052142423e-01,1.983474273172574076e-01,0.000000000000000000e+00,1.626745335724430475e-01,1.643612804732404176e-01,1.110273453009280598e-01,2.709489685543252868e+00,2.845374140533575513e+00,3.455035186378425216e+00,-1.753039826546484790e+02,-1.840957068925223439e+02,-2.235407765586841151e+02
5.705302510000001348e+01,6.025591320885963498e-01,2.008753384757694382e-01,0.000000000000000000e+00,9.747472421241190621e-02,1.654987646333631879e-01,1.138466534975252770e-01,2.730909190884208471e+00,2.879721008054453524e+00,3.492284246154923721e+00,-1.766898246502082941e+02,-1.863179492211231434e+02,-2.259507907262235733e+02
5.716169179999997141e+01,6.025591320885963498e-01,2.008753384757694382e-01,0.000000000000000000e+00,5.132578563256399301e-02,1.654987646333631879e-01,1.138466534975252770e-01,2.752248807299239264e+00,2.913786408024948926e+00,3.528428215224232112e+00,-1.780704978322607985e+02,-1.885219805992142028e+02,-2.282893055250078191e+02
5.726902650000010908e+01,6.028564186174310002e-01,2.008286180238392782e-01,0.000000000000000000e+00,2.674199814148828583e-02,1.654264277017034601e-01,1.138693586318032247e-01,2.773505165015532903e+00,2.947555695574091583e+00,3.563435575507864606e+00,-1.794457841765049864e+02,-1.907068535036437424e+02,-2.305542817353588418e+02
5.737608029999864812e+01,6.028564186174310002e-01,2.008286180238392782e-01,0.000000000000000000e+00,1.414073838051349043e-02,1.654264277017034601e-01,1.138693586318032247e-01,2.794674907407798337e+00,2.981014353131004491e+00,3.597275800067099460e+00,-1.808154665092845619e+02,-1.928716286475759887e+02,-2.327437442643413590e+02
5.748790240000016638e+01,6.032090648467631766e-01,2.007636860613145890e-01,0.000000000000000000e+00,7.184322775478726303e-03,1.653327890859845606e-01,1.138908534254415988e-01,2.815754691528302711e+00,3.014147996666045159e+00,3.629919379722906569e+00,-1.821793285418812047e+02,-1.950153753842931224e+02,-2.348557838680720522e+02
5.759531619999870600e+01,6.032090648467631766e-01,2.007636860613145890e-01,0.000000000000000000e+00,3.714549606342753933e-03,1.653327890859845606e-01,1.138908534254415988e-01,2.836741188634769539e+00,3.046942381874595540e+00,3.661337848788424054e+00,-1.835371549046695918e+02,-1.971371721072863465e+02,-2.368885588166110381e+02
5.770254919999933918e+01,6.032090648467631766e-01,2.007636860613145890e-01,0.000000000000000000e+00,1.961690694610841376e-03,1.653327890859845606e-01,1.138908534254415988e-01,2.857631084716021785e+00,3.079383410300736479e+00,3.691503809891425902e+00,-1.848887311811266159e+02,-1.992361066464576709e+02,-2.388402964999752669e+02
5.780998139999974228e+01,6.032090648467631766e-01,2.007636860613145890e-01,0.000000000000000000e+00,1.034417847636537281e-03,1.653327890859845606e-01,1.138908534254415988e-01,2.878421081015303695e+00,3.111457135398240315e+00,3.720390957865265413e+00,-1.862338439416901679e+02,-2.013112766602661452e+02,-2.407092949738826917e+02
5.791950759999963338e+01,6.032090648467631766e-01,2.007636860613145890e-01,0.000000000000000000e+00,5.443041580126305526e-04,1.653327890859845606e-01,1.138908534254415988e-01,2.899107894551197440e+00,3.143149768526266818e+00,3.747974102687360975e+00,-1.875722807774624812e+02,-2.033617900236494620e+02,-2.424939244438722596e+02
5.802667769999970915e+01,6.029654216615067952e-01,2.006976641171525078e-01,0.000000000000000000e+00,-3.104001463855909602e-06,1.653061534336518201e-01,1.138131276217789062e-01,2.919688258636035094e+00,3.174447684877143239e+00,3.774229191445259257e+00,-1.889038303337514719e+02,-2.053867652115511646e+02,-2.441926286865082716e+02
5.814261699999951816e+01,6.289144105851112165e-01,1.934898736205210024e-01,0.000000000000000000e+00,-3.142146043589749693e-02,1.564687984997643055e-01,1.138237509912819190e-01,2.940158923391752221e+00,3.205337429333745547e+00,3.799133329311155549e+00,-1.902282823434463808e+02,-2.073853316778933333e+02,-2.458039264064317706e+02
5.824629519999871263e+01,6.485523341680226039e-01,1.880690112242160428e-01,0.000000000000000000e+00,-3.857663483394816600e-02,1.498833046071572639e-01,1.135999471077887846e-01,2.960516656263080471e+00,3.235805722253909167e+00,3.822664799506502398e+00,-1.915454276602213213e+02,-2.093566302298279425e+02,-2.473264125280707049e+02
5.834960899999896355e+01,6.481567202369199476e-01,1.882417276495077785e-01,0.000000000000000000e+00,-1.997028525193721496e-02,1.500659237826942050e-01,1.136449143064399425e-01,2.980758242528003699e+00,3.265839465179410261e+00,3.844803082239371506e+00,-1.928550582915618463e+02,-2.112998133971078403e+02,-2.487587594208873440e+02
5.845485670000016398e+01,6.481567202369199476e-01,1.882417276495077785e-01,0.000000000000000000e+00,-1.071452977616155385e-02,1.500659237826942050e-01,1.136449143064399425e-01,3.000880485805407449e+00,3.295425746467051109e+00,3.865528872598034127e+00,-1.941569674316098713e+02,-2.132140457964182190e+02,-2.500997180570928151e+02
5.856204239999897254e+01,6.481567202369199476e-01,1.882417276495077785e-01,0.000000000000000000e+00,-5.704892513380888618e-03,1.500659237826942050e-01,1.136449143064399425e-01,3.020880208559808988e+00,3.324551846839434610e+00,3.884824097385098263e+00,-1.954509494938196497e+02,-2.150985044905114307e+02,-2.513481191008158646e+02
5.867173790000015288e+01,6.481567202369199476e-01,1.882417276495077785e-01,0.000000000000000000e+00,-3.013327829501227361e-03,1.500659237826942050e-01,1.136449143064399425e-01,3.040754252603142582e+00,3.353205244853040501e+00,3.902671930877627204e+00,-1.967368001434233236e+02,-2.169523793419917297e+02,-2.525028739277825025e+02
5.877917030000025989e+01,6.481567202369199476e-01,1.882417276495077785e-01,0.000000000000000000e+00,-1.571097913296034534e-03,1.500659237826942050e-01,1.136449143064399425e-01,3.060499479593467242e+00,3.381373622281250491e+00,3.919056809499423366e+00,-1.980143163296973512e+02,-2.187748733615969172e+02,-2.535629755746126932e+02
5.888677529999949911e+01,6.481567202369199476e-01,1.882417276495077785e-01,0.000000000000000000e+00,-8.301205501720382990e-04,1.500659237826942050e-01,1.136449143064399425e-01,3.080112771530545412e+00,3.409044869410007284e+00,3.933964445392680087e+00,-1.992832963180262880e+02,-2.205652030508274777e+02,-2.545274996169064252e+02
5.899894639999911305e+01,6.481567202369199476e-01,1.882417276495077785e-01,0.000000000000000000e+00,-4.363646901716214713e-04,1.500659237826942050e-01,1.136449143064399425e-01,3.099591031248218442e+00,3.436207090243847073e+00,3.947381838877223714e+00,-2.005435397217597426e+02,-2.223225987387769180e+02,-2.553956049753563775e+02
5.910657460000038554e+01,6.481567202369199476e-01,1.882417276495077785e-01,0.000000000000000000e+00,-2.260414288308051889e-04,1.500659237826942050e-01,1.136449143064399425e-01,3.118931182903476262e+00,3.462848607620028218e+00,3.959297289786419594e+00,-2.017948475338549201e+02,-2.240463049130158311e+02,-2.561665346491813580e+02
5.921413609999945038e+01,6.481567202369199476e-01,1.882417276495077785e-01,0.000000000000000000e+00,-1.192924661157966447e-04,1.500659237826942050e-01,1.136449143064399425e-01,3.138130172462175072e+00,3.488957968228599160e+00,3.969700407669892073e+00,-2.030370221583027330e+02,-2.257355805443903876e+02,-2.568396163762420201e+02
5.932133900000007998e+01,6.481567202369199476e-01,1.882417276495077785e-01,0.000000000000000000e+00,-6.299712910122646093e-05,1.500659237826942050e-01,1.136449143064399425e-01,3.157184968181301343e+00,3.514523947536238424e+00,3.978582120854150972e+00,-2.042698674413302058e+02,-2.273896994055946266e+02,-2.574142632192636029e+02
5.942985260000023118e+01,6.481567202369199476e-01,1.882417276495077785e-01,0.000000000000000000e+00,-3.320238651783370156e-05,1.500659237826942050e-01,1.136449143064399425e-01,3.176092561087719091e+00,3.539535554611721757e+00,3.985934684353228619e+00,-2.054931887023754200e+02,-2.290079503833784145e+02,-2.578899740776539034e+02
5.953713009999955830e+01,6.547720715533631441e-01,1.866235295916297277e-01,0.000000000000000000e+00,-7.082781868122938786e-03,1.480273113247257133e-01,1.136497113907933426e-01,3.194849965453328000e+00,3.563982036850986468e+00,3.991751686622422302e+00,-2.067067927648303396e+02,-2.305896377842588265e+02,-2.582663341244707453e+02
5.964418200000000070e+01,6.567979815088742512e-01,1.861149970066447445e-01,0.000000000000000000e+00,-5.973810532009350173e-03,1.473940305380822546e-01,1.136388660297270869e-01,3.213454219266534295e+00,3.587852884599708858e+00,3.996028055149252634e+00,-2.079104879865447799e+02,-2.321340816336011699e+02,-2.585430151681566713e+02
5.975286090000008699e+01,7.271564591542900580e-01,1.707004583529481978e-01,0.000000000000000000e+00,-6.877172896512559475e-02,1.275247916753810273e-01,1.134727896460524660e-01,3.231902384699994357e+00,3.611137835671462515e+00,3.998760060876775935e+00,-2.091040842900896450e+02,-2.336406179679436264e+02,-2.587197759387274232e+02
5.986004209999919112e+01,7.307185761297216864e-01,1.698880131962120787e-01,0.000000000000000000e+00,-3.955589194645186407e-02,1.265147562634401923e-01,1.133840971007779724e-01,3.250191548574527189e+00,3.633826879759479489e+00,3.999945321455371960e+00,-2.102873931927719298e+02,-2.351085991204383276e+02,-2.587964622981625666e+02
5.996756599999935133e+01,7.311714902031676289e-01,1.698332809216182571e-01,0.000000000000000000e+00,-2.115580437323815247e-02,1.264226477323852627e-01,1.134048387368657568e-01,3.268318822819140657e+00,3.655910262740122540e+00,3.999582803320191449e+00,-2.114602278363984169e+02,-2.365373939992859391e+02,-2.587730073748164159e+02
6.008503269999891927e+01,7.311714902031676289e-01,1.698332809216182571e-01,0.000000000000000000e+00,-1.109794737652406924e-02,1.264226477323852627e-01,1.134048387368657568e-01,3.286281344927097336e+00,3.677378490866230365e+00,3.997672822592439168e+00,-2.126224030167832098e+02,-2.379263883590451201e+02,-2.586494316217307983e+02
6.019432289999895147e+01,7.315705012891062786e-01,1.697936779509999772e-01,0.000000000000000000e+00,-5.779127501093715355e-03,1.263479182752496044e-01,1.134288174126784204e-01,3.304076278407925837e+00,3.698222334848521697e+00,3.994217044803710870e+00,-2.137737352129928183e+02,-2.392749850646993650e+02,-2.584258427988000903e+02
6.030733700000018871e+01,7.320278456095090647e-01,1.697402137697094915e-01,0.000000000000000000e+00,-3.260008705705894766e-03,1.262562612805378237e-01,1.134508556955267783e-01,3.321700813235344718e+00,3.718432833823309913e+00,3.989218483443626617e+00,-2.149140426163268103e+02,-2.405826043483681644e+02,-2.581024358788026802e+02
6.041624219999903289e+01,7.320278456095090647e-01,1.697402137697094915e-01,0.000000000000000000e+00,-1.680577119824884329e-03,1.262562612805378237e-01,1.134508556955267783e-01,3.339152166290994650e+00,3.738001299204817940e+00,3.982681497332019482e+00,-2.160431451590273753e+02,-2.418486840585517257e+02,-2.576794928773816764e+02
6.052525280000008934e+01,7.314772885854172735e-01,1.695963499804077901e-01,0.000000000000000000e+00,-1.509148183070975133e-03,1.262116415403242986e-01,1.132852305747472643e-01,3.356427581803924642e+00,3.756919318420439691e+00,3.974611786817985770e+00,-2.171608645427139379e+02,-2.430726799018024451e+02,-2.571573826071236795e+02
6.063580869999896095e+01,7.314772885854172735e-01,1.695963499804077901e-01,0.000000000000000000e+00,-7.909830409108720064e-04,1.262116415403242986e-01,1.132852305747472643e-01,3.373524331785763941e+00,3.775178758527351075e+00,3.965016388809089687e+00,-2.182670242665389253e+02,-2.442540656767196197e+02,-2.565365603559480974e+02
6.074498739999944519e+01,7.314772885854172735e-01,1.695963499804077901e-01,0.000000000000000000e+00,-4.111638886649922678e-04,1.262116415403242986e-01,1.132852305747472643e-01,3.390439716461498776e+00,3.792771769708887852e+00,3.953903670635077638e+00,-2.193614496550589763e+02,-2.453923335001650514e+02,-2.558175674900895444e+02
6.085374400000000605e+01,7.323246082938643653e-01,1.695027670460213520e-01,0.000000000000000000e+00,-6.244952873241876390e-04,1.260460170907551636e-01,1.133295619501586138e-01,3.407171064695797114e+00,3.809690788649226612e+00,3.941283322751445439e+00,-2.204439678858180969e+02,-2.464869940256049858e+02,-2.550010309820185341e+02
6.096758659999977681e+01,7.323246082938643653e-01,1.695027670460213520e-01,0.000000000000000000e+00,-3.276734158372986280e-04,1.260460170907551636e-01,1.133295619501586138e-01,3.423715734414819245e+00,3.825928541784880288e+00,3.927166350289210683e+00,-2.215144080166388108e+02,-2.475375766534817785e+02,-2.540876628637119552e+02
6.107567360000030021e+01,7.323246082938643653e-01,1.695027670460213520e-01,0.000000000000000000e+00,-1.679359545958223623e-04,1.260460170907551636e-01,1.133295619501586138e-01,3.440071113023423610e+00,3.841478048431646641e+00,3.911565063458282587e+00,-2.225726010126155074e+02,-2.485436297335275526e+02,-2.530782596057509011e+02
6.118776149999939662e+01,7.323246082938643653e-01,1.695027670460213520e-01,0.000000000000000000e+00,-8.821880018512116796e-05,1.260460170907551636e-01,1.133295619501586138e-01,3.456234617817729671e+00,3.856332623785630798e+00,3.894493066812767079e+00,-2.236183797728071170e+02,-2.495047207589303184e+02,-2.519737014227860357e+02
6.129502469999897585e+01,7.323246082938643653e-01,1.695027670460213520e-01,0.000000000000000000e+00,-4.573171357670935844e-05,1.260460170907551636e-01,1.133295619501586138e-01,3.472203696392958783e+00,3.870485881797071759e+00,3.875965247387598289e+00,-2.246515791566244502e+02,-2.504204365522705586e+02,-2.507749515059776115e+02
6.140233679999982996e+01,7.323246082938643653e-01,1.695027670460213520e-01,0.000000000000000000e+00,-2.415970992015751816e-05,1.260460170907551636e-01,1.133295619501586138e-01,3.487975827046482902e+00,3.883931737915735205e+00,3.855997761716829064e+00,-2.256720360099074583e+02,-2.512903834431480732e+02,-2.494830551830788465e+02
6.150926110000000335e+01,7.323246082938643653e-01,1.695027670460213520e-01,0.000000000000000000e+00,-1.274431710315723642e-05,1.260460170907551636e-01,1.133295619501586138e-01,3.503548519176036269e+00,3.896664411706691755e+00,3.834608021744875472e+00,-2.266795891906895690e+02,-2.521141874374229701e+02,-2.480991390068934663e+02
6.161868440000034752e+01,7.536462749852019805e-01,1.654882003712887240e-01,0.000000000000000000e+00,-1.752622870334602165e-02,1.206737587329247269e-01,1.132439332388083253e-01,3.518919313673006144e+00,3.908678429335348703e+00,3.811814679643063641e+00,-2.276740795946435014e+02,-2.528914943779970770e+02,-2.466244097729062332e+02
6.172566349999942759e+01,9.243789027003579406e-01,1.425746997633706992e-01,0.000000000000000000e+00,-9.710798971173571770e-02,8.587708983471795121e-02,1.138097994644357430e-01,3.534085783310759510e+00,3.919968625920680516e+00,3.787637611544641736e+00,-2.286553501802061419e+02,-2.536219700970680435e+02,-2.450601534669383170e+02
6.183280980000017735e+01,9.243789027003579406e-01,0.000000000000000000e+00,0.000000000000000000e+00,0.000000000000000000e+00,0.000000000000000000e+00,0.000000000000000000e+00,3.549045533127924035e+00,3.930530147755630921e+00,3.762097900212502566e+00,-2.296232459933766847e+02,-2.543053005597893446e+02,-2.434077341437489395e+02
6.194420269999864104e+01,9.243789027003579406e-01,0.000000000000000000e+00,0.000000000000000000e+00,0.000000000000000000e+00,0.000000000000000000e+00,0.000000000000000000e+00,3.563796200806585102e+00,3.940358454393746435e+00,3.735217816654708756e+00,-2.305776141921860756e+02,-2.549411919992754179e+02,-2.416685927375596634e+02
6.204814970000006724e+01,9.243789027003579406e-01,0.000000000000000000e+00,0.000000000000000000e+00,0.000000000000000000e+00,0.000000000000000000e+00,0.000000000000000000e+00,3.578335457045320744e+00,3.949449320601134517e+00,3.707020800703823671e+00,-2.315183040708322721e+02,-2.555293710428934162e+02,-2.398442458055374118e+02
6.215400989999943704e+01,9.243789027003579406e-01,0.000000000000000000e+00,0.000000000000000000e+00,0.000000000000000000e+00,0.000000000000000000e+00,0.000000000000000000e+00,3.592661005927025641e+00,3.957798838172907452e+00,3.677531440577054056e+00,-2.324451670834785659e+02,-2.560695848297871180e+02,-2.379362842053353972e+02
6.226187670000035723e+01,9.243789027003579406e-01,0.000000000000000000e+00,0.000000000000000000e+00,0.000000000000000000e+00,0.000000000000000000e+00,0.000000000000000000e+00,3.606770585281466879e+00,3.965403417613345916e+00,3.646775451434933757e+00,-2.333580568677109284e+02,-2.565616011195834858e+02,-2.359463717078402283e+02
6.237029359999905864e+01,9.243789027003579406e-01,0.000000000000000000e+00,0.000000000000000000e+00,0.000000000000000000e+00,0.000000000000000000e+00,0.000000000000000000e+00,3.620661967042498652e+00,3.972259789679029041e+00,3.614779652957333056e+00,-2.342568292676496640e+02,-2.570052083922332145e+02,-2.338762435463394525e+02
6.247741549999955168e+01,9.243789027003579406e-01,0.000000000000000000e+00,0.000000000000000000e+00,0.000000000000000000e+00,0.000000000000000000e+00,0.000000000000000000e+00,3.634332957599909264e+00,3.978365006784305269e+00,3.581571945956310454e+00,-2.351413423567141479e+02,-2.574002159389445410e+02,-2.317277049033733078e+02
6.258439989999897080e+01,9.243789027003579406e-01,0.000000000000000000e+00,0.000000000000000000e+00,0.000000000000000000e+00,0.000000000000000000e+00,0.000000000000000000e+00,3.647781398145807152e+00,3.983716444268468493e+00,3.547181288046161729e+00,-2.360114564600337417e+02,-2.577464539441699003e+02,-2.295026293365866650e+02
6.269818379999924218e+01,9.243789027003579406e-01,0.000000000000000000e+00,0.000000000000000000e+00,0.000000000000000000e+00,0.000000000000000000e+00,0.000000000000000000e+00,3.661005165015532192e+00,3.988311801524111466e+00,3.511637668391982103e+00,-2.368670341765049443e+02,-2.580437735586100416e+02,-2.272029571449612604e+02
6.280540549999932409e+01,9.243789027003579406e-01,0.000000000000000000e+00,0.000000000000000000e+00,0.000000000000000000e+00,0.000000000000000000e+00,0.000000000000000000e+00,3.674002170023002556e+00,3.992149102986172871e+00,3.474972081558641790e+00,-2.377079404004882690e+02,-2.582920469632053937e+02,-2.248306936768441346e+02
6.291339479999987816e+01,9.243789027003579406e-01,0.000000000000000000e+00,0.000000000000000000e+00,0.000000000000000000e+00,0.000000000000000000e+00,0.000000000000000000e+00,3.686770360790459833e+00,3.995226698981233948e+00,3.437216500483070369e+00,-2.385340423431427723e+02,-2.584911674240858588e+02,-2.223879075812546660e+02
6.302535449999959383e+01,9.243789027003579406e-01,0.000000000000000000e+00,0.000000000000000000e+00,0.000000000000000000e+00,0.000000000000000000e+00,0.000000000000000000e+00,3.699307721072568000e+00,3.997543266436727194e+00,3.398403848593402721e+00,-2.393452095533951649e+02,-2.586410493384562415e+02,-2.198767290039931765e+02
6.313269539999964763e+01,9.243789027003579406e-01,0.000000000000000000e+00,0.000000000000000000e+00,0.000000000000000000e+00,0.000000000000000000e+00,0.000000000000000000e+00,3.711612271074802738e+00,3.999097809449727592e+00,3.358567971099221783e+00,-2.401413139385397528e+02,-2.587416282713973601e+02,-2.172993477301196492e+02
6.323979609999878448e+01,9.243789027003579406e-01,0.000000000000000000e+00,0.000000000000000000e+00,0.000000000000000000e+00,0.000000000000000000e+00,0.000000000000000000e+00,3.723682067766076909e+00,3.999889659715096801e+00,3.317743605478071789e+00,-2.409222297844651735e+02,-2.587928609835667544e+02,-2.146580112744312601e+02
6.334855989999960002e+01,9.243789027003579406e-01,0.000000000000000000e+00,0.000000000000000000e+00,0.000000000000000000e+00,0.000000000000000000e+00,0.000000000000000000e+00,3.735515205185578225e+00,3.999918476812790225e+00,3.275966351183823733e+00,-2.416878337755069310e+02,-2.587947254497875633e+02,-2.119550229215934110e+02
6.346758249999948021e+01,9.243789027003579406e-01,0.000000000000000000e+00,0.000000000000000000e+00,0.000000000000000000e+00,0.000000000000000000e+00,0.000000000000000000e+00,3.747109814743732947e+00,3.999184248354206161e+00,3.233272638603461147e+00,-2.424380050139195362e+02,-2.587472208685171609e+02,-2.091927397176439456e+02
6.357168590000037511e+01,9.243789027003579406e-01,0.000000000000000000e+00,0.000000000000000000e+00,0.000000000000000000e+00,0.000000000000000000e+00,0.000000000000000000e+00,3.758464065517283181e+00,3.997687289987510439e+00,3.189699697289199332e+00,-2.431726250389682207e+02,-2.586503676621919112e+02,-2.063735704146112084e+02
6.367511829999966722e+01,9.243789027003579406e-01,0.000000000000000000e+00,0.000000000000000000e+00,0.000000000000000000e+00,0.000000000000000000e+00,0.000000000000000000e+00,3.769576164538408491e+00,3.995428245261940070e+00,3.145285523493805968e+00,-2.438915778456350267e+02,-2.585042074684475324e+02,-2.034999733700492470e+02
6.377887379999992845e+01,9.243789027003579406e-01,0.000000000000000000e+00,0.000000000000000000e+00,0.000000000000000000e+00,0.000000000000000000e+00,0.000000000000000000e+00,3.780444357077858530e+00,3.992408085351136116e+00,3.100068847037264597e+00,-2.445947499029374512e+02,-2.583088031222185350e+02,-2.005744544033110230e+02
6.388253520000034769e+01,9.243789027003579406e-01,0.000000000000000000e+00,0.000000000000000000e+00,0.000000000000000000e+00,0.000000000000000000e+00,0.000000000000000000e+00,3.791066926922042946e+00,3.988628108635630554e+00,3.054089097533812414e+00,-2.452820301718561780e+02,-2.580642386287253203e+02,-1.975995646104376817e+02
6.399408989999938058e+01,9.243789027003579406e-01,0.000000000000000000e+00,0.000000000000000000e+00,0.000000000000000000e+00,0.000000000000000000e+00,0.000000000000000000e+00,3.801442196644042149e+00,3.984089940144671882e+00,3.007386370008747090e+00,-2.459533101228695386e+02,-2.577706191273603054e+02,-1.945778981395659457e+02
6.410881049999989045e+01,9.243789027003579406e-01,0.000000000000000000e+00,0.000000000000000000e+00,0.000000000000000000e+00,0.000000000000000000e+00,0.000000000000000000e+00,3.811568527868494094e+00,3.978795530857611951e+00,2.960001389934929783e+00,-2.466084837530915763e+02,-2.574280708464875147e+02,-1.915120899287899761e+02
6.421357539999917208e+01,9.243789027003579406e-01,0.000000000000000000e+00,0.000000000000000000e+00,0.000000000000000000e+00,0.000000000000000000e+00,0.000000000000000000e+00,3.821444321530309551e+00,3.972747156865173324e+00,2.911975477719611849e+00,-2.472474476030110395e+02,-2.570367410491767259e+02,-1.884048134084588924e+02
6.431925839999894379e+01,9.243789027003579406e-01,0.000000000000000000e+00,0.000000000000000000e+00,0.000000000000000000e+00,0.000000000000000000e+00,0.000000000000000000e+00,3.831068018127185226e+00,3.965947418390949331e+00,2.863350512672385051e+00,-2.478701007728288914e+02,-2.565967979698944532e+02,-1.852587781699033087e+02
6.443391569999948842e+01,9.243789027003579406e-01,0.000000000000000000e+00,0.000000000000000000e+00,0.000000000000000000e+00,0.000000000000000000e+00,0.000000000000000000e+00,3.840438097965867659e+00,3.958399238673552922e+00,2.814168896485819360e+00,-2.484763449383916623e+02,-2.561084307421788822e+02,-1.820767276026325305e+02
6.454258049999953073e+01,9.243789027003579406e-01,0.000000000000000000e+00,0.000000000000000000e+00,0.000000000000000000e+00,0.000000000000000000e+00,0.000000000000000000e+00,3.849553081402129262e+00,3.950105862709904159e+00,2.764473516260572250e+00,-2.490660843667177744e+02,-2.555718493173308161e+02,-1.788614365020590355e+02
6.466293000000041502e+01,9.243789027003579406e-01,0.000000000000000000e+00,0.000000000000000000e+00,0.000000000000000000e+00,0.000000000000000000e+00,0.000000000000000000e+00,3.858411529074420088e+00,3.941070855860191902e+00,2.714307707107159295e+00,-2.496392259311149928e+02,-2.549872843741544273e+02,-1.756157086498332092e+02
6.477738499999941268e+01,9.243789027003579406e-01,0.000000000000000000e+00,0.000000000000000000e+00,0.000000000000000000e+00,0.000000000000000000e+00,0.000000000000000000e+00,3.867012042131163341e+00,3.931298102315108789e+00,2.663715214357141647e+00,-2.501956791258862722e+02,-2.543549872197875459e+02,-1.723423743689070591e+02
6.489410949999910372e+01,9.243789027003579406e-01,0.000000000000000000e+00,0.000000000000000000e+00,0.000000000000000000e+00,0.000000000000000000e+00,0.000000000000000000e+00,3.875353262451646241e+00,3.920791803426020738e+00,2.612740155416501064e+00,-2.507353560806215285e+02,-2.536752296816635521e+02,-1.690442880554476233e+02
6.500177040000016859e+01,9.243789027003579406e-01,0.000000000000000000e+00,0.000000000000000000e+00,0.000000000000000000e+00,0.000000000000000000e+00,0.000000000000000000e+00,3.883433872860486247e+00,3.909556475898782857e+00,2.561426981294628646e+00,-2.512581715740734580e+02,-2.529483039906512545e+02,-1.657243256897624804e+02
6.510910510000030627e+01,9.243789027003579406e-01,0.000000000000000000e+00,0.000000000000000000e+00,0.000000000000000000e+00,0.000000000000000000e+00,0.000000000000000000e+00,3.891252597335627339e+00,3.897596949851993564e+00,2.509820437842398722e+00,-2.517640430476151039e+02,-2.521745226554239991e+02,-1.623853823284032103e+02
6.521743509999942034e+01,9.243789027003579406e-01,0.000000000000000000e+00,0.000000000000000000e+00,0.000000000000000000e+00,0.000000000000000000e+00,0.000000000000000000e+00,3.898808201209835289e+00,3.884918366740497842e+00,2.457965526733079109e+00,-2.522528906182763535e+02,-2.513542183281102211e+02,-1.590303695796302179e+02
6.532471090000035474e+01,9.243789027003579406e-01,0.000000000000000000e+00,0.000000000000000000e+00,0.000000000000000000e+00,0.000000000000000000e+00,0.000000000000000000e+00,3.906099491365671916e+00,3.871526177145059755e+00,2.405907466220253088e+00,-2.527246370913589715e+02,-2.504877436612853785e+02,-1.556622130644503841e+02
6.543617629999971541e+01,9.243789027003579406e-01,0.000000000000000000e+00,0.000000000000000000e+00,0.000000000000000000e+00,0.000000000000000000e+00,0.000000000000000000e+00,3.913125316423897715e+00,3.857426138429126183e+00,2.353691651706786292e+00,-2.531792079726261875e+02,-2.495754711563644719e+02,-1.522838498654290902e+02
6.554704680000031658e+01,9.243789027003579406e-01,0.000000000000000000e+00,0.000000000000000000e+00,0.000000000000000000e+00,0.000000000000000000e+00,0.000000000000000000e+00,3.919884566925291747e+00,3.842624312263710706e+00,2.301363616159377123e+00,-2.536165314800663850e+02,-2.486177930034620829e+02,-1.488982259655116991e+02
6.565397949999896809e+01,9.243789027003579406e-01,0.000000000000000000e+00,0.000000000000000000e+00,0.000000000000000000e+00,0.000000000000000000e+00,0.000000000000000000e+00,3.926376175505842614e+00,3.827127062021457693e+00,2.248968990403155566e+00,-2.540365385552280202e+02,-2.476151209127883135e+02,-1.455082936790841757e+02
6.576408869999977469e+01,9.243789027003579406e-01,0.000000000000000000e+00,0.000000000000000000e+00,0.000000000000000000e+00,0.000000000000000000e+00,0.000000000000000000e+00,3.932599117065302963e+00,3.810941050040996370e+00,2.196553463330876532e+00,-2.544391628741251168e+02,-2.465678859376524770e+02,-1.421170090775077313e+02
6.587295059999996738e+01,9.243789027003579406e-01,0.000000000000000000e+00,0.000000000000000000e+00,0.000000000000000000e+00,0.000000000000000000e+00,0.000000000000000000e+00,3.938552408929061777e+00,3.794073234762771918e+00,2.144162742061579863e+00,-2.548243408577102969e+02,-2.454765382891513639e+02,-1.387273294113842326e+02
6.598334090000025753e+01,9.243789027003579406e-01,0.000000000000000000e+00,0.000000000000000000e+00,0.000000000000000000e+00,0.000000000000000000e+00,0.000000000000000000e+00,3.944235111003320249e+00,3.776530867737579733e+00,2.091842512083256889e+00,-2.551920116819148348e+02,-2.443415471426214083e+02,-1.353422105317867192e+02
6.609427759999925911e+01,9.243789027003579406e-01,0.000000000000000000e+00,0.000000000000000000e+00,0.000000000000000000e+00,0.000000000000000000e+00,0.000000000000000000e+00,3.949646325923546364e+00,3.758321490509090701e+00,2.039638397414445414e+00,-2.555421172872534612e+02,-2.431634004359381720e+02,-1.319646043127146129e+02
6.620467169999938051e+01,9.243789027003579406e-01,0.000000000000000000e+00,0.000000000000000000e+00,0.000000000000000000e+00,0.000000000000000000e+00,0.000000000000000000e+00,3.954785199196174439e+00,3.739452931371706867e+00,1.987595920819424711e+00,-2.558746023879924962e+02,-2.419426046597494349e+02,-1.285974560770167727e+02
6.631451459999880171e+01,9.243789027003579406e-01,0.000000000000000000e+00,0.000000000000000000e+00,0.000000000000000000e+00,0.000000000000000000e+00,0.000000000000000000e+00,3.959650919333543406e+00,3.719933302005143272e+00,1.935760464111645929e+00,-2.561894144808802594e+02,-2.406796846397327840e+02,-1.252437020280234918e+02
6.642376510000030976e+01,9.243789027003579406e-01,0.000000000000000000e+00,0.000000000000000000e+00,0.000000000000000000e+00,0.000000000000000000e+00,0.000000000000000000e+00,3.964242717982038311e+00,3.699770993987177459e+00,1.884177228580158792e+00,-2.564865038534379096e+02,-2.393751833109703853e+02,-1.219062666891362738e+02
6.653455500000018219e+01,9.243789027003579406e-01,0.000000000000000000e+00,0.000000000000000000e+00,0.000000000000000000e+00,0.000000000000000000e+00,0.000000000000000000e+00,3.968559870043422588e+00,3.678974675186077015e+00,1.832891195573402410e+00,-2.567658235918094647e+02,-2.380296614845391900e+02,-1.185880603535991469e+02
6.664924830000018119e+01,9.243789027003579406e-01,0.000000000000000000e+00,0.000000000000000000e+00,0.000000000000000000e+00,0.000000000000000000e+00,0.000000000000000000e+00,3.972601693789339805e+00,3.657553286034231466e+00,1.781947087274758479e+00,-2.570273295881702893e+02,-2.366436976064147757e+02,-1.152919765466768780e+02
6.675910639999892737e+01,9.243789027003579406e-01,0.000000000000000000e+00,0.000000000000000000e+00,0.000000000000000000e+00,0.000000000000000000e+00,0.000000000000000000e+00,3.976367550968966214e+00,3.635516035684635661e+00,1.731389327704215386e+00,-2.572709805476921474e+02,-2.352178875087959398e+02,-1.120208895024627367e+02
6.686989499999981490e+01,9.243789027003579406e-01,0.000000000000000000e+00,0.000000000000000000e+00,0.000000000000000000e+00,0.000000000000000000e+00,0.000000000000000000e+00,3.979856846909797685e+00,3.612872398051822920e+00,1.681262003979919317e+00,-2.574967379950639383e+02,-2.337528441539529638e+02,-1.087776516575007832e+02
6.697936209999897983e+01,9.243789027003579406e-01,0.000000000000000000e+00,0.000000000000000000e+00,0.000000000000000000e+00,0.000000000000000000e+00,0.000000000000000000e+00,3.983069030611556371e+00,3.589632107738983890e+00,1.631608827873540335e+00,-2.577045662805676898e+02,-2.322491973707122668e+02,-1.055650911634180602e+02
6.708698149999872840e+01,9.243789027003579406e-01,0.000000000000000000e+00,0.000000000000000000e+00,0.000000000000000000e+00,0.000000000000000000e+00,0.000000000000000000e+00,3.986003594833197994e+00,3.565805155853031039e+00,1.582473097692997932e+00,-2.578944325857079320e+02,-2.307075935836911071e+02,-1.023860094207369684e+02
6.719403899999997520e+01,9.243789027003579406e-01,0.000000000000000000e+00,0.000000000000000000e+00,0.000000000000000000e+00,0.000000000000000000e+00,0.000000000000000000e+00,3.988660076173014879e+00,3.541401785709351824e+00,1.533897660525653794e+00,-2.580663069283940558e+02,-2.291286955353950816e+02,-9.924317863600980161e+01
6.730291609999949287e+01,9.243789027003579406e-01,0.000000000000000000e+00,0.000000000000000000e+00,0.000000000000000000e+00,0.000000000000000000e+00,0.000000000000000000e+00,3.991038055141808094e+00,3.516432488428182346e+00,1.485924874875028667e+00,-2.582201621676749710e+02,-2.275131820013034201e+02,-9.613933940441435766e+01
6.741011520000029122e+01,9.243789027003579406e-01,0.000000000000000000e+00,0.000000000000000000e+00,0.000000000000000000e+00,0.000000000000000000e+00,0.000000000000000000e+00,3.993137156229130902e+00,3.490907998424416903e+00,1.438596573723578409e+00,-2.583559740080247593e+02,-2.258617474980597706e+02,-9.307719831991552439e+01
6.751946549999956915e+01,9.243789027003579406e-01,0.000000000000000000e+00,0.000000000000000000e+00,0.000000000000000000e+00,0.000000000000000000e+00,0.000000000000000000e+00,3.994957047962589769e+00,3.464839288792835426e+00,1.391954028053667525e+00,-2.584737210031795485e+02,-2.241751019848964575e+02,-9.005942561507229982e+01
6.763377380000019912e+01,9.243789027003579406e-01,0.000000000000000000e+00,0.000000000000000000e+00,0.000000000000000000e+00,0.000000000000000000e+00,0.000000000000000000e+00,3.996497442960182056e+00,3.438237566590724548e+00,1.346037910858707498e+00,-2.585733845595237881e+02,-2.224539705584198828e+02,-8.708865283255838108e+01
6.774357219999910740e+01,9.243789027003579406e-01,0.000000000000000000e+00,0.000000000000000000e+00,0.000000000000000000e+00,0.000000000000000000e+00,0.000000000000000000e+00,3.997758097975681046e+00,3.411114268019896922e+00,1.300888261675660074e+00,-2.586549489390265535e+02,-2.206990931408873280e+02,-8.416747053041521553e+01
6.785741520000010496e+01,9.243789027003579406e-01,0.000000000000000000e+00,0.000000000000000000e+00,0.000000000000000000e+00,0.000000000000000000e+00,0.000000000000000000e+00,3.998738813937046110e+00,3.383481053510241754e+00,1.256544451669983076e+00,-2.587184012617269104e+02,-2.189112241621126600e+02,-8.129842602304790944e+01
6.796871199999986857e+01,9.243789027003579406e-01,0.000000000000000000e+00,0.000000000000000000e+00,0.000000000000000000e+00,0.000000000000000000e+00,0.000000000000000000e+00,3.999439435977857560e+00,3.355349802706830253e+00,1.213045149303406012e+00,-2.587637315077673748e+02,-2.170911322351319370e+02,-7.848402115993037853e+01
6.807719240000005811e+01,9.243789027003579406e-01,0.000000000000000000e+00,0.000000000000000000e+00,0.000000000000000000e+00,0.000000000000000000e+00,0.000000000000000000e+00,3.999859853461773529e+00,3.326732609362809789e+00,1.170428286614417113e+00,-2.587909325189767742e+02,-2.152395998257738086e+02,-7.572671014395278632e+01
6.818420439999863447e+01,9.243789027003579406e-01,0.000000000000000000e+00,0.000000000000000000e+00,0.000000000000000000e+00,0.000000000000000000e+00,0.000000000000000000e+00,4.000000000000000000e+00,3.297641776140250336e+00,1.128731026141004845e+00,-2.588000000000000114e+02,-2.133574229162742029e+02,-7.302889739132301372e+01
6.829152020000037737e+01,9.243789027003579406e-01,0.000000000000000000e+00,0.000000000000000000e+00,0.000000000000000000e+00,0.000000000000000000e+00,0.000000000000000000e+00,3.999859853461773529e+00,3.268089809321157446e+00,1.087989728514336285e+00,-2.587909325189767742e+02,-2.114454106630788885e+02,-7.039293543487755755e+01
6.839917339999919932e+01,9.243789027003579406e-01,0.000000000000000000e+00,0.000000000000000000e+00,0.000000000000000000e+00,0.000000000000000000e+00,0.000000000000000000e+00,3.999439435977857116e+00,3.238089413430984109e+00,1.048239920751760312e+00,-2.587637315077673748e+02,-2.095043850489846875e+02,-6.782112287263889527e+01
6.851168879999931960e+01,9.243789027003579406e-01,0.000000000000000000e+00,0.000000000000000000e+00,0.000000000000000000e+00,0.000000000000000000e+00,0.000000000000000000e+00,3.998738813937046110e+00,3.207653485776885027e+00,1.009516265276735991e+00,-2.587184012617269104e+02,-2.075351805297644603e+02,-6.531570236340482438e+01
6.861948109999866574e+01,9.243789027003579406e-01,0.000000000000000000e+00,0.000000000000000000e+00,0.000000000000000000e+00,0.000000000000000000e+00,0.000000000000000000e+00,3.997758097975681046e+00,3.176795110903109176e+00,9.718525296926499024e-01,-2.586549489390265535e+02,-2.055386436754311603e+02,-6.287885867111445037e+01
6.872336019999966084e+01,9.243789027003579406e-01,0.000000000000000000e+00,0.000000000000000000e+00,0.000000000000000000e+00,0.000000000000000000e+00,0.000000000000000000e+00,3.996497442960182056e+00,3.145527554965894090e+00,9.352815573370003577e-01,-2.585733845595237881e+02,-2.035156328062933540e+02,-6.051271675970392749e+01
6.882910669999910169e+01,9.243789027003579406e-01,0.000000000000000000e+00,0.000000000000000000e+00,0.000000000000000000e+00,0.000000000000000000e+00,0.000000000000000000e+00,3.994957047962589769e+00,3.113864260030283049e+00,8.998352386414882886e-01,-2.584737210031795485e+02,-2.014670176239593218e+02,-5.821933994010429814e+01
6.893355139999948733e+01,9.243789027003579406e-01,0.000000000000000000e+00,0.000000000000000000e+00,0.000000000000000000e+00,0.000000000000000000e+00,0.000000000000000000e+00,3.993137156229130902e+00,3.081818838291322749e+00,8.655444833230994117e-01,-2.583559740080247593e+02,-1.993936788374485900e+02,-5.600072807100453787e+01
6.904113789999973960e+01,9.243789027003579406e-01,0.000000000000000000e+00,0.000000000000000000e+00,0.000000000000000000e+00,0.000000000000000000e+00,0.000000000000000000e+00,3.991038055141807650e+00,3.049405066222116822e+00,8.324391934303836393e-01,-2.582201621676749710e+02,-1.972965077845709629e+02,-5.385881581494582093e+01
6.914487059999919438e+01,9.243789027003579406e-01,0.000000000000000000e+00,0.000000000000000000e+00,0.000000000000000000e+00,0.000000000000000000e+00,0.000000000000000000e+00,3.988660076173014879e+00,3.016636878651257625e+00,8.005482372683956349e-01,-2.580663069283940558e+02,-1.951764060487363679e+02,-5.179547095126520162e+01
6.924828150000030291e+01,-3.105252624175954157e+00,1.565828014816619262e-01,0.000000000000000000e+00,7.005076844268804948e-01,-1.564794214126628558e-01,-5.688971278167716424e-03,3.986003594833197994e+00,2.983528362772182252e+00,7.698994242251355757e-01,-2.578944325857079320e+02,-1.930342850713601877e+02,-4.981249274736627086e+01
6.935199859999920591e+01,-2.920357667430948378e+00,2.795578781796012602e-01,0.000000000000000000e+00,9.334700026116192761e-01,-2.727442684223798652e-01,-6.134469247637957395e-02,3.983069030611555483e+00,2.950093752087012966e+00,7.405194805213213272e-01,-2.577045662805676329e+02,-1.908710657600297509e+02,-4.791161038972948916e+01
6.947253369999998540e+01,-2.789739925008621224e+00,4.375419419830061107e-01,0.000000000000000000e+00,1.213016996690833071e+00,-4.107362868644540699e-01,-1.507934138053157180e-01,3.979856846909797241e+00,2.916347420287523917e+00,7.124340259047399204e-01,-2.574967379950638815e+02,-1.886876780926027948e+02,-4.609448147603667678e+01
6.958572099999946658e+01,-2.695889606598103061e+00,5.063222003390356329e-01,0.000000000000000000e+00,9.023265721187482269e-01,-4.568584758609282592e-01,-2.182716280009661391e-01,3.976367550968965769e+00,2.882303875075823640e+00,6.856675513094514507e-01,-2.572709805476920906e+02,-1.864850607174057870e+02,-4.436269056972150793e+01
6.970030429999860644e+01,-2.625313941857184918e+00,5.669694666454140330e-01,0.000000000000000000e+00,7.347301454177680435e-01,-4.930719141890499979e-01,-2.798829461509424466e-01,3.972601693789339361e+00,2.847977751927416978e+00,6.602433974993247023e-01,-2.570273295881702893e+02,-1.842641605497038881e+02,-4.271774781820631262e+01
6.981270570000015141e+01,-2.630075797303728535e+00,6.319962752427447095e-01,0.000000000000000000e+00,6.520479083800536646e-01,-5.511026537996028818e-01,-3.093625007911239844e-01,3.968559870043422144e+00,2.813383807799358038e+00,6.361837347145355981e-01,-2.567658235918094078e+02,-1.820259323646184839e+02,-4.116108763603045162e+01
6.992475670000021637e+01,-2.642165352956746815e+00,6.885662838181406675e-01,0.000000000000000000e+00,5.759827301750777284e-01,-6.044627216518648760e-01,-3.297701401648494013e-01,3.964242717982037867e+00,2.778536914786151613e+00,6.135095433387973696e-01,-2.564865038534378527e+02,-1.797713383866640129e+02,-3.969406745402019254e+01
7.003450419999899168e+01,-2.641439415463469498e+00,6.882142297460949187e-01,0.000000000000000000e+00,2.989098203726286984e-01,-6.039142392457789166e-01,-3.300400243322055838e-01,3.959650919333543406e+00,2.743452053726203932e+00,5.922405956041614239e-01,-2.561894144808802594e+02,-1.775013478760853900e+02,-3.831796653558924248e+01
7.014303920000020298e+01,-2.641439415463469498e+00,6.882142297460949187e-01,0.000000000000000000e+00,1.558972334435119178e-01,-6.039142392457789166e-01,-3.300400243322055838e-01,3.954785199196174439e+00,2.708144307761452652e+00,5.723954383493186082e-01,-2.558746023879924962e+02,-1.752169367121659889e+02,-3.703398486120091349e+01
7.025282409999999800e+01,-2.641301564795813128e+00,6.882797395528160722e-01,0.000000000000000000e+00,8.233386849608261004e-02,-6.039262183895111047e-01,-3.301546949849977208e-01,3.949646325923545920e+00,2.672628855853073304e+00,5.539913768464910238e-01,-2.555421172872534328e+02,-1.729190869736938510e+02,-3.584324208196797201e+01
7.036109620000024734e+01,-2.641257013463622183e+00,6.883254942118974817e-01,0.000000000000000000e+00,4.318174083396936203e-02,-6.039516550847702225e-01,-3.302035498028747518e-01,3.944235111003320249e+00,2.636920966255990706e+00,5.370444597109822471e-01,-2.551920116819148348e+02,-1.706087865167625921e+02,-3.474677654330055532e+01
7.047031749999950989e+01,-2.641216766460668275e+00,6.884769128344229161e-01,0.000000000000000000e+00,2.333636407952154393e-02,-6.040712199385364078e-01,-3.303005006777707253e-01,3.938552408929060888e+00,2.601035989954954442e+00,5.215694649065314437e-01,-2.548243408577102400e+02,-1.682870285500855516e+02,-3.374554437945258911e+01
7.058112809999875026e+01,-2.640423519966692556e+00,6.891742456037831532e-01,0.000000000000000000e+00,1.523733453708185290e-02,-6.044205959953437013e-01,-3.311146084668828982e-01,3.932599117065302075e+00,2.564989354065113414e+00,5.075798868587251267e-01,-2.544391628741250599e+02,-1.659548112080128419e+02,-3.284041867975951590e+01
7.068928939999932481e+01,-2.633737308326927984e+00,6.959736635838401630e-01,0.000000000000000000e+00,3.754228485615511424e-02,-6.081344595943013465e-01,-3.384550479107371057e-01,3.926376175505842614e+00,2.528796555199794405e+00,4.950879246876442874e-01,-2.540365385552280202e+02,-1.636131371214267176e+02,-3.203218872729058830e+01
7.079648759999872709e+01,-2.616938510834792009e+00,7.155256042291054941e-01,0.000000000000000000e+00,1.061515962995530360e-01,-6.192854341890270398e-01,-3.584165751032376557e-01,3.919884566925291303e+00,2.492473152808456049e+00,4.841044715700564272e-01,-2.536165314800663566e+02,-1.612630129867071105e+02,-3.132155931058265352e+01
7.090520399999877554e+01,-2.588406036676997868e+00,7.534917903218465440e-01,0.000000000000000000e+00,2.252393726526216444e-01,-6.411119501509863206e-01,-3.958855206445680008e-01,3.913125316423897715e+00,2.456034762487627532e+00,4.746391052404073108e-01,-2.531792079726261875e+02,-1.589054491329495136e+02,-3.070915010905435594e+01
7.101334370000040508e+01,-2.570953462729010042e+00,7.854334621845826536e-01,0.000000000000000000e+00,2.584063435639707973e-01,-6.609861447793976552e-01,-4.242676512874029027e-01,3.906099491365670584e+00,2.419497049267648414e+00,4.667000796388838246e-01,-2.527246370913588862e+02,-1.565414590876168575e+02,-3.019549515263578598e+01
7.112033659999906376e+01,-2.572388116225855725e+00,8.347594118790339079e-01,0.000000000000000000e+00,3.535715731049698385e-01,-7.031428669327814962e-01,-4.499037501534959294e-01,3.898808201209834401e+00,2.382875720878251613e+00,4.602943177138660857e-01,-2.522528906182762967e+02,-1.541720591408228813e+02,-2.978104235608713779e+01
7.123005819999889354e+01,-2.579952083646152694e+00,8.940023714872628036e-01,0.000000000000000000e+00,4.480876191879122339e-01,-7.566679828484417225e-01,-4.761237275718573358e-01,3.891252597335626007e+00,2.346186520995690472e+00,4.554274053850055903e-01,-2.517640430476150186e+02,-1.517982679084211668e+02,-2.946615312840986434e+01
7.133720089999951597e+01,-2.572630251077403951e+00,9.086306725132962114e-01,0.000000000000000000e+00,2.975685658154818003e-01,-7.654853986353844508e-01,-4.895322292842336220e-01,3.883433872860485359e+00,2.309445222474493242e+00,4.521035866722231678e-01,-2.512581715740734012e+02,-1.494211058940997248e+02,-2.925110205769284022e+01
7.144446269999934884e+01,-2.566886325137304414e+00,9.190392704212069219e-01,0.000000000000000000e+00,2.031743056453055862e-01,-7.713974267634158277e-01,-4.995790133293477875e-01,3.875353262451645797e+00,2.272667620566639624e+00,4.503257599948633505e-01,-2.507353560806215000e+02,-1.470415950506615843e+02,-2.913607667166765935e+01
7.154833559999860881e+01,-2.565870169190469952e+00,9.209058668564116257e-01,0.000000000000000000e+00,1.154058316127276052e-01,-7.724550779464286476e-01,-5.013788668914315183e-01,3.867012042131161564e+00,2.235869526131080143e+00,4.500954756442239191e-01,-2.501956791258861585e+02,-1.446607583406808999e+02,-2.912117727418128865e+01
7.165857519999917713e+01,-2.565716913537837041e+00,9.211775438000018301e-01,0.000000000000000000e+00,6.328719862410990549e-02,-7.726060894539324986e-01,-5.016451910863954922e-01,3.858411529074419200e+00,2.199066758836619506e+00,4.514129344316837322e-01,-2.496392259311149360e+02,-1.422796192967292939e+02,-2.920641685772993768e+01
7.177363789999981236e+01,-2.565608865653541404e+00,9.213628466245381565e-01,0.000000000000000000e+00,3.366372194333824841e-02,-7.727072887310045823e-01,-5.018295936690584380e-01,3.849553081402127930e+00,2.162275140360929271e+00,4.542769875135885815e-01,-2.490660843667176891e+02,-1.398992015813521164e+02,-2.939172109212918116e+01
7.188318679999974847e+01,-2.565373196533107691e+00,9.215477889820403723e-01,0.000000000000000000e+00,1.797816861079711004e-02,-7.727440809718753023e-01,-5.021124502545409873e-01,3.840438097965866326e+00,2.125510487588751385e+00,4.586851373930636022e-01,-2.484763449383915486e+02,-1.375205285469922103e+02,-2.967692838933121635e+01
7.199245089999931224e+01,-2.565345123145562400e+00,9.217052879169326252e-01,0.000000000000000000e+00,1.009741196772434568e-02,-7.728620496057169165e-01,-5.022199618227914941e-01,3.831068018127184338e+00,2.088788605812165411e+00,4.646335400978638397e-01,-2.478701007728288346e+02,-1.351446227960471163e+02,-3.006179004433179003e+01
7.210273969999980181e+01,-2.565304597589855629e+00,9.219081832538006394e-01,0.000000000000000000e+00,6.135745637246272852e-03,-7.730118221656432365e-01,-5.023618428408701542e-01,3.821444321530307331e+00,2.052125281935790913e+00,4.721170085323787013e-01,-2.472474476030108974e+02,-1.327725057412456806e+02,-3.054597045204490158e+01
7.221388769999975921e+01,-2.565067709023007847e+00,9.220917115423413746e-01,0.000000000000000000e+00,4.009416959987316224e-03,-7.730466598452306881e-01,-5.026449902239321643e-01,3.811568527868492318e+00,2.015536277689943034e+00,4.811290170008524214e-01,-2.466084837530914626e+02,-1.304051971665393239e+02,-3.112904739995515158e+01
7.232277459999932034e+01,-2.565039666776322669e+00,9.222492083289821618e-01,0.000000000000000000e+00,2.768125029573412482e-03,-7.731646011613618752e-01,-5.027525253784674852e-01,3.801442196644041260e+00,1.979037322854591441e+00,4.916617068978925698e-01,-2.459533101228694818e+02,-1.280437147886920854e+02,-3.181051243629364933e+01
7.243234599999959755e+01,-2.564823941524562834e+00,9.225051702402465859e-01,0.000000000000000000e+00,2.568806961378072504e-03,-7.732706814798776529e-01,-5.030588855031108420e-01,3.791066926922041169e+00,1.942644108497040278e+00,5.037058935612892530e-01,-2.452820301718560643e+02,-1.256890738197585051e+02,-3.258977131341541877e+01
7.254094210000039311e+01,-2.564654533300516182e+00,9.228217952219981424e-01,0.000000000000000000e+00,2.722258246399123296e-03,-7.734508230922130245e-01,-5.033625830300955117e-01,3.780444357077857198e+00,1.906372280226301008e+00,5.172510742811717854e-01,-2.445947499029373660e+02,-1.233422865306416867e+02,-3.346614450599181367e+01
7.265212679999967804e+01,-2.564654533300516182e+00,9.228217952219981424e-01,0.000000000000000000e+00,1.427381636611642444e-03,-7.734508230922130245e-01,-5.033625830300955117e-01,3.769576164538406715e+00,1.870237431466928557e+00,5.322854374585406223e-01,-2.438915778456349130e+02,-1.210043618159102863e+02,-3.443886780356758237e+01
7.276158389999909559e+01,-2.564654533300516182e+00,9.228217952219981424e-01,0.000000000000000000e+00,7.407946422791395098e-04,-7.734508230922130245e-01,-5.033625830300955117e-01,3.758464065517282293e+00,1.834255096755384118e+00,5.487958729051365392e-01,-2.431726250389681638e+02,-1.186763047600733643e+02,-3.550709297696233335e+01
7.287038019999999960e+01,-2.564654533300516182e+00,9.228217952219981424e-01,0.000000000000000000e+00,3.876087653578501281e-04,-7.734508230922130245e-01,-5.033625830300955117e-01,3.747109814743732947e+00,1.798440745061622437e+00,5.667679832757406277e-01,-2.424380050139195362e+02,-1.163591162054869699e+02,-3.666988851794042148e+01
7.297818319999896630e+01,-2.564654533300516182e+00,9.228217952219981424e-01,0.000000000000000000e+00,2.031548380444040140e-04,-7.734508230922130245e-01,-5.033625830300955117e-01,3.735515205185577337e+00,1.762809773138941161e+00,5.861860966228737979e-01,-2.416878337755068742e+02,-1.140537923220894925e+02,-3.792624045149993606e+01
7.308565399999861256e+01,-2.564654533300516182e+00,9.228217952219981424e-01,0.000000000000000000e+00,1.072196757591449215e-04,-7.734508230922130245e-01,-5.033625830300955117e-01,3.723682067766076464e+00,1.727377498904846265e+00,6.070332800629376635e-01,-2.409222297844651450e+02,-1.117613241791435570e+02,-3.927505322007206701e+01
7.319499799999903189e+01,-2.564654533300516182e+00,9.228217952219981424e-01,0.000000000000000000e+00,5.639156320315281176e-05,-7.734508230922130245e-01,-5.033625830300955117e-01,3.711612271074800518e+00,1.692159154855779057e+00,6.292913545419822618e-01,-2.401413139385396107e+02,-1.094826973191689063e+02,-4.071515063886625541e+01
7.330315329999939422e+01,-2.564654533300516182e+00,9.228217952219981424e-01,0.000000000000000000e+00,2.955167396922003144e-05,-7.734508230922130245e-01,-5.033625830300955117e-01,3.699307721072567112e+00,1.657169881518641752e+00,6.529409106880783575e-01,-2.393452095533951081e+02,-1.072188913342561278e+02,-4.224527692151867342e+01
7.341040249999969092e+01,-2.564654533300516182e+00,9.228217952219981424e-01,0.000000000000000000e+00,1.556200346283970304e-05,-7.734508230922130245e-01,-5.033625830300955117e-01,3.686770360790458945e+00,1.622424720941773701e+00,6.779613257365997292e-01,-2.385340423431427155e+02,-1.049708794449327627e+02,-4.386409777515800101e+01
7.352038960000027146e+01,-2.564654533300516182e+00,9.228217952219981424e-01,0.000000000000000000e+00,8.206494809808573656e-06,-7.734508230922130245e-01,-5.033625830300955117e-01,3.674002170023001224e+00,1.587938610228324166e+00,7.043307815135737560e-01,-2.377079404004881837e+02,-1.027396280817725795e+02,-4.557020156392822230e+01
7.362831459999870276e+01,-2.564654533300516182e+00,9.228217952219981424e-01,0.000000000000000000e+00,4.280571878554906522e-06,-7.734508230922130245e-01,-5.033625830300955117e-01,3.661005165015532192e+00,1.553726375114741431e+00,7.320262834614414960e-01,-2.368670341765049443e+02,-1.005260964699237718e+02,-4.736210053995526437e+01
7.373555959999976039e+01,-2.564654533300516182e+00,9.228217952219981424e-01,0.000000000000000000e+00,2.258260279075070895e-06,-7.734508230922130245e-01,-5.033625830300955117e-01,3.647781398145805376e+00,1.519802723597079241e+00,7.610236806906796048e-01,-2.360114564600336280e+02,-9.833123621673102832e+01,-4.923823214068697496e+01
7.384277079999992566e+01,-2.564654533300516182e+00,9.228217952219981424e-01,0.000000000000000000e+00,1.191856556917377055e-06,-7.734508230922130245e-01,-5.033625830300955117e-01,3.634332957599905711e+00,1.486182239608003997e+00,7.912976870397043783e-01,-2.351413423567139205e+02,-9.615599090263786763e+01,-5.119696035146887425e+01
7.395243630000004487e+01,-2.564654533300516182e+00,9.228217952219981424e-01,0.000000000000000000e+00,6.288214019775724127e-07,-7.734508230922130245e-01,-5.033625830300955117e-01,3.620661967042497764e+00,1.452879376747076456e+00,8.228219031248085180e-01,-2.342568292676496071e+02,-9.400129567553585730e+01,-5.323657713217511400e+01
7.405974439999954484e+01,-2.564654533300516182e+00,9.228217952219981424e-01,0.000000000000000000e+00,3.287973667712066706e-07,-7.734508230922130245e-01,-5.033625830300955117e-01,3.606770585281464214e+00,1.419908452067068616e+00,8.555688393608040787e-01,-2.333580568677107578e+02,-9.186807684873934932e+01,-5.535530390664402489e+01
7.416719430000011926e+01,-2.564654533300516182e+00,9.228217952219981424e-01,0.000000000000000000e+00,1.734632208180612443e-07,-7.734508230922130245e-01,-5.033625830300955117e-01,3.592661005927024753e+00,1.387283639919034250e+00,8.895099399323376232e-01,-2.324451670834785091e+02,-8.975725150276151965e+01,-5.755129311362224342e+01
7.427670529999886639e+01,-2.564654533300516182e+00,9.228217952219981424e-01,0.000000000000000000e+00,8.993645863942588578e-08,-7.734508230922130245e-01,-5.033625830300955117e-01,3.578335457045317636e+00,1.355018965858648006e+00,9.246156076950147185e-01,-2.315183040708320732e+02,-8.766972709105452566e+01,-5.982262981786745826e+01
7.438030929999877117e+01,-2.564654533300516182e+00,9.228217952219981424e-01,0.000000000000000000e+00,4.793677396861897295e-08,-7.734508230922130245e-01,-5.033625830300955117e-01,3.563796200806582881e+00,1.323128300616598807e+00,9.608552299845152245e-01,-2.305776141921859335e+02,-8.560640104989394672e+01,-6.216733337999814069e+01
7.448369540000021516e+01,-2.564654533300516182e+00,9.228217952219981424e-01,0.000000000000000000e+00,2.577124676593507667e-08,-7.734508230922130245e-01,-5.033625830300955117e-01,3.549045533127922702e+00,1.291625354135459869e+00,9.981972053113237209e-01,-2.296232459933765995e+02,-8.356816041256425365e+01,-6.458335918364264217e+01
7.459439889999885054e+01,-2.564654533300516182e+00,9.228217952219981424e-01,0.000000000000000000e+00,1.383704102775557720e-08,-7.734508230922130245e-01,-5.033625830300955117e-01,3.534085783310756845e+00,1.260523669675739811e+00,1.036608970917683781e+00,-2.286553501802059714e+02,-8.155588142802037055e+01,-6.706860041837414599e+01
7.470799389999956475e+01,-2.564654533300516182e+00,9.228217952219981424e-01,0.000000000000000000e+00,7.177555501246197626e-09,-7.734508230922130245e-01,-5.033625830300955117e-01,3.518919313673004368e+00,1.229836617993588010e+00,1.076057031172794165e+00,-2.276740795946433877e+02,-7.957042918418514432e+01,-6.962088991687978989e+01
7.481911289999879955e+01,-2.564654533300516182e+00,9.228217952219981424e-01,0.000000000000000000e+00,3.691509380410985445e-09,-7.734508230922130245e-01,-5.033625830300955117e-01,3.503548519176032716e+00,1.199577391592608677e+00,1.116506986781527822e+00,-2.266795891906893132e+02,-7.761265723604178390e+01,-7.223800204476485476e+01
7.493110299999898416e+01,-2.564654533300516182e+00,9.228217952219981424e-01,0.000000000000000000e+00,1.913603082150359564e-09,-7.734508230922130245e-01,-5.033625830300955117e-01,3.487975827046480237e+00,1.169758999052385340e+00,1.157923564781093484e+00,-2.256720360099072877e+02,-7.568340723868934106e+01,-7.491765464133675323e+01
7.504026589999921271e+01,-2.564654533300516182e+00,9.228217952219981424e-01,0.000000000000000000e+00,9.899022215333155727e-10,-7.734508230922130245e-01,-5.033625830300955117e-01,3.472203696392957006e+00,1.140394259435997037e+00,1.200270649299614689e+00,-2.246515791566243365e+02,-7.378350858550901137e+01,-7.765751100968508069e+01
7.514778709999882267e+01,-2.564654533300516182e+00,9.228217952219981424e-01,0.000000000000000000e+00,5.194503365760534256e-10,-7.734508230922130245e-01,-5.033625830300955117e-01,3.456234617817727450e+00,1.111495796779059742e+00,1.243511313049694866e+00,-2.236183797728069749e+02,-7.191377805160516345e+01,-8.045518195431526465e+01
7.525943379999989702e+01,-2.564654533300516182e+00,9.228217952219981424e-01,0.000000000000000000e+00,2.731412998938240794e-10,-7.734508230922130245e-01,-5.033625830300955117e-01,3.440071113023421834e+00,1.083076034662610265e+00,1.287607849529543991e+00,-2.225726010126153938e+02,-7.007501944267089300e+01,-8.330822786456150197e+01
7.536768159999883210e+01,-2.564654533300516182e+00,9.228217952219981424e-01,0.000000000000000000e+00,1.412854636054526091e-10,-7.734508230922130245e-01,-5.033625830300955117e-01,3.423715734414816581e+00,1.055147190872119056e+00,1.332521805903645884e+00,-2.215144080166386402e+02,-6.826802324942610767e+01,-8.621416084196589225e+01
7.547405119999893941e+01,-2.564654533300516182e+00,9.228217952219981424e-01,0.000000000000000000e+00,7.456982748453013412e-11,-7.734508230922130245e-01,-5.033625830300955117e-01,3.407171064695796225e+00,1.027721272145040832e+00,1.378214016534160535e+00,-2.204439678858180116e+02,-6.649356630778414967e+01,-8.917044686976018397e+01
7.558388980000017909e+01,-2.564654533300516182e+00,9.228217952219981424e-01,0.000000000000000000e+00,3.945410016931854488e-11,-7.734508230922130245e-01,-5.033625830300955117e-01,3.390439716461497888e+00,1.000810069009049119e+00,1.424644637133979597e+00,-2.193614496550589195e+02,-6.475241146488548338e+01,-9.217450802256848874e+01
7.569157660000018950e+01,-2.564654533300516182e+00,9.228217952219981424e-01,0.000000000000000000e+00,2.063576310981030338e-11,-7.734508230922130245e-01,-5.033625830300955117e-01,3.373524331785762609e+00,9.744251507132217771e-01,1.471773179511520979e+00,-2.182670242665388400e+02,-6.304530725114545220e+01,-9.522372471439541641e+01
7.579918869999892195e+01,-2.564654533300516182e+00,9.228217952219981424e-01,0.000000000000000000e+00,1.086143291382383448e-11,-7.734508230922130245e-01,-5.033625830300955117e-01,3.356427581803924198e+00,9.485778602543992744e-01,1.519558546877018523e+00,-2.171608645427139095e+02,-6.137298755845963427e+01,-9.831543798294310932e+01
7.590884189999997034e+01,-2.564654533300516182e+00,9.228217952219981424e-01,0.000000000000000000e+00,5.731316862191338508e-12,-7.734508230922130245e-01,-5.033625830300955117e-01,3.339152166290991985e+00,9.232793095007423290e-01,1.567959069679571549e+00,-2.160431451590272047e+02,-5.973617132469803437e+01,-1.014469518082682811e+02
7.601608060000035039e+01,-2.564654533300516182e+00,9.228217952219981424e-01,0.000000000000000000e+00,2.996952419121074971e-12,-7.734508230922130245e-01,-5.033625830300955117e-01,3.321700813235342942e+00,8.985403744147246741e-01,1.616932541943568058e+00,-2.149140426163266966e+02,-5.813556222463268597e+01,-1.046155354637488557e+02
7.612388970000029076e+01,-2.564654533300516182e+00,9.228217952219981424e-01,0.000000000000000000e+00,1.581975513799356879e-12,-7.734508230922130245e-01,-5.033625830300955117e-01,3.304076278407925393e+00,8.743716903774776394e-01,1.666436258072963250e+00,-2.137737352129927899e+02,-5.657184836742280254e+01,-1.078184258973207221e+02
7.623081479999927978e+01,-2.564654533300516182e+00,9.228217952219981424e-01,0.000000000000000000e+00,8.344046101173815681e-13,-7.734508230922130245e-01,-5.033625830300955117e-01,3.286281344927095560e+00,8.507836476166024120e-01,1.716427050091177353e+00,-2.126224030167830961e+02,-5.504570200079417930e+01,-1.110528301408991751e+02
7.634029219999865745e+01,-2.564654533300516182e+00,9.228217952219981424e-01,0.000000000000000000e+00,4.405967050196444460e-13,-7.734508230922130245e-01,-5.033625830300955117e-01,3.268318822819140212e+00,8.277863867393773223e-01,1.766861325284194040e+00,-2.114602278363983885e+02,-5.355777922203771624e+01,-1.143159277458873646e+02
7.644822289999865461e+01,-2.564875933843060896e+00,9.226826036841888623e-01,0.000000000000000000e+00,-6.047215323080741512e-04,-7.734455705395472114e-01,-5.031154306460778880e-01,3.250191548574524081e+00,8.053897943732359899e-01,1.817695104214099189e+00,-2.102873931927717308e+02,-5.210871969594837338e+01,-1.176048732426522179e+02
7.655571950000012293e+01,-2.574467420614107382e+00,9.092058886839781140e-01,0.000000000000000000e+00,-5.941957952428413015e-02,-7.668686253936419783e-01,-4.884340891097675441e-01,3.231902384699990360e+00,7.836034989154918584e-01,1.868884059069754189e+00,-2.091040842900893892e+02,-5.069914637983232808e+01,-1.209167986218131006e+02
7.666551090000029944e+01,-2.579058427630392725e+00,9.023719219673272951e-01,0.000000000000000000e+00,-6.126099431644210086e-02,-7.633220449530029317e-01,-4.812634842202075380e-01,3.213454219266532519e+00,7.624368663940204183e-01,1.920383552321350606e+00,-2.079104879865446662e+02,-4.932966525569312211e+01,-1.242488158351913938e+02
7.677286149999963527e+01,-2.579143532304023267e+00,9.023444240611312450e-01,0.000000000000000000e+00,-3.210863186424384869e-02,-7.633397380617917838e-01,-4.811838566805518025e-01,3.194849965453324891e+00,7.418989964407716187e-01,1.972148675644980642e+00,-2.067067927648301406e+02,-4.800086506971792488e+01,-1.275980193142302568e+02
7.688019669999994221e+01,-2.579095687299137296e+00,9.025470843900682549e-01,0.000000000000000000e+00,-1.604170007794139888e-02,-7.634881506092795478e-01,-4.813284568984417811e-01,3.176092561087717314e+00,7.219987183798077801e-01,2.024134289083345362e+00,-2.054931887023753063e+02,-4.671331707917356368e+01,-1.309614885036924647e+02
7.698761299999932817e+01,-2.578871529208846436e+00,9.026845432393713065e-01,0.000000000000000000e+00,-7.865914856801988625e-03,-7.634965013564609659e-01,-4.815729197325323563e-01,3.157184968181296902e+00,7.027445874315121355e-01,2.076295060408512416e+00,-2.042698674413299216e+02,-4.546757480681883834e+01,-1.343362904084307559e+02
7.709609459999956016e+01,-2.583596626998070800e+00,9.028396648532294178e-01,0.000000000000000000e+00,-3.416230848643220502e-03,-7.658950413628532461e-01,-4.780420965229787988e-01,3.138130172462171963e+00,6.841448810346870690e-01,2.128585504652242388e+00,-2.030370221583025341e+02,-4.426417380294425641e+01,-1.377194821510000793e+02
7.720338259999880393e+01,-2.613802826564318504e+00,8.931373550828292096e-01,0.000000000000000000e+00,-4.209217884847711588e-02,-7.716012587153102675e-01,-4.498064390305017146e-01,3.118931182903474486e+00,6.662075952880202045e-01,2.180960023769600298e+00,-2.017948475338548064e+02,-4.310363141513490604e+01,-1.411081135378931322e+02
7.731058010000015202e+01,-2.658157657914595351e+00,8.593899901711079536e-01,0.000000000000000000e+00,-1.637286911589197202e-01,-7.609068909994785024e-01,-3.994644645469791477e-01,3.099591031248215334e+00,6.489404415125472614e-01,2.233372946401112724e+00,-2.005435397217595437e+02,-4.198644656586181156e+01,-1.444992296321520087e+02
7.741995700000006764e+01,-2.698024706160457420e+00,8.282840616285639390e-01,0.000000000000000000e+00,-2.154465118469614526e-01,-7.481278472616685882e-01,-3.554704079097614766e-01,3.080112771530543636e+00,6.323508429365092276e-01,2.285778567698851127e+00,-1.992832963180261743e+02,-4.091309953799214583e+01,-1.478898733301156767e+02
7.753009729999939736e+01,-2.719924539712771594e+00,8.272387997722687736e-01,0.000000000000000000e+00,-1.127030345014550655e-01,-7.547788681417284540e-01,-3.385747953633807539e-01,3.060499479593462802e+00,6.164459315040651255e-01,2.338131189181784197e+00,-1.980143163296970386e+02,-3.988405176831301446e+01,-1.512770879400614490e+02
7.763467039999886765e+01,-2.747841706364809955e+00,8.264289142306099345e-01,0.000000000000000000e+00,-5.772568365196911050e-02,-7.631876729281035221e-01,-3.170635995616192804e-01,3.040754252603139474e+00,6.012325448092568081e-01,2.390385158585481840e+00,-1.967368001434231246e+02,-3.889974564915891619e+01,-1.546579197604806950e+02
7.774744300000020303e+01,-2.779324148681377338e+00,8.260892566647631829e-01,0.000000000000000000e+00,-2.678289518821198867e-02,-7.724721651136834399e-01,-2.927630681993872996e-01,3.020880208559807212e+00,5.867172231564752316e-01,2.442494909671612646e+00,-1.954509494938195360e+02,-3.796060433822395197e+01,-1.580294206557533414e+02
7.785813119999875198e+01,-2.837569071118926978e+00,8.016155281099384133e-01,0.000000000000000000e+00,-1.057321896579936776e-01,-7.648532069986058168e-01,-2.399729706673719154e-01,3.000880485805404341e+00,5.729062067487646903e-01,2.494415001962363210e+00,-1.941569674316096723e+02,-3.706703157664507842e+01,-1.613886506269649033e+02
7.796454869999979564e+01,-2.914860392037095682e+00,7.737448059974592063e-01,0.000000000000000000e+00,-1.520609341876051068e-01,-7.539417099845092674e-01,-1.739336734323747857e-01,2.980758242528003699e+00,5.598054330051349670e-01,2.546100160365190490e+00,-1.928550582915618463e+02,-3.621941151543223469e+01,-1.647326803756278366e+02
7.807360479999988456e+01,-2.971009153884835108e+00,7.734723966095725656e-01,0.000000000000000000e+00,-6.320784435898600673e-02,-7.622461264204261067e-01,-1.313026697139542953e-01,2.960516656263077362e+00,5.474205340080233739e-01,2.597505314653420605e+00,-1.915454276602211223e+02,-3.541810855031911132e+01,-1.680585938580763070e+02
7.818569649999881221e+01,-3.025917242659908357e+00,7.868671543655110234e-01,0.000000000000000000e+00,4.283636585809188352e-02,-7.816085656853545283e-01,-9.081832781195518789e-02,2.940158923391750445e+00,5.357568340820542119e-01,2.648585638768106598e+00,-1.902282823434462671e+02,-3.466346716510891213e+01,-1.713634908282965057e+02
7.830103869999948074e+01,-3.081778243322333299e+00,7.929415029708862805e-01,0.000000000000000000e+00,6.543580884595906477e-02,-7.915234471824499352e-01,-4.740105161427848879e-02,2.919688258636034650e+00,5.248193475050724199e-01,2.699296589907060895e+00,-1.889038303337514435e+02,-3.395581178357818430e+01,-1.746444893669868463e+02
7.841170069999861880e+01,3.113699998530419677e+00,7.788654109557098248e-01,0.000000000000000000e+00,4.270558597350851762e-03,-7.785624518731396604e-01,2.172180739468528715e-02,2.899107894551195663e+00,5.146127763524885879e-01,2.749593947366824054e+00,-1.875722807774623675e+02,-3.329544663000601190e+01,-1.778987283946335367e+02
7.851794709999921906e+01,3.025607545537842391e+00,7.721515987765935618e-01,0.000000000000000000e+00,8.893414027666827690e-03,-7.669637163659318579e-01,8.935742426574312669e-02,2.878421081015303251e+00,5.051415084758417162e-01,2.799433851103755977e+00,-1.862338439416901394e+02,-3.268265559838695822e+01,-1.811233701664130251e+02
7.862269290000040201e+01,2.976275497593926289e+00,7.834742538094746633e-01,0.000000000000000000e+00,7.332906249934000031e-02,-7.727925320272965859e-01,1.289325747247487275e-01,2.857631084716018233e+00,4.964096156164279350e-01,2.848772839980696858e+00,-1.848887311811263885e+02,-3.211770213038288801e+01,-1.843156027467510967e+02
7.872717759999977716e+01,2.943509807804260525e+00,8.029492750331480577e-01,0.000000000000000000e+00,1.361592995960785590e-01,-7.872481288918053988e-01,1.580124103752912901e-01,2.836741188634767319e+00,4.884208516548542711e-01,2.897567889665643381e+00,-1.835371549046694497e+02,-3.160082910206907414e+01,-1.874726424613671441e+02
7.883041939999930037e+01,2.930077408756657675e+00,8.131598890589084583e-01,0.000000000000000000e+00,1.213350268679857097e-01,-7.950377462116982041e-01,1.707161013874194389e-01,2.815754691528302267e+00,4.811786509972166836e-01,2.945776450149711678e+00,-1.821793285418811763e+02,-3.113225871951992119e+01,-1.905917363246863658e+02
7.893390729999919131e+01,2.924792756505729230e+00,8.189143009160341213e-01,0.000000000000000000e+00,9.172389802838921968e-02,-7.997441792072242928e-01,1.761530018732580249e-01,2.794674907407796116e+00,4.746861270986433290e-01,2.993356482851302403e+00,-1.808154665092844198e+02,-3.071219242328222521e+01,-1.936701644404792830e+02
7.903727909999906842e+01,2.925882643185383714e+00,8.199228861230714038e-01,0.000000000000000000e+00,5.364961099883793633e-02,-8.009209019014290609e-01,1.754971455203431230e-01,2.773505165015532459e+00,4.689460711247968039e-01,3.040266497274356272e+00,-1.794457841765049579e+02,-3.034081080177435297e+01,-1.967052423736508615e+02
7.914098889999877429e+01,2.927273724304851221e+00,8.207122181760184709e-01,0.000000000000000000e+00,3.229716895531824228e-02,-8.019355309524804909e-01,1.745507068429222874e-01,2.752248807299236155e+00,4.639609507519464326e-01,3.086465587188776283e+00,-1.780704978322605996e+02,-3.001827351365093577e+01,-1.996943234911138347e+02
7.924548010000034992e+01,2.903137908351212104e+00,8.178047837509613283e-01,0.000000000000000000e+00,5.852353538575641792e-03,-7.946642827437498946e-01,1.931666173470925341e-01,2.730909190884204918e+00,4.597329091060999851e-01,3.131913466301148752e+00,-1.766898246502080667e+02,-2.974471921916467210e+01,-2.026348012696843455e+02
7.935766849999890837e+01,2.828201012484839794e+00,8.115793542088033385e-01,0.000000000000000000e+00,-1.008580114367359747e-02,-7.720501197627112067e-01,2.501992421098863106e-01,2.709489685543251092e+00,4.562637638416624508e-01,3.176570503385082844e+00,-1.753039826546483653e+02,-2.952026552055556152e+01,-2.055241115690148774e+02
7.946788009999909264e+01,2.789632879094847695e+00,8.134315341835562929e-01,0.000000000000000000e+00,1.193712638986429812e-02,-7.635672920320230039e-01,2.804208468411316657e-01,2.687993673664563765e+00,4.535550063600204407e-01,3.220397756840211567e+00,-1.739131906860972947e+02,-2.934500891149332347e+01,-2.083597348675616843e+02
7.957548560000032012e+01,2.768961366627268106e+00,8.313868955320427023e-01,0.000000000000000000e+00,8.809274381323969894e-02,-7.743309787961885071e-01,3.026808638466336188e-01,2.666424549717615555e+00,4.516078011683828386e-01,3.263357008649783175e+00,-1.725176683667297368e+02,-2.921902473559437041e+01,-2.111391984596409941e+02
7.968606759999966016e+01,2.737462493130919938e+00,8.627971675036750776e-01,0.000000000000000000e+00,1.894858904750941209e-01,-7.932943540293576623e-01,3.392683600300931412e-01,2.644785719717107852e+00,4.504229853791501537e-01,3.305410797707430515e+00,-1.711176360656968995e+02,-2.914236715403101741e+01,-2.138600786116707582e+02
7.979024409999874479e+01,2.718611694960505254e+00,8.837431128888408871e-01,0.000000000000000000e+00,1.932211877978743386e-01,-8.058582739726961597e-01,3.627593304771160598e-01,2.623080600685149477e+00,4.500010683500399455e-01,3.346522452483744914e+00,-1.697133148643291918e+02,-2.911506912224758636e+01,-2.165200026756982936e+02
7.989370330000019749e+01,2.697269293034176840e+00,8.961697405788326964e-01,0.000000000000000000e+00,1.620373781532995217e-01,-8.091532033429992277e-01,3.852159101710302402e-01,2.601312620111646101e+00,4.503422314651086555e-01,3.386656123004435859e+00,-1.683049265212235071e+02,-2.913714237579253208e+01,-2.191166511583870147e+02
8.000087779999921622e+01,2.630298471629825663e+00,9.064432623376164067e-01,0.000000000000000000e+00,1.482159861865358919e-01,-7.905200343962354159e-01,4.435284241798214122e-01,2.579485215413070076e+00,4.514463280567762027e-01,3.425776812112025116e+00,-1.668926934372256312e+02,-2.920857742527342182e+01,-2.216477597436480380e+02
8.011176519999935408e+01,2.563639362874763350e+00,9.165356667473908425e-01,0.000000000000000000e+00,1.439687117202710087e-01,-7.676742743519627821e-01,5.007133280813199638e-01,2.557601833389659962e+00,4.533128834688764375e-01,3.463850405983876612e+00,-1.654768386203110140e+02,-2.932934356043630686e+01,-2.241111212671568182e+02
8.021938020000015968e+01,2.559293370229251963e+00,9.186053682731946113e-01,0.000000000000000000e+00,8.479269702233456496e-02,-7.672195504858992932e-01,5.051831192474132148e-01,2.535665929681111930e+00,4.559410952607174661e-01,3.500843703879987334e+00,-1.640575856503679404e+02,-2.949938886336842003e+01,-2.265045876410351866e+02
8.032646480000039446e+01,2.558520769905477721e+00,9.208234880396383160e-01,0.000000000000000000e+00,5.463060644259071230e-02,-7.686806483629619047e-01,5.069969989632902019e-01,2.513680968220916689e+00,4.593298335520499265e-01,3.536724447094492518e+00,-1.626351586438933055e+02,-2.971864023081763051e+01,-2.288260717270136695e+02
8.043897699999979523e+01,2.561278136710825493e+00,9.221411111917601211e-01,0.000000000000000000e+00,3.451575881752522862e-02,-7.711776165113560788e-01,5.055979754131122439e-01,2.491650420689343726e+00,4.634776415088124324e-01,3.571461347085767457e+00,-1.612097822186005374e+02,-2.998700340562016464e+01,-2.310735491564491610e+02
8.054733610000039334e+01,2.562886906096553119e+00,9.227613912889566228e-01,0.000000000000000000e+00,2.041289499314421010e-02,-7.725092893998547483e-01,5.046959312739327519e-01,2.469577765965230487e+00,4.683827359694288095e-01,3.605024112760483401e+00,-1.597816814579504126e+02,-3.030436301722204462e+01,-2.332450600956032929e+02
8.065577349999875878e+01,2.564336888573199857e+00,9.232890487264295842e-01,0.000000000000000000e+00,1.304209246285229808e-02,-7.736824349420937663e-01,5.038632327926182430e-01,2.447466489576639592e+00,4.740430082113964438e-01,3.637383476887886324e+00,-1.583510818756085996e+02,-3.067058263127735174e+01,-2.353387109546462455e+02
8.076729609999893000e+01,2.565784978178281328e+00,9.238183969815282337e-01,0.000000000000000000e+00,9.123936312719979277e-03,-7.748552549292367919e-01,5.030305800943596362e-01,2.425320083150427575e+00,4.804560248578375603e-01,3.668511221621280516e+00,-1.569182093798326605e+02,-3.108550480830209040e+01,-2.373526760388968739e+02
8.087747299999864481e+01,2.566854843642364159e+00,9.242614775285346029e-01,0.000000000000000000e+00,6.675407883460706890e-03,-7.757648793668979748e-01,5.024421666063587644e-01,2.403142043860905464e+00,4.876190289236168596e-01,3.698380203104380648e+00,-1.554832902378005883e+02,-3.154895117135801286e+01,-2.392851991408534502e+02
8.099266729999908421e+01,2.568105433406941529e+00,9.246544492478219190e-01,0.000000000000000000e+00,5.188991188888995160e-03,-7.767227233588520630e-01,5.016848229035847373e-01,2.380935873877569442e+00,4.955289410005865314e-01,3.726964375141184949e+00,-1.540465510398787501e+02,-3.206072248273795111e+01,-2.411345950716346636e+02
8.110334320000038133e+01,2.569017875519811867e+00,9.250023507513678300e-01,0.000000000000000000e+00,4.140951693957334659e-03,-7.774725725836727497e-01,5.011643919670293323e-01,2.358705079812079219e+00,5.041823605814341747e-01,3.754238811908633622e+00,-1.526082186638415408e+02,-3.262059872961879137e+01,-2.428992511304886079e+02
8.120934339999985241e+01,2.569746490259976035e+00,9.253223246661377299e-01,0.000000000000000000e+00,3.538015685562940008e-03,-7.781065890608183100e-01,5.007709462275983237e-01,2.336453172164531189e+00,5.135755675215736282e-01,3.780179729692287438e+00,-1.511685202390451650e+02,-3.322833921864581441e+01,-2.445776285110910067e+02
8.132051329999922018e+01,2.570643691481134141e+00,9.254866804232197985e-01,0.000000000000000000e+00,2.582560179780959454e-03,-7.786938551736646286e-01,5.001614494896290397e-01,2.314183664769089432e+00,5.237045236384612057e-01,3.804764507626103409e+00,-1.497276831105600934e+02,-3.388368267940844447e+01,-2.461682636434088920e+02
8.142821759999969800e+01,2.571231703961980308e+00,9.258227409723761570e-01,0.000000000000000000e+00,2.830475990862917155e-03,-7.792706859391292928e-01,4.998849324970321972e-01,2.291900074239133556e+00,5.345648744476168002e-01,3.827971707418141190e+00,-1.482859348032719424e+02,-3.458634737676080562e+01,-2.476697694699537351e+02
8.153535290000036184e+01,2.571865453634385901e+00,9.260271900355357966e-01,0.000000000000000000e+00,2.389342245504181683e-03,-7.797594872940495359e-01,4.995012499083774093e-01,2.269605919411925132e+00,5.461519510346484196e-01,3.849781092045093889e+00,-1.468435029859515737e+02,-3.533603123194175311e+01,-2.490808366553175972e+02
8.164716690000022936e+01,2.571865453634385901e+00,9.260271900355357966e-01,0.000000000000000000e+00,1.263008291367839070e-03,-7.797594872940495359e-01,4.995012499083774093e-01,2.247304720792950405e+00,5.584607720624339411e-01,3.870173643399263064e+00,-1.454006154353039051e+02,-3.613241195243947601e+01,-2.504002347279323430e+02
8.175597769999876618e+01,2.571865453634385901e+00,9.260271900355357966e-01,0.000000000000000000e+00,6.537868355056294760e-04,-7.797594872940495359e-01,4.995012499083774093e-01,2.225000000000000533e+00,5.714860459126158698e-01,3.889131578872625283e+00,-1.439575000000000387e+02,-3.697514717054625066e+01,-2.516268131530588619e+02
8.186635790000036650e+01,2.571865453634385901e+00,9.260271900355357966e-01,0.000000000000000000e+00,3.409694907568461796e-04,-7.797594872940495359e-01,4.995012499083774093e-01,2.202695279207044887e+00,5.852221729605058265e-01,3.906638366863547596e+00,-1.425143845646958027e+02,-3.786387459054472515e+01,-2.527595023360715345e+02
8.197745459999896411e+01,2.571865453634385901e+00,9.260271900355357966e-01,0.000000000000000000e+00,1.784791227506329241e-04,-7.797594872940495359e-01,4.995012499083774093e-01,2.180394080588073269e+00,5.996632479823711392e-01,3.922678741192572094e+00,-1.410714970140483331e+02,-3.879821214445941280e+01,-2.537973145551594314e+02
8.208598499999970954e+01,2.571865453634385901e+00,9.260271900355357966e-01,0.000000000000000000e+00,9.274268442291997794e-05,-7.797594872940495359e-01,4.995012499083774093e-01,2.158099925760864846e+00,6.148030626941334287e-01,3.937238714414764473e+00,-1.396290651967279643e+02,-3.977775815631043344e+01,-2.547393448226352746e+02
8.220057400000041525e+01,2.571865453634385901e+00,9.260271900355357966e-01,0.000000000000000000e+00,4.861596140640977255e-05,-7.797594872940495359e-01,4.995012499083774093e-01,2.135816335230905860e+00,6.306351084203334345e-01,3.950305590016970125e+00,-1.381873168894396144e+02,-4.080209151479557761e+01,-2.555847716740979649e+02
8.231045489999996789e+01,2.571865453634385901e+00,9.260271900355357966e-01,0.000000000000000000e+00,2.490027525034903524e-05,-7.797594872940495359e-01,4.995012499083774093e-01,2.113546827835467212e+00,6.471525788922314337e-01,3.961867973489355599e+00,-1.367464797609547418e+02,-4.187077185432737281e+01,-2.563328578847613244e+02
8.241991450000023178e+01,2.571865453634385901e+00,9.260271900355357966e-01,0.000000000000000000e+00,1.298815009600549791e-05,-7.797594872940495359e-01,4.995012499083774093e-01,2.091294920187916073e+00,6.643483731738613063e-01,3.971915782261603134e+00,-1.353067813361581671e+02,-4.298333974434882521e+01,-2.569829511123257362e+02
8.253382690000034927e+01,2.571865453634385901e+00,9.260271900355357966e-01,0.000000000000000000e+00,6.791331633596484380e-06,-7.797594872940495359e-01,4.995012499083774093e-01,2.069064126122428959e+00,6.822150987147626022e-01,3.980440254495050567e+00,-1.338684489601211567e+02,-4.413931688684514398e+01,-2.575344844658297916e+02
8.264260859999922104e+01,2.571865453634385901e+00,9.260271900355357966e-01,0.000000000000000000e+00,3.486104071681283435e-06,-7.797594872940495359e-01,4.995012499083774093e-01,2.046857956139092938e+00,7.007450745280516813e-01,3.987433956723150708e+00,-1.324317097621993184e+02,-4.533820632196494671e+01,-2.579869769999878599e+02
8.276076130000001285e+01,2.571865453634385901e+00,9.260271900355357966e-01,0.000000000000000000e+00,1.826469963180849999e-06,-7.797594872940495359e-01,4.995012499083774093e-01,2.024679916849567718e+00,7.199303344925371828e-01,3.992890790333566642e+00,-1.309967906201670473e+02,-4.657949264166715864e+01,-2.583400341345817992e+02
8.286836529999891354e+01,2.571865453634385901e+00,9.260271900355357966e-01,0.000000000000000000e+00,9.205255438947344847e-07,-7.797594872940495359e-01,4.995012499083774093e-01,2.002533510423358809e+00,7.397626307773665921e-01,3.996805996886244383e+00,-1.295639181243913072e+02,-4.786264221129562202e+01,-2.585933479985400254e+02
8.297637039999972330e+01,2.571865453634385901e+00,9.260271900355357966e-01,0.000000000000000000e+00,4.841628666589137417e-07,-7.797594872940495359e-01,4.995012499083774093e-01,1.980422234034764584e+00,7.602334373878329998e-01,3.999176162262852330e+00,-1.281333185420492669e+02,-4.918710339899279660e+01,-2.587466976984065354e+02
8.308478110000032757e+01,2.571865453634385901e+00,9.260271900355357966e-01,0.000000000000000000e+00,2.559051073457433959e-07,-7.797594872940495359e-01,4.995012499083774093e-01,1.958349579310654676e+00,7.813339538307113585e-01,3.999999219643937121e+00,-1.267052177813993694e+02,-5.055230681284702854e+01,-2.587999495109627333e+02
8.319178300000021409e+01,2.571865453634385901e+00,9.260271900355357966e-01,0.000000000000000000e+00,1.344843463029165177e-07,-7.797594872940495359e-01,4.995012499083774093e-01,1.936319031779081490e+00,8.030551088976551899e-01,3.999274451311223721e+00,-1.252798413561065729e+02,-5.195766554567829587e+01,-2.587530569998361898e+02
8.329878629999984696e+01,2.571865453634385901e+00,9.260271900355357966e-01,0.000000000000000000e+00,7.111638646311074781e-08,-7.797594872940495359e-01,4.995012499083774093e-01,1.914334070318883141e+00,8.253875645649413340e-01,3.997002489273475234e+00,-1.238574143496317390e+02,-5.340257542735170659e+01,-2.586060610559938482e+02
8.340857320000031905e+01,2.571865453634385901e+00,9.260271900355357966e-01,0.000000000000000000e+00,3.759451584670543111e-08,-7.797594872940495359e-01,4.995012499083774093e-01,1.892398166610338217e+00,8.483217200079149478e-01,3.993185314715373302e+00,-1.224381613796888928e+02,-5.488641528451209695e+01,-2.583590898620846588e+02
8.351582579999922018e+01,2.571865453634385901e+00,9.260271900355357966e-01,0.000000000000000000e+00,1.960772697832256567e-08,-7.797594872940495359e-01,4.995012499083774093e-01,1.870514784586925217e+00,8.718477157284576506e-01,3.987826256269892955e+00,-1.210223065627740624e+02,-5.640854720763121577e+01,-2.580123587806621117e+02
8.362397769999915909e+01,2.571865453634385901e+00,9.260271900355357966e-01,0.000000000000000000e+00,1.036118744457878926e-08,-7.797594872940495359e-01,4.995012499083774093e-01,1.848687379888352078e+00,8.959554377935965430e-01,3.980929987115689350e+00,-1.196100734787763855e+02,-5.796831682524570084e+01,-2.575661701663851204e+02
8.373647779999919294e+01,2.572087847034021379e+00,9.260211173399364171e-01,0.000000000000000000e+00,-2.646872714834718203e-05,-7.798654395607501622e-01,4.993245497051215231e-01,1.826919399314845815e+00,9.206345221835643411e-01,3.972502520902010836e+00,-1.182016851356705303e+02,-5.956505358527661542e+01,-2.570209131023601117e+02
8.384329660000003059e+01,2.571934592482215010e+00,9.263615090561867493e-01,0.000000000000000000e+00,1.452936141607099252e-03,-7.800755455532217830e-01,4.996276500462109027e-01,1.805214280282887440e+00,9.458743592473051187e-01,3.962551206504715040e+00,-1.167973639343028225e+02,-6.119807104330064362e+01,-2.563770630608550505e+02
8.395074939999904018e+01,2.572467318177530160e+00,9.265469376061022944e-01,0.000000000000000000e+00,1.587338663220016653e-03,-7.804977992754817961e-01,4.993119394861053051e-01,1.783575450282382846e+00,9.716640982636410850e-01,3.951084721617930562e+00,-1.153973316332701700e+02,-6.286666715765758084e+01,-2.556351814886801321e+02
8.406351019999965501e+01,2.561742961856470657e+00,9.282144567155534709e-01,0.000000000000000000e+00,8.352675646240547563e-03,-7.764931747543231122e-01,5.085670331585624426e-01,1.762006326335431305e+00,9.979926521060351607e-01,3.938113065186984674e+00,-1.140018093139024131e+02,-6.457012459126048043e+01,-2.547959153175979168e+02
8.417498539999905915e+01,2.538982599632642945e+00,9.334274377393728672e-01,0.000000000000000000e+00,2.805762871119566598e-02,-7.690126495784204153e-01,5.290617414943821206e-01,1.740510314456747532e+00,1.024848702008987145e+00,3.923647548689176645e+00,-1.126110173453515699e+02,-6.630771101998146833e+01,-2.538599964001897433e+02
8.428269240000008722e+01,2.534834201799982978e+00,9.339235123485005730e-01,0.000000000000000000e+00,1.711625042732814808e-02,-7.672188058847586589e-01,5.325302158696020305e-01,1.719090809115790375e+00,1.052220702434037092e+00,3.907700786269991955e+00,-1.112251753497916411e+02,-6.807867944748220168e+01,-2.528282408716684984e+02
8.439119570000002568e+01,2.534957934073184482e+00,9.341313884575466187e-01,0.000000000000000000e+00,9.941295554575171542e-03,-7.674554762169483180e-01,5.325537934577510013e-01,1.697751192700762468e+00,1.080096886033235171e+00,3.890286683743392260e+00,-1.098445021677393356e+02,-6.988226852635031605e+01,-2.517015484381974773e+02
8.449982559999989462e+01,2.535357647300463313e+00,9.343929566313600166e-01,0.000000000000000000e+00,6.347080184653944648e-03,-7.678832401739826841e-01,5.323960244613029635e-01,1.676494834984469051e+00,1.108465268707992335e+00,3.871420426465726372e+00,-1.084692158234951478e+02,-7.171770288540710681e+01,-2.504809015923325148e+02
8.460698309999861522e+01,2.535735431776128479e+00,9.344728561963189239e-01,0.000000000000000000e+00,3.683328366882938128e-03,-7.681499949057568610e-01,5.321513922691470944e-01,1.655325092592199177e+00,1.137313654761090698e+00,3.851118466093880865e+00,-1.070995334907152881e+02,-7.358419346304256692e+01,-2.491673647562741110e+02
8.471404219999931229e+01,2.536091874820829872e+00,9.346987800328033780e-01,0.000000000000000000e+00,2.937473540229139975e-03,-7.685253862244749712e-01,5.320061466969461250e-01,1.634245308471696134e+00,1.166629642139653811e+00,3.829398506239194422e+00,-1.057356714581187447e+02,-7.548093784643560866e+01,-2.477620833536758767e+02
8.482274419999885140e+01,2.536626470237421493e+00,9.348694954424182635e-01,0.000000000000000000e+00,2.304087582045487130e-03,-7.689501015051527499e-01,5.316923122483312447e-01,1.613258811365227974e+00,1.196400627766880387e+00,3.806279487029628150e+00,-1.043778450953302581e+02,-7.740712061651716169e+01,-2.462662828108169606e+02
8.493469759999970847e+01,2.536965623014467042e+00,9.349853913598733524e-01,0.000000000000000000e+00,1.717018867559262120e-03,-7.692257314155219738e-01,5.314973717570302680e-01,1.592368915283977060e+00,1.226613812960124505e+00,3.781781568593728160e+00,-1.030262688188733193e+02,-7.936191369852005550e+01,-2.446812674880142140e+02
8.503927469999871391e+01,2.537165496880041893e+00,9.351187623285537320e-01,0.000000000000000000e+00,1.459917091612671688e-03,-7.694416898212375067e-01,5.314194065179824733e-01,1.571578918984695150e+00,1.257256208933143160e+00,3.755926113480642758e+00,-1.016811560583097815e+02,-8.134447671797435930e+01,-2.430084195421976005e+02
8.514499249999971653e+01,2.537344696472703554e+00,9.350647482229436092e-01,0.000000000000000000e+00,5.405390088272817159e-04,-7.694924578013209171e-01,5.312508265933514329e-01,1.550892105448799851e+00,1.288314642380020691e+00,3.728735668031698314e+00,-1.003427192225373545e+02,-8.335395736198734085e+01,-2.412491977216508872e+02
8.524943429999984801e+01,2.537344696472703554e+00,9.350647482229436092e-01,0.000000000000000000e+00,2.881222812671631827e-04,-7.694924578013209171e-01,5.312508265933514329e-01,1.530311741363963751e+00,1.319775761138414882e+00,3.700233942719664881e+00,-9.901116966624846327e+01,-8.538949174565544809e+01,-2.394051360939623407e+02
8.535425679999934800e+01,2.537344696472703554e+00,9.350647482229436092e-01,0.000000000000000000e+00,1.537315603844099053e-04,-7.694924578013209171e-01,5.312508265933514329e-01,1.509841076608245292e+00,1.351626039929752165e+00,3.670445791472816133e+00,-9.768671765655346917e+01,-8.745020478345496429e+01,-2.374778427082912060e+02
8.546164159999898402e+01,2.537344696472703554e+00,9.350647482229436092e-01,0.000000000000000000e+00,8.225568689606016384e-05,-7.694924578013209171e-01,5.312508265933514329e-01,1.489483343736918375e+00,1.383851786173767584e+00,3.639397190002005900e+00,-9.636957233977862813e+01,-8.953521056544276746e+01,-2.354689981931297780e+02
8.556893359999958193e+01,2.537344696472703554e+00,9.350647482229436092e-01,0.000000000000000000e+00,4.329896163132317973e-05,-7.694924578013209171e-01,5.312508265933514329e-01,1.469241757471995147e+00,1.416439145875023620e+00,3.607115213149407751e+00,-9.505994170843808888e+01,-9.164361273811402953e+01,-2.333803542907666895e+02
8.567765150000013818e+01,2.537344696472703554e+00,9.350647482229436092e-01,0.000000000000000000e+00,2.284271776730620201e-05,-7.694924578013209171e-01,5.312508265933514329e-01,1.449119514194591396e+00,1.449374109578824177e+00,3.573628011278854544e+00,-9.375803256839006394e+01,-9.377450488974993448e+01,-2.312137323297419016e+02
8.578482719999919937e+01,2.537344696472703554e+00,9.350647482229436092e-01,0.000000000000000000e+00,1.199383460418648871e-05,-7.694924578013209171e-01,5.312508265933514329e-01,1.429119791440191412e+00,1.482642518393902265e+00,3.538964785728352602e+00,-9.246405050618038501e+01,-9.592697094008548220e+01,-2.289710216366244140e+02
8.588810109999940323e+01,2.537344696472703554e+00,9.350647482229436092e-01,0.000000000000000000e+00,6.339163454341947204e-06,-7.694924578013209171e-01,5.312508265933514329e-01,1.409245747396856263e+00,1.516230070079438441e+00,3.503155763346012197e+00,-9.117819985657659743e+01,-9.810008553413966581e+01,-2.266541778884869984e+02
8.600539629999911995e+01,2.537344696472703554e+00,9.350647482229436092e-01,0.000000000000000000e+00,3.372462016102983290e-06,-7.694924578013209171e-01,5.312508265933514329e-01,1.389500520406533157e+00,1.550122325193612927e+00,3.466232170131840817e+00,-8.990068367030269769e+01,-1.002929144400267631e+02,-2.242652214075301060e+02
8.611374459999933606e+01,2.537344696472703554e+00,9.350647482229436092e-01,0.000000000000000000e+00,1.721442394967703792e-06,-7.694924578013209171e-01,5.312508265933514329e-01,1.369887228469454987e+00,1.584304713301228684e+00,3.428226204008170797e+00,-8.863170368197374671e+01,-1.025045149505894955e+02,-2.218062353993286706e+02
8.622676890000002459e+01,2.537344696472703554e+00,9.350647482229436092e-01,0.000000000000000000e+00,9.000174598081084770e-07,-7.694924578013209171e-01,5.312508265933514329e-01,1.350408968751780403e+00,1.618762539237589948e+00,3.389171006742606629e+00,-8.737146027824019257e+01,-1.047339362886720693e+02,-2.192793641362466701e+02
8.633520270000008168e+01,2.537344696472703554e+00,9.350647482229436092e-01,0.000000000000000000e+00,4.656890627582763568e-07,-7.694924578013209171e-01,5.312508265933514329e-01,1.331068817096523915e+00,1.653480989426003855e+00,3.349100635047924879e+00,-8.612015246614510033e+01,-1.069802200158624572e+02,-2.166868110876007449e+02
8.644366280000031111e+01,2.537344696472703554e+00,9.350647482229436092e-01,0.000000000000000000e+00,2.443949418241131457e-07,-7.694924578013209171e-01,5.312508265933514329e-01,1.311869827537823774e+00,1.688445138246244426e+00,3.308050030884080783e+00,-8.487797784169720217e+01,-1.092424004445320236e+02,-2.140308369982000443e+02
8.655483689999891794e+01,2.537344696472703554e+00,9.350647482229436092e-01,0.000000000000000000e+00,1.284195590735469406e-07,-7.694924578013209171e-01,5.312508265933514329e-01,1.292815031818699056e+00,1.723639954451098966e+00,3.266054990988338069e+00,-8.364513255866982888e+01,-1.115195050529861049e+02,-2.113137579169454909e+02
8.666216639999947802e+01,2.537344696472703554e+00,9.350647482229436092e-01,0.000000000000000000e+00,6.671368304831587028e-08,-7.694924578013209171e-01,5.312508265933514329e-01,1.273907438912281309e+00,1.759050307628411192e+00,3.223152135659948403e+00,-8.242181129762460046e+01,-1.138105549035582129e+02,-2.085379431771986845e+02
8.677231939999910537e+01,2.537344696472703554e+00,9.350647482229436092e-01,0.000000000000000000e+00,3.484568133551910817e-08,-7.694924578013209171e-01,5.312508265933514329e-01,1.255150034546671067e+00,1.794660974705696077e+00,3.179378876826718603e+00,-8.120820723516962403e+01,-1.161145650634585422e+02,-2.057058133306886987e+02
8.688127410000015516e+01,2.537344696472703554e+00,9.350647482229436092e-01,0.000000000000000000e+00,1.836819018942736835e-08,-7.694924578013209171e-01,5.312508265933514329e-01,1.236545780733466104e+00,1.830456646494589945e+00,3.134773385421270930e+00,-8.000451201345525476e+01,-1.184305450281999725e+02,-2.028198380367562379e+02
8.698810930000036024e+01,2.537344696472703554e+00,9.350647482229436092e-01,0.000000000000000000e+00,9.634348335539028167e-09,-7.694924578013209171e-01,5.312508265933514329e-01,1.218097615300005598e+00,1.866421934272384231e+00,3.089374558095384860e+00,-7.881091570991036122e+01,-1.207574991474232604e+02,-1.998825339087714212e+02
8.709743410000010044e+01,2.537344696472703554e+00,9.350647482229436092e-01,0.000000000000000000e+00,5.085021308946739063e-09,-7.694924578013209171e-01,5.312508265933514329e-01,1.199808451425474543e+00,1.902541376397657302e+00,3.043221983301580558e+00,-7.762760680722820439e+01,-1.230944270529284381e+02,-1.968964623196122830e+02
8.720962539999891305e+01,2.537344696472703554e+00,9.350647482229436092e-01,0.000000000000000000e+00,2.663587346805567321e-09,-7.694924578013209171e-01,5.312508265933514329e-01,1.181681177180860853e+00,1.938799444957354456e+00,2.996355906771362321e+00,-7.645477216360170303e+01,-1.254403240887408373e+02,-1.938642271681071634e+02
8.731949369999892951e+01,2.537344696472703554e+00,9.350647482229436092e-01,0.000000000000000000e+00,1.370413642879596356e-09,-7.694924578013209171e-01,5.312508265933514329e-01,1.163718655072900621e+00,1.975180552442265647e+00,2.948817196420358222e+00,-7.529259698321666860e+01,-1.277941817430145903e+02,-1.907884726083971714e+02
8.742898710000008577e+01,2.537344696472703554e+00,9.350647482229436092e-01,0.000000000000000000e+00,7.181780777506292764e-10,-7.694924578013209171e-01,5.312508265933514329e-01,1.145923721592073452e+00,2.011669058448184888e+00,2.900647306710907536e+00,-7.414126478700715950e+01,-1.301549880815975655e+02,-1.876718807441957324e+02
8.754019829999924696e+01,2.537344696472703554e+00,9.350647482229436092e-01,0.000000000000000000e+00,3.750393042161828682e-10,-7.694924578013209171e-01,5.312508265933514329e-01,1.128299186764653017e+00,2.048249276399810359e+00,2.851888242503111570e+00,-7.300095738367305387e+01,-1.325217281830677223e+02,-1.845171692899513403e+02
8.764963379999971949e+01,2.537344696472703554e+00,9.350647482229436092e-01,0.000000000000000000e+00,1.947979529574818725e-10,-7.694924578013209171e-01,5.312508265933514329e-01,1.110847833709004195e+00,2.084905480294431790e+00,2.802582522426020351e+00,-7.187185484097257415e+01,-1.348933845750497369e+02,-1.813270892009635133e+02
8.776729859999977634e+01,2.537344696472703554e+00,9.350647482229436092e-01,0.000000000000000000e+00,1.019057586552320783e-10,-7.694924578013209171e-01,5.312508265933514329e-01,1.093572418196074425e+00,2.121621911462652221e+00,2.752773141800711532e+00,-7.075413545728601150e+01,-1.372689376716336085e+02,-1.781044222745060495e+02
8.787469099999907485e+01,2.537344696472703554e+00,9.350647482229436092e-01,0.000000000000000000e+00,5.147847455288245894e-11,-7.694924578013209171e-01,5.312508265933514329e-01,1.076475668214233794e+00,2.158382785343097243e+00,2.702503535147751101e+00,-6.964797573346092463e+01,-1.396473662116983974e+02,-1.748519787240595065e+02
8.799183850000008533e+01,2.537344696472703554e+00,9.350647482229436092e-01,0.000000000000000000e+00,2.714436534853123169e-11,-7.694924578013209171e-01,5.312508265933514329e-01,1.059560283538500736e+00,2.195172298268246447e+00,2.651817538311661782e+00,-6.855355034494100153e+01,-1.420276476979555582e+02,-1.715725947287645283e+02
8.809804549999898882e+01,2.537344696472703554e+00,9.350647482229436092e-01,0.000000000000000000e+00,1.375196671926986438e-11,-7.694924578013209171e-01,5.312508265933514329e-01,1.042828935304200622e+00,2.231974634258550250e+00,2.600759350235374523e+00,-6.747103211418178148e+01,-1.444087588365282215e+02,-1.682691299602287529e+02
8.820725769999990007e+01,2.537344696472703554e+00,9.350647482229436092e-01,0.000000000000000000e+00,7.300572487870563670e-12,-7.694924578013209171e-01,5.312508265933514329e-01,1.026284265585179822e+00,2.268773971821738122e+00,2.549373494418140318e+00,-6.640059198336113866e+01,-1.467896759768664765e+02,-1.649444650888536898e+02
8.831640009999864560e+01,2.537344696472703554e+00,9.350647482229436092e-01,0.000000000000000000e+00,3.794755757938340307e-12,-7.694924578013209171e-01,5.312508265933514329e-01,1.009928886976576790e+00,2.305554490754596841e+00,2.497704780090333809e+00,-6.534239898738452723e+01,-1.491693755518224123e+02,-1.616014992718446024e+02
8.842082329999902868e+01,2.537344696472703554e+00,9.350647482229436092e-01,0.000000000000000000e+00,1.995910141238020507e-12,-7.694924578013209171e-01,5.312508265933514329e-01,9.937653821822691746e-01,2.342300378944128791e+00,2.445798263139157935e+00,-6.429662022719281822e+01,-1.515468345176851415e+02,-1.582431476251035178e+02
8.852468819999921834e+01,2.537344696472703554e+00,9.350647482229436092e-01,0.000000000000000000e+00,1.071703930022588184e-12,-7.694924578013209171e-01,5.312508265933514329e-01,9.777963036070416170e-01,2.378995839165230830e+00,2.393699206819256631e+00,-6.326342084337559868e+01,-1.539210307939904396e+02,-1.548723386812059175e+02
8.863469780000013998e+01,2.537344696472703554e+00,9.350647482229436092e-01,0.000000000000000000e+00,5.746070561717614865e-13,-7.694924578013209171e-01,5.312508265933514329e-01,9.620241729535163877e-01,2.415625095872039552e+00,2.341453042282442887e+00,-6.224296399009251246e+01,-1.562909437029209698e+02,-1.514920118356740488e+02
8.874463869999999588e+01,2.537344696472703554e+00,9.350647482229436092e-01,0.000000000000000000e+00,2.992469735461749747e-13,-7.694924578013209171e-01,5.312508265933514329e-01,9.464514808239641308e-01,2.452172401979859195e+00,2.289105328961106522e+00,-6.123541080931047986e+01,-1.586555544080968900e+02,-1.481051147837835913e+02
8.885587390000000596e+01,2.537344696472703554e+00,9.350647482229436092e-01,0.000000000000000000e+00,1.563229681099984416e-13,-7.694924578013209171e-01,5.312508265933514329e-01,9.310806863269942557e-01,2.488622045634956148e+00,2.236701714839668398e+00,-6.024092040535653325e+01,-1.610138463525816803e+02,-1.447146009501265382e+02
8.897036089999892283e+01,2.537344696472703554e+00,9.350647482229436092e-01,0.000000000000000000e+00,8.090204068291880403e-14,-7.694924578013209171e-01,5.312508265933514329e-01,9.159142166892397796e-01,2.524958356969111861e+00,2.184287896648879457e+00,-5.925964981979381463e+01,-1.633648056959015378e+02,-1.413234269131825158e+02
8.908190800000011222e+01,2.537344696472703554e+00,9.350647482229436092e-01,0.000000000000000000e+00,4.142997615297442161e-14,-7.694924578013209171e-01,5.312508265933514329e-01,9.009544668720761429e-01,2.561165714836190599e+00,2.131909580017608441e+00,-5.829175400662332862e+01,-1.657074217499015276e+02,-1.379345498271392785e+02
8.919001319999915722e+01,2.537344696472703554e+00,9.350647482229436092e-01,0.000000000000000000e+00,2.147549810107412557e-14,-7.694924578013209171e-01,5.312508265933514329e-01,8.862037991934141878e-01,2.597228553527758610e+00,2.079612439616811859e+00,-5.733738580781390226e+01,-1.680406874132459905e+02,-1.345509248432077243e+02
8.930668439999863040e+01,2.537344696472703554e+00,9.350647482229436092e-01,0.000000000000000000e+00,1.130413322574994438e-14,-7.694924578013209171e-01,5.312508265933514329e-01,8.716645429546794333e-01,2.633131369464810856e+00,2.027442079330591174e+00,-5.639669592916776253e+01,-1.703635996043732632e+02,-1.311755025326892508e+02
8.941188959999999497e+01,2.537344696472703554e+00,9.350647482229436092e-01,0.000000000000000000e+00,5.739663443098512356e-15,-7.694924578013209171e-01,5.312508265933514329e-01,8.573389940729745362e-01,2.668858727862874591e+00,1.975443992488883804e+00,-5.546983291652145454e+01,-1.726751596927279877e+02,-1.278112263140307903e+02
8.952352739999878395e+01,2.537344696472703554e+00,9.350647482229436092e-01,0.000000000000000000e+00,3.054062980768772589e-15,-7.694924578013209171e-01,5.312508265933514329e-01,8.432294147185326327e-01,2.704395269367472654e+00,1.923663522196622289e+00,-5.455694313228906367e+01,-1.749743739280754937e+02,-1.244610298861214659e+02
8.963501759999962815e+01,2.537344696472703554e+00,9.350647482229436092e-01,0.000000000000000000e+00,1.583396445350004273e-15,-7.694924578013209171e-01,5.312508265933514329e-01,8.293380329575013032e-01,2.739725716657164245e+00,1.872145821793889775e+00,-5.365817073235033519e+01,-1.772602538677185464e+02,-1.211278346700646722e+02
8.974046549999911804e+01,2.537344696472703554e+00,9.350647482229436092e-01,0.000000000000000000e+00,8.199623239789992128e-16,-7.694924578013209171e-01,5.312508265933514329e-01,8.156670424000911357e-01,2.774834881011376098e+00,1.820935815481494746e+00,-5.277365764328590103e+01,-1.795318168014360367e+02,-1.178145472616527201e+02
8.985009009999885166e+01,2.537344696472703554e+00,9.350647482229436092e-01,0.000000000000000000e+00,4.367026321317376863e-16,-7.694924578013209171e-01,5.312508265933514329e-01,8.022186018541939134e-01,2.809707668840054851e+00,1.770078159146447172e+00,-5.190354353996634984e+01,-1.817880861739515694e+02,-1.145240568967751358e+02
8.996112519999951473e+01,2.537344696472703554e+00,9.350647482229436092e-01,0.000000000000000000e+00,2.282723162707661586e-16,-7.694924578013209171e-01,5.312508265933514329e-01,7.889948349844670972e-01,2.844329088172513842e+00,1.719617201421319574e+00,-5.104796582349502643e+01,-1.840280920047616462e+02,-1.112592329319593745e+02
9.007040500000039174e+01,2.532749593726041581e+00,9.299586833302673217e-01,0.000000000000000000e+00,-2.199207598184028598e-02,-7.628546330388378260e-01,5.318608479222215468e-01,7.759978299769962895e-01,2.878684255102529566e+00,1.669596945011597278e+00,-5.020705959951165909e+01,-1.862508713051336713e+02,-1.080229223422503537e+02
9.017951259999972535e+01,2.497091384739103859e+00,8.759493848113101278e-01,0.000000000000000000e+00,-2.446776739934817257e-01,-7.002335036925916301e-01,5.262702395706125857e-01,7.632296392095399007e-01,2.912758400186983732e+00,1.620061008324683804e+00,-4.938095765685723393e+01,-1.884554684920978502e+02,-1.048179472386070472e+02
9.029048010000042268e+01,2.492679113148410508e+00,7.328331110268360149e-01,0.000000000000000000e+00,-7.522921303115548408e-01,-5.838780678207347030e-01,4.428665380621981673e-01,7.506922789274301788e-01,2.946536874795356642e+00,1.571052587433958703e+00,-4.856979044660473477e+01,-1.906409357992595801e+02,-1.016471024069771261e+02
9.039712220000001253e+01,2.478956933402709950e+00,5.710845995147928456e-01,0.000000000000000000e+00,-1.090633132017609030e+00,-4.502279558693328965e-01,3.513294857490520395e-01,7.383877289251969955e-01,2.980005157407192407e+00,1.522614418411206039e+00,-4.777368606146024632e+01,-1.928063336842453452e+02,-9.851315287120503683e+01
9.050281129999893892e+01,2.361935648306742408e+00,4.082413207159548696e-01,0.000000000000000000e+00,-1.269812626919602616e+00,-2.903227410300684430e-01,2.870081566448851595e-01,7.263179322339223809e-01,3.013148859855013573e+00,1.474788740060084313e+00,-4.699277021553478306e+01,-1.949507312326193755e+02,-9.541883148188746588e+01
9.060658700000021781e+01,2.179346417784902457e+00,3.476302705723947062e-01,0.000000000000000000e+00,-8.617039581244747559e-01,-1.987327319315766450e-01,2.852229062982993835e-01,7.144847948144201766e-01,3.045953733509814576e+00,1.427617257083278801e+00,-4.622716622449298995e+01,-1.970732065580850190e+02,-9.236683653328813648e+01
9.071159819999957108e+01,1.983529833989559066e+00,3.094720192741636233e-01,0.000000000000000000e+00,-5.256197776003490585e-01,-1.241338046453551863e-01,2.834849718378332217e-01,7.028901852562663422e-01,3.078405675406657771e+00,1.381141103715397556e+00,-4.547699498608043456e+01,-1.991728471988107572e+02,-8.935982941038622585e+01
9.081798129999879166e+01,1.776159088697683686e+00,2.399571390054298370e-01,0.000000000000000000e+00,-4.717947183459774152e-01,-4.893261469367280597e-02,2.349149373260707163e-01,6.915359344827154420e-01,3.110490734307561400e+00,1.335400807853266869e+00,-4.474237496103169320e+01,-2.012487505096992209e+02,-8.640043226810637123e+01
9.092569329999969341e+01,1.244048307906176376e+00,1.444845519160031511e-01,0.000000000000000000e+00,-2.943521214620996584e-01,4.637445654386800759e-02,1.368400362563131911e-01,6.804238354615907980e-01,3.142195116699220137e+00,1.290436255715049052e+00,-4.402342215436492978e+01,-2.033000240504395606e+02,-8.349122574476368186e+01
9.103571539999938977e+01,5.529586371668253619e-01,1.470235691595868921e-01,0.000000000000000000e+00,3.718483723916825023e-01,1.251132863700835096e-01,7.721784419485760997e-02,6.695556429221416472e-01,3.173505192722907431e+00,1.246286657058826464e+00,-4.332025009706256924e+01,-2.053257859691721308e+02,-8.063474671170607166e+01
9.114288069999929576e+01,4.251408660956164098e-01,1.822631923591615244e-01,0.000000000000000000e+00,4.112119188517411317e-01,1.660382399694673994e-01,7.517429186094323756e-02,6.589330730779567880e-01,3.204407502034006150e+00,1.202990510991127415e+00,-4.263296982814380698e+01,-2.073251653816002147e+02,-7.783348606112595292e+01
9.125435279999874183e+01,3.423973969158934927e-01,2.166957310624859356e-01,0.000000000000000000e+00,3.933071221696289310e-01,2.041170761055581262e-01,7.275478749074194840e-02,6.485578033559580291e-01,3.234888759588652185e+00,1.160585572395147924e+00,-4.196168987713048892e+01,-2.092973027453857924e+02,-7.508988653396608015e+01
9.136832320000030450e+01,3.105183353064076002e-01,2.384052222729371451e-01,0.000000000000000000e+00,3.032537087230232631e-01,2.270035686401790653e-01,7.284524577233630893e-02,6.384314721315054175e-01,3.264935861355077407e+00,1.119108819007890387e+00,-4.130651624690840151e+01,-2.112413502296735146e+02,-7.240634058981051169e+01
9.147641610000027867e+01,3.068677297964321760e-01,2.410558502085273780e-01,0.000000000000000000e+00,1.673232509702903825e-01,2.297947869988245517e-01,7.281674799056080116e-02,6.285556784696906263e-01,3.294535889947045604e+00,1.078596419175093635e+00,-4.066755239698898805e+01,-2.131564720795738594e+02,-6.978518832062856347e+01
9.158962450000035460e+01,3.070830328071743054e-01,2.409731576291672117e-01,0.000000000000000000e+00,8.768993221283254147e-02,2.297002798399268853e-01,7.284122554728715560e-02,6.189319818728151734e-01,3.323676120177137872e+00,1.039083700311812519e+00,-4.004489922717114325e+01,-2.150418449754608332e+02,-6.722871541017427433e+01
9.169797319999997853e+01,3.078554641265922598e-01,2.406864528892891930e-01,0.000000000000000000e+00,4.371915794271205580e-02,2.293707209909090772e-01,7.293175547413190130e-02,6.095619020341318528e-01,3.352344024527347255e+00,1.000605118096445478e+00,-3.943865506160832979e+01,-2.168966583869193698e+02,-6.473915114084002198e+01
9.181125789999896369e+01,3.084639522256047983e-01,2.404597392918447207e-01,0.000000000000000000e+00,2.205199837172543836e-02,2.291102874759039232e-01,7.300248210171071672e-02,6.004469185978711376e-01,3.380527278534705804e+00,9.631942264248805063e-01,-3.884891563328226738e+01,-2.187201149211954885e+02,-6.231866644968977198e+01
9.191996189999917988e+01,3.090205463092341454e-01,2.402572384515482551e-01,0.000000000000000000e+00,1.046377509560724936e-02,2.288767104785161266e-01,7.306840650306817286e-02,5.915884709255792018e-01,3.408213766089658758e+00,9.268836481509421521e-01,-3.827577406888497791e+01,-2.205114306660009333e+02,-5.996937203536595717e+01
9.203054999999949359e+01,3.096312033712997902e-01,2.400306927715809557e-01,0.000000000000000000e+00,4.507238451567671493e-03,2.286162755396453916e-01,7.313912790556102717e-02,5.829879578688366148e-01,3.435391584644799323e+00,8.917050466388327656e-01,-3.771932087411373402e+01,-2.222698355265185342e+02,-5.769331651753248025e+01
9.213916359999893757e+01,3.099487413452175488e-01,2.398876622314969065e-01,0.000000000000000000e+00,1.721737017622371104e-03,2.284568245425997457e-01,7.316809284657173340e-02,5.746467375483539364e-01,3.462049050331859057e+00,8.576890981521729795e-01,-3.717964391937849911e+01,-2.239945735564712948e+02,-5.549248465044559708e+01
9.224981490000027406e+01,3.103392375788182611e-01,2.397430097834834795e-01,0.000000000000000000e+00,2.715634897305882240e-04,2.282904928556827029e-01,7.321312458673608081e-02,5.665661271395132648e-01,3.488174702984643716e+00,8.248654651038571650e-01,-3.665682842592651269e+01,-2.256849032831064505e+02,-5.336879559221956271e+01
9.236072819999935746e+01,3.107281919915236834e-01,2.396015073660075212e-01,0.000000000000000000e+00,-4.708496922000522319e-04,2.281272729868684124e-01,7.325864898861959851e-02,5.587474026643735048e-01,3.513757311065800693e+00,7.932627701899990225e-01,-3.615095695238496631e+01,-2.273400980259573032e+02,-5.132410123129293567e+01
9.246700869999949646e+01,3.048495370142672578e-01,2.440504989559237614e-01,0.000000000000000000e+00,1.905222590901068172e-02,2.327978490022388214e-01,7.325167261275437880e-02,5.511917987901651106e-01,3.538785876495323279e+00,7.629085714304886245e-01,-3.566210938172368117e+01,-2.289594462092474316e+02,-4.936018457155261530e+01
9.257642049999958545e+01,3.008268835652656570e-01,2.475506300742604526e-01,0.000000000000000000e+00,2.561126599438518989e-02,2.364335773025173504e-01,7.335174145238744503e-02,5.439005086343289275e-01,3.563249639378664568e+00,7.338293381380192049e-01,-3.519036290864108452e+01,-2.305422516677996043e+02,-4.747875817752984773e+01
9.268356499999936204e+01,3.011540468724183128e-01,2.475968932273626411e-01,0.000000000000000000e+00,1.358821145633210339e-02,2.364537477222486972e-01,7.344281260916676879e-02,5.368746835761017966e-01,3.587138082632480796e+00,7.060504278364261310e-01,-3.473579202737379035e+01,-2.320878339463215241e+02,-4.568146268101677521e+01
9.279255939999893599e+01,3.015216655860109007e-01,2.471332250717497014e-01,0.000000000000000000e+00,5.133739827409768315e-03,2.359839827014665603e-01,7.339203528120766262e-02,5.301154330747077648e-01,3.610440936505962206e+00,6.795960641485629949e-01,-3.429846851993359280e+01,-2.335955285919357607e+02,-4.396986535041202870e+01
9.290095049999945331e+01,2.975270338346458487e-01,2.465935481625553538e-01,0.000000000000000000e+00,3.458477509224035067e-04,2.357593074018647372e-01,7.229057316684901757e-02,5.236238244941571196e-01,3.633148182995834752e+00,6.544893156729483241e-01,-3.387846144477196475e+01,-2.350646874398305215e+02,-4.234545872403975864e+01
9.301183049999963259e+01,2.985929234109208075e-01,2.460319723932065383e-01,0.000000000000000000e+00,-2.279919722703916286e-03,2.351453929156747669e-01,7.237662350665766131e-02,5.174008829346965488e-01,3.655250060153174552e+00,6.307520758675844164e-01,-3.347583712587486815e+01,-2.364946788919104108e+02,-4.080965930863271041e+01
9.312638109999898006e+01,2.938548928278806316e-01,2.500174110035980335e-01,0.000000000000000000e+00,1.604945302042113525e-02,2.393002754769195384e-01,7.241604768014121840e-02,5.114475910709381790e-01,3.676737066280082011e+00,6.084050439585608760e-01,-3.309065914228970229e+01,-2.378848881883213267e+02,-3.936380634411889190e+01
9.323467589999927441e+01,2.802042265741953031e-01,2.620495960860962370e-01,0.000000000000000000e+00,5.970551750882614750e-02,2.518293943127540291e-01,7.247031784777571706e-02,5.057648889966794847e-01,3.697599964014531171e+00,5.874677068900000521e-01,-3.272298831808516439e+01,-2.392347176717401851e+02,-3.800916063578300452e+01
9.334599689999959082e+01,1.365028842530988662e-01,3.036139172573682488e-01,0.000000000000000000e+00,2.239871343568424489e-01,3.007896819470463057e-01,4.131559011509816637e-02,5.003536740764531476e-01,3.717829784301543317e+00,5.679583223311617246e-01,-3.237288271274651663e+01,-2.405435870443098736e+02,-3.674690345482616749e+01
9.345663389999936044e+01,-1.934350496580425904e-01,4.037926329230246414e-01,0.000000000000000000e+00,6.343022204129249442e-01,3.962617804346731942e-01,-7.762146461933952524e-02,4.952148008038252947e-01,3.737417830249014195e+00,5.498939027554912151e-01,-3.204039761200749581e+01,-2.418109336171112318e+02,-3.557813550828028326e+01
9.356876829999964684e+01,-4.089797086184310260e-01,5.096846939673863597e-01,0.000000000000000000e+00,8.936374152791103365e-01,4.676494901433184692e-01,-2.026880401832396039e-01,4.903490806664558832e-01,3.756355680866572122e+00,5.332902006054720534e-01,-3.172558551911969715e+01,-2.430362125520672407e+02,-3.450387597917404037e+01
9.367756949999966309e+01,-5.767499914243856551e-01,5.877527651580094492e-01,0.000000000000000000e+00,8.708379109836615894e-01,4.926774733076788593e-01,-3.205030736920437273e-01,4.857572820179614226e-01,3.774635194685771467e+00,5.181616945562808052e-01,-3.142849614656210377e+01,-2.442188970961694281e+02,-3.352506163779136727e+01
9.378663549999873794e+01,-6.957389616952611711e-01,6.261172265112389113e-01,0.000000000000000000e+00,6.747437804490203916e-01,4.805952309177723980e-01,-4.013116063026573865e-01,4.814401299565775894e-01,3.792248513260173759e+00,5.045215768901507580e-01,-3.114917640819056999e+01,-2.453584788079332668e+02,-3.264254602479275746e+01
9.389433939999980794e+01,-8.063710727321966587e-01,7.153532521198914251e-01,0.000000000000000000e+00,7.867248540014980529e-01,4.951119185856015514e-01,-5.163278642422753917e-01,4.773983062106601505e-01,3.809188064543715946e+00,4.923817419925149430e-01,-3.088767041182971340e+01,-2.464544677759784292e+02,-3.185709870691571766e+01
9.400022009999884176e+01,-8.906765206546234381e-01,8.215042196289490395e-01,0.000000000000000000e+00,9.169281671197323513e-01,5.166326484758069215e-01,-6.387173783427549933e-01,4.736324490310339641e-01,3.825446566145962457e+00,4.817527759799258291e-01,-3.064401945230789792e+01,-2.475063928296437723e+02,-3.116940460590120310e+01
9.410368339999877207e+01,-9.364896707627696770e-01,8.573983015349825321e-01,0.000000000000000000e+00,6.634559470161722761e-01,5.081106785761397848e-01,-6.906195666153454038e-01,4.701431530902022704e-01,3.841017028462847538e+00,4.726439474687973430e-01,-3.041826200493608923e+01,-2.485138017415462457e+02,-3.058006340123118960e+01
9.421054999999978463e+01,-9.627233920257585176e-01,8.687338818521795902e-01,0.000000000000000000e+00,4.114078397809903254e-01,4.962962708135394418e-01,-7.130137229075823591e-01,4.669309693884440282e-01,3.855892757681541383e+00,4.650631994930416457e-01,-3.021043371943233069e+01,-2.494762614219957300e+02,-3.008958900719979468e+01
9.432281189999957860e+01,-9.824295498591015807e-01,8.775049993005684668e-01,0.000000000000000000e+00,2.542213009350332009e-01,4.870180563119653749e-01,-7.299509823430652133e-01,4.639964051668019618e-01,3.870067358658135781e+00,4.590171425776179426e-01,-3.002056741429208842e+01,-2.503933581051813917e+02,-2.969840912477188155e+01
9.445650799999930314e+01,-9.884661680493902480e-01,8.804069839232647743e-01,0.000000000000000000e+00,1.321417157648140939e-01,4.841987830154894645e-01,-7.353012959781716207e-01,4.613399238269850766e-01,3.883534737666963110e+00,4.545110489740613602e-01,-2.984869307160593621e+01,-2.512646975270525331e+02,-2.940686486862177063e+01
9.456138780000037514e+01,-9.881836959884218174e-01,8.804072692722969551e-01,0.000000000000000000e+00,7.053964013437018232e-02,4.844066227691703475e-01,-7.351647322912527871e-01,4.589619448581923056e-01,3.896289105020299903e+00,4.515488480630007739e-01,-2.969483783232504237e+01,-2.520899050948134175e+02,-2.921521046967615121e+01
9.466853489999994054e+01,-9.873168823759890245e-01,8.804404015102628156e-01,0.000000000000000000e+00,3.771030729547303340e-02,4.850619450816998635e-01,-7.347722164352097352e-01,4.568628437708688317e-01,3.908324977557398050e+00,4.501331229276781531e-01,-2.955902599197521496e+01,-2.528686260479636587e+02,-2.912361305342077955e+01
9.478003749999879801e+01,-9.863138545552478931e-01,8.805903641520433922e-01,0.000000000000000000e+00,2.055300226175706818e-02,4.858814424940818277e-01,-7.344103847831255916e-01,4.550429520374104086e-01,3.919637181001701443e+00,4.502651081014634737e-01,-2.944127899682045424e+01,-2.536005256108100809e+02,-2.913215249416468922e+01
9.488747669999975187e+01,-9.857039718037929887e-01,8.805465500475366802e-01,0.000000000000000000e+00,1.045073621525099625e-02,4.863050588340736002e-01,-7.340773913920842775e-01,4.535025570398181216e-01,3.930220852185307479e+00,4.519446884913225215e-01,-2.934161544047623238e+01,-2.542852891363893946e+02,-2.924082134538856792e+01
9.500036679999902844e+01,-9.850912544841912144e-01,8.805038247720780031e-01,0.000000000000000000e+00,5.314712742145046021e-03,4.867311314726981974e-01,-7.337436821489948802e-01,4.522419020243189092e-01,3.940071441139658681e+00,4.551703994781799434e-01,-2.926005106097343500e+01,-2.549226222417359224e+02,-2.944952484623824418e+01
9.511096009999891976e+01,-9.844635286559828558e-01,8.806175259687140100e-01,0.000000000000000000e+00,3.229388523626050642e-03,4.872545374234239501e-01,-7.335327142013121637e-01,4.512611860629542893e-01,3.949184713051588247e+00,4.599394281940887286e-01,-2.919659873827314556e+01,-2.555122509344377590e+02,-2.975808100415754254e+01
9.521934369999871706e+01,-9.840517837632587472e-01,8.805942483177128244e-01,0.000000000000000000e+00,1.584064129460745771e-03,4.875436367195101206e-01,-7.333126430551650810e-01,4.505605640221426178e-01,3.957556750083899288e+00,4.662476159750936766e-01,-2.915126849223262795e+01,-2.560539217304282715e+02,-3.016622075358856137e+01
9.532785089999924821e+01,-9.834975439080642090e-01,8.804540775171170175e-01,0.000000000000000000e+00,2.196597640311437501e-04,4.878723222441982976e-01,-7.329256304732224558e-01,4.501401465382266487e-01,3.965183953059647326e+00,4.740894619876456773e-01,-2.912406748102326404e+01,-2.565474017629591685e+02,-3.067358819060067532e+01
9.543646110000008775e+01,-9.830214130298311481e-01,8.802962786319616928e-01,0.000000000000000000e+00,-5.747082375038431445e-04,4.881337342792587131e-01,-7.325619397920331011e-01,4.500000000000001776e-01,3.972063043009455008e+00,4.834581280254139912e-01,-2.911500000000001265e+01,-2.569924788827117368e+02,-3.127974088324428692e+01
9.554661099999975704e+01,-9.827012641511196911e-01,8.802379934868214129e-01,0.000000000000000000e+00,-5.563740907660909285e-04,4.883359028779354349e-01,-7.323571336022454137e-01,4.501401465382266487e-01,3.978191062581147186e+00,4.943454444723025532e-01,-2.912406748102326404e+01,-2.573889617490002593e+02,-3.198415025735797812e+01
9.565760869999940041e+01,-9.826657879274294238e-01,8.801772442536778263e-01,0.000000000000000000e+00,-5.525193735688577190e-04,4.883281797581806583e-01,-7.322892667218743323e-01,4.505605640221428398e-01,3.983565377311132139e+00,5.067419174264728987e-01,-2.915126849223264216e+01,-2.577366799120302403e+02,-3.278620205749280103e+01
9.576611339999908523e+01,-9.826657879274294238e-01,8.801772442536778263e-01,0.000000000000000000e+00,-2.873630352623722387e-04,4.883281797581806583e-01,-7.322892667218743323e-01,4.512611860629542893e-01,3.988183676756973384e+00,5.206367369791760069e-01,-2.919659873827314556e+01,-2.580354838861761664e+02,-3.368519688255268818e+01
9.587000119999902381e+01,-9.826657879274294238e-01,8.801772442536778263e-01,0.000000000000000000e+00,-1.509847110140508618e-04,4.883281797581806583e-01,-7.322892667218743323e-01,4.522419020243193533e-01,3.992043975490655150e+00,5.360177866411424130e-01,-2.926005106097346342e+01,-2.582852452142453785e+02,-3.468035079568191748e+01
9.597354389999964042e+01,-9.826657879274294238e-01,8.801772442536778263e-01,0.000000000000000000e+00,-8.097706723201237753e-05,4.883281797581806583e-01,-7.322892667218743323e-01,4.535025570398183437e-01,3.995144613952126278e+00,5.528716539083522452e-01,-2.934161544047624659e+01,-2.584858565227025906e+02,-3.577079600787039482e+01
9.608235469999999623e+01,-9.826657879274294238e-01,8.801772442536778263e-01,0.000000000000000000e+00,-4.345613496606396509e-05,4.883281797581806583e-01,-7.322892667218743323e-01,4.550429520374106307e-01,3.997484259162758846e+00,5.711836419579330304e-01,-2.944127899682046845e+01,-2.586372315678304972e+02,-3.695558163467826773e+01
9.619114710000030755e+01,-9.826657879274294238e-01,8.801772442536778263e-01,0.000000000000000000e+00,-2.280367901609326256e-05,4.883281797581806583e-01,-7.322892667218743323e-01,4.568628437708692758e-01,3.999061905298394670e+00,5.909377824640016375e-01,-2.955902599197524339e+01,-2.587393052728061207e+02,-3.823367452542090916e+01
9.630458100000032573e+01,-9.826657879274294238e-01,8.801772442536778263e-01,0.000000000000000000e+00,-1.194546779274829376e-05,4.883281797581806583e-01,-7.322892667218743323e-01,4.589619448581927497e-01,3.999876874121757186e+00,6.121168495222975015e-01,-2.969483783232507079e+01,-2.587920337556777213e+02,-3.960396016409264774e+01
9.642033090000040829e+01,-9.826657879274294238e-01,8.801772442536778263e-01,0.000000000000000000e+00,-6.151485821905910647e-06,4.883281797581806583e-01,-7.322892667218743323e-01,4.613399238269855207e-01,3.999928815274029326e+00,6.347023746714075543e-01,-2.984869307160596463e+01,-2.587953943482297063e+02,-4.106524364124007320e+01
9.652759530000002997e+01,-9.826657879274294238e-01,8.801772442536778263e-01,0.000000000000000000e+00,-3.124261388532237392e-06,4.883281797581806583e-01,-7.322892667218743323e-01,4.639964051668021838e-01,3.999217706425472585e+00,6.586746629975563927e-01,-3.002056741429210263e+01,-2.587493856057280937e+02,-4.261625069594190052e+01
9.663486559999910241e+01,-9.826657879274294238e-01,8.801772442536778263e-01,0.000000000000000000e+00,-1.650496197565649434e-06,4.883281797581806583e-01,-7.322892667218743323e-01,4.669309693884446943e-01,3.997743853285026905e+00,6.840128103088591871e-01,-3.021043371943237332e+01,-2.586540273075412415e+02,-4.425562882698319100e+01
9.674349179999990156e+01,-9.826657879274294238e-01,8.801772442536778263e-01,0.000000000000000000e+00,-8.717137083655942622e-07,4.883281797581806583e-01,-7.322892667218743323e-01,4.701431530902031586e-01,3.995507889468886464e+00,7.106947213640755212e-01,-3.041826200493614607e+01,-2.585093604486369827e+02,-4.598194847225568793e+01
9.685182650000024296e+01,-9.826657879274294238e-01,8.801772442536778263e-01,0.000000000000000000e+00,-4.568931674723127288e-07,4.883281797581806583e-01,-7.322892667218743323e-01,4.736324490310348523e-01,3.992510776228103353e+00,7.386971291400110662e-01,-3.064401945230795477e+01,-2.583154472219583226e+02,-4.779370425535871902e+01
9.695947109999906388e+01,-9.826657879274294238e-01,8.801772442536778263e-01,0.000000000000000000e+00,-2.401508349939985610e-07,4.883281797581806583e-01,-7.322892667218743323e-01,4.773983062106608166e-01,3.988753802035343021e+00,7.679956151206819293e-01,-3.088767041182975603e+01,-2.580723709916866824e+02,-4.968931629830812113e+01
9.706657699999959732e+01,-9.826657879274294238e-01,8.801772442536778263e-01,0.000000000000000000e+00,-1.267417705843264434e-07,4.883281797581806583e-01,-7.322892667218743323e-01,4.814401299565778114e-01,3.984238582030963371e+00,7.985646305906477505e-01,-3.114917640819058420e+01,-2.577802362574033168e+02,-5.166713159921491183e+01
9.717580230000021402e+01,-9.826657879274294238e-01,8.801772442536778263e-01,0.000000000000000000e+00,-6.678915420456065987e-08,4.883281797581806583e-01,-7.322892667218743323e-01,4.857572820179623108e-01,3.978967057328655521e+00,8.303775189138606905e-01,-3.142849614656216417e+01,-2.574391686091640281e+02,-5.372542547372678712e+01
9.728316889999950945e+01,-9.826657879274294238e-01,8.801772442536778263e-01,0.000000000000000000e+00,-3.503912377717532416e-08,4.883281797581806583e-01,-7.322892667218743323e-01,4.903490806664569934e-01,3.972941494180957989e+00,8.634065387786371559e-01,-3.172558551911976821e+01,-2.570493146735079790e+02,-5.586240305897782576e+01
9.739043459999993502e+01,-9.826657879274294238e-01,8.801772442536778263e-01,0.000000000000000000e+00,-1.850094448902401989e-08,4.883281797581806583e-01,-7.322892667218743323e-01,4.952148008038264049e-01,3.966164483004973818e+00,8.976228883885206677e-01,-3.204039761200756686e+01,-2.566108420504218088e+02,-5.807620087873728920e+01
9.750121579999904498e+01,-9.826657879274294238e-01,8.801772442536778263e-01,0.000000000000000000e+00,-9.773849677364682737e-09,4.883281797581806583e-01,-7.322892667218743323e-01,5.003536740764542579e-01,3.958638937268748492e+00,9.329967305778454900e-01,-3.237288271274659479e+01,-2.561239392412880420e+02,-6.036488846838660294e+01
9.761215249999986554e+01,-9.826657879274294238e-01,8.801772442536778263e-01,0.000000000000000000e+00,-5.077904839706848497e-09,4.883281797581806583e-01,-7.322892667218743323e-01,5.057648889966797068e-01,3.950368092238752293e+00,9.694972188302171112e-01,-3.272298831808517861e+01,-2.555888155678472913e+02,-6.272647005831505140e+01
9.772253249999994296e+01,-9.826657879274294238e-01,8.801772442536778263e-01,0.000000000000000000e+00,-2.639077937178215073e-09,4.883281797581806583e-01,-7.322892667218743323e-01,5.114475910709395112e-01,3.941355503589019094e+00,1.007092524177125581e+00,-3.309065914228978755e+01,-2.550057010822095549e+02,-6.515888631426003030e+01
9.783164089999991120e+01,-9.826657879274294238e-01,8.801772442536778263e-01,0.000000000000000000e+00,-1.372483075078234482e-09,4.883281797581806583e-01,-7.322892667218743323e-01,5.174008829346978811e-01,3.931605045872559323e+00,1.045749862953243126e+00,-3.347583712587495341e+01,-2.543748464679545975e+02,-6.766001613307483353e+01
9.793752459999996063e+01,-9.826657879274294238e-01,8.801772442536778263e-01,0.000000000000000000e+00,-7.207823276610159219e-10,4.883281797581806583e-01,-7.322892667218743323e-01,5.236238244941584519e-01,3.921120910855654618e+00,1.085435525384349065e+00,-3.387846144477205002e+01,-2.536965229323608639e+02,-7.022767849236738869e+01
9.804516510000030394e+01,-9.826657879274294238e-01,8.801772442536778263e-01,0.000000000000000000e+00,-3.820937716480672732e-10,4.883281797581806583e-01,-7.322892667218743323e-01,5.301154330747102073e-01,3.909907605715816636e+00,1.126114904982653764e+00,-3.429846851993374912e+01,-2.529710220898133457e+02,-7.285963435237769659e+01
9.815052449999893724e+01,-9.826657879274294238e-01,8.801772442536778263e-01,0.000000000000000000e+00,-2.016977010068613046e-10,4.883281797581806583e-01,-7.322892667218743323e-01,5.368746835761033509e-01,3.897969951104115260e+00,1.167752528724248506e+00,-3.473579202737388982e+01,-2.521986558364362736e+02,-7.555358860845888103e+01
9.825995759999932488e+01,-9.826657879274294238e-01,8.801772442536778263e-01,0.000000000000000000e+00,-1.071341428276536654e-10,4.883281797581806583e-01,-7.322892667218743323e-01,5.439005086343302597e-01,3.885313079072766129e+00,1.210312087982098772e+00,-3.519036290864116978e+01,-2.513797562160079906e+02,-7.830719209244179524e+01
9.836915129999943019e+01,-9.826657879274294238e-01,8.801772442536778263e-01,0.000000000000000000e+00,-5.609195738908606524e-11,4.883281797581806583e-01,-7.322892667218743323e-01,5.511917987901666649e-01,3.871942430868842155e+00,1.253756470187645133e+00,-3.566210938172378775e+01,-2.505146752772141099e+02,-8.111804362114064304e+01
9.847586640000008629e+01,-9.826657879274294238e-01,8.801772442536778263e-01,0.000000000000000000e+00,-2.939971297846026113e-11,4.883281797581806583e-01,-7.322892667218743323e-01,5.587474026643752811e-01,3.857863754595042494e+00,1.298047791193601030e+00,-3.615095695238508000e+01,-2.496037849222992691e+02,-8.398369209022598625e+01
9.858121419999952195e+01,-9.826657879274294238e-01,8.801772442536778263e-01,0.000000000000000000e+00,-1.556202510071896382e-11,4.883281797581806583e-01,-7.322892667218743323e-01,5.665661271395148191e-01,3.843083102738577228e+00,1.343147428309426017e+00,-3.665682842592661217e+01,-2.486474767471859479e+02,-8.690163861161987313e+01
9.868613050000021758e+01,-9.826657879274294238e-01,8.801772442536778263e-01,0.000000000000000000e+00,-8.304892062384486475e-12,4.883281797581806583e-01,-7.322892667218743323e-01,5.746467375483546025e-01,3.827606829569154989e+00,1.389016053980927978e+00,-3.717964391937854174e+01,-2.476461618731243277e+02,-8.986933869256604623e+01
9.879164859999946202e+01,-9.826657879274294238e-01,8.801772442536778263e-01,0.000000000000000000e+00,-4.424980585449869131e-12,4.883281797581806583e-01,-7.322892667218743323e-01,5.829879578688386133e-01,3.811441588407262326e+00,1.435613670084459503e+00,-3.771932087411386192e+01,-2.466002707699498728e+02,-9.288420445446453755e+01
9.889847569999983534e+01,-9.826657879274294238e-01,8.801772442536778263e-01,0.000000000000000000e+00,-2.356590917780033477e-12,4.883281797581806583e-01,-7.322892667218743323e-01,5.915884709255812002e-01,3.794594328763881030e+00,1.482899642805860285e+00,-3.827577406888510581e+01,-2.455102530710231008e+02,-9.594360688953916849e+01
9.900825509999958740e+01,-9.826657879274294238e-01,8.801772442536778263e-01,0.000000000000000000e+00,-1.244854181132034959e-12,4.883281797581806583e-01,-7.322892667218743323e-01,6.004469185978731360e-01,3.777072293352838450e+00,1.530832738073784949e+00,-3.884891563328239528e+01,-2.443765773799286478e+02,-9.904487815337388668e+01
9.911810189999960130e+01,-9.826657879274294238e-01,8.801772442536778263e-01,0.000000000000000000e+00,-6.499158218464623020e-13,4.883281797581806583e-01,-7.322892667218743323e-01,6.095619020341338512e-01,3.758883014977158155e+00,1.579371157516382240e+00,-3.943865506160846479e+01,-2.431997310690221354e+02,-1.021853138913099315e+02
9.922385649999887391e+01,-9.826657879274294238e-01,8.801772442536778263e-01,0.000000000000000000e+00,-3.394234303954906136e-13,4.883281797581806583e-01,-7.322892667218743323e-01,6.189319818728160616e-01,3.740034313290648171e+00,1.628472574910137638e+00,-4.004489922717120010e+01,-2.419802200699049592e+02,-1.053621755966859155e+02
9.932887829999890528e+01,-9.826657879274294238e-01,8.801772442536778263e-01,0.000000000000000000e+00,-1.802323266865416101e-13,4.883281797581806583e-01,-7.322892667218743323e-01,6.285556784696928467e-01,3.720534291436217167e+00,1.678094173088950036e+00,-4.066755239698913016e+01,-2.407185686559232636e+02,-1.085726929988550751e+02
9.943609379999907105e+01,-9.813054528760964956e-01,8.794629011391398299e-01,0.000000000000000000e+00,-3.175547645990589932e-03,4.889267559707957123e-01,-7.310305204134409651e-01,6.384314721315076380e-01,3.700391332562286806e+00,1.728192681281322196e+00,-4.130651624690854362e+01,-2.394153192167799773e+02,-1.118140664789015517e+02
9.954435589999957301e+01,-9.807504048841666489e-01,8.793234426400927672e-01,0.000000000000000000e+00,-2.289413044093784738e-03,4.892548430638901658e-01,-7.306431518292310079e-01,6.485578033559600275e-01,3.679614096218830621e+00,1.778724412843156077e+00,-4.196168987713061682e+01,-2.380710320253583632e+02,-1.150834695109521988e+02
9.965182809999896563e+01,-9.803942609955305088e-01,8.792048230365789863e-01,0.000000000000000000e+00,-1.718663461077950608e-03,4.894489911749478894e-01,-7.303703210622731756e-01,6.589330730779587864e-01,3.658211514634614581e+00,1.829645303353110375e+00,-4.263296982814393488e+01,-2.366862849968595697e+02,-1.183780511269462465e+02
9.976345880000008037e+01,-9.693854850060050765e-01,8.754372239088836771e-01,0.000000000000000000e+00,-1.722273415770789878e-02,4.953279219569536318e-01,-7.218314088033985776e-01,6.695556429221425354e-01,3.636192788877167459e+00,1.880910949037471802e+00,-4.332025009706262608e+01,-2.352616734403527516e+02,-1.216949384027244321e+02
9.986972789999890665e+01,-9.610661288913711076e-01,8.726198572468728543e-01,0.000000000000000000e+00,-2.077882747928713053e-02,4.997025295040464221e-01,-7.153759831506858458e-01,6.804238354615932405e-01,3.613567384897212520e+00,1.932476645490889045e+00,-4.402342215436508610e+01,-2.337978098028496561e+02,-1.250312389632605203e+02
9.997709819999909087e+01,-9.607732765862757596e-01,8.726410360074708938e-01,0.000000000000000000e+00,-1.091614535569870349e-02,4.999241406017855827e-01,-7.152469722884244874e-01,6.915359344827178845e-01,3.590345029459220072e+00,1.984297426659259012e+00,-4.474237496103184952e+01,-2.322953234060115619e+02,-1.283840435048540769e+02
1.000850030999990850e+02,-9.602542185718365708e-01,8.724278830663535489e-01,0.000000000000000000e+00,-6.693249403130384183e-03,5.001731248353193937e-01,-7.148127421528740477e-01,7.028901852562687846e-01,3.566535705959803071e+00,2.036328104050840082e+00,-4.547699498608059088e+01,-2.307548601755992763e+02,-1.317504283320893705e+02
1.001911326999997982e+02,-9.596919084960484625e-01,8.722949620836337736e-01,0.000000000000000000e+00,-4.098401197434783580e-03,5.004987257618981333e-01,-7.144225125142714683e-01,7.144847948144228411e-01,3.542149650135839600e+00,2.088523306141236713e+00,-4.622716622449316048e+01,-2.291770823637888270e+02,-1.351274579073380266e+02
1.002983747999987827e+02,-9.593331138608700570e-01,8.721813059855774153e-01,0.000000000000000000e+00,-2.676478649911008187e-03,5.006897783851866901e-01,-7.141498276491425878e-01,7.263179322339232691e-01,3.517197345664054620e+00,2.140837517938088741e+00,-4.699277021553483991e+01,-2.275626682644643495e+02,-1.385121874105943505e+02
1.004062071999996988e+02,-9.583615712781883289e-01,8.715035889060229746e-01,0.000000000000000000e+00,-4.377338180626607136e-03,5.009937755537759996e-01,-7.131085067031882607e-01,7.383877289251994380e-01,3.491689519654052276e+00,2.193225120670802664e+00,-4.777368606146040264e+01,-2.259123119216172029e+02,-1.419016653074009469e+02
1.005184599000003800e+02,-9.565291758515375165e-01,8.707132830530741607e-01,0.000000000000000000e+00,-5.772534454592209534e-03,5.018441299825298074e-01,-7.115434564994190803e-01,7.506922789274328434e-01,3.465637138036693710e+00,2.245640431570778528e+00,-4.856979044660490530e+01,-2.242267228309740972e+02,-1.452929359226293684e+02
1.006231200999991415e+02,-9.397047690044968427e-01,8.652694123342495880e-01,0.000000000000000000e+00,-2.579145189524686271e-02,5.105318098067219701e-01,-6.986046285966982516e-01,7.632296392095443416e-01,3.439051400849766349e+00,2.298037743707507463e+00,-4.938095765685751815e+01,-2.225066256349798834e+02,-1.486830420178757493e+02
1.007291341999989527e+02,-9.136694010295052237e-01,8.575194393010520111e-01,0.000000000000000000e+00,-4.610007877885603789e-02,5.238111345575214850e-01,-6.789414437878665831e-01,7.759978299770007304e-01,3.411943737423067891e+00,2.350371365845644434e+00,-5.020705959951195041e+01,-2.207527598112725116e+02,-1.520690273702132060e+02
1.008368580999995174e+02,-9.023021121205658801e-01,8.541530689667872212e-01,0.000000000000000000e+00,-3.824069472450460777e-02,5.294083568436922516e-01,-6.703016163858199761e-01,7.889948349844697617e-01,3.384325801464852290e+00,2.402595662288489642e+00,-5.104796582349519696e+01,-2.189658793547759501e+02,-1.554479393500652975e+02
1.009496681999989960e+02,-9.026317825997999256e-01,8.542005607219490537e-01,0.000000000000000000e+00,-1.996626447529186235e-02,5.292167727636967189e-01,-6.705133893989514426e-01,8.022186018541968000e-01,3.356209466051882195e+00,2.454665092672974946e+00,-5.190354353996653458e+01,-2.171467524535567861e+02,-1.588168314959415000e+02
1.010570047999990493e+02,-9.021308260979892246e-01,8.540615240549914722e-01,0.000000000000000000e+00,-1.086841382783914310e-02,5.294664100748248670e-01,-6.701390956164341439e-01,8.156670424000940223e-01,3.327606818525102206e+00,2.506534251681519443e+00,-5.277365764328608577e+01,-2.152961611585741082e+02,-1.621727660837943290e+02
1.011668136999996932e+02,-9.017608347751866482e-01,8.539601571168672356e-01,0.000000000000000000e+00,-6.184826972969010087e-03,5.296514486941180655e-01,-6.698636374959358042e-01,8.293380329575044119e-01,3.298530155293270205e+00,2.558157908636184974e+00,-5.365817073235054124e+01,-2.134149010474745864e+02,-1.655128166887611769e+02
1.012711975999991409e+02,-9.011859878502330723e-01,8.538473821308961709e-01,0.000000000000000000e+00,-3.709543703612092243e-03,5.299664329772877380e-01,-6.694706355689654664e-01,8.432294147185355193e-01,3.268991976546658851e+00,2.609491046940449532e+00,-5.455694313228924841e+01,-2.115037808825688330e+02,-1.688340707370470852e+02
1.013750602000000072e+02,-9.008133752505189662e-01,8.537443728636989748e-01,0.000000000000000000e+00,-2.438614088317219829e-03,5.301518834402105806e-01,-6.691923749425332524e-01,8.573389940729754244e-01,3.239004980883158247e+00,2.660488903334393473e+00,-5.546983291652151138e+01,-2.095636222631403598e+02,-1.721336320457352542e+02
1.014786647000000812e+02,-9.004410856363573856e-01,8.536426555858853682e-01,0.000000000000000000e+00,-1.762614166898811199e-03,5.303377867431993131e-01,-6.689152527697715955e-01,8.716645429546825419e-01,3.208582059849098833e+00,2.711107006928908714e+00,-5.639669592916796148e+01,-2.075952592722367172e+02,-1.754086233483004094e+02
1.015857822999987548e+02,-8.989952644345944321e-01,8.532615900622788629e-01,0.000000000000000000e+00,-2.642672812452389643e-03,5.310671900313428395e-01,-6.678495195385125704e-01,8.862037991934172965e-01,3.177736292397135731e+00,2.761301217984956313e+00,-5.733738580781410121e+01,-2.055995381180946993e+02,-1.786561888036266907e+02
1.016895127999996475e+02,-8.665555669084765711e-01,8.449852440310272605e-01,0.000000000000000000e+00,-3.566178235286701637e-02,5.470902564405927260e-01,-6.439660813567289477e-01,9.009544668720794736e-01,3.146480939263506027e+00,2.811027766404118555e+00,-5.829175400662354178e+01,-2.035773167703488582e+02,-1.818734964863464825e+02
1.017926458000001730e+02,-8.042466914095012243e-01,8.320938367501643507e-01,0.000000000000000000e+00,-6.535591680106271617e-02,5.771852567005677503e-01,-5.993641068708642772e-01,9.159142166892431103e-01,3.114829437267224055e+00,2.860243289896727603e+00,-5.925964981979403490e+01,-2.015294645911893952e+02,-1.850577408563182757e+02
1.018954204000001482e+02,-7.784298490061613007e-01,8.274395778207732643e-01,0.000000000000000000e+00,-5.051067387755903831e-02,5.891509764621774004e-01,-5.809968862893176711e-01,9.310806863269953659e-01,3.082795393533492856e+00,2.908904871794468328e+00,-6.024092040535660431e+01,-1.994568619616169940e+02,-1.882061452051021035e+02
1.019985161999993579e+02,-7.794103326131853748e-01,8.272946496512877390e-01,0.000000000000000000e+00,-2.800123629028871547e-02,5.884779439594892692e-01,-5.814723955742517880e-01,9.464514808239674615e-01,3.050392579643953272e+00,2.956970078474332908e+00,-6.123541080931070013e+01,-1.973603999029637919e+02,-1.913159640772893511e+02
1.021044559999991179e+02,-7.791260477880306290e-01,8.270853461410188068e-01,0.000000000000000000e+00,-1.595972367134186609e-02,5.884942986688824762e-01,-5.811580079766853757e-01,9.620241729535197184e-01,3.017634925716237593e+00,3.004396996361354599e+00,-6.224296399009272562e+01,-1.952409796938405862e+02,-1.943844856645796426e+02
1.022092723999994632e+02,-7.789224610761862344e-01,8.270881483165970494e-01,0.000000000000000000e+00,-8.461512822228569111e-03,5.886145967470648444e-01,-5.810401548792195614e-01,9.777963036070451697e-01,2.984536514415307540e+00,3.051144268477907762e+00,-6.326342084337582605e+01,-1.930995124826704057e+02,-1.974090341705206413e+02
1.023134460000001127e+02,-7.787329802293223580e-01,8.270117150171309994e-01,0.000000000000000000e+00,-4.836267480090762280e-03,5.886702766294518163e-01,-5.808749281803967657e-01,9.937653821822725053e-01,2.951111574899298429e+00,3.097171130507563319e+00,-6.429662022719303138e+01,-1.909369188959846042e+02,-2.003869721438393583e+02
1.024180030999996234e+02,-7.785988669787986538e-01,8.269829281331361193e-01,0.000000000000000000e+00,-2.720743871981952215e-03,5.887276810282630057e-01,-5.807757579434075224e-01,1.009928886976578122e+00,2.917374476702298658e+00,3.142437446342217111e+00,-6.534239898738461250e+01,-1.887541286426387330e+02,-2.033157027783414605e+02
1.025296328999993420e+02,-7.785988669787986538e-01,8.269829281331361193e-01,0.000000000000000000e+00,-1.452024315821858792e-03,5.887276810282630057e-01,-5.807757579434075224e-01,1.026284265585183375e+00,2.883339723556837431e+00,3.186903743081355156e+00,-6.640059198336136603e+01,-1.865520801141273921e+02,-2.061926721773636757e+02
1.026348185999995621e+02,-7.785988669787986538e-01,8.269829281331361193e-01,0.000000000000000000e+00,-7.534222886180701011e-04,5.887276810282630057e-01,-5.807757579434075224e-01,1.042828935304204174e+00,2.849021947158678625e+00,3.230531245452995748e+00,-6.747103211418200885e+01,-1.843317199811665148e+02,-2.090153715808088464e+02
1.027393625999993674e+02,-7.785988669787986538e-01,8.269829281331361193e-01,0.000000000000000000e+00,-4.009925817791885438e-04,5.887276810282630057e-01,-5.807757579434075224e-01,1.059560283538504510e+00,2.814435900876567587e+00,3.273281909626339470e+00,-6.855355034494124311e+01,-1.820940027867139293e+02,-2.117813395528241642e+02
1.028427157999994961e+02,-7.785988669787986538e-01,8.269829281331361193e-01,0.000000000000000000e+00,-2.146835648184045758e-04,5.887276810282630057e-01,-5.807757579434075224e-01,1.076475668214237347e+00,2.779596453409704182e+00,3.315118456386519696e+00,-6.964797573346116621e+01,-1.798398905356078785e+02,-2.144881641282078419e+02
1.029463187000001199e+02,-7.785988669787986538e-01,8.269829281331361193e-01,0.000000000000000000e+00,-1.153365775679842379e-04,5.887276810282630057e-01,-5.807757579434075224e-01,1.093572418196075757e+00,2.744518582395601758e+00,3.356004403642640188e+00,-7.075413545728611098e+01,-1.775703522809954507e+02,-2.171334849156788209e+02
1.030499258999989252e+02,-7.785988669787986538e-01,8.269829281331361193e-01,0.000000000000000000e+00,-6.197520393550937806e-05,5.887276810282630057e-01,-5.807757579434075224e-01,1.110847833709007970e+00,2.709217367971145318e+00,3.395904098240739799e+00,-7.187185484097281574e+01,-1.752863637077331020e+02,-2.197149951561758883e+02
1.031537210999995295e+02,-7.785988669787986538e-01,8.269829281331361193e-01,0.000000000000000000e+00,-3.318597952647283332e-05,5.887276810282630057e-01,-5.807757579434075224e-01,1.128299186764657014e+00,2.673707986289590721e+00,3.434782747053808372e+00,-7.300095738367330966e+01,-1.729889067129365401e+02,-2.222304437343814243e+02
1.032576748999999836e+02,-7.785988669787986538e-01,8.269829281331361193e-01,0.000000000000000000e+00,-1.780478331573037525e-05,5.887276810282630057e-01,-5.807757579434075224e-01,1.145923721592079447e+00,2.638005702996221835e+00,3.472606447321957113e+00,-7.414126478700754319e+01,-1.706789689838555546e+02,-2.246776371417306279e+02
1.033645703000001959e+02,-7.775135998402160631e-01,8.268451105038548965e-01,0.000000000000000000e+00,-6.235917187222625316e-04,5.892594139384864649e-01,-5.800398088484991499e-01,1.163718655072907282e+00,2.602125866665632614e+00,3.509342216216102095e+00,-7.529259698321710914e+01,-1.683575435732664403e+02,-2.270544413891818181e+02
1.034742848999994749e+02,-7.473587071424518946e-01,8.215447345475523910e-01,0.000000000000000000e+00,-2.191487730977996831e-02,6.025921543877007514e-01,-5.584070615001189841e-01,1.181681177180862186e+00,2.566083902203257772e+00,3.544958019599524945e+00,-7.645477216360178829e+01,-1.660256284725507783e+02,-2.293587838680892617e+02
1.035864885999999387e+02,-6.577756107924463969e-01,8.128020568866921591e-01,0.000000000000000000e+00,-2.978915574196653107e-02,6.432142292148606000e-01,-4.969131101256740179e-01,1.199808451425478539e+00,2.529895304214157647e+00,3.579422799962058477e+00,-7.762760680722846018e+01,-1.636842261826560048e+02,-2.315886551575451904e+02
1.036928231999991112e+02,-6.430661740672087845e-01,8.113338129214386907e-01,0.000000000000000000e+00,-1.853351118545891116e-02,6.492787152888559454e-01,-4.865179399184503262e-01,1.218097615300009595e+00,2.493575630341833715e+00,3.612706503502727262e+00,-7.881091570991063122e+01,-1.613343432831166524e+02,-2.337421107766264754e+02
1.037995179999998072e+02,-6.429626776131698307e-01,8.112050949369898900e-01,0.000000000000000000e+00,-1.039535203690251583e-02,6.492260487368980426e-01,-4.863735639333265359e-01,1.236545780733470101e+00,2.457140494579881818e+00,3.644780106337137227e+00,-8.000451201345552477e+01,-1.589769899993183628e+02,-2.358172728800127800e+02
1.039043461000001116e+02,-6.422716522476754619e-01,8.111260559269518611e-01,0.000000000000000000e+00,-5.796169251763839264e-03,6.494987007067646312e-01,-4.858774705456480603e-01,1.255150034546675064e+00,2.420605560559517144e+00,3.675615639806651735e+00,-8.120820723516987982e+01,-1.566131797682007800e+02,-2.378123318954903880e+02
1.040150429999994230e+02,-6.415455139070402879e-01,8.108982865200025092e-01,0.000000000000000000e+00,-3.996058474141398267e-03,6.496688612713801270e-01,-4.852694115390174812e-01,1.273907438912282641e+00,2.383986534815663472e+00,3.705186214867575600e+00,-8.242181129762468572e+01,-1.542439288025734356e+02,-2.397255481019321621e+02
1.041185097999987192e+02,-6.409978307302940381e-01,8.108389873376455892e-01,0.000000000000000000e+00,-2.373381171304445817e-03,6.498870094521076446e-01,-4.848780654269015389e-01,1.292815031818703275e+00,2.347299160034659771e+00,3.733466045538754940e+00,-8.364513255867009889e+01,-1.518702556542424986e+02,-2.415552531463574439e+02
1.042216313999997510e+02,-6.404709101265360083e-01,8.105963188171059208e-01,0.000000000000000000e+00,-2.356010510060220151e-03,6.499478363394559643e-01,-4.843905470975903849e-01,1.311869827537827993e+00,2.310559208286420585e+00,3.760430471387294471e+00,-8.487797784169747217e+01,-1.494931807761314246e+02,-2.432998514987579597e+02
1.043248468999991019e+02,-6.399230196811380722e-01,8.105372935847958704e-01,0.000000000000000000e+00,-1.523751458481444488e-03,6.501657851249961206e-01,-4.839991282477303369e-01,1.331068817096527912e+00,2.273782474243938978e+00,3.786055979032913577e+00,-8.612015246614535613e+01,-1.471137260835828613e+02,-2.449578218434295138e+02
1.044282561999989412e+02,-6.395472256367109587e-01,8.103872814940413782e-01,0.000000000000000000e+00,-1.490759886334049695e-03,6.502272585902568736e-01,-4.836652336001646679e-01,1.350408968751784844e+00,2.236984768393065259e+00,3.810320222651887079e+00,-8.737146027824047678e+01,-1.447329145150313252e+02,-2.465277184055771045e+02
1.045340417999996134e+02,-6.390550530790974904e-01,8.102926032780329857e-01,0.000000000000000000e+00,-1.221939824189626931e-03,6.503892321920466957e-01,-4.832886814066016390e-01,1.369887228469456542e+00,2.200181910235551097e+00,3.833202043462963005e+00,-8.863170368197384619e+01,-1.423517695922401742e+02,-2.480081722120537222e+02
1.046438920999989932e+02,-6.386497848790444465e-01,8.102516258806198302e-01,0.000000000000000000e+00,-8.274519216787872087e-04,6.505521395015160246e-01,-4.830006325380826748e-01,1.389500520406537376e+00,2.163389721488123474e+00,3.854681488178153259e+00,-8.990068367030296770e+01,-1.399713149802815906e+02,-2.493978922851265168e+02
1.047484581999997317e+02,-6.381829171778452547e-01,8.100461456808429883e-01,0.000000000000000000e+00,-1.324594547486068101e-03,6.506125284874416659e-01,-4.825744459744707449e-01,1.409245747396860482e+00,2.126624019280705546e+00,3.874739826402260334e+00,-9.117819985657688164e+01,-1.375925740474616532e+02,-2.506956667682262605e+02
1.048631625999987591e+02,-6.379772549307372032e-01,8.099898125174626040e-01,0.000000000000000000e+00,-9.416422244906448450e-04,6.506665095243349128e-01,-4.824070788923943698e-01,1.429119791440195630e+00,2.089900609356512007e+00,3.893359566966084984e+00,-9.246405050618065502e+01,-1.352165694253663446e+02,-2.519003639827056986e+02
1.049720516999987012e+02,-6.379772549307372032e-01,8.099898125174626040e-01,0.000000000000000000e+00,-4.900823704075039054e-04,6.506665095243349128e-01,-4.824070788923943698e-01,1.449119514194595837e+00,2.053235279277136449e+00,3.910524473178975668e+00,-9.375803256839034816e+01,-1.328443225692307408e+02,-2.530109334146797266e+02
1.050797767000003660e+02,-6.379772549307372032e-01,8.099898125174626040e-01,0.000000000000000000e+00,-2.567724777809649657e-04,6.506665095243349128e-01,-4.824070788923943698e-01,1.469241757471996479e+00,2.016643791635362781e+00,3.926219576987480586e+00,-9.505994170843817415e+01,-1.304768533188079687e+02,-2.540264066310899977e+02
1.051871895999993285e+02,-6.379772549307372032e-01,8.099898125174626040e-01,0.000000000000000000e+00,-1.352362359853290198e-04,6.506665095243349128e-01,-4.824070788923943698e-01,1.489483343736922816e+00,1.980141877278774221e+00,3.940431192027688212e+00,-9.636957233977891235e+01,-1.281151794599366838e+02,-2.549458981241914444e+02
1.052984731999986252e+02,-6.350723979196506441e-01,8.097858387508729550e-01,0.000000000000000000e+00,-9.541386159513851571e-04,6.519008811693519645e-01,-4.803939485173363000e-01,1.509841076608249733e+00,1.943745228547009152e+00,3.953146925559953395e+00,-9.768671765655376760e+01,-1.257603162869914968e+02,-2.557686060837289972e+02
1.054070042000003014e+02,-6.349611957598764178e-01,8.100409577964370333e-01,0.000000000000000000e+00,6.078029719519682968e-04,6.521596929781224850e-01,-4.804727756725140631e-01,1.530311741363968192e+00,1.907469492525507349e+00,3.964355689275558703e+00,-9.901116966624874749e+01,-1.234132761664003368e+02,-2.564938130961286333e+02
1.055122912999995606e+02,-6.349611957598764178e-01,8.100409577964370333e-01,0.000000000000000000e+00,3.192262060162559577e-04,6.521596929781224850e-01,-4.804727756725140631e-01,1.550892105448804070e+00,1.871330264318807890e+00,3.974047708965867010e+00,-1.003427192225376245e+02,-1.210750681014268793e+02,-2.571208867700916016e+02
1.056167172999994364e+02,-6.349611957598764178e-01,8.100409577964370333e-01,0.000000000000000000e+00,1.704015063804838605e-04,6.521596929781224850e-01,-4.804727756725140631e-01,1.571578918984696482e+00,1.835343080346098166e+00,3.982214533045585370e+00,-1.016811560583098668e+02,-1.187466972983925615e+02,-2.576492802880493969e+02
1.057274380999988352e+02,-6.349611957598764178e-01,8.100409577964370333e-01,0.000000000000000000e+00,9.086202525073532542e-05,6.521596929781224850e-01,-4.804727756725140631e-01,1.592368915283981501e+00,1.799523411662055539e+00,3.988849039922679918e+00,-1.030262688188736035e+02,-1.164291647345349929e+02,-2.580785328829974219e+02
1.058367197999996279e+02,-6.331744478328058534e-01,8.099034015547729171e-01,0.000000000000000000e+00,-5.424688163352375239e-04,6.529062438493973275e-01,-4.792253713989516051e-01,1.613258811365232415e+00,1.763886657305788086e+00,3.993945444208496731e+00,-1.043778450953305423e+02,-1.141234667276844874e+02,-2.584082702402897667e+02
1.059433840999990935e+02,-6.330304391967320754e-01,8.098833344512837984e-01,0.000000000000000000e+00,-3.710725100511093810e-04,6.529590708010422073e-01,-4.791194707800651154e-01,1.634245308471703684e+00,1.728448137680675512e+00,3.997499301762713841e+00,-1.057356714581192279e+02,-1.118305945079397077e+02,-2.586382048240475910e+02
1.060576916999998502e+02,-6.330304391967320754e-01,8.098833344512837984e-01,0.000000000000000000e+00,-1.966014776950020682e-04,6.529590708010422073e-01,-4.791194707800651154e-01,1.655325092592206726e+00,1.693223087968098728e+00,3.999507513568698158e+00,-1.070995334907157854e+02,-1.095515337915359879e+02,-2.587681361278947634e+02
1.061654036999989330e+02,-6.330304391967320754e-01,8.098833344512837984e-01,0.000000000000000000e+00,-1.005254508456775267e-04,6.529590708010422073e-01,-4.791194707800651154e-01,1.676494834984470605e+00,1.658226651577749955e+00,3.999968328435894449e+00,-1.084692158234952473e+02,-1.072872643570804314e+02,-2.587979508498023620e+02
1.062729306999990513e+02,-6.309859177711403255e-01,8.098556905066958134e-01,0.000000000000000000e+00,-1.659252021520363294e-04,6.539149544360141064e-01,-4.777671732245976077e-01,1.697751192700767131e+00,1.623473873637391485e+00,3.998881344526885151e+00,-1.098445021677396340e+02,-1.050387596243392352e+02,-2.587276229908894720e+02
1.063823140000004059e+02,-6.309859177711403255e-01,8.098556905066958134e-01,0.000000000000000000e+00,-8.749779402791201715e-05,6.539149544360141064e-01,-4.777671732245976077e-01,1.719090809115795038e+00,1.588979694524929709e+00,3.996247509707802958e+00,-1.112251753497919395e+02,-1.028069862357629631e+02,-2.585572138780948421e+02
1.064918356999987736e+02,-6.309859177711403255e-01,8.098556905066958134e-01,0.000000000000000000e+00,-4.579529807098448447e-05,6.539149544360141064e-01,-4.777671732245976077e-01,1.740510314456752194e+00,1.554758943445431196e+00,3.992069120721773778e+00,-1.126110173453518684e+02,-1.005929036409194026e+02,-2.582868721106987664e+02
1.065996794999991835e+02,-6.309859177711403255e-01,8.098556905066958134e-01,0.000000000000000000e+00,-2.397849990054856491e-05,6.539149544360141064e-01,-4.777671732245976077e-01,1.762006326335435968e+00,1.520826332056025354e+00,3.986349821186127240e+00,-1.140018093139027116e+02,-9.839746368402484222e+01,-2.579168334307424288e+02
1.067069344999999885e+02,-6.309859177711403255e-01,8.098556905066958134e-01,0.000000000000000000e+00,-1.261429897643828044e-05,6.539149544360141064e-01,-4.777671732245976077e-01,1.783575450282384400e+00,1.487196448141256511e+00,3.979094598415105821e+00,-1.153973316332702694e+02,-9.622161019473929855e+01,-2.574474205174573740e+02
1.068112612999993871e+02,-6.309859177711403255e-01,8.098556905066958134e-01,0.000000000000000000e+00,-6.660069337453676806e-06,6.539149544360141064e-01,-4.777671732245976077e-01,1.805214280282892103e+00,1.453883749341745801e+00,3.970309779070848588e+00,-1.167973639343031209e+02,-9.406627858241095907e+01,-2.568790427058839327e+02
1.069159585999987030e+02,-6.309859177711403255e-01,8.098556905066958134e-01,0.000000000000000000e+00,-3.566567970447440855e-06,6.539149544360141064e-01,-4.777671732245976077e-01,1.826919399314850478e+00,1.420902556938802075e+00,3.960003023646454956e+00,-1.182016851356708287e+02,-9.193239543394049917e+01,-2.562121956299256453e+02
1.070233931000002485e+02,-6.309859177711403255e-01,8.098556905066958134e-01,0.000000000000000000e+00,-1.901839931983478788e-06,6.539149544360141064e-01,-4.777671732245976077e-01,1.848687379888356741e+00,1.388267049697597733e+00,3.948183319785916190e+00,-1.196100734787766839e+02,-8.982087811543458145e+01,-2.554474607901487957e+02
1.071304483999992954e+02,-6.309859177711403255e-01,8.098556905066958134e-01,0.000000000000000000e+00,-1.004671569406960563e-06,6.539149544360141064e-01,-4.777671732245976077e-01,1.870514784586930102e+00,1.355991257771699487e+00,3.934860974446761972e+00,-1.210223065627743892e+02,-8.773263437782895835e+01,-2.545855050467055207e+02
1.072362642999996751e+02,-6.309859177711403255e-01,8.098556905066958134e-01,0.000000000000000000e+00,-5.310840269384390862e-07,6.539149544360141064e-01,-4.777671732245976077e-01,1.892398166610339993e+00,1.324089056671400311e+00,3.920047604912225481e+00,-1.224381613796890065e+02,-8.566856196663960077e+01,-2.536270800378210026e+02
1.073420069000003423e+02,-6.309859177711403255e-01,8.098556905066958134e-01,0.000000000000000000e+00,-2.823189337402836052e-07,6.539149544360141064e-01,-4.777671732245976077e-01,1.914334070318887804e+00,1.292574161298591928e+00,3.903756128660818447e+00,-1.238574143496320517e+02,-8.362954823601890553e+01,-2.525730215243549708e+02
1.074454640999992989e+02,-6.309859177711403255e-01,8.098556905066958134e-01,0.000000000000000000e+00,-1.500846907527779241e-07,6.539149544360141064e-01,-4.777671732245976077e-01,1.936319031779083044e+00,1.261460120050682088e+00,3.886000752102090505e+00,-1.252798413561066724e+02,-8.161646976727912772e+01,-2.514242486610052651e+02
1.075488029999996797e+02,-6.309859177711403255e-01,8.098556905066958134e-01,0.000000000000000000e+00,-8.065394437329432595e-08,6.539149544360141064e-01,-4.777671732245976077e-01,1.958349579310659561e+00,1.230760308996038610e+00,3.866796958188416067e+00,-1.267052177813996821e+02,-7.963019199204370580e+01,-2.501817631947905340e+02
1.076574347999994643e+02,-6.309859177711403255e-01,8.098556905066958134e-01,0.000000000000000000e+00,-4.336653244600496365e-08,6.539149544360141064e-01,-4.777671732245976077e-01,1.980422234034769247e+00,1.200487926123593896e+00,3.846161492913652058e+00,-1.281333185420495795e+02,-7.767156882019652642e+01,-2.488466485915132864e+02
1.077666675000000396e+02,-6.309859177711403255e-01,8.098556905066958134e-01,0.000000000000000000e+00,-2.267718849704589058e-08,6.539149544360141064e-01,-4.777671732245976077e-01,2.002533510423360585e+00,1.170655985668953347e+00,3.824112350710373143e+00,-1.295639181243914493e+02,-7.574144227278128483e+01,-2.474200690909611637e+02
1.078713074999996024e+02,-6.309859177711403255e-01,8.098556905066958134e-01,0.000000000000000000e+00,-1.183911761032284390e-08,6.539149544360141064e-01,-4.777671732245976077e-01,2.024679916849572159e+00,1.141277312519501264e+00,3.800668758758441790e+00,-1.309967906201673316e+02,-7.384064212001173644e+01,-2.459032686916712009e+02
1.079744485999999597e+02,-6.302600969912495188e-01,8.096343683399646052e-01,0.000000000000000000e+00,-9.909102025465943084e-04,6.540827550228677234e-01,-4.771619850521923167e-01,2.046857956139094270e+00,1.112364536700958473e+00,3.775851160218651970e+00,-1.324317097621994037e+02,-7.196998552455201548e+01,-2.442975700661467897e+02
1.080780365999999049e+02,-6.298820262697835126e-01,8.094880335979715014e-01,0.000000000000000000e+00,-1.186865403116980607e-03,6.541448565811268656e-01,-4.768284630207886843e-01,2.069064126122433400e+00,1.083930087947635013e+00,3.749681196405967754e+00,-1.338684489601214409e+02,-7.013027669021198562e+01,-2.426043734074661131e+02
1.081849449000001187e+02,-6.294138275105627400e-01,8.092840119527363596e-01,0.000000000000000000e+00,-1.547161834726851681e-03,6.542031098399049283e-01,-4.764020393303476930e-01,2.091294920187920514e+00,1.055986190358872978e+00,3.722181687917988313e+00,-1.353067813361584513e+02,-6.832230651621908635e+01,-2.408251552082938645e+02
1.082897789999988163e+02,-6.288314887405261899e-01,8.090830304489421421e-01,0.000000000000000000e+00,-1.699401984030411098e-03,6.543178894427135184e-01,-4.759027733851494135e-01,2.113546827835468545e+00,1.028544857143814273e+00,3.693376614735020436e+00,-1.367464797609548270e+02,-6.654685225720479025e+01,-2.389614669733558401e+02
1.083938890999997966e+02,-6.283319349038474222e-01,8.089898559963425440e-01,0.000000000000000000e+00,-1.321898939279098247e-03,6.544801678638360043e-01,-4.755210794254109419e-01,2.135816335230910745e+00,1.001617885456882018e+00,3.663291095309218370e+00,-1.381873168894399271e+02,-6.480467718906027130e+01,-2.370149338665064249e+02
1.085006354999986797e+02,-6.278125562722789432e-01,8.088249883661979833e-01,0.000000000000000000e+00,-1.442924387270017646e-03,6.545936253359945223e-01,-4.750842530278812648e-01,2.158099925760869731e+00,9.752168513261441074e-01,3.631951364660900516e+00,-1.396290651967282770e+02,-6.309653028080152382e+01,-2.349872532935602862e+02
1.086115056999988155e+02,-6.274607479238820673e-01,8.087496965538338856e-01,0.000000000000000000e+00,-1.092599237548693694e-03,6.546997731348568328e-01,-4.748097289789726116e-01,2.180394080588081263e+00,9.493531046766943149e-01,3.599384751501200519e+00,-1.410714970140488731e+02,-6.142314587258212555e+01,-2.328801934221276895e+02
1.087221762999997736e+02,-6.268752121862339877e-01,8.085477710157914499e-01,0.000000000000000000e+00,-1.442699200999082807e-03,6.548141466237953345e-01,-4.743078445439790070e-01,2.202695279207052881e+00,9.240377644513024791e-01,3.565619654401066096e+00,-1.425143845646963143e+02,-5.978524335999927075e+01,-2.306955916397489830e+02
1.088292900999986159e+02,-6.265513915080043184e-01,8.083646426607808966e-01,0.000000000000000000e+00,-1.542691271494210257e-03,6.548193590421171884e-01,-4.739883991489273196e-01,2.225000000000002309e+00,8.992817138302999780e-01,3.530685517027265519e+00,-1.439575000000001523e+02,-5.818352688482040946e+01,-2.284353529516641004e+02
1.089376601999992999e+02,-6.264062223924393713e-01,8.083455625193424199e-01,0.000000000000000000e+00,-8.965077289739715191e-04,6.548727030416843231e-01,-4.738821491210551962e-01,2.247304720792954846e+00,8.750955955528643138e-01,3.494612802467042201e+00,-1.454006154353041893e+02,-5.661868503227032079e+01,-2.261014483196176457e+02
1.090437497000002622e+02,-6.264062223924393713e-01,8.083455625193424199e-01,0.000000000000000000e+00,-4.727655777810838727e-04,6.548727030416843231e-01,-4.738821491210551962e-01,2.269605919411926909e+00,8.514898073416690139e-01,3.457432966663903873e+00,-1.468435029859516874e+02,-5.509139053500598493e+01,-2.236959129431545819e+02
1.091497970000000350e+02,-6.264062223924393713e-01,8.083455625193424199e-01,0.000000000000000000e+00,-2.508233141435869105e-04,6.548727030416843231e-01,-4.738821491210551962e-01,2.291900074239138441e+00,8.284744974328261957e-01,3.419178430987535044e+00,-1.482859348032722551e+02,-5.360229998390385475e+01,-2.212208444848935187e+02
1.092573402999987593e+02,-6.264062223924393713e-01,8.083455625193424199e-01,0.000000000000000000e+00,-1.331867086623508421e-04,6.548727030416843231e-01,-4.738821491210551962e-01,2.314183664769093873e+00,8.060595602131461757e-01,3.379882553961900626e+00,-1.497276831105603776e+02,-5.215205354579055808e+01,-2.186784012413349672e+02
1.093621499999990192e+02,-6.264062223924393713e-01,8.083455625193424199e-01,0.000000000000000000e+00,-7.017441311120954325e-05,6.548727030416843231e-01,-4.738821491210551962e-01,2.336453172164532965e+00,7.842546319664638332e-01,3.339579602176078410e+00,-1.511685202390452787e+02,-5.074127468823021303e+01,-2.160708002607922822e+02
1.094685159000000567e+02,-6.264062223924393713e-01,8.083455625193424199e-01,0.000000000000000000e+00,-3.748656541374468018e-05,6.548727030416843231e-01,-4.738821491210551962e-01,2.358705079812084104e+00,7.630690867309830594e-01,3.298304720403341328e+00,-1.526082186638418534e+02,-4.937056991149460572e+01,-2.134003154100961979e+02
1.095785183999996661e+02,-6.264062223924393713e-01,8.083455625193424199e-01,0.000000000000000000e+00,-1.986886201883508355e-05,6.548727030416843231e-01,-4.738821491210551962e-01,2.380935873877571218e+00,7.425120322693230523e-01,3.256093900954363018e+00,-1.540465510398788638e+02,-4.804052848782520613e+01,-2.106692753917473055e+02
1.096857804999999644e+02,-6.264062223924393713e-01,8.083455625193424199e-01,0.000000000000000000e+00,-1.035308833267212028e-05,6.548727030416843231e-01,-4.738821491210551962e-01,2.403142043860910348e+00,7.225923061530394875e-01,3.212983952291358136e+00,-1.554832902378009010e+02,-4.675172220810165413e+01,-2.078800617132508819e+02
1.097932127999993099e+02,-6.202007840598966482e-01,7.979467342952787368e-01,0.000000000000000000e+00,-4.576914669907919397e-02,6.493385529776367626e-01,-4.637654950396902231e-01,2.425320083150432460e+00,7.033184719633371884e-01,3.169012466930617222e+00,-1.569182093798329731e+02,-4.550470513602791556e+01,-2.050351066104109350e+02
1.099060513000003994e+02,-5.827608283784502241e-01,7.108988087690497615e-01,0.000000000000000000e+00,-4.011212044690387057e-01,5.935624466228083262e-01,-3.912297768171535406e-01,2.447466489576640924e+00,6.846988156095219491e-01,3.124217788661241446e+00,-1.583510818756086849e+02,-4.430001336993607453e+01,-2.021368909263823355e+02
1.100232015000001411e+02,-5.838309749863950238e-01,5.699750736404133322e-01,0.000000000000000000e+00,-8.138592719687522958e-01,4.755627215558691501e-01,-3.141841537025211184e-01,2.469577765965235372e+00,6.667413417668623943e-01,3.078638979108758722e+00,-1.597816814579507252e+02,-4.313816481231599909e+01,-1.991879419483366860e+02
1.101321332999996230e+02,-6.492573100595460112e-01,3.346244103346782128e-01,0.000000000000000000e+00,-1.403102915321116306e+00,2.665394004310003284e-01,-2.023122438452847893e-01,2.491650420689345058e+00,6.494537704353515739e-01,3.032315783672866694e+00,-1.612097822186006226e+02,-4.201965894716725103e+01,-1.961908312036344739e+02
1.102395020999992994e+02,-7.537309723253073912e-01,1.620267853529799851e-01,0.000000000000000000e+00,-1.472001074449736047e+00,1.181403085932693359e-01,-1.108852860270817808e-01,2.513680968220921574e+00,6.328435336208222406e-01,2.985288596868812316e+00,-1.626351586438936465e+02,-4.094497662526720205e+01,-1.931481722174121671e+02
1.103468310999996902e+02,-7.537309723253073912e-01,0.000000000000000000e+00,0.000000000000000000e+00,0.000000000000000000e+00,0.000000000000000000e+00,-0.000000000000000000e+00,2.535665929681116815e+00,6.169177721399181635e-01,2.937598427102783738e+00,-1.640575856503682530e+02,-3.991457985745270776e+01,-1.900626182335501255e+02
1.104600622999987536e+02,-7.537309723253073912e-01,0.000000000000000000e+00,0.000000000000000000e+00,0.000000000000000000e+00,0.000000000000000000e+00,-0.000000000000000000e+00,2.557601833389661738e+00,6.016833325502033425e-01,2.889286860911982835e+00,-1.654768386203111277e+02,-3.892891161599816030e+01,-1.869368599010053060e+02
1.105677993999997852e+02,1.694647521683641855e+00,2.182230448306312631e-01,0.000000000000000000e+00,1.215889952600512469e+00,-2.695814229665480580e-02,2.165515085587376154e-01,2.579485215413074517e+00,5.871467642068055603e-01,2.840396026700497512e+00,-1.668926934372259154e+02,-3.798839564418032211e+01,-1.837736229275221831e+02
1.106783881999999721e+02,1.629333724253686277e+00,3.106672269013379672e-01,0.000000000000000000e+00,1.040142288054903164e+00,-1.817526681104270070e-02,3.101351085364487115e-01,2.601312620111647878e+00,5.733143164468244013e-01,2.790968558002780320e+00,-1.683049265212236207e+02,-3.709343627410954269e+01,-1.805756657027799008e+02
1.107874457999987499e+02,1.666206309240762629e+00,3.385858604157584995e-01,0.000000000000000000e+00,6.640983019664067344e-01,-3.225548168644260666e-02,3.370459446049678398e-01,2.623080600685153918e+00,5.601919359026976686e-01,2.741047556306521749e+00,-1.697133148643294760e+02,-3.624441825290453778e+01,-1.773457768930319673e+02
1.108944688999999926e+02,1.673587639859531073e+00,3.468290865516188148e-01,0.000000000000000000e+00,3.851289196400384252e-01,-3.558826861265768776e-02,3.449983919026052837e-01,2.644785719717112293e+00,5.477852639457327921e-01,2.690676553467540533e+00,-1.711176360656971838e+02,-3.544170657728891172e+01,-1.740867730093498835e+02
1.110024784999986878e+02,1.672614035471648108e+00,3.465044639759538025e-01,0.000000000000000000e+00,2.019975130759768811e-01,-3.521936460202729907e-02,3.447099359059621615e-01,2.666424549717616888e+00,5.360996342608415066e-01,2.639899473749305336e+00,-1.725176683667298221e+02,-3.468564633667644870e+01,-1.708014959515800513e+02
1.111142251999990549e+02,1.674148718310029871e+00,3.466111510617979063e-01,0.000000000000000000e+00,1.063427210338772216e-01,-3.575935008785984665e-02,3.447615972257907502e-01,2.687993673664568650e+00,5.251400705535755886e-01,2.588760595520398056e+00,-1.739131906860976073e+02,-3.397656256481634074e+01,-1.674928105301697485e+02
1.112207008999994287e+02,1.675080348546932996e+00,3.467330735211507364e-01,0.000000000000000000e+00,5.579905079291595099e-02,-3.609321638295358986e-02,3.448493932205144996e-01,2.709489685543255533e+00,5.149112843904086745e-01,2.537304512643083321e+00,-1.753039826546486495e+02,-3.331476010005944488e+01,-1.641636019680074980e+02
1.113254225000000588e+02,1.677209013928369075e+00,3.468231315879278243e-01,0.000000000000000000e+00,2.993592457753895333e-02,-3.683676826542952448e-02,3.448613302593031560e-01,2.730909190884212467e+00,5.054176731732067385e-01,2.485576095586757628e+00,-1.766898246502085499e+02,-3.270052345430647733e+01,-1.608167733844632323e+02
1.114312864999992598e+02,1.678988968921540703e+00,3.469515171442147938e-01,0.000000000000000000e+00,1.649167877326052425e-02,-3.746441052330419519e-02,3.449228510737056275e-01,2.752248807299240596e+00,4.966633182487769638e-01,2.433620452300309545e+00,-1.780704978322608838e+02,-3.213411669069586907e+01,-1.574552432638300274e+02
1.115404172999988077e+02,1.680519811860547996e+00,3.470613706428619660e-01,0.000000000000000000e+00,9.311297924299220125e-03,-3.800441846701504284e-02,3.449742876932801461e-01,2.773505165015533791e+00,4.886519831542661674e-01,2.381482888877278548e+00,-1.794457841765050432e+02,-3.161578331008102083e+01,-1.540819429103599418e+02
1.116489884999991773e+02,1.682691453363981182e+00,3.470736358483504369e-01,0.000000000000000000e+00,4.944885245101585287e-03,-3.875485829866841259e-02,3.449031308342148106e-01,2.794674907407801001e+00,4.813871119992043646e-01,2.329208870048230740e+00,-1.808154665092847324e+02,-3.114574614634852523e+01,-1.506998138921205452e+02
1.117560063000000810e+02,1.683757730448594891e+00,3.471215915510754146e-01,0.000000000000000000e+00,2.811913208793872902e-03,-3.912800413282740281e-02,3.449092614203524976e-01,2.815754691528304043e+00,4.748718279848704871e-01,2.276843979534912688e+00,-1.821793285418812900e+02,-3.072420727062112178e+01,-1.473118054759088693e+02
1.118615095999994082e+02,1.684681733004710580e+00,3.472490989906827363e-01,0.000000000000000000e+00,2.050842880248355312e-03,-3.946117429039933122e-02,3.449996412657029277e-01,2.836741188634771760e+00,4.691089320616046443e-01,2.224433880300519917e+00,-1.835371549046697339e+02,-3.035134790438582186e+01,-1.439208720554436525e+02
1.119755305999988195e+02,1.685992829094638878e+00,3.473161179503468921e-01,0.000000000000000000e+00,1.392238578423683803e-03,-3.992117121108436362e-02,3.450141821392775365e-01,2.857631084716023118e+00,4.641009017246753299e-01,2.172024274730935733e+00,-1.848887311811267011e+02,-3.002732834158649666e+01,-1.405299705750915393e+02
1.120842642999996315e+02,1.686668947561457799e+00,3.474229421658091566e-01,0.000000000000000000e+00,1.171704013912831365e-03,-4.016678285006096416e-02,3.450932197227630782e-01,2.878421081015305028e+00,4.598498899491869629e-01,2.119660864781523379e+00,-1.862338439416902531e+02,-2.975228787971239797e+01,-1.371420579513645635e+02
1.121907179999998334e+02,1.701518828044889631e+00,3.481323496971794884e-01,0.000000000000000000e+00,3.895241923902311668e-03,-4.537923052461586421e-02,3.451620754698769833e-01,2.899107894551200104e+00,4.563577242645084908e-01,2.067389312124416456e+00,-1.875722807774626517e+02,-2.952634475991370167e+01,-1.337600884944497466e+02
1.122969233999992866e+02,1.820897989099334424e+00,3.598698715946729854e-01,0.000000000000000000e+00,6.665935826840482803e-02,-8.906867844394963929e-02,3.486733356622137014e-01,2.919688258636035982e+00,4.536259059686118533e-01,2.015255198330823116e+00,-1.889038303337515288e+02,-2.934959611616918806e+01,-1.303870113320042492e+02
1.124071628000001510e+02,1.855002473189002465e+00,3.715199530161129027e-01,0.000000000000000000e+00,9.126029637305460573e-02,-1.041725348443651583e-01,3.566162622107890701e-01,2.940158923391754442e+00,4.516556094826535972e-01,1.963303985123181494e+00,-1.902282823434465229e+02,-2.922211793352768794e+01,-1.270257678374698429e+02
1.125236416999996436e+02,1.891513180076854539e+00,4.082236548779764052e-01,0.000000000000000000e+00,2.109042311469437048e-01,-1.286912589577197674e-01,3.874081985061884614e-01,2.960516656263081359e+00,4.504476818460880772e-01,1.911580974731936777e+00,-1.915454276602213781e+02,-2.914396501544189988e+01,-1.236792890651563113e+02
1.126319521999994322e+02,1.959744539294637100e+00,4.556624745885002881e-01,0.000000000000000000e+00,3.161918128022960239e-01,-1.727942262999966616e-01,4.216283269723479776e-01,2.980758242528005031e+00,4.500026423525207431e-01,1.860131270391284453e+00,-1.928550582915619316e+02,-2.911517096020809348e+01,-1.203504931943161154e+02
1.127402526999994734e+02,2.074927082971289138e+00,5.237656817335545334e-01,0.000000000000000000e+00,4.877137918430492491e-01,-2.530031886178629730e-01,4.586064499230349534e-01,3.000880485805408338e+00,4.503206823264618297e-01,1.808999737008442965e+00,-1.941569674316099281e+02,-2.913574814652208289e+01,-1.170422829844462598e+02
1.128530374000001757e+02,2.184931237737636422e+00,6.145036420036008584e-01,0.000000000000000000e+00,6.841040068465414903e-01,-3.541087835454735933e-01,5.022167813321599672e-01,3.020880208559808544e+00,4.514016650410748177e-01,1.758230962040860934e+00,-1.954509494938196212e+02,-2.920568772815754244e+01,-1.137575432440437027e+02
1.129574303999997937e+02,2.199779146198824975e+00,6.525562416141539313e-01,0.000000000000000000e+00,5.184743069617759881e-01,-3.839135477781758787e-01,5.276741762697548799e-01,3.040754252603143915e+00,4.532451257769551933e-01,1.707869216615243158e+00,-1.967368001434234088e+02,-2.932495963776900183e+01,-1.104991383150062347e+02
1.130720261999995273e+02,2.199331100228775426e+00,6.710060244933040430e-01,0.000000000000000000e+00,3.600778186151586402e-01,-3.945248246737063091e-01,5.427699767143442378e-01,3.060499479593466798e+00,4.558502720219166360e-01,1.657958416922492351e+00,-1.980143163296973228e+02,-2.949351259981800766e+01,-1.072699095748852613e+02
1.131990490999996837e+02,2.199759993203906916e+00,6.758476602524213783e-01,0.000000000000000000e+00,2.042647297340782209e-01,-3.976059470885366376e-01,5.465158467130667441e-01,3.080112771530544968e+00,4.592159838116949278e-01,1.608542085922091136e+00,-1.992832963180262595e+02,-2.971127415261666371e+01,-1.040726729591593056e+02
1.133118854999993346e+02,2.199780223784573607e+00,6.759947926647548178e-01,0.000000000000000000e+00,9.879072758833094825e-02,-3.977035647833395693e-01,5.466267778553195456e-01,3.099591031248219331e+00,4.633408142114272543e-01,1.559663315389505645e+00,-2.005435397217597995e+02,-2.997815067947934509e+01,-1.009102165057010154e+02
1.134332185999992362e+02,2.200680645061162011e+00,6.763179415649441806e-01,0.000000000000000000e+00,5.085901629853012418e-02,-3.983859491504877504e-01,5.465295907836172917e-01,3.118931182903476262e+00,4.682229899376915139e-01,1.511364728339480212e+00,-2.017948475338549201e+02,-3.029402744896864164e+01,-9.778529792356437156e+01
1.135426952999987407e+02,2.201232704574383803e+00,6.763935567434936624e-01,0.000000000000000000e+00,2.665468760051278169e-02,-3.987321802311584173e-01,5.463706544574120638e-01,3.138130172462175960e+00,4.738604121208562781e-01,1.463688441858099765e+00,-2.030370221583027899e+02,-3.065876866421940150e+01,-9.470064218821906366e+01
1.136548296999990271e+02,2.201773828803418986e+00,6.766925829196724917e-01,0.000000000000000000e+00,1.524759404322448796e-02,-3.992041820437842725e-01,5.463962598858551623e-01,3.157184968181300899e+00,4.802506572073861335e-01,1.416676030376134987e+00,-2.042698674413301774e+02,-3.107221752131788506e+01,-9.165893916533593710e+01
1.137669035999988409e+02,2.202081774634841338e+00,6.767752788243991402e-01,0.000000000000000000e+00,8.246788674035065297e-03,-3.994212292761182281e-01,5.463400586003169801e-01,3.176092561087718646e+00,4.873909780017462445e-01,1.370368489415484614e+00,-2.054931887023753916e+02,-3.153419627671298286e+01,-8.866284126518185360e+01
1.138780850000002829e+02,2.202462088650664285e+00,6.769465619393790767e-01,0.000000000000000000e+00,4.990415471926868025e-03,-3.997301221200008636e-01,5.463263467850281163e-01,3.194849965453328888e+00,4.952783048474298511e-01,1.324806199840438126e+00,-2.067067927648303964e+02,-3.204450632362870977e+01,-8.571496112967635383e+01
1.139943044999999984e+02,2.202769868242666185e+00,6.770293601678760709e-01,0.000000000000000000e+00,2.953712143273389077e-03,-3.999471633681204175e-01,5.462700989832023346e-01,3.213454219266536516e+00,5.039092469466155411e-01,1.280028892645027838e+00,-2.079104879865449220e+02,-3.260292827744602562e+01,-8.281786935413330752e+01
1.141086942000001727e+02,2.203404399630044530e+00,6.773670910351763386e-01,0.000000000000000000e+00,2.928555414237963596e-03,-4.004933917780279518e-01,5.462885859686141821e-01,3.231902384699997022e+00,5.132800938178945227e-01,1.236075614306967996e+00,-2.091040842900898156e+02,-3.320922207001778048e+01,-7.997409224566082742e+01
1.142159781999998813e+02,2.203861108952789749e+00,6.774051167479216984e-01,0.000000000000000000e+00,1.660252192302381132e-03,-4.007653418032602333e-01,5.461362769543709472e-01,3.250191548574528078e+00,5.233868168914124208e-01,1.192984692738565444e+00,-2.102873931927719866e+02,-3.386312705287438263e+01,-7.718610962018519217e+01
1.143338275999994949e+02,2.204170100065281801e+00,6.774887623943789405e-01,0.000000000000000000e+00,1.199977003218441213e-03,-4.009835810645028253e-01,5.460798392976566884e-01,3.268318822819141545e+00,5.342250712407810020e-01,1.150793703864169570e+00,-2.114602278363984738e+02,-3.456436210927853381e+01,-7.445635264001177234e+01
1.144479819999996835e+02,2.222936532417540079e+00,6.892192149845604021e-01,0.000000000000000000e+00,5.249588393032902228e-02,-4.182794233082836044e-01,5.477823019602069410e-01,3.286281344927099113e+00,5.457901974509773435e-01,1.109539438853470283e+00,-2.126224030167833234e+02,-3.531262577507823863e+01,-7.178720169381952587e+01
1.145601045000003069e+02,2.240805940632723647e+00,7.001269715883414735e-01,0.000000000000000000e+00,7.429665241163352363e-02,-4.347743143134770727e-01,5.487705093740991025e-01,3.304076278407926726e+00,5.580772236214432969e-01,1.069257872039018231e+00,-2.137737352129928752e+02,-3.610759636830738373e+01,-6.918098432092448036e+01
1.146697167999991507e+02,2.242402253237175458e+00,7.007803109022002763e-01,0.000000000000000000e+00,4.135420108910416864e-02,-4.360563057061537795e-01,5.485872240602088779e-01,3.321700813235346939e+00,5.710808675035310422e-01,1.029984129546043681e+00,-2.149140426163269524e+02,-3.694893212747845723e+01,-6.663997318162903127e+01
1.147835684000001493e+02,2.242759239661515025e+00,7.009611940156154075e-01,0.000000000000000000e+00,2.241733611057383085e-02,-4.363647200723286823e-01,5.485730822707175491e-01,3.339152166290995538e+00,5.847955387713748010e-01,9.917524586620114491e-01,-2.160431451590274321e+02,-3.783627135850795042e+01,-6.416638407543214839e+01
1.148934527000001253e+02,2.243205836662063746e+00,7.011819996014962975e-01,0.000000000000000000e+00,1.244855267101444354e-02,-4.367472014365156863e-01,5.485508897108127835e-01,3.356427581803925531e+00,5.992153414251795152e-01,9.545961979724471025e-01,-2.171608645427139948e+02,-3.876923259020911416e+01,-6.176237400881733208e+01
1.150238441999990755e+02,2.243711854269768047e+00,7.014927859554611622e-01,0.000000000000000000e+00,7.863052299529148595e-03,-4.372184252933424831e-01,5.485728550808582904e-01,3.373524331785766606e+00,6.143340763259579340e-01,9.185477482891679646e-01,-2.182670242665390958e+02,-3.974741473828947846e+01,-5.943003931430916964e+01
1.151321484000000055e+02,2.244005183052625085e+00,7.015832266910628778e-01,0.000000000000000000e+00,4.113656214424360469e-03,-4.374357083032506810e-01,5.485152915602962143e-01,3.390439716461499220e+00,6.301452438605490425e-01,8.836385443963483688e-01,-2.193614496550590047e+02,-4.077039727777752631e+01,-5.717141382244373915e+01
1.152445272999993904e+02,2.244363884091432837e+00,7.017637297697594256e-01,0.000000000000000000e+00,2.967759736099626067e-03,-4.377450270763172391e-01,5.484994290701843411e-01,3.407171064695799778e+00,6.466420467358517943e-01,8.498990276388829201e-01,-2.204439678858182674e+02,-4.183774042380961333e+01,-5.498846708823572982e+01
1.153521595999991405e+02,2.244659898932388487e+00,7.018534963734336385e-01,0.000000000000000000e+00,1.915875964490992541e-03,-4.379633870976433752e-01,5.484399711304540626e-01,3.423715734414820133e+00,6.638173929009909546e-01,8.173586193770994157e-01,-2.215144080166388676e+02,-4.294898532069411345e+01,-5.288310267369833184e+01
1.154625809999997728e+02,2.244955852710880606e+00,7.019433040850492356e-01,0.000000000000000000e+00,1.409037851327570208e-03,-4.381817424463093635e-01,5.483804908424004809e-01,3.440071113023423166e+00,6.816638985962422126e-01,7.860456953308625483e-01,-2.225726010126154790e+02,-4.410365423917687622e+01,-5.085715648790680632e+01
1.155721886999999697e+02,2.245398889287786304e+00,7.021653129500424750e-01,0.000000000000000000e+00,1.691378245878719837e-03,-4.385633158980665747e-01,5.483596854790874220e-01,3.456234617817730559e+00,7.001738915273343355e-01,7.559875608355723919e-01,-2.236183797728071738e+02,-4.530125078181853127e+01,-4.891239518606153780e+01
1.156792110999995202e+02,2.245461301817952560e+00,7.022561518039069917e-01,0.000000000000000000e+00,1.285239297657222307e-03,-4.386542807526553900e-01,5.484032501032453100e-01,3.472203696392958339e+00,7.193394141637963202e-01,7.272104270314809771e-01,-2.246515791566244218e+02,-4.654126009639762174e+01,-4.705051462893682412e+01
1.157875755999993999e+02,2.245796806921298128e+00,7.019690501421100848e-01,0.000000000000000000e+00,-5.821289612484118218e-04,-4.386588389843344427e-01,5.480319063141597669e-01,3.487975827046483790e+00,7.391522271599562099e-01,6.997393880071673955e-01,-2.256720360099075151e+02,-4.782314909724917129e+01,-4.527313840406372947e+01
1.158970293999991554e+02,2.254396057860778235e+00,6.997677831929789427e-01,0.000000000000000000e+00,-9.850459203475254652e-03,-4.419649323276708675e-01,5.425329012948554297e-01,3.503548519176035825e+00,7.596038128970474812e-01,6.735983989171634434e-01,-2.266795891906895406e+02,-4.914636669443897432e+01,-4.358181640994047967e+01
1.160014854000000923e+02,2.290648145474663444e+00,7.061932997724074124e-01,0.000000000000000000e+00,2.540299022882407110e-02,-4.655743597553043123e-01,5.309891639025035026e-01,3.518919313673005700e+00,7.806853791449974711e-01,6.488102550926779788e-01,-2.276740795946434730e+02,-5.051034403068133827e+01,-4.197802350449626374e+01
1.161048735000003944e+02,2.375016656038283713e+00,7.373034910782312323e-01,0.000000000000000000e+00,1.693751125091055854e-01,-5.310723503171540516e-01,5.114475502774076254e-01,3.534085783310760398e+00,8.023878628422353998e-01,6.253965721637140263e-01,-2.286553501802061987e+02,-5.191449472589263081e+01,-4.046315821899229803e+01
1.162121897999986686e+02,2.480820989985143221e+00,7.590670950184480459e-01,0.000000000000000000e+00,2.250390805671176331e-01,-5.992977999544888412e-01,4.658594226904240188e-01,3.549045533127923591e+00,8.247019339919330339e-01,6.033777672099542855e-01,-2.296232459933766563e+02,-5.335821512927807220e+01,-3.903854153848404707e+01
1.163222640999993018e+02,2.611082373032163950e+00,7.694561150764372970e-01,0.000000000000000000e+00,2.268266455333971254e-01,-6.636935982626874786e-01,3.893244413771755896e-01,3.563796200806585990e+00,8.476179996730397459e-01,5.827730409567375425e-01,-2.305776141921861324e+02,-5.484088457884567447e+01,-3.770541574990092215e+01
1.164262712999989162e+02,2.695190094809762016e+00,7.674786947676922599e-01,0.000000000000000000e+00,1.512546543219599471e-01,-6.922704146599363284e-01,3.313385276554484671e-01,3.578335457045320744e+00,8.711262081642956456e-01,5.636003610317545931e-01,-2.315183040708322721e+02,-5.636186566822993171e+01,-3.646494335875452464e+01
1.165337256000002526e+02,2.787563640625140060e+00,8.151285582422940212e-01,0.000000000000000000e+00,3.386941416245330405e-01,-7.645771807966741385e-01,2.825885720746165730e-01,3.592661005927025641e+00,8.952164531795441249e-01,5.458764462969882825e-01,-2.324451670834785659e+02,-5.792050452071650568e+01,-3.531820607541514079e+01
1.166415650999988429e+02,2.882932811649004279e+00,9.089834384914907695e-01,0.000000000000000000e+00,6.371906139497685029e-01,-8.787448670794377747e-01,2.325045161569015972e-01,3.606770585281469543e+00,9.198783782124806407e-01,5.296167522696468843e-01,-2.333580568677110989e+02,-5.951613107034749817e+01,-3.426620387184615169e+01
1.167556836000003386e+02,2.952108444528395381e+00,9.651038750769642682e-01,0.000000000000000000e+00,6.175131332478710489e-01,-9.478299789971257328e-01,1.817795934720965734e-01,3.620661967042500429e+00,9.451013809889354800e-01,5.148354576447080611e-01,-2.342568292676497776e+02,-6.114805934998413051e+01,-3.330985410961261550e+01
1.168639107999988482e+02,2.985578128232006634e+00,9.754253761640301335e-01,0.000000000000000000e+00,3.731773096851987437e-01,-9.635782495343195864e-01,1.515639188234332024e-01,3.634332957599911040e+00,9.708746180248721824e-01,5.015454519308724102e-01,-2.351413423567142615e+02,-6.281558778620923533e+01,-3.244999073992744343e+01
1.169768647000000783e+02,3.016762747280649748e+00,9.854427290831155872e-01,0.000000000000000000e+00,2.486959798478253214e-01,-9.777748605186061814e-01,1.226934979556740107e-01,3.647781398145808041e+00,9.971870092880166236e-01,4.897583242107581558e-01,-2.360114564600337985e+02,-6.451799950093467828e+01,-3.168736357643605572e+01
1.170830497999995714e+02,3.025649763087757904e+00,9.881787998867688216e-01,0.000000000000000000e+00,1.417074338344455342e-01,-9.815443148433751208e-01,1.143157843182826955e-01,3.661005165015533080e+00,1.024027242961244477e+00,4.794843530350048066e-01,-2.368670341765050011e+02,-6.625456261959251947e+01,-3.102263764136481328e+01
1.171915700999998080e+02,3.025853864634937551e+00,9.880861323544983810e-01,0.000000000000000000e+00,7.480021574590769995e-02,-9.814755788649950352e-01,1.141047459262508612e-01,3.674002170023003888e+00,1.051383780305569671e+00,4.707324974592481670e-01,-2.377079404004883543e+02,-6.802453058577036415e+01,-3.045639258561335794e+01
1.173041924999997718e+02,3.025865231200696392e+00,9.878619981372761538e-01,0.000000000000000000e+00,3.831326289202731383e-02,-9.812542407855500137e-01,1.140677092964771239e-01,3.686770360790459833e+00,1.079244860620686586e+00,4.635103892316989604e-01,-2.385340423431427723e+02,-6.982714248215842190e+01,-2.998912218329092383e+01
1.174122575000001234e+02,3.025892803258463104e+00,9.877078871559090700e-01,0.000000000000000000e+00,1.911850391459207071e-02,-9.811043048623916407e-01,1.140228631918756980e-01,3.699307721072569777e+00,1.107598506300982777e+00,4.578243261381185203e-01,-2.393452095533952786e+02,-7.166162335767359082e+01,-2.962123390113626797e+01
1.175179289999996399e+02,3.025779066032749043e+00,9.875721369448176024e-01,0.000000000000000000e+00,9.445306637218162452e-03,-9.809564890385565894e-01,1.141187639387217928e-01,3.711612271074803182e+00,1.136432527984726049e+00,4.536792665100783939e-01,-2.401413139385397812e+02,-7.352718456061177221e+01,-2.935304854320207468e+01
1.176211074000002554e+02,3.025808438997015237e+00,9.874208875534281615e-01,0.000000000000000000e+00,4.366842864594486402e-03,-9.808096039217559792e-01,1.140724770996406623e-01,3.723682067766077353e+00,1.165734529794362651e+00,4.510788249012118722e-01,-2.409222297844652019e+02,-7.542302407769525985e+01,-2.918479997110840785e+01
1.177277021999998396e+02,3.025834515876543840e+00,9.873067606135935703e-01,0.000000000000000000e+00,1.833099773428682570e-03,-9.806992150966562516e-01,1.140337189699180687e-01,3.735515205185580001e+00,1.195491914665546274e+00,4.500252689352688407e-01,-2.416878337755070447e+02,-7.734832687886084557e+01,-2.911663490011189381e+01
1.178390198999986751e+02,3.025720746855709464e+00,9.871710128748155677e-01,0.000000000000000000e+00,3.715014581995395551e-04,-9.805513977822660765e-01,1.141295972459961117e-01,3.747109814743733835e+00,1.225691889762658082e+00,4.505195173287195320e-01,-2.424380050139195930e+02,-7.930226526764397477e+01,-2.914861277116815330e+01
1.179450374999996711e+02,3.025748483889818985e+00,9.870193628894354809e-01,0.000000000000000000e+00,-4.622091567634170183e-04,-9.804039294604439680e-01,1.140848711143948174e-01,3.758464065517284514e+00,1.256321471978541826e+00,4.525611390896144837e-01,-2.431726250389683059e+02,-8.128399923701165619e+01,-2.928070569909805698e+01
1.180486476999994920e+02,3.025660758742404255e+00,9.867694904432935399e-01,0.000000000000000000e+00,-1.352584284603431525e-03,-9.801457224182311689e-01,1.141419734145199261e-01,3.769576164538409380e+00,1.287367493515962691e+00,4.561483538934190118e-01,-2.438915778456350836e+02,-8.329267683048279025e+01,-2.951279849690421031e+01
1.181518938999997772e+02,3.025512483625476534e+00,9.865967707222531580e-01,0.000000000000000000e+00,-1.500338322280355763e-03,-9.799572298673050463e-01,1.142672990420969537e-01,3.780444357077858086e+00,1.318816607548521258e+00,4.612780336354833643e-01,-2.445947499029374228e+02,-8.532743450838933086e+01,-2.984468877621577576e+01
1.182551614999993035e+02,3.025512483625476534e+00,9.865967707222531580e-01,0.000000000000000000e+00,-8.062881609566645031e-04,-9.799572298673050463e-01,1.142672990420969537e-01,3.791066926922042946e+00,1.350655293958530123e+00,4.679457051587934124e-01,-2.452820301718561780e+02,-8.738739751911690234e+01,-3.027608712377393374e+01
1.183602942999987135e+02,3.025512483625476534e+00,9.865967707222531580e-01,0.000000000000000000e+00,-4.338603054517910272e-04,-9.799572298673050463e-01,1.142672990420969537e-01,3.801442196644042149e+00,1.382869865149336519e+00,4.761455541546308901e-01,-2.459533101228695386e+02,-8.947168027516207189e+01,-3.080661735380461863e+01
1.184647574999999051e+02,3.025512483625476534e+00,9.865967707222531580e-01,0.000000000000000000e+00,-2.308231070081910813e-04,-9.799572298673050463e-01,1.142672990420969537e-01,3.811568527868494538e+00,1.415446471929725725e+00,4.858704302327430113e-01,-2.466084837530916047e+02,-9.157938673385325501e+01,-3.143581683605847488e+01
1.185682006999995792e+02,3.025512483625476534e+00,9.865967707222531580e-01,0.000000000000000000e+00,-1.234361917626825987e-04,-9.799572298673050463e-01,1.142672990420969537e-01,3.821444321530309551e+00,1.448371109467708973e+00,4.971118531565785759e-01,-2.472474476030110395e+02,-9.370961078256077315e+01,-3.216313689923063635e+01
1.186755322999997588e+02,3.025512483625476534e+00,9.865967707222531580e-01,0.000000000000000000e+00,-6.625733037029221185e-05,-9.799572298673050463e-01,1.142672990420969537e-01,3.831068018127184782e+00,1.481629623311302435e+00,5.098600202381851076e-01,-2.478701007728288630e+02,-9.586143662824126466e+01,-3.298794330941057495e+01
1.187832705000000715e+02,3.025512483625476534e+00,9.865967707222531580e-01,0.000000000000000000e+00,-3.485809128767987977e-05,-9.799572298673050463e-01,1.142672990420969537e-01,3.840438097965868103e+00,1.515207715473573913e+00,5.241038148863077506e-01,-2.484763449383916907e+02,-9.803393919114023447e+01,-3.390951682314411642e+01
1.188919282999995630e+02,3.025634689791596443e+00,9.868836180977302863e-01,0.000000000000000000e+00,1.243778149028466071e-03,-9.802561077430628211e-01,1.141807291187415668e-01,3.849553081402128818e+00,1.549090950579396386e+00,5.398308163002052407e-01,-2.490660843667177460e+02,-1.002261845024869444e+02,-3.492705381462327807e+01
1.189955625000002328e+02,3.030808881036088920e+00,1.010807866000588806e+00,0.000000000000000000e+00,1.054457007440609828e-01,-1.004611362548750497e+00,1.117521910595364182e-01,3.858411529074420976e+00,1.583264762071321163e+00,5.570273103007838955e-01,-2.496392259311150497e+02,-1.024372301060144821e+02,-3.603966697646072248e+01
1.190988460999997187e+02,3.037645240109631217e+00,1.049245619939073393e+00,0.000000000000000000e+00,2.290285666916101193e-01,-1.043582138777557677e+00,1.088700628537918047e-01,3.867012042131163341e+00,1.617714458471761318e+00,5.756783012895578810e-01,-2.501956791258862722e+02,-1.046661254631229667e+02,-3.724638609343439555e+01
1.192022433000001911e+02,3.038979065269450608e+00,1.056904828112242400e+00,0.000000000000000000e+00,1.572960567012929856e-01,-1.051345343592131609e+00,1.082625706055033304e-01,3.875353262451646241e+00,1.652425229698965659e+00,5.957675253250538372e-01,-2.507353560806215285e+02,-1.069119123615230791e+02,-3.854615888853098227e+01
1.193056849999993574e+02,3.038872167355678222e+00,1.056766322983765605e+00,0.000000000000000000e+00,8.401367896205946817e-02,-1.051195989489816407e+00,1.083607543031804010e-01,3.883433872860488023e+00,1.687382153433923726e+00,6.172774643051814891e-01,-2.512581715740736001e+02,-1.091736253271748751e+02,-3.993785194054524368e+01
1.194091372000002593e+02,3.038762171142334267e+00,1.056628778696049986e+00,0.000000000000000000e+00,4.442128179868019139e-02,-1.051047246133694602e+00,1.084622623933459845e-01,3.891252597335627783e+00,1.722570201535519097e+00,6.401893612432911773e-01,-2.517640430476151323e+02,-1.114502920393480849e+02,-4.142025167244094064e+01
1.195141012999993109e+02,3.038789819651350754e+00,1.056514074655111379e+00,0.000000000000000000e+00,2.337803343637822120e-02,-1.050936146097633861e+00,1.084214313214844072e-01,3.898808201209836177e+00,1.757974246501240678e+00,6.644832366245694288e-01,-2.522528906182764104e+02,-1.137409337486302832e+02,-4.299206540960964418e+01
1.196192738999998255e+02,3.038817448185511694e+00,1.056363890344192313e+00,0.000000000000000000e+00,1.179098435393416758e-02,-1.050789749392019301e+00,1.083769873901922615e-01,3.906099491365671916e+00,1.793579067970513474e+00,6.901379058284102808e-01,-2.527246370913589715e+02,-1.160445656976922209e+02,-4.465192250709814914e+01
1.197230689999996684e+02,3.038677562533655063e+00,1.056228417128267871e+00,0.000000000000000000e+00,5.682421340293866002e-03,-1.050639822310055260e+00,1.085100590986010499e-01,3.913125316423898603e+00,1.829369359268052664e+00,7.171309976017938848e-01,-2.531792079726262443e+02,-1.183601975446430146e+02,-4.639837554483606397e+01
1.198370428999987780e+02,3.038732291076213343e+00,1.055963560900555098e+00,0.000000000000000000e+00,1.851984742605259715e-03,-1.050382302994468775e+00,1.084253637569019130e-01,3.919884566925292191e+00,1.865329733984228522e+00,7.454389735673201400e-01,-2.536165314800664135e+02,-1.206868337887795946e+02,-4.822990158980561404e+01
1.199534196000004158e+02,3.038757319675898572e+00,1.055850348588020848e+00,0.000000000000000000e+00,4.672858773058023957e-04,-1.050272402176710695e+00,1.083874524075850582e-01,3.926376175505843058e+00,1.901444732589773201e+00,7.750371487489795541e-01,-2.540365385552280486e+02,-1.230234741985583327e+02,-5.014490352405898221e+01
1.200689179000000877e+02,3.038809885356636542e+00,1.055620590537916126e+00,0.000000000000000000e+00,-7.336862802602410081e-04,-1.050049552683942400e+00,1.083086703633238113e-01,3.932599117065303851e+00,1.937698829081921703e+00,8.058997130979095314e-01,-2.544391628741251736e+02,-1.253691142416003430e+02,-5.214171143743475056e+01
1.201870975999991060e+02,3.038704717132533872e+00,1.055448304378991953e+00,0.000000000000000000e+00,-1.104227091259343775e-03,-1.049866781187790421e+00,1.084014067015620780e-01,3.938552408929061777e+00,1.974076437659067373e+00,8.379997539990637900e-01,-2.548243408577102969e+02,-1.277227455165416643e+02,-5.421858408373942950e+01
1.203045052999987092e+02,3.038729635077498159e+00,1.055333251615107493e+00,0.000000000000000000e+00,-1.042154304602147105e-03,-1.049755037376933986e+00,1.083634323296735064e-01,3.944235111003320249e+00,2.010561919421213428e+00,8.713092797394401678e-01,-2.551920116819148348e+02,-1.300833561865525212e+02,-5.637371039914177828e+01
1.204179977000003419e+02,3.038729635077498159e+00,1.055333251615107493e+00,0.000000000000000000e+00,-5.264542241327146510e-04,-1.049755037376933986e+00,1.083634323296735064e-01,3.949646325923547252e+00,2.047139589093187606e+00,9.057992439172961596e-01,-2.555421172872535180e+02,-1.324499314143292565e+02,-5.860521108144906322e+01
1.205376885999994556e+02,3.038729635077498159e+00,1.055333251615107493e+00,0.000000000000000000e+00,-2.705615857179746102e-04,-1.049755037376933986e+00,1.083634323296735064e-01,3.954785199196174883e+00,2.083793721767796647e+00,9.414395707709941608e-01,-2.558746023879925247e+02,-1.348214537983764387e+02,-6.091114022888332613e+01
1.206667412999995577e+02,3.046986466885494238e+00,1.050139654465126693e+00,0.000000000000000000e+00,-2.166308207821126056e-02,-1.045443610106685517e+00,9.920157240304237900e-02,3.959650919333544294e+00,2.120508559666077986e+00,9.781991814055455148e-01,-2.561894144808803162e+02,-1.371969038103952414e+02,-6.328948703693879452e+01
1.207937474999998813e+02,3.071795422911590911e+00,1.034512123251721150e+00,0.000000000000000000e+00,-7.138660672049561284e-02,-1.031993253832445223e+00,7.214746841786250087e-02,3.964242717982038755e+00,2.157268318911591098e+00,1.016046020893851765e+00,-2.564865038534379096e+02,-1.395752602335799395e+02,-6.573817755183220868e+01
1.209019357999986823e+02,3.074035451363295479e+00,1.033196595260828410e+00,0.000000000000000000e+00,-3.989652545205784467e-02,-1.030839749836228503e+00,6.974678928918429111e-02,3.968559870043422588e+00,2.194057196316021585e+00,1.054947086229114150e+00,-2.567658235918094647e+02,-1.419555006016466052e+02,-6.825507647902368547e+01
1.210080436999996891e+02,3.073928043198652205e+00,1.033057456472781910e+00,0.000000000000000000e+00,-2.158388939217959629e-02,-1.030693432129345055e+00,6.984810190295202836e-02,3.972601693789339805e+00,2.230859376173026209e+00,1.094868455103891414e+00,-2.570273295881702893e+02,-1.443366016383947965e+02,-7.083798904522177509e+01
1.211136002999992343e+02,3.073931004524236954e+00,1.032907573975980320e+00,0.000000000000000000e+00,-1.214956783982085002e-02,-1.030544099428560179e+00,6.983491612312089925e-02,3.976367550968966214e+00,2.267659037057458082e+00,1.135775315490883841e+00,-2.572709805476921474e+02,-1.467175396976175534e+02,-7.348466291226019109e+01
1.212222960999988572e+02,3.073824148457086736e+00,1.032765992490152440e+00,0.000000000000000000e+00,-7.092086926490772172e-03,-1.030395374761827298e+00,6.993544819047663175e-02,3.979856846909798129e+00,2.304440358627112495e+00,1.177631995999567804e+00,-2.574967379950639383e+02,-1.490972912031741942e+02,-7.619279014117203985e+01
1.213298379999996541e+02,3.073880643048967798e+00,1.032539752202588534e+00,0.000000000000000000e+00,-4.711733163418154076e-03,-1.030173602252806742e+00,6.986192883150717237e-02,3.983069030611556371e+00,2.341187528423914976e+00,1.220401996982120263e+00,-2.577045662805676898e+02,-1.514748330890272996e+02,-7.896000920474318718e+01
1.214369768999986263e+02,3.073782308785803608e+00,1.032364359179898328e+00,0.000000000000000000e+00,-3.258835102944716410e-03,-1.029991737523496376e+00,6.995134550708032029e-02,3.986003594833197994e+00,2.377884748671819093e+00,1.264048022361683454e+00,-2.578944325857079320e+02,-1.538491432390667057e+02,-8.178390704680091972e+01
1.215489051000004110e+02,3.073810337116388958e+00,1.032250940732402755e+00,0.000000000000000000e+00,-2.217500724384922559e-03,-1.029880539738386114e+00,6.991479465106627267e-02,3.988660076173014879e+00,2.414516243068299595e+00,1.308532012155130264e+00,-2.580663069283940558e+02,-1.562192009265189938e+02,-8.466202118643693098e+01
1.216573228999986895e+02,3.073733670928294082e+00,1.031996367465019215e+00,0.000000000000000000e+00,-2.242219916491503071e-03,-1.029621189253433711e+00,6.997648963287467216e-02,3.991038055141808094e+00,2.451066263566673786e+00,1.353815175661872372e+00,-2.582201621676749710e+02,-1.585839872527637908e+02,-8.759184186532314698e+01
1.217639901000002283e+02,3.073598794985479721e+00,1.031820373999662310e+00,0.000000000000000000e+00,-1.952320337912566862e-03,-1.029436154944591841e+00,7.010340286817408340e-02,3.993137156229131346e+00,2.487519097146278835e+00,1.399858025289970609e+00,-2.583559740080248162e+02,-1.609424855853642384e+02,-9.057081423626109995e+01
1.218695334999993065e+02,3.073598794985479721e+00,1.031820373999662310e+00,0.000000000000000000e+00,-1.033065734025376834e-03,-1.029436154944591841e+00,7.010340286817408340e-02,3.994957047962589769e+00,2.523859072567526951e+00,1.446620410989880146e+00,-2.584737210031795485e+02,-1.632936819951189875e+02,-9.359634059104524795e+01
1.219749646000000212e+02,3.073627366858875831e+00,1.031706962313631903e+00,0.000000000000000000e+00,-1.052670858086836303e-03,-1.029325007663283609e+00,7.006628779522471040e-02,3.996497442960182056e+00,2.560070567109087314e+00,1.494061555265935759e+00,-2.585733845595237881e+02,-1.656365656919579692e+02,-9.666578262570604352e+01
1.220790059999999357e+02,3.073627366858875831e+00,1.031706962313631903e+00,0.000000000000000000e+00,-5.595344745359202019e-04,-1.029325007663283609e+00,7.006628779522471040e-02,3.997758097975681046e+00,2.596138013284144286e+00,1.542140088734866410e+00,-2.586549489390265535e+02,-1.679701294594841556e+02,-9.977646374114586081e+01
1.221857201000002533e+02,3.081264318922093182e+00,1.026750984949254653e+00,0.000000000000000000e+00,-2.237026330342805139e-02,-1.024883117369001617e+00,6.190461070277149952e-02,3.998738813937046110e+00,2.632045905532915508e+00,1.590814086200547317e+00,-2.587184012617269104e+02,-1.702933700879796390e+02,-1.029256713771754193e+02
1.222894794000003458e+02,3.120444703293324906e+00,1.002965356120915308e+00,0.000000000000000000e+00,-1.125265716895099827e-01,-1.002741083472083350e+00,2.120908050781208573e-02,3.999439435977857560e+00,2.667778806888603249e+00,1.640041103213428553e+00,-2.587637315077673748e+02,-1.726052888056926520e+02,-1.061106593779088314e+02
1.223947532000001956e+02,-3.132366376282861964e+00,9.866340466348128002e-01,0.000000000000000000e+00,-1.279134001304742529e-01,-9.865920537192228723e-01,-9.102830168251375628e-03,3.999859853461773529e+00,2.703321355613770738e+00,1.689778213082656411e+00,-2.587909325189767742e+02,-1.749048917082109824e+02,-1.093286503864478760e+02
1.225012208999996801e+02,-3.133431623132613364e+00,9.868361439603892116e-01,0.000000000000000000e+00,-6.742747784177224868e-02,-9.868032813060446662e-01,-8.053510429200539528e-03,4.000000000000000000e+00,2.738658271804463418e+00,1.739982044308821196e+00,-2.588000000000000114e+02,-1.771911901857487806e+02,-1.125768382667807401e+02
1.226059817999994266e+02,-3.133296552435262505e+00,9.867491317299739162e-01,0.000000000000000000e+00,-3.604631339415802910e-02,-9.867151752750014104e-01,-8.186076708700038354e-03,3.999859853461773529e+00,2.773774363959091271e+00,1.790608818404586078e+00,-2.587909325189767742e+02,-1.794632013481532056e+02,-1.158523905507767182e+02
1.227234663999988697e+02,-3.133332090468804676e+00,9.863020247448511801e-01,0.000000000000000000e+00,-2.125917380344655855e-02,-9.862683738383716259e-01,-8.147317473073890232e-03,3.999439435977857116e+00,2.808654535509309103e+00,1.841614388070106578e+00,-2.587637315077673748e+02,-1.817199484474523103e+02,-1.191524509081359042e+02
1.228295855999986088e+02,-3.133224973671953073e+00,9.859663201085802076e-01,0.000000000000000000e+00,-1.210793501500344142e-02,-9.859318025819522324e-01,-8.250154299009835115e-03,3.998738813937046110e+00,2.843283791310139641e+00,1.892954275690180488e+00,-2.587184012617269104e+02,-1.839604612977660452e+02,-1.224741416371546876e+02
1.229333193999991636e+02,-3.133138814182812482e+00,9.857052085305414435e-01,0.000000000000000000e+00,-7.612034906795543329e-03,-9.856699858457504959e-01,-8.332894279664989495e-03,3.997758097975681046e+00,2.877647244086408485e+00,1.944583712119365870e+00,-2.586549489390265535e+02,-1.861837766923906372e+02,-1.258145661741229731e+02
1.230368863000003330e+02,-3.133052622806297816e+00,9.854441009077749003e-01,0.000000000000000000e+00,-5.241822314633125257e-03,-9.854081658596174353e-01,-8.415620661445188944e-03,3.996497442960182056e+00,2.911730120832896951e+00,1.996457675721390768e+00,-2.585733845595237881e+02,-1.883889388178884303e+02,-1.291708116191739748e+02
1.231428806000003533e+02,-3.132981119059334407e+00,9.852200968978873652e-01,0.000000000000000000e+00,-3.802986703014712370e-03,-9.851835658880820912e-01,-8.484152021594812756e-03,3.994957047962589769e+00,2.945517769165281408e+00,2.048530931628614660e+00,-2.584737210031795485e+02,-1.905749996649937259e+02,-1.325399512763713687e+02
1.232511797999995906e+02,-3.132895456265709644e+00,9.849608268585303694e-01,0.000000000000000000e+00,-3.180346257914460316e-03,-9.849235752635595587e-01,-8.566290672584846166e-03,3.993137156229130902e+00,2.978995663619303791e+00,2.100758071187543763e+00,-2.583559740080247593e+02,-1.927410194361689548e+02,-1.359190472058340902e+02
1.233599921999993967e+02,-3.132859396412622566e+00,9.848479106247569614e-01,0.000000000000000000e+00,-2.161055579576451335e-03,-9.848103537962694665e-01,-8.600820752459929774e-03,3.991038055141807206e+00,3.012149411895293838e+00,2.153093551555889995e+00,-2.582201621676749141e+02,-1.948860669496255298e+02,-1.393051527856660812e+02
1.234717150999986188e+02,-3.132773690807099776e+00,9.845886455174084340e-01,0.000000000000000000e+00,-2.267837912697557700e-03,-9.845503580154236767e-01,-8.682938068770454029e-03,3.988660076173014879e+00,3.044964761045504176e+00,2.205491735416529320e+00,-2.580663069283940558e+02,-1.970092200396441342e+02,-1.426953152814494672e+02
1.235787590999989334e+02,-3.132861700282051576e+00,9.842891873363223132e-01,0.000000000000000000e+00,-2.467110508509743651e-03,-9.842516716158651313e-01,-8.593673753003110843e-03,3.986003594833197994e+00,3.077427603601528450e+00,2.257906930773960763e+00,-2.578944325857079320e+02,-1.991095659530188868e+02,-1.460865784210752736e+02
1.236862215000001015e+02,-3.132861700282051576e+00,9.842891873363223132e-01,0.000000000000000000e+00,-1.302455130661306750e-03,-9.842516716158651313e-01,-8.593673753003110843e-03,3.983069030611555483e+00,3.109523983639153499e+00,2.310293430798443737e+00,-2.577045662805676329e+02,-2.011862017414532318e+02,-1.494759849726593188e+02
1.237969023999994533e+02,-3.132861700282051576e+00,9.842891873363223132e-01,0.000000000000000000e+00,-6.882769394149350914e-04,-9.842516716158651313e-01,-8.593673753003110843e-03,3.979856846909797241e+00,3.141240102778058763e+00,2.362605553682955772e+00,-2.574967379950638815e+02,-2.032382346497404058e+02,-1.528605793232872543e+02
1.239014639999986684e+02,-3.130026553101340259e+00,9.830055422275986166e-01,0.000000000000000000e+00,-5.905542447761875924e-03,-9.829397923344010968e-01,-1.136928739102298185e-02,3.976367550968965325e+00,3.172562326113843145e+00,2.414797682478458718e+00,-2.572709805476920906e+02,-2.052647824995656549e+02,-1.562374100563562820e+02
1.240071809000000940e+02,-3.129603597402624171e+00,9.825370124578712838e-01,0.000000000000000000e+00,-5.241080501423061450e-03,-9.824663996123659260e-01,-1.177940925318781903e-02,3.972601693789339361e+00,3.203477188079687288e+00,2.466824304872533791e+00,-2.570273295881702893e+02,-2.072649740687557767e+02,-1.596035325252529447e+02
1.241143648999986908e+02,-3.129740732844545459e+00,9.825058965456934246e-01,0.000000000000000000e+00,-2.920772664409426213e-03,-9.824368920218511381e-01,-1.164430940427250982e-02,3.968559870043422144e+00,3.233971398235301109e+00,2.518640052876840674e+00,-2.567658235918094078e+02,-2.092379494658239878e+02,-1.629560114211315920e+02
1.242244520000003831e+02,-3.129307344338173813e+00,9.823219673863363699e-01,0.000000000000000000e+00,-2.341620710628396825e-03,-9.822478379693262429e-01,-1.206782558486890408e-02,3.964242717982037867e+00,3.264031846980527618e+00,2.570199742388606268e+00,-2.564865038534378527e+02,-2.111828604996401566e+02,-1.662919233325428365e+02
1.243296025999989070e+02,-3.129132857447626481e+00,9.818001613933213800e-01,0.000000000000000000e+00,-3.503704248592259037e-03,-9.817239518501189588e-01,-1.223271334321178634e-02,3.959650919333543406e+00,3.293645611191204470e+00,2.621458412591870513e+00,-2.561894144808802594e+02,-2.130988710440709326e+02,-1.696083592946940257e+02
1.244334760999990976e+02,-3.129098573064792443e+00,9.815703979001166868e-01,0.000000000000000000e+00,-2.890679801896788286e-03,-9.814937863219612701e-01,-1.226350052691869454e-02,3.954785199196173551e+00,3.322799959774910938e+00,2.672371365164023960e+00,-2.558746023879924394e+02,-2.149851573974367511e+02,-1.729024273261123597e+02
1.245406227000003128e+02,-3.129008789362464071e+00,9.813094074151932356e-01,0.000000000000000000e+00,-2.717055877920696114e-03,-9.812317114827159292e-01,-1.234833844117157881e-02,3.949646325923545920e+00,3.351482359144082324e+00,2.722894203253333867e+00,-2.555421172872534328e+02,-2.168409086366221459e+02,-1.761712549504907201e+02
1.246443816999999399e+02,-3.128939249661919053e+00,9.810868357072081158e-01,0.000000000000000000e+00,-2.409677263365151128e-03,-9.810082965200567218e-01,-1.241375675606890168e-02,3.944235111003319361e+00,3.379680478604289107e+00,2.772982870193700045e+00,-2.551920116819147779e+02,-2.186653269656975169e+02,-1.794119917015324006e+02
1.247592402999998740e+02,-3.128851903166952830e+00,9.808259420803724371e-01,0.000000000000000000e+00,-2.464098493551766800e-03,-9.807463360275401332e-01,-1.249612045418026056e-02,3.938552408929060000e+00,3.407382195655246804e+00,2.822593687922754668e+00,-2.548243408577101832e+02,-2.204576280588944712e+02,-1.826218116086022292e+02
1.248667673999989347e+02,-3.129223820995991723e+00,9.806190431738533997e-01,0.000000000000000000e+00,-2.137490160815473921e-03,-9.805440326474060830e-01,-1.212880351751927967e-02,3.932599117065301630e+00,3.434575601202322748e+00,2.871683395069712041e+00,-2.544391628741250315e+02,-2.222170413977902967e+02,-1.857979156610103644e+02
1.249712146999991091e+02,-3.136763327889697361e+00,9.775201758830152077e-01,0.000000000000000000e+00,-1.461581089187066924e-02,-9.775087768533864407e-01,-4.720744957864240858e-03,3.926376175505840838e+00,3.461249004676324681e+00,2.920209184679975145e+00,-2.540365385552279065e+02,-2.239428106025582110e+02,-1.889375342487944067e+02
1.250796880999987479e+02,3.140123727510969687e+00,9.751768099409041657e-01,0.000000000000000000e+00,-1.808312767962446180e-02,-9.751757578502233681e-01,1.432462132438302527e-03,3.919884566925290414e+00,3.487390939059322736e+00,2.968128741543413440e+00,-2.536165314800662998e+02,-2.256341937571381777e+02,-1.920379295778588471e+02
1.251872960000000603e+02,-3.134773184154694192e+00,9.704798863766452843e-01,0.000000000000000000e+00,-3.001418100863184960e-02,-9.704573203012640814e-01,-6.618106626223966248e-03,3.913125316423896827e+00,3.512990165814382948e+00,3.015400279093900515e+00,-2.531792079726261306e+02,-2.272904637281905877e+02,-1.950963980573753815e+02
1.252932819999987260e+02,-3.083019699189879059e+00,9.429345868208398596e-01,0.000000000000000000e+00,-1.306041276129764339e-01,-9.413175434706735345e-01,-5.519888927618597785e-02,3.906099491365670140e+00,3.538035679717058457e+00,3.061982575847752130e+00,-2.527246370913588578e+02,-2.289109084776936811e+02,-1.981102726573495829e+02
1.254095201000000088e+02,-3.036461446482435544e+00,9.220045920962786079e-01,0.000000000000000000e+00,-1.521638331039746328e-01,-9.169140228713059670e-01,-9.675299741394724484e-02,3.898808201209833513e+00,3.562516713586572958e+00,3.107835011349507681e+00,-2.522528906182762398e+02,-2.304948313690512691e+02,-2.010769252343131654e+02
1.255278938999999809e+02,-3.037436296375184419e+00,9.223381062821276455e-01,0.000000000000000000e+00,-7.582219852819180317e-02,-9.173396135676643581e-01,-9.589377289287182027e-02,3.891252597335625119e+00,3.586422742914710415e+00,3.152917601593606456e+00,-2.517640430476149618e+02,-2.320415514665817796e+02,-2.039937688231063362e+02
1.256545392999996693e+02,-3.037431170392554503e+00,9.222148784376246189e-01,0.000000000000000000e+00,-3.869064254725525925e-02,-9.172165620444205913e-01,-9.588566276110425946e-02,3.883433872860485359e+00,3.609743490390314946e+00,3.197191033890963929e+00,-2.512581715740734012e+02,-2.335504038282533941e+02,-2.068582598927453660e+02
1.257715575000001991e+02,-3.037175135028681083e+00,9.219990619039100110e-01,0.000000000000000000e+00,-1.967064817922091827e-02,-9.169773407839730828e-01,-9.609800539263770036e-02,3.875353262451645797e+00,3.632468930317584999e+00,3.240616701150261569e+00,-2.507353560806215000e+02,-2.350207397915477543e+02,-2.096679005644219274e+02
1.258908073000002332e+02,-3.037131393913889532e+00,9.218916785581007245e-01,0.000000000000000000e+00,-1.042599521890770140e-02,-9.168663384863204868e-01,-9.612691790211849718e-02,3.867012042131161564e+00,3.654589292926148758e+00,3.283156735543928395e+00,-2.501956791258861585e+02,-2.364519272523218376e+02,-2.124202407896921727e+02
1.259987600000004022e+02,-3.037131393913889532e+00,9.218916785581007245e-01,0.000000000000000000e+00,-5.220554361885372877e-03,-9.168663384863204868e-01,-9.612691790211849718e-02,3.858411529074419200e+00,3.676095068571127999e+00,3.324774041529392044e+00,-2.496392259311149360e+02,-2.378433509365519853e+02,-2.151128804869516671e+02
1.261061954999986483e+02,-3.037131393913889532e+00,9.218916785581007245e-01,0.000000000000000000e+00,-2.755953434551172612e-03,-9.168663384863204868e-01,-9.612691790211849718e-02,3.849553081402127042e+00,3.696977011821398484e+00,3.365432328196983569e+00,-2.490660843667176323e+02,-2.391944126648444922e+02,-2.177434716343448429e+02
1.262145786000000953e+02,-3.037131393913889532e+00,9.218916785581007245e-01,0.000000000000000000e+00,-1.456879489318397983e-03,-9.168663384863204868e-01,-9.612691790211849718e-02,3.840438097965866326e+00,3.717226145434216367e+00,3.405096140916128888e+00,-2.484763449383915486e+02,-2.405045316095938119e+02,-2.203097203172735590e+02
1.263188558000001649e+02,-3.037131393913889532e+00,9.218916785581007245e-01,0.000000000000000000e+00,-7.659556122527760597e-04,-9.168663384863204868e-01,-9.612691790211849718e-02,3.831068018127184338e+00,3.736833764214601672e+00,3.443730892252355069e+00,-2.478701007728288346e+02,-2.417731445446847260e+02,-2.228093887287273844e+02
1.264263677999988431e+02,-3.037131393913889532e+00,9.218916785581007245e-01,0.000000000000000000e+00,-4.088803780749801519e-04,-9.168663384863204868e-01,-9.612691790211849718e-02,3.821444321530307775e+00,3.755791438757728251e+00,3.481302892127988713e+00,-2.472474476030109258e+02,-2.429997060876250146e+02,-2.252402971206808786e+02
1.265340118000003713e+02,-3.037131393913889532e+00,9.218916785581007245e-01,0.000000000000000000e+00,-2.161454561564725917e-04,-9.168663384863204868e-01,-9.612691790211849718e-02,3.811568527868492318e+00,3.774091019072755682e+00,3.517779377200440649e+00,-2.466084837530914626e+02,-2.441836889340073071e+02,-2.276003257048685100e+02
1.266435873999998876e+02,-3.037131393913889532e+00,9.218916785581007245e-01,0.000000000000000000e+00,-1.138956928303583169e-04,-9.168663384863204868e-01,-9.612691790211849718e-02,3.801442196644040372e+00,3.791724638086568788e+00,3.553128539432321986e+00,-2.459533101228694250e+02,-2.453245840842010068e+02,-2.298874165012712467e+02
1.267487310999986221e+02,-3.037665592844210227e+00,9.217304969531281422e-01,0.000000000000000000e+00,-7.598262897999663720e-04,-9.167572466179367829e-01,-9.562039419998200063e-02,3.791066926922041169e+00,3.808684715025847822e+00,3.587319553828515861e+00,-2.452820301718560643e+02,-2.464219010621723669e+02,-2.320995751327049845e+02
1.268553175999986706e+02,-3.037831214520117395e+00,9.217304510037392928e-01,0.000000000000000000e+00,-4.062884696083867743e-04,-9.167730251519746743e-01,-9.546855325840776507e-02,3.780444357077857642e+00,3.824963958676083742e+00,3.620322605316064646e+00,-2.445947499029373944e+02,-2.474751681263426235e+02,-2.342348725639493807e+02
1.269594624999990629e+02,-3.038040989513297596e+00,9.216295102772990022e-01,0.000000000000000000e+00,-6.596270501797028190e-04,-9.166926318765591386e-01,-9.526580119434815974e-02,3.769576164538407159e+00,3.840555370516118394e+00,3.652108914743306567e+00,-2.438915778456349415e+02,-2.484839324723928655e+02,-2.362914467838919563e+02
1.270696410999989894e+02,-3.041635470378257544e+00,9.190856090039589699e-01,0.000000000000000000e+00,-1.166578371094703810e-02,-9.144979370417414266e-01,-9.171630075715733743e-02,3.758464065517282293e+00,3.855452247726815607e+00,3.682650763975750863e+00,-2.431726250389681638e+02,-2.494477604279249761e+02,-2.382675044292310815e+02
1.271753322999993543e+02,-3.041813531771013768e+00,9.190339814210907177e-01,0.000000000000000000e+00,-6.290158321031412078e-03,-9.144628828792497055e-01,-9.154831971627515330e-02,3.747109814743731171e+00,3.869648186072658813e+00,3.711921520066724156e+00,-2.424380050139194225e+02,-2.503662376389010262e+02,-2.401613223483170714e+02
1.272829710999994859e+02,-3.041724162116954844e+00,9.188185031256718149e-01,0.000000000000000000e+00,-4.315166232343228478e-03,-9.142402929571024073e-01,-9.160856084346993833e-02,3.735515205185577337e+00,3.883137082654938510e+00,3.739895658481650287e+00,-2.416878337755068742e+02,-2.512389692477745200e+02,-2.419712491037627728e+02
1.273901346000002377e+02,-3.041745041314888987e+00,9.185243893953518590e-01,0.000000000000000000e+00,-3.560887141539469808e-03,-9.139495566132972426e-01,-9.156015443663986786e-02,3.723682067766075576e+00,3.895913138535435749e+00,3.766548785355849915e+00,-2.409222297844650882e+02,-2.520655800632426917e+02,-2.436957064125234922e+02
1.274963509999997768e+02,-3.041623865839524932e+00,9.181468681348848859e-01,0.000000000000000000e+00,-3.533844520990372766e-03,-9.135628186552703367e-01,-9.163322452328827306e-02,3.711612271074799185e+00,3.907970861229401738e+00,3.791857658766368822e+00,-2.401413139385395255e+02,-2.528457147215422935e+02,-2.453331905221840827e+02
1.276035701000000699e+02,-3.041717820703079944e+00,9.179986180984067712e-01,0.000000000000000000e+00,-2.538363382854389762e-03,-9.134239127549649284e-01,-9.153260860477449579e-02,3.699307721072565780e+00,3.919305067066799264e+00,3.815800208999242660e+00,-2.393452095533950228e+02,-2.535790378392219111e+02,-2.468822735222510119e+02
1.277107722000000649e+02,-3.041600302372088116e+00,9.177443659473407678e-01,0.000000000000000000e+00,-2.457124101202334907e-03,-9.131601675446658906e-01,-9.161457110025807149e-02,3.686770360790456280e+00,3.929910883420798307e+00,3.838355557794643325e+00,-2.385340423431425450e+02,-2.542652341573256649e+02,-2.483416045893134481e+02
1.278233369999998104e+02,-3.041663954165775063e+00,9.174356079175505219e-01,0.000000000000000000e+00,-2.655416523475621210e-03,-9.128587794038641734e-01,-9.152564416781024115e-02,3.674002170022999447e+00,3.939783750802525297e+00,3.859504036553016437e+00,-2.377079404004880701e+02,-2.549040086769234108e+02,-2.497099111649801841e+02
1.279305026000001817e+02,-3.041573812879675653e+00,9.172203675242356358e-01,0.000000000000000000e+00,-2.294934089872090448e-03,-9.126363607729104377e-01,-9.158643784137426858e-02,3.661005165015530416e+00,3.948919424821221824e+00,3.879227203486417697e+00,-2.368670341765048306e+02,-2.554950867859330685e+02,-2.509860000655712327e+02
1.280379546000003756e+02,-3.041502604001685928e+00,9.170727330558460233e-01,0.000000000000000000e+00,-1.864879574862789375e-03,-9.124829411084206532e-01,-9.163667333903800782e-02,3.647781398145803600e+00,3.957313978008921929e+00,3.897507859699992139e+00,-2.360114564600335143e+02,-2.560382143771772689e+02,-2.521687585225895134e+02
1.281512256999994861e+02,-3.043052850191840353e+00,9.161455942271334862e-01,0.000000000000000000e+00,-5.051158061419069520e-03,-9.117012628192874280e-01,-9.013077829190253853e-02,3.634332957599906155e+00,3.964963801508882391e+00,3.914330064189682989e+00,-2.351413423567139489e+02,-2.565331579576247236e+02,-2.532571551530724889e+02
1.282549767000000429e+02,-3.068517082564399701e+00,9.025365135933248739e-01,0.000000000000000000e+00,-5.962496793723091881e-02,-9.001277956397475410e-01,-6.589468784297178305e-02,3.620661967042495988e+00,3.971865606627059009e+00,3.929679147743037504e+00,-2.342568292676494934e+02,-2.569797047487707573e+02,-2.542502408589745357e+02
1.283583039999994071e+02,-3.121021627816646937e+00,8.771642552431984097e-01,0.000000000000000000e+00,-1.370307103775196544e-01,-8.769786682602086492e-01,-1.804289591240314933e-02,3.606770585281465102e+00,3.978016426245922332e+00,3.943541725730952408e+00,-2.333580568677108147e+02,-2.573776627781111870e+02,-2.551471496547926279e+02
1.284623835999991570e+02,-3.141187300973384389e+00,8.682865930731390458e-01,0.000000000000000000e+00,-1.096319250375025339e-01,-8.682865217387321088e-01,-3.519622326563936511e-04,3.592661005927024753e+00,3.983413616100036414e+00,3.955905709779282020e+00,-2.324451670834785091e+02,-2.577268609616723438e+02,-2.559470994227195604e+02
1.285734591000000364e+02,-3.140971018775450929e+00,8.682656045172671977e-01,0.000000000000000000e+00,-5.871493596034847717e-02,-8.682654367554022423e-01,-5.397440931016986472e-04,3.578335457045318080e+00,3.988054855912843699e+00,3.966760318310089239e+00,-2.315183040708321016e+02,-2.580271491775610002e+02,-2.566493925946627996e+02
1.286858622999989166e+02,-3.140964185996863112e+00,8.681048562507984734e-01,0.000000000000000000e+00,-3.119913609939183735e-02,-8.681046848124588378e-01,-5.455757335044123402e-04,3.563796200806582881e+00,3.991938150394159557e+00,3.976096085943323644e+00,-2.305776141921859335e+02,-2.582783983305021138e+02,-2.572534167605330708e+02
1.287903955000001588e+02,-3.141111079012719909e+00,8.680736011021562559e-01,0.000000000000000000e+00,-1.625679189855275611e-02,-8.680735004429158685e-01,-4.180421611609826506e-04,3.549045533127920926e+00,3.995061830097959010e+00,3.983904871750787002e+00,-2.296232459933764858e+02,-2.584805004073379564e+02,-2.577586452022759431e+02
1.289054782000002888e+02,-3.141222462721646735e+00,8.679344975435011600e-01,0.000000000000000000e+00,-9.299514138982977948e-03,-8.679344380720751539e-01,-3.213014178013346724e-04,3.534085783310756845e+00,3.997424552140074638e+00,3.990179866355136440e+00,-2.286553501802059714e+02,-2.586333685234628206e+02,-2.581646373531773406e+02
1.290208062000001519e+02,-3.141270818076999927e+00,8.679250210778730601e-01,0.000000000000000000e+00,-4.785810821171704137e-03,-8.679249761288623244e-01,-2.793290894026806068e-04,3.518919313673004812e+00,3.999025300775516101e+00,3.994915597867771062e+00,-2.276740795946434162e+02,-2.587369369601759104e+02,-2.584710391820448194e+02
1.291328866999992897e+02,-3.141359120726762377e+00,8.677424393308291739e-01,0.000000000000000000e+00,-3.218977959181099167e-03,-8.677424156685351608e-01,-2.026463743883374544e-04,3.503548519176033160e+00,3.999863387835136397e+00,3.998107936660389328e+00,-2.266795891906893416e+02,-2.587911611929333162e+02,-2.586775835019271881e+02
1.292400273000002926e+02,-3.141323293784050286e+00,8.676335044112983841e-01,0.000000000000000000e+00,-2.133937338724171788e-03,-8.676334729358521347e-01,-2.337055893782313723e-04,3.487975827046480681e+00,3.999938453021481877e+00,3.999754098966094240e+00,-2.256720360099073162e+02,-2.587960179104898657e+02,-2.587840902031063024e+02
1.293512589999991178e+02,-3.141469947618345859e+00,8.676015552158738986e-01,0.000000000000000000e+00,-1.265601249298715881e-03,-8.676015486842416635e-01,-1.064598913948640145e-04,3.472203696392955230e+00,3.999250464063687005e+00,3.999852649306877339e+00,-2.246515791566242228e+02,-2.587515050249205615e+02,-2.587904664101549770e+02
1.294587317999994411e+02,-3.141480133513010031e+00,8.674836614671137536e-01,0.000000000000000000e+00,-1.166453855422971411e-03,-8.674836559756091692e-01,-9.760932799048918607e-05,3.456234617817727894e+00,3.997799716731345043e+00,3.998403501745375177e+00,-2.236183797728070033e+02,-2.586576416725180252e+02,-2.586967065629257831e+02
1.295672333999991679e+02,-3.141534784134611513e+00,8.671909281785328272e-01,0.000000000000000000e+00,-1.906562280779110349e-03,-8.671909267264763521e-01,-5.018386652421643219e-05,3.440071113023422278e+00,3.995586834707357760e+00,3.995407919959811593e+00,-2.225726010126154222e+02,-2.585144682055660610e+02,-2.585028924213998494e+02
1.296808760999992955e+02,-3.141534784134611513e+00,8.671909281785328272e-01,0.000000000000000000e+00,-9.948051357619943930e-04,-8.671909267264763521e-01,-5.018386652421643219e-05,3.423715734414816581e+00,3.992612769319809018e+00,3.990868516142045408e+00,-2.215144080166386402e+02,-2.583220461749916694e+02,-2.582091929943903210e+02
1.297846929999996064e+02,-3.141583523424502200e+00,8.671821907354192449e-01,0.000000000000000000e+00,-5.512345307873740699e-04,-8.671821906992750462e-01,-7.917516738749156966e-06,3.407171064695796225e+00,3.988878799132987929e+00,3.984789248719708965e+00,-2.204439678858180116e+02,-2.580804583039043223e+02,-2.578158643921651674e+02
1.298886967999987974e+02,-3.141583523424502200e+00,8.671821907354192449e-01,0.000000000000000000e+00,-2.957728279961714907e-04,-8.671821906992750462e-01,-7.917516738749156966e-06,3.390439716461496111e+00,3.984386529397722754e+00,3.977175418904391968e+00,-2.193614496550588058e+02,-2.577898084520326734e+02,-2.573232496031141636e+02
1.299978488999986439e+02,3.141388200560875532e+00,8.671879746296624614e-01,0.000000000000000000e+00,-1.324054227676282414e-04,-8.671879565049824823e-01,1.772992068188303293e-04,3.373524331785760388e+00,3.979137891361283152e+00,3.968033666068914389e+00,-2.182670242665386979e+02,-2.574502215710750193e+02,-2.567317781946587729e+02
1.301194541999993817e+02,3.141388200560875532e+00,8.671879746296624614e-01,0.000000000000000000e+00,-6.925048284232871723e-05,-8.671879565049824823e-01,1.772992068188303293e-04,3.356427581803922422e+00,3.973135141437121653e+00,3.957371961957681705e+00,-2.171608645427137958e+02,-2.570618436509817570e+02,-2.560419659386620310e+02
1.302319351999994979e+02,3.141388200560875532e+00,8.671879746296624614e-01,0.000000000000000000e+00,-3.434244569039863359e-05,-8.671879565049824823e-01,1.772992068188303293e-04,3.339152166290989765e+00,3.966380860234835382e+00,3.945199603735221494e+00,-2.160431451590270342e+02,-2.566248416571938833e+02,-2.552544143616688359e+02
1.303438423999996303e+02,3.141388200560875532e+00,8.671879746296624614e-01,0.000000000000000000e+00,-1.773876731419096793e-05,-8.671879565049824823e-01,1.772992068188303293e-04,3.321700813235341165e+00,3.958877951450749499e+00,3.931527205878909470e+00,-2.149140426163265829e+02,-2.561394034588635122e+02,-2.543698102203654514e+02
1.304532480999987456e+02,3.141388200560875532e+00,8.671879746296624614e-01,0.000000000000000000e+00,-9.190011677000605632e-06,-8.671879565049824823e-01,1.772992068188303293e-04,3.304076278407920952e+00,3.950629640619601979e+00,3.916366690922979288e+00,-2.137737352129925057e+02,-2.556057377480882451e+02,-2.533889249027167807e+02
1.305671349999993254e+02,3.141388200560875532e+00,8.671879746296624614e-01,0.000000000000000000e+00,-4.806344825799936555e-06,-8.671879565049824823e-01,1.772992068188303293e-04,3.286281344927092896e+00,3.941639473727878595e+00,3.899731279061912304e+00,-2.126224030167829255e+02,-2.550240739501937526e+02,-2.523126137553057333e+02
1.306776165999999648e+02,3.141388200560875532e+00,8.671879746296624614e-01,0.000000000000000000e+00,-2.466028394116735180e-06,-8.671879565049824823e-01,1.772992068188303293e-04,3.268318822819137992e+00,3.931911315689366582e+00,3.881635476622224523e+00,-2.114602278363982464e+02,-2.543946621251020304e+02,-2.511418153374579276e+02
1.307946199999987584e+02,3.141388200560875532e+00,8.671879746296624614e-01,0.000000000000000000e+00,-1.277911487321213879e-06,-8.671879565049824823e-01,1.772992068188303293e-04,3.250191548574521860e+00,3.921449348683617941e+00,3.862095063412720020e+00,-2.102873931927715603e+02,-2.537177728598300916e+02,-2.498775506028029838e+02
1.309020110000001296e+02,3.141388200560875532e+00,8.671879746296624614e-01,0.000000000000000000e+00,-6.503581478878697389e-07,-8.671879565049824823e-01,1.772992068188303293e-04,3.231902384699990805e+00,3.910258070358014315e+00,3.841127078964287733e+00,-2.091040842900894177e+02,-2.529936971521635485e+02,-2.485209220089894302e+02
1.310104645999999775e+02,3.141388200560875532e+00,8.671879746296624614e-01,0.000000000000000000e+00,-3.379288477621251558e-07,-8.671879565049824823e-01,1.772992068188303293e-04,3.213454219266529854e+00,3.898342291894195455e+00,3.818749807671161456e+00,-2.079104879865444957e+02,-2.522227462855544502e+02,-2.470731125563241619e+02
1.311256075000001147e+02,3.141388200560875532e+00,8.671879746296624614e-01,0.000000000000000000e+00,-1.803082146941753279e-07,-8.671879565049824823e-01,1.772992068188303293e-04,3.194849965453325336e+00,3.885707135939727053e+00,3.794982762846665025e+00,-2.067067927648301691e+02,-2.514052516953003646e+02,-2.455353847561792406e+02
1.312389788999989833e+02,3.141388200560875532e+00,8.671879746296624614e-01,0.000000000000000000e+00,-9.172936814251654771e-08,-8.671879565049824823e-01,1.772992068188303293e-04,3.176092561087717758e+00,3.872358034405836591e+00,3.769846669707288989e+00,-2.054931887023753347e+02,-2.505415648260576518e+02,-2.439090795300616037e+02
1.313571171999992657e+02,3.141388200560875532e+00,8.671879746296624614e-01,0.000000000000000000e+00,-4.723144398151187518e-08,-8.671879565049824823e-01,1.772992068188303293e-04,3.157184968181296902e+00,3.858300726132211977e+00,3.743363447300032565e+00,-2.042698674413299216e+02,-2.496320569807541290e+02,-2.421956150403121057e+02
1.314778590999994776e+02,3.141388200560875532e+00,8.671879746296624614e-01,0.000000000000000000e+00,-2.380351186301303666e-08,-8.671879565049824823e-01,1.772992068188303293e-04,3.138130172462172407e+00,3.843541254419863051e+00,3.715556189388646402e+00,-2.030370221583025625e+02,-2.486771191609651623e+02,-2.403964854534454219e+02
1.315910411999993812e+02,3.141388200560875532e+00,8.671879746296624614e-01,0.000000000000000000e+00,-1.185203663780933154e-08,-8.671879565049824823e-01,1.772992068188303293e-04,3.118931182903472266e+00,3.828085964433054489e+00,3.686449144315510296e+00,-2.017948475338546643e+02,-2.476771618988186390e+02,-2.385132596372135367e+02
1.317054001999986212e+02,3.141388200560875532e+00,8.671879746296624614e-01,0.000000000000000000e+00,-6.109459944993817421e-09,-8.671879565049824823e-01,1.772992068188303293e-04,3.099591031248215778e+00,3.811941500471516253e+00,3.656067693856757561e+00,-2.005435397217595721e+02,-2.466326150805071222e+02,-2.365475797925322183e+02
1.318089953999988211e+02,3.141388200560875532e+00,8.671879746296624614e-01,0.000000000000000000e+00,-3.129406744861906051e-09,-8.671879565049824823e-01,1.772992068188303293e-04,3.080112771530544080e+00,3.795114803114004509e+00,3.624438331088968290e+00,-1.992832963180262027e+02,-2.455439277614761124e+02,-2.345011600214562577e+02
1.319127611999992951e+02,3.141388200560875532e+00,8.671879746296624614e-01,0.000000000000000000e+00,-1.681152610897683672e-09,-8.671879565049824823e-01,1.772992068188303293e-04,3.060499479593462802e+00,3.777613106234535945e+00,3.591588637286789343e+00,-1.980143163296970386e+02,-2.444115679733744741e+02,-2.323757848324552810e+02
1.320248730999992404e+02,3.141388200560875532e+00,8.671879746296624614e-01,0.000000000000000000e+00,-8.874261185806427401e-10,-8.671879565049824823e-01,1.772992068188303293e-04,3.040754252603139918e+00,3.759443933892502088e+00,3.557547257871700008e+00,-1.967368001434231530e+02,-2.432360225228449053e+02,-2.301733075842990104e+02
1.321294218000002729e+02,3.141388200560875532e+00,8.671879746296624614e-01,0.000000000000000000e+00,-4.663576373151411619e-10,-8.671879565049824823e-01,1.772992068188303293e-04,3.020880208559804547e+00,3.740615097098036301e+00,3.522343877432745796e+00,-1.954509494938193654e+02,-2.420177967822429537e+02,-2.278956488698986504e+02
1.322371642999987671e+02,3.141388200560875532e+00,8.671879746296624614e-01,0.000000000000000000e+00,-2.493252240531515655e-10,-8.671879565049824823e-01,1.772992068188303293e-04,3.000880485805404341e+00,3.721134690454042104e+00,3.486009193841153042e+00,-1.941569674316096723e+02,-2.407574144723765244e+02,-2.255447948415226165e+02
1.323445142999989912e+02,3.141388200560875532e+00,8.671879746296624614e-01,0.000000000000000000e+00,-1.311364928371638714e-10,-8.671879565049824823e-01,1.772992068188303293e-04,2.980758242528003699e+00,3.701011088676267491e+00,3.448574891481294369e+00,-1.928550582915618463e+02,-2.394554174373545266e+02,-2.231227954788397483e+02
1.324556326000001718e+02,3.141388200560875532e+00,8.671879746296624614e-01,0.000000000000000000e+00,-6.936380492207660010e-11,-8.671879565049824823e-01,1.772992068188303293e-04,2.960516656263077806e+00,3.680252942992983556e+00,3.410073613621483979e+00,-1.915454276602211507e+02,-2.381123654116460386e+02,-2.206317628013100318e+02
1.325633089000002656e+02,3.141388200560875532e+00,8.671879746296624614e-01,0.000000000000000000e+00,-3.594786649257016880e-11,-8.671879565049824823e-01,1.772992068188303293e-04,2.940158923391750889e+00,3.658869177425795094e+00,3.370538933948540095e+00,-1.902282823434462955e+02,-2.367288357794489571e+02,-2.180738690264705610e+02
1.326704616999995778e+02,3.141388200560875532e+00,8.671879746296624614e-01,0.000000000000000000e+00,-1.896262891577033138e-11,-8.671879565049824823e-01,1.772992068188303293e-04,2.919688258636032430e+00,3.636868984953135708e+00,3.330005327290990635e+00,-1.889038303337513014e+02,-2.353054233264678885e+02,-2.154513446757271140e+02
1.327806731999990006e+02,3.141388200560875532e+00,8.671879746296624614e-01,0.000000000000000000e+00,-1.002554710521729285e-11,-8.671879565049824823e-01,1.772992068188303293e-04,2.899107894551192999e+00,3.614261823558195363e+00,3.288508139556614474e+00,-1.875722807774621970e+02,-2.338427399842152568e+02,-2.127664766293129617e+02
1.328883435999996436e+02,3.141388200560875532e+00,8.671879746296624614e-01,0.000000000000000000e+00,-5.222459659998286901e-12,-8.671879565049824823e-01,1.772992068188303293e-04,2.878421081015301031e+00,3.591057412162863116e+00,3.246083556910161150e+00,-1.862338439416899973e+02,-2.323414145669372601e+02,-2.100216061320874417e+02
1.329965292999986559e+02,3.141388200560875532e+00,8.671879746296624614e-01,0.000000000000000000e+00,-2.742203166148971539e-12,-8.671879565049824823e-01,1.772992068188303293e-04,2.857631084716016012e+00,3.567265726449530217e+00,3.202768574218531228e+00,-1.848887311811262464e+02,-2.308020925012846192e+02,-2.072191267519389726e+02
1.331035787000000710e+02,3.141388200560875532e+00,8.671879746296624614e-01,0.000000000000000000e+00,-1.446986371689860280e-12,-8.671879565049824823e-01,1.772992068188303293e-04,2.836741188634764654e+00,3.542896994572509062e+00,3.158600962790768296e+00,-1.835371549046692792e+02,-2.292254355488413466e+02,-2.043614822925627266e+02
1.332176794999995764e+02,3.141388200560875532e+00,8.671879746296624614e-01,0.000000000000000000e+00,-7.656255604380306881e-13,-8.671879565049824823e-01,1.772992068188303293e-04,2.815754691528296938e+00,3.517961692760877224e+00,3.113619237440778953e+00,-1.821793285418808068e+02,-2.276121215216287794e+02,-2.014511646624184209e+02
1.333303268999989086e+02,3.141388200560875532e+00,8.671879746296624614e-01,0.000000000000000000e+00,-3.906839217464495488e-13,-8.671879565049824823e-01,1.772992068188303293e-04,2.794674907407793896e+00,3.492470540814729851e+00,3.067862622901958325e+00,-1.808154665092842777e+02,-2.259628439907130257e+02,-1.984907117017567089e+02
1.334405564999997296e+02,3.141388200560875532e+00,8.671879746296624614e-01,0.000000000000000000e+00,-2.018666266924051948e-13,-8.671879565049824823e-01,1.772992068188303293e-04,2.773505165015529794e+00,3.466434497496654998e+00,3.021371019622596243e+00,-1.794457841765047874e+02,-2.242783119880335789e+02,-1.954827049695819881e+02
1.335542411999995238e+02,3.141388200560875532e+00,8.671879746296624614e-01,0.000000000000000000e+00,-1.052781422781512576e-13,-8.671879565049824823e-01,1.772992068188303293e-04,2.752248807299233491e+00,3.439864755820548403e+00,2.974184968972061416e+00,-1.780704978322604006e+02,-2.225592497015894935e+02,-1.924297674924923740e+02
1.336628349000002345e+02,3.141388200560875532e+00,8.671879746296624614e-01,0.000000000000000000e+00,-5.414894683516076928e-14,-8.671879565049824823e-01,1.772992068188303293e-04,2.730909190884205362e+00,3.412772738239646664e+00,2.926345617888189476e+00,-1.766898246502080951e+02,-2.208063961641051378e+02,-1.893345614773658667e+02
1.337671640999997180e+02,-3.141534784134611513e+00,8.671909281785328272e-01,0.000000000000000000e+00,1.306433452940821716e-05,-8.671909267264763521e-01,-5.018386652421643219e-05,2.709489685543248427e+00,3.385170091735996145e+00,2.877894682996497977e+00,-1.753039826546481947e+02,-2.190205049353189679e+02,-1.861997859898734191e+02
1.338740854999996372e+02,-3.141583523424502200e+00,8.671821907354192449e-01,0.000000000000000000e+00,-3.197107028345685936e-05,-8.671821906992750462e-01,-7.917516738749156966e-06,2.687993673664564209e+00,3.357068682813349358e+00,2.828874414232689816e+00,-1.739131906860973231e+02,-2.172023437780237032e+02,-1.830281746008550385e+02
1.339800889999987703e+02,-3.141583523424502200e+00,8.671821907354192449e-01,0.000000000000000000e+00,-1.690423822883049807e-05,-8.671821906992750462e-01,-7.917516738749156966e-06,2.666424549717615999e+00,3.328480592395689719e+00,2.779327558000036280e+00,-1.725176683667297652e+02,-2.153526943280011210e+02,-1.798224930026023571e+02
1.340889826999991783e+02,-3.141583523424502200e+00,8.671821907354192449e-01,0.000000000000000000e+00,-8.943398633430390374e-06,-8.671821906992750462e-01,-7.917516738749156966e-06,2.644785719717108297e+00,3.299418110633596246e+00,2.729297319893946305e+00,-1.711176360656969280e+02,-2.134723517579936924e+02,-1.765855365971383435e+02
1.341958541999993031e+02,-3.141583523424502200e+00,8.671821907354192449e-01,0.000000000000000000e+00,-4.705739258736592984e-06,-8.671821906992750462e-01,-7.917516738749156966e-06,2.623080600685149921e+00,3.269893731620669097e+00,2.678827327026011229e+00,-1.697133148643292202e+02,-2.115621244358572994e+02,-1.733201280585829238e+02
1.343053370999987237e+02,-3.141583523424502200e+00,8.671821907354192449e-01,0.000000000000000000e+00,-2.483759621836512589e-06,-8.671821906992750462e-01,-7.917516738749156966e-06,2.601312620111643437e+00,3.239920148022224389e+00,2.627961589980476909e+00,-1.683049265212233365e+02,-2.096228335770379374e+02,-1.700291148717368515e+02
1.344177350999998453e+02,-3.141583523424502200e+00,8.671821907354192449e-01,0.000000000000000000e+00,-1.300680883933551537e-06,-8.671821906992750462e-01,-7.917516738749156966e-06,2.579485215413070520e+00,3.209510245618700797e+00,2.576744464436434345e+00,-1.668926934372256596e+02,-2.076553128915299453e+02,-1.667153668490373093e+02
1.345270781999988685e+02,-3.141583523424502200e+00,8.671821907354192449e-01,0.000000000000000000e+00,-6.716221902761443657e-07,-8.671821906992750462e-01,-7.917516738749156966e-06,2.557601833389660406e+00,3.178677097765967297e+00,2.525220612488968897e+00,-1.654768386203110424e+02,-2.056604082254580987e+02,-1.633817736280362851e+02
1.346343041999989509e+02,-3.141583523424502200e+00,8.671821907354192449e-01,0.000000000000000000e+00,-3.516608910753578378e-07,-8.671821906992750462e-01,-7.917516738749156966e-06,2.535665929681112374e+00,3.147433959775044698e+00,2.473434963703115663e+00,-1.640575856503679688e+02,-2.036389771974453993e+02,-1.600312421515915844e+02
1.347459266999994725e+02,-3.141583523424502200e+00,8.671821907354192449e-01,0.000000000000000000e+00,-1.853422890377271741e-07,-8.671821906992750462e-01,-7.917516738749156966e-06,2.513680968220917133e+00,3.115794263213601312e+00,2.421432675934680478e+00,-1.626351586438933339e+02,-2.015918888299200091e+02,-1.566666941329738449e+02
1.348623714999994263e+02,-3.141583523424502200e+00,8.671821907354192449e-01,0.000000000000000000e+00,-9.588815206711151913e-08,-8.671821906992750462e-01,-7.917516738749156966e-06,2.491650420689341061e+00,3.083771610131623486e+00,2.369259095951873118e+00,-1.612097822186003668e+02,-1.995200231755160587e+02,-1.532910635080862107e+02
1.349900593999991543e+02,-3.141583523424502200e+00,8.671821907354192449e-01,0.000000000000000000e+00,-4.855317562176986621e-08,-8.671821906992750462e-01,-7.917516738749156966e-06,2.469577765965230931e+00,3.051379767213876271e+00,2.316959719892273117e+00,-1.597816814579504410e+02,-1.974242709387378056e+02,-1.499072938770300709e+02
1.351088452999993024e+02,-3.141583523424502200e+00,8.671821907354192449e-01,0.000000000000000000e+00,-2.345476225980543710e-08,-8.671821906992750462e-01,-7.917516738749156966e-06,2.447466489576640036e+00,3.018632659861504308e+00,2.264580153589472289e+00,-1.583510818756086280e+02,-1.953055330930393438e+02,-1.465183359372388736e+02
1.352238551999998890e+02,-3.141583523424502200e+00,8.671821907354192449e-01,0.000000000000000000e+00,-1.176596860438903773e-08,-8.671821906992750462e-01,-7.917516738749156966e-06,2.425320083150428019e+00,2.985544366205454381e+00,2.212166072804183425e+00,-1.569182093798326889e+02,-1.931647204934928936e+02,-1.431271449104306726e+02
1.353335795999992115e+02,-3.141583523424502200e+00,8.671821907354192449e-01,0.000000000000000000e+00,-6.065158932170254502e-09,-8.671821906992750462e-01,-7.917516738749156966e-06,2.403142043860905908e+00,2.952129111054233590e+00,2.159763183394262764e+00,-1.554832902378006168e+02,-1.910027534852089275e+02,-1.397366779656088056e+02
1.354425666999995883e+02,-3.141583523424502200e+00,8.671821907354192449e-01,0.000000000000000000e+00,-3.167297840313480262e-09,-8.671821906992750462e-01,-7.917516738749156966e-06,2.380935873877563669e+00,2.918401259778582890e+00,2.107417181458481892e+00,-1.540465510398783806e+02,-1.888205615076743129e+02,-1.363498916403637793e+02
1.355498522999987472e+02,-3.141583523424502200e+00,8.671821907354192449e-01,0.000000000000000000e+00,-1.659581697756038181e-09,-8.671821906992750462e-01,-7.917516738749156966e-06,2.358705079812076555e+00,2.884375312135751379e+00,2.055173713488928300e+00,-1.526082186638413702e+02,-1.866190826951831241e+02,-1.329697392627336683e+02
1.356578007999996771e+02,-3.141583523424502200e+00,8.671821907354192449e-01,0.000000000000000000e+00,-8.750145157686118955e-10,-8.671821906992750462e-01,-7.917516738749156966e-06,2.336453172164528524e+00,2.850065896035963942e+00,2.003078336566544326e+00,-1.511685202390449945e+02,-1.843992634735268723e+02,-1.295991683758554132e+02
1.357650228999991668e+02,-3.141583523424502200e+00,8.671821907354192449e-01,0.000000000000000000e+00,-4.617172072645240683e-10,-8.671821906992750462e-01,-7.917516738749156966e-06,2.314183664769086768e+00,2.815487761253830268e+00,1.951176478634641054e+00,-1.497276831105599229e+02,-1.821620581531228140e+02,-1.262411181676612841e+02
1.358725008000001253e+02,-3.141583523424502200e+00,8.671821907354192449e-01,0.000000000000000000e+00,-2.432855269805861263e-10,-8.671821906992750462e-01,-7.917516738749156966e-06,2.291900074239130891e+00,2.780655773087365557e+00,1.899513398885128712e+00,-1.482859348032717719e+02,-1.799084285187525722e+02,-1.228985169078678297e+02
1.359823073999996268e+02,-3.141583523424502200e+00,8.671821907354192449e-01,0.000000000000000000e+00,-1.285352521622147213e-10,-8.671821906992750462e-01,-7.917516738749156966e-06,2.269605919411919359e+00,2.745584905967290545e+00,1.848134148291779910e+00,-1.468435029859511758e+02,-1.776393434160837046e+02,-1.195742793944781681e+02
1.360903392999989592e+02,-3.141583523424502200e+00,8.671821907354192449e-01,0.000000000000000000e+00,-6.709591457704882058e-11,-8.671821906992750462e-01,-7.917516738749156966e-06,2.247304720792947297e+00,2.710290237019502335e+00,1.797083530325134682e+00,-1.454006154353037061e+02,-1.753557783351618014e+02,-1.162713044120362156e+02
1.362062709999991057e+02,-3.141583523424502200e+00,8.671821907354192449e-01,0.000000000000000000e+00,-3.534357277703805288e-11,-8.671821906992750462e-01,-7.917516738749156966e-06,2.224999999999997868e+00,2.674786939583307266e+00,1.746406061883158722e+00,-1.439574999999998681e+02,-1.730587149910399773e+02,-1.129924722038403786e+02
1.363197534999999334e+02,-3.141583523424502200e+00,8.671821907354192449e-01,0.000000000000000000e+00,-1.792759827616211796e-11,-8.671821906992750462e-01,-7.917516738749156966e-06,2.202695279207045331e+00,2.639090276688351722e+00,1.696145934471920746e+00,-1.425143845646958312e+02,-1.707491409017363537e+02,-1.097406419603332779e+02
1.364384601000001567e+02,-3.141583523424502200e+00,8.671821907354192449e-01,0.000000000000000000e+00,-9.202791806831623728e-12,-8.671821906992750462e-01,-7.917516738749156966e-06,2.180394080588073713e+00,2.603215594492993556e+00,1.646346975669904289e+00,-1.410714970140483615e+02,-1.684280489636966820e+02,-1.065186493258428158e+02
1.365574520999998640e+02,-3.141583523424502200e+00,8.671821907354192449e-01,0.000000000000000000e+00,-4.628418151394619167e-12,-8.671821906992750462e-01,-7.917516738749156966e-06,2.158099925760862181e+00,2.567178315686876378e+00,1.597052610909672321e+00,-1.396290651967277938e+02,-1.660964370249409114e+02,-1.033293039258557968e+02
1.366653155000003608e+02,-3.141583523424502200e+00,8.671821907354192449e-01,0.000000000000000000e+00,-2.326054508277648030e-12,-8.671821906992750462e-01,-7.917516738749156966e-06,2.135816335230906304e+00,2.530993932860693185e+00,1.548305825610315267e+00,-1.381873168894396429e+02,-1.637553074560868538e+02,-1.001753869169874065e+02
1.367731523999991623e+02,-3.141583523424502200e+00,8.671821907354192449e-01,0.000000000000000000e+00,-1.227119716958458226e-12,-8.671821906992750462e-01,-7.917516738749156966e-06,2.113546827835467212e+00,2.494678001845808346e+00,1.500149127693491735e+00,-1.367464797609547418e+02,-1.614056667194238059e+02,-9.705964856176892397e+01
1.368845036999991862e+02,3.141388200560875532e+00,8.671879746296624614e-01,0.000000000000000000e+00,2.545863904962623788e-05,-8.671879565049824823e-01,1.772992068188303293e-04,2.091294920187916517e+00,2.458246135026754153e+00,1.452624510515852840e+00,-1.353067813361581955e+02,-1.590485249362309901e+02,-9.398480583037567726e+01
1.369970859999993991e+02,3.141388200560875532e+00,8.671879746296624614e-01,0.000000000000000000e+00,1.321212354958366994e-05,-8.671879565049824823e-01,1.772992068188303293e-04,2.069064126122428959e+00,2.421713994629405065e+00,1.405773416250280849e+00,-1.338684489601211567e+02,-1.566848954525225111e+02,-9.095354003139317456e+01
1.371132318999989366e+02,3.141300195081889512e+00,8.672882869165257080e-01,0.000000000000000000e+00,4.372953221921916343e-04,-8.672882498260843231e-01,2.536458346981806250e-04,2.046857956139090273e+00,2.385097285987706428e+00,1.359636699747652111e+00,-1.324317097621991479e+02,-1.543157944034046238e+02,-8.796849447367308983e+01
1.372168786999991426e+02,3.141300195081889512e+00,8.672882869165257080e-01,0.000000000000000000e+00,2.223778644574996445e-04,-8.672882498260843231e-01,2.536458346981806250e-04,2.024679916849567718e+00,2.348411750791857600e+00,1.314254592910821362e+00,-1.309967906201670473e+02,-1.519422402762332069e+02,-8.503227216133014110e+01
1.373263334999992367e+02,3.141300195081889512e+00,8.672882869165257080e-01,0.000000000000000000e+00,1.193331192878569402e-04,-8.672882498260843231e-01,2.536458346981806250e-04,2.002533510423359253e+00,2.311673160320933729e+00,1.269666669611761556e+00,-1.295639181243913356e+02,-1.495652534727644252e+02,-8.214743352388097719e+01
1.374375364999996236e+02,3.141300195081889512e+00,8.672882869165257080e-01,0.000000000000000000e+00,6.225455950047680952e-05,-8.672882498260843231e-01,2.536458346981806250e-04,1.980422234034765028e+00,2.274897308662689355e+00,1.225911811182622824e+00,-1.281333185420492953e+02,-1.471858558704760185e+02,-7.931649418351570091e+01
1.375479924999999639e+02,3.141300195081889512e+00,8.672882869165257080e-01,0.000000000000000000e+00,3.241487981349231568e-05,-8.672882498260843231e-01,2.536458346981806250e-04,1.958349579310655120e+00,2.238100005923659985e+00,1.183028172510601994e+00,-1.267052177813993978e+02,-1.448050703832608122e+02,-7.654192276143595564e+01
1.376556117999989510e+02,3.141300195081889512e+00,8.672882869165257080e-01,0.000000000000000000e+00,1.689450419552902444e-05,-8.672882498260843231e-01,2.536458346981806250e-04,1.936319031779078825e+00,2.201297071432271490e+00,1.141053148766280501e+00,-1.252798413561064024e+02,-1.424239205216679807e+02,-7.382613872517835318e+01
1.377641535000002477e+02,3.141300195081889512e+00,8.672882869165257080e-01,0.000000000000000000e+00,8.899983113763073732e-06,-8.672882498260843231e-01,2.536458346981806250e-04,1.914334070318883585e+00,2.164504326938092138e+00,1.100023342794543169e+00,-1.238574143496317674e+02,-1.400434299528945701e+02,-7.117151027880694869e+01
1.378753605000001698e+02,3.141300195081889512e+00,8.672882869165257080e-01,0.000000000000000000e+00,4.677661119691981245e-06,-8.672882498260843231e-01,2.536458346981806250e-04,1.892398166610338661e+00,2.127737589809945540e+00,1.059974533196320623e+00,-1.224381613796889212e+02,-1.376646220607034934e+02,-6.858035229780195152e+01
1.379823598000002676e+02,3.141300195081889512e+00,8.672882869165257080e-01,0.000000000000000000e+00,2.427268072062587526e-06,-8.672882498260843231e-01,2.536458346981806250e-04,1.870514784586925661e+00,2.091012666235968265e+00,1.020941643129090082e+00,-1.210223065627740908e+02,-1.352885195054671499e+02,-6.605492431045213664e+01
1.380917462999987038e+02,3.141300195081889512e+00,8.672882869165257080e-01,0.000000000000000000e+00,1.284061038829233217e-06,-8.672882498260843231e-01,2.536458346981806250e-04,1.848687379888352522e+00,2.054345344428479603e+00,9.829587098534195988e-01,-1.196100734787764139e+02,-1.329161437845226317e+02,-6.359742852751625009e+01
1.381990372999989631e+02,3.141300195081889512e+00,8.672882869165257080e-01,0.000000000000000000e+00,6.704182634125304987e-07,-8.672882498260843231e-01,2.536458346981806250e-04,1.826919399314843151e+00,2.017751387836510091e+00,9.460588550519319906e-01,-1.182016851356703597e+02,-1.305485147930222070e+02,-6.121000792186000439e+01
1.383065222999994148e+02,3.141300195081889512e+00,8.672882869165257080e-01,0.000000000000000000e+00,3.544529744454779097e-07,-8.672882498260843231e-01,2.536458346981806250e-04,1.805214280282884776e+00,1.981246528369075444e+00,9.102742559467245087e-01,-1.167973639343026520e+02,-1.281866503854791972e+02,-5.889474435975307642e+01
1.384138998999987962e+02,3.141300195081889512e+00,8.672882869165257080e-01,0.000000000000000000e+00,1.868757380945226444e-07,-8.672882498260843231e-01,2.536458346981806250e-04,1.783575450282380181e+00,1.944846459631910829e+00,8.756361172403173132e-01,-1.153973316332699994e+02,-1.258315659381846388e+02,-5.665365678544853267e+01
1.385241808999999193e+02,3.141300195081889512e+00,8.672882869165257080e-01,0.000000000000000000e+00,9.833620003833652471e-08,-8.672882498260843231e-01,2.536458346981806250e-04,1.762006326335428863e+00,1.908566830180738583e+00,8.421746439047406163e-01,-1.140018093139022568e+02,-1.234842739126937943e+02,-5.448869946063671676e+01
1.386289815000000090e+02,3.141300195081889512e+00,8.672882869165257080e-01,0.000000000000000000e+00,5.133030350354616913e-08,-8.672882498260843231e-01,2.536458346981806250e-04,1.740510314456744867e+00,1.872423236793900880e+00,8.099190148423236479e-01,-1.126110173453513994e+02,-1.211457834205653938e+02,-5.240176026029833878e+01
1.387473823999989690e+02,-3.138253664820271904e+00,8.684351151120959234e-01,0.000000000000000000e+00,5.139458947291493905e-03,-8.684302740919126462e-01,-2.899689708377911450e-03,1.719090809115787932e+00,1.836431217767189983e+00,7.788973574412274559e-01,-1.112251753497914848e+02,-1.188170997895371954e+02,-5.039465902644742101e+01
1.388602960999996867e+02,-3.117781438936030103e+00,8.761823301794727792e-01,0.000000000000000000e+00,3.582959706513533238e-02,-8.759339556395727699e-01,-2.086099413598522731e-02,1.697751192700760026e+00,1.800606246233907415e+00,7.491367230480285855e-01,-1.098445021677391793e+02,-1.164992241313338184e+02,-4.846914598120745410e+01
1.389749252999990858e+02,-3.085131857034973724e+00,8.896244163942116367e-01,0.000000000000000000e+00,7.976732941664672893e-02,-8.882068111017072942e-01,-5.020222064090085201e-02,1.676494834984466387e+00,1.764963723512874116e+00,7.206630633784434359e-01,-1.084692158234949773e+02,-1.141931529112829651e+02,-4.662690020058528972e+01
1.390915294999995240e+02,-3.062984377552148363e+00,8.977037916130697903e-01,0.000000000000000000e+00,7.802396531155937620e-02,-8.949316464960619388e-01,-7.049429463672554630e-02,1.655325092592202729e+00,1.729518972487315676e+00,6.935012078870947949e-01,-1.070995334907155154e+02,-1.118998775199293334e+02,-4.486952815029503228e+01
1.392016370999990613e+02,-3.043993828913582611e+00,9.063548794452956914e-01,0.000000000000000000e+00,7.849411280992378559e-02,-9.020415494136412304e-01,-8.831880108863457424e-02,1.634245308471699687e+00,1.694287231017527651e+00,6.676748421158951174e-01,-1.057356714581189721e+02,-1.096203838468340450e+02,-4.319856228489841499e+01
1.393113943999996991e+02,-3.035794520205197244e+00,9.097225109222945028e-01,0.000000000000000000e+00,5.626991147753680061e-02,-9.046358847473390252e-01,-9.606749141183784646e-02,1.613258811365228418e+00,1.659283645389999950e+00,6.432064870398159773e-01,-1.043778450953302865e+02,-1.073556518567330045e+02,-4.161545971147609890e+01
1.394243573000003380e+02,-3.029730810941781094e+00,9.120058131247400501e-01,0.000000000000000000e+00,3.978973815081378318e-02,-9.063057634768764137e-01,-1.018060227192600781e-01,1.592368915283977504e+00,1.624523263806009421e+00,6.201174794283346170e-01,-1.030262688188733478e+02,-1.051066551682488210e+02,-4.012160091901325387e+01
1.395289284999998927e+02,-3.021415933773315299e+00,9.160229278321868618e-01,0.000000000000000000e+00,3.824137065848257078e-02,-9.094160802505213415e-01,-1.098198401748479852e-01,1.571578918984695594e+00,1.590021029912285222e+00,5.984279532394276568e-01,-1.016811560583098100e+02,-1.028743606353248623e+02,-3.871828857459097151e+01
1.396330369999996037e+02,-3.006091148500952048e+00,9.233802042631795715e-01,0.000000000000000000e+00,5.427886279543459730e-02,-9.149162324890850462e-01,-1.247368796831543752e-01,1.550892105448803182e+00,1.555791776376692859e+00,5.781568220624495602e-01,-1.003427192225375677e+02,-1.006597279315720357e+02,-3.740674638744048508e+01
1.397368496999988565e+02,-2.984324144692482861e+00,9.345813165198486594e-01,0.000000000000000000e+00,8.130563867637517761e-02,-9.230474393592772442e-01,-1.463750726054645901e-01,1.530311741363961309e+00,1.521850218511583641e+00,5.593217626252102725e-01,-9.901116966624830695e+01,-9.846370913769946753e+01,-3.618811804185110503e+01
1.398400595999992220e+02,-2.958726262655919648e+00,9.498189761287987309e-01,0.000000000000000000e+00,1.151501188103765394e-01,-9.339821533030061573e-01,-1.727235500035809723e-01,1.509841076608245736e+00,1.488210947947661289e+00,5.419391993796305318e-01,-9.768671765655349759e+01,-9.628724833221369295e+01,-3.506346619986209845e+01
1.399436828999987483e+02,-2.934146827877497365e+00,9.655043540664257629e-01,0.000000000000000000e+00,1.358307948545373345e-01,-9.448041017816857234e-01,-1.988563978797970866e-01,1.489483343736918819e+00,1.454888426360904319e+00,5.260242901793383830e-01,-9.636957233977865656e+01,-9.413128118555052026e+01,-3.403377157460319324e+01
1.400546505000002071e+02,-2.909528014940393703e+00,9.816808213917216364e-01,0.000000000000000000e+00,1.489990900739525392e-01,-9.553655209862604858e-01,-2.257741269476560009e-01,1.469241757471995591e+00,1.421896979255471427e+00,5.115909130618037093e-01,-9.505994170843811730e+01,-9.199673455782900078e+01,-3.309993207509869961e+01
1.401602667999995901e+02,-2.899020719157531900e+00,9.890989793110707140e-01,0.000000000000000000e+00,1.107872619451404639e-01,-9.601415313857891709e-01,-2.375816293031800253e-01,1.449119514194594727e+00,1.389250789805089870e+00,4.986516541465051411e-01,-9.375803256839027711e+01,-8.988452610038932278e+01,-3.226276202327888143e+01
1.402668768999992608e+02,-2.893561500798636832e+00,9.924155227321354023e-01,0.000000000000000000e+00,7.425553797041159476e-02,-9.620452696699053341e-01,-2.436338828354064345e-01,1.429119791440188969e+00,1.356963892755634671e+00,4.872177966596142884e-01,-9.246405050618022869e+01,-8.779556386128956547e+01,-3.152299144387704644e+01
1.403716096999996807e+02,-2.893104798442514447e+00,9.923189893160981878e-01,0.000000000000000000e+00,3.891655537359663825e-02,-9.618403327420380622e-01,-2.440494844657699613e-01,1.409245747396856707e+00,1.325050168391569194e+00,4.772993110948928752e-01,-9.117819985657664006e+01,-8.573074589493452891e+01,-3.088126542783956907e+01
1.404809735999988334e+02,-2.892966770200495752e+00,9.917663647252574766e-01,0.000000000000000000e+00,1.830680135919030699e-02,-9.612710056621088794e-01,-2.440462576515164683e-01,1.389500520406533379e+00,1.293523336568678239e+00,4.689048465192335868e-01,-8.990068367030271190e+01,-8.369095987599348518e+01,-3.033814356979441484e+01
1.405914118999990023e+02,-2.892956616973389572e+00,9.913787059422608516e-01,0.000000000000000000e+00,7.893424644225400036e-03,-9.608927898792483102e-01,-2.439606217278240952e-01,1.369887228469455431e+00,1.262396950815904084e+00,4.620417230305760015e-01,-8.863170368197377513e+01,-8.167708271778899132e+01,-2.989409948007826756e+01
1.407000773999989178e+02,-2.892992230574488843e+00,9.911946402538099887e-01,0.000000000000000000e+00,3.290698816377174950e-03,-9.607230704941411847e-01,-2.438811117905387016e-01,1.350408968751783734e+00,1.231684392508578529e+00,4.567159253746537750e-01,-8.737146027824040573e+01,-7.968998019530503996e+01,-2.954952037174010115e+01
1.408127137999999832e+02,-2.892891506125483403e+00,9.906726775114579331e-01,0.000000000000000000e+00,-5.572360117956280754e-04,-9.601925973438476536e-01,-2.438494001915869624e-01,1.331068817096521695e+00,1.201398865115720360e+00,4.529320977262198955e-01,-8.612015246614495823e+01,-7.773050657298711030e+01,-2.930470672288642930e+01
1.409214610999988508e+02,-2.890560418314344737e+00,9.922214098679599248e-01,0.000000000000000000e+00,6.391994261841565592e-03,-9.611217443711097541e-01,-2.464717401597946722e-01,1.311869827537824218e+00,1.171553388523840722e+00,4.506935396392486304e-01,-8.487797784169723059e+01,-7.579950423749249921e+01,-2.915987201465938838e+01
1.410276631999986421e+02,-2.886767340088408407e+00,9.950194926315389932e-01,0.000000000000000000e+00,1.566232143173510241e-02,-9.628876712300277196e-01,-2.508208988699692776e-01,1.292815031818699500e+00,1.142160793439569888e+00,4.500022031696797598e-01,-8.364513255866985730e+01,-7.389780333554017488e+01,-2.911514254507828170e+01
1.411342702999991161e+02,-2.878437706395923890e+00,1.001428689150043239e+00,0.000000000000000000e+00,3.695228986647119962e-02,-9.669535995763980374e-01,-2.604998190383649992e-01,1.273907438912281531e+00,1.113233715873721996e+00,4.508586911731944369e-01,-8.242181129762461467e+01,-7.202622141702981651e+01,-2.917055731890568282e+01
1.412418660999992426e+02,-2.873592407175394658e+00,1.004806095076251404e+00,0.000000000000000000e+00,3.460618847390408565e-02,-9.689368949447734192e-01,-2.660762716161775843e-01,1.255150034546673954e+00,1.084784591709004209e+00,4.532622567795170365e-01,-8.120820723516980877e+01,-7.018556308357257478e+01,-2.932606801363475313e+01
1.413498177000001306e+02,-2.872453830731728885e+00,1.005212114891206987e+00,0.000000000000000000e+00,2.006934234608394318e-02,-9.690247219913464827e-01,-2.672872688581458545e-01,1.236545780733464106e+00,1.056825651353765272e+00,4.572108040437001808e-01,-8.000451201345512686e+01,-6.837661964258862213e+01,-2.958153902162740323e+01
1.414631929999995918e+02,-2.872342286398002820e+00,1.005001548417911339e+00,0.000000000000000000e+00,9.634598358592452033e-03,-9.687919216981315529e-01,-2.673393438587755577e-01,1.218097615300006042e+00,1.029368914484125375e+00,4.627008897738109638e-01,-7.881091570991038964e+01,-6.660016876712290923e+01,-2.993674756836557194e+01
1.415689249999995809e+02,-2.872342286398002820e+00,1.005001548417911339e+00,0.000000000000000000e+00,4.963204998202855149e-03,-9.687919216981315529e-01,-2.673393438587755577e-01,1.199808451425474987e+00,1.002426184876603399e+00,4.697277265334580676e-01,-7.762760680722823281e+01,-6.485697416151624850e+01,-3.039138390671473999e+01
1.416794202999990375e+02,-2.872217977525078680e+00,1.004740989183996458e+00,0.000000000000000000e+00,1.481417823415431823e-03,-9.685075187435442379e-01,-2.673904289305416571e-01,1.181681177180861297e+00,9.760090453336609517e-01,4.782851868164945675e-01,-7.645477216360173145e+01,-6.314778523308786617e+01,-3.094505158702720138e+01
1.417895699999990029e+02,-2.872162343901199399e+00,1.004636342203703014e+00,0.000000000000000000e+00,3.168681348012076203e-04,-9.683917697469934804e-01,-2.674164549213864928e-01,1.163718655072906172e+00,9.501288527041900078e-01,4.883658083903084091e-01,-7.529259698321703809e+01,-6.147333676996109375e+01,-3.159726780285295433e+01
1.419000285000001895e+02,-2.872106379108823049e+00,1.004530430651175310e+00,0.000000000000000000e+00,-2.955806817950659194e-04,-9.682747133529335803e-01,-2.674424528483280161e-01,1.145923721592073674e+00,9.247967330011455100e-01,4.999608008029865491e-01,-7.414126478700717371e+01,-5.983434862517411545e+01,-3.234746381195323295e+01
1.420059793999989779e+02,-2.872106379108823049e+00,1.004530430651175310e+00,0.000000000000000000e+00,-1.540117080137046711e-04,-9.682747133529335803e-01,-2.674424528483280161e-01,1.128299186764655904e+00,9.000235766184547792e-01,5.130600530487268163e-01,-7.300095738367323861e+01,-5.823152540721402914e+01,-3.319498543225262921e+01
1.421101995999997598e+02,-2.872106379108823049e+00,1.004530430651175310e+00,0.000000000000000000e+00,-8.185548450595242932e-05,-9.682747133529335803e-01,-2.674424528483280161e-01,1.110847833709007082e+00,8.758200336491352989e-01,5.276521423847813086e-01,-7.187185484097275889e+01,-5.666555617709905590e+01,-3.413909361229535477e+01
1.422207500000004075e+02,-2.872106379108823049e+00,1.004530430651175310e+00,0.000000000000000000e+00,-4.384827487079924214e-05,-9.682747133529335803e-01,-2.674424528483280161e-01,1.093572418196072205e+00,8.521965093068031294e-01,5.437243442922718994e-01,-7.075413545728586939e+01,-5.513711415215016842e+01,-3.517896507570999631e+01
1.423286869999992632e+02,-2.872106379108823049e+00,1.004530430651175310e+00,0.000000000000000000e+00,-2.277880779505374925e-05,-9.682747133529335803e-01,-2.674424528483280161e-01,1.076475668214234016e+00,8.291631594524304649e-01,5.612626435721328466e-01,-6.964797573346093884e+01,-5.364685641657225545e+01,-3.631369303911699831e+01
1.424432591999993747e+02,-2.872106379108823049e+00,1.004530430651175310e+00,0.000000000000000000e+00,-1.196302601011007169e-05,-9.682747133529335803e-01,-2.674424528483280161e-01,1.059560283538496517e+00,8.067298862282630267e-01,5.802517465666110486e-01,-6.855355034494073152e+01,-5.219542363896862014e+01,-3.754228800285973477e+01
1.425512209999997140e+02,-2.872106379108823049e+00,1.004530430651175310e+00,0.000000000000000000e+00,-6.131971136836974664e-06,-9.682747133529335803e-01,-2.674424528483280161e-01,1.042828935304198401e+00,7.849063338008903656e-01,6.006750944955083771e-01,-6.747103211418163937e+01,-5.078343979691761234e+01,-3.886367861385939193e+01
1.426632116999990103e+02,-2.872106379108823049e+00,1.004530430651175310e+00,0.000000000000000000e+00,-3.223976538704042969e-06,-9.682747133529335803e-01,-2.674424528483280161e-01,1.026284265585178046e+00,7.637018842151250819e-01,6.225148778957498852e-01,-6.640059198336102497e+01,-4.941151190871859455e+01,-4.027671259985501706e+01
1.427744371999997384e+02,-2.872106379108823049e+00,1.004530430651175310e+00,0.000000000000000000e+00,-1.667385053528762863e-06,-9.682747133529335803e-01,-2.674424528483280161e-01,1.009928886976574791e+00,7.431256533606493964e-01,6.457520521514419354e-01,-6.534239898738438512e+01,-4.808022977243401641e+01,-4.178015777419829391e+01
1.428828489999996236e+02,-2.872106379108823049e+00,1.004530430651175310e+00,0.000000000000000000e+00,-8.624494668163432152e-07,-9.682747133529335803e-01,-2.674424528483280161e-01,9.937653821822696187e-01,7.231864870530451128e-01,6.703663541011073423e-01,-6.429662022719284664e+01,-4.679016571233201915e+01,-4.337270311034164649e+01
1.429908930000001419e+02,-2.872106379108823049e+00,1.004530430651175310e+00,0.000000000000000000e+00,-4.549743969284256290e-07,-9.682747133529335803e-01,-2.674424528483280161e-01,9.777963036070376202e-01,7.038929572309307048e-01,6.963363197074259325e-01,-6.326342084337533578e+01,-4.554187433284121767e+01,-4.505295988507045735e+01
1.431025762999997823e+02,-2.872106379108823049e+00,1.004530430651175310e+00,0.000000000000000000e+00,-2.343912916227846217e-07,-9.682747133529335803e-01,-2.674424528483280161e-01,9.620241729535143893e-01,6.852533582708708604e-01,7.236393027742147321e-01,-6.224296399009238456e+01,-4.433589228012534988e+01,-4.681946288949169599e+01
1.432090912999992725e+02,-2.872106379108823049e+00,1.004530430651175310e+00,0.000000000000000000e+00,-1.241492998227469591e-07,-9.682747133529335803e-01,-2.674424528483280161e-01,9.464514808239621324e-01,6.672757034215475169e-01,7.522514946942366887e-01,-6.123541080931035196e+01,-4.317273801137412903e+01,-4.867067170671711551e+01
1.433158437999991293e+02,-2.872106379108823049e+00,1.004530430651175310e+00,0.000000000000000000e+00,-6.576194984004130285e-08,-9.682747133529335803e-01,-2.674424528483280161e-01,9.310806863269924794e-01,6.499677213588552771e-01,7.821479452106878671e-01,-6.024092040535641956e+01,-4.205291157191793872e+01,-5.060497205513150476e+01
1.434252243999999337e+02,-2.872106379108823049e+00,1.004530430651175310e+00,0.000000000000000000e+00,-3.482871262572868344e-08,-9.682747133529335803e-01,-2.674424528483280161e-01,9.159142166892402237e-01,6.333368528632989936e-01,8.133025841741425843e-01,-5.925964981979384305e+01,-4.097689438025544462e+01,-5.262067719606702809e+01
1.435308944999997038e+02,-2.872106379108823049e+00,1.004530430651175310e+00,0.000000000000000000e+00,-1.822281928320868100e-08,-9.682747133529335803e-01,-2.674424528483280161e-01,9.009544668720723681e-01,6.173902476211650114e-01,8.456882442761777252e-01,-5.829175400662308704e+01,-3.994514902108937804e+01,-5.471602940466870280e+01
1.436397231999999349e+02,-2.872106379108823049e+00,1.004530430651175310e+00,0.000000000000000000e+00,-9.695374145604589979e-09,-9.682747133529335803e-01,-2.674424528483280161e-01,8.862037991934124115e-01,6.021347611508593989e-01,8.792766847395776519e-01,-5.733738580781378857e+01,-3.895811904646060242e+01,-5.688920150265067832e+01
1.437556693999995332e+02,-2.883437989251356193e+00,1.006866294210339241e+00,0.000000000000000000e+00,1.047506643642462897e-02,-9.735014963511428032e-01,-2.570497442499160567e-01,8.716645429546776569e-01,5.875769518556570592e-01,9.140386159448212755e-01,-5.639669592916764884e+01,-3.801622878506100989e+01,-5.913829845162993593e+01
1.438676875999990443e+02,-2.883502089853243078e+00,1.006965344534342055e+00,0.000000000000000000e+00,5.634725739333532914e-03,-9.736137410820863147e-01,-2.570126227820537790e-01,8.573389940729727599e-01,5.737230782042324062e-01,9.499437249709707931e-01,-5.546983291652134085e+01,-3.711988315981383835e+01,-6.146135900562181575e+01
1.439779349000000366e+02,-2.883368966701165714e+00,1.006465626124290358e+00,0.000000000000000000e+00,7.726796221308198081e-04,-9.730963678240869275e-01,-2.570146211742225240e-01,8.432294147185326327e-01,5.605790960401206835e-01,9.869607020290629418e-01,-5.455694313228906367e+01,-3.626946751379581002e+01,-6.385635742128037862e+01
1.440815745999989304e+02,-2.882773519424860265e+00,1.003446415989921459e+00,0.000000000000000000e+00,-1.275169416066979262e-02,-9.700245077217952705e-01,-2.568212689441964347e-01,8.293380329574977505e-01,5.481506560212563439e-01,1.025057267764651447e+00,-5.365817073235010781e+01,-3.546534744457528632e+01,-6.632120522437294596e+01
1.441889075999988563e+02,-2.882682254513358799e+00,1.003313070442062305e+00,0.000000000000000000e+00,-7.444283480608421440e-03,-9.698721638349482310e-01,-2.568756569587587468e-01,8.156670424000895814e-01,5.364431011907462299e-01,1.064200201405918200e+00,-5.277365764328580156e+01,-3.470786864704128050e+01,-6.885375303096290622e+01
1.442940652999986924e+02,-2.882682254513358799e+00,1.003313070442062305e+00,0.000000000000000000e+00,-3.930260496860910578e-03,-9.698721638349482310e-01,-2.568756569587587468e-01,8.022186018541921371e-01,5.254614646798618782e-01,1.104355369732662240e+00,-5.190354353996623615e+01,-3.399735676478706381e+01,-7.145179242170324585e+01
1.444202913999997691e+02,-2.882682254513358799e+00,1.003313070442062305e+00,0.000000000000000000e+00,-2.088250911889133043e-03,-9.698721638349482310e-01,-2.568756569587587468e-01,7.889948349844673192e-01,5.152104675442725767e-01,1.145487756841013782e+00,-5.104796582349504064e+01,-3.333411725011443849e+01,-7.411305786761359116e+01
1.445286227999986295e+02,-2.882682254513358799e+00,1.003313070442062305e+00,0.000000000000000000e+00,-1.016971470207008723e-03,-9.698721638349482310e-01,-2.568756569587587468e-01,7.759978299769982879e-01,5.056945167344464309e-01,1.187561494677755736e+00,-5.020705959951179409e+01,-3.271843523271868293e+01,-7.683522870565080609e+01
1.446484051999996154e+02,-2.882468212713597211e+00,1.002419114297256275e+00,0.000000000000000000e+00,-4.443572636198368092e-03,-9.689530483426664897e-01,-2.568541820098515505e-01,7.632296392095383464e-01,4.969177032010765327e-01,1.230539894317887128e+00,-4.938095765685713445e+01,-3.215057539710965528e+01,-7.961593116236730339e+01
1.447528306999993220e+02,-2.881882763225070754e+00,9.996364776065850277e-01,0.000000000000000000e+00,-1.384612003071970798e-02,-9.661131875160821059e-01,-2.567068294167806908e-01,7.506922789274304009e-01,4.888838001363764452e-01,1.274385477957791668e+00,-4.856979044660474898e+01,-3.163078186882355780e+01,-8.245274042386913038e+01
1.448580341999986558e+02,-2.880432277078056824e+00,9.909261985485113833e-01,0.000000000000000000e+00,-4.638039540894623586e-02,-9.573248992825960091e-01,-2.558588833387873129e-01,7.383877289251972176e-01,4.815962613519477742e-01,1.319060011596581816e+00,-4.777368606146026053e+01,-3.115927810947102117e+01,-8.534318275029885115e+01
1.449630827000000863e+02,-2.879319260467686270e+00,9.797890610491616359e-01,0.000000000000000000e+00,-7.419592693501431135e-02,-9.462832499733031533e-01,-2.540366410019644361e-01,7.263179322339226029e-01,4.750582197939841045e-01,1.364524538376591822e+00,-4.699277021553479727e+01,-3.073626682067077454e+01,-8.828473763296548782e+01
1.450710452999992413e+02,-2.876728572426409780e+00,9.588524596718904780e-01,0.000000000000000000e+00,-1.321838379959019982e-01,-9.254154433494414800e-01,-2.510065669045153935e-01,7.144847948144221750e-01,4.692724861963994964e-01,1.410739412554433247e+00,-4.622716622449311785e+01,-3.036192985690705015e+01,-9.127483999227183631e+01
1.451789447999999538e+02,-2.871594232346753373e+00,9.352759913475054976e-01,0.000000000000000000e+00,-1.730990405055874426e-01,-9.013921743779248485e-01,-2.494660857938326981e-01,7.028901852562650099e-01,4.642415478724799538e-01,1.457664334072607648e+00,-4.547699498608034929e+01,-3.003642814734945432e+01,-9.431088241449771203e+01
1.452892875999987155e+02,-2.876239828192277415e+00,8.999829976207766036e-01,0.000000000000000000e+00,-2.460751162908096368e-01,-8.684836220178122623e-01,-2.360203260172744621e-01,6.915359344827158861e-01,4.599675676455821094e-01,1.505258383701742364e+00,-4.474237496103172163e+01,-2.975990162666916206e+01,-9.739021742550274041e+01
1.453973200000000361e+02,-2.890262272547698519e+00,8.638751752705312592e-01,0.000000000000000000e+00,-2.843411151090225464e-01,-8.367343102819363443e-01,-2.148395039225873826e-01,6.804238354615910200e-01,4.564523829193154469e-01,1.553480058722870982e+00,-4.402342215436494399e+01,-2.953246917487971146e+01,-1.005101597993697595e+02
1.455012945999988005e+02,-2.911923228864428115e+00,8.220833657072876832e-01,0.000000000000000000e+00,-3.317908508000712020e-01,-8.004968586160289279e-01,-1.871519156153401142e-01,6.695556429221418693e-01,4.536975048876425998e-01,1.602287309118294534e+00,-4.332025009706258345e+01,-2.935422856623047849e+01,-1.036679888999536558e+02
1.456083055999988574e+02,-2.922829263530106303e+00,7.839319750207118798e-01,0.000000000000000000e+00,-3.472153190192888150e-01,-7.652481856091762902e-01,-1.701309962403606546e-01,6.589330730779585643e-01,4.517041178852052585e-01,1.651637574239914752e+00,-4.263296982814392067e+01,-2.922525642717278060e+01,-1.068609510533224949e+02
1.457169389999999112e+02,-2.933879540880840686e+00,7.340990937672292604e-01,0.000000000000000000e+00,-4.022930689903354007e-01,-7.183196933013642482e-01,-1.513879046862772193e-01,6.485578033559566968e-01,4.504730788781774464e-01,1.701487819922731237e+00,-4.196168987713040366e+01,-2.914560820341808167e+01,-1.100862619490007148e+02
1.458244670000003680e+02,-2.952498886956556934e+00,6.935921195546010942e-01,0.000000000000000000e+00,-3.862438527724911252e-01,-6.812288275986996267e-01,-1.303737425893161384e-01,6.384314721315056396e-01,4.500049170958477784e-01,1.751794576011198146e+00,-4.130651624690841572e+01,-2.911531813610135089e+01,-1.133411090679245206e+02
1.459331941000000370e+02,-2.984978639779154896e+00,6.471648258264017795e-01,0.000000000000000000e+00,-4.047084425681371500e-01,-6.392442223553848057e-01,-1.009412501021077213e-01,6.285556784696908483e-01,4.502998338031041214e-01,1.802513974265943730e+00,-4.066755239698900226e+01,-2.913439924706083772e+01,-1.166226541350065702e+02
1.460440515999998752e+02,-3.025542911940334090e+00,5.967497255139307955e-01,0.000000000000000000e+00,-4.260061392819494142e-01,-5.927358571380795249e-01,-6.909731227578887192e-02,6.189319818728153955e-01,4.513577022139072525e-01,1.853601786617516289e+00,-4.004489922717115746e+01,-2.920284333323980164e+01,-1.199280355941533145e+02
1.461522957999986829e+02,-3.041318813872734950e+00,5.631491303597470077e-01,0.000000000000000000e+00,-3.637313578962188543e-01,-5.603203138009572593e-01,-5.637454183349158848e-02,6.095619020341334071e-01,4.531780675457979246e-01,1.905013463733843615e+00,-3.943865506160843637e+01,-2.932062097021312752e+01,-1.232543711035796861e+02
1.462594720999986748e+02,-3.039401103373518431e+00,5.377088133666734215e-01,0.000000000000000000e+00,-3.040388549516634398e-01,-5.349035789913176853e-01,-5.485370684352371129e-02,6.004469185978700274e-01,4.557601472154104716e-01,1.956704173868025087e+00,-3.884891563328218922e+01,-2.948768152483705762e+01,-1.265987600492612302e+02
1.463698329999988346e+02,-3.070669725470103639e+00,5.030432173196190959e-01,0.000000000000000000e+00,-3.101283133428550665e-01,-5.017785783352211038e-01,-3.564739562938464001e-02,5.915884709255794238e-01,4.591028311749048019e-01,2.008628841952132316e+00,-3.827577406888499212e+01,-2.970395317701634141e+01,-1.299582860743029755e+02
1.464777894999988348e+02,3.132301915113212765e+00,4.703485495395035021e-01,0.000000000000000000e+00,-2.915959994862823423e-01,-4.703282499544652606e-01,4.369822500384341370e-03,5.829879578688368369e-01,4.632046823891875498e-01,2.060742188903512684e+00,-3.771932087411374823e+01,-2.996934295058043674e+01,-1.333300196220572786e+02
1.465837157999994815e+02,3.071273624547125713e+00,4.438790170955949632e-01,0.000000000000000000e+00,-2.574260856358317473e-01,-4.427820303342965280e-01,3.118742424102367156e-02,5.746467375483539364e-01,4.680639374536947894e-01,2.112998771108673068e+00,-3.717964391937849911e+01,-3.028373675325405401e+01,-1.367110204907311584e+02
1.466911569000003510e+02,3.059226162183450448e+00,4.198914098415726937e-01,0.000000000000000000e+00,-2.413017927839357923e-01,-4.184678930848589884e-01,3.454588999957310114e-02,5.665661271395143750e-01,4.736785073524905076e-01,2.165353020050899691e+00,-3.665682842592658375e+01,-3.064699942570613800e+01,-1.400983403972932138e+02
1.468005870999986655e+02,3.045334054295485871e+00,3.906782548989164994e-01,0.000000000000000000e+00,-2.540352314078006546e-01,-3.888696947562427786e-01,3.754809384042469278e-02,5.587474026643726166e-01,4.800459783563453264e-01,2.217759282046593228e+00,-3.615095695238490947e+01,-3.105897479965554453e+01,-1.434890255484145882e+02
1.469080902999994578e+02,3.020833741866572275e+00,3.664948329993485965e-01,0.000000000000000000e+00,-2.359905848240172466e-01,-3.638258339977913924e-01,4.415002979650126114e-02,5.511917987901653326e-01,4.871636130604002357e-01,2.270171858056011516e+00,-3.566210938172369538e+01,-3.151948576500789656e+01,-1.468801192162239602e+02
1.470158358999997290e+02,2.934502113560903069e+00,3.419381683954575424e-01,0.000000000000000000e+00,-2.215554048037092216e-01,-3.346320713318576834e-01,7.030709666734057117e-02,5.439005086343289275e-01,4.950283515610036655e-01,2.322545043533486453e+00,-3.519036290864108452e+01,-3.202833434599693874e+01,-1.502686643166165936e+02
1.471251097000003938e+02,2.680269482431719474e+00,3.033580682302093878e-01,0.000000000000000000e+00,-2.065493465874996826e-01,-2.716463183878601306e-01,1.350347928005434794e-01,5.368746835761029068e-01,5.036368127711694509e-01,2.374833168282516116e+00,-3.473579202737386140e+01,-3.258530178629466434e+01,-1.536517059878788132e+02
1.472339596000001620e+02,2.516664986198497544e+00,2.806346787868503334e-01,0.000000000000000000e+00,-1.442487868984032029e-01,-2.275962508669738815e-01,1.641821230496674777e-01,5.301154330747097632e-01,5.129852958741243363e-01,2.426990636280769387e+00,-3.429846851993372070e+01,-3.319014864305584922e+01,-1.570262941673657906e+02
1.473437684000000445e+02,2.408122234921226124e+00,2.508955837416565471e-01,0.000000000000000000e+00,-1.704062205157923504e-01,-1.863791900993162776e-01,1.679624703289086529e-01,5.236238244941573416e-01,5.230697819143015348e-01,2.478971965440606162e+00,-3.387846144477197896e+01,-3.384261488985531230e+01,-1.603894861640072236e+02
1.474546707999998034e+02,2.223545375761132092e+00,2.253000629476839267e-01,0.000000000000000000e+00,-1.418590683798081897e-01,-1.368410826573750461e-01,1.789822238698239865e-01,5.174008829346974370e-01,5.338859355251122096e-01,2.530731827269987022e+00,-3.347583712587492499e+01,-3.454242002847475845e+01,-1.637383492243681644e+02
1.475619193000002269e+02,1.932640088352737706e+00,2.365107379559887590e-01,0.000000000000000000e+00,8.191992285701768517e-02,-8.372461300052679023e-02,2.211956562557194639e-01,5.114475910709375128e-01,5.454291067927430348e-01,2.582225086399762670e+00,-3.309065914228965966e+01,-3.528926320949047835e+01,-1.670699630900646468e+02
1.476792808999998670e+02,1.583746091173140691e+00,3.028684020641859154e-01,0.000000000000000000e+00,4.864100775682034805e-01,-3.921964825639825611e-03,3.028430074491069157e-01,5.057648889966788186e-01,5.576943332551633770e-01,2.633406839942242783e+00,-3.272298831808512176e+01,-3.608282336160907278e+01,-1.703814225442631027e+02
1.477976870999991661e+02,1.457841705019756517e+00,3.188701592492248493e-01,0.000000000000000000e+00,3.586861661215978714e-01,3.594131662418349749e-02,3.168381293641063801e-01,5.003536740764533697e-01,5.706763420355247529e-01,2.684232456647288600e+00,-3.237288271274653795e+01,-3.692275932969845087e+01,-1.736698399450795876e+02
1.479083647999996174e+02,1.361118456779886188e+00,3.259636888618045458e-01,0.000000000000000000e+00,2.368788895938206684e-01,6.784765854443731981e-02,3.188244370910623404e-01,4.952148008038239624e-01,5.843695521089893319e-01,2.734657615821343146e+00,-3.204039761200741054e+01,-3.780871002145160986e+01,-1.769323477436409178e+02
1.480159616999990249e+02,1.322942540017910673e+00,3.293621567762788915e-01,0.000000000000000000e+00,1.456524471258579534e-01,8.080040828573692435e-02,3.192972350916624125e-01,4.903490806664554391e-01,5.987680767020238104e-01,2.784638345975784191e+00,-3.172558551911966873e+01,-3.874029456262093873e+01,-1.801661009846332320e+02
1.481253603999994084e+02,1.317523561179985592e+00,3.298735768394922552e-01,0.000000000000000000e+00,7.948379781868800120e-02,8.265762680781300886e-02,3.193497979134802822e-01,4.857572820179609785e-01,6.138657258231756675e-01,2.834131063170691078e+00,-3.142849614656207535e+01,-3.971711246075946633e+01,-1.833682797871437344e+02
1.482333653999994567e+02,1.317997762620087165e+00,3.299591030894810650e-01,0.000000000000000000e+00,4.198218188073198076e-02,8.252757274550549804e-02,3.194717662773192690e-01,4.814401299565771453e-01,6.296560089241620695e-01,2.883092609020735164e+00,-3.114917640819054157e+01,-4.073874377739328878e+01,-1.865360918036415683e+02
1.483482948999990185e+02,1.318286841125217101e+00,3.300589863219958175e-01,0.000000000000000000e+00,2.203334119066903754e-02,8.246017117028851817e-02,3.195923256626637676e-01,4.773983062106601505e-01,6.461321376901898450e-01,2.931480288329852968e+00,-3.088767041182971340e+01,-4.180474930855528726e+01,-1.896667746549414915e+02
1.484722547000001214e+02,1.318569612541677927e+00,3.300471489446966111e-01,0.000000000000000000e+00,1.143395364555369748e-02,8.236684215436537726e-02,3.196041674322170345e-01,4.736324490310332980e-01,6.632870289582897261e-01,2.979251906322196941e+00,-3.064401945230785529e+01,-4.291467077360134397e+01,-1.927575983390461545e+02
1.485897566000003280e+02,1.313707044446883465e+00,3.378922225262144807e-01,0.000000000000000000e+00,3.775228007271497210e-02,8.591469931266693116e-02,3.267871149322121860e-01,4.701431530902018263e-01,6.811133077623758858e-01,3.026365805436465717e+00,-3.041826200493606080e+01,-4.406803101222572394e+01,-1.958058676117393304e+02
1.487126322000003711e+02,1.267084101353915138e+00,3.986223838844067946e-01,0.000000000000000000e+00,2.767353272213630699e-01,1.192138384907395487e-01,3.803785820021827191e-01,4.669309693884435841e-01,6.996033105038130806e-01,3.072780901652082175e+00,-3.021043371943230227e+01,-4.526433418959670973e+01,-1.988089243368897314e+02
1.488206044999988080e+02,1.222202801243054360e+00,4.412393864483169503e-01,0.000000000000000000e+00,3.154526501766621860e-01,1.507169016018690966e-01,4.147006290383699056e-01,4.639964051668015177e-01,7.187490882460099151e-01,3.118456720314930486e+00,-3.002056741429205999e+01,-4.650306600951684288e+01,-2.017641498043760180e+02
1.489285889000002499e+02,1.164516875595238865e+00,4.551530094741684795e-01,0.000000000000000000e+00,2.336106253212934802e-01,1.798739133010213709e-01,4.181024244693746783e-01,4.613399238269850766e-01,7.385424101317117351e-01,3.163353431431958462e+00,-2.984869307160593621e+01,-4.778369393552175382e+01,-2.046689670136477162e+02
1.490387314999989030e+02,1.093548965343015489e+00,4.748601401104622366e-01,0.000000000000000000e+00,2.198790506520469923e-01,2.181202873968470235e-01,4.218005368555671764e-01,4.589619448581918615e-01,7.589747669214730319e-01,3.207431884403446176e+00,-2.969483783232501395e+01,-4.910566741981930505e+01,-2.075208429209029646e+02
1.491460231999990356e+02,1.058746231673303839e+00,5.052990434154989163e-01,0.000000000000000000e+00,2.521913173577939871e-01,2.475790625853386273e-01,4.404903302525303155e-01,4.568628437708686096e-01,7.800373746518263207e-01,3.250653642162954604e+00,-2.955902599197520075e+01,-5.046841813997316706e+01,-2.103172906479431674e+02
1.492536337999990792e+02,1.033943897822123148e+00,5.632887054121280546e-01,0.000000000000000000e+00,3.914130172721041467e-01,2.880848551064905672e-01,4.840467765651823018e-01,4.550429520374099646e-01,8.017211784115574336e-01,3.292981014695000042e+00,-2.944127899682042582e+01,-5.187136024322776962e+01,-2.130558716507665054e+02
1.493644490999995469e+02,1.006562405427625428e+00,6.126156559614809316e-01,0.000000000000000000e+00,4.259645761890676341e-01,3.276076397616606295e-01,5.176593245551649458e-01,4.535025570398178996e-01,8.240168562344285519e-01,3.334377091901345569e+00,-2.934161544047621817e+01,-5.331389059836752864e+01,-2.157341978460170537e+02
1.494779712999988988e+02,9.887593439182467137e-01,6.216424591070199845e-01,0.000000000000000000e+00,2.599541520047738419e-01,3.417334319827474154e-01,5.192856713119629042e-01,4.522419020243189092e-01,8.469148231067604726e-01,3.374805775787086848e+00,-2.926005106097343500e+01,-5.479538905500740498e+01,-2.183499336934245321e+02
1.495944319999998697e+02,9.703105754893961432e-01,6.313290088876750694e-01,0.000000000000000000e+00,1.779486014400926686e-01,3.567282357956125249e-01,5.208850960137407782e-01,4.512611860629538452e-01,8.704052350880659983e-01,3.414231811938729599e+00,-2.919659873827311358e+01,-5.631521871019787540e+01,-2.209007982324358181e+02
1.497055695999988529e+02,9.664811533758755902e-01,6.341994244497229927e-01,0.000000000000000000e+00,1.028477607104770347e-01,3.603512705223821944e-01,5.218772574133354603e-01,4.505605640221426178e-01,8.944779935429763018e-01,3.452620820266445456e+00,-2.915126849223262795e+01,-5.787272618223057208e+01,-2.233845670712390188e+02
1.498131001000001561e+02,9.666738830252086245e-01,6.344356998477309606e-01,0.000000000000000000e+00,5.435466059091452473e-02,3.603848965021780315e-01,5.221411529599966350e-01,4.501401465382266487e-01,9.191227494827398647e-01,3.489939324984154823e+00,-2.912406748102326404e+01,-5.946724189153326989e+01,-2.257990743264748232e+02
1.499223746999996365e+02,9.666738830252086245e-01,6.344356998477309606e-01,0.000000000000000000e+00,2.872207531087678928e-02,3.603848965021780315e-01,5.221411529599966350e-01,4.500000000000001776e-01,9.443289080142664993e-01,3.526154783800800718e+00,-2.911500000000001265e+01,-6.109808034852304814e+01,-2.281422145119118170e+02
1.500335304999989603e+02,9.667666928236053892e-01,6.345165998737934965e-01,0.000000000000000000e+00,1.536947004911274305e-02,3.603823834115466029e-01,5.222411830198886440e-01,4.501401465382266487e-01,9.700856328949289953e-01,3.561235616297786954e+00,-2.912406748102326404e+01,-6.276454044830190782e+01,-2.304119443744668274e+02
1.501422007000001031e+02,9.668808706252454144e-01,6.345150783013459028e-01,0.000000000000000000e+00,7.976418953437773920e-03,3.603218886575050295e-01,5.222810748495982924e-01,4.505605640221428398e-01,9.963818511911222142e-01,3.595151231467514918e+00,-2.915126849223264216e+01,-6.446590577206561079e+01,-2.326062846759482170e+02
1.502457655999987765e+02,9.670710452886491781e-01,6.347522491739159278e-01,0.000000000000000000e+00,5.229317032384054459e-03,3.603572025392529632e-01,5.225448348318342262e-01,4.512611860629542893e-01,1.023206258038531269e+00,3.627872054389230438e+00,-2.919659873827314556e+01,-6.620144489509297614e+01,-2.347233219189832312e+02
1.503502271999986988e+02,9.683673639372294417e-01,6.503541986487585413e-01,0.000000000000000000e+00,7.260103111347725180e-02,3.685202900354113131e-01,5.358669420035959696e-01,4.522419020243191312e-01,1.050547321502199427e+00,3.659369552018779892e+00,-2.926005106097344921e+01,-6.797041170119230458e+01,-2.367612100156150632e+02
1.504566209999993589e+02,9.698091832462774065e-01,6.876688100832506478e-01,0.000000000000000000e+00,2.046880761384387848e-01,3.888470893114916449e-01,5.671739887329941832e-01,4.535025570398181216e-01,1.078393287534122447e+00,3.689616258069876586e+00,-2.934161544047623238e+01,-6.977204570345772083e+01,-2.387181718971210387e+02
1.505638268999991851e+02,9.653348719644875287e-01,7.060609379228161009e-01,0.000000000000000000e+00,1.890988134635966933e-01,4.018486259627870871e-01,5.805512293262902190e-01,4.550429520374104086e-01,1.106732185026376714e+00,3.718585796965060197e+00,-2.944127899682045424e+01,-7.160557237120657703e+01,-2.405925010636394177e+02
1.506732007999999041e+02,9.529658939094529657e-01,7.119201124623204535e-01,0.000000000000000000e+00,1.263233248840032463e-01,4.123925614306225840e-01,5.803125208067229091e-01,4.568628437708694978e-01,1.135551830957564512e+00,3.746252906835657814e+00,-2.955902599197525760e+01,-7.347020346295443005e+01,-2.423825630722670610e+02
1.507812834999986080e+02,9.474445632311265797e-01,7.148566663777397023e-01,0.000000000000000000e+00,7.906401029091024435e-02,4.173045987631093245e-01,5.804109968943175213e-01,4.589619448581927497e-01,1.164839835630308240e+00,3.772593461550424632e+00,-2.969483783232507079e+01,-7.536513736528094398e+01,-2.440867969623124907e+02
1.508896041999996669e+02,9.465489744293078545e-01,7.155117712918015460e-01,0.000000000000000000e+00,4.455426906984203544e-02,4.182071410613508733e-01,5.805685851149910981e-01,4.613399238269855207e-01,1.194583607997704799e+00,3.797584491753984715e+00,-2.984869307160596463e+01,-7.728955943745150137e+01,-2.457037166164828079e+02
1.509990987999990466e+02,9.468311954805576081e-01,7.157448694325660998e-01,0.000000000000000000e+00,2.438011112293899871e-02,4.181794651204106539e-01,5.808757638864341377e-01,4.639964051668021838e-01,1.224770361076213065e+00,3.821204204896371248e+00,-3.002056741429210263e+01,-7.924264236163098474e+01,-2.472319120567952382e+02
1.511068087999992713e+02,9.468315321616751490e-01,7.158167912059842930e-01,0.000000000000000000e+00,1.308606514279047825e-02,4.182212903821495575e-01,5.809342741167209390e-01,4.669309693884440282e-01,1.255387117442877010e+00,3.843432004236509769e+00,-3.021043371943233069e+01,-8.122354649855414266e+01,-2.486700506741021854e+02
1.512142724999994243e+02,9.469218762604381112e-01,7.158971698146586737e-01,0.000000000000000000e+00,7.237260564227244487e-03,4.182157605990617921e-01,5.810372925511636533e-01,4.701431530902036027e-01,1.286420714814369148e+00,3.864248506802847150e+00,-3.041826200493617449e+01,-8.323142024848968390e+01,-2.500168783901442282e+02
1.513271026999991591e+02,9.472002445143168359e-01,7.161287679805595774e-01,0.000000000000000000e+00,4.831044694321678760e-03,4.181892457024640741e-01,5.813416956559698257e-01,4.736324490310348523e-01,1.317857811705479998e+00,3.883635560295589428e+00,-3.064401945230795477e+01,-8.526540041734456565e+01,-2.512712207511246447e+02
1.514346803999997064e+02,9.472921404179830418e-01,7.162091609552476701e-01,0.000000000000000000e+00,2.837100505423963050e-03,4.181827611532989986e-01,5.814453891041038158e-01,4.773983062106608166e-01,1.349684893164745603e+00,3.901576258915815387e+00,-3.088767041182975603e+01,-8.732461258775904867e+01,-2.524319839518532547e+02
1.515422340999994049e+02,9.476117077099212027e-01,7.163052500479571982e-01,0.000000000000000000e+00,1.920942641540255517e-03,4.180530087854711363e-01,5.816570235900889729e-01,4.814401299565775894e-01,1.381888276584545494e+00,3.918054958107552999e+00,-3.114917640819056999e+01,-8.940817149502009897e+01,-2.534981557895586946e+02
1.516545974000000570e+02,9.477037803636871871e-01,7.164575996579995998e-01,0.000000000000000000e+00,1.676624432637058163e-03,4.180883558214320561e-01,5.818192320938128104e-01,4.857572820179618667e-01,1.414454117583328507e+00,3.933057288200060952e+00,-3.142849614656213575e+01,-9.151518140764136433e+01,-2.544688065465439593e+02
1.517640682000001107e+02,9.478912605280527259e-01,7.165394358697441124e-01,0.000000000000000000e+00,1.219622162904306431e-03,4.180270119158170372e-01,5.819640714556737482e-01,4.903490806664574375e-01,1.447368415957386079e+00,3.946570166938424329e+00,-3.172558551911979663e+01,-9.364473651244288988e+01,-2.553430898009160614e+02
1.518743293999996240e+02,9.480353031844375167e-01,7.169810218794073764e-01,0.000000000000000000e+00,2.559220528403103895e-03,4.182007482519832231e-01,5.823829666952154982e-01,4.952148008038261828e-01,1.480617021699559999e+00,3.958581810891435460e+00,-3.204039761200755265e+01,-9.579592130396153493e+01,-2.561202431646759123e+02
1.519860004000001936e+02,9.486671166735973770e-01,7.412103064129688113e-01,0.000000000000000000e+00,1.066910610619556943e-01,4.319527290463630043e-01,6.023367481751435992e-01,5.003536740764540358e-01,1.514185641082462341e+00,3.969081745726955823e+00,-3.237288271274658058e+01,-9.796781097803531679e+01,-2.567995889485340513e+02
1.520956568000001425e+02,9.498869691473892374e-01,7.525191495916784268e-01,0.000000000000000000e+00,1.040723318852176532e-01,4.377968484181544162e-01,6.120612632876830661e-01,5.057648889966797068e-01,1.548059842803368280e+00,3.978060815345677792e+00,-3.272298831808517861e+01,-1.001594718293779351e+02,-2.573805347528653442e+02
1.522076985000003333e+02,9.500147361871773555e-01,7.523830016145692801e-01,0.000000000000000000e+00,5.383754850295653649e-02,4.376394502452156110e-01,6.120064482565640285e-01,5.114475910709384010e-01,1.582225064188310881e+00,3.985511189865375670e+00,-3.309065914228971650e+01,-1.023699616529837186e+02,-2.578625739842898383e+02
1.523147603999987041e+02,9.500147361871773555e-01,7.523830016145692801e-01,0.000000000000000000e+00,2.790574221661866472e-02,4.376394502452156110e-01,6.120064482565640285e-01,5.174008829346983251e-01,1.616666617452652943e+00,3.991426372448680482e+00,-3.347583712587498184e+01,-1.045983301491866513e+02,-2.582452862974296295e+02
1.524225850000002538e+02,9.500147361871773555e-01,7.523830016145692801e-01,0.000000000000000000e+00,1.471683423768937321e-02,4.376394502452156110e-01,6.120064482565640285e-01,5.236238244941584519e-01,1.651369696015385191e+00,3.995801204968417508e+00,-3.387846144477205002e+01,-1.068436193321954306e+02,-2.585283379614566002e+02
1.525355074999988574e+02,9.500147361871773555e-01,7.523830016145692801e-01,0.000000000000000000e+00,7.752965534858239846e-03,4.376394502452156110e-01,6.120064482565640285e-01,5.301154330747088750e-01,1.686319380864614415e+00,3.998631872505578499e+00,-3.429846851993366386e+01,-1.091048639419405504e+02,-2.587114821511109426e+02
1.526433242999992217e+02,9.500147361871773555e-01,7.523830016145692801e-01,0.000000000000000000e+00,3.997101981561104397e-03,4.376394502452156110e-01,6.120064482565640285e-01,5.368746835761022407e-01,1.721500646971272808e+00,3.999915906675977517e+00,-3.473579202737381877e+01,-1.113810918590413621e+02,-2.587945591619357515e+02
1.527515237999996316e+02,9.500147361871773555e-01,7.523830016145692801e-01,0.000000000000000000e+00,2.099093181041829324e-03,4.376394502452156110e-01,6.120064482565640285e-01,5.439005086343282613e-01,1.756898369748435051e+00,3.999652187782726021e+00,-3.519036290864104188e+01,-1.136713245227237508e+02,-2.587774965495423771e+02
1.528629891000000498e+02,9.500147361871773555e-01,7.523830016145692801e-01,0.000000000000000000e+00,1.106458189552724913e-03,4.376394502452156110e-01,6.120064482565640285e-01,5.511917987901664429e-01,1.792497331553494888e+00,3.997840945792619394e+00,-3.566210938172377354e+01,-1.159745773515111296e+02,-2.586603091927825062e+02
1.529720935999994254e+02,9.500147361871773555e-01,7.523830016145692801e-01,0.000000000000000000e+00,5.728706822032721266e-04,4.376394502452156110e-01,6.120064482565640285e-01,5.587474026643761693e-01,1.828282228230226680e+00,3.994483760135605799e+00,-3.615095695238513684e+01,-1.182898601664956715e+02,-2.584430992807737084e+02
1.530800149999995483e+02,9.500147361871773555e-01,7.523830016145692801e-01,0.000000000000000000e+00,2.996990207633576180e-04,4.376394502452156110e-01,6.120064482565640285e-01,5.665661271395157073e-01,1.864237675688191542e+00,3.989583558327501223e+00,-3.665682842592666901e+01,-1.206161776170259969e+02,-2.581260562237893623e+02
1.531900587999989511e+02,9.500147361871773555e-01,7.523830016145692801e-01,0.000000000000000000e+00,1.582949412339212198e-04,4.376394502452156110e-01,6.120064482565640285e-01,5.746467375483557127e-01,1.900348216516378308e+00,3.983144613417146651e+00,-3.717964391937861279e+01,-1.229525296086096802e+02,-2.577094564880894154e+02
1.532973259999998845e+02,9.500147361871773555e-01,7.523830016145692801e-01,0.000000000000000000e+00,8.260453942964974942e-05,4.376394502452156110e-01,6.120064482565640285e-01,5.829879578688383912e-01,1.936598326628428790e+00,3.975172540260254017e+00,-3.771932087411384771e+01,-1.252979117328593475e+02,-2.571936633548384634e+02
1.534064120999992156e+02,9.510732996672359718e-01,7.527021940746007056e-01,0.000000000000000000e+00,1.450185053637723272e-03,4.371767475727091901e-01,6.127292096403317290e-01,5.915884709255834206e-01,1.972972421936523890e+00,3.965674290623153908e+00,-3.827577406888524791e+01,-1.276513156992931073e+02,-2.565791266033180591e+02
1.535170694999997067e+02,9.510732996672359718e-01,7.527021940746007056e-01,0.000000000000000000e+00,7.582785892774753737e-04,4.371767475727091901e-01,6.127292096403317290e-01,6.004469185978740242e-01,2.009454865051006234e+00,3.954658147120778455e+00,-3.884891563328245212e+01,-1.300117297688001088e+02,-2.558663821187143697e+02
1.536248063000002730e+02,9.510732996672359718e-01,7.527021940746007056e-01,0.000000000000000000e+00,3.952028067230038168e-04,4.371767475727091901e-01,6.127292096403317290e-01,6.095619020341349614e-01,2.046029972003038377e+00,3.942133715994065035e+00,-3.943865506160853585e+01,-1.323781391885965775e+02,-2.550560514248160189e+02
1.537324914999990142e+02,9.510732996672359718e-01,7.527021940746007056e-01,0.000000000000000000e+00,2.078851344890676614e-04,4.371767475727091901e-01,6.127292096403317290e-01,6.189319818728171718e-01,2.082682018987164430e+00,3.928111918733200092e+00,-4.004489922717127115e+01,-1.347495266284695390e+02,-2.541488411420380658e+02
1.538448984999995446e+02,9.510732996672359718e-01,7.527021940746007056e-01,0.000000000000000000e+00,1.092871649749608154e-04,4.371767475727091901e-01,6.127292096403317290e-01,6.285556784696926247e-01,2.119395249121057034e+00,3.912604982553893329e+00,-4.066755239698911595e+01,-1.371248726181324002e+02,-2.531455423712368997e+02
1.539523984999996173e+02,9.510732996672359718e-01,7.527021940746007056e-01,0.000000000000000000e+00,5.656497690939088843e-05,4.371767475727091901e-01,6.127292096403317290e-01,6.384314721315103025e-01,2.156153879219486313e+00,3.895626429735084884e+00,-4.130651624690872126e+01,-1.395031559855007686e+02,-2.520470300038600158e+02
1.540596394999993208e+02,9.510732996672359718e-01,7.527021940746007056e-01,0.000000000000000000e+00,2.991057066711491524e-05,4.371767475727091901e-01,6.127292096403317290e-01,6.485578033559613598e-01,2.192942106579531814e+00,3.877191065827302552e+00,-4.196168987713070209e+01,-1.418833542956957103e+02,-2.508542619590264735e+02
1.541723901999994268e+02,9.510732996672359718e-01,7.527021940746007056e-01,0.000000000000000000e+00,1.574720574933662548e-05,4.371767475727091901e-01,6.127292096403317290e-01,6.589330730779603407e-01,2.229744115774313862e+00,3.857314966742015017e+00,-4.263296982814403435e+01,-1.442644442905981066e+02,-2.495682783482083948e+02
1.542843483999986347e+02,9.510732996672359718e-01,7.527021940746007056e-01,0.000000000000000000e+00,8.110559633134044135e-06,4.371767475727091901e-01,6.127292096403317290e-01,6.695556429221438677e-01,2.266544085452072199e+00,3.836015464733171676e+00,-4.332025009706271135e+01,-1.466454023287490713e+02,-2.481902005682362073e+02
1.543980551999993622e+02,9.510732996672359718e-01,7.527021940746007056e-01,0.000000000000000000e+00,4.197630201768968719e-06,4.371767475727091901e-01,6.127292096403317290e-01,6.804238354615930184e-01,2.303326195137826105e+00,3.813311133283259657e+00,-4.402342215436507189e+01,-1.490252048254173474e+02,-2.467212303234269086e+02
1.545080514000001131e+02,9.510732996672359718e-01,7.527021940746007056e-01,0.000000000000000000e+00,2.160504712099733944e-06,4.371767475727091901e-01,6.127292096403317290e-01,6.915359344827209931e-01,2.340074632034710778e+00,3.789221770906898712e+00,-4.474237496103204847e+01,-1.514028286926457838e+02,-2.451626485776763502e+02
1.546154606000000058e+02,9.510732996672359718e-01,7.527021940746007056e-01,0.000000000000000000e+00,1.126700587780718376e-06,4.371767475727091901e-01,6.127292096403317290e-01,7.028901852562701169e-01,2.376773597821930206e+00,3.763768383886314517e+00,-4.547699498608067614e+01,-1.537772517790788811e+02,-2.435158144374445612e+02
1.547252259999986563e+02,9.510732996672359718e-01,7.527021940746007056e-01,0.000000000000000000e+00,5.945644310488667381e-07,4.371767475727091901e-01,6.127292096403317290e-01,7.144847948144241734e-01,2.413407315446542079e+00,3.736973167953462571e+00,-4.622716622449324575e+01,-1.561474533093912669e+02,-2.417821639665890530e+02
1.548323268000003736e+02,9.510732996672359718e-01,7.527021940746007056e-01,0.000000000000000000e+00,3.106318794015100378e-07,4.371767475727091901e-01,6.127292096403317290e-01,7.263179322339248234e-01,2.449960035906101563e+00,3.708859488935095428e+00,-4.699277021553493938e+01,-1.585124143231247729e+02,-2.399632089341006917e+02
1.549408817000003182e+02,9.510732996672359718e-01,7.527021940746007056e-01,0.000000000000000000e+00,1.634894589603139519e-07,4.371767475727091901e-01,6.127292096403317290e-01,7.383877289251992160e-01,2.486416045019207210e+00,3.679451862377354221e+00,-4.777368606146038843e+01,-1.608711181127427210e+02,-2.380605354958148325e+02
1.550484624999990046e+02,9.510732996672359718e-01,7.527021940746007056e-01,0.000000000000000000e+00,8.613446481128200057e-08,4.371767475727091901e-01,6.127292096403317290e-01,7.506922789274359520e-01,2.522759670181119684e+00,3.648775932167895419e+00,-4.856979044660511136e+01,-1.632225506607184400e+02,-2.360758028112628324e+02
1.551584953000001406e+02,9.510732996672359718e-01,7.527021940746007056e-01,0.000000000000000000e+00,4.543056843446696146e-08,4.371767475727091901e-01,6.127292096403317290e-01,7.632296392095441195e-01,2.558975287101436624e+00,3.616858448174014029e+00,-4.938095765685750393e+01,-1.655657010754629539e+02,-2.340107415968587077e+02
1.552660330999988219e+02,9.510732996672359718e-01,7.527021940746007056e-01,0.000000000000000000e+00,2.371919932884212153e-08,4.371767475727091901e-01,6.127292096403317290e-01,7.759978299770005084e-01,2.595047326521120468e+00,3.583727242916373790e+00,-5.020705959951193620e+01,-1.678995620259165094e+02,-2.318671526166893955e+02
1.553777604999995674e+02,9.510732996672359718e-01,7.527021940746007056e-01,0.000000000000000000e+00,1.249352091571846854e-08,4.371767475727091901e-01,6.127292096403317290e-01,7.889948349844695397e-01,2.630960280905742632e+00,3.549411207298605042e+00,-5.104796582349518275e+01,-1.702231301746015504e+02,-2.296469051122197698e+02
1.554827912000000651e+02,9.510732996672359718e-01,7.527021940746007056e-01,0.000000000000000000e+00,6.483738394610623517e-09,4.371767475727091901e-01,6.127292096403317290e-01,8.022186018541945796e-01,2.666698711112259534e+00,3.513940265414063013e+00,-5.190354353996639247e+01,-1.725354066089631999e+02,-2.273519351722898989e+02
1.555877020999996603e+02,9.510732996672359718e-01,7.527021940746007056e-01,0.000000000000000000e+00,3.456505208871361326e-09,4.371767475727091901e-01,6.127292096403317290e-01,8.156670424000957986e-01,2.702247253026379248e+00,3.477345348451498452e+00,-5.277365764328619946e+01,-1.748353972708067374e+02,-2.249842440448119589e+02
1.556913555999999517e+02,9.510732996672359718e-01,7.527021940746007056e-01,0.000000000000000000e+00,1.843551380349803983e-09,4.371767475727091901e-01,6.127292096403317290e-01,8.293380329575041898e-01,2.737590624167617559e+00,3.439658367722705279e+00,-5.365817073235051993e+01,-1.771221133836448587e+02,-2.225458963916590278e+02
1.557984097999997175e+02,9.510732996672359718e-01,7.527021940746007056e-01,0.000000000000000000e+00,9.888851443928571517e-10,4.371767475727091901e-01,6.127292096403317290e-01,8.432294147185352973e-01,2.772713630259378892e+00,3.400912186835258311e+00,-5.455694313228923420e+01,-1.793945718777818286e+02,-2.200390184882412257e+02
1.559079807999987679e+02,9.510732996672359718e-01,7.527021940746007056e-01,0.000000000000000000e+00,5.225425135905716818e-10,4.371767475727091901e-01,6.127292096403317290e-01,8.573389940729749803e-01,2.807601171760996106e+00,3.361140593035066182e+00,-5.546983291652148296e+01,-1.816517958129364558e+02,-2.174657963693688032e+02
1.560166288999989774e+02,9.510732996672359718e-01,7.527021940746007056e-01,0.000000000000000000e+00,2.716781133249599994e-10,4.371767475727091901e-01,6.127292096403317290e-01,8.716645429546800994e-01,2.842238250359110374e+00,3.320378267743307799e+00,-5.639669592916780516e+01,-1.838928147982344399e+02,-2.148284739229920319e+02
1.561238698999986809e+02,9.503699067254061106e-01,7.525859970067770854e-01,0.000000000000000000e+00,-5.104991564491257686e-04,4.375400738868607808e-01,6.123270095576097694e-01,8.862037991934190728e-01,2.876609975415496567e+00,3.278660756313783509e+00,-5.733738580781421490e+01,-1.861166654093826480e+02,-2.121293509335017973e+02
1.562334205999995902e+02,9.502444245812126100e-01,7.526457510567787779e-01,0.000000000000000000e+00,-6.438589464552977379e-06,4.376516525872132246e-01,6.123207146353157881e-01,9.009544668720790295e-01,2.910701570368634528e+00,3.236024437036800094e+00,-5.829175400662351336e+01,-1.883223916028506721e+02,-2.093707810762809629e+02
1.563410569999996369e+02,9.502444245812126100e-01,7.526457510567787779e-01,0.000000000000000000e+00,-3.364290025213816788e-06,4.376516525872132246e-01,6.123207146353157881e-01,9.159142166892428882e-01,2.944498379086208040e+00,3.192506489416779836e+00,-5.925964981979402069e+01,-1.905090451268776803e+02,-2.065551698652656682e+02
1.564605230999986816e+02,9.502444245812126100e-01,7.526457510567787779e-01,0.000000000000000000e+00,-1.772886515388078626e-06,4.376516525872132246e-01,6.123207146353157881e-01,9.310806863269951439e-01,2.977985872165862524e+00,3.148144861751140056e+00,-6.024092040535659009e+01,-1.926756859291313049e+02,-2.036849725552987707e+02
1.565684872999991057e+02,9.502444245812126100e-01,7.526457510567787779e-01,0.000000000000000000e+00,-8.892272801035342754e-07,4.376516525872132246e-01,6.123207146353157881e-01,9.464514808239650190e-01,3.011149653181440566e+00,3.102978238038884395e+00,-6.123541080931053671e+01,-1.948213825608392256e+02,-2.007626920011158234e+02
1.566786746999987372e+02,9.502444245812126100e-01,7.526457510567787779e-01,0.000000000000000000e+00,-4.684394462010981484e-07,4.376516525872132246e-01,6.123207146353157881e-01,9.620241729535217168e-01,3.043975464872091585e+00,3.057046004247485183e+00,-6.224296399009286063e+01,-1.969452125772243392e+02,-1.977908764748123076e+02
1.567881235999993805e+02,9.502444245812126100e-01,7.526457510567787779e-01,0.000000000000000000e+00,-2.439401273241457281e-07,4.376516525872132246e-01,6.123207146353157881e-01,9.777963036070447256e-01,3.076449195271486747e+00,3.010388213967865934e+00,-6.326342084337579763e+01,-1.990462629340651972e+02,-1.947721174437209299e+02
1.568978102000000945e+02,9.502444245812126100e-01,7.526457510567787779e-01,0.000000000000000000e+00,-1.276593627364280283e-07,4.376516525872132246e-01,6.123207146353157881e-01,9.937653821822722833e-01,3.108556883774684643e+00,2.963045553486919559e+00,-6.429662022719301717e+01,-2.011236303802220959e+02,-1.917090473106036939e+02
1.570156009999991511e+02,9.502444245812126100e-01,7.526457510567787779e-01,0.000000000000000000e+00,-6.659289818448695895e-08,4.376516525872132246e-01,6.123207146353157881e-01,1.009928886976577900e+00,3.140284727139815324e+00,2.915059306308593889e+00,-6.534239898738459829e+01,-2.031764218459460665e+02,-1.886043371181660291e+02
1.571251045999997586e+02,9.502444245812126100e-01,7.526457510567787779e-01,0.000000000000000000e+00,-3.343204389033660175e-08,4.376516525872132246e-01,6.123207146353157881e-01,1.026284265585180711e+00,3.171619085422168194e+00,2.866471317153961529e+00,-6.640059198336119550e+01,-2.052037548268143041e+02,-1.854606942198613240e+02
1.572323084999989078e+02,9.502444245812126100e-01,7.526457510567787779e-01,0.000000000000000000e+00,-1.760062186654819083e-08,4.376516525872132246e-01,6.123207146353157881e-01,1.042828935304206173e+00,3.202546487838076938e+00,2.817323955472070374e+00,-6.747103211418213675e+01,-2.072047577631235811e+02,-1.822808599190429675e+02
1.573461994999997842e+02,9.502444245812126100e-01,7.526457510567787779e-01,0.000000000000000000e+00,-9.286485536688438498e-09,4.376516525872132246e-01,6.123207146353157881e-01,1.059560283538504066e+00,3.233053638556026677e+00,2.767660078493163311e+00,-6.855355034494121469e+01,-2.091785704145749492e+02,-1.790676070785076774e+02
1.574543104000003950e+02,9.502444245812126100e-01,7.526457510567787779e-01,0.000000000000000000e+00,-4.765153257998015167e-09,4.376516525872132246e-01,6.123207146353157881e-01,1.076475668214237125e+00,3.263127422412654965e+00,2.717522993856445801e+00,-6.964797573346115200e+01,-2.111243442300987851e+02,-1.758237377025120622e+02
1.575623737999994773e+02,9.502444245812126100e-01,7.526457510567787779e-01,0.000000000000000000e+00,-2.509019723387126434e-09,4.376516525872132246e-01,6.123207146353157881e-01,1.093572418196075535e+00,3.292754910550999892e+00,2.666956421845247949e+00,-7.075413545728609677e+01,-2.130412427126497050e+02,-1.725520804933875638e+02
1.576713330000002316e+02,9.502444245812126100e-01,7.526457510567787779e-01,0.000000000000000000e+00,-1.320191014924783889e-09,4.376516525872132246e-01,6.123207146353157881e-01,1.110847833709005306e+00,3.321923365978641129e+00,2.616004457262314009e+00,-7.187185484097264521e+01,-2.149284417788180974e+02,-1.692554883848717111e+02
1.577775568999986717e+02,9.502444245812126100e-01,7.526457510567787779e-01,0.000000000000000000e+00,-6.924384415192413945e-10,4.376516525872132246e-01,6.123207146353157881e-01,1.128299186764658790e+00,3.350620249043426480e+00,2.564711530978379450e+00,-7.300095738367342335e+01,-2.167851301131097159e+02,-1.659368360543011534e+02
1.578854272999997193e+02,9.502444245812126100e-01,7.526457510567787779e-01,0.000000000000000000e+00,-3.676452813869636997e-10,4.376516525872132246e-01,6.123207146353157881e-01,1.145923721592076783e+00,3.378833222824306315e+00,2.513122371187928028e+00,-7.414126478700737266e+01,-2.186105095167326340e+02,-1.625990174158589525e+02
1.579956659999988915e+02,9.502444245812126100e-01,7.526457510567787779e-01,0.000000000000000000e+00,-1.931037711541653696e-10,4.376516525872132246e-01,6.123207146353157881e-01,1.163718655072904173e+00,3.406550158435069253e+00,2.461281964405428457e+00,-7.529259698321691019e+01,-2.204037952507489990e+02,-1.592449430970312392e+02
1.581029770999994071e+02,9.502444245812126100e-01,7.526457510567787779e-01,0.000000000000000000e+00,-1.008089641252360447e-10,4.376516525872132246e-01,6.123207146353157881e-01,1.181681177180859299e+00,3.433759140238549890e+00,2.409235516236450270e+00,-7.645477216360160355e+01,-2.221642163734341864e+02,-1.558775379004983392e+02
1.582114432999987912e+02,8.791610018429505402e-01,7.387784353303614715e-01,0.000000000000000000e+00,-5.238675385303089710e-02,4.711910896183715836e-01,5.690101348600292708e-01,1.199808451425472988e+00,3.460448470969244017e+00,2.357028411957716507e+00,-7.762760680722810491e+01,-2.238910160717100837e+02,-1.524997382536642760e+02
1.583226018999994267e+02,7.280245053081824125e-01,7.206657505338667224e-01,0.000000000000000000e+00,-5.132328917467228468e-02,5.379700246458709589e-01,4.795282854796601435e-01,1.218097615300009373e+00,3.486606676762051382e+00,2.304706176940478191e+00,-7.881091570991060280e+01,-2.255834519865047412e+02,-1.491144896480489592e+02
1.584302267999992182e+02,7.013510649700727129e-01,7.186690995561559880e-01,0.000000000000000000e+00,-2.566607319958383662e-02,5.490424293775596487e-01,4.637215602061687258e-01,1.236545780733472544e+00,3.512222512084845150e+00,2.252314436951740717e+00,-8.000451201345568109e+01,-2.272407965318894867e+02,-1.457247440707776320e+02
1.585377888999992138e+02,7.005400429475705515e-01,7.180542370631459725e-01,0.000000000000000000e+00,-1.602390049436219072e-02,5.489482783742061223e-01,4.628797630425547927e-01,1.255150034546677507e+00,3.537284964573101931e+00,2.199898878367802624e+00,-8.120820723517003614e+01,-2.288623372078797047e+02,-1.423334574303968338e+02
1.586478041999998823e+02,7.007385793940352769e-01,7.178162426968360821e-01,0.000000000000000000e+00,-9.521905812525060034e-03,5.486744542097183874e-01,4.628352855790823228e-01,1.273907438912284862e+00,3.561783259764060627e+00,2.147505208335194204e+00,-8.242181129762482783e+01,-2.304473769067347462e+02,-1.389435869792870619e+02
1.587553818999986106e+02,7.007385793940352769e-01,7.178162426968360821e-01,0.000000000000000000e+00,-4.963184044119006016e-03,5.486744542097183874e-01,4.628352855790823228e-01,1.292815031818702831e+00,3.585706865728793602e+00,2.095179114913266805e+00,-8.364513255867007047e+01,-2.319952342126529459e+02,-1.355580887348883721e+02
1.588628214999989723e+02,7.007385793940352769e-01,7.178162426968360821e-01,0.000000000000000000e+00,-2.621627338706398504e-03,5.486744542097183874e-01,4.628352855790823228e-01,1.311869827537833100e+00,3.609045497599868035e+00,2.042966227233548260e+00,-8.487797784169779902e+01,-2.335052436947114813e+02,-1.321799149020105801e+02
1.589707904999995662e+02,7.007385793940352769e-01,7.178162426968360821e-01,0.000000000000000000e+00,-1.380068980994637005e-03,5.486744542097183874e-01,4.628352855790823228e-01,1.331068817096530132e+00,3.631789121992894387e+00,1.990912075710540297e+00,-8.612015246614549824e+01,-2.349767561929402859e+02,-1.288120112984719583e+02
1.590801190999991377e+02,7.007385793940352769e-01,7.178162426968360821e-01,0.000000000000000000e+00,-7.289215437035315203e-04,5.486744542097183874e-01,4.628352855790823228e-01,1.350408968751787064e+00,3.653927961319906714e+00,1.939062052338416553e+00,-8.737146027824063310e+01,-2.364091390973979685e+02,-1.254573147862955551e+02
1.591877014000001509e+02,7.007385793940352769e-01,7.178162426968360821e-01,0.000000000000000000e+00,-3.807629801975488172e-04,5.486744542097183874e-01,4.628352855790823228e-01,1.369887228469458762e+00,3.675452497992821588e+00,1.887461371108543284e+00,-8.863170368197398830e+01,-2.378017766201355698e+02,-1.221187507107227503e+02
1.592957403000000340e+02,7.007385793940352769e-01,7.178162426968360821e-01,0.000000000000000000e+00,-2.003636927559627079e-04,5.486744542097183874e-01,4.628352855790823228e-01,1.389500520406536932e+00,3.696353478515049140e+00,1.836155028582281190e+00,-8.990068367030293928e+01,-2.391540700599236970e+02,-1.187992303492735999e+02
1.594044448999993620e+02,7.007385793940352769e-01,7.178162426968360821e-01,0.000000000000000000e+00,-1.057765440891491807e-04,5.486744542097183874e-01,4.628352855790823228e-01,1.409245747396865589e+00,3.716621917459642432e+00,1.785187764653201947e+00,-9.117819985657720849e+01,-2.404654380596388705e+02,-1.155016483730621673e+02
1.595123977000002924e+02,7.007385793940352769e-01,7.178162426968360821e-01,0.000000000000000000e+00,-5.529515494074493161e-05,5.486744542097183874e-01,4.628352855790823228e-01,1.429119791440198295e+00,3.736249101332161704e+00,1.734604023533385053e+00,-9.246405050618083976e+01,-2.417353168561908774e+02,-1.122288803226100242e+02
1.596197112999998353e+02,7.007385793940352769e-01,7.178162426968360821e-01,0.000000000000000000e+00,-2.919846616705336798e-05,5.486744542097183874e-01,4.628352855790823228e-01,1.449119514194598279e+00,3.755226592316667666e+00,1.684447914997231566e+00,-9.375803256839051869e+01,-2.429631605228884155e+02,-1.089837801003208853e+02
1.597312827999994624e+02,7.007385793940352769e-01,7.178162426968360821e-01,0.000000000000000000e+00,-1.538725952315382189e-05,5.486744542097183874e-01,4.628352855790823228e-01,1.469241757471999144e+00,3.773546231903141646e+00,1.634763175917231193e+00,-9.505994170843834468e+01,-2.441484412041332632e+02,-1.057691774818448636e+02
1.598353057000003901e+02,7.007385793940352769e-01,7.178162426968360821e-01,0.000000000000000000e+00,-7.982558465255735363e-06,5.486744542097183874e-01,4.628352855790823228e-01,1.489483343736922372e+00,3.791200144394883065e+00,1.585593132124650584e+00,-9.636957233977888393e+01,-2.452906493423489565e+02,-1.025878756484649017e+02
1.599510781999997562e+02,7.007385793940352769e-01,7.178162426968360821e-01,0.000000000000000000e+00,-4.273398305215064759e-06,5.486744542097183874e-01,4.628352855790823228e-01,1.509841076608255062e+00,3.808180740294334399e+00,1.536980660628848527e+00,-9.768671765655410866e+01,-2.463892938970434443e+02,-9.944264874268650090e+01
1.600706398999991507e+02,7.007385793940352769e-01,7.178162426968360821e-01,0.000000000000000000e+00,-2.168441522430135529e-06,5.486744542097183874e-01,4.628352855790823228e-01,1.530311741363970635e+00,3.824480719565773068e+00,1.488968152227837738e+00,-9.901116966624890381e+01,-2.474439025559055381e+02,-9.633623944914110382e+01
1.601840653999988717e+02,7.007385793940352769e-01,7.178162426968360821e-01,0.000000000000000000e+00,-1.087988374294811056e-06,5.486744542097183874e-01,4.628352855790823228e-01,1.550892105448806735e+00,3.840093074773712090e+00,1.441597474542901436e+00,-1.003427192225377951e+02,-2.484540219378591814e+02,-9.327135660292572084e+01
1.602947650999994949e+02,7.007385793940352769e-01,7.178162426968360821e-01,0.000000000000000000e+00,-5.605457003128023249e-07,5.486744542097183874e-01,4.628352855790823228e-01,1.571578918984699147e+00,3.855011094095361912e+00,1.394909935509361487e+00,-1.016811560583100373e+02,-2.494192177879699273e+02,-9.025067282745568775e+01
1.604008654999997816e+02,7.007385793940352769e-01,7.178162426968360821e-01,0.000000000000000000e+00,-2.897572072078445757e-07,5.486744542097183874e-01,4.628352855790823228e-01,1.592368915283981057e+00,3.869228364206120041e+00,1.348946247355522043e+00,-1.030262688188735751e+02,-2.503390751641359770e+02,-8.727682220390228451e+01
1.605101220999986253e+02,7.007385793940352769e-01,7.178162426968360821e-01,0.000000000000000000e+00,-1.550259567940168379e-07,5.486744542097183874e-01,4.628352855790823228e-01,1.613258811365238188e+00,3.882738773036654045e+00,1.303746491100901128e+00,-1.043778450953309118e+02,-2.512131986154715264e+02,-8.435239797422831032e+01
1.606186937999991642e+02,7.007385793940352769e-01,7.178162426968360821e-01,0.000000000000000000e+00,-8.096682054446835328e-08,5.486744542097183874e-01,4.628352855790823228e-01,1.634245308471703240e+00,3.895536512400528117e+00,1.259350081605116856e+00,-1.057356714581191994e+02,-2.520412123523141759e+02,-8.147995027985106731e+01
1.607262990999988688e+02,7.007385793940352769e-01,7.178162426968360821e-01,0.000000000000000000e+00,-4.253842380195636113e-08,5.486744542097183874e-01,4.628352855790823228e-01,1.655325092592206282e+00,3.907616080491160382e+00,1.215795733197393425e+00,-1.070995334907157570e+02,-2.528227604077780768e+02,-7.866198393787135501e+01
1.608303247999992891e+02,7.007385793940352769e-01,7.178162426968360821e-01,0.000000000000000000e+00,-2.244175626273297574e-08,5.486744542097183874e-01,4.628352855790823228e-01,1.676494834984470383e+00,3.918972284247089100e+00,1.173121425917216909e+00,-1.084692158234952331e+02,-2.535575067907866753e+02,-7.590095625684394065e+01
1.609365770000003977e+02,7.007385793940352769e-01,7.178162426968360821e-01,0.000000000000000000e+00,-1.202596647892026214e-08,5.486744542097183874e-01,4.628352855790823228e-01,1.697751192700763578e+00,3.929600241584467746e+00,1.131364372395082585e+00,-1.098445021677394067e+02,-2.542451356305150796e+02,-7.319927489396184228e+01
1.610397906999987754e+02,7.007385793940352769e-01,7.178162426968360821e-01,0.000000000000000000e+00,-6.390080529218516159e-09,5.486744542097183874e-01,4.628352855790823228e-01,1.719090809115797480e+00,3.939495383495925651e+00,1.090560985402600380e+00,-1.112251753497920959e+02,-2.548853513121864012e+02,-7.055929575554824851e+01
1.611472789999988890e+02,7.007385793940352769e-01,7.178162426968360821e-01,0.000000000000000000e+00,-3.431219694219219725e-09,5.486744542097183874e-01,4.628352855790823228e-01,1.740510314456751750e+00,3.948653456014768803e+00,1.050746846099974929e+00,-1.126110173453518399e+02,-2.554778786041555634e+02,-6.798332094266838510e+01
1.612547997000001487e+02,7.007385793940352769e-01,7.178162426968360821e-01,0.000000000000000000e+00,-1.807499348352526928e-09,5.486744542097183874e-01,4.628352855790823228e-01,1.762006326335435524e+00,3.957070522043820482e+00,1.011956673008723939e+00,-1.140018093139026831e+02,-2.560224627762352156e+02,-6.547359674366444438e+01
1.613656430999999429e+02,7.007385793940352769e-01,7.178162426968360821e-01,0.000000000000000000e+00,-9.517428959465831372e-10,5.486744542097183874e-01,4.628352855790823228e-01,1.783575450282384178e+00,3.964742963047965141e+00,9.742242917365750987e-01,-1.153973316332702552e+02,-2.565188697092033294e+02,-6.303231167535641077e+01
1.614743194000002404e+02,6.961899730635803252e-01,7.108728273385980234e-01,0.000000000000000000e+00,-2.999279469087768810e-02,5.454464055578700510e-01,4.558819971356313783e-01,1.805214280282888772e+00,3.971667480609785361e+00,9.375826054810969534e-01,-1.167973639343029078e+02,-2.569668859954531399e+02,-6.066159457462697446e+01
1.615815137999998115e+02,6.844736161466142832e-01,6.974740781621415753e-01,0.000000000000000000e+00,-7.431588952147129279e-02,5.403694151358806597e-01,4.409886448581589180e-01,1.826919399314853143e+00,3.977841097847575114e+00,9.020635663375409230e-01,-1.182016851356709992e+02,-2.573663190307381115e+02,-5.836351274203889972e+01
1.616933861999987130e+02,6.715278943305422743e-01,6.798096900588704861e-01,0.000000000000000000e+00,-1.163490851147246236e-01,5.322039379440571816e-01,4.229659361399871753e-01,1.848687379888356297e+00,3.983261160695091618e+00,8.676981474362428504e-01,-1.196100734787766555e+02,-2.577169970969724204e+02,-5.614007013912491573e+01
1.618010137999990548e+02,6.612423589297362625e-01,6.652252783011712856e-01,0.000000000000000000e+00,-1.227670290393678976e-01,5.250156870810543941e-01,4.085134015056043899e-01,1.870514784586929657e+00,3.987925339042577733e+00,8.345163159334740843e-01,-1.210223065627743608e+02,-2.580187694360548107e+02,-5.399320564089577346e+01
1.619088152999993326e+02,6.441332212675723312e-01,6.417125797400082821e-01,0.000000000000000000e+00,-1.669248621945435274e-01,5.131265805296234550e-01,3.853519785216528160e-01,1.892398166610339549e+00,3.991831627738464672e+00,8.025470068797349033e-01,-1.224381613796889781e+02,-2.582715063146786747e+02,-5.192479134511884808e+01
1.620190275999993901e+02,4.688887407081150371e-01,6.055119632218939341e-01,0.000000000000000000e+00,-1.946290676115725038e-01,5.401596696199369996e-01,2.736279753989214192e-01,1.914334070318884251e+00,3.994978347451412226e+00,7.718180979878896952e-01,-1.238574143496318101e+02,-2.584750990801063608e+02,-4.993663093981646739e+01
1.621265048999994178e+02,2.438925981080797278e-01,5.806609182860211771e-01,0.000000000000000000e+00,-7.645659934942870828e-02,5.634764543197932074e-01,1.402190695018310507e-01,1.936319031779085709e+00,3.997364145392247714e+00,7.423563853234387278e-01,-1.252798413561068571e+02,-2.586294602068784343e+02,-4.803045813042648859e+01
1.622341450999992958e+02,7.471643614091760810e-02,5.403082135430181676e-01,0.000000000000000000e+00,-1.018161240459914546e-01,5.388007673389952901e-01,4.033235347655229203e-02,1.958349579310659117e+00,3.998987995895544767e+00,7.141875599379214901e-01,-1.267052177813996536e+02,-2.587345233344417466e+02,-4.620793512798352509e+01
1.623471040999993420e+02,-1.194571276733422949e-01,4.901269256684447351e-01,0.000000000000000000e+00,-1.372778877255265984e-01,4.866340253497199453e-01,-5.841000459792194260e-02,1.980422234034768803e+00,3.999849200860558618e+00,6.873361854659520986e-01,-1.281333185420495511e+02,-2.587902432956781809e+02,-4.447065119964710078e+01
1.624583483999995224e+02,-3.003618730294049244e-01,4.557057582911372973e-01,0.000000000000000000e+00,-9.624467618954182790e-02,4.353035771611830640e-01,-1.348277933156899755e-01,2.002533510423360141e+00,3.999947390051342921e+00,6.618256767053372069e-01,-1.295639181243914209e+02,-2.587965961363219094e+02,-4.282012128283531638e+01
1.625738488999995752e+02,-6.442483867366105565e-01,4.945276421907538467e-01,0.000000000000000000e+00,3.850140751417330254e-01,3.954002735511144007e-01,-2.970121421195607847e-01,2.024679916849568606e+00,3.999282521255917100e+00,6.376782791990698307e-01,-1.309967906201671042e+02,-2.587535791252578292e+02,-4.125778466417982315e+01
1.626855305999997654e+02,-7.736627486448925950e-01,5.480766017335935159e-01,0.000000000000000000e+00,5.132920972579565477e-01,3.920699355318879031e-01,-3.829740552829464795e-01,2.046857956139096935e+00,3.997854880304410496e+00,6.149150498368309847e-01,-1.324317097621995742e+02,-2.586612107556953788e+02,-3.978500372444296573e+01
1.627931045999994240e+02,-8.685620768168269556e-01,5.602897605377875623e-01,0.000000000000000000e+00,3.685477049240271641e-01,3.619051224110909626e-01,-4.277257276995441448e-01,2.069064126122432956e+00,3.995665080946187331e+00,5.935558384931360898e-01,-1.338684489601214125e+02,-2.585195307372183038e+02,-3.840306275050591012e+01
1.629002057999987301e+02,-9.540494271100801171e-01,5.804576957106443169e-01,0.000000000000000000e+00,3.191211084377255092e-01,3.357277123356689486e-01,-4.735166730745278274e-01,2.091294920187920070e+00,3.992714064585987099e+00,5.736192707178724426e-01,-1.353067813361584228e+02,-2.583285999787133846e+02,-3.711316681544634832e+01
1.630079028999989532e+02,-1.014019573236786265e+00,5.836792041471418058e-01,0.000000000000000000e+00,2.035513445116247100e-01,3.084467528981297835e-01,-4.955219611484851794e-01,2.113546827835468100e+00,3.989003099879216307e+00,5.551227314946072244e-01,-1.367464797609547986e+02,-2.580885005621852883e+02,-3.591644072770108664e+01
1.631183535000000120e+02,-1.055359201211624409e+00,5.768020115362395561e-01,0.000000000000000000e+00,8.813148615319366108e-02,2.843144957086597424e-01,-5.018623596586844204e-01,2.135816335230907193e+00,3.984533782186545636e+00,5.380823500805778092e-01,-1.381873168894396997e+02,-2.577993357074695382e+02,-3.481392805021338432e+01
1.632311407999986841e+02,-1.077342927094202985e+00,5.715306241210926785e-01,0.000000000000000000e+00,2.727508760962905898e-02,2.707169814899558213e-01,-5.033483587349945054e-01,2.158099925760869287e+00,3.979308032888050128e+00,5.225129859417725342e-01,-1.396290651967282486e+02,-2.574612297278568462e+02,-3.380659019043268643e+01
1.633420663999986573e+02,-1.077274577867157745e+00,5.714647747408193590e-01,0.000000000000000000e+00,1.375530757099121572e-02,2.707201894809810883e-01,-5.032718626914851612e-01,2.180394080588077710e+00,3.973328098557217913e+00,5.084282157952373371e-01,-1.410714970140486457e+02,-2.570743279766520004e+02,-3.289530556195185795e+01
1.634556589999992866e+02,-1.074289771864489929e+00,5.712203825635158161e-01,0.000000000000000000e+00,5.919551314105391329e-03,2.721047323124294315e-01,-5.022466924820814249e-01,2.202695279207049328e+00,3.966596549995112131e+00,4.958403217699836052e-01,-1.425143845646960870e+02,-2.566387967846837910e+02,-3.208086881851794203e+01
1.635632112000002962e+02,-1.071712992960658362e+00,5.710546032499667080e-01,0.000000000000000000e+00,2.271244846191906863e-03,2.733186607612775321e-01,-5.013983142897855405e-01,2.224999999999998757e+00,3.959116281125195869e+00,4.847602806967774569e-01,-1.439574999999999250e+02,-2.561548233888001960e+02,-3.136399016108150306e+01
1.636704334999994899e+02,-1.073007094946750062e+00,5.719793089921418883e-01,0.000000000000000000e+00,5.274433363462811310e-03,2.731111039404606200e-01,-5.025640803117061850e-01,2.247304720792948185e+00,3.950890507749202030e+00,4.751977545362002786e-01,-1.454006154353037630e+02,-2.556226158513733822e+02,-3.074529471849215767e+01
1.637791388999994524e+02,-1.097833483345871386e+00,5.812748190039584983e-01,0.000000000000000000e+00,4.473077337594204977e-02,2.647857181938386706e-01,-5.174639491294613647e-01,2.269605919411932682e+00,3.941922766164659642e+00,4.671610819532527881e-01,-1.468435029859520569e+02,-2.550424029708534874e+02,-3.022532200237545652e+01
1.638877253999999084e+02,-1.146129239939075894e+00,5.946341109362053290e-01,0.000000000000000000e+00,8.645753622917488890e-02,2.449996372844439607e-01,-5.418163006216979438e-01,2.291900074239141105e+00,3.932216911644617063e+00,4.606572710459408970e-01,-1.482859348032724256e+02,-2.544144341834067404e+02,-2.980452543667237819e+01
1.639950231999991956e+02,-1.257532800418271091e+00,6.042837578806515841e-01,0.000000000000000000e+00,1.129432158889836363e-01,1.862190874017781717e-01,-5.748750399222520846e-01,2.314183664769096982e+00,3.921777116780246430e+00,4.556919932340819379e-01,-1.497276831105605766e+02,-2.537389794556819425e+02,-2.948327196224510161e+01
1.641032550999989326e+02,-1.392771586826017094e+00,6.231513259464332988e-01,0.000000000000000000e+00,1.920585866055476154e-01,1.103512998757950614e-01,-6.133026705017028402e-01,2.336453172164535630e+00,3.910607869687014571e+00,4.522695783137637981e-01,-1.511685202390454492e+02,-2.530163291687498486e+02,-2.926184171690051983e+01
1.642186119999987568e+02,-1.484365740604838724e+00,6.607902681898714103e-01,0.000000000000000000e+00,3.032832895335259016e-01,5.704140938897216823e-02,-6.583236712661650891e-01,2.358705079812083660e+00,3.898713972075245948e+00,4.503930106816869117e-01,-1.526082186638418250e+02,-2.522467939932684260e+02,-2.914042779110514303e+01
1.643258714000003238e+02,-1.508468082254212472e+00,6.857596044873287555e-01,0.000000000000000000e+00,2.681249332651912121e-01,4.271452348305719571e-02,-6.844280127451191076e-01,2.380935873877576991e+00,3.886100537185809500e+00,4.500639267327324333e-01,-1.540465510398792333e+02,-2.514307047559218802e+02,-2.911913605960778995e+01
1.644360473999986425e+02,-1.525061746470630641e+00,7.039163987408275647e-01,0.000000000000000000e+00,2.244773044991985600e-01,3.218209938357383115e-02,-7.031803530357780829e-01,2.403142043860913013e+00,3.872772987591967642e+00,4.512826134329968042e-01,-1.554832902378010715e+02,-2.505684122972003252e+02,-2.919798508911489421e+01
1.645435020999993867e+02,-1.540286425084894883e+00,7.051133253183760052e-01,0.000000000000000000e+00,1.243167824040881386e-01,2.150960083740819165e-02,-7.047851719590539910e-01,2.425320083150435124e+00,3.858737052868121076e+00,4.540480080695556975e-01,-1.569182093798331721e+02,-2.496602873205674484e+02,-2.937690612210025520e+01
1.646537124999995285e+02,-1.578092946392370299e+00,7.087563539050004691e-01,0.000000000000000000e+00,8.707228502778879831e-02,-5.171479612623001466e-03,-7.087374866615470115e-01,2.447466489576644033e+00,3.843998767126691085e+00,4.583576991771634024e-01,-1.583510818756088838e+02,-2.487067202330969167e+02,-2.965574313676247442e+01
1.647653147000000899e+02,-1.579610114213502836e+00,7.089921931703253577e-01,0.000000000000000000e+00,4.636280862240871325e-02,-6.248825566892930554e-03,-7.089646550819741488e-01,2.469577765965234928e+00,3.828564466424008828e+00,4.642079286410891736e-01,-1.597816814579506968e+02,-2.477081209776333708e+02,-3.003425298307847058e+01
1.648695654000002833e+02,-1.578065432328783047e+00,7.084984340902255040e-01,0.000000000000000000e+00,2.190814387989607412e-02,-5.150104532551510669e-03,-7.084797156811233343e-01,2.491650420689350831e+00,3.812440786036398244e+00,4.715935949742517952e-01,-1.612097822186009921e+02,-2.466649188565549764e+02,-3.051210559483409313e+01
1.649770224000003509e+02,-1.576477217977960477e+00,7.081251073270771190e-01,0.000000000000000000e+00,1.002674758344966263e-02,-4.022760041201984757e-03,-7.081136808653222259e-01,2.513680968220924239e+00,3.795634657607672935e+00,4.805082577657786569e-01,-1.626351586438938170e+02,-2.455775623472164568e+02,-3.108888427744588157e+01
1.650893505000003643e+02,-1.574796284409852420e+00,7.076239642259493090e-01,0.000000000000000000e+00,3.068035594963149700e-03,-2.830458316487823034e-03,-7.076183033617532425e-01,2.535665929681119479e+00,3.778153306169170556e+00,4.909441432971535235e-01,-1.640575856503684236e+02,-2.444465189091453396e+02,-3.176408607132583484e+01
1.651968526999989990e+02,-1.573578512927969131e+00,7.072230739720297699e-01,0.000000000000000000e+00,-1.428124157228908187e-04,-1.967623690973503182e-03,-7.072203368225901121e-01,2.557601833389664403e+00,3.760004247033688518e+00,5.028921513210156125e-01,-1.654768386203112982e+02,-2.432722747830796663e+02,-3.253712219046970944e+01
1.653017349999990984e+02,-1.572542894326580232e+00,7.069255031593372207e-01,0.000000000000000000e+00,-1.383692779935080447e-03,-1.234692503399111366e-03,-7.069244249221440235e-01,2.579485215413074073e+00,3.741195282564593327e+00,5.163418629966960438e-01,-1.668926934372258870e+02,-2.420553347819291901e+02,-3.340731853588623324e+01
1.654089911999999458e+02,-1.571580356576838700e+00,7.066960289779633531e-01,0.000000000000000000e+00,-1.754762851184242002e-03,-5.540706767341325306e-04,-7.066958117739963185e-01,2.601312620111653651e+00,3.721734498821585468e+00,5.312815499756260440e-01,-1.683049265212239902e+02,-2.407962220737565815e+02,-3.437391628342300720e+01
1.655186226999994688e+02,-1.570539486554800357e+00,7.064000535554350035e-01,0.000000000000000000e+00,-2.220265264470426807e-03,1.814319573644395875e-04,-7.064000302559211297e-01,2.623080600685156583e+00,3.701630262084441902e+00,5.476981846285924327e-01,-1.697133148643296465e+02,-2.394954779568633967e+02,-3.543607254546993346e+01
1.656266983999994409e+02,-1.569892994496010497e+00,7.061985944367977774e-01,0.000000000000000000e+00,-2.037166313257545748e-03,6.379319130230100623e-04,-7.061983063045274012e-01,2.644785719717114958e+00,3.680891215256324678e+00,5.655774514060731839e-01,-1.711176360656973543e+02,-2.381536616270842046e+02,-3.659286110597293629e+01
1.657342742000000726e+02,-1.569180459615798773e+00,7.060793306468242658e-01,0.000000000000000000e+00,-1.591989626907774208e-03,1.140929919731673362e-03,-7.060784088510182466e-01,2.666424549717619552e+00,3.659526274148132252e+00,5.849037593215649089e-01,-1.725176683667299926e+02,-2.367713499373841728e+02,-3.784327322810525374e+01
1.658439183999998932e+02,-1.568458739338288277e+00,7.058087569338350464e-01,0.000000000000000000e+00,-2.018072825927866559e-03,1.649888194387067386e-03,-7.058068285539829123e-01,2.687993673664568206e+00,3.637544623645599273e+00,6.056602555471921612e-01,-1.739131906860975789e+02,-2.353491371498702733e+02,-3.918621853390333598e+01
1.659519949999994424e+02,-1.568458739338288277e+00,7.058087569338350464e-01,0.000000000000000000e+00,-1.056824243907054321e-03,1.649888194387067386e-03,-7.058068285539829123e-01,2.709489685543258197e+00,3.614955713760607647e+00,6.278288401095921678e-01,-1.753039826546488200e+02,-2.338876346803113222e+02,-4.062052595509061348e+01
1.660639689999989059e+02,-1.568458739338288277e+00,7.058087569338350464e-01,0.000000000000000000e+00,-5.575491773351142150e-04,1.649888194387067386e-03,-7.058068285539829123e-01,2.730909190884212023e+00,3.591769255568673991e+00,6.513901816733791428e-01,-1.766898246502085215e+02,-2.323874708352932146e+02,-4.214494475426763387e+01
1.661737233000003471e+02,-1.568458739338288277e+00,7.058087569338350464e-01,0.000000000000000000e+00,-2.877534556613192988e-04,1.649888194387067386e-03,-7.058068285539829123e-01,2.752248807299240152e+00,3.567995217034005684e+00,6.763237343983459215e-01,-1.780704978322608554e+02,-2.308492905421001637e+02,-4.375814561557298532e+01
1.662779732999988482e+02,-1.568458739338288277e+00,7.058087569338350464e-01,0.000000000000000000e+00,-1.504755837646477173e-04,1.649888194387067386e-03,-7.058068285539829123e-01,2.773505165015533347e+00,3.543643818724312666e+00,7.026077558557661806e-01,-1.794457841765050148e+02,-2.292737550714630288e+02,-4.545872180386807315e+01
1.663814000000002125e+02,-1.568458739338288277e+00,7.058087569338350464e-01,0.000000000000000000e+00,-8.076273707405379307e-05,1.649888194387067386e-03,-7.058068285539829123e-01,2.794674907407797448e+00,3.518725529416908415e+00,7.302193259880720433e-01,-1.808154665092845050e+02,-2.276615417532739798e+02,-4.724519039142826671e+01
1.664859280000000581e+02,-1.577799284515015055e+00,7.062938535250479211e-01,0.000000000000000000e+00,2.264371008549488206e-03,-4.946105566646664606e-03,-7.062765347701885910e-01,2.815754691528306708e+00,3.493251061598110940e+00,7.591343670955441603e-01,-1.821793285418814605e+02,-2.260133436853977855e+02,-4.911599355108170784e+01
1.665957359999993059e+02,-1.605758839644667813e+00,7.091516637623748176e-01,0.000000000000000000e+00,1.559128325763382492e-02,-2.478867325115916009e-02,-7.087182824616503618e-01,2.836741188634771760e+00,3.467231366857942199e+00,7.893276648323421796e-01,-1.835371549046697339e+02,-2.243298694357088721e+02,-5.106949991465253902e+01
1.667077315999995335e+02,-1.640834543385487176e+00,7.146396197321747135e-01,0.000000000000000000e+00,3.572017867512206069e-02,-5.001117399268754926e-02,-7.128875567484821429e-01,2.857631084716022229e+00,3.440677631181960461e+00,8.207728901938859956e-01,-1.848887311811266443e+02,-2.226118427374728412e+02,-5.310400599554442636e+01
1.668169144999992568e+02,-1.640159229872170776e+00,7.145580637436825810e-01,0.000000000000000000e+00,1.810178265007327328e-02,-4.952408759989927051e-02,-7.128398075363905351e-01,2.878421081015304583e+00,3.413601270142368360e+00,8.534426224760540691e-01,-1.862338439416902247e+02,-2.208600021782112321e+02,-5.521773767420069845e+01
1.669279061999986880e+02,-1.639112236318827964e+00,7.143397137122259322e-01,0.000000000000000000e+00,8.458919466639899104e-03,-4.876281672838605336e-02,-7.126734275186488166e-01,2.899107894551196996e+00,3.386013923990371044e+00,8.873083731865123447e-01,-1.875722807774624528e+02,-2.190751008821770256e+02,-5.740885174516735390e+01
1.670351976000001741e+02,-1.638473562001362849e+00,7.142005152101874588e-01,0.000000000000000000e+00,3.787843551723428601e-03,-4.829822721909112632e-02,-7.125655458791073649e-01,2.919688258636038647e+00,3.357927452652034184e+00,9.223406108870495501e-01,-1.889038303337516993e+02,-2.172579061865866095e+02,-5.967543752439210891e+01
1.671446908999987500e+02,-1.638046900330991651e+00,7.140577392497594600e-01,0.000000000000000000e+00,1.365932579409519535e-03,-4.798460389684414129e-02,-7.124436348030209754e-01,2.940158923391754442e+00,3.329353930629609604e+00,9.585087869454609333e-01,-1.902282823434465229e+02,-2.154091993117357617e+02,-6.201551851537132620e+01
1.672561746999999741e+02,-1.637535821545232029e+00,7.139354516793362526e-01,0.000000000000000000e+00,1.796861922425730979e-04,-4.761232746476389693e-02,-7.123460503420833145e-01,2.960516656263081359e+00,3.300305641810672874e+00,9.957813621743929478e-01,-1.915454276602213781e+02,-2.135297750251505420e+02,-6.442705413268322445e+01
1.673670712999992247e+02,-1.637271560463002817e+00,7.137838309656305835e-01,0.000000000000000000e+00,-5.623935254891237936e-04,-4.741400886540683701e-02,-7.122073217197946171e-01,2.980758242528004587e+00,3.270795074187182294e+00,1.034125834334019833e+00,-1.928550582915619032e+02,-2.116204412999107092e+02,-6.690794148141108622e+01
1.674743141999988438e+02,-1.636959268658639388e+00,7.137468473434517291e-01,0.000000000000000000e+00,-4.522379091597447491e-04,-4.718914488701785037e-02,-7.121851912933521156e-01,3.000880485805411002e+00,3.240834914486894647e+00,1.073508766474426945e+00,-1.941569674316100986e+02,-2.096820189673020991e+02,-6.945601719089542314e+01
1.675832837999987532e+02,-1.636533170302843621e+00,7.136035399574760518e-01,0.000000000000000000e+00,-8.679243176319441366e-04,-4.687626588157757512e-02,-7.120622359996636730e-01,3.020880208559810765e+00,3.210438042719243601e+00,1.113895816093162905e+00,-1.954509494938197633e+02,-2.077153413639350674e+02,-7.206905930122763948e+01
1.676932527999997546e+02,-1.636334903972663124e+00,7.135185105232029201e-01,0.000000000000000000e+00,-8.282709047464555802e-04,-4.672951827518499746e-02,-7.119866691034455464e-01,3.040754252603143470e+00,3.179617526638184533e+00,1.155251765082393911e+00,-1.967368001434233804e+02,-2.057212539734905477e+02,-7.474478920083089406e+01
1.678074015999991389e+02,-1.635958354915633350e+00,7.134129401332084397e-01,0.000000000000000000e+00,-8.905106038380373621e-04,-4.645454274629658847e-02,-7.118988682444589156e-01,3.060499479593466354e+00,3.148386616124264847e+00,1.197540550439657459e+00,-1.980143163296972943e+02,-2.037006140632399536e+02,-7.748087361344583712e+01
1.679159786000000167e+02,-1.635958354915633350e+00,7.134129401332084397e-01,0.000000000000000000e+00,-4.558439879567416906e-04,-4.645454274629658847e-02,-7.118988682444589156e-01,3.080112771530544524e+00,3.116758737488516395e+00,1.240725295715266796e+00,-1.992832963180262311e+02,-2.016542903155070121e+02,-8.027492663277776330e+01
1.680255256000000372e+02,-1.635958354915633350e+00,7.134129401332084397e-01,0.000000000000000000e+00,-2.384816639561870638e-04,-4.645454274629658847e-02,-7.118988682444589156e-01,3.099591031248221995e+00,3.084747487700322921e+00,1.284768343169215399e+00,-2.005435397217599700e+02,-1.995831624542109068e+02,-8.312451180304823595e+01
1.681379292999990867e+02,-1.635958354915633350e+00,7.134129401332084397e-01,0.000000000000000000e+00,-1.250718920378668408e-04,-4.645454274629658847e-02,-7.118988682444589156e-01,3.118931182903478483e+00,3.052366628542154903e+00,1.329631286609159968e+00,-2.017948475338550622e+02,-1.974881208666774342e+02,-8.602714424361265344e+01
1.682458878999987064e+02,-1.635958354915633350e+00,7.134129401332084397e-01,0.000000000000000000e+00,-6.461584944244423083e-05,-4.645454274629658847e-02,-7.118988682444589156e-01,3.138130172462175516e+00,3.019630080693160856e+00,1.375275004881340468e+00,-2.030370221583027615e+02,-1.953700662208475194e+02,-8.898029281582273597e+01
1.683536561999990226e+02,-1.635958354915633350e+00,7.134129401332084397e-01,0.000000000000000000e+00,-3.395593350939234812e-05,-4.645454274629658847e-02,-7.118988682444589156e-01,3.157184968181300455e+00,2.986551917744724172e+00,1.421659695984678118e+00,-2.042698674413301489e+02,-1.932299090780836650e+02,-9.198138233020867460e+01
1.684647179999992659e+02,-1.635958354915633350e+00,7.134129401332084397e-01,0.000000000000000000e+00,-1.792036909819565943e-05,-4.645454274629658847e-02,-7.118988682444589156e-01,3.176092561087718646e+00,2.953146360150122440e+00,1.468744911778812501e+00,-2.054931887023753916e+02,-1.910685695017129433e+02,-9.502779579208917937e+01
1.685722397999998066e+02,-1.642825768872608228e+00,7.140521135621183957e-01,0.000000000000000000e+00,2.828649234424407324e-03,-5.138831262178193693e-02,-7.122005772311719163e-01,3.194849965453331109e+00,2.919427769111037740e+00,1.516489593255402113e+00,-2.067067927648305385e+02,-1.888869766614841410e+02,-9.811687668362452541e+01
1.686791247999990446e+02,-1.676553328690902234e+00,7.178988292074329758e-01,0.000000000000000000e+00,2.059096900302925456e-02,-7.578137993850982135e-02,-7.138878843572135091e-01,3.213454219266536072e+00,2.885410640403740068e+00,1.564852106342234705e+00,-2.079104879865448936e+02,-1.866860684341219780e+02,-1.012459312803425888e+02
1.687887449999998353e+02,-1.706153460568445634e+00,7.222808134419081982e-01,0.000000000000000000e+00,3.336840527790505689e-02,-9.746759697383652887e-02,-7.156742562132931695e-01,3.231902384699994357e+00,2.851109598147126611e+00,1.613790278208735884e+00,-2.091040842900896450e+02,-1.844667910001190876e+02,-1.044122310001052227e+02
1.688946001999993314e+02,-1.705947111101433267e+00,7.223493149775094269e-01,0.000000000000000000e+00,1.773379130902955417e-02,-9.732914577632334474e-02,-7.157622302349631038e-01,3.250191548574525413e+00,2.816539388515881814e+00,1.663261434041349629e+00,-2.102873931927718161e+02,-1.822300984369775563e+02,-1.076130147824753323e+02
1.690019519999987097e+02,-1.705947111101433267e+00,7.223493149775094269e-01,0.000000000000000000e+00,9.412911177630193041e-03,-9.732914577632334474e-02,-7.157622302349631038e-01,3.268318822819138880e+00,2.781714873400927601e+00,1.713222434256529425e+00,-2.114602278363983032e+02,-1.799769523090400298e+02,-1.108454914963974574e+02
1.691160413999987213e+02,-1.705947111101433267e+00,7.223493149775094269e-01,0.000000000000000000e+00,4.959251360526977653e-03,-9.732914577632334474e-02,-7.157622302349631038e-01,3.286281344927103998e+00,2.746651024020308807e+00,1.763629712119203052e+00,-2.126224030167836361e+02,-1.777083212541139972e+02,-1.141068423741124462e+02
1.692241837999990821e+02,-1.705947111101433267e+00,7.223493149775094269e-01,0.000000000000000000e+00,2.546602384062509033e-03,-9.732914577632334474e-02,-7.157622302349631038e-01,3.304076278407931611e+00,2.711362914482952746e+00,1.814439311733468285e+00,-2.137737352129931878e+02,-1.754251805670470503e+02,-1.173942234691554063e+02
1.693320024000004196e+02,-1.705947111101433267e+00,7.223493149775094269e-01,0.000000000000000000e+00,1.339022068951629821e-03,-9.732914577632334474e-02,-7.157622302349631038e-01,3.321700813235349159e+00,2.675865715308250792e+00,1.865606926372958663e+00,-2.149140426163270945e+02,-1.731285117804438300e+02,-1.207047681363304292e+02
1.694441482999991422e+02,-1.705947111101433267e+00,7.223493149775094269e-01,0.000000000000000000e+00,7.058443736060503529e-04,-9.732914577632334474e-02,-7.157622302349631038e-01,3.339152166290998203e+00,2.640174686904197987e+00,1.917087937116820573e+00,-2.160431451590276026e+02,-1.708193022427016103e+02,-1.240355895314582995e+02
1.695526252999989083e+02,-1.705947111101433267e+00,7.223493149775094269e-01,0.000000000000000000e+00,3.640689151177220494e-04,-9.732914577632334474e-02,-7.157622302349631038e-01,3.356427581803927751e+00,2.604305173006821406e+00,1.968837451758186807e+00,-2.171608645427141369e+02,-1.684985446935413620e+02,-1.273837831287546862e+02
1.696602667999995901e+02,-1.705947111101433267e+00,7.223493149775094269e-01,0.000000000000000000e+00,1.915500242643212048e-04,-9.732914577632334474e-02,-7.157622302349631038e-01,3.373524331785770602e+00,2.568272594083914839e+00,2.020810343950774080e+00,-2.182670242665393801e+02,-1.661672368372292965e+02,-1.307464292536150765e+02
1.697705709999991086e+02,-1.705947111101433267e+00,7.223493149775094269e-01,0.000000000000000000e+00,1.009964441299773629e-04,-9.732914577632334474e-02,-7.157622302349631038e-01,3.390439716461503661e+00,2.532092440705657310e+00,2.072961292559714508e+00,-2.193614496550592889e+02,-1.638263809136560383e+02,-1.341205956286135290e+02
1.698787305999994715e+02,-1.705766039894836883e+00,7.217444193699054100e-01,0.000000000000000000e+00,-2.577122022813454084e-03,-9.711814531661644434e-02,-7.151804476786697284e-01,3.407171064695801554e+00,2.495780266885172960e+00,2.125244821182361132e+00,-2.204439678858183811e+02,-1.614769832674707004e+02,-1.375033399304987825e+02
1.699865792000000511e+02,-1.703009555957354371e+00,7.167179528456241178e-01,0.000000000000000000e+00,-2.332593674259538993e-02,-9.448376451110530871e-02,-7.104628365896644704e-01,3.423715734414821910e+00,2.459351683391740373e+00,2.177615337804310602e+00,-2.215144080166389813e+02,-1.591200539154455953e+02,-1.408917123559388926e+02
1.700985965999989276e+02,-1.703233064163089505e+00,7.167872134199494427e-01,0.000000000000000000e+00,-1.198532823233160703e-02,-9.465170227769964528e-02,-7.105103550112903399e-01,3.440071113023424942e+00,2.422822351039735977e+00,2.230027174556292735e+00,-2.225726010126155927e+02,-1.567566061122709300e+02,-1.442827581937921479e+02
1.702069551999993564e+02,-1.702759282293413445e+00,7.165586901838489897e-01,0.000000000000000000e+00,-7.160897865141336444e-03,-9.428499559048354739e-02,-7.103285831814004636e-01,3.456234617817735000e+00,2.386207973955869921e+00,2.282434627537333061e+00,-2.236183797728074580e+02,-1.543876559149447871e+02,-1.476735204016654563e+02
1.703139570999992429e+02,-1.702514726675672829e+00,7.165781113028537597e-01,0.000000000000000000e+00,-3.693994995329510141e-03,-9.411382865530279473e-02,-7.103708727518361910e-01,3.472203696392962335e+00,2.349524292828056637e+00,2.334791996669094427e+00,-2.246515791566246776e+02,-1.520142217459752771e+02,-1.510610421844904181e+02
1.704255066999994597e+02,-1.702258229941544077e+00,7.160200604771209676e-01,0.000000000000000000e+00,-4.404154075805175907e-03,-9.385846645746420691e-02,-7.098417536887450252e-01,3.487975827046485566e+00,2.312787078138249353e+00,2.387053625547138402e+00,-2.256720360099076288e+02,-1.496373239555447299e+02,-1.544423695728998496e+02
1.705328377999994700e+02,-1.701297768667522581e+00,7.144047107316725542e-01,0.000000000000000000e+00,-9.264214101464168447e-03,-9.296644013361013426e-02,-7.083299596406243959e-01,3.503548519176037601e+00,2.276012123382785468e+00,2.439173941253965694e+00,-2.266795891906896543e+02,-1.472579843828662263e+02,-1.578145539991315900e+02
1.706407060999990790e+02,-1.693426806251533634e+00,7.021591169093791551e-01,0.000000000000000000e+00,-5.858929939394481173e-02,-8.589045739962468395e-02,-6.968861132112207368e-01,3.518919313673007476e+00,2.239215238282579623e+00,2.491107494099261466e+00,-2.276740795946435867e+02,-1.448772259168829066e+02,-1.611746548682222340e+02
1.707518251999990753e+02,-1.690903078190824083e+00,6.979270095069818325e-01,0.000000000000000000e+00,-4.947448352378256559e-02,-8.362435125064840435e-02,-6.928990391660727610e-01,3.534085783310763951e+00,2.202412241986538621e+00,2.542808997252691938e+00,-2.286553501802064261e+02,-1.424960720565290444e+02,-1.645197421222491698e+02
1.708659635999993043e+02,-1.690767987520530369e+00,6.979072922948391655e-01,0.000000000000000000e+00,-2.572699615120930747e-02,-8.352838645600238476e-02,-6.928907542278008869e-01,3.549045533127928032e+00,2.165618956270788598e+00,2.594233366234668381e+00,-2.296232459933769405e+02,-1.401155464707200338e+02,-1.678468987953830549e+02
1.709834169999994629e+02,-1.690478981111741996e+00,6.977714304012253566e-01,0.000000000000000000e+00,-1.373909408569310223e-02,-8.331191158066184044e-02,-6.927799755138337456e-01,3.563796200806587766e+00,2.128851198736831485e+00,2.645335758230793921e+00,-2.305776141921862461e+02,-1.377366725582729998e+02,-1.711532235575323853e+02
1.710984834999999293e+02,-1.690166484920250456e+00,6.977227862785094770e-01,0.000000000000000000e+00,-7.148462873996155355e-03,-8.308962353605721385e-02,-6.927576783788707004e-01,3.578335457045322521e+00,2.092124776011501819e+00,2.696071611195330231e+00,-2.315183040708323858e+02,-1.353604730079441651e+02,-1.744358332443378856e+02
1.712155387999991945e+02,-1.689969696803718335e+00,6.976348969954374590e-01,0.000000000000000000e+00,-4.021549262729680156e-03,-8.294284616231337171e-02,-6.926867501088276313e-01,3.592661005927027418e+00,2.055455476951571825e+00,2.746396682710061210e+00,-2.324451670834786796e+02,-1.329879693587666907e+02,-1.776918653713409810e+02
1.713268594000001031e+02,-1.689838761282694168e+00,6.970970874279902585e-01,0.000000000000000000e+00,-4.272562914300801450e-03,-8.278827709449704253e-02,-6.921636009472846851e-01,3.606770585281471320e+00,2.018859065856127621e+00,2.796267088564315717e+00,-2.333580568677112126e+02,-1.306201815608914671e+02,-1.809184806301112474e+02
1.714376704999995127e+02,-1.675857778419269639e+00,6.741986294035656746e-01,0.000000000000000000e+00,-1.019225991008569782e-01,-7.070205186714841050e-02,-6.704811792671152570e-01,3.620661967042502205e+00,1.982351275689374415e+00,2.845639341022578428e+00,-2.342568292676498913e+02,-1.282581275371025242e+02,-1.841128653641608253e+02
1.715501316999998380e+02,-1.648931767597859199e+00,6.345467936257854769e-01,0.000000000000000000e+00,-2.229422781245175011e-01,-4.953015935844627682e-02,-6.326107781366770988e-01,3.634332957599910596e+00,1.945947801316987080e+00,2.894470386746540225e+00,-2.351413423567142331e+02,-1.259028227452090647e+02,-1.872722340225011521e+02
1.716540459999996528e+02,-1.645303267208295006e+00,6.294716673892961634e-01,0.000000000000000000e+00,-1.367293773127601919e-01,-4.685662751138075510e-02,-6.277252874499484880e-01,3.647781398145808041e+00,1.909664292758767479e+00,2.942717644338234351e+00,-2.360114564600337985e+02,-1.235552797414922566e+02,-1.903938315886837813e+02
1.717589575000001787e+02,-1.644959836504208850e+00,6.294303515450851982e-01,0.000000000000000000e+00,-7.364133420943162756e-02,-4.663798329504654366e-02,-6.277001401627535504e-01,3.661005165015532636e+00,1.873516348460716241e+00,2.990339041471580472e+00,-2.368670341765049727e+02,-1.212165077454083502e+02,-1.934749359832112532e+02
1.718653892999991513e+02,-1.644959836504208850e+00,6.294303515450851982e-01,0.000000000000000000e+00,-3.929392497787550370e-02,-4.663798329504654366e-02,-6.277001401627535504e-01,3.674002170023005220e+00,1.837519508589077200e+00,3.037293051580181924e+00,-2.377079404004884395e+02,-1.188875122057133069e+02,-1.965128604372377765e+02
1.719748483999992459e+02,-1.644959836504208850e+00,6.294303515450851982e-01,0.000000000000000000e+00,-2.076748970192015750e-02,-4.663798329504654366e-02,-6.277001401627535504e-01,3.686770360790461609e+00,1.801689248349698236e+00,3.083538730068970946e+00,-2.385340423431428860e+02,-1.165692943682254850e+02,-1.995049558354624253e+02
1.720859459000002971e+02,-1.644959836504208850e+00,6.294303515450851982e-01,0.000000000000000000e+00,-1.084932557585201705e-02,-4.663798329504654366e-02,-6.277001401627535504e-01,3.699307721072569777e+00,1.766040971334996490e+00,3.129035750018665407e+00,-2.393452095533952786e+02,-1.142628508453742739e+02,-2.024486130262076529e+02
1.721935567000000447e+02,-1.644959836504208850e+00,6.294303515450851982e-01,0.000000000000000000e+00,-5.643300717355657047e-03,-4.663798329504654366e-02,-6.277001401627535504e-01,3.711612271074802738e+00,1.730590002902031355e+00,3.173744437351305514e+00,-2.401413139385397528e+02,-1.119691731877614274e+02,-2.053412650966294848e+02
1.723027086000001873e+02,-1.644959836504208850e+00,6.294303515450851982e-01,0.000000000000000000e+00,-2.977806533290135085e-03,-4.663798329504654366e-02,-6.277001401627535504e-01,3.723682067766077353e+00,1.695351583583952992e+00,3.217625805426740371e+00,-2.409222297844652019e+02,-1.096892474578817627e+02,-2.081803896111101153e+02
1.724155412000000069e+02,-1.644959836504208850e+00,6.294303515450851982e-01,0.000000000000000000e+00,-1.549747650870128600e-03,-4.663798329504654366e-02,-6.277001401627535504e-01,3.735515205185580889e+00,1.660340862538113971e+00,3.260641589039479982e+00,-2.416878337755071016e+02,-1.074240538062159800e+02,-2.109635108108543591e+02
1.725274126000003889e+02,-1.644631875378845365e+00,6.283649848373047409e-01,0.000000000000000000e+00,-5.397389499938813270e-03,-4.635352906482172880e-02,-6.266529378474363643e-01,3.747109814743735168e+00,1.625572891033327139e+00,3.302754277786569048e+00,-2.424380050139196783e+02,-1.051745660498562671e+02,-2.136882017727910181e+02
1.726420882999991591e+02,-1.644631875378845365e+00,6.283649848373047409e-01,0.000000000000000000e+00,-2.792843843312534102e-03,-4.635352906482172880e-02,-6.266529378474363643e-01,3.758464065517284070e+00,1.591062615979270234e+00,3.343927148777193992e+00,-2.431726250389682775e+02,-1.029417512538587829e+02,-2.163520865258844594e+02
1.727492461999991065e+02,-1.644631875378845365e+00,6.283649848373047409e-01,0.000000000000000000e+00,-1.432053195219026680e-03,-4.635352906482172880e-02,-6.266529378474363643e-01,3.769576164538409380e+00,1.556824873500751494e+00,3.384124298655629026e+00,-2.438915778456350836e+02,-1.007265693154986224e+02,-2.189528421230191952e+02
1.728592580999993515e+02,-1.660333197463099042e+00,6.279096274367060859e-01,0.000000000000000000e+00,-2.414856736765554329e-03,-5.614597389210630035e-02,-6.253943794466095829e-01,3.780444357077858086e+00,1.522874382559545658e+00,3.423310674909428641e+00,-2.445947499029374228e+02,-9.852997255160261147e+01,-2.214882006666400400e+02
1.729691485000003013e+02,-1.688579294059336267e+00,6.306078742472646104e-01,0.000000000000000000e+00,1.221936654181040444e-02,-7.410325195761932604e-02,-6.262387716454159703e-01,3.791066926922044722e+00,1.489225738626715145e+00,3.461452106435825460e+00,-2.452820301718562916e+02,-9.635290528914848096e+01,-2.239559512863979194e+02
1.730759213000001182e+02,-1.688706615648949638e+00,6.307138019811099339e-01,0.000000000000000000e+00,6.846193980902451695e-03,-7.419544612145759221e-02,-6.263345238642882284e-01,3.801442196644043481e+00,1.455893407407904849e+00,3.498515333339327960e+00,-2.459533101228696239e+02,-9.419630345929144255e+01,-2.263539420670545326e+02
1.731840959999990446e+02,-1.686987074576463463e+00,6.269774864216312027e-01,0.000000000000000000e+00,-1.287891283539685343e-02,-7.268517986693971700e-02,-6.227500566899190071e-01,3.811568527868494094e+00,1.422891718624489155e+00,3.534468035934973162e+00,-2.466084837530915763e+02,-9.206109419500445767e+01,-2.286800819249927770e+02
1.732937468000000081e+02,-1.682251349750923053e+00,6.201482349077933609e-01,0.000000000000000000e+00,-3.675224758416802823e-02,-6.897562343864191425e-02,-6.163004110257450652e-01,3.821444321530309107e+00,1.390234859853118010e+00,3.569278862931462015e+00,-2.472474476030110111e+02,-8.994819543249674609e+01,-2.309323424316656030e+02
1.734039522999992187e+02,-1.682251349750923053e+00,6.201482349077933609e-01,0.000000000000000000e+00,-1.920627501663309603e-02,-6.897562343864191425e-02,-6.163004110257450652e-01,3.831068018127184338e+00,1.357936870426488696e+00,3.602917458770033665e+00,-2.478701007728288346e+02,-8.785851551659382608e+01,-2.331087595824211860e+02
1.735206899999993766e+02,-1.682251349750923053e+00,6.201482349077933609e-01,0.000000000000000000e+00,-9.940780251512452981e-03,-6.897562343864191425e-02,-6.163004110257450652e-01,3.840438097965868991e+00,1.326011635397673416e+00,3.635354490094901081e+00,-2.484763449383917475e+02,-8.579295281022947961e+01,-2.352074355091401117e+02
1.736294237000001885e+02,-1.682251349750923053e+00,6.201482349077933609e-01,0.000000000000000000e+00,-5.071162578119763585e-03,-6.897562343864191425e-02,-6.163004110257450652e-01,3.849553081402129706e+00,1.294472879571004986e+00,3.666561671332410732e+00,-2.490660843667178028e+02,-8.375239530824403289e+01,-2.372265401352069887e+02
1.737380737999992562e+02,-1.682251349750923053e+00,6.201482349077933609e-01,0.000000000000000000e+00,-2.658193800868728206e-03,-6.897562343864191425e-02,-6.163004110257450652e-01,3.858411529074420976e+00,1.263334161601565420e+00,3.696511789356463851e+00,-2.496392259311150497e+02,-8.173772025562128363e+01,-2.391643127713632282e+02
1.738486006000002817e+02,-1.682251349750923053e+00,6.201482349077933609e-01,0.000000000000000000e+00,-1.396736177737338937e-03,-6.897562343864191425e-02,-6.163004110257450652e-01,3.867012042131163341e+00,1.232608868166389149e+00,3.725178727218800390e+00,-2.501956791258862722e+02,-7.974979377036538608e+01,-2.410190636510563991e+02
1.739572993000001588e+02,-1.677493420711698269e+00,6.126482832375977905e-01,0.000000000000000000e+00,-3.319949341448257679e-02,-6.524383456402588211e-02,-6.091643136341440279e-01,3.875353262451645797e+00,1.202310208209374842e+00,3.752537486923312127e+00,-2.507353560806215000e+02,-7.778947047114655788e+01,-2.427891754039383159e+02
1.740667969999994966e+02,-1.640635698608661430e+00,5.622668702376067973e-01,0.000000000000000000e+00,-2.354878407984357103e-01,-3.923645063711676123e-02,-5.608961885306360529e-01,3.883433872860488023e+00,1.172451207262771744e+00,3.778564211224730851e+00,-2.512581715740736001e+02,-7.585759310990133031e+01,-2.444731044662401018e+02
1.741742163999988406e+02,-1.599002577414003978e+00,5.161474810968539328e-01,0.000000000000000000e+00,-3.195589777478998195e-01,-1.455665483465007695e-02,-5.159421731576631087e-01,3.891252597335627783e+00,1.143044701847403255e+00,3.803236204432422607e+00,-2.517640430476151323e+02,-7.395499220952699204e+01,-2.460693824267777643e+02
1.742875449000002845e+02,-1.599995370391532168e+00,5.164002994091958509e-01,0.000000000000000000e+00,-1.675344907278094875e-01,-1.507625234703098213e-02,-5.161801776948391485e-01,3.898808201209834845e+00,1.114103333954207686e+00,3.826531952201456033e+00,-2.522528906182763251e+02,-7.208248570683724665e+01,-2.475766173074342191e+02
1.744006386999990355e+02,-1.599995370391532168e+00,5.164002994091958509e-01,0.000000000000000000e+00,-8.620508937265509986e-02,-1.507625234703098213e-02,-5.161801776948391485e-01,3.906099491365671028e+00,1.085639545609349721e+00,3.848431140293357089e+00,-2.527246370913589146e+02,-7.024087860092492974e+01,-2.489934947769802136e+02
1.745105449999991833e+02,-1.599995370391532168e+00,5.164002994091958509e-01,0.000000000000000000e+00,-4.450901088508234238e-02,-1.507625234703098213e-02,-5.161801776948391485e-01,3.913125316423896827e+00,1.057665573525395031e+00,3.868914672290478585e+00,-2.531792079726261306e+02,-6.843096260709306478e+01,-2.503187792971939700e+02
1.746187957999991340e+02,-1.599995370391532168e+00,5.164002994091958509e-01,0.000000000000000000e+00,-2.311827149381477306e-02,-1.507625234703098213e-02,-5.161801776948391485e-01,3.919884566925293967e+00,1.030193443840653700e+00,3.887964686248322810e+00,-2.536165314800665271e+02,-6.665351581649029811e+01,-2.515513152002664867e+02
1.747313713999992615e+02,-1.599995370391532168e+00,5.164002994091958509e-01,0.000000000000000000e+00,-1.219333122619678869e-02,-1.507625234703098213e-02,-5.161801776948391485e-01,3.926376175505844834e+00,1.003234966949096085e+00,3.905564570271445213e+00,-2.540365385552281623e+02,-6.490930236160652100e+01,-2.526900276965625096e+02
1.748363231999992422e+02,-1.599995370391532168e+00,5.164002994091958509e-01,0.000000000000000000e+00,-6.279695178692363058e-03,-1.507625234703098213e-02,-5.161801776948391485e-01,3.932599117065304295e+00,9.768017324230218179e-01,3.921698976999263397e+00,-2.544391628741252021e+02,-6.319907208776951535e+01,-2.537339238118523497e+02
1.749550218999993376e+02,-1.599995370391532168e+00,5.164002994091958509e-01,0.000000000000000000e+00,-3.361686695054223826e-03,-1.507625234703098213e-02,-5.161801776948391485e-01,3.938552408929062665e+00,9.509051040306113478e-01,3.936353836989199273e+00,-2.548243408577103537e+02,-6.152356023078055358e+01,-2.546820932532012023e+02
1.750630505999997695e+02,-1.599995370391532168e+00,5.164002994091958509e-01,0.000000000000000000e+00,-1.688421546231732434e-03,-1.507625234703098213e-02,-5.161801776948391485e-01,3.944235111003321137e+00,9.255562148506559783e-01,3.949516370985416636e+00,-2.551920116819148916e+02,-5.988348710083744209e+01,-2.555337092027564552e+02
1.751714191999999457e+02,-1.606430139506379362e+00,5.107237507570724366e-01,0.000000000000000000e+00,-2.569816810071458985e-02,-1.819518329918261984e-02,-5.103995345727515565e-01,3.949646325923548140e+00,9.007659624863137982e-01,3.961175101062551995e+00,-2.555421172872535749e+02,-5.827955777286450711e+01,-2.562880290387471405e+02
1.752816786000003049e+02,-1.639258144226984237e+00,4.782272943378723107e-01,0.000000000000000000e+00,-1.545972907166058563e-01,-3.271473995885989389e-02,-4.771070014568494222e-01,3.954785199196176215e+00,8.765450043802862634e-01,3.971319860634602072e+00,-2.558746023879926099e+02,-5.671246178340452104e+01,-2.569443949830587712e+02
1.753890080999990460e+02,-1.689150836775569653e+00,4.055812294938498375e-01,0.000000000000000000e+00,-3.914377830067595210e-01,-4.789037829116538081e-02,-4.027438955277559129e-01,3.959650919333544739e+00,8.529037532330148164e-01,3.979941803320374838e+00,-2.561894144808803730e+02,-5.518287283417605948e+01,-2.575022346748282871e+02
1.754962778999997681e+02,-1.752229182177434730e+00,2.705818172391093457e-01,0.000000000000000000e+00,-7.910603775012041705e-01,-4.882353819732861144e-02,-2.661405304314109488e-01,3.964242717982039199e+00,8.298523725263140527e-01,3.987033410657636168e+00,-2.564865038534379664e+02,-5.369144850245252343e+01,-2.579610616695490535e+02
1.756086431999992783e+02,-1.752229182177434730e+00,0.000000000000000000e+00,0.000000000000000000e+00,0.000000000000000000e+00,-0.000000000000000000e+00,-0.000000000000000000e+00,3.968559870043423032e+00,8.074007721539711024e-01,3.992588498659339180e+00,-2.567658235918094647e+02,-5.223882995836193288e+01,-2.583204758632592757e+02
1.757192861000003177e+02,-1.752229182177434730e+00,0.000000000000000000e+00,0.000000000000000000e+00,0.000000000000000000e+00,-0.000000000000000000e+00,-0.000000000000000000e+00,3.972601693789341137e+00,7.855586041614930348e-01,3.996602223206139115e+00,-2.570273295881704030e+02,-5.082564168924859871e+01,-2.585801638414371837e+02
1.758326759999999922e+02,1.970586727166992347e+00,2.841444716017861860e-01,0.000000000000000000e+00,1.615146449249917904e+00,-1.105962114385282968e-01,2.617375761278892266e-01,3.976367550968967102e+00,7.643352585966167734e-01,3.999071084270547694e+00,-2.572709805476922043e+02,-4.945249123120110823e+01,-2.587398991523044742e+02
1.759412374000003183e+02,2.052233117044165667e+00,4.556772212112176201e-01,0.000000000000000000e+00,1.557090544741366767e+00,-2.110027608715455694e-01,4.038806319141365897e-01,3.979856846909798129e+00,7.437398594724995426e-01,3.999992928969005046e+00,-2.574967379950639383e+02,-4.811996890787072090e+01,-2.587995425042946636e+02
1.760488207999987935e+02,2.207908523790005795e+00,5.822428418683092133e-01,0.000000000000000000e+00,1.381377924906409982e+00,-3.463626770306377223e-01,4.680166907996498038e-01,3.983069030611556371e+00,7.237812608452349750e-01,3.999366953439226435e+00,-2.577045662805676898e+02,-4.682864757668670563e+01,-2.587590418875179807e+02
1.761614205999994738e+02,2.260701620249101040e+00,6.763729489357268587e-01,0.000000000000000000e+00,1.147506651802429500e+00,-4.304871254518966572e-01,5.216907138067289340e-01,3.986003594833198882e+00,7.044680430074981015e-01,3.997193703541181975e+00,-2.578944325857079889e+02,-4.557908238258512768e+01,-2.586184326191144578e+02
1.762688908000000083e+02,2.257460422378679610e+00,6.973182154262124177e-01,0.000000000000000000e+00,6.825996440584066738e-01,-4.420724431570959845e-01,5.392816041423197371e-01,3.988660076173015767e+00,6.858085087998087026e-01,3.993475074381097834e+00,-2.580663069283941127e+02,-4.437181051934762621e+01,-2.583778373124570180e+02
1.763783439999988332e+02,2.257512940375879573e+00,7.001840204277682833e-01,0.000000000000000000e+00,3.722797999983113448e-01,-4.439176890835282996e-01,5.414746049272609607e-01,3.991038055141808094e+00,6.678106800411096611e-01,3.988214308658898588e+00,-2.582201621676749710e+02,-4.320735099865979834e+01,-2.580374657702307672e+02
1.764892103000001953e+02,2.257512940375879573e+00,7.001840204277682833e-01,0.000000000000000000e+00,1.944639284572483862e-01,-4.439176890835282996e-01,5.414746049272609607e-01,3.993137156229131790e+00,6.504822940801557873e-01,3.981415993840523804e+00,-2.583559740080248162e+02,-4.208620442698607889e+01,-2.575976148014818818e+02
1.765978779999986727e+02,2.257512940375879573e+00,7.001840204277682833e-01,0.000000000000000000e+00,1.012549060238980003e-01,-4.439176890835282996e-01,5.414746049272609607e-01,3.994957047962589769e+00,6.338308004691703967e-01,3.973086058157584866e+00,-2.584737210031795485e+02,-4.100885279035532704e+01,-2.570586679627957665e+02
1.767057757000002312e+02,2.257512940375879573e+00,7.001840204277682833e-01,0.000000000000000000e+00,5.305947842134325215e-02,-4.439176890835282996e-01,5.414746049272609607e-01,3.996497442960182056e+00,6.178633577612875349e-01,3.963231765437861043e+00,-2.585733845595237881e+02,-3.997575924715530249e+01,-2.564210952238296386e+02
1.768161929999987478e+02,2.257512940375879573e+00,7.001840204277682833e-01,0.000000000000000000e+00,2.788932033600066349e-02,-4.439176890835282996e-01,5.414746049272609607e-01,3.997758097975681491e+00,6.025868304330079805e-01,3.951861708771135628e+00,-2.586549489390266103e+02,-3.898736792901561898e+01,-2.556854525574924821e+02
1.769238024999995105e+02,2.257512940375879573e+00,7.001840204277682833e-01,0.000000000000000000e+00,1.458710673859388816e-02,-4.439176890835282996e-01,5.414746049272609607e-01,3.998738813937046110e+00,5.880077859331935830e-01,3.938985803015904619e+00,-2.587184012617269104e+02,-3.804410374987762822e+01,-2.548523814551290343e+02
1.770277812999993330e+02,2.257512940375879573e+00,7.001840204277682833e-01,0.000000000000000000e+00,7.680362000863178926e-03,-4.439176890835282996e-01,5.414746049272609607e-01,3.999439435977857560e+00,5.741324918596175664e-01,3.924615276153442078e+00,-2.587637315077673748e+02,-3.714637222331725752e+01,-2.539226083671277081e+02
1.771319521999994322e+02,2.257512940375879573e+00,7.001840204277682833e-01,0.000000000000000000e+00,4.119294068271088342e-03,-4.439176890835282996e-01,5.414746049272609607e-01,3.999859853461773529e+00,5.609669132645573875e-01,3.908762659496869851e+00,-2.587909325189767742e+02,-3.629455928821686683e+01,-2.528969440694474997e+02
1.772370180999987497e+02,2.257512940375879573e+00,7.001840204277682833e-01,0.000000000000000000e+00,2.206562739529066043e-03,-4.439176890835282996e-01,5.414746049272609607e-01,4.000000000000000000e+00,5.485167100903467485e-01,3.891441776763636895e+00,-2.588000000000000114e+02,-3.548903114284543392e+01,-2.517762829566073322e+02
1.773471047000002727e+02,2.257512940375879573e+00,7.001840204277682833e-01,0.000000000000000000e+00,1.174561597942276169e-03,-4.439176890835282996e-01,5.414746049272609607e-01,3.999859853461773529e+00,5.367872347361746233e-01,3.872667732021039200e+00,-2.587909325189767742e+02,-3.473013408743049979e+01,-2.505616022617612373e+02
1.774570280999996612e+02,2.257512940375879573e+00,7.001840204277682833e-01,0.000000000000000000e+00,6.127292310656380940e-04,-4.439176890835282996e-01,5.414746049272609607e-01,3.999439435977857116e+00,5.257835297570445654e-01,3.852456896515276341e+00,-2.587637315077673748e+02,-3.401819437528078538e+01,-2.492539612045383990e+02
1.775648712000001979e+02,2.257512940375879573e+00,7.001840204277682833e-01,0.000000000000000000e+00,3.190961531730538803e-04,-4.439176890835282996e-01,5.414746049272609607e-01,3.998738813937046110e+00,5.155103256959663316e-01,3.830826894395444882e+00,-2.587184012617269104e+02,-3.335351807252902034e+01,-2.478545000673852883e+02
1.776743330999997852e+02,2.257512940375879573e+00,7.001840204277682833e-01,0.000000000000000000e+00,1.682051026199480952e-04,-4.439176890835282996e-01,5.414746049272609607e-01,3.997758097975681046e+00,5.059720390502588927e-01,3.807796587345022576e+00,-2.586549489390265535e+02,-3.273639092655174920e+01,-2.463644392012229787e+02
1.777826117999993585e+02,2.257512940375879573e+00,7.001840204277682833e-01,0.000000000000000000e+00,8.806284764700968290e-05,-4.439176890835282996e-01,5.414746049272609607e-01,3.996497442960182056e+00,4.971727703729007519e-01,3.783386058134229124e+00,-2.585733845595237881e+02,-3.216707824312668151e+01,-2.447850779612846281e+02
1.778989323999994667e+02,2.257512940375879573e+00,7.001840204277682833e-01,0.000000000000000000e+00,4.611926203214605243e-05,-4.439176890835282996e-01,5.414746049272609607e-01,3.994957047962589325e+00,4.891163025096678663e-01,3.757616593107502290e+00,-2.584737210031795485e+02,-3.164582477237551217e+01,-2.431177935740554119e+02
1.780069179000001895e+02,2.257512940375879573e+00,7.001840204277682833e-01,0.000000000000000000e+00,2.348740516922068111e-05,-4.439176890835282996e-01,5.414746049272609607e-01,3.993137156229130902e+00,4.818060989728747412e-01,3.730510663621563694e+00,-2.583559740080247593e+02,-3.117285460354499804e+01,-2.413640399363151801e+02
1.781150323999991087e+02,2.257512940375879573e+00,7.001840204277682833e-01,0.000000000000000000e+00,1.237316139305241736e-05,-4.439176890835282996e-01,5.414746049272609607e-01,3.991038055141807206e+00,4.752453024523977110e-01,3.702091906449971326e+00,-2.582201621676749141e+02,-3.074837106867013148e+01,-2.395253463473131603e+02
1.782295493000001443e+02,2.257512940375879573e+00,7.001840204277682833e-01,0.000000000000000000e+00,6.432667762327020783e-06,-4.439176890835282996e-01,5.414746049272609607e-01,3.988660076173014879e+00,4.694367334646092349e-01,3.672385103171579512e+00,-2.580663069283940558e+02,-3.037255665516021708e+01,-2.376033161752012006e+02
1.783407905999993091e+02,2.256549515884229251e+00,7.072750119826867188e-01,0.000000000000000000e+00,3.057071670397548332e-02,-4.478862270195241857e-01,5.473900530894992844e-01,3.986003594833197994e+00,4.643828891398380510e-01,3.641416158560573990e+00,-2.578944325857079320e+02,-3.004557292734752494e+01,-2.355996254588691556e+02
1.784524535999989894e+02,2.255295653940388334e+00,7.355918380271648793e-01,0.000000000000000000e+00,1.382864360277403226e-01,-4.651038336321677291e-01,5.698892665359154286e-01,3.983069030611555483e+00,4.600859421488281420e-01,3.609212077997170809e+00,-2.577045662805676329e+02,-2.976756045702918385e+01,-2.335160214464169712e+02
1.785643218999994133e+02,2.250172831811047658e+00,7.761339213944373761e-01,0.000000000000000000e+00,2.469268157732354418e-01,-4.876512210679032067e-01,6.038047288073269403e-01,3.979856846909796353e+00,4.565477397687129901e-01,3.575800943918496344e+00,-2.574967379950638247e+02,-2.953863876303573122e+01,-2.313543210715267264e+02
1.786769379999986995e+02,2.291911115942247612e+00,8.612699501865949125e-01,0.000000000000000000e+00,4.967700855207776711e-01,-5.686296850855747653e-01,6.468741827696479207e-01,3.976367550968965325e+00,4.537698030888455136e-01,3.541211891330300343e+00,-2.572709805476920906e+02,-2.935890625984830749e+01,-2.291164093690704533e+02
1.787872186999993573e+02,2.324546282652526941e+00,9.295462497557447357e-01,0.000000000000000000e+00,5.539731277411090726e-01,-6.361607819889075754e-01,6.777578401569627209e-01,3.972601693789339361e+00,4.517533263568880297e-01,3.505475082400762332e+00,-2.570273295881702893e+02,-2.922844021529065728e+01,-2.268042378313293455e+02
1.788982543000001897e+02,2.329479385841543682e+00,9.653844616597422323e-01,0.000000000000000000e+00,4.442350282832162600e-01,-6.641519585470745390e-01,7.006206782362017771e-01,3.968559870043422588e+00,4.504991764653922814e-01,3.468621680158693987e+00,-2.567658235918094647e+02,-2.914729671731088345e+01,-2.244198227062675244e+02
1.790127236999996967e+02,2.326568873930177972e+00,9.834007066417509435e-01,0.000000000000000000e+00,3.075479473010235276e-01,-6.744664447827549703e-01,7.156619066889099434e-01,3.964242717982036979e+00,4.500078925791231033e-01,3.430683821318832649e+00,-2.564865038534377959e+02,-2.911551064986926463e+01,-2.219652432393284869e+02
1.791231056999986322e+02,2.327456105966397182e+00,9.881481176021398305e-01,0.000000000000000000e+00,1.785311512971063941e-01,-6.783602183870716118e-01,7.185152165615540376e-01,3.959650919333542518e+00,4.502796859032660581e-01,3.391694588258260978e+00,-2.561894144808802025e+02,-2.913309567794131638e+01,-2.194426398603094981e+02
1.792291801999999734e+02,2.328509428135315140e+00,9.887716581662457926e-01,0.000000000000000000e+00,9.554131871874126103e-02,-6.795452056840848298e-01,7.182532321017442989e-01,3.954785199196173995e+00,4.513144395926298458e-01,3.351687980167950442e+00,-2.558746023879924678e+02,-2.920004424164315182e+01,-2.168542123168664091e+02
1.793367022000002180e+02,2.329366141870867324e+00,9.892435276501106989e-01,0.000000000000000000e+00,5.296939245365297338e-02,-6.804848851505584939e-01,7.180132854476067861e-01,3.949646325923546364e+00,4.531117088018801198e-01,3.310698883405073900e+00,-2.555421172872534612e+02,-2.931632755948164615e+01,-2.142022177563083005e+02
1.794443996999998490e+02,2.330188465993655811e+00,9.896144004953000284e-01,0.000000000000000000e+00,2.951862617621280396e-02,-6.813304334543365259e-01,7.177224408617846052e-01,3.944235111003320249e+00,4.556707208767782902e-01,3.268763041071496733e+00,-2.551920116819148348e+02,-2.948189564072755786e+01,-2.114889687573258357e+02
1.795575754000001325e+02,2.331068917293924514e+00,9.900149297874208942e-01,0.000000000000000000e+00,1.735221260452317338e-02,-6.822381012936269418e-01,7.174125273127439639e-01,3.938552408929060000e+00,4.589903756863507045e-01,3.225917021845331245e+00,-2.548243408577101832e+02,-2.969667730690689211e+01,-2.087168313133929303e+02
1.796659029999991617e+02,2.331671036929495067e+00,9.902858176851870864e-01,0.000000000000000000e+00,1.006494787852679762e-02,-6.828567379242822533e-01,7.171977943216416573e-01,3.932599117065302075e+00,4.630692460958394374e-01,3.182198188092463020e+00,-2.544391628741250599e+02,-2.996058022240081442e+01,-2.058882227695823701e+02
1.797736057000001892e+02,2.332143306736220723e+00,9.905886803822916420e-01,0.000000000000000000e+00,6.629997849645164441e-03,-6.834043167380606798e-01,7.170944662771525646e-01,3.926376175505842170e+00,4.679055785802321843e-01,3.137644663286035307e+00,-2.540365385552279918e+02,-3.027349093414102299e+01,-2.030056097146064928e+02
1.798849258999998710e+02,2.332778139239455761e+00,9.909625932998368247e-01,0.000000000000000000e+00,5.147113891903372374e-03,-6.841175471154817833e-01,7.169309890416472042e-01,3.919884566925291303e+00,4.734972939781179058e-01,3.092295298762169686e+00,-2.536165314800663566e+02,-3.063527492038423006e+01,-2.000715058299123825e+02
1.799892516999989311e+02,2.333218892617145102e+00,9.911625393528447070e-01,0.000000000000000000e+00,3.531364279126399455e-03,-6.845715682277865310e-01,7.167739862680065910e-01,3.913125316423895939e+00,4.798419883855149504e-01,3.046189639841098806e+00,-2.531792079726260738e+02,-3.104577664854281949e+01,-1.970884696977190913e+02
1.800954695000000356e+02,2.333598602605697181e+00,9.913349036482586030e-01,0.000000000000000000e+00,2.656073966219220633e-03,-6.849627802102044027e-01,7.166385985404423176e-01,3.906099491365667919e+00,4.869369341893388103e-01,2.999367891342960224e+00,-2.527246370913587157e+02,-3.150481964205022223e+01,-1.940591025698895464e+02
1.802034641999998712e+02,2.333598602605697181e+00,9.913349036482586030e-01,0.000000000000000000e+00,1.410339707290109764e-03,-6.849627802102044027e-01,7.166385985404423176e-01,3.898808201209831736e+00,4.947790812399883720e-01,2.951870882528729201e+00,-2.522528906182761261e+02,-3.201220655622724820e+01,-1.909860460996087852e+02
1.803130437999989226e+02,2.333598602605697181e+00,9.913349036482586030e-01,0.000000000000000000e+00,7.421284698846197054e-04,-6.849627802102044027e-01,7.166385985404423176e-01,3.891252597335624230e+00,5.033650581626514242e-01,2.903740031496338858e+00,-2.517640430476149049e+02,-3.256771926312354992e+01,-1.878719800378131310e+02
1.804221259999994800e+02,2.333598602605697181e+00,9.913349036482586030e-01,0.000000000000000000e+00,3.878093582732617252e-04,-6.849627802102044027e-01,7.166385985404423176e-01,3.883433872860484470e+00,5.126911738066461943e-01,2.855017309063620168e+00,-2.512581715740733443e+02,-3.317111894529001148e+01,-1.847196198964162193e+02
1.805301550999993196e+02,2.333598602605697181e+00,9.913349036482586030e-01,0.000000000000000000e+00,2.034014949342744991e-04,-6.849627802102044027e-01,7.166385985404423176e-01,3.875353262451644909e+00,5.227534188322859876e-01,2.805745202169017460e+00,-2.507353560806214432e+02,-3.382214619844890535e+01,-1.815317145803354322e+02
1.806401683999993111e+02,2.333598602605697181e+00,9.913349036482586030e-01,0.000000000000000000e+00,1.069921794421741000e-04,-6.849627802102044027e-01,7.166385985404423176e-01,3.867012042131159788e+00,5.335474674344939938e-01,2.755966676822432682e+00,-2.501956791258860449e+02,-3.452052114301176289e+01,-1.783110439904114060e+02
1.807477072000001499e+02,2.333598602605697181e+00,9.913349036482586030e-01,0.000000000000000000e+00,5.581851194099139599e-05,-6.849627802102044027e-01,7.166385985404423176e-01,3.858411529074416535e+00,5.450686792024979077e-01,2.705725140638175041e+00,-2.496392259311147654e+02,-3.526594354440161538e+01,-1.750604165992899368e+02
1.808558980999987398e+02,2.333598602605697181e+00,9.913349036482586030e-01,0.000000000000000000e+00,2.940031757667901780e-05,-6.849627802102044027e-01,7.166385985404423176e-01,3.849553081402126153e+00,5.573121011147557091e-01,2.655064404982901749e+00,-2.490660843667175754e+02,-3.605809294212469496e+01,-1.717826670023937368e+02
1.809699168999995891e+02,2.333598602605697181e+00,9.913349036482586030e-01,0.000000000000000000e+00,1.549908495408105748e-05,-6.849627802102044027e-01,7.166385985404423176e-01,3.840438097965865438e+00,5.702724696683010297e-01,2.604028646771406663e+00,-2.484763449383914917e+02,-3.689662878753907904e+01,-1.684806534461100114e+02
1.810802399000003788e+02,2.333598602605697181e+00,9.913349036482586030e-01,0.000000000000000000e+00,7.933625733853470196e-06,-6.849627802102044027e-01,7.166385985404423176e-01,3.831068018127183450e+00,5.839442131415197856e-01,2.552662369943776266e+00,-2.478701007728287777e+02,-3.778119059025632964e+01,-1.651572553353623221e+02
1.811899954000000434e+02,2.333598602605697181e+00,9.913349036482586030e-01,0.000000000000000000e+00,4.121938590823586960e-06,-6.849627802102044027e-01,7.166385985404423176e-01,3.821444321530305110e+00,5.983214539894767814e-01,2.501010366657185013e+00,-2.472474476030107553e+02,-3.871139807311914893e+01,-1.618153707227198765e+02
1.813003979999994044e+02,2.333598602605697181e+00,9.913349036482586030e-01,0.000000000000000000e+00,2.161361851723350854e-06,-6.849627802102044027e-01,7.166385985404423176e-01,3.811568527868490097e+00,6.133980113706893889e-01,2.449117678226615080e+00,-2.466084837530913205e+02,-3.968685133568360612e+01,-1.584579137812619933e+02
1.814079832999996142e+02,2.333598602605697181e+00,9.913349036482586030e-01,0.000000000000000000e+00,1.126698582162104837e-06,-6.849627802102044027e-01,7.166385985404423176e-01,3.801442196644038596e+00,6.291674038043200134e-01,2.397029555847985272e+00,-2.459533101228693113e+02,-4.070713102613950696e+01,-1.550878122633646399e+02
1.815179998000003252e+02,2.333598602605697181e+00,9.913349036482586030e-01,0.000000000000000000e+00,5.935871132884712246e-07,-6.849627802102044027e-01,7.166385985404423176e-01,3.791066926922040281e+00,6.456228519565641033e-01,2.344791421138586074e+00,-2.452820301718560074e+02,-4.177179852158970164e+01,-1.517080049476665238e+02
1.816312884999988455e+02,2.333598602605697181e+00,9.913349036482586030e-01,0.000000000000000000e+00,3.093664676969690622e-07,-6.849627802102044027e-01,7.166385985404423176e-01,3.780444357077856310e+00,6.627572815551305840e-01,2.292448826528640904e+00,-2.445947499029373091e+02,-4.288039611661695005e+01,-1.483214390764030668e+02
1.817391041999999288e+02,2.333598602605697181e+00,9.913349036482586030e-01,0.000000000000000000e+00,1.589682222792453842e-07,-6.849627802102044027e-01,7.166385985404423176e-01,3.769576164538404051e+00,6.805633264305281926e-01,2.240047415538997555e+00,-2.438915778456347425e+02,-4.403244722005517531e+01,-1.449310677853731590e+02
1.818487874999991618e+02,2.333598602605697181e+00,9.913349036482586030e-01,0.000000000000000000e+00,8.390289190164426689e-08,-6.849627802102044027e-01,7.166385985404423176e-01,3.758464065517279629e+00,6.990333316827501697e-01,2.187632882979248627e+00,-2.431726250389679933e+02,-4.522745655987393576e+01,-1.415398475287574058e+02
1.819595417000000452e+02,2.333598602605697181e+00,9.913349036482586030e-01,0.000000000000000000e+00,4.381426415912108415e-08,-6.849627802102044027e-01,7.166385985404423176e-01,3.747109814743730283e+00,7.181593569722355408e-01,2.135250935101204561e+00,-2.424380050139193656e+02,-4.646491039610364027e+01,-1.381507355010479330e+02
1.820668765999998868e+02,2.333598602605697181e+00,9.913349036482586030e-01,0.000000000000000000e+00,2.278333154569900681e-08,-6.849627802102044027e-01,7.166385985404423176e-01,3.735515205185576004e+00,7.379331799333823660e-01,2.082947249742309381e+00,-2.416878337755067889e+02,-4.774427674168983771e+01,-1.347666870583274203e+02
1.821763780000001134e+02,2.333598602605697181e+00,9.913349036482586030e-01,0.000000000000000000e+00,1.204016405920815055e-08,-6.849627802102044027e-01,7.166385985404423176e-01,3.723682067766075576e+00,7.583462997094396751e-01,2.030767436493978284e+00,-2.409222297844650882e+02,-4.906500559120075167e+01,-1.313906531411604135e+02
1.822857353999988845e+02,2.333598602605697181e+00,9.913349036482586030e-01,0.000000000000000000e+00,6.146602151660645435e-09,-6.849627802102044027e-01,7.166385985404423176e-01,3.711612271074797409e+00,7.793899406070157188e-01,1.978756996929241341e+00,-2.401413139385394118e+02,-5.042652915727391871e+01,-1.280255777013219074e+02
1.823898633999997401e+02,2.333598602605697181e+00,9.913349036482586030e-01,0.000000000000000000e+00,3.293684232559184492e-09,-6.849627802102044027e-01,7.166385985404423176e-01,3.699307721072564448e+00,8.010550558688176448e-01,1.926961284924844531e+00,-2.393452095533949375e+02,-5.182826211471250133e+01,-1.246743951346374502e+02
1.824956476999996084e+02,2.333598602605697181e+00,9.913349036482586030e-01,0.000000000000000000e+00,1.764673009531606947e-09,-6.849627802102044027e-01,7.166385985404423176e-01,3.686770360790456280e+00,8.233323315628782169e-01,1.875425467111821565e+00,-2.385340423431425450e+02,-5.326960185211822107e+01,-1.213400277221348631e+02
1.826014491999994789e+02,2.333598602605697181e+00,9.913349036482586030e-01,0.000000000000000000e+00,9.378551872131846580e-10,-6.849627802102044027e-01,7.166385985404423176e-01,3.674002170022999891e+00,8.462121905866883953e-01,1.824194483489668617e+00,-2.377079404004880985e+02,-5.474992873095874302e+01,-1.180253830817815697e+02
1.827091768999998749e+02,2.333598602605697181e+00,9.913349036482586030e-01,0.000000000000000000e+00,4.984311894677793083e-10,-6.849627802102044027e-01,7.166385985404423176e-01,3.661005165015530860e+00,8.696847967843841509e-01,1.773313008237885402e+00,-2.368670341765048590e+02,-5.626860635194965710e+01,-1.147333516329911873e+02
1.828163134999995236e+02,2.333598602605697181e+00,9.913349036482586030e-01,0.000000000000000000e+00,2.624615939451530852e-10,-6.849627802102044027e-01,7.166385985404423176e-01,3.647781398145801823e+00,8.937400591754252055e-01,1.722825410759500020e+00,-2.360114564600334006e+02,-5.782498182865001013e+01,-1.114668040761396526e+02
1.829264045999989321e+02,2.333598602605697181e+00,9.913349036482586030e-01,0.000000000000000000e+00,1.387102257312116340e-10,-6.849627802102044027e-01,7.166385985404423176e-01,3.634332957599904379e+00,9.183676362926567194e-01,1.672775716990301254e+00,-2.351413423567138352e+02,-5.941838606813489321e+01,-1.082285888892725012e+02
1.830359589999989112e+02,2.333598602605697181e+00,9.913349036482586030e-01,0.000000000000000000e+00,7.218319010143403995e-11,-6.849627802102044027e-01,7.166385985404423176e-01,3.620661967042495988e+00,9.435569406282671157e-01,1.623207571007471373e+00,-2.342568292676494934e+02,-6.104813405864888409e+01,-1.050215298441834051e+02
1.831440535999990971e+02,2.333598602605697181e+00,9.913349036482586030e-01,0.000000000000000000e+00,3.778804195938048192e-11,-6.849627802102044027e-01,7.166385985404423176e-01,3.606770585281465102e+00,9.692971431853174558e-01,1.574164196971374885e+00,-2.333580568677108147e+02,-6.271352516409004352e+01,-1.018484235440479608e+02
1.832572887999995146e+02,2.333598602605697181e+00,9.913349036482586030e-01,0.000000000000000000e+00,1.987129107475848068e-11,-6.849627802102044027e-01,7.166385985404423176e-01,3.592661005927025197e+00,9.955771781332058978e-01,1.525688361433470419e+00,-2.324451670834785375e+02,-6.441384342521843109e+01,-9.871203698474553789e+01
1.833657217999989371e+02,2.333598602605697181e+00,9.913349036482586030e-01,0.000000000000000000e+00,1.017844383298245910e-11,-6.849627802102044027e-01,7.166385985404423176e-01,3.578335457045316303e+00,1.022385747564959146e+00,1.477822336043148832e+00,-2.315183040708319879e+02,-6.614835786745285873e+01,-9.561510514199173372e+01
1.834738176999999268e+02,2.333598602605697181e+00,9.913349036482586030e-01,0.000000000000000000e+00,5.382508052098812011e-12,-6.849627802102044027e-01,7.166385985404423176e-01,3.563796200806581105e+00,1.049711326354151542e+00,1.430607860686353927e+00,-2.305776141921858198e+02,-6.791632281511360247e+01,-9.256032858640710970e+01
1.835778494999995019e+02,2.333598602605697181e+00,9.913349036482586030e-01,0.000000000000000000e+00,2.829368468957053459e-12,-6.849627802102044027e-01,7.166385985404423176e-01,3.549045533127920926e+00,1.077542167109738713e+00,1.384086107087676432e+00,-2.296232459933764858e+02,-6.971697821200010026e+01,-8.955037112857266379e+01
1.836945715999991080e+02,2.333598602605697181e+00,9.913349036482586030e-01,0.000000000000000000e+00,1.518079354223794192e-12,-6.849627802102044027e-01,7.166385985404423176e-01,3.534085783310757289e+00,1.105866305226204105e+00,1.338297642908011564e+00,-2.286553501802059998e+02,-7.154954994813540736e+01,-8.658785749614834515e+01
1.838033939999986615e+02,2.333598602605697181e+00,9.913349036482586030e-01,0.000000000000000000e+00,7.663110107182937259e-13,-6.849627802102044027e-01,7.166385985404423176e-01,3.518919313673005256e+00,1.134671564027281532e+00,1.293282396369020759e+00,-2.276740795946434446e+02,-7.341325019256511553e+01,-8.367537104507565004e+01
1.839150883000002068e+02,2.333598602605697181e+00,9.913349036482586030e-01,0.000000000000000000e+00,4.022714443979436771e-13,-6.849627802102044027e-01,7.166385985404423176e-01,3.503548519176031384e+00,1.163945560000697155e+00,1.249079621435031484e+00,-2.266795891906892280e+02,-7.530727773204510811e+01,-8.081545150684654288e+01
1.840264152999989165e+02,2.333598602605697181e+00,9.913349036482586030e-01,0.000000000000000000e+00,2.082395542934854093e-13,-6.849627802102044027e-01,7.166385985404423176e-01,3.487975827046478905e+00,1.193675708121936241e+00,1.205727863583124781e+00,-2.256720360099072025e+02,-7.723081831548927312e+01,-7.801059277382817925e+01
1.841353655999992043e+02,2.333598602605697181e+00,9.913349036482586030e-01,0.000000000000000000e+00,1.080183390327220948e-13,-6.849627802102044027e-01,7.166385985404423176e-01,3.472203696392955674e+00,1.223849227264583339e+00,1.163264926190757498e+00,-2.246515791566242513e+02,-7.918304500401855250e+01,-7.526324072454201541e+01
1.842458721999992122e+02,2.333598602605697181e+00,9.913349036482586030e-01,0.000000000000000000e+00,5.670717895112149869e-14,-6.849627802102044027e-01,7.166385985404423176e-01,3.456234617817727894e+00,1.254453145695027416e+00,1.121727837570780428e+00,-2.236183797728070033e+02,-8.116311852646828129e+01,-7.257579109082949742e+01
1.843545090999996319e+02,2.333598602605697181e+00,9.913349036482586030e-01,0.000000000000000000e+00,2.949509896392785774e-14,-6.849627802102044027e-01,7.166385985404423176e-01,3.440071113023422278e+00,1.285474306648997089e+00,1.081152818682107553e+00,-2.225726010126154222e+02,-8.317018764019012167e+01,-6.995058736873235716e+01
1.844712399000000005e+02,2.333598602605697181e+00,9.913349036482586030e-01,0.000000000000000000e+00,1.540350786440451227e-14,-6.849627802102044027e-01,7.166385985404423176e-01,3.423715734414814804e+00,1.316899373987808097e+00,1.041575251544571534e+00,-2.215144080166385265e+02,-8.520338949701118736e+01,-6.738991877493377558e+01
1.845787350999999035e+02,2.333598602605697181e+00,9.913349036482586030e-01,0.000000000000000000e+00,7.852122069835485330e-15,-6.849627802102044027e-01,7.166385985404423176e-01,3.407171064695794449e+00,1.348714837931503041e+00,1.003029648385234562e+00,-2.204439678858178979e+02,-8.726185001416824605e+01,-6.489601825052467632e+01
1.846828151999998227e+02,2.333598602605697181e+00,9.913349036482586030e-01,0.000000000000000000e+00,4.139242364792128203e-15,-6.849627802102044027e-01,7.166385985404423176e-01,3.390439716461496111e+00,1.380907020866916524e+00,9.655496215432348706e-01,-2.193614496550588058e+02,-8.934468425008950021e+01,-6.247106051384729852e+01
1.847979736999986926e+02,2.333598602605697181e+00,9.913349036482586030e-01,0.000000000000000000e+00,2.219072973318233197e-15,-6.849627802102044027e-01,7.166385985404423176e-01,3.373524331785763053e+00,1.413462083227625676e+00,9.291678541592893747e-01,-2.182670242665388685e+02,-9.145099678482738170e+01,-6.011716016410602492e+01
1.849194520000000921e+02,2.333598602605697181e+00,9.913349036482586030e-01,0.000000000000000000e+00,1.127783077019504028e-15,-6.849627802102044027e-01,7.166385985404423176e-01,3.356427581803925086e+00,1.446366029443685752e+00,8.939160716755714109e-01,-2.171608645427139663e+02,-9.357988210500647597e+01,-5.783636983740947102e+01
1.850302393000001757e+02,2.333598602605697181e+00,9.913349036482586030e-01,0.000000000000000000e+00,5.607901353998520594e-16,-6.849627802102044027e-01,7.166385985404423176e-01,3.339152166290990209e+00,1.479604713958434736e+00,8.598250141705767735e-01,-2.160431451590270626e+02,-9.573042499311073072e+01,-5.563067841683631798e+01
1.851381696999997075e+02,2.333598602605697181e+00,9.913349036482586030e-01,0.000000000000000000e+00,2.922434703645990446e-16,-6.849627802102044027e-01,7.166385985404423176e-01,3.321700813235341165e+00,1.513163847309608512e+00,8.269244095534169503e-01,-2.149140426163265829e+02,-9.790170092093167398e+01,-5.350200929810608130e+01
1.852473211999986233e+02,2.333598602605697181e+00,9.913349036482586030e-01,0.000000000000000000e+00,1.539385419180574669e-16,-6.849627802102044027e-01,7.166385985404423176e-01,3.304076278407923617e+00,1.547029002272605203e+00,7.952429476405267206e-01,-2.137737352129926762e+02,-1.000927764470375649e+02,-5.145221871234208066e+01
1.853521318000002793e+02,2.335857400494365521e+00,9.907070506856217040e-01,0.000000000000000000e+00,-2.732616280961287867e-03,-6.861449341231002919e-01,7.146366836759846519e-01,3.286281344927091119e+00,1.581185620062677266e+00,7.648082551378132532e-01,-2.126224030167828118e+02,-1.023027096180552178e+02,-4.948309410741651959e+01
1.854623230999986845e+02,2.351205839613800030e+00,9.871088454876589813e-01,0.000000000000000000e+00,-1.687830357496638428e-02,-6.945006525523180763e-01,7.014646936549147060e-01,3.268318822819136216e+00,1.615619016593923707e+00,7.356468715496882194e-01,-2.114602278363981327e+02,-1.045305503736268662e+02,-4.759635258926483203e+01
1.855725234999990789e+02,2.380669598349475891e+00,9.778007147247562703e-01,0.000000000000000000e+00,-4.598014743973068835e-02,-7.081230717666313623e-01,6.742818052921452088e-01,3.250191548574516975e+00,1.650314388791964237e+00,7.077842260362785520e-01,-2.102873931927712476e+02,-1.067753409548400896e+02,-4.579363942454722292e+01
1.856809967999997752e+02,2.404393063397478159e+00,9.697600428192054700e-01,0.000000000000000000e+00,-5.581144096223295686e-02,-7.179656715621725027e-01,6.518894347256948274e-01,3.231902384699985920e+00,1.685256820957894419e+00,6.812446152387900966e-01,-2.091040842900891050e+02,-1.090361163159757751e+02,-4.407652660594972360e+01
1.857887861999988672e+02,2.432472706668406204e+00,9.547683622662227476e-01,0.000000000000000000e+00,-9.051388493796781731e-02,-7.246073471481659922e-01,6.217128099399451546e-01,3.213454219266528078e+00,1.720431291180591238e+00,6.560511820924885829e-01,-2.079104879865443820e+02,-1.113119045393842583e+02,-4.244651148138401453e+01
1.858987946999986889e+02,2.487935895964135113e+00,9.061444285770818841e-01,0.000000000000000000e+00,-2.483816707701746729e-01,-7.193567644486743573e-01,5.510204813645503963e-01,3.194849965453323115e+00,1.755822677794745879e+00,6.322258956456920931e-01,-2.067067927648300270e+02,-1.136017272533200639e+02,-4.090501544827628067e+01
1.860065646000002744e+02,2.544793819630951859e+00,8.636272838835813426e-01,0.000000000000000000e+00,-2.976817840529198955e-01,-7.143397193032855474e-01,4.853564163517726793e-01,3.176092561087715538e+00,1.791415765881655631e+00,6.097895319024762006e-01,-2.054931887023751926e+02,-1.159046000525431310e+02,-3.945338271409021047e+01
1.861151515000001382e+02,2.606146333213835042e+00,8.371426182580828934e-01,0.000000000000000000e+00,-2.523163123671623986e-01,-7.199769671442308727e-01,4.271310455654018234e-01,3.157184968181292462e+00,1.827195253810294240e+00,5.887616557056380984e-01,-2.042698674413296374e+02,-1.182195329215260386e+02,-3.809287912415478417e+01
1.862260788999992656e+02,2.694484526991230311e+00,8.096125338134659843e-01,0.000000000000000000e+00,-2.168781973550246989e-01,-7.300285938185890888e-01,3.500438645585923769e-01,3.138130172462167522e+00,1.863145759815406866e+00,5.691606036759271348e-01,-2.030370221583022499e+02,-1.205455306600568264e+02,-3.682469105783248864e+01
1.863308113999992202e+02,2.767137725916160917e+00,7.833061435544694806e-01,0.000000000000000000e+00,-1.955858785588222848e-01,-7.290286117553638201e-01,2.865061915076568266e-01,3.118931182903470045e+00,1.899251828610372339e+00,5.510034682221662816e-01,-2.017948475338545222e+02,-1.228815933110910947e+02,-3.564992439397416035e+01
1.864347700999987865e+02,2.854788838594384259e+00,7.546946039050397292e-01,0.000000000000000000e+00,-1.917624629977870976e-01,-7.238675448602298612e-01,2.134940810922117405e-01,3.099591031248213113e+00,1.935497938031367493e+00,5.343060826364764981e-01,-2.005435397217594016e+02,-1.252267165906294792e+02,-3.456960354658003354e+01
1.865390205000003334e+02,2.924237544173042380e+00,7.451721436161240497e-01,0.000000000000000000e+00,-1.140609140418456929e-01,-7.276391586815214030e-01,1.606946743818757073e-01,3.080112771530541416e+00,1.971868505710464348e+00,5.190830072873715562e-01,-1.992832963180260322e+02,-1.275798923194670493e+02,-3.358467057149294277e+01
1.866461222999987513e+02,2.970770716500545916e+00,7.505100270265026019e-01,0.000000000000000000e+00,-1.935148115138722244e-02,-7.395866363428348356e-01,1.275809860849691502e-01,3.060499479593457917e+00,2.008347895774610592e+00,5.053475169229268982e-01,-1.980143163296967259e+02,-1.299401088566173144e+02,-3.269598434491337002e+01
1.867595521999992343e+02,3.007038564848588891e+00,7.562696372209185558e-01,0.000000000000000000e+00,2.624018452710273272e-02,-7.494339035428826401e-01,1.014523947609767135e-01,3.040754252603134589e+00,2.044920425567428257e+00,4.931115890949875347e-01,-1.967368001434228120e+02,-1.323063515342126095e+02,-3.190431981444569587e+01
1.868660113999994792e+02,3.050930947465207765e+00,7.438138290544599185e-01,0.000000000000000000e+00,-2.815768250916400248e-02,-7.407590167413450333e-01,6.734308731453479691e-02,3.020880208559802327e+00,2.081570372391429835e+00,4.823858937145701908e-01,-1.954509494938192233e+02,-1.346776030937255086e+02,-3.121036732333269370e+01
1.869697374999996100e+02,3.115643126583407252e+00,7.261699391645892732e-01,0.000000000000000000e+00,-7.586329911087336120e-02,-7.259254594708207664e-01,1.884165168930406267e-02,3.000880485805402120e+00,2.118281980267131992e+00,4.731797837475328894e-01,-1.941569674316095302e+02,-1.370528441232834496e+02,-3.061473200846537779e+01
1.870730122999993910e+02,-3.134072015341747175e+00,7.273293656118319239e-01,0.000000000000000000e+00,-2.666709538399389401e-02,-7.273087968344446042e-01,-5.469929482405562655e-03,2.980758242528001478e+00,2.155039466706733187e+00,4.655012870586661133e-01,-1.928550582915617042e+02,-1.394310534959256529e+02,-3.011793327269569787e+01
1.871766625999989628e+02,-3.113822541184815051e+00,7.338753340855387330e-01,0.000000000000000000e+00,1.911922757282787794e-02,-7.335923775948195447e-01,-2.037718120694658949e-02,2.960516656263072477e+00,2.191827029498990775e+00,4.593570994112570194e-01,-1.915454276602208097e+02,-1.418112088085847233e+02,-2.972040433190833042e+01
1.872824834999992163e+02,-3.082542191868860915e+00,7.438187844706234397e-01,0.000000000000000000e+00,6.029866143190623640e-02,-7.425223291903925160e-01,-4.389732093226338117e-02,2.940158923391745560e+00,2.228628853502712115e+00,4.547525786283044269e-01,-1.902282823434459544e+02,-1.441922868216254869e+02,-2.942249183725129669e+01
1.873866257999998197e+02,-3.065491454238542968e+00,7.495688722884825683e-01,0.000000000000000000e+00,6.002065267279326627e-02,-7.473993958272833193e-01,-5.698804629779349179e-02,2.919688258636029765e+00,2.265429117445733276e+00,4.516917399203959071e-01,-1.889038303337511309e+02,-1.465732638987389578e+02,-2.922445557284961737e+01
1.875042233000003762e+02,-3.057068684731443220e+00,7.528093979571752747e-01,0.000000000000000000e+00,4.503200173947604495e-02,-7.501218499986751498e-01,-6.355469933222744616e-02,2.899107894551193443e+00,2.302212000726604479e+00,4.501772523844016494e-01,-1.875722807774622254e+02,-1.489531164470113254e+02,-2.912646822927078816e+01
1.876280496999988827e+02,-3.054237176502851980e+00,7.535652644128908451e-01,0.000000000000000000e+00,2.590148986284319596e-02,-7.506918718475530383e-01,-6.574436304115433005e-02,2.878421081015301475e+00,2.338961690215852318e+00,4.502104366759727139e-01,-1.862338439416900258e+02,-1.513308213569656573e+02,-2.912861525293543608e+01
1.877359151000000566e+02,-3.054055691975120723e+00,7.532038204389094327e-01,0.000000000000000000e+00,1.192132153058712320e-02,-7.503198678641825881e-01,-6.584900160248741141e-02,2.857631084716013348e+00,2.375662387054228386e+00,4.517912638579133500e-01,-1.848887311811260759e+02,-1.537053564424085721e+02,-2.923089477160699445e+01
1.878403651999997237e+02,-3.054006600343630584e+00,7.530977708036460383e-01,0.000000000000000000e+00,5.829774697213940468e-03,-7.502109912000670677e-01,-6.587655935182056000e-02,2.836741188634762434e+00,2.412298313444560360e+00,4.549183554254145889e-01,-1.835371549046691371e+02,-1.560757008798630636e+02,-2.943321759602432408e+01
1.879450710000000981e+02,-3.053934724919136645e+00,7.528237750279684892e-01,0.000000000000000000e+00,1.900465433673473054e-03,-7.499333105867937999e-01,-6.590649375966571577e-02,2.815754691528296938e+00,2.448853719434875842e+00,4.595889845081280178e-01,-1.821793285418808068e+02,-1.584408356474364723e+02,-2.973540729767588431e+01
1.880483346000000893e+02,-3.053851468530238478e+00,7.526724587946223011e-01,0.000000000000000000e+00,3.418334031656746646e-04,-7.497770866992637950e-01,-6.595567063344212611e-02,2.794674907407793896e+00,2.485312889689239135e+00,4.657990782480434522e-01,-1.808154665092842777e+02,-1.607997439628937855e+02,-3.013720036264841440e+01
1.881516754999993282e+02,-3.053802338721871124e+00,7.525664116552399641e-01,0.000000000000000000e+00,-2.911496922920901232e-04,-7.496682066631841224e-01,-6.598320900084835017e-02,2.773505165015530238e+00,2.521660150243897558e+00,4.735432213510726296e-01,-1.794457841765048158e+02,-1.631514117207801746e+02,-3.063824642141440080e+01
1.882588491999995313e+02,-3.053668873812116047e+00,7.523093241848272106e-01,0.000000000000000000e+00,-1.306117715253835845e-03,-7.494032991519313791e-01,-6.606068782288192220e-02,2.752248807299230826e+00,2.557879875245625989e+00,4.828146608092800385e-01,-1.780704978322602301e+02,-1.654948279283919987e+02,-3.123810855436041933e+01
1.883697035999994114e+02,-3.024229551618641487e+00,7.436078397748293600e-01,0.000000000000000000e+00,-3.750399688491865002e-02,-7.384924519558113687e-01,-8.707191153800386552e-02,2.730909190884202697e+00,2.593956493669278274e+00,4.936053117895831122e-01,-1.766898246502079246e+02,-1.678289851404023239e+02,-3.193626367278602984e+01
1.884816945000002306e+02,-2.919790211159627003e+00,7.238056714413857451e-01,0.000000000000000000e+00,-8.188345609929220670e-02,-7.060742550081797742e-01,-1.592287550204395663e-01,2.709489685543248871e+00,2.629874496011892493e+00,5.059057646838771571e-01,-1.753039826546482232e+02,-1.701528798919694623e+02,-3.273210297504685684e+01
1.885904794999987644e+02,-2.853532327772169808e+00,7.265583776787338799e-01,0.000000000000000000e+00,-1.034487653546412381e-02,-6.966217942720780432e-01,-2.064101545959021455e-01,2.687993673664564653e+00,2.665618440960271673e+00,5.197052933143240239e-01,-1.739131906860973515e+02,-1.724655131301295796e+02,-3.362493247743676505e+01
1.886983185999997659e+02,-2.835085626689090255e+00,7.369118942375133541e-01,0.000000000000000000e+00,4.432862152855296389e-02,-7.025668771667691326e-01,-2.223486518440216109e-01,2.666424549717616443e+00,2.701172962029323887e+00,5.349918642867657059e-01,-1.725176683667297937e+02,-1.747658906432972685e+02,-3.461397361935374306e+01
1.888066660000004049e+02,-2.831361555331803004e+00,7.386859862950898581e-01,0.000000000000000000e+00,3.163043008199657030e-02,-7.034233672999832265e-01,-2.255051056741344262e-01,2.644785719717105632e+00,2.736522774168111294e+00,5.517521474840034745e-01,-1.711176360656967290e+02,-1.770530234886768142e+02,-3.569836394221502474e+01
1.889103746999990108e+02,-2.831361555331803004e+00,7.386859862950898581e-01,0.000000000000000000e+00,1.668245232500863498e-02,-7.034233672999832265e-01,-2.255051056741344262e-01,2.623080600685147257e+00,2.771652680331011531e+00,5.699715276898511540e-01,-1.697133148643290212e+02,-1.793259284174164634e+02,-3.687715784153336784e+01
1.890193875999993907e+02,-2.831361555331803004e+00,7.386859862950898581e-01,0.000000000000000000e+00,8.951542317781389577e-03,-7.034233672999832265e-01,-2.255051056741344262e-01,2.601312620111643881e+00,2.806547578010972988e+00,5.896341173338546238e-01,-1.683049265212233649e+02,-1.815836282973099571e+02,-3.814932739150039254e+01
1.891229973999998037e+02,-2.831361555331803004e+00,7.386859862950898581e-01,0.000000000000000000e+00,4.684774568301339204e-03,-7.034233672999832265e-01,-2.255051056741344262e-01,2.579485215413070520e+00,2.841192465732200745e+00,6.107227703454662926e-01,-1.668926934372256596e+02,-1.838251525328734033e+02,-3.951376324135166840e+01
1.892440970999996352e+02,-2.831361555331803004e+00,7.386859862950898581e-01,0.000000000000000000e+00,2.465470776247292127e-03,-7.034233672999832265e-01,-2.255051056741344262e-01,2.557601833389660850e+00,2.875572449499274263e+00,6.332190971056617101e-01,-1.654768386203110708e+02,-1.860495374826030570e+02,-4.096927558273631576e+01
1.893549705999994330e+02,-2.831361555331803004e+00,7.386859862950898581e-01,0.000000000000000000e+00,1.213353083737079684e-03,-7.034233672999832265e-01,-2.255051056741344262e-01,2.535665929681109709e+00,2.909672749200251207e+00,6.571034804830011566e-01,-1.640575856503677983e+02,-1.882558268732562681e+02,-4.251459518725017972e+01
1.894689703000003647e+02,-2.831361555331803004e+00,7.386859862950898581e-01,0.000000000000000000e+00,6.520882385010901830e-04,-7.034233672999832265e-01,-2.255051056741344262e-01,2.513680968220914469e+00,2.943478704960563519e+00,6.823550929400024057e-01,-1.626351586438931633e+02,-1.904430722109484577e+02,-4.414837451321815820e+01
1.895846203000000969e+02,-2.831361555331803004e+00,7.386859862950898581e-01,0.000000000000000000e+00,3.330533661131190805e-04,-7.034233672999832265e-01,-2.255051056741344262e-01,2.491650420689341505e+00,2.976975783445529711e+00,7.089519146951095419e-01,-1.612097822186003953e+02,-1.926103331889257788e+02,-4.586918888077359213e+01
1.896998256999995647e+02,-2.831361555331803004e+00,7.386859862950898581e-01,0.000000000000000000e+00,1.695883174816832802e-04,-7.034233672999832265e-01,-2.255051056741344262e-01,2.469577765965231375e+00,3.010149584108160692e+00,7.368707529242630727e-01,-1.597816814579504694e+02,-1.947566780917979941e+02,-4.767553771419981956e+01
1.898076019000000088e+02,-2.831361555331803004e+00,7.386859862950898581e-01,0.000000000000000000e+00,8.648545386210247860e-05,-7.034233672999832265e-01,-2.255051056741344262e-01,2.447466489576640480e+00,3.042985845380124843e+00,7.660872619853809073e-01,-1.583510818756086564e+02,-1.968811841960940967e+02,-4.956584585045414570e+01
1.899159302999996726e+02,-2.831361555331803004e+00,7.386859862950898581e-01,0.000000000000000000e+00,4.550450962161893580e-05,-7.034233672999832265e-01,-2.255051056741344262e-01,2.425320083150425354e+00,3.075470450802781475e+00,7.965759646481123113e-01,-1.569182093798325184e+02,-1.989829381669399595e+02,-5.153846491273287000e+01
1.900263371000000916e+02,-2.831361555331803004e+00,7.386859862950898581e-01,0.000000000000000000e+00,2.401113880937687294e-05,-7.034233672999832265e-01,-2.255051056741344262e-01,2.403142043860903243e+00,3.107589435095956087e+00,8.283102743103460952e-01,-1.554832902378004462e+02,-2.010610364507083716e+02,-5.359167474787939511e+01
1.901337604999989708e+02,-2.831361555331803004e+00,7.386859862950898581e-01,0.000000000000000000e+00,1.251192709413385306e-05,-7.034233672999832265e-01,-2.255051056741344262e-01,2.380935873877567222e+00,3.139328990161667665e+00,8.612625181821884635e-01,-1.540465510398786080e+02,-2.031145856634599056e+02,-5.572368492638759818e+01
1.902412680999987060e+02,-2.831361555331803004e+00,7.386859862950898581e-01,0.000000000000000000e+00,6.604153797407953324e-06,-7.034233672999832265e-01,-2.255051056741344262e-01,2.358705079812080108e+00,3.170675471020280689e+00,8.954039614169677641e-01,-1.526082186638415976e+02,-2.051427029750121562e+02,-5.793263630367781758e+01
1.903485184999990452e+02,-2.831361555331803004e+00,7.386859862950898581e-01,0.000000000000000000e+00,3.478323553142519228e-06,-7.034233672999832265e-01,-2.255051056741344262e-01,2.336453172164532077e+00,3.201615401676588313e+00,9.307048321685067460e-01,-1.511685202390452218e+02,-2.071445164884752614e+02,-6.021660264130238716e+01
1.904572969999990164e+02,-2.831361555331803004e+00,7.386859862950898581e-01,0.000000000000000000e+00,1.838010761142829012e-06,-7.034233672999832265e-01,-2.255051056741344262e-01,2.314183664769087212e+00,3.232135480913139958e+00,9.671343475526037459e-01,-1.497276831105599513e+02,-2.091191656150801634e+02,-6.257359228665346507e+01
1.905659567000002426e+02,-2.831361555331803004e+00,7.386859862950898581e-01,0.000000000000000000e+00,9.625188526480592801e-07,-7.034233672999832265e-01,-2.255051056741344262e-01,2.291900074239131335e+00,3.262222588008537372e+00,1.004660740490110005e+00,-1.482859348032718003e+02,-2.110658014441523846e+02,-6.500154990971012126e+01
1.906769346000000951e+02,-2.831361555331803004e+00,7.386859862950898581e-01,0.000000000000000000e+00,5.058595889071401447e-07,-7.034233672999832265e-01,-2.255051056741344262e-01,2.269605919411916695e+00,3.291863788378071476e+00,1.043251287408365258e+00,-1.468435029859510053e+02,-2.129835871080612435e+02,-6.749835829532123910e+01
1.907888105999991240e+02,-2.831361555331803004e+00,7.386859862950898581e-01,0.000000000000000000e+00,2.626200360852412963e-07,-7.034233672999832265e-01,-2.255051056741344262e-01,2.247304720792944632e+00,3.321046339134403169e+00,1.082872336776633526e+00,-1.454006154353035356e+02,-2.148716981419958927e+02,-7.006184018944819059e+01
1.908975836999998137e+02,-2.831361555331803004e+00,7.386859862950898581e-01,0.000000000000000000e+00,1.361664512633871429e-07,-7.034233672999832265e-01,-2.255051056741344262e-01,2.224999999999995204e+00,3.349757694565713262e+00,1.123489338450680330e+00,-1.439574999999996976e+02,-2.167293228384016572e+02,-7.268976019775901420e+01
1.910115668999987975e+02,-2.831361555331803004e+00,7.386859862950898581e-01,0.000000000000000000e+00,7.106273819700302378e-08,-7.034233672999832265e-01,-2.255051056741344262e-01,2.202695279207039558e+00,3.377985511529254303e+00,1.165066873801100744e+00,-1.425143845646954617e+02,-2.185556625959427492e+02,-7.537982673493122832e+01
1.911192946999999549e+02,-2.831361555331803004e+00,7.386859862950898581e-01,0.000000000000000000e+00,3.657939937341120345e-08,-7.034233672999832265e-01,-2.255051056741344262e-01,2.180394080588067940e+00,3.405717654757606461e+00,1.207568686598770036e+00,-1.410714970140479920e+02,-2.203499322628171342e+02,-7.812969402294042709e+01
1.912289221999999427e+02,-2.831361555331803004e+00,7.386859862950898581e-01,0.000000000000000000e+00,1.925976594811464933e-08,-7.034233672999832265e-01,-2.255051056741344262e-01,2.158099925760859517e+00,3.432942202075816684e+00,1.250957714630956730e+00,-1.396290651967276233e+02,-2.221113604743053429e+02,-8.093696413662290468e+01
1.913399911999986216e+02,-2.831361555331803004e+00,7.386859862950898581e-01,0.000000000000000000e+00,1.007331886491033768e-08,-7.034233672999832265e-01,-2.255051056741344262e-01,2.135816335230903640e+00,3.459647449526686014e+00,1.295196122019999674e+00,-1.381873168894394723e+02,-2.238391899843765884e+02,-8.379918909469398614e+01
1.914472440999998071e+02,-2.831361555331803004e+00,7.386859862950898581e-01,0.000000000000000000e+00,5.230257410476383584e-09,-7.034233672999832265e-01,-2.255051056741344262e-01,2.113546827835464548e+00,3.485821916402435328e+00,1.340245332216851715e+00,-1.367464797609545712e+02,-2.255326779912375628e+02,-8.671387299443030372e+01
1.915600916999992478e+02,-2.831361555331803004e+00,7.386859862950898581e-01,0.000000000000000000e+00,2.765665003752810991e-09,-7.034233672999832265e-01,-2.255051056741344262e-01,2.091294920187910300e+00,3.511454350180249762e+00,1.386066061640327529e+00,-1.353067813361577976e+02,-2.271910964566621658e+02,-8.967847418812920068e+01
1.916709026999997150e+02,-2.831361555331803004e+00,7.386859862950898581e-01,0.000000000000000000e+00,1.424007073058521309e-09,-7.034233672999832265e-01,-2.255051056741344262e-01,2.069064126122423186e+00,3.536533731359827737e+00,1.432618353933015509e+00,-1.338684489601207872e+02,-2.288137324189808623e+02,-9.269040749946610447e+01
1.917786225999989256e+02,-2.831361555331803004e+00,7.386859862950898581e-01,0.000000000000000000e+00,7.398525098170889611e-10,-7.034233672999832265e-01,-2.255051056741344262e-01,2.046857956139087609e+00,3.561049278200704826e+00,1.479861614803790859e+00,-1.324317097621989774e+02,-2.303998882995856263e+02,-9.574704647780527011e+01
1.918870592999992368e+02,-2.831361555331803004e+00,7.386859862950898581e-01,0.000000000000000000e+00,3.903421238411907100e-10,-7.034233672999832265e-01,-2.255051056741344262e-01,2.024679916849565053e+00,3.584990451357363384e+00,1.527754647426689427e+00,-1.309967906201668768e+02,-2.319488822028214088e+02,-9.884572568850680341e+01
1.919945745999993960e+02,-2.831361555331803004e+00,7.386859862950898581e-01,0.000000000000000000e+00,2.044527035289333713e-10,-7.034233672999832265e-01,-2.255051056741344262e-01,2.002533510423356589e+00,3.608346958410181937e+00,1.576255688365070462e+00,-1.295639181243911651e+02,-2.334600482091387903e+02,-1.019837430372200657e+02
1.921036969999986468e+02,-2.831361555331803004e+00,7.386859862950898581e-01,0.000000000000000000e+00,1.076472898701014669e-10,-7.034233672999832265e-01,-2.255051056741344262e-01,1.980422234034759255e+00,3.631108758290138461e+00,1.625322443990059540e+00,-1.281333185420489258e+02,-2.349327366613719619e+02,-1.051583621261568595e+02
1.922143661999998585e+02,-2.831361555331803004e+00,7.386859862950898581e-01,0.000000000000000000e+00,5.655803752240501828e-11,-7.034233672999832265e-01,-2.255051056741344262e-01,1.958349579310649347e+00,3.653266065595550227e+00,1.674912127361081415e+00,-1.267052177813990141e+02,-2.363663144440320991e+02,-1.083668146402619783e+02
1.923208642999998119e+02,-2.831361555331803004e+00,7.386859862950898581e-01,0.000000000000000000e+00,2.944490192143826588e-11,-7.034233672999832265e-01,-2.255051056741344262e-01,1.936319031779076161e+00,3.674809354798843408e+00,1.724981495536872300e+00,-1.252798413561062318e+02,-2.377601652554851910e+02,-1.116063027612356393e+02
1.924271429999989778e+02,-2.831361555331803004e+00,7.386859862950898581e-01,0.000000000000000000e+00,1.563184666710412078e-11,-7.034233672999832265e-01,-2.255051056741344262e-01,1.914334070318880920e+00,3.695729364341652001e+00,1.775486887283826754e+00,-1.238574143496315969e+02,-2.391136898729048994e+02,-1.148740016072635939e+02
1.925421604000002844e+02,-2.831361555331803004e+00,7.386859862950898581e-01,0.000000000000000000e+00,8.272766163039195243e-12,-7.034233672999832265e-01,-2.255051056741344262e-01,1.892398166610336219e+00,3.716017100616352486e+00,1.826384261149349486e+00,-1.224381613796887649e+02,-2.404263064098780092e+02,-1.181670616963629215e+02
1.926518250999997690e+02,-2.831361555331803004e+00,7.386859862950898581e-01,0.000000000000000000e+00,4.216116878537758812e-12,-7.034233672999832265e-01,-2.255051056741344262e-01,1.870514784586919887e+00,3.735663841832519871e+00,1.877629233866572989e+00,-1.210223065627737213e+02,-2.416974505665640436e+02,-1.214826114311672711e+02
1.927610054999986460e+02,-2.831361555331803004e+00,7.386859862950898581e-01,0.000000000000000000e+00,2.207831253544134709e-12,-7.034233672999832265e-01,-2.255051056741344262e-01,1.848687379888346971e+00,3.754661141766385768e+00,1.929177119057273959e+00,-1.196100734787760587e+02,-2.429265758722851558e+02,-1.248177596030056264e+02
1.928696607000001677e+02,-2.831361555331803004e+00,7.386859862950898581e-01,0.000000000000000000e+00,1.155601845306114239e-12,-7.034233672999832265e-01,-2.255051056741344262e-01,1.826919399314843595e+00,3.773000833391998654e+00,1.980982966199035689e+00,-1.182016851356703881e+02,-2.441131539204623095e+02,-1.281695979130776095e+02
1.929798266999987391e+02,-2.831361555331803004e+00,7.386859862950898581e-01,0.000000000000000000e+00,6.066958223546767473e-13,-7.034233672999832265e-01,-2.255051056741344262e-01,1.805214280282885220e+00,3.790675032392190058e+00,2.033001599822822136e+00,-1.167973639343026804e+02,-2.452566745957747116e+02,-1.315352035085365969e+02
1.930844650999988517e+02,-2.831361555331803004e+00,7.386859862950898581e-01,0.000000000000000000e+00,3.165906335531926078e-13,-7.034233672999832265e-01,-2.255051056741344262e-01,1.783575450282380626e+00,3.807676140548132082e+00,2.085187658906569652e+00,-1.153973316332700279e+02,-2.463566462934641663e+02,-1.349116415312550714e+02
1.931882442999994964e+02,-2.831361555331803004e+00,7.386859862950898581e-01,0.000000000000000000e+00,1.689206359277082442e-13,-7.034233672999832265e-01,-2.255051056741344262e-01,1.762006326335426198e+00,3.823996849005807608e+00,2.137495636430787993e+00,-1.140018093139020863e+02,-2.474125961306757517e+02,-1.382959676770719852e+02
1.932917234999986249e+02,-2.831361555331803004e+00,7.386859862950898581e-01,0.000000000000000000e+00,9.071130992343042478e-14,-7.034233672999832265e-01,-2.255051056741344262e-01,1.740510314456742202e+00,3.839630141418140852e+00,2.189879919061204827e+00,-1.126110173453512289e+02,-2.484240701497537316e+02,-1.416852307632599661e+02
1.933969321000004129e+02,-2.831361555331803004e+00,7.386859862950898581e-01,0.000000000000000000e+00,4.872084427650011988e-14,-7.034233672999832265e-01,-2.255051056741344262e-01,1.719090809115788154e+00,3.854569296961352087e+00,2.242294826924449147e+00,-1.112251753497914990e+02,-2.493906335133994787e+02,-1.450764753020118576e+02
1.935001467000001867e+02,-2.831361555331803004e+00,7.386859862950898581e-01,0.000000000000000000e+00,2.598009717106411339e-14,-7.034233672999832265e-01,-2.255051056741344262e-01,1.697751192700760248e+00,3.868807893224266881e+00,2.294694653441428311e+00,-1.098445021677391935e+02,-2.503118706916100678e+02,-1.484667440776604224e+02
1.936033494999992399e+02,-2.835250751817402382e+00,7.363022439775008809e-01,0.000000000000000000e+00,-1.065494355299205671e-02,-7.020223160859854206e-01,-2.220487833868312055e-01,1.676494834984466831e+00,3.882339808969357264e+00,2.347033705184258690e+00,-1.084692158234950057e+02,-2.511873856403174159e+02,-1.518530807254215347e+02
1.937065630999986752e+02,-2.862037823470958031e+00,7.202768712222752390e-01,0.000000000000000000e+00,-7.614453140568400169e-02,-6.923145477975678475e-01,-1.987444040107777254e-01,1.655325092592196956e+00,3.895159226764262073e+00,2.399266341721524753e+00,-1.070995334907151459e+02,-2.520168019716477659e+02,-1.552325323093826626e+02
1.938114710999998351e+02,-2.881819713472418165e+00,7.094646167987953556e-01,0.000000000000000000e+00,-8.753589731321882728e-02,-6.856608911920818450e-01,-1.822338738520959400e-01,1.634245308471693914e+00,3.907260635482746380e+00,2.451347015417466135e+00,-1.057356714581186026e+02,-2.527997631157336968e+02,-1.586021518975100548e+02
1.939194522999987385e+02,-2.814022337626482351e+00,6.978805151149291008e-01,0.000000000000000000e+00,-9.501083034343681122e-02,-6.607720255133381349e-01,-2.245385126789593844e-01,1.613258811365228862e+00,3.918638832673950745e+00,2.503230311150167253e+00,-1.043778450953303150e+02,-2.535359324740046247e+02,-1.619590011314158176e+02
1.940281791999987036e+02,-2.628270583210366329e+00,6.840728927742624199e-01,0.000000000000000000e+00,-4.201683135228924393e-02,-5.959081661473102365e-01,-3.359303203753677414e-01,1.592368915283977948e+00,3.929288926798965687e+00,2.554870985914268200e+00,-1.030262688188733762e+02,-2.542249935638930936e+02,-1.653001527886531505e+02
1.941371460999998817e+02,-2.612132032415492411e+00,6.844317576735896580e-01,0.000000000000000000e+00,-1.447473494937167628e-02,-5.907191006262511035e-01,-3.456845022089830022e-01,1.571578918984695816e+00,3.939206339333698459e+00,2.606224008273452242e+00,-1.016811560583098242e+02,-2.548666501548902943e+02,-1.686226933352923538e+02
1.942458021000002191e+02,-2.611457309322152476e+00,6.844020347641361912e-01,0.000000000000000000e+00,-7.564045555754984711e-03,-5.904600817619726216e-01,-3.460679659184515145e-01,1.550892105448797853e+00,3.948386806737233190e+00,2.657244597628639404e+00,-1.003427192225372266e+02,-2.554606263958989985e+02,-1.719237254665729893e+02
1.943621224999988044e+02,-2.609429644799973413e+00,6.839211010065402441e-01,0.000000000000000000e+00,-5.755153722643585427e-03,-5.893427325026632246e-01,-3.470204836148617078e-01,1.530311741363961531e+00,3.956826382284709176e+00,2.707888263267185014e+00,-9.901116966624832116e+01,-2.560066669338206680e+02,-1.752003706333868820e+02
1.944797873999996227e+02,-2.607928399297577471e+00,6.832732325575403554e-01,0.000000000000000000e+00,-5.673096659043192283e-03,-5.882633240308402511e-01,-3.475752751992253753e-01,1.509841076608246180e+00,3.964521437764078726e+00,2.758110843159617076e+00,-9.768671765655352601e+01,-2.565045370233358994e+02,-1.784497715524272223e+02
1.945873726999998325e+02,-2.606717128768838876e+00,6.827767629367408331e-01,0.000000000000000000e+00,-4.929688835617566239e-03,-5.874147561593895395e-01,-3.480344986529054774e-01,1.489483343736919263e+00,3.971468665035854162e+00,2.807868542469434736e+00,-9.636957233977868498e+01,-2.569540226278197679e+02,-1.816690946977724366e+02
1.946946724999997969e+02,-2.605732748790457798e+00,6.823483904401925759e-01,0.000000000000000000e+00,-4.463741956758908447e-03,-5.867035459394983610e-01,-3.483938505748060965e-01,1.469241757471995813e+00,3.977665077455320386e+00,2.857117971742965334e+00,-9.505994170843813151e+01,-2.573549305113592141e+02,-1.848555327717698731e+02
1.948080813999986276e+02,-2.604701500910031609e+00,6.819674187226659745e-01,0.000000000000000000e+00,-4.010698689993185892e-03,-5.860165835084897301e-01,-3.488038475308052333e-01,1.449119514194589620e+00,3.983108011156486938e+00,2.905816184745531494e+00,-9.375803256838995026e+01,-2.577070883218246991e+02,-1.880063071530358911e+02
1.949243471999998292e+02,-2.603771323920460734e+00,6.816730041201281010e-01,0.000000000000000000e+00,-3.312794037491964376e-03,-5.854390295787014198e-01,-3.491979770733337762e-01,1.429119791440189413e+00,3.987795126197307471e+00,2.953920715911250827e+00,-9.246405050618025712e+01,-2.580103446649658281e+02,-1.911186703194579479e+02
1.950369663000001310e+02,-2.602640124765639662e+00,6.812090252785305555e-01,0.000000000000000000e+00,-3.632705043528072601e-03,-5.846454343047602364e-01,-3.496218704079079864e-01,1.409245747396857151e+00,3.991724407565626631e+00,3.001389617373620755e+00,-9.117819985657666848e+01,-2.582645691694960419e+02,-1.941899082440732798e+02
1.951481956999996328e+02,-2.602073427569903785e+00,6.809151108141365816e-01,0.000000000000000000e+00,-3.121383453476223296e-03,-5.841950450943809159e-01,-3.498021403911104055e-01,1.389500520406533823e+00,3.994894166045445782e+00,3.048181495544725284e+00,-8.990068367030274032e+01,-2.584696525431403415e+02,-1.972173427617437369e+02
1.952632069999999658e+02,-2.601141666391705520e+00,6.806193661146755503e-01,0.000000000000000000e+00,-2.910016884386993404e-03,-5.836152652977423250e-01,-3.501941513529154837e-01,1.369887228469455875e+00,3.997303038943124776e+00,3.094255547210980950e+00,-8.863170368197380355e+01,-2.586255066196201824e+02,-2.001983339045504806e+02
1.953748709999999846e+02,-2.600531106933460901e+00,6.803731922577173075e-01,0.000000000000000000e+00,-2.518447780518425980e-03,-5.831903312001286421e-01,-3.504236269683324023e-01,1.350408968751778627e+00,3.998949990673207111e+00,3.139571595114245550e+00,-8.737146027824007888e+01,-2.587320643965564955e+02,-2.031302822038917100e+02
1.954875226999993174e+02,-2.599820067309031479e+00,6.800436812075898452e-01,0.000000000000000000e+00,-2.745405523210195896e-03,-5.826586949686930472e-01,-3.506682955839458549e-01,1.331068817096521695e+00,3.999834313203624259e+00,3.184090122986864113e+00,-8.612015246614495823e+01,-2.587892800642745215e+02,-2.060106309572501289e+02
1.955952120000001742e+02,-2.599497310193754629e+00,6.799954190379042807e-01,0.000000000000000000e+00,-1.620850084269054477e-03,-5.825041411360860621e-01,-3.508314345548953495e-01,1.311869827537824662e+00,3.999955626360084171e+00,3.227772310010541101e+00,-8.487797784169725901e+01,-2.587971290254974406e+02,-2.088368684576820158e+02
1.957026329999989684e+02,-2.600159235350936626e+00,6.797584837611924113e-01,0.000000000000000000e+00,-1.896998663807722115e-03,-5.825331910405858737e-01,-3.503236754508431416e-01,1.292815031818699723e+00,3.999313877989506771e+00,3.270580064668648035e+00,-8.364513255866987151e+01,-2.587556079059211243e+02,-2.116065301840615405e+02
1.958144204000000173e+02,-2.600159235350936626e+00,6.797584837611924113e-01,0.000000000000000000e+00,-1.000503854764052750e-03,-5.825331910405858737e-01,-3.503236754508431416e-01,1.273907438912281975e+00,3.997909343982446462e+00,3.312476057962580267e+00,-8.242181129762464309e+01,-2.586647345556643245e+02,-2.143172009501789432e+02
1.959230805999995937e+02,-2.600159235350936626e+00,6.797584837611924113e-01,0.000000000000000000e+00,-5.173826836145800244e-04,-5.825331910405858737e-01,-3.503236754508431416e-01,1.255150034546669069e+00,3.995742628154483445e+00,3.353423755963191422e+00,-8.120820723516949613e+01,-2.585245480415950965e+02,-2.169665170108185066e+02
1.960307374999993044e+02,-2.600159235350936626e+00,6.797584837611924113e-01,0.000000000000000000e+00,-2.718052663961419255e-04,-5.825331910405858737e-01,-3.503236754508431416e-01,1.236545780733458999e+00,3.992814661986646918e+00,3.393387451668902433e+00,-8.000451201345480001e+01,-2.583351086305360695e+02,-2.195521681229780029e+02
1.961347865999996429e+02,-2.600159235350936626e+00,6.797584837611924113e-01,0.000000000000000000e+00,-1.433968513960609732e-04,-5.825331910405858737e-01,-3.503236754508431416e-01,1.218097615300001157e+00,3.989126704224957187e+00,3.432332296142826422e+00,-7.881091570991007700e+01,-2.580964977633547619e+02,-2.220718995604408690e+02
1.962456363999990572e+02,-2.600159235350936626e+00,6.797584837611924113e-01,0.000000000000000000e+00,-7.671696163996914069e-05,-5.825331910405858737e-01,-3.503236754508431416e-01,1.199808451425470102e+00,3.984680340339295412e+00,3.470224328901452715e+00,-7.762760680722792017e+01,-2.578088180199524118e+02,-2.245235140799240128e+02
1.963538381999987905e+02,-2.600159235350936626e+00,6.797584837611924113e-01,0.000000000000000000e+00,-3.990749004603206276e-05,-5.825331910405858737e-01,-3.503236754508431416e-01,1.181681177180856634e+00,3.979477481841791509e+00,3.507030507528770435e+00,-7.645477216360143302e+01,-2.574721930751639434e+02,-2.269048738371114666e+02
1.964709724000003916e+02,-2.600159235350936626e+00,6.797584837611924113e-01,0.000000000000000000e+00,-2.086015345767612862e-05,-5.825331910405858737e-01,-3.503236754508431416e-01,1.163718655072896402e+00,3.973520365465067705e+00,3.542718736489725018e+00,-7.529259698321639860e+01,-2.570867676455898732e+02,-2.292139022508852122e+02
1.965801730999992287e+02,-2.600656210835694537e+00,6.789511156113543500e-01,0.000000000000000000e+00,-3.433302317788662628e-03,-5.820151237204773675e-01,-3.496183821691017379e-01,1.145923721592069011e+00,3.966811552200651292e+00,3.577257895117950781e+00,-7.414126478700687528e+01,-2.566527074273821540e+02,-2.314485858141314338e+02
1.966890870999995968e+02,-2.600998734076672481e+00,6.786667550506859659e-01,0.000000000000000000e+00,-3.038404821951640623e-03,-5.818910303503840309e-01,-3.492726631283878391e-01,1.128299186764651241e+00,3.959353926197994866e+00,3.610617864753527861e+00,-7.300095738367294018e+01,-2.561701990250102767e+02,-2.336069758495532653e+02
1.967988007999992988e+02,-2.614413588721540727e+00,6.644190420270089659e-01,0.000000000000000000e+00,-6.362874079965538665e-02,-5.742106776167106297e-01,-3.342674993460271748e-01,1.110847833709002419e+00,3.951150693524558832e+00,3.642769555006887039e+00,-7.187185484097246047e+01,-2.556394498710389769e+02,-2.356871902089455943e+02
1.969094002999991062e+02,-2.624805193552976146e+00,6.547192598450175538e-01,0.000000000000000000e+00,-7.503972021360133526e-02,-5.692200911379053929e-01,-3.234900262094062007e-01,1.093572418196072649e+00,3.942205380787521918e+00,3.673684929126014964e+00,-7.075413545728589781e+01,-2.550606881369526775e+02,-2.376874149144531714e+02
1.970227673999997933e+02,-2.624426090193343608e+00,6.547144728762553934e-01,0.000000000000000000e+00,-3.907705233843886128e-02,-5.690932531350376689e-01,-3.237034294378310917e-01,1.076475668214229575e+00,3.932521833617667717e+00,3.703337028444989354e+00,-6.964797573346065462e+01,-2.544341626350631032e+02,-2.396059057403908241e+02
1.971301088999989588e+02,-2.623902946516209589e+00,6.545447023152234367e-01,0.000000000000000000e+00,-2.080770087995309839e-02,-5.687763072240205053e-01,-3.239170876467172833e-01,1.059560283538496739e+00,3.922104215016134265e+00,3.731699995892248545e+00,-6.855355034494074573e+01,-2.537601427115438923e+02,-2.414409897342284808e+02
1.972377039000002696e+02,-2.623614282359191030e+00,6.543412395307343088e-01,0.000000000000000000e+00,-1.188903778795951348e-02,-5.685060073494569988e-01,-3.239805200289007092e-01,1.042828935304198845e+00,3.910957003564721646e+00,3.758749098538442190e+00,-6.747103211418166779e+01,-2.530389181306375121e+02,-2.431910666754372130e+02
1.973497074999995675e+02,-2.623267714669699657e+00,6.540072821960127847e-01,0.000000000000000000e+00,-7.733702515899650541e-03,-5.681035999022783223e-01,-3.240120753050527713e-01,1.026284265585178268e+00,3.899084991500515684e+00,3.784460749163828908e+00,-6.640059198336103918e+01,-2.522707989500833889e+02,-2.448546104708997291e+02
1.974617301999987831e+02,-2.622834937907194242e+00,6.538709658495632793e-01,0.000000000000000000e+00,-4.586497291051347229e-03,-5.678449398158562644e-01,-3.241903211179620325e-01,1.009928886976575235e+00,3.886493282655711035e+00,3.808812526826742761e+00,-6.534239898738441354e+01,-2.514561153878245250e+02,-2.464301704856902688e+02
1.975705641000004107e+02,-2.622454579530662855e+00,6.536345112866647211e-01,0.000000000000000000e+00,-3.376856915931664843e-03,-5.675162892429472805e-01,-3.242889695763216951e-01,9.937653821822651778e-01,3.873187290263412130e+00,3.831783196414944026e+00,-6.429662022719256242e+01,-2.505952176800427651e+02,-2.479163728080469014e+02
1.976816908999990119e+02,-2.622206389938944504e+00,6.533857713201379758e-01,0.000000000000000000e+00,-2.867162967568443691e-03,-5.672198494907166877e-01,-3.243063497795569683e-01,9.777963036070378422e-01,3.859172734630512913e+00,3.853352727162977942e+00,-6.326342084337534999e+01,-2.496884759305941941e+02,-2.493119214474446892e+02
1.977899803999989672e+02,-2.621877057063326522e+00,6.533342356888518498e-01,0.000000000000000000e+00,-1.712881213856640378e-03,-5.670682830993337697e-01,-3.244675420221721507e-01,9.620241729535148334e-01,3.844455640678446251e+00,3.873502310119287362e+00,-6.224296399009241298e+01,-2.487362799518954830e+02,-2.506155994647179170e+02
1.978971908000003168e+02,-2.621582610517945167e+00,6.531315342648991162e-01,0.000000000000000000e+00,-1.790107496905057232e-03,-5.667968129998928184e-01,-3.245337791731172095e-01,9.464514808239625765e-01,3.829042335353102011e+00,3.892214374547920741e+00,-6.123541080931038039e+01,-2.477390390973457102e+02,-2.518262700332504949e+02
1.980077153999991424e+02,-2.621291320519802071e+00,6.529278690222020121e-01,0.000000000000000000e+00,-1.842285202338472079e-03,-5.665255414092259523e-01,-3.245976171768012453e-01,9.310806863269927014e-01,3.812939444904794861e+00,3.909472603250437217e+00,-6.024092040535643378e+01,-2.466971820853402448e+02,-2.529428774303032981e+02
1.981159427999991749e+02,-2.621291320519802071e+00,6.529278690222020121e-01,0.000000000000000000e+00,-9.568241691455243005e-04,-5.665255414092259523e-01,-3.245976171768012453e-01,9.159142166892362269e-01,3.796153892039649591e+00,3.925261946794790902e+00,-5.925964981979358726e+01,-2.456111568149653408e+02,-2.539644479576229799e+02
1.982241350000003877e+02,-2.621291320519802071e+00,6.529278690222020121e-01,0.000000000000000000e+00,-5.040561512908097548e-04,-5.665255414092259523e-01,-3.245976171768012453e-01,9.009544668720725902e-01,3.778692892943474213e+00,3.939568636638608012e+00,-5.829175400662310125e+01,-2.444814301734427886e+02,-2.548900907905179452e+02
1.983337525999995705e+02,-2.621291320519802071e+00,6.529278690222020121e-01,0.000000000000000000e+00,-2.649143948591477574e-04,-5.665255414092259523e-01,-3.245976171768012453e-01,8.862037991934126335e-01,3.760563954179501067e+00,3.952380197135614281e+00,-5.733738580781380278e+01,-2.433084878354137288e+02,-2.557189987546742600e+02
1.984418253000003460e+02,-2.621291320519802071e+00,6.529278690222020121e-01,0.000000000000000000e+00,-1.384105223515635040e-04,-5.665255414092259523e-01,-3.245976171768012453e-01,8.716645429546778789e-01,3.741774869461258035e+00,3.963685456414542507e+00,-5.639669592916766305e+01,-2.420928340541433954e+02,-2.564504490300209341e+02
1.985453753999991022e+02,-2.621291320519802071e+00,6.529278690222020121e-01,0.000000000000000000e+00,-7.287465171143970438e-05,-5.665255414092259523e-01,-3.245976171768012453e-01,8.573389940729727599e-01,3.722333716302049567e+00,3.973474556121197487e+00,-5.546983291652134085e+01,-2.408349914447426272e+02,-2.570838037810414676e+02
1.986494007999990572e+02,-2.621291320519802071e+00,6.529278690222020121e-01,0.000000000000000000e+00,-3.910419968758098176e-05,-5.665255414092259523e-01,-3.245976171768012453e-01,8.432294147185290800e-01,3.702248852542374458e+00,3.981738960015068329e+00,-5.455694313228883630e+01,-2.395355007594916401e+02,-2.576185107129749099e+02
1.987537092999991728e+02,-2.621291320519802071e+00,6.529278690222020121e-01,0.000000000000000000e+00,-2.095190537176114994e-05,-5.665255414092259523e-01,-3.245976171768012453e-01,8.293380329574979726e-01,3.681528912756856897e+00,3.988471461413067409e+00,-5.365817073235012202e+01,-2.381949206553686622e+02,-2.580541035534254775e+02
1.988630950999995548e+02,-2.621625133021456833e+00,6.516008107489840162e-01,0.000000000000000000e+00,-5.931749147369981719e-03,-5.654821965476238832e-01,-3.237491342944529560e-01,8.156670424000898034e-01,3.660182804542211343e+00,3.993666189473862094e+00,-5.277365764328581577e+01,-2.368138274538810890e+02,-2.583902024589588677e+02
1.989754919999995764e+02,-2.604912975983563417e+00,6.074506173938903908e-01,0.000000000000000000e+00,-1.929196057796477015e-01,-5.220497714329387362e-01,-3.105805671947859947e-01,8.022186018541925812e-01,3.638219704687796430e+00,3.997318614317340479e+00,-5.190354353996626458e+01,-2.353928148933004252e+02,-2.586265143463319305e+02
1.990925463000003219e+02,-2.647362539013122351e+00,4.282950311475811067e-01,0.000000000000000000e+00,-8.503349243001265823e-01,-3.770427503128302438e-01,-2.031634763983039549e-01,7.889948349844675413e-01,3.615649055230524933e+00,3.999425550974724963e+00,-5.104796582349505485e+01,-2.339324938734149839e+02,-2.587628331480647148e+02
1.991997596000001067e+02,-2.754300457868546381e+00,2.291363245245097713e-01,0.000000000000000000e+00,-1.293720426830474945e+00,-2.121653755543136399e-01,-8.654079172562791078e-02,7.759978299769949572e-01,3.592480559395616169e+00,3.999985162165922148e+00,-5.020705959951157382e+01,-2.324334921928963809e+02,-2.587990399921351923e+02
1.993128730999997060e+02,-2.754300457868546381e+00,0.000000000000000000e+00,0.000000000000000000e+00,0.000000000000000000e+00,-0.000000000000000000e+00,-0.000000000000000000e+00,7.632296392095385684e-01,3.568724177425234068e+00,3.998996959901650605e+00,-4.938095765685714866e+01,-2.308964542794126658e+02,-2.587351033056368124e+02
1.994196460000002844e+02,3.476595403944702234e-01,2.007952062131541926e-01,0.000000000000000000e+00,1.727587348188535543e+00,1.887821667064024933e-01,6.841058669401380021e-02,7.506922789274306229e-01,3.544390122296419143e+00,3.996461805908979592e+00,-4.856979044660476319e+01,-2.293220409125783306e+02,-2.585710788423110102e+02
1.995282036999997217e+02,3.768670132764167513e-01,3.437624168588322426e-01,0.000000000000000000e+00,1.550792877187346486e+00,3.196379146488572132e-01,1.265077181975685361e-01,7.383877289251974396e-01,3.519488855330581423e+00,3.992381910879888807e+00,-4.777368606146027474e+01,-2.277109289398886176e+02,-2.583071096339288033e+02
1.996405765999988944e+02,4.540170633465215877e-01,4.850969699725600770e-01,0.000000000000000000e+00,1.433423233472408409e+00,4.359530367213803603e-01,2.127534254717550755e-01,7.263179322339228250e-01,3.494031081696053587e+00,3.986760832543511324e+00,-4.699277021553481148e+01,-2.260638109857346763e+02,-2.579434258655651888e+02
1.997489635999991151e+02,4.800482565508907840e-01,5.363415474118262694e-01,0.000000000000000000e+00,9.583550701425236351e-01,4.757202771104908079e-01,2.476943144806317554e-01,7.144847948144190664e-01,3.468027745805954076e+00,3.979603472563741917e+00,-4.622716622449291890e+01,-2.243813951536452294e+02,-2.574803446748741180e+02
1.998557017999992240e+02,4.793334600210545915e-01,5.353502091236167493e-01,0.000000000000000000e+00,5.013192999633766522e-01,4.750175896397150765e-01,2.468970148494620265e-01,7.028901852562652319e-01,3.441490026613096553e+00,3.970916072264912611e+00,-4.547699498608036350e+01,-2.226644047218673563e+02,-2.569182698755398633e+02
1.999673313000002963e+02,4.785783880584202343e-01,5.354300408418980473e-01,0.000000000000000000e+00,2.660669827489663963e-01,4.752747418882299901e-01,2.465750359607252473e-01,6.915359344827158861e-01,3.414429332804123085e+00,3.960706207189268913e+00,-4.474237496103172163e+01,-2.209135778324267676e+02,-2.562576916051457374e+02
2.000794346000002406e+02,4.785362278908196210e-01,5.352873478384131412e-01,0.000000000000000000e+00,1.370633285028837467e-01,4.751584728248605116e-01,2.464892907585004012e-01,6.804238354615912421e-01,3.386857297894826146e+00,3.948982780490973177e+00,-4.402342215436495820e+01,-2.191296671737952693e+02,-2.554991858977659831e+02
2.001870510999997350e+02,4.783444425328116090e-01,5.349924396198961762e-01,0.000000000000000000e+00,6.946934242419301742e-02,4.749439299310561080e-01,2.462624085647104333e-01,6.695556429221420913e-01,3.358785775228897652e+00,3.935756015172438449e+00,-4.332025009706259766e+01,-2.173134396573096865e+02,-2.546434141816567660e+02
2.003023979999998119e+02,4.782222039833454175e-01,5.347961850965436970e-01,0.000000000000000000e+00,3.584138190278531727e-02,4.747997915366223842e-01,2.461140336319661837e-01,6.589330730779556777e-01,3.330226832882087429e+00,3.921037445169695435e+00,-4.263296982814373592e+01,-2.154656760874710528e+02,-2.536911227024793050e+02
2.004115536999997857e+02,4.781929580520438705e-01,5.345615334217166392e-01,0.000000000000000000e+00,1.723407053026596372e-02,4.745986588573136711e-01,2.459921665927926049e-01,6.485578033559569189e-01,3.301192748474091054e+00,3.904839905294665847e+00,-4.196168987713041787e+01,-2.135871708262737059e+02,-2.526431418725648825e+02
2.005257010999994236e+02,4.779083409765800261e-01,5.343074086532044742e-01,0.000000000000000000e+00,7.929040489968655972e-03,4.744430008631768114e-01,2.457401999544357729e-01,6.384314721315058616e-01,3.271696003890356863e+00,3.887177520042967238e+00,-4.130651624690842993e+01,-2.116787314517060850e+02,-2.515003855467799951e+02
2.006340540000001056e+02,4.778783133315367415e-01,5.340704113234208128e-01,0.000000000000000000e+00,3.048525647129725954e-03,4.742399324955669515e-01,2.456169592633375698e-01,6.285556784696910704e-01,3.241749279916023241e+00,3.868065691277187579e+00,-4.066755239698901647e+01,-2.097411784105667039e+02,-2.502638502256340587e+02
2.007494363999994675e+02,4.778386820854212402e-01,5.339286831354911333e-01,0.000000000000000000e+00,9.836532488327815512e-04,4.741238128878736413e-01,2.455329890818426786e-01,6.189319818728156175e-01,3.211365450784464226e+00,3.847521084796194479e+00,-4.004489922717117167e+01,-2.077753446657548579e+02,-2.489346141863137802e+02
2.008649623000001156e+02,4.777180822965538254e-01,5.337310736359710539e-01,0.000000000000000000e+00,-3.353607013150226987e-04,4.739779342708634324e-01,2.453849563215549368e-01,6.095619020341309646e-01,3.180557578642503991e+00,3.825561615802342885e+00,-3.943865506160827294e+01,-2.057820753381700172e+02,-2.475138365424115818e+02
2.009768131999990146e+02,4.775611378484927450e-01,5.335807107547949624e-01,0.000000000000000000e+00,-8.142410740698286659e-04,4.738829001834232169e-01,2.452414561270991888e-01,6.004469185978702495e-01,3.149338907935067322e+00,3.802206433279132547e+00,-3.884891563328220343e+01,-2.037622273433988767e+02,-2.460027562331598858e+02
2.010851377999988472e+02,4.775611378484927450e-01,5.335807107547949624e-01,0.000000000000000000e+00,-4.217971444251573400e-04,4.738829001834232169e-01,2.452414561270991888e-01,5.915884709255796459e-01,3.117722859711182792e+00,3.777475903293022519e+00,-3.827577406888500633e+01,-2.017166690233135284e+02,-2.444026909430585590e+02
2.012012556999998196e+02,4.775611378484927450e-01,5.335807107547949624e-01,0.000000000000000000e+00,-2.213841560334991435e-04,4.738829001834232169e-01,2.452414561270991888e-01,5.829879578688368369e-01,3.085723025854341106e+00,3.751391591233891099e+00,-3.771932087411374823e+01,-1.996462797727758698e+02,-2.427150359528327783e+02
2.013093233999989025e+02,4.775611378484927450e-01,5.335807107547949624e-01,0.000000000000000000e+00,-1.124783275904048111e-04,4.738829001834232169e-01,2.452414561270991888e-01,5.746467375483541584e-01,3.053353163239186152e+00,3.723976243009742060e+00,-3.717964391937851332e+01,-1.975519496615753496e+02,-2.409412629227303171e+02
2.014170594999995956e+02,4.775611378484927450e-01,5.335807107547949624e-01,0.000000000000000000e+00,-5.926022539405732565e-05,4.738829001834232169e-01,2.452414561270991888e-01,5.665661271395101561e-01,3.020627187817445325e+00,3.695253765211871766e+00,-3.665682842592630664e+01,-1.954345790517887167e+02,-2.390829186092081216e+02
2.015279037999989669e+02,4.775611378484927450e-01,5.335807107547949624e-01,0.000000000000000000e+00,-3.126246951677610501e-05,4.738829001834232169e-01,2.452414561270991888e-01,5.587474026643706182e-01,2.987559168635358198e+00,3.665249204268052452e+00,-3.615095695238478157e+01,-1.932950782107076861e+02,-2.371416235161429995e+02
2.016349106999987271e+02,4.775611378484927450e-01,5.335807107547949624e-01,0.000000000000000000e+00,-1.625232409554068746e-05,4.738829001834232169e-01,2.452414561270991888e-01,5.511917987901633342e-01,2.954163321785348462e+00,3.633988724601573850e+00,-3.566210938172356748e+01,-1.911343669195120469e+02,-2.351190704817218489e+02
2.017440351999994164e+02,4.775611378484927450e-01,5.335807107547949624e-01,0.000000000000000000e+00,-8.586173445273064125e-06,4.738829001834232169e-01,2.452414561270991888e-01,5.439005086343271511e-01,2.920454004294418038e+00,3.601499585815563620e+00,-3.519036290864097083e+01,-1.889533740778488493e+02,-2.330170232022669836e+02
2.018557736000002478e+02,4.697722573960874115e-01,5.415684464492852568e-01,0.000000000000000000e+00,3.489656642053132890e-02,4.829010984020697395e-01,2.451589511960901024e-01,5.368746835761011305e-01,2.886445707952061568e+00,3.567810118922142060e+00,-3.473579202737374771e+01,-1.867530373044983776e+02,-2.308373146942626022e+02
2.019670232999997097e+02,4.570596741268539986e-01,5.568080495758445103e-01,0.000000000000000000e+00,8.397719858160833384e-02,4.996539162282946367e-01,2.457257985441994586e-01,5.301154330747059884e-01,2.852153053080135781e+00,3.532949701637402740e+00,-3.429846851993347912e+01,-1.845343025342847909e+02,-2.285818456959399612e+02
2.020733115000002726e+02,4.395090204757455821e-01,5.821036689399258224e-01,0.000000000000000000e+00,1.541329448264364410e-01,5.267809330740521601e-01,2.476823165729716558e-01,5.236238244941557873e-01,2.817590782247539671e+00,3.496948732763617507e+00,-3.387846144477187948e+01,-1.822981236114158321e+02,-2.262525830098060737e+02
2.021823411999994278e+02,4.183623083430627609e-01,6.137485677173437626e-01,0.000000000000000000e+00,2.227069099363321036e-01,5.608161302516047053e-01,2.493442849248926896e-01,5.174008829346958827e-01,2.782773753932268335e+00,3.459838605680963575e+00,-3.347583712587482552e+01,-1.800454618794177577e+02,-2.238515577875583631e+02
2.022990942999986146e+02,4.044741415775856552e-01,6.328111876655222456e-01,0.000000000000000000e+00,2.009039569794870417e-01,5.817493163795063316e-01,2.490335963813433973e-01,5.114475910709377349e-01,2.747716936133758558e+00,3.421651680972075837e+00,-3.309065914228967387e+01,-1.777772857678541811e+02,-2.213808637588933266e+02
2.024221851999991486e+02,3.996544456371005083e-01,6.405344731816925430e-01,0.000000000000000000e+00,1.341522859367348941e-01,5.900574769906234973e-01,2.492319906866056201e-01,5.057648889966788186e-01,2.712435399938039282e+00,3.382421258203158754e+00,-3.272298831808512176e+01,-1.754945703759911453e+02,-2.188426554057443809e+02
2.025434320999993361e+02,3.996849603446368526e-01,6.403953956889245624e-01,0.000000000000000000e+00,6.570121831739418605e-02,5.899217555648942346e-01,2.491958770341265172e-01,5.003536740764518154e-01,2.676944313038557066e+00,3.342181546886195509e+00,-3.237288271274643137e+01,-1.731982970535946436e+02,-2.162391460835368662e+02
2.026483322999993106e+02,3.995348914419087905e-01,6.403415515819876891e-01,0.000000000000000000e+00,3.249049808703110415e-02,5.899095420202328244e-01,2.490864005037340956e-01,4.952148008038239624e-01,2.641258933215647087e+00,3.300967636647848202e+00,-3.204039761200741054e+01,-1.708894529790523791e+02,-2.135726060911158015e+02
2.027688364999994519e+02,3.996302457812914710e-01,6.402501929718276141e-01,0.000000000000000000e+00,1.695911143993138886e-02,5.898016278680640045e-01,2.491071042034816718e-01,4.903490806664556612e-01,2.605394601776974461e+00,3.258815466630696545e+00,-3.172558551911968294e+01,-1.685690307349702550e+02,-2.108453606910060785e+02
2.028895852999994531e+02,3.995752127339726734e-01,6.400197171570652932e-01,0.000000000000000000e+00,7.486144699181988479e-03,5.896030157087794876e-01,2.489849839185539759e-01,4.857572820179609785e-01,2.569366736962381825e+00,3.215761794153779274e+00,-3.142849614656207535e+01,-1.662380278814661096e+02,-2.080597880817495309e+02
2.029990796000001865e+02,3.994100457902396428e-01,6.401484988176462387e-01,0.000000000000000000e+00,4.257912846670436000e-03,5.897627770850305540e-01,2.489376775488968407e-01,4.814401299565771453e-01,2.533190827315407567e+00,3.171844162659725797e+00,-3.114917640819054157e+01,-1.638974465273068688e+02,-2.052183173240842677e+02
2.031142652999988059e+02,3.994100457902396428e-01,6.401484988176462387e-01,0.000000000000000000e+00,2.228201444086300685e-03,5.897627770850305540e-01,2.489376775488968407e-01,4.773983062106590403e-01,2.496882425024776531e+00,3.127100868976222525e+00,-3.088767041182964235e+01,-1.615482928991030462e+02,-2.023234262227616114e+02
2.032232963999995263e+02,3.994100457902396428e-01,6.401484988176462387e-01,0.000000000000000000e+00,1.141298824100434603e-03,5.897627770850305540e-01,2.489376775488968407e-01,4.736324490310332980e-01,2.460457139238393154e+00,3.081570929920738333e+00,-3.064401945230785529e+01,-1.591915769087240449e+02,-1.993776391658717841e+02
2.033325931999988825e+02,3.995089814047298460e-01,6.400574200365620747e-01,0.000000000000000000e+00,2.003622959014028713e-04,5.896542388787500144e-01,2.489605983206621131e-01,4.701431530902018263e-01,2.423930629352923027e+00,3.035294048277127565e+00,-3.041826200493606080e+01,-1.568283117191341205e+02,-1.963835249235301603e+02
2.034441470999990997e+02,3.995089814047298460e-01,6.400574200365620747e-01,0.000000000000000000e+00,1.046487331811571625e-04,5.896542388787500144e-01,2.489605983206621131e-01,4.669309693884438062e-01,2.387318598281697124e+00,2.988310578174344645e+00,-3.021043371943231648e+01,-1.544595133088258194e+02,-1.933436944078800934e+02
2.035523960999998963e+02,3.995089814047298460e-01,6.400574200365620747e-01,0.000000000000000000e+00,5.433077964525444671e-05,5.896542388787500144e-01,2.489605983206621131e-01,4.639964051668017397e-01,2.350636785704030896e+00,2.940661489896940761e+00,-3.002056741429207420e+01,-1.520862000350508083e+02,-1.902607983963320635e+02
2.036672822000000451e+02,3.995089814047298460e-01,6.400574200365620747e-01,0.000000000000000000e+00,2.856338920286534790e-05,5.896542388787500144e-01,2.489605983206621131e-01,4.613399238269841884e-01,2.313900961298616998e+00,2.892388334158447982e+00,-2.984869307160587937e+01,-1.497093921960205307e+02,-1.871375252200516002e+02
2.037784253999998327e+02,3.995089814047298460e-01,6.400574200365620747e-01,0.000000000000000000e+00,1.460421655382017532e-05,5.896542388787500144e-01,2.489605983206621131e-01,4.589619448581918615e-01,2.277126917964090946e+00,2.843533205868492786e+00,-2.969483783232501395e+01,-1.473301115922766940e+02,-1.839765984196914985e+02
2.038842177999995329e+02,3.995089814047298460e-01,6.400574200365620747e-01,0.000000000000000000e+00,7.575089242951877257e-06,5.896542388787500144e-01,2.489605983206621131e-01,4.568628437708686096e-01,2.240330465029542140e+00,2.794138707425433132e+00,-2.955902599197520075e+01,-1.449493810874113819e+02,-1.807807743704255188e+02
2.039937938999992184e+02,3.995089814047298460e-01,6.400574200365620747e-01,0.000000000000000000e+00,4.006187301187903525e-06,5.896542388787500144e-01,2.489605983206621131e-01,4.550429520374101866e-01,2.203527421458089108e+00,2.744247911566384257e+00,-2.944127899682044003e+01,-1.425682241683383609e+02,-1.775528398783450825e+02
2.040991029999986495e+02,3.990930666133083449e-01,6.407914917012448308e-01,0.000000000000000000e+00,3.223131720392692287e-03,5.904341180262844269e-01,2.490005785279025552e-01,4.535025570398178996e-01,2.166733609046192832e+00,2.693904323807236434e+00,-2.934161544047621817e+01,-1.401876645052886943e+02,-1.742956097503281967e+02
2.042060120999994979e+02,3.957314305680191824e-01,6.466786269580369062e-01,0.000000000000000000e+00,2.776806307048777789e-02,5.966999768107172919e-01,2.492837424270209490e-01,4.522419020243186871e-01,2.129964845621748371e+00,2.643151844505088555e+00,-2.926005106097342079e+01,-1.378087255117271184e+02,-1.710119243394792363e+02
2.043262068000003637e+02,3.888558562159136756e-01,6.583832602613337581e-01,0.000000000000000000e+00,6.613233134770678256e-02,6.092306339115257652e-01,2.496128043512664818e-01,4.512611860629540672e-01,2.093236938244062983e+00,2.592034730576632029e+00,-2.919659873827312779e+01,-1.354324299043908866e+02,-1.677046470683081054e+02
2.044434915999991063e+02,3.835353787213549026e-01,6.678896512935341701e-01,0.000000000000000000e+00,7.286350043012992939e-02,6.193657919477379981e-01,2.499251929477098733e-01,4.505605640221426178e-01,2.056565676408156573e+00,2.540597556905287657e+00,-2.915126849223262795e+01,-1.330597992636077436e+02,-1.643766619317721052e+02
2.045524425000003248e+02,3.791393405181739951e-01,6.757719223024583055e-01,0.000000000000000000e+00,7.036630280614422639e-02,6.277809843748363150e-01,2.501174256818609609e-01,4.501401465382266487e-01,2.019966825256934051e+00,2.488885177471392929e+00,-2.912406748102326404e+01,-1.306918535941236428e+02,-1.610308709823991364e+02
2.046680804999996326e+02,3.789562991695829552e-01,6.761437916126974423e-01,0.000000000000000000e+00,3.695174213181377093e-02,6.281722413399777327e-01,2.501400850449676527e-01,4.500000000000001776e-01,1.983456118803565538e+00,2.436942686238753542e+00,-2.911500000000001265e+01,-1.283296108865907001e+02,-1.576701917996473696e+02
2.047757805999990524e+02,3.789562991695829552e-01,6.761437916126974423e-01,0.000000000000000000e+00,1.953699012283270295e-02,6.281722413399777327e-01,2.501400850449676527e-01,4.501401465382266487e-01,1.947049253167452143e+00,2.384815377832123051e+00,-2.912406748102326404e+01,-1.259740866799341603e+02,-1.542975549457383693e+02
2.048836142999989534e+02,3.789562991695829552e-01,6.761437916126974423e-01,0.000000000000000000e+00,1.015712353644369209e-02,6.281722413399777327e-01,2.501400850449676527e-01,4.505605640221428398e-01,1.910761879826339937e+00,2.332548708039565266e+00,-2.915126849223264216e+01,-1.236262936247642017e+02,-1.509159014101598757e+02
2.049928990999997040e+02,3.789562991695829552e-01,6.761437916126974423e-01,0.000000000000000000e+00,5.460288244231242642e-03,6.281722413399777327e-01,2.501400850449676527e-01,4.512611860629542893e-01,1.874609598887704731e+00,2.280188254174358331e+00,-2.919659873827314556e+01,-1.212872410480345025e+02,-1.475281800450810010e+02
2.051000958999993600e+02,3.789562991695829552e-01,6.761437916126974423e-01,0.000000000000000000e+00,2.850485689422024502e-03,6.281722413399777327e-01,2.501400850449676527e-01,4.522419020243191312e-01,1.838607952382144362e+00,2.227779675330848530e+00,-2.926005106097344921e+01,-1.189579345191247484e+02,-1.441373449939059128e+02
2.052046468999997160e+02,3.789562991695829552e-01,6.761437916126974423e-01,0.000000000000000000e+00,1.509090423802783489e-03,6.281722413399777327e-01,2.501400850449676527e-01,4.535025570398181216e-01,1.802772417581876230e+00,2.175368672569129025e+00,-2.934161544047623238e+01,-1.166393754175473987e+02,-1.407463531152226608e+02
2.053082077999988542e+02,3.789562991695829552e-01,6.761437916126974423e-01,0.000000000000000000e+00,8.051144505442674789e-04,6.281722413399777327e-01,2.501400850449676527e-01,4.550429520374108527e-01,1.767118400346874951e+00,2.123000949062922693e+00,-2.944127899682048266e+01,-1.143325605024428171e+02,-1.373581614043711170e+02
2.054313552999992680e+02,3.789562991695829552e-01,6.761437916126974423e-01,0.000000000000000000e+00,4.324350648062718423e-04,6.281722413399777327e-01,2.501400850449676527e-01,4.568628437708692758e-01,1.731661228501971461e+00,2.070722170245886229e+00,-2.955902599197524339e+01,-1.120384814840775647e+02,-1.339757244149088535e+02
2.055406069999989995e+02,3.789562991695829552e-01,6.761437916126974423e-01,0.000000000000000000e+00,2.128561785817348589e-04,6.281722413399777327e-01,2.501400850449676527e-01,4.589619448581927497e-01,1.696416145247178875e+00,2.018577923990497069e+00,-2.969483783232507079e+01,-1.097581245974924826e+02,-1.306019916821851723e+02
2.056712872999996762e+02,3.789562991695829552e-01,6.761437916126974423e-01,0.000000000000000000e+00,1.113293160429502102e-04,6.281722413399777327e-01,2.501400850449676527e-01,4.613399238269855207e-01,1.661398302604706556e+00,1.966613680854900181e+00,-2.984869307160596463e+01,-1.074924701785245134e+02,-1.272399051513120440e+02
2.057804443999993964e+02,3.789562991695829552e-01,6.761437916126974423e-01,0.000000000000000000e+00,5.333651896844224797e-05,6.281722413399777327e-01,2.501400850449676527e-01,4.639964051668021838e-01,1.626622754904986312e+00,1.914874754431794557e+00,-3.002056741429210263e+01,-1.052424922423526255e+02,-1.238923966117371123e+02
2.058839384999992035e+02,3.789562991695829552e-01,6.761437916126974423e-01,0.000000000000000000e+00,2.801775815387184910e-05,6.281722413399777327e-01,2.501400850449676527e-01,4.669309693884449164e-01,1.592104452314700769e+00,1.863406261834392064e+00,-3.021043371943238753e+01,-1.030091580647611380e+02,-1.205623851406851657e+02
2.059915153999991162e+02,3.789562991695829552e-01,6.761437916126974423e-01,0.000000000000000000e+00,1.502351736104260746e-05,6.281722413399777327e-01,2.501400850449676527e-01,4.701431530902033806e-01,1.557858234409768006e+00,1.812253084353574906e+00,-3.041826200493616028e+01,-1.007934277663119929e+02,-1.172527745576763039e+02
2.061013014999989537e+02,3.789562991695829552e-01,6.761437916126974423e-01,0.000000000000000000e+00,7.921070075355639737e-06,6.281722413399777327e-01,2.501400850449676527e-01,4.736324490310348523e-01,1.523898823795576174e+00,1.761459828320767640e+00,-3.064401945230795477e+01,-9.859625389957378161e+01,-1.139664508923536772e+02
2.062104768999997759e+02,3.789562991695829552e-01,6.761437916126974423e-01,0.000000000000000000e+00,4.133510391487681339e-06,6.281722413399777327e-01,2.501400850449676527e-01,4.773983062106608166e-01,1.490240819777806758e+00,1.711070786210502792e+00,-3.088767041182975603e+01,-9.641858103962410098e+01,-1.107062798678195321e+02
2.063210743999989063e+02,3.789562991695829552e-01,6.761437916126974423e-01,0.000000000000000000e+00,2.165834924065508820e-06,6.281722413399777327e-01,2.501400850449676527e-01,4.814401299565775894e-01,1.456898692086024516e+00,1.661129898016810325e+00,-3.114917640819056999e+01,-9.426134537796579593e+01,-1.074751044016876307e+02
2.064297981999989133e+02,3.789562991695829552e-01,6.761437916126974423e-01,0.000000000000000000e+00,1.122736238338167970e-06,6.281722413399777327e-01,2.501400850449676527e-01,4.857572820179629769e-01,1.423886774653153608e+00,1.611680712936781390e+00,-3.142849614656220680e+01,-9.212547432005904113e+01,-1.042757421270097637e+02
2.065387567999987368e+02,3.789562991695829552e-01,6.761437916126974423e-01,0.000000000000000000e+00,5.906656264624132289e-07,6.281722413399777327e-01,2.501400850449676527e-01,4.903490806664574375e-01,1.391219259453208679e+00,1.562766351395163955e+00,-3.172558551911979663e+01,-9.001188608662261004e+01,-1.011109829352671170e+02
2.066471617999995942e+02,3.789562991695829552e-01,6.761437916126974423e-01,0.000000000000000000e+00,3.096858490882596612e-07,6.281722413399777327e-01,2.501400850449676527e-01,4.952148008038261828e-01,1.358910190400123508e+00,1.514429467442543586e+00,-3.204039761200755265e+01,-8.792148931888799268e+01,-9.798358654353256725e+01
2.067509969999991881e+02,3.789562991695829552e-01,6.761437916126974423e-01,0.000000000000000000e+00,1.624953733248371915e-07,6.281722413399777327e-01,2.501400850449676527e-01,5.003536740764540358e-01,1.326973457310163251e+00,1.466712211560520895e+00,-3.237288271274658058e+01,-8.585518268796757013e+01,-9.489628008796570668e+01
2.068677876999990985e+02,3.789562991695829552e-01,6.761437916126974423e-01,0.000000000000000000e+00,8.738209153433010863e-08,6.281722413399777327e-01,2.501400850449676527e-01,5.057648889966797068e-01,1.295422789930707808e+00,1.419656193905758368e+00,-3.272298831808517861e+01,-8.381385450851679764e+01,-9.185175574570257595e+01
2.069813897000003635e+02,3.789562991695829552e-01,6.761437916126974423e-01,0.000000000000000000e+00,4.398835204147612260e-08,6.281722413399777327e-01,2.501400850449676527e-01,5.114475910709415096e-01,1.264271752037669394e+00,1.373302448025386369e+00,-3.309065914228991545e+01,-8.179838235683720882e+01,-8.885266838724250249e+01
2.070988058000002638e+02,3.789562991695829552e-01,6.761437916126974423e-01,0.000000000000000000e+00,2.269369986331614776e-08,6.281722413399777327e-01,2.501400850449676527e-01,5.174008829347001015e-01,1.233533735604497084e+00,1.327691395075093261e+00,-3.347583712587509552e+01,-7.980963269361096479e+01,-8.590163326135854049e+01
2.072136916999988898e+02,3.789562991695829552e-01,6.761437916126974423e-01,0.000000000000000000e+00,1.146052400408885600e-08,6.281722413399777327e-01,2.501400850449676527e-01,5.236238244941600062e-01,1.203221955044752489e+00,1.282862808571299862e+00,-3.387846144477215660e+01,-7.784846049139548541e+01,-8.300122371456311043e+01
2.073285063000002992e+02,3.789562991695829552e-01,6.761437916126974423e-01,0.000000000000000000e+00,5.851408092333046510e-09,6.281722413399777327e-01,2.501400850449676527e-01,5.301154330747106513e-01,1.173349441531291948e+00,1.238855779708017746e+00,-3.429846851993377754e+01,-7.591570886707459920e+01,-8.015396894710875131e+01
2.074363334999998187e+02,3.789562991695829552e-01,6.761437916126974423e-01,0.000000000000000000e+00,2.995646142678562467e-09,6.281722413399777327e-01,2.501400850449676527e-01,5.368746835761040170e-01,1.143929037394063375e+00,1.195708683268821959e+00,-3.473579202737393246e+01,-7.401220871939590040e+01,-7.736235180749278584e+01
2.075457405999986804e+02,3.789562991695829552e-01,6.761437916126974423e-01,0.000000000000000000e+00,1.573183131803892138e-09,6.281722413399777327e-01,2.501400850449676527e-01,5.439005086343320361e-01,1.114973390599089065e+00,1.153459144163375028e+00,-3.519036290864128347e+01,-7.213877837176106311e+01,-7.462880662737036630e+01
2.076545470000000932e+02,3.789562991695829552e-01,6.761437916126974423e-01,0.000000000000000000e+00,8.250751327810277763e-10,6.281722413399777327e-01,2.501400850449676527e-01,5.511917987901684413e-01,1.086494949311158198e+00,1.112144004618068616e+00,-3.566210938172390144e+01,-7.029622322043194060e+01,-7.195571709878903732e+01
2.077612611000004108e+02,3.789562991695829552e-01,6.761437916126974423e-01,0.000000000000000000e+00,4.339364175970577214e-10,6.281722413399777327e-01,2.501400850449676527e-01,5.587474026643761693e-01,1.058505956542164617e+00,1.071799292048912999e+00,-3.615095695238513684e+01,-6.848533538827805955e+01,-6.934541419556467190e+01
2.078706521000003704e+02,3.789562991695829552e-01,6.761437916126974423e-01,0.000000000000000000e+00,2.296513758465480405e-10,6.281722413399777327e-01,2.501400850449676527e-01,5.665661271395157073e-01,1.031018444887897623e+00,1.032460187645214411e+00,-3.665682842592666901e+01,-6.670689338424698178e+01,-6.680017414064538173e+01
2.079766177999990759e+02,3.789562991695829552e-01,6.761437916126974423e-01,0.000000000000000000e+00,1.199572073426495023e-10,6.281722413399777327e-01,2.501400850449676527e-01,5.746467375483554907e-01,1.004044231355088801e+00,9.941609956909673862e-01,-3.717964391937859858e+01,-6.496166176867424724e+01,-6.432221642120559579e+01
2.080852961999989930e+02,3.789562991695829552e-01,6.761437916126974423e-01,0.000000000000000000e+00,6.376524989879118326e-11,6.281722413399777327e-01,2.501400850449676527e-01,5.829879578688403896e-01,9.775949122812908065e-01,9.569351136510659828e-01,-3.771932087411397561e+01,-6.325039082459952056e+01,-6.191370185322396935e+01
2.081983177999991312e+02,3.789562991695829552e-01,6.761437916126974423e-01,0.000000000000000000e+00,3.345490805096917068e-11,6.281722413399777327e-01,2.501400850449676527e-01,5.915884709255831986e-01,9.516818583495245676e-01,9.208150030482253889e-01,-3.827577406888523370e+01,-6.157381623521424530e+01,-5.957673069722018511e+01
2.083063013999999384e+02,3.789562991695829552e-01,6.761437916126974423e-01,0.000000000000000000e+00,1.719329194295814970e-11,6.281722413399777327e-01,2.501400850449676527e-01,6.004469185978740242e-01,9.263162096999846273e-01,8.858321611559796249e-01,-3.884891563328245212e+01,-5.993265876758901101e+01,-5.731334082679188668e+01
2.084140530999993643e+02,3.789562991695829552e-01,6.761437916126974423e-01,0.000000000000000000e+00,9.059463777641613009e-12,6.281722413399777327e-01,2.501400850449676527e-01,6.095619020341347394e-01,9.015088711408114630e-01,8.520170935326456529e-01,-3.943865506160852163e+01,-5.832762396281050599e+01,-5.512550595156217526e+01
2.085247239000000263e+02,3.789562991695829552e-01,6.761437916126974423e-01,0.000000000000000000e+00,4.777872698194617790e-12,6.281722413399777327e-01,2.501400850449676527e-01,6.189319818728169498e-01,8.772705074601221398e-01,8.193992874200388687e-01,-4.004489922717125694e+01,-5.675940183266990147e+01,-5.301513389607652016e+01
2.086325486999994610e+02,3.789562991695829552e-01,6.761437916126974423e-01,0.000000000000000000e+00,2.476540887298012001e-12,6.281722413399777327e-01,2.501400850449676527e-01,6.285556784696952892e-01,8.536115388410947524e-01,7.880071860300932318e-01,-4.066755239698928648e+01,-5.522866656301883381e+01,-5.098406493614703550e+01
2.087398847999993450e+02,3.789562991695829552e-01,6.761437916126974423e-01,0.000000000000000000e+00,1.308414547540169712e-12,6.281722413399777327e-01,2.501400850449676527e-01,6.384314721315100805e-01,8.305421363823817238e-01,7.578681637420445760e-01,-4.130651624690870705e+01,-5.373607622394010264e+01,-4.903407019411028500e+01
2.088526144999996177e+02,3.751411468977843278e-01,6.734609977500309874e-01,0.000000000000000000e+00,-1.176833088444636556e-02,6.266257684825031760e-01,2.467587116277348280e-01,6.485578033559611377e-01,8.080722177253962801e-01,7.290085022314956031e-01,-4.196168987713068788e+01,-5.228227248683314343e+01,-4.716685009437776444e+01
2.089601714999989781e+02,3.685604705830969330e-01,6.687683163771924733e-01,0.000000000000000000e+00,-2.611441594360149748e-02,6.238584744739158472e-01,2.409391309378015322e-01,6.589330730779601186e-01,7.862114427907589409e-01,7.014533675524194933e-01,-4.263296982814402014e+01,-5.086788034856210317e+01,-4.538403288064154140e+01
2.090683692999991763e+02,3.512063813844394922e-01,6.551400825689778218e-01,0.000000000000000000e+00,-7.305852098207668566e-02,6.151492600249561793e-01,2.253883663351680666e-01,6.695556429221436456e-01,7.649692096254234741e-01,6.752267881919955528e-01,-4.332025009706269714e+01,-4.949350786276490055e+01,-4.368717319602211546e+01
2.091797324999988632e+02,3.178974403440366636e-01,6.297480807128666980e-01,0.000000000000000000e+00,-1.471507291413099716e-01,5.981943732637284850e-01,1.968403844670963687e-01,6.804238354615959050e-01,7.443546503623910127e-01,6.503516341174166993e-01,-4.402342215436525663e+01,-4.815974587844669941e+01,-4.207775072739686095e+01
2.092858321000003343e+02,2.843076063160800970e-01,6.078981973021324592e-01,0.000000000000000000e+00,-1.667793504218967326e-01,5.834947893640994865e-01,1.705111405982835393e-01,6.915359344827207710e-01,7.243766272948082285e-01,6.268495968329474977e-01,-4.474237496103203426e+01,-4.686716778597409672e+01,-4.055716891509170807e+01
2.093896636999998009e+02,2.463550591065937212e-01,5.849349402902024320e-01,0.000000000000000000e+00,-1.850055933242137907e-01,5.672744419896291745e-01,1.426484904850295055e-01,7.028901852562698949e-01,7.050437290659985479e-01,6.047411704645579977e-01,-4.547699498608066193e+01,-4.561632927057010534e+01,-3.912675372905690097e+01
2.094929863999986992e+02,2.061588353350982672e-01,5.621025311283258663e-01,0.000000000000000000e+00,-1.952182816149617695e-01,5.501996875895720507e-01,1.150632837929107255e-01,7.144847948144239513e-01,6.863642669771776728e-01,5.840456338888051491e-01,-4.622716622449323154e+01,-4.440776807342339794e+01,-3.778775251260569235e+01
2.095996197000004031e+02,1.672698871960793809e-01,5.418814982626258825e-01,0.000000000000000000e+00,-1.888426425110546758e-01,5.343184474618882795e-01,9.021837319119428711e-02,7.263179322339246013e-01,6.683462714143630912e-01,5.647810339213201747e-01,-4.699277021553492517e+01,-4.324200376050929151e+01,-3.654133289470942003e+01
2.097090363999996043e+02,1.368303693962804601e-01,5.264277024627231905e-01,0.000000000000000000e+00,-1.628862294527968213e-01,5.215073519593689255e-01,7.180673904661222240e-02,7.383877289252025466e-01,6.509974883961113790e-01,5.469641695797313741e-01,-4.777368606146060870e+01,-4.211953749922840728e+01,-3.538858177180862441e+01
2.098161736000001838e+02,1.171321921366348384e-01,5.148937128158208587e-01,0.000000000000000000e+00,-1.334297203779417906e-01,5.113655912793974023e-01,6.017281406692948781e-02,7.506922789274357299e-01,6.343253762434455378e-01,5.306105774346954185e-01,-4.856979044660509715e+01,-4.104085184295092859e+01,-3.433050436002479699e+01
2.099240341999993689e+02,1.036982517255782277e-01,5.035467831336952749e-01,0.000000000000000000e+00,-1.191474038842497002e-01,5.008418066827688975e-01,5.212338710245804918e-02,7.632296392095438975e-01,6.183371023734991478e-01,5.157345180617398661e-01,-4.938095765685748972e+01,-4.000641052356539973e+01,-3.336802331859457382e+01
2.100270836999989115e+02,9.291195673892807538e-02,4.960744901293969722e-01,0.000000000000000000e+00,-9.481032045515601359e-02,4.939348158598953487e-01,4.602496538393534287e-02,7.759978299770002863e-01,6.030395402181893960e-01,5.023489636058375840e-01,-5.020705959951192199e+01,-3.901665825211685501e+01,-3.250197794529769624e+01
2.101353171999999176e+02,8.737572916195324169e-02,4.940184102236362951e-01,0.000000000000000000e+00,-6.004341800413987712e-02,4.921338134463745795e-01,4.311031550125800360e-02,7.889948349844693176e-01,5.884392662693362919e-01,4.904655864695244283e-01,-5.104796582349516854e+01,-3.807202052762605859e+01,-3.173312344457823286e+01
2.102425733000000037e+02,8.582860768036093546e-02,4.933518179417443195e-01,0.000000000000000000e+00,-3.438616459755162308e-02,4.915357827869559770e-01,4.229173094634954000e-02,8.022186018541981323e-01,5.745425572513505053e-01,4.800947491343610096e-01,-5.190354353996661985e+01,-3.717290345416238040e+01,-3.106213026899315821e+01
2.103513265999990836e+02,8.426316883888773646e-02,4.931369248107497771e-01,0.000000000000000000e+00,-1.883899689876975328e-02,4.913872549184294947e-01,4.150412407861939906e-02,8.156670424000955766e-01,5.613553874229011420e-01,4.712454951247282420e-01,-5.277365764328618525e+01,-3.631969356626170509e+01,-3.048958353456991688e+01
2.104658698999992339e+02,7.284056177244213615e-02,4.885103390101925291e-01,0.000000000000000000e+00,-3.023204115738243117e-02,4.872149556700938189e-01,3.555190981145436163e-02,8.293380329575037457e-01,5.488834260084876071e-01,4.639255411217040326e-01,-5.365817073235049151e+01,-3.551275766274915213e+01,-3.001598251057425060e+01
2.105745034999999916e+02,4.935122062475862104e-02,4.748621721807920748e-01,0.000000000000000000e+00,-7.239189172238612302e-02,4.742840159244985920e-01,2.342551614778526012e-02,8.432294147185348532e-01,5.371320347612649204e-01,4.581412702340308396e-01,-5.455694313228920578e+01,-3.475244264905384028e+01,-2.964174018414179557e+01
2.106814225999987684e+02,8.055384507292373542e-03,4.444487658921612572e-01,0.000000000000000000e+00,-1.684354708364922404e-01,4.444343460033594595e-01,3.580166983719564652e-03,8.573389940729747583e-01,5.261062656579831298e-01,4.538977264319314919e-01,-5.546983291652146875e+01,-3.403907538807150956e+01,-2.936718290014596988e+01
2.107920991999999387e+02,-8.205741566632696049e-02,3.913313220505170165e-01,0.000000000000000000e+00,-3.074185079991432201e-01,3.900145621866339396e-01,-3.207561223380945431e-02,8.716645429546838741e-01,5.158108587271084122e-01,4.511986101487046597e-01,-5.639669592916804675e+01,-3.337296255964391634e+01,-2.919255007662119183e+01
2.108992725999996765e+02,-1.733476036740375648e-01,3.574808482040853219e-01,0.000000000000000000e+00,-2.882394074898099734e-01,3.521232434326874716e-01,-6.165856199390817166e-02,8.862037991934188508e-01,5.062502400110864276e-01,4.500462750538856138e-01,-5.733738580781420069e+01,-3.275439052871729473e+01,-2.911799399598639937e+01
2.110064456000000064e+02,-2.740891721990239560e-01,3.301798219889984787e-01,0.000000000000000000e+00,-2.478682259416867539e-01,3.178549128064208085e-01,-8.936984532553102212e-02,9.009544668720788074e-01,4.974285196635501727e-01,4.504417260008115598e-01,-5.829175400662349915e+01,-3.218362522223169719e+01,-2.914357967225251045e+01
2.111174168999987160e+02,-3.848894363520076745e-01,3.066237886929007450e-01,0.000000000000000000e+00,-2.058982776215961263e-01,2.841911770412072213e-01,-1.151239448782131192e-01,9.159142166892426662e-01,4.893494901823545185e-01,4.523846181503767827e-01,-5.925964981979400648e+01,-3.166091201479833828e+01,-2.926928479432937991e+01
2.112248091000001295e+02,-4.710798434647265331e-01,2.900986965222259184e-01,0.000000000000000000e+00,-1.572911275023148314e-01,2.585007758039737369e-01,-1.316609381427849834e-01,9.310806863269949218e-01,4.820166247791504155e-01,4.558732572717354437e-01,-6.024092040535657588e+01,-3.118647562321103450e+01,-2.949499974548128378e+01
2.113326390000001993e+02,-5.272165028838394774e-01,2.797905928321918756e-01,0.000000000000000000e+00,-1.172855288967385723e-01,2.417980735643975310e-01,-1.407709751970752377e-01,9.464514808239687937e-01,4.754330758862554962e-01,4.609046012197002273e-01,-6.123541080931078540e+01,-3.076052000984073231e+01,-2.982052769891460642e+01
2.114445056999993540e+02,-5.305937029840332997e-01,2.790538582792419509e-01,0.000000000000000000e+00,-6.454583538916985885e-02,2.406858452579577201e-01,-1.412139501359326588e-01,9.620241729535212727e-01,4.696016738013943925e-01,4.674742625875274449e-01,-6.224296399009283220e+01,-3.038322829495021793e+01,-3.024558478941302653e+01
2.115514769000001252e+02,-5.301588426520318365e-01,2.791011841061298848e-01,0.000000000000000000e+00,-3.326353679331249535e-02,2.407880601012588606e-01,-1.411332033297492961e-01,9.777963036070445035e-01,4.645249254709473696e-01,4.755765125328179632e-01,-6.326342084337578342e+01,-3.005476267797029521e+01,-3.076980036087332238e+01
2.116594121999987692e+02,-5.294904629663337303e-01,2.791519708806932121e-01,0.000000000000000000e+00,-1.736556809401105725e-02,2.409261691410810313e-01,-1.409978860464886630e-01,9.937653821822720612e-01,4.602050134121953295e-01,4.852042857731349024e-01,-6.429662022719300296e+01,-2.977526436776904006e+01,-3.139271728952182983e+01
2.117667997999997169e+02,-5.294904629663337303e-01,2.791519708806932121e-01,0.000000000000000000e+00,-9.153261698256916906e-03,2.409261691410810313e-01,-1.409978860464886630e-01,1.009928886976577456e+00,4.566437947750570103e-01,4.963491867470515295e-01,-6.534239898738456986e+01,-2.954485352194619097e+01,-3.211379238253423551e+01
2.118768198999987362e+02,-5.287986453058453051e-01,2.791716592528291629e-01,0.000000000000000000e+00,-4.735755718666541554e-03,2.410406555175842735e-01,-1.408411080531214166e-01,1.026284265585185151e+00,4.538428005436796475e-01,5.090014969351925878e-01,-6.640059198336147972e+01,-2.936362919517607395e+01,-3.293239685170696163e+01
2.119839749000002485e+02,-5.281979598886783478e-01,2.791254746613023308e-01,0.000000000000000000e+00,-2.680406092697891658e-03,2.410853228245820046e-01,-1.406730170411668313e-01,1.042828935304205729e+00,4.518032348782743401e-01,5.231501833349332387e-01,-6.747103211418210833e+01,-2.923166929662435010e+01,-3.384781686177018400e+01
2.120974315000003116e+02,-5.276964535980050996e-01,2.792702747765652971e-01,0.000000000000000000e+00,-7.779466231262080304e-04,2.412809437612870311e-01,-1.406250068495675798e-01,1.059560283538503622e+00,4.505259745974294905e-01,5.387829080813382188e-01,-6.855355034494118627e+01,-2.914903055645368823e+01,-3.485925415286258300e+01
2.122004636000001483e+02,-5.270958051303846759e-01,2.792242640609495785e-01,0.000000000000000000e+00,-5.989229291203875026e-04,2.413256006719116942e-01,-1.404569119008385047e-01,1.076475668214236681e+00,4.500115688011723236e-01,5.558860392059765676e-01,-6.964797573346110937e+01,-2.911574850143584925e+01,-3.596582673662668839e+01
2.123076689999998052e+02,-5.267646020637974935e-01,2.792034928362813195e-01,0.000000000000000000e+00,-4.144936348571129966e-04,2.413541517557484806e-01,-1.403665339111945520e-01,1.093572418196079976e+00,4.502602386349019437e-01,5.744446625241765858e-01,-7.075413545728638098e+01,-2.913183743967815786e+01,-3.716656966531422768e+01
2.124153389000002790e+02,-5.262347256702453180e-01,2.790607760991673514e-01,0.000000000000000000e+00,-8.472460683320761753e-04,2.413050869890328298e-01,-1.401669424303923217e-01,1.110847833709014632e+00,4.512718771943222684e-01,5.944425946404507943e-01,-7.187185484097325627e+01,-2.919729045447265037e+01,-3.846043587323716650e+01
2.125263276999994559e+02,-5.281985827678203904e-01,2.780529721571665669e-01,0.000000000000000000e+00,-4.870853684781063092e-03,2.401588972577139991e-01,-1.401326492770076093e-01,1.128299186764663675e+00,4.530460495713983793e-01,6.158623970606054154e-01,-7.300095738367373599e+01,-2.931207940726947569e+01,-3.984629708982117080e+01
2.126336962999994284e+02,-5.281985827678203904e-01,2.780529721571665669e-01,0.000000000000000000e+00,-2.530672936127469682e-03,2.401588972577139991e-01,-1.401326492770076093e-01,1.145923721592081446e+00,4.555819930413251839e-01,6.386853913984318343e-01,-7.414126478700767109e+01,-2.947615494977373984e+01,-4.132294482347854370e+01
2.127405498999996780e+02,-5.281985827678203904e-01,2.780529721571665669e-01,0.000000000000000000e+00,-1.337777097918790544e-03,2.401588972577139991e-01,-1.401326492770076093e-01,1.163718655072909058e+00,4.588786173904266796e-01,6.628916756634786189e-01,-7.529259698321722283e+01,-2.968944654516060666e+01,-4.288909141542706749e+01
2.128492132999999740e+02,-5.354165803879546992e-01,2.747158076940401372e-01,0.000000000000000000e+00,-1.535984502126696433e-02,2.362710239911287591e-01,-1.401598309758266825e-01,1.181681177180863962e+00,4.629345053848470393e-01,6.884601416159301657e-01,-7.645477216360190198e+01,-2.995186249839960624e+01,-4.454337116255068452e+01
2.129542705000003480e+02,-5.707297502382555621e-01,2.614531873123022709e-01,0.000000000000000000e+00,-6.496101383673159868e-02,2.200146753759773810e-01,-1.412491124749643001e-01,1.199808451425482980e+00,4.677479133798201349e-01,7.153684931732666730e-01,-7.762760680722875861e+01,-3.026328999567436284e+01,-4.628434150831035510e+01
2.130611532000002626e+02,-5.978089245247955041e-01,2.524901618282565652e-01,0.000000000000000000e+00,-7.360565746691942468e-02,2.087009968360379053e-01,-1.421097313335835111e-01,1.218097615300014036e+00,4.733167720692739167e-01,7.435932658528028316e-01,-7.881091570991091544e+01,-3.062359515288202516e+01,-4.811048430067634740e+01
2.131682982999991509e+02,-6.004990335344988495e-01,2.513619519362122467e-01,0.000000000000000000e+00,-4.384422982230049698e-02,2.073871176899839963e-01,-1.420331450662956907e-01,1.236545780733472100e+00,4.796386873754319158e-01,7.731098472330515392e-01,-8.000451201345565266e+01,-3.103262307319044666e+01,-5.002020711597843672e+01
2.132809992000002239e+02,-6.004990335344988495e-01,2.513619519362122467e-01,0.000000000000000000e+00,-2.311385567915313563e-02,2.073871176899839963e-01,-1.420331450662956907e-01,1.255150034546677063e+00,4.867109414780466103e-01,8.038924984161515130e-01,-8.120820723517000772e+01,-3.149019791362961840e+01,-5.201184464752500247e+01
2.133884164999999484e+02,-6.004990335344988495e-01,2.513619519362122467e-01,0.000000000000000000e+00,-1.191953499357039682e-02,2.073871176899839963e-01,-1.420331450662956907e-01,1.273907438912284418e+00,4.945304939827874779e-01,8.359143764725180947e-01,-8.242181129762479941e+01,-3.199612296068634976e+01,-5.408366015777192359e+01
2.134975794999991194e+02,-6.004990335344988495e-01,2.513619519362122467e-01,0.000000000000000000e+00,-6.289931228550759389e-03,2.073871176899839963e-01,-1.420331450662956907e-01,1.292815031818707938e+00,5.030939832283418678e-01,8.691475578483434106e-01,-8.364513255867041153e+01,-3.255018071487371856e+01,-5.623384699278781795e+01
2.136027366999987862e+02,-6.004990335344988495e-01,2.513619519362122467e-01,0.000000000000000000e+00,-3.297587585718035966e-03,2.073871176899839963e-01,-1.420331450662956907e-01,1.311869827537832656e+00,5.123977277315765466e-01,9.035630627152577699e-01,-8.487797784169777060e+01,-3.315213298423300614e+01,-5.846053015767718364e+01
2.137089966000003187e+02,-6.004990335344988495e-01,2.513619519362122467e-01,0.000000000000000000e+00,-1.757679863281730445e-03,2.073871176899839963e-01,-1.420331450662956907e-01,1.331068817096530132e+00,5.224377277702638711e-01,9.391308802412827728e-01,-8.612015246614549824e+01,-3.380172098673607195e+01,-6.076176795161099875e+01
2.138141826999999466e+02,-6.004990335344988495e-01,2.513619519362122467e-01,0.000000000000000000e+00,-9.321017809039801099e-04,2.073871176899839963e-01,-1.420331450662956907e-01,1.350408968751786620e+00,5.332096671025445822e-01,9.758199947606240876e-01,-8.737146027824060468e+01,-3.449866546153463531e+01,-6.313555366101238064e+01
2.139201677000000927e+02,-6.004990335344988495e-01,2.513619519362122467e-01,0.000000000000000000e+00,-4.969592724021155636e-04,2.073871176899839963e-01,-1.420331450662956907e-01,1.369887228469458540e+00,5.447089148225290334e-01,1.013598412819871175e+00,-8.863170368197397408e+01,-3.524266678901763328e+01,-6.557981730944567289e+01
2.140281469000001380e+02,-6.004990335344988495e-01,2.513619519362122467e-01,0.000000000000000000e+00,-2.627097475253811353e-04,2.073871176899839963e-01,-1.420331450662956907e-01,1.389500520406542261e+00,5.569305273511218068e-01,1.052433191076701746e+00,-8.990068367030329455e+01,-3.603340511961758352e+01,-6.809242746266261292e+01
2.141368232999993779e+02,-6.004990335344988495e-01,2.513619519362122467e-01,0.000000000000000000e+00,-1.387622941101630467e-04,2.073871176899839963e-01,-1.420331450662956907e-01,1.409245747396865145e+00,5.698692505613005554e-01,1.092290465027002222e+00,-9.117819985657718007e+01,-3.687054051131615040e+01,-7.067119308724704752e+01
2.142439631999986887e+02,-6.004990335344988495e-01,2.513619519362122467e-01,0.000000000000000000e+00,-7.286264570471606293e-05,2.073871176899839963e-01,-1.420331450662956907e-01,1.429119791440197851e+00,5.835195220368876168e-01,1.133135478535199470e+00,-9.246405050618081134e+01,-3.775371307578662794e+01,-7.331386546122740810e+01
2.143519238999997469e+02,-6.178989232201033133e-01,2.452432721808978644e-01,0.000000000000000000e+00,-2.682348318364535453e-02,1.998971679439803251e-01,-1.420752786306262172e-01,1.449119514194598057e+00,5.978754734638529467e-01,1.174932614142167875e+00,-9.375803256839050448e+01,-3.868254313311128811e+01,-7.601814013499826217e+01
2.144636680000003253e+02,-6.583995494939989257e-01,2.326122195263473913e-01,0.000000000000000000e+00,-6.823881623053555667e-02,1.839898647374458018e-01,-1.423241874976633181e-01,1.469241757471998699e+00,6.129309331531478389e-01,1.217645424124114140e+00,-9.505994170843831625e+01,-3.965663137500866497e+01,-7.878165894083018372e+01
2.145707562999996298e+02,-6.756866605069582477e-01,2.275944678725707049e-01,0.000000000000000000e+00,-5.626704780999825656e-02,1.775868821901303019e-01,-1.423451477226652662e-01,1.489483343736927701e+00,6.286794286939139109e-01,1.261236662275624809e+00,-9.636957233977922499e+01,-4.067555903649623161e+01,-8.160201204923292551e+01
2.146750260999997408e+02,-6.837249014930115720e-01,2.251893938642706983e-01,0.000000000000000000e+00,-4.009495903811229750e-02,1.745724788740045663e-01,-1.422487705702333016e-01,1.509841076608254617e+00,6.451141897360213040e-01,1.305668316388798100e+00,-9.768671765655408024e+01,-4.173888807592057759e+01,-8.447674007035523402e+01
2.147785912999988795e+02,-6.910016092027078116e-01,2.232610845581806391e-01,0.000000000000000000e+00,-2.992179222210636022e-02,1.720467927494465088e-01,-1.422863766589201329e-01,1.530311741363970413e+00,6.622281509006615607e-01,1.350901641400547692e+00,-9.901116966624888960e+01,-4.284616136327280600e+01,-8.740333619861543468e+01
2.148826699999990524e+02,-6.922966765955225199e-01,2.228117299376221605e-01,0.000000000000000000e+00,-1.805244371398544850e-02,1.715164729492582307e-01,-1.422222433546955767e-01,1.550892105448806291e+00,6.800139548178107951e-01,1.396897193178852969e+00,-1.003427192225377667e+02,-4.399690287671236177e+01,-9.037924839867179116e+01
2.149923794999995152e+02,-6.921453926943170742e-01,2.229011873569737012e-01,0.000000000000000000e+00,-9.273161206888690458e-03,1.716068582767178163e-01,-1.422533849071549450e-01,1.571578918984698703e+00,6.984639552891547254e-01,1.443614862918620290e+00,-1.016811560583100089e+02,-4.519061790720831340e+01,-9.340188163083473682e+01
2.151008270999991510e+02,-6.921453926943170742e-01,2.229011873569737012e-01,0.000000000000000000e+00,-4.825325209550666850e-03,1.716068582767178163e-01,-1.422533849071549450e-01,1.592368915283986608e+00,7.175702205752800822e-01,1.491013912117144624e+00,-1.030262688188739446e+02,-4.642679327122062460e+01,-9.646860011397926371e+01
2.152091631999992387e+02,-6.921453926943170742e-01,2.229011873569737012e-01,0.000000000000000000e+00,-2.537163323363249637e-03,1.716068582767178163e-01,-1.422533849071549450e-01,1.613258811365237522e+00,7.373245368054868187e-01,1.539053008098665742e+00,-1.043778450953308692e+02,-4.770489753131499810e+01,-9.957672962398368099e+01
2.153182894999990822e+02,-6.919214443567002215e-01,2.227777085832664816e-01,0.000000000000000000e+00,-1.877172634454676815e-03,1.715436300690597049e-01,-1.421361686001856584e-01,1.634245308471702796e+00,7.577184115090633831e-01,1.587690260057179614e+00,-1.057356714581191710e+02,-4.902438122463640013e+01,-1.027235598256995246e+02
2.154228753999996115e+02,-7.131685630497632822e-01,2.171380275397382098e-01,0.000000000000000000e+00,-2.538616239661130314e-02,1.642199042848440649e-01,-1.420589526940304048e-01,1.655325092592205838e+00,7.787430772661549927e-01,1.636883255585718677e+00,-1.070995334907157286e+02,-5.038467709912023196e+01,-1.059063466363960089e+02
2.155298406999991130e+02,-7.416418562536736259e-01,2.103695898559007627e-01,0.000000000000000000e+00,-4.304374768331308693e-02,1.551182217663497620e-01,-1.421045446570426696e-01,1.676494834984469717e+00,8.003894954769834591e-01,1.686589097660692982e+00,-1.084692158234951904e+02,-5.178520035736082860e+01,-1.091223146186468398e+02
2.156376015999994706e+02,-7.437211474414947565e-01,2.099102862990922247e-01,0.000000000000000000e+00,-2.467096042323303762e-02,1.544843834887970613e-01,-1.421158103528708527e-01,1.697751192700769352e+00,8.226483602475289647e-01,1.736764442048710277e+00,-1.098445021677397762e+02,-5.322534890801512830e+01,-1.123686594005515644e+02
2.157468857000003482e+02,-7.435392648744221233e-01,2.099977102921588290e-01,0.000000000000000000e+00,-1.263317061730691651e-02,1.545745801521177243e-01,-1.421468870526048645e-01,1.719090809115797258e+00,8.455101023902076296e-01,1.787365535103320413e+00,-1.112251753497920816e+02,-5.470450362464643490e+01,-1.156425501211848399e+02
2.158537521999987803e+02,-7.439312362588905714e-01,2.100361851637823352e-01,0.000000000000000000e+00,-6.447970162070075159e-03,1.545471610419785480e-01,-1.422335195796665952e-01,1.740510314456751306e+00,8.689648935377012329e-01,1.838348251918940246e+00,-1.126110173453518115e+02,-5.622202861188927159e+01,-1.189411318991554367e+02
2.159604148999987956e+02,-7.476610068218882965e-01,2.090856660058476590e-01,0.000000000000000000e+00,-7.577587606690053441e-03,1.533185910690799958e-01,-1.421626721812062344e-01,1.762006326335435080e+00,8.930026503682073624e-01,1.889668134808417221e+00,-1.140018093139026547e+02,-5.777727147882301750e+01,-1.222615283221045956e+02
2.160673780999986775e+02,-7.488539833548237823e-01,2.088225102434979608e-01,0.000000000000000000e+00,-5.166451053039079928e-03,1.529561316917519564e-01,-1.421663200701602237e-01,1.783575450282383734e+00,9.176130389403416299e-01,1.941280432070719097e+00,-1.153973316332702268e+02,-5.936956361944010752e+01,-1.256008439549755309e+02
2.161768680999994103e+02,-7.488539833548237823e-01,2.088225102434979608e-01,0.000000000000000000e+00,-2.725949423467111284e-03,1.529561316917519564e-01,-1.421663200701602237e-01,1.805214280282894324e+00,9.427854791356933273e-01,1.993140137015195323e+00,-1.167973639343032630e+02,-6.099822050007936269e+01,-1.289561668648831301e+02
2.162803753999996843e+02,-7.488539833548237823e-01,2.088225102434979608e-01,0.000000000000000000e+00,-1.427407281673129811e-03,1.529561316917519564e-01,-1.421663200701602237e-01,1.826919399314852699e+00,9.685091492073025776e-01,2.045202027207929429e+00,-1.182016851356709708e+02,-6.266254195371247704e+01,-1.323245711603530310e+02
2.163949006999991980e+02,-7.555504364645555526e-01,2.074995219062898966e-01,0.000000000000000000e+00,-6.659913375864207757e-03,1.510377036866371314e-01,-1.422802293237064031e-01,1.848687379888356075e+00,9.947729904319588812e-01,2.097420703906549555e+00,-1.196100734787766413e+02,-6.436181248094774787e+01,-1.357031195427537682e+02
2.165033151999996335e+02,-7.836987426240833443e-01,2.014778695184196444e-01,0.000000000000000000e+00,-2.861435484504417509e-02,1.427082722603021381e-01,-1.422240518835010958e-01,1.870514784586929213e+00,1.021565711864434345e+00,2.149750631648457144e+00,-1.210223065627743324e+02,-6.609530155762890047e+01,-1.390888658676551870e+02
2.166122208999986469e+02,-8.600164995205342722e-01,1.878661033935045965e-01,0.000000000000000000e+00,-7.085440929505376628e-02,1.225685357501501288e-01,-1.423749516183346608e-01,1.892398166610339105e+00,1.048875795191449578e+00,2.202146177958538953e+00,-1.224381613796889496e+02,-6.786226394888679181e+01,-1.424788577139174777e+02
2.167195045999997092e+02,-9.065710876764748738e-01,1.807832053289179230e-01,0.000000000000000000e+00,-6.510544191789742474e-02,1.114436759025057982e-01,-1.423477236570186433e-01,1.914334070318890024e+00,1.076691499683530617e+00,2.254561653141277766e+00,-1.238574143496321938e+02,-6.966194002952443043e+01,-1.458701389582406875e+02
2.168276055999995151e+02,-9.050012386728054636e-01,1.810043357836548794e-01,0.000000000000000000e+00,-3.349323472560911813e-02,1.118035917983326855e-01,-1.423465013039445226e-01,1.936319031779085265e+00,1.105000867242290630e+00,2.306951350122895317e+00,-1.252798413561068287e+02,-7.149355611057620763e+01,-1.492597523529513239e+02
2.169348792000000685e+02,-9.054097828847798013e-01,1.810543694721772900e-01,0.000000000000000000e+00,-1.740138562256699981e-02,1.117763165915520163e-01,-1.424315265458908908e-01,1.958349579310658672e+00,1.133791727541402672e+00,2.359269584308574697e+00,-1.267052177813996252e+02,-7.335632477192875456e+01,-1.526447421047647879e+02
2.170417763999994349e+02,-9.044613319892107484e-01,1.807113223605966712e-01,0.000000000000000000e+00,-1.071431341331113667e-02,1.116993150598697276e-01,-1.420557814538762342e-01,1.980422234034768358e+00,1.163051703258564995e+00,2.411470733420158830e+00,-1.281333185420495226e+02,-7.524944520082915744e+01,-1.560221564522842925e+02
2.171488903999998001e+02,-9.048752646701148095e-01,1.807600270567631395e-01,0.000000000000000000e+00,-5.441834917343676276e-03,1.116705929277490711e-01,-1.421403041249268695e-01,2.002533510423359697e+00,1.192768215396655007e+00,2.463509277279364973e+00,-1.295639181243913640e+02,-7.717210353616357565e+01,-1.593890502399749209e+02
2.172583723999996437e+02,-8.819281096093116723e-01,1.787631242639460549e-01,0.000000000000000000e+00,-1.149955831526787084e-02,1.136332632696451100e-01,-1.379990437477685850e-01,2.024679916849574379e+00,1.222928488691429116e+00,2.515339837502171605e+00,-1.309967906201674737e+02,-7.912347321833546232e+01,-1.627424874863905018e+02
2.173619060000000900e+02,-7.568279997608677867e-01,1.715454116551446140e-01,0.000000000000000000e+00,-3.042365086183563064e-02,1.247165368293901150e-01,-1.177863052362896901e-01,2.046857956139096935e+00,1.253519557103705662e+00,2.566917217069292878e+00,-1.324317097621995742e+02,-8.110271534460976284e+01,-1.660795439443832606e+02
2.174686799999999494e+02,-5.657154146401683903e-01,1.647676840358353045e-01,0.000000000000000000e+00,-2.166281758989302766e-02,1.390977587232783974e-01,-8.831875916640523350e-02,2.069064126122432512e+00,1.284528269393505617e+00,2.618196439738827319e+00,-1.338684489601213841e+02,-8.310897902975982277e+01,-1.693973096511021481e+02
2.175819761000002472e+02,-4.799652575746655714e-01,1.637462819755937937e-01,0.000000000000000000e+00,-3.935681087244870084e-03,1.452447476840767748e-01,-7.560957697950400347e-02,2.091294920187926287e+00,1.315941294773871117e+00,2.669132789266059902e+00,-1.353067813361588492e+02,-8.514140177186946801e+01,-1.726928914655140943e+02
2.176888455999996950e+02,-4.799652575746655714e-01,1.637462819755937937e-01,0.000000000000000000e+00,-2.024489991253406156e-03,1.452447476840767748e-01,-7.560957697950400347e-02,2.113546827835473874e+00,1.347745128641770318e+00,2.719681848396801715e+00,-1.367464797609551681e+02,-8.719910982312254077e+01,-1.759634155912730762e+02
2.177945710000003601e+02,-4.805077037385805383e-01,1.637659620210185074e-01,0.000000000000000000e+00,-1.007617242360349386e-03,1.452211636763185709e-01,-7.569745000437971827e-02,2.135816335230919183e+00,1.379926098383827959e+00,2.769799537599814343e+00,-1.381873168894404671e+02,-8.928121856543367585e+01,-1.792060300827079971e+02
2.179017745000001014e+02,-4.805077037385805383e-01,1.637659620210185074e-01,0.000000000000000000e+00,-5.373464267191362239e-04,1.452211636763185709e-01,-7.569745000437971827e-02,2.158099925760875060e+00,1.412470369254234859e+00,2.819442153504861714e+00,-1.396290651967286180e+02,-9.138683289074900529e+01,-1.824179073317645532e+02
2.180115648999999394e+02,-4.805077037385805383e-01,1.637659620210185074e-01,0.000000000000000000e+00,-2.835172304919114216e-04,1.452211636763185709e-01,-7.569745000437971827e-02,2.180394080588083483e+00,1.445363950322357205e+00,2.868566407012675512e+00,-1.410714970140490152e+02,-9.351504758585652155e+01,-1.855962465337201195e+02
2.181186526000001322e+02,-4.796553438666597557e-01,1.636500059087568071e-01,0.000000000000000000e+00,-6.457609466180816611e-04,1.451827614527218535e-01,-7.552013116314218455e-02,2.202695279207055101e+00,1.478592700487546319e+00,2.917129461043742822e+00,-1.425143845646964849e+02,-9.566494772154425164e+01,-1.887382761295301634e+02
2.182251435999987734e+02,-4.325213031011356790e-01,1.639966255156972141e-01,0.000000000000000000e+00,2.170416598196518460e-03,1.488944721234061463e-01,-6.874103106317262790e-02,2.225000000000004530e+00,1.512142334558382872e+00,2.965088967892791416e+00,-1.439575000000002944e+02,-9.783560904592737018e+01,-1.918412562226636169e+02
2.183326041999989684e+02,-4.340295992495395438e-01,1.641354574965843138e-01,0.000000000000000000e+00,1.731481281247610913e-03,1.489165802446997255e-01,-6.902391278272293484e-02,2.247304720792960619e+00,1.545998429394049190e+00,3.012403106156725130e+00,-1.454006154353045588e+02,-1.000260983817949807e+02,-1.949024809683401145e+02
2.184418755999995483e+02,-4.340295992495395438e-01,1.641354574965843138e-01,0.000000000000000000e+00,9.137036079786097073e-04,1.489165802446997255e-01,-6.902391278272293484e-02,2.269605919411932238e+00,1.580146430104764743e+00,3.059030617203369218e+00,-1.468435029859520284e+02,-1.022354740277782810e+02,-1.979192809330579905e+02
2.185495116000001872e+02,-4.340295992495395438e-01,1.641354574965843138e-01,0.000000000000000000e+00,4.786741600527378866e-04,1.489165802446997255e-01,-6.902391278272293484e-02,2.291900074239140661e+00,1.614571656309161884e+00,3.104930841149773801e+00,-1.482859348032723972e+02,-1.044627861632027788e+02,-2.008890254223903753e+02
2.186573888999992050e+02,-4.340295992495395438e-01,1.641354574965843138e-01,0.000000000000000000e+00,2.519050424333196293e-04,1.489165802446997255e-01,-6.902391278272293484e-02,2.314183664769096538e+00,1.649259308445309102e+00,3.150063752318098764e+00,-1.497276831105605481e+02,-1.067070772564115089e+02,-2.038091247749810009e+02
2.187663405999992392e+02,-4.340295992495395438e-01,1.641354574965843138e-01,0.000000000000000000e+00,1.327210748322129956e-04,1.489165802446997255e-01,-6.902391278272293484e-02,2.336453172164535186e+00,1.684194474133215991e+00,3.194389994138698619e+00,-1.511685202390454208e+02,-1.089673824764190755e+02,-2.066770326207738151e+02
2.188740314999995462e+02,-4.340295992495395438e-01,1.641354574965843138e-01,0.000000000000000000e+00,6.964950303155278304e-05,1.489165802446997255e-01,-6.902391278272293484e-02,2.358705079812089433e+00,1.719362134585650903e+00,3.237870913469564016e+00,-1.526082186638421945e+02,-1.112427301076916137e+02,-2.094902481014808018e+02
2.189815773999998783e+02,-4.340295992495395438e-01,1.641354574965843138e-01,0.000000000000000000e+00,3.673852237737712620e-05,1.489165802446997255e-01,-6.902391278272293484e-02,2.380935873877576547e+00,1.754747171064833244e+00,3.280468594302475616e+00,-1.540465510398792048e+02,-1.135321419678947166e+02,-2.122463180513701957e+02
2.190930461999996623e+02,-3.876871423762047186e-01,1.646830420463254729e-01,0.000000000000000000e+00,3.204231029979206277e-03,1.524612394378418723e-01,-6.225813044662398960e-02,2.403142043860912569e+00,1.790334371382023892e+00,3.322145890826309955e+00,-1.554832902378010431e+02,-1.158346338284169548e+02,-2.149428391364622541e+02
2.192021292999997968e+02,-4.586634553051370522e-02,1.805269680393434273e-01,0.000000000000000000e+00,1.169073181246327031e-01,1.803371120807725214e-01,-8.277209423774221225e-03,2.425320083150434680e+00,1.826108436437363425e+00,3.362866459818775411e+00,-1.569182093798331437e+02,-1.181492158374974224e+02,-2.175774599502747719e+02
2.193118281999995816e+02,2.739359845344329081e-01,2.230047345474395759e-01,0.000000000000000000e+00,3.254769637905352009e-01,2.146896870042054317e-01,6.032785363835104636e-02,2.447466489576643589e+00,1.862053986796951666e+00,3.402594792338175189e+00,-1.583510818756088554e+02,-1.204748929457627753e+02,-2.201478830642799380e+02
2.194244705000000977e+02,2.910095256723175261e-01,2.256941031647595741e-01,0.000000000000000000e+00,1.845279493759588163e-01,2.162047294068419889e-01,6.475602817853619297e-02,2.469577765965240701e+00,1.898155569304585510e+00,3.441296244687820582e+00,-1.597816814579510662e+02,-1.228106653340066856e+02,-2.226518670313020039e+02
2.195320331000002625e+02,2.924931838108664195e-01,2.258095715787744873e-01,0.000000000000000000e+00,9.618057176336164416e-02,2.162189799101746635e-01,6.511002490548715993e-02,2.491650420689350831e+00,1.934397663725129446e+00,3.478937068625733708e+00,-1.612097822186009921e+02,-1.251555288430158868e+02,-2.250872283400849767e+02
2.196475028999993810e+02,2.924931838108664195e-01,2.258095715787744873e-01,0.000000000000000000e+00,5.064672134726923292e-02,2.162189799101746635e-01,6.511002490548715993e-02,2.513680968220923795e+00,1.970764689416722337e+00,3.515484440793748000e+00,-1.626351586438937886e+02,-1.275084754052619473e+02,-2.274518433193555040e+02
2.197597685999990063e+02,2.928937542360655621e-01,2.256628084375081611e-01,0.000000000000000000e+00,2.518322776950015704e-02,2.160523685639069991e-01,6.515425657490993283e-02,2.535665929681119035e+00,2.007241012029016503e+00,3.550906491339856252e+00,-1.640575856503683951e+02,-1.298684934782773723e+02,-2.297436499896887199e+02
2.198685611000000790e+02,2.928937542360655621e-01,2.256628084375081611e-01,0.000000000000000000e+00,1.300675145478875222e-02,2.160523685639069991e-01,6.515425657490993283e-02,2.557601833389663959e+00,2.043810950224369094e+00,3.585172331709272520e+00,-1.654768386203112698e+02,-1.322345684795166960e+02,-2.319606498615899284e+02
2.199782421999989310e+02,2.928937542360655621e-01,2.256628084375081611e-01,0.000000000000000000e+00,6.837810173934596482e-03,2.160523685639069991e-01,6.515425657490993283e-02,2.579485215413079846e+00,2.080458782419434272e+00,3.618252081579652391e+00,-1.668926934372262849e+02,-1.346056832225374080e+02,-2.341009096782035215e+02
2.200820328999998310e+02,2.928937542360655621e-01,2.256628084375081611e-01,0.000000000000000000e+00,3.573411976189483277e-03,2.160523685639069991e-01,6.515425657490993283e-02,2.601312620111653207e+00,2.117168753543790860e+00,3.650116894917212029e+00,-1.683049265212239618e+02,-1.369808183542832865e+02,-2.361625631011436326e+02
2.201853764999996201e+02,2.931079308714026332e-01,2.255801507929818261e-01,0.000000000000000000e+00,1.550454137457581063e-03,2.159592767494916410e-01,6.517664625938414391e-02,2.623080600685156583e+00,2.153925081813297115e+00,3.680738985130884267e+00,-1.697133148643296465e+02,-1.393589527933203271e+02,-2.381438123379682281e+02
2.202888337999993382e+02,2.932852730596495761e-01,2.255167312712952898e-01,0.000000000000000000e+00,5.494717491993209068e-04,2.158870033223705687e-01,6.519660941932767240e-02,2.644785719717114958e+00,2.190711965514600124e+00,3.710091649302665218e+00,-1.711176360656973543e+02,-1.417390641687946413e+02,-2.400429297098824577e+02
2.203959901999987778e+02,2.932852730596495761e-01,2.255167312712952898e-01,0.000000000000000000e+00,2.945230366637827265e-04,2.158870033223705687e-01,6.519660941932767240e-02,2.666424549717619108e+00,2.227513589798477689e+00,3.738149291472910196e+00,-1.725176683667299642e+02,-1.441201292599615158e+02,-2.418582591582973009e+02
2.205052500999991025e+02,2.935093018899785910e-01,2.254334424401052139e-01,0.000000000000000000e+00,-2.101459357955429857e-04,2.157926650433941995e-01,6.522087613537325135e-02,2.687993673664573979e+00,2.264314133478625202e+00,3.764887444960447915e+00,-1.739131906860979484e+02,-1.465011244360670446e+02,-2.435882176889410005e+02
2.206128193000004103e+02,2.935093018899785910e-01,2.254334424401052139e-01,0.000000000000000000e+00,-1.104367907964238929e-04,2.157926650433941995e-01,6.522087613537325135e-02,2.709489685543257753e+00,2.301097775833307768e+00,3.790282793697814068e+00,-1.753039826546487916e+02,-1.488810260964150132e+02,-2.452312967522485678e+02
2.207200500999988435e+02,2.935093018899785910e-01,2.254334424401052139e-01,0.000000000000000000e+00,-5.818998838417803828e-05,2.157926650433941995e-01,6.522087613537325135e-02,2.730909190884211579e+00,2.337848703406735673e+00,3.814313192563300259e+00,-1.766898246502084930e+02,-1.512588111104157917e+02,-2.467860635588455409e+02
2.208308741999990161e+02,2.935093018899785910e-01,2.254334424401052139e-01,0.000000000000000000e+00,-3.073655685224675971e-05,2.157926650433941995e-01,6.522087613537325135e-02,2.752248807299239708e+00,2.374551116807389395e+00,3.836957686691751412e+00,-1.780704978322608270e+02,-1.536334572574380957e+02,-2.482511623289563261e+02
2.209381381999992300e+02,2.935093018899785910e-01,2.254334424401052139e-01,0.000000000000000000e+00,-1.597364634405342091e-05,2.157926650433941995e-01,6.522087613537325135e-02,2.773505165015532903e+00,2.411189237500177107e+00,3.858196529747569770e+00,-1.794457841765049864e+02,-1.560039436662614776e+02,-2.496253154746677865e+02
2.210456612999987556e+02,2.935093018899785910e-01,2.254334424401052139e-01,0.000000000000000000e+00,-8.443894711064278509e-06,2.157926650433941995e-01,6.522087613537325135e-02,2.794674907407802777e+00,2.447747314589746814e+00,3.878011201143796605e+00,-1.808154665092848461e+02,-1.583692512539566337e+02,-2.509073247140036642e+02
2.211571735999987141e+02,2.935093018899785910e-01,2.254334424401052139e-01,0.000000000000000000e+00,-4.451547022054247555e-06,2.157926650433941995e-01,6.522087613537325135e-02,2.815754691528305820e+00,2.484209631591859146e+00,3.896384422192312513e+00,-1.821793285418814037e+02,-1.607283631639932935e+02,-2.520960721158426168e+02
2.212642933999995876e+02,2.935093018899785910e-01,2.254334424401052139e-01,0.000000000000000000e+00,-2.305716546557809200e-06,2.157926650433941995e-01,6.522087613537325135e-02,2.836741188634771316e+00,2.520560513189958662e+00,3.913300171171170128e+00,-1.835371549046697055e+02,-1.630802652033903257e+02,-2.531905210747747219e+02
2.213713050999995176e+02,2.935093018899785910e-01,2.254334424401052139e-01,0.000000000000000000e+00,-1.219362830095640585e-06,2.157926650433941995e-01,6.522087613537325135e-02,2.857631084716022229e+00,2.556784331974118363e+00,3.928743697295706383e+00,-1.848887311811266443e+02,-1.654239462787254524e+02,-2.541897172150322035e+02
2.214787949000001390e+02,2.935093018899785910e-01,2.254334424401052139e-01,0.000000000000000000e+00,-6.450284358087293633e-07,2.157926650433941995e-01,6.522087613537325135e-02,2.878421081015304139e+00,2.592865515159243461e+00,3.942701533581502549e+00,-1.862338439416901963e+02,-1.677583988308030598e+02,-2.550927892227232121e+02
2.215884361999997054e+02,2.935093018899785910e-01,2.254334424401052139e-01,0.000000000000000000e+00,-3.381780621114032943e-07,2.157926650433941995e-01,6.522087613537325135e-02,2.899107894551202325e+00,2.628788551279996888e+00,3.955161508587771380e+00,-1.875722807774627938e+02,-1.700826192678158009e+02,-2.558989496056288147e+02
2.216961644999992131e+02,2.935093018899785910e-01,2.254334424401052139e-01,0.000000000000000000e+00,-1.775450583213481979e-07,2.157926650433941995e-01,6.522087613537325135e-02,2.919688258636038203e+00,2.664537996859101643e+00,3.966112757031013736e+00,-1.889038303337516709e+02,-1.723956083967838708e+02,-2.566074953799065952e+02
2.218036128999992798e+02,2.935093018899785910e-01,2.254334424401052139e-01,0.000000000000000000e+00,-9.363458290672996007e-08,2.157926650433941995e-01,6.522087613537325135e-02,2.940158923391753998e+00,2.700098483046730724e+00,3.975545729259749805e+00,-1.902282823434464945e+02,-1.746963718531234804e+02,-2.572178086831058295e+02
2.219122286999991047e+02,2.935093018899785910e-01,2.254334424401052139e-01,0.000000000000000000e+00,-4.934277819847973398e-08,2.157926650433941995e-01,6.522087613537325135e-02,2.960516656263080915e+00,2.735454722227502522e+00,3.983452199581929865e+00,-1.915454276602213497e+02,-1.769839205281194268e+02,-2.577293573129508673e+02
2.220195148999991943e+02,2.935093018899785910e-01,2.254334424401052139e-01,0.000000000000000000e+00,-2.590363584979258490e-08,2.157926650433941995e-01,6.522087613537325135e-02,2.980758242528004143e+00,2.770591514592804838e+00,3.989825273437856978e+00,-1.928550582915618747e+02,-1.792572709941544815e+02,-2.581416951914293350e+02
2.221271700999986933e+02,2.935093018899785910e-01,2.254334424401052139e-01,0.000000000000000000e+00,-1.367573136841613812e-08,2.157926650433941995e-01,6.522087613537325135e-02,3.000880485805410558e+00,2.805493754675175921e+00,3.994659393412366200e+00,-1.941569674316100702e+02,-1.815154459274838814e+02,-2.584544627537800920e+02
2.222395087999993848e+02,2.935093018899785910e-01,2.254334424401052139e-01,0.000000000000000000e+00,-7.211591383528653498e-09,2.157926650433941995e-01,6.522087613537325135e-02,3.020880208559810765e+00,2.840146437842264504e+00,3.997950344080952512e+00,-1.954509494938197633e+02,-1.837574745283945106e+02,-2.586673872620376642e+02
2.223463006999991194e+02,2.935093018899785910e-01,2.254334424401052139e-01,0.000000000000000000e+00,-3.728532776532909813e-09,2.157926650433941995e-01,6.522087613537325135e-02,3.040754252603143026e+00,2.874534666747364131e+00,3.999695255685699280e+00,-1.967368001434233520e+02,-1.859823929385544545e+02,-2.587802830428647667e+02
2.224538476999987324e+02,2.935093018899785910e-01,2.254334424401052139e-01,0.000000000000000000e+00,-1.972300808644338236e-09,2.157926650433941995e-01,6.522087613537325135e-02,3.060499479593466354e+00,2.908643657733898102e+00,3.999892606637739156e+00,-1.980143163296972943e+02,-1.881892446553832201e+02,-2.587930516494617450e+02
2.225588910999995278e+02,2.935093018899785910e-01,2.254334424401052139e-01,0.000000000000000000e+00,-1.039794713330872978e-09,2.157926650433941995e-01,6.522087613537325135e-02,3.080112771530544080e+00,2.942458747190910273e+00,3.998542224844107373e+00,-1.992832963180262027e+02,-1.903770809432519115e+02,-2.587056819474137797e+02
2.226684349999995902e+02,3.040622879606935669e-01,2.177980051172903886e-01,0.000000000000000000e+00,-3.381033461514748595e-02,2.078072015307265152e-01,6.520841989374737135e-02,3.099591031248221551e+00,2.975965397857066375e+00,3.995645287857809258e+00,-2.005435397217599416e+02,-1.925449612413522118e+02,-2.585182501244002538e+02
2.227725102999993396e+02,3.335750397545759194e-01,1.990532354331841225e-01,0.000000000000000000e+00,-9.886923156040024196e-02,1.880809898777596745e-01,6.517462530019403621e-02,3.118931182903478039e+00,3.009149205070276167e+00,3.991204321850970516e+00,-2.017948475338550338e+02,-1.946919535680468698e+02,-2.582309196237578135e+02
2.228793871999987459e+02,3.345474760686202309e-01,1.984508364887578868e-01,0.000000000000000000e+00,-5.565500658995406469e-02,1.874485214497916274e-01,6.515969850586114664e-02,3.138130172462180845e+00,3.041995902960311415e+00,3.985223199411992212e+00,-2.030370221583031025e+02,-1.968171349215321584e+02,-2.578439410019558977e+02
2.229832018999986758e+02,3.352966675143198572e-01,1.982267567917641027e-01,0.000000000000000000e+00,-3.041711843710249649e-02,1.871880504482846264e-01,6.522638176038619839e-02,3.157184968181305340e+00,3.074491370581816430e+00,3.977707136168578295e+00,-2.042698674413304616e+02,-1.989195916766435346e+02,-2.573576517101070067e+02
2.230869671999989805e+02,3.355134017831442605e-01,1.981651904351138249e-01,0.000000000000000000e+00,-1.660654107713566488e-02,1.871157757573171099e-01,6.524667932486939714e-02,3.176092561087723531e+00,3.106621637984885442e+00,3.968662686239640358e+00,-2.054931887023757326e+02,-2.009984199776220919e+02,-2.567724757997047504e+02
2.231984135000002425e+02,3.357782192701397328e-01,1.980835735650515739e-01,0.000000000000000000e+00,-9.258797391740146432e-03,1.870214318266653908e-01,6.526933547850126416e-02,3.194849965453335994e+00,3.138372892220909538e+00,3.958097736520002741e+00,-2.067067927648308512e+02,-2.030527261266928463e+02,-2.560889235528441645e+02
2.233056851999990613e+02,3.355968797169150974e-01,1.979757648934723224e-01,0.000000000000000000e+00,-5.263146177407319534e-03,1.869314702168587972e-01,6.519991508981483330e-02,3.213454219266540957e+00,3.169731483280693762e+00,3.946021499802931931e+00,-2.079104879865452062e+02,-2.050816269682609061e+02,-2.553075910372496935e+02
2.234130401999991591e+02,3.355968797169150974e-01,1.979757648934723224e-01,0.000000000000000000e+00,-2.777886695885793244e-03,1.869314702168587972e-01,6.519991508981483330e-02,3.231902384699998798e+00,3.200683929962811813e+00,3.932444506746407775e+00,-2.091040842900899293e+02,-2.070842502685939337e+02,-2.544291595864926023e+02
2.235212670999990223e+02,3.358619929801759385e-01,1.978941545332037755e-01,0.000000000000000000e+00,-1.826317572683147476e-03,1.868371277766932848e-01,6.522257341263930364e-02,3.250191548574529854e+00,3.231216925669105233e+00,3.917378596690277881e+00,-2.102873931927721003e+02,-2.090597350907911220e+02,-2.534543952058609761e+02
2.236286265999988245e+02,3.358619929801759385e-01,1.978941545332037755e-01,0.000000000000000000e+00,-9.589779538248978255e-04,1.868371277766932848e-01,6.522257341263930364e-02,3.268318822819143321e+00,3.261317344125347795e+00,3.900836907332136061e+00,-2.114602278363985874e+02,-2.110072321649100218e+02,-2.523841479043892093e+02
2.237400718999997480e+02,3.358619929801759385e-01,1.978941545332037755e-01,0.000000000000000000e+00,-5.059354898032242384e-04,1.868371277766932848e-01,6.522257341263930364e-02,3.286281344927103554e+00,3.290972245024215592e+00,3.882833863271068608e+00,-2.126224030167836077e+02,-2.129259042530667614e+02,-2.512193509536381555e+02
2.238472015999996074e+02,3.358619929801759385e-01,1.978941545332037755e-01,0.000000000000000000e+00,-2.626033171154674908e-04,1.868371277766932848e-01,6.522257341263930364e-02,3.304076278407931166e+00,3.320168879588428545e+00,3.863385163429219560e+00,-2.137737352129931594e+02,-2.148149265093713325e+02,-2.499610200738705146e+02
2.239560635999987426e+02,3.363393083101589576e-01,1.977523768983699692e-01,0.000000000000000000e+00,-7.630706509923640976e-04,1.866721410482309884e-01,6.526495480289799811e-02,3.321700813235348715e+00,3.348894696051484487e+00,3.842507767362045357e+00,-2.149140426163270661e+02,-2.166734868345310474e+02,-2.486102525483243539e+02
2.240634770999986358e+02,3.363393083101589576e-01,1.977523768983699692e-01,0.000000000000000000e+00,-3.998840029716251520e-04,1.866721410482309884e-01,6.526495480289799811e-02,3.339152166290997314e+00,3.377137345053763617e+00,3.820219880469352791e+00,-2.160431451590275458e+02,-2.185007862249785262e+02,-2.471682262663671281e+02
2.241767106999996031e+02,3.363393083101589576e-01,1.977523768983699692e-01,0.000000000000000000e+00,-2.107472778557108314e-04,1.866721410482309884e-01,6.526495480289799811e-02,3.356427581803927307e+00,3.404884684951511975e+00,3.796540938119955300e+00,-2.171608645427141084e+02,-2.202960391163628344e+02,-2.456361986963611059e+02
2.242823376999986067e+02,3.363393083101589576e-01,1.977523768983699692e-01,0.000000000000000000e+00,-1.086589887266516878e-04,1.866721410482309884e-01,6.526495480289799811e-02,3.373524331785770158e+00,3.432124787036632263e+00,3.771491588703663744e+00,-2.182670242665393516e+02,-2.220584737212701043e+02,-2.440155057891270474e+02
2.243897594999998546e+02,3.363393083101589576e-01,1.977523768983699692e-01,0.000000000000000000e+00,-5.776576298168101573e-05,1.866721410482309884e-01,6.526495480289799811e-02,3.390439716461503217e+00,3.458845940664867946e+00,3.745093675625678742e+00,-2.193614496550592605e+02,-2.237873323610169791e+02,-2.423075608129814213e+02
2.244973744999988412e+02,3.393973160002099476e-01,1.960722871425553682e-01,0.000000000000000000e+00,-7.412234570605067720e-03,1.848874379574522442e-01,6.527616004976041775e-02,3.407171064695801110e+00,3.485036658290302736e+00,3.717370218258730041e+00,-2.204439678858183527e+02,-2.254818717913825878e+02,-2.405138531213398494e+02
2.246062172000001738e+02,3.600710527738630873e-01,1.849818345727123614e-01,0.000000000000000000e+00,-5.233671204915820580e-02,1.731192808710312059e-01,6.517663471354850913e-02,3.423715734414821910e+00,3.510685680403850206e+00,3.688345391869889411e+00,-2.215144080166389813e+02,-2.271413635221291258e+02,-2.386359468539818636e+02
2.247133326999992278e+02,4.072307196823459763e-01,1.646544259198014504e-01,0.000000000000000000e+00,-1.149898829848060022e-01,1.511891789080909987e-01,6.521435544476869572e-02,3.440071113023424942e+00,3.535781980373799094e+00,3.658044506539352092e+00,-2.225726010126155927e+02,-2.287650941301848206e+02,-2.366754795730960836e+02
2.248202095999986341e+02,4.314294468557715589e-01,1.558857470391017963e-01,0.000000000000000000e+00,-9.834673420804004862e-02,1.416017687050038498e-01,6.518669518815500830e-02,3.456234617817735000e+00,3.560314769186244011e+00,3.626493985089731531e+00,-2.236183797728074580e+02,-2.303523655663499881e+02,-2.346341608353056358e+02
2.249276898999996774e+02,4.310535918855276094e-01,1.559609484249128430e-01,0.000000000000000000e+00,-5.187481832210238952e-02,1.416945818627508846e-01,6.516489011989905211e-02,3.472203696392962335e+00,3.584273500083241970e+00,3.593721340044857548e+00,-2.246515791566246776e+02,-2.319024954553857754e+02,-2.325137707009022847e+02
2.250338697999995929e+02,4.310535918855276094e-01,1.559609484249128430e-01,0.000000000000000000e+00,-2.732193693102193816e-02,1.416945818627508846e-01,6.516489011989905211e-02,3.487975827046485122e+00,3.607647873097024060e+00,3.559755149638570426e+00,-2.256720360099076004e+02,-2.334148173893774754e+02,-2.303161581816155206e+02
2.251408013000000210e+02,4.310535918855276094e-01,1.559609484249128430e-01,0.000000000000000000e+00,-1.451074168298395473e-02,1.416945818627508846e-01,6.516489011989905211e-02,3.503548519176037601e+00,3.630427839477905483e+00,3.524625032893967003e+00,-2.266795891906896543e+02,-2.348886812142204974e+02,-2.280432396282396610e+02
2.252480221999994683e+02,4.310535918855276094e-01,1.559609484249128430e-01,0.000000000000000000e+00,-7.664248942267144760e-03,1.416945818627508846e-01,6.516489011989905211e-02,3.518919313673007032e+00,3.652603606014355186e+00,3.488361623795233513e+00,-2.276740795946435583e+02,-2.363234533091287801e+02,-2.256969970595516202e+02
2.253544445999996242e+02,4.310535918855276094e-01,1.559609484249128430e-01,0.000000000000000000e+00,-4.051273021111947460e-03,1.416945818627508846e-01,6.516489011989905211e-02,3.534085783310763951e+00,3.674165639243092141e+00,3.450996544574324254e+00,-2.286553501802064261e+02,-2.377185168590280853e+02,-2.232794764339587914e+02
2.254612185999994836e+02,4.310535918855276094e-01,1.559609484249128430e-01,0.000000000000000000e+00,-2.146866482731945875e-03,1.416945818627508846e-01,6.516489011989905211e-02,3.549045533127927143e+00,3.695104669547593090e+00,3.412562378135974406e+00,-2.296232459933768837e+02,-2.390732721197292960e+02,-2.207927858653975477e+02
2.255646385999989434e+02,4.310535918855276094e-01,1.559609484249128430e-01,0.000000000000000000e+00,-1.136871123762997916e-03,1.416945818627508846e-01,6.516489011989905211e-02,3.563796200806587322e+00,3.715411695143130189e+00,3.373092639644798219e+00,-2.305776141921862177e+02,-2.403871366757605301e+02,-2.182390937850184685e+02
2.256682193999986339e+02,4.310535918855276094e-01,1.559609484249128430e-01,0.000000000000000000e+00,-6.110378871734758891e-04,1.416945818627508846e-01,6.516489011989905211e-02,3.578335457045322521e+00,3.735077985946705148e+00,3.332621747299714166e+00,-2.315183040708323858e+02,-2.416595456907518269e+02,-2.156206270502915174e+02
2.257752560999997513e+02,4.322946715418991559e-01,1.559961974325362322e-01,0.000000000000000000e+00,-1.694184030814743769e-04,1.416456042772792911e-01,6.535546191662348903e-02,3.592661005927027418e+00,3.754095087330104441e+00,3.291184992320630442e+00,-2.324451670834786796e+02,-2.428899521502577556e+02,-2.129396690031447861e+02
2.258897665999993478e+02,4.218631175709592895e-01,1.562228629918062939e-01,0.000000000000000000e+00,9.350827189651125457e-04,1.425264375206787282e-01,6.396715976984396201e-02,3.606770585281470876e+00,3.772454823754642916e+00,3.248818508174033504e+00,-2.333580568677111842e+02,-2.440778270969254038e+02,-2.101985574788599820e+02
2.259937515999990865e+02,4.211221657320168843e-01,1.563722424751683715e-01,0.000000000000000000e+00,1.123486892915986522e-03,1.427101232928281449e-01,6.392260106142927389e-02,3.620661967042502205e+00,3.790149302285789723e+00,3.205559239064130761e+00,-2.342568292676498913e+02,-2.452226598578906192e+02,-2.073996827674492636e+02
2.261007296999996470e+02,4.214987983320410692e-01,1.562973813027808412e-01,0.000000000000000000e+00,2.671069026374865924e-04,1.426177287557429674e-01,6.394571796969825139e-02,3.634332957599910152e+00,3.807170915986460180e+00,3.161444907716831842e+00,-2.351413423567142047e+02,-2.463239582643239771e+02,-2.045454855292790342e+02
2.262079006999992998e+02,4.214987983320410692e-01,1.562973813027808412e-01,0.000000000000000000e+00,1.411720355013900048e-04,1.426177287557429674e-01,6.394571796969825139e-02,3.647781398145807596e+00,3.823512347187209670e+00,3.116513982485030088e+00,-2.360114564600337701e+02,-2.473812488630124733e+02,-2.016384546667814561e+02
2.263175617999986571e+02,4.214987983320410692e-01,1.562973813027808412e-01,0.000000000000000000e+00,7.465367897828390723e-05,1.426177287557429674e-01,6.394571796969825139e-02,3.661005165015532636e+00,3.839166570632154940e+00,3.070805643803695251e+00,-2.368670341765049727e+02,-2.483940771199004303e+02,-1.986811251540990781e+02
2.264254074000000401e+02,4.214987983320410692e-01,1.562973813027808412e-01,0.000000000000000000e+00,3.892361596105764493e-05,1.426177287557429674e-01,6.394571796969825139e-02,3.674002170023005220e+00,3.854126856499186182e+00,3.024359750023796867e+00,-2.377079404004884395e+02,-2.493620076154973617e+02,-1.956760758265396589e+02
2.265335266000001866e+02,4.214987983320410692e-01,1.562973813027808412e-01,0.000000000000000000e+00,2.048791084897909844e-05,1.426177287557429674e-01,6.394571796969825139e-02,3.686770360790461609e+00,3.868386773293090553e+00,2.977216802655407335e+00,-2.385340423431428860e+02,-2.502846242320629813e+02,-1.926259271318048718e+02
2.266419921999986400e+02,4.214987983320410692e-01,1.562973813027808412e-01,0.000000000000000000e+00,1.079544050256018161e-05,1.426177287557429674e-01,6.394571796969825139e-02,3.699307721072569333e+00,3.881940190610551511e+00,2.929417911049625012e+00,-2.393452095533952502e+02,-2.511615303325027071e+02,-1.895333388449107588e+02
2.267490748000000167e+02,4.218631175709592895e-01,1.562228629918062939e-01,0.000000000000000000e+00,-3.205360968568216713e-04,1.425264375206787282e-01,6.396715976984396201e-02,3.711612271074802738e+00,3.894781281775579362e+00,2.881004756550701984e+00,-2.401413139385397528e+02,-2.519923489308799844e+02,-1.864010077488304375e+02
2.268562270000002172e+02,4.221854308885699680e-01,1.561632682567729302e-01,0.000000000000000000e+00,-4.317365877852343318e-04,1.424514505935475794e-01,6.398867537643590508e-02,3.723682067766077353e+00,3.906904526344466611e+00,2.832019556149240724e+00,-2.409222297844652019e+02,-2.527767228544869909e+02,-1.832316652828558858e+02
2.269625557999988814e+02,4.221854308885699680e-01,1.561632682567729302e-01,0.000000000000000000e+00,-2.273191154691479659e-04,1.424514505935475794e-01,6.398867537643590508e-02,3.735515205185580889e+00,3.918304712479023344e+00,2.782505025668426057e+00,-2.416878337755071016e+02,-2.535143148973928078e+02,-1.800280751607471643e+02
2.270662441000004037e+02,4.221854308885699680e-01,1.561632682567729302e-01,0.000000000000000000e+00,-1.210112428442716395e-04,1.424514505935475794e-01,6.398867537643590508e-02,3.747109814743734724e+00,3.928976939187182715e+00,2.732504342515143403e+00,-2.424380050139196499e+02,-2.542048079654107369e+02,-1.767930309607297943e+02
2.271737235000000510e+02,4.221854308885699680e-01,1.561632682567729302e-01,0.000000000000000000e+00,-6.459016915654788957e-05,1.424514505935475794e-01,6.398867537643590508e-02,3.758464065517284070e+00,3.938916618429958660e+00,2.682061108028588770e+00,-2.431726250389682775e+02,-2.548479052124183397e+02,-1.735293536894496924e+02
2.272804195999997319e+02,4.221854308885699680e-01,1.561632682567729302e-01,0.000000000000000000e+00,-3.425356044119146683e-05,1.424514505935475794e-01,6.398867537643590508e-02,3.769576164538408936e+00,3.948119477093873009e+00,2.631219309459327249e+00,-2.438915778456350552e+02,-2.554433301679735848e+02,-1.702398893220184846e+02
2.273859601000003750e+02,4.221854308885699680e-01,1.561632682567729302e-01,0.000000000000000000e+00,-1.810148484107660036e-05,1.424514505935475794e-01,6.398867537643590508e-02,3.780444357077858086e+00,3.956581558827966472e+00,2.580023281611729224e+00,-2.445947499029374228e+02,-2.559908268561694342e+02,-1.669275063202788942e+02
2.274984838999989734e+02,4.221854308885699680e-01,1.561632682567729302e-01,0.000000000000000000e+00,-9.639661472072759502e-06,1.424514505935475794e-01,6.398867537643590508e-02,3.791066926922044722e+00,3.964299225744676747e+00,2.528517668183338785e+00,-2.452820301718562916e+02,-2.564901599056805708e+02,-1.635950931314620220e+02
2.276037314999994123e+02,4.221854308885699680e-01,1.561632682567729302e-01,0.000000000000000000e+00,-4.975148658210032116e-06,1.424514505935475794e-01,6.398867537643590508e-02,3.801442196644043037e+00,3.971269159983752850e+00,2.476747382834979305e+00,-2.459533101228695955e+02,-2.569411146509488049e+02,-1.602455556694231689e+02
2.277090692999991006e+02,4.221854308885699680e-01,1.561632682567729302e-01,0.000000000000000000e+00,-2.649714793507034343e-06,1.424514505935475794e-01,6.398867537643590508e-02,3.811568527868494094e+00,3.977488365138651893e+00,2.424757570025325215e+00,-2.466084837530915763e+02,-2.573434972244708092e+02,-1.568818147806385355e+02
2.278142482000002929e+02,4.221854308885699680e-01,1.561632682567729302e-01,0.000000000000000000e+00,-1.413813983504093369e-06,1.424514505935475794e-01,6.398867537643590508e-02,3.821444321530308663e+00,3.982954167544682900e+00,2.372593565644209868e+00,-2.472474476030109827e+02,-2.576971346401409733e+02,-1.535068036971803735e+02
2.279213844999994762e+02,4.221854308885699680e-01,1.561632682567729302e-01,0.000000000000000000e+00,-7.518074379702279871e-07,1.424514505935475794e-01,6.398867537643590508e-02,3.831068018127184338e+00,3.987664217428437574e+00,2.320300857479134393e+00,-2.478701007728288346e+02,-2.580018748676199039e+02,-1.501234654789000160e+02
2.280305847999989055e+02,4.221854308885699680e-01,1.561632682567729302e-01,0.000000000000000000e+00,-3.959206418011849697e-07,1.424514505935475794e-01,6.398867537643590508e-02,3.840438097965868991e+00,3.991616489917971133e+00,2.267925045549186613e+00,-2.484763449383917475e+02,-2.582575868976927609e+02,-1.467347504470323827e+02
2.281371006999997917e+02,4.221854308885699680e-01,1.561632682567729302e-01,0.000000000000000000e+00,-2.076532274697518096e-07,1.424514505935475794e-01,6.398867537643590508e-02,3.849553081402129706e+00,3.994809285913292207e+00,2.215511802341248782e+00,-2.490660843667178028e+02,-2.584641607985900009e+02,-1.433436136114788155e+02
2.282405987000001915e+02,4.221854308885699680e-01,1.561632682567729302e-01,0.000000000000000000e+00,-1.101241553276443154e-07,1.424514505935475794e-01,6.398867537643590508e-02,3.858411529074422752e+00,3.997241232816830525e+00,2.163106832982733874e+00,-2.496392259311151633e+02,-2.586215077632489283e+02,-1.399530120939828919e+02
2.283481541000001016e+02,4.221854308885699680e-01,1.561632682567729302e-01,0.000000000000000000e+00,-5.912238108816915896e-08,1.424514505935475794e-01,6.398867537643590508e-02,3.867012042131165561e+00,3.998911285123506687e+00,2.110755835386235457e+00,-2.501956791258864143e+02,-2.587295601474908722e+02,-1.365659025494894365e+02
2.284563090999999986e+02,4.221854308885699680e-01,1.561632682567729302e-01,0.000000000000000000e+00,-3.122787423848530894e-08,1.424514505935475794e-01,6.398867537643590508e-02,3.875353262451648018e+00,3.999818724870211284e+00,2.058504460400093272e+00,-2.507353560806216421e+02,-2.587882714991026774e+02,-1.331852385878860332e+02
2.285608027999987826e+02,4.269642123649144416e-01,1.544116164664202373e-01,0.000000000000000000e+00,-7.661941004400359655e-03,1.405496363870663568e-01,6.394331091862771876e-02,3.883433872860489799e+00,3.999963161944453560e+00,2.006398272000248451e+00,-2.512581715740737138e+02,-2.587976165778061386e+02,-1.298139681984160916e+02
2.286656438999998500e+02,4.269642123649144416e-01,0.000000000000000000e+00,0.000000000000000000e+00,0.000000000000000000e+00,0.000000000000000000e+00,0.000000000000000000e+00,3.891252597335629559e+00,3.999344534252077032e+00,1.954482707557855914e+00,-2.517640430476152460e+02,-2.587575913661094091e+02,-1.264550311789932806e+02
2.287735077999986970e+02,4.269642123649144416e-01,0.000000000000000000e+00,0.000000000000000000e+00,0.000000000000000000e+00,0.000000000000000000e+00,0.000000000000000000e+00,3.898808201209837065e+00,3.997963107743950140e+00,1.902803038217069753e+00,-2.522528906182764672e+02,-2.586682130710335628e+02,-1.231113565726444250e+02
2.288809514999993553e+02,4.269642123649144416e-01,0.000000000000000000e+00,0.000000000000000000e+00,0.000000000000000000e+00,0.000000000000000000e+00,0.000000000000000000e+00,3.906099491365672804e+00,3.995819476301635031e+00,1.851404329418007588e+00,-2.527246370913590283e+02,-2.585295201167157870e+02,-1.197858601133450946e+02
2.289903348999996524e+02,4.269642123649144416e-01,0.000000000000000000e+00,0.000000000000000000e+00,0.000000000000000000e+00,0.000000000000000000e+00,0.000000000000000000e+00,3.913125316423898603e+00,3.992914561482076685e+00,1.800331401599091885e+00,-2.531792079726262443e+02,-2.583415721278903447e+02,-1.164814416834612558e+02
2.290980442000000039e+02,4.269642123649144416e-01,0.000000000000000000e+00,0.000000000000000000e+00,0.000000000000000000e+00,0.000000000000000000e+00,0.000000000000000000e+00,3.919884566925293967e+00,3.989249612121414046e+00,1.749628791112786574e+00,-2.536165314800665271e+02,-2.581044499042554889e+02,-1.132009827849972936e+02
2.292110479999992094e+02,4.269642123649144416e-01,0.000000000000000000e+00,0.000000000000000000e+00,0.000000000000000000e+00,0.000000000000000000e+00,0.000000000000000000e+00,3.926376175505844390e+00,3.984826203798114364e+00,1.699340711389433434e+00,-2.540365385552281339e+02,-2.578182553857379844e+02,-1.099473440268963458e+02
2.293181120999997802e+02,4.269642123649144416e-01,0.000000000000000000e+00,0.000000000000000000e+00,0.000000000000000000e+00,0.000000000000000000e+00,0.000000000000000000e+00,3.932599117065304295e+00,3.979646238155606142e+00,1.649511014382310847e+00,-2.544391628741252021e+02,-2.574831116086677412e+02,-1.067233626305355187e+02
2.294225718999987294e+02,4.269642123649144416e-01,0.000000000000000000e+00,0.000000000000000000e+00,0.000000000000000000e+00,0.000000000000000000e+00,0.000000000000000000e+00,3.938552408929062665e+00,3.973711942084769078e+00,1.600183152328177982e+00,-2.548243408577103537e+02,-2.570991626528845586e+02,-1.035318499556331204e+02
2.295298222000001260e+02,4.269642123649144416e-01,0.000000000000000000e+00,0.000000000000000000e+00,0.000000000000000000e+00,0.000000000000000000e+00,0.000000000000000000e+00,3.944235111003321137e+00,3.967025866766577202e+00,1.551400139856228710e+00,-2.551920116819148916e+02,-2.566665735797975572e+02,-1.003755890486980036e+02
2.296396655999997165e+02,4.269642123649144416e-01,0.000000000000000000e+00,0.000000000000000000e+00,0.000000000000000000e+00,0.000000000000000000e+00,0.000000000000000000e+00,3.949646325923548140e+00,3.959590886575330870e+00,1.503204516478789721e+00,-2.555421172872535749e+02,-2.561855303614239006e+02,-9.725733221617770141e+01
2.297456260999988444e+02,4.269642123649144416e-01,0.000000000000000000e+00,0.000000000000000000e+00,0.000000000000000000e+00,0.000000000000000000e+00,0.000000000000000000e+00,3.954785199196176215e+00,3.951410197842958993e+00,1.455638309496069205e+00,-2.558746023879926099e+02,-2.556562398004394652e+02,-9.417979862439568706e+01
2.298522408999997424e+02,4.269642123649144416e-01,0.000000000000000000e+00,0.000000000000000000e+00,0.000000000000000000e+00,0.000000000000000000e+00,0.000000000000000000e+00,3.959650919333544294e+00,3.942487317484895115e+00,1.408742997347912418e+00,-2.561894144808803162e+02,-2.550789294412727202e+02,-9.114567192840993926e+01
2.299599493999994593e+02,4.269642123649144416e-01,0.000000000000000000e+00,0.000000000000000000e+00,0.000000000000000000e+00,0.000000000000000000e+00,0.000000000000000000e+00,3.964242717982039199e+00,3.932826081488144165e+00,1.362559473443823777e+00,-2.564865038534379664e+02,-2.544538474722829449e+02,-8.815759793181540260e+01
2.300688792999990255e+02,4.269642123649144416e-01,0.000000000000000000e+00,0.000000000000000000e+00,0.000000000000000000e+00,0.000000000000000000e+00,0.000000000000000000e+00,3.968559870043423032e+00,3.922430643262162064e+00,1.317128010503397340e+00,-2.567658235918094647e+02,-2.537812626190618914e+02,-8.521818227956981673e+01
2.301769260000000941e+02,4.269642123649144416e-01,0.000000000000000000e+00,0.000000000000000000e+00,0.000000000000000000e+00,0.000000000000000000e+00,0.000000000000000000e+00,3.972601693789341137e+00,3.911305471853303573e+00,1.272488225437862219e+00,-2.570273295881704030e+02,-2.530614640289087447e+02,-8.232998818582969136e+01
2.302851961999986088e+02,4.269642123649144416e-01,0.000000000000000000e+00,0.000000000000000000e+00,0.000000000000000000e+00,0.000000000000000000e+00,0.000000000000000000e+00,3.976367550968967102e+00,3.899455350023547595e+00,1.228679044803632880e+00,-2.572709805476922043e+02,-2.522947611465235411e+02,-7.949553419879505611e+01
2.303964966999992612e+02,4.269642123649144416e-01,0.000000000000000000e+00,0.000000000000000000e+00,0.000000000000000000e+00,0.000000000000000000e+00,0.000000000000000000e+00,3.979856846909798129e+00,3.886885372194373023e+00,1.185738670857624077e+00,-2.574967379950639383e+02,-2.514814835809759472e+02,-7.671729200448828578e+01
2.305116827999991074e+02,4.269642123649144416e-01,0.000000000000000000e+00,0.000000000000000000e+00,0.000000000000000000e+00,0.000000000000000000e+00,0.000000000000000000e+00,3.983069030611556371e+00,3.873600942256626212e+00,1.143704548244481423e+00,-2.577045662805676898e+02,-2.506219809640037397e+02,-7.399768427141795257e+01
2.306202723999995214e+02,4.269642123649144416e-01,0.000000000000000000e+00,0.000000000000000000e+00,0.000000000000000000e+00,0.000000000000000000e+00,0.000000000000000000e+00,3.986003594833198438e+00,3.859607771247393959e+00,1.102613331344151293e+00,-2.578944325857079320e+02,-2.497166227997064141e+02,-7.133908253796658983e+01
2.307270391999991261e+02,4.269642123649144416e-01,0.000000000000000000e+00,0.000000000000000000e+00,0.000000000000000000e+00,0.000000000000000000e+00,0.000000000000000000e+00,3.988660076173015767e+00,3.844911874894761716e+00,1.062500852308778665e+00,-2.580663069283941127e+02,-2.487657983056911064e+02,-6.874380514437798695e+01
2.308351547000002029e+02,4.269642123649144416e-01,0.000000000000000000e+00,0.000000000000000000e+00,0.000000000000000000e+00,0.000000000000000000e+00,0.000000000000000000e+00,3.991038055141808094e+00,3.829519571031684499e+00,1.023402089816594307e+00,-2.582201621676749710e+02,-2.477699162457500108e+02,-6.621411521113365950e+01
2.309406187999993563e+02,4.269642123649144416e-01,0.000000000000000000e+00,0.000000000000000000e+00,0.000000000000000000e+00,0.000000000000000000e+00,0.000000000000000000e+00,3.993137156229131790e+00,3.813437476879847132e+00,9.853511385698707770e-01,-2.583559740080248162e+02,-2.467294047541261079e+02,-6.375221866547064309e+01
2.310485086999997293e+02,4.269642123649144416e-01,0.000000000000000000e+00,0.000000000000000000e+00,0.000000000000000000e+00,0.000000000000000000e+00,0.000000000000000000e+00,3.994957047962589769e+00,3.796672506204951780e+00,9.483811795638961151e-01,-2.584737210031795485e+02,-2.456447111514603989e+02,-6.136026231778408402e+01
2.311531242999990354e+02,4.269642123649144416e-01,0.000000000000000000e+00,0.000000000000000000e+00,0.000000000000000000e+00,0.000000000000000000e+00,0.000000000000000000e+00,3.996497442960182056e+00,3.779231866344435087e+00,9.125244511527033087e-01,-2.585733845595237881e+02,-2.445163017524849636e+02,-5.904033198957990436e+01
2.312640833999994356e+02,4.269642123649144416e-01,0.000000000000000000e+00,0.000000000000000000e+00,0.000000000000000000e+00,0.000000000000000000e+00,0.000000000000000000e+00,3.997758097975681491e+00,3.761123055108983593e+00,8.778122209366223672e-01,-2.586549489390266103e+02,-2.433446616655512571e+02,-5.679445069459946893e+01
2.313754673000003095e+02,4.269642123649144416e-01,0.000000000000000000e+00,0.000000000000000000e+00,0.000000000000000000e+00,0.000000000000000000e+00,0.000000000000000000e+00,3.998738813937046110e+00,3.742353857559225006e+00,8.442747584966063812e-01,-2.587184012617269104e+02,-2.421302945840818666e+02,-5.462457687473043677e+01
2.314854231999997864e+02,4.269642123649144416e-01,0.000000000000000000e+00,0.000000000000000000e+00,0.000000000000000000e+00,0.000000000000000000e+00,0.000000000000000000e+00,3.999439435977857560e+00,3.722932342658875626e+00,8.119413089985891840e-01,-2.587637315077673748e+02,-2.408737225700292583e+02,-5.253260269220871947e+01
2.315957999000002019e+02,4.269642123649144416e-01,0.000000000000000000e+00,0.000000000000000000e+00,0.000000000000000000e+00,0.000000000000000000e+00,0.000000000000000000e+00,3.999859853461773529e+00,3.702866859805861832e+00,7.808400676913318517e-01,-2.587909325189767742e+02,-2.395754858294392591e+02,-5.052035237962917336e+01
2.317045020999994449e+02,4.269642123649144416e-01,0.000000000000000000e+00,0.000000000000000000e+00,0.000000000000000000e+00,0.000000000000000000e+00,0.000000000000000000e+00,4.000000000000000000e+00,3.682166035242855351e+00,7.509981553197155879e-01,-2.588000000000000114e+02,-2.382361424802127488e+02,-4.858958064918559927e+01
2.318098442999998952e+02,4.269642123649144416e-01,0.000000000000000000e+00,0.000000000000000000e+00,0.000000000000000000e+00,0.000000000000000000e+00,0.000000000000000000e+00,3.999859853461773529e+00,3.660838768348847694e+00,7.224415944751079177e-01,-2.587909325189767742e+02,-2.368562683121704424e+02,-4.674197116253948536e+01
2.319140348000000813e+02,4.269642123649144416e-01,0.000000000000000000e+00,0.000000000000000000e+00,0.000000000000000000e+00,0.000000000000000000e+00,0.000000000000000000e+00,3.999439435977857116e+00,3.638894227813243454e+00,6.951952869031736704e-01,-2.587637315077673748e+02,-2.354364565395168540e+02,-4.497913506263533634e+01
2.320215160999996442e+02,-2.560335693070127761e+00,2.522127115545304554e-01,0.000000000000000000e+00,1.124062286034059666e+00,-2.107926111095496380e-01,-1.384836704139045804e-01,3.998738813937046110e+00,3.616341847694211076e+00,6.692829917892950675e-01,-2.587184012617269104e+02,-2.339773175458154810e+02,-4.330260956876739442e+01
2.321303287999999156e+02,-2.597483155445934333e+00,5.195536825509435852e-01,0.000000000000000000e+00,1.769127776393127016e+00,-4.445242099236602074e-01,-2.689502850788456079e-01,3.997758097975681046e+00,3.593191323362906697e+00,6.447273050401141070e-01,-2.586549489390265535e+02,-2.324794786215800855e+02,-4.171385663609538597e+01
2.322380682999992132e+02,-2.550348369635657697e+00,6.521107046336972468e-01,0.000000000000000000e+00,1.506980486319702051e+00,-5.414134550132946311e-01,-3.634829319630075162e-01,3.996497442960182056e+00,3.569452607335446892e+00,6.215496395796200613e-01,-2.585733845595237881e+02,-2.309435836946034328e+02,-4.021426168080142105e+01
2.323455104999993637e+02,-2.496507301016912095e+00,7.276572502234122108e-01,0.000000000000000000e+00,1.128094430932960801e+00,-5.814333980668859869e-01,-4.375160310378257145e-01,3.994957047962589325e+00,3.545135904994201059e+00,5.997702066767360840e-01,-2.584737210031795485e+02,-2.293702930531248114e+02,-3.880513237198482557e+01
2.324578387999990809e+02,-2.466638243770024719e+00,7.784978388770942281e-01,0.000000000000000000e+00,8.242951242880849350e-01,-6.078008523873743574e-01,-4.864535013477520042e-01,3.993137156229130902e+00,3.520251670200554184e+00,5.794079983208351159e-01,-2.583559740080247593e+02,-2.277602830619758549e+02,-3.748769749135803409e+01
2.325660021000003326e+02,-2.463583086298176461e+00,7.842844173441602118e-01,0.000000000000000000e+00,4.500119717893184546e-01,-6.108185449917866716e-01,-4.919377525490247760e-01,3.991038055141807206e+00,3.494810600800622780e+00,5.604807706603704975e-01,-2.582201621676749141e+02,-2.261142458718003070e+02,-3.626310586172597539e+01
2.326701479999992443e+02,-2.463033530997845055e+00,7.838832348149502582e-01,0.000000000000000000e+00,2.352507896759969963e-01,-6.102357940262245206e-01,-4.920215457814156590e-01,3.988660076173014879e+00,3.468823634026307445e+00,5.430050285193281923e-01,-2.580663069283940558e+02,-2.244328891215021144e+02,-3.513242534520053795e+01
2.327768629000001965e+02,-2.461756175267933333e+00,7.822311041322971281e-01,0.000000000000000000e+00,1.188310263694271202e-01,-6.083219882109318633e-01,-4.917619941914295745e-01,3.986003594833197994e+00,3.442301941793243891e+00,5.269960110047107182e-01,-2.578944325857079320e+02,-2.227169356340228887e+02,-3.409664191200478456e+01
2.328844743999998173e+02,-2.460290396421958903e+00,7.804855087746440656e-01,0.000000000000000000e+00,5.516027290913334130e-02,-6.062446238521878028e-01,-4.915537462552130310e-01,3.983069030611555483e+00,3.415256925898014106e+00,5.124676782178383405e-01,-2.577045662805676329e+02,-2.209671231056015301e+02,-3.315665878069414418e+01
2.329996400999989419e+02,-2.459242195089919480e+00,7.792701648419476657e-01,0.000000000000000000e+00,2.293912768714031700e-02,-6.047858241493170306e-01,-4.914225236197743985e-01,3.979856846909796797e+00,3.387700213116420223e+00,4.994326990809518918e-01,-2.574967379950638815e+02,-2.191842037886324022e+02,-3.231329563053758847e+01
2.331171125999990181e+02,-2.458389575290272244e+00,7.779964047778367142e-01,0.000000000000000000e+00,6.233227977631405556e-03,-6.033787372452199538e-01,-4.911338975143166863e-01,3.976367550968965325e+00,3.359643650205092591e+00,4.879024402896814383e-01,-2.572709805476920906e+02,-2.173689441682695076e+02,-3.156728788674239183e+01
2.332272804000003816e+02,-2.457595353500082958e+00,7.771613185360611853e-01,0.000000000000000000e+00,-3.780296397310161489e-04,-6.023412416114289902e-01,-4.910852712948244325e-01,3.972601693789339361e+00,3.331099298808524622e+00,4.778869564011438698e-01,-2.570273295881702893e+02,-2.155221246329115559e+02,-3.091928607915400917e+01
2.333367078999999649e+02,-2.456743585806385521e+00,7.761041911288690809e-01,0.000000000000000000e+00,-4.785147611999870064e-03,-6.011039720554395283e-01,-4.909294554892479345e-01,3.968559870043422588e+00,3.302079430273676230e+00,4.693949810662301214e-01,-2.567658235918094647e+02,-2.136445391387068753e+02,-3.036985527498509185e+01
2.334458119999999326e+02,-2.456133576052685452e+00,7.753645428486430902e-01,0.000000000000000000e+00,-5.707674550941304985e-03,-6.002318056506747990e-01,-4.908278249979475816e-01,3.964242717982037423e+00,3.272596520374525753e+00,4.624339194136997122e-01,-2.564865038534378527e+02,-2.117369948682318181e+02,-2.991947458606637156e+01
2.335544081999996706e+02,-2.455606747902491449e+00,7.747591450290006732e-01,0.000000000000000000e+00,-5.635192316059388536e-03,-5.995046866966606824e-01,-4.907604949818260009e-01,3.959650919333541630e+00,3.242663243948638474e+00,4.570098415928314228e-01,-2.561894144808801457e+02,-2.098003118834769225e+02,-2.956853675105619317e+01
2.336661708999999973e+02,-2.455077718237133944e+00,7.741519435491220902e-01,0.000000000000000000e+00,-5.619855724083072136e-03,-5.987753300814173674e-01,-4.906927101422771664e-01,3.954785199196172663e+00,3.212292469448215115e+00,4.531274774801377081e-01,-2.558746023879923825e+02,-2.078353227732995379e+02,-2.931734779296490956e+01
2.337755803999989439e+02,-2.454786706034709276e+00,7.739766167719577261e-01,0.000000000000000000e+00,-3.665338518152254799e-03,-5.984969313120370726e-01,-4.907557707453277240e-01,3.949646325923544588e+00,3.181497253407846060e+00,4.507902125548555183e-01,-2.555421172872533475e+02,-2.058428722954876378e+02,-2.916612675229915297e+01
2.338866442999988067e+02,-2.454985106192785427e+00,7.741742200469097224e-01,0.000000000000000000e+00,-1.055792658383316457e-03,-5.987471121241589866e-01,-4.907622832983610239e-01,3.944235111003318917e+00,3.150290834831518172e+00,4.500000849467546971e-01,-2.551920116819147495e+02,-2.038238170135992391e+02,-2.911500549605502997e+01
2.339918287000000419e+02,-2.454985106192785427e+00,7.741742200469097224e-01,0.000000000000000000e+00,-5.490691208261619122e-04,-5.987471121241589866e-01,-4.907622832983610239e-01,3.938552408929058668e+00,3.118686629501012941e+00,4.507577836588605447e-01,-2.548243408577100979e+02,-2.017790249287155575e+02,-2.916402860272827979e+01
2.341122493999992003e+02,-2.454985106192785427e+00,7.741742200469097224e-01,0.000000000000000000e+00,-2.915932516222829443e-04,-5.987471121241589866e-01,-4.907622832983610239e-01,3.932599117065300298e+00,3.086698224208529240e+00,4.530626479666273188e-01,-2.544391628741249463e+02,-1.997093751062918443e+02,-2.931315332344079039e+01
2.342187204000001657e+02,-2.454985106192785427e+00,7.741742200469097224e-01,0.000000000000000000e+00,-1.453579476378470019e-04,-5.987471121241589866e-01,-4.907622832983610239e-01,3.926376175505840393e+00,3.054339370915506890e+00,4.569126679941055702e-01,-2.540365385552278781e+02,-1.976157572982332908e+02,-2.956224961921863326e+01
2.343281307999986893e+02,-2.454985106192785427e+00,7.741742200469097224e-01,0.000000000000000000e+00,-7.742939633328577739e-05,-5.987471121241589866e-01,-4.907622832983610239e-01,3.919884566925289526e+00,3.021623980840727697e+00,4.623044864665810660e-01,-2.536165314800662429e+02,-1.954990715603950946e+02,-2.991110027438779539e+01
2.344333251999996719e+02,-2.454985106192785427e+00,7.741742200469097224e-01,0.000000000000000000e+00,-4.045986710099100484e-05,-5.987471121241589866e-01,-4.907622832983610239e-01,3.913125316423895939e+00,2.988566118479719869e+00,4.692334016381700668e-01,-2.531792079726260738e+02,-1.933602278656378815e+02,-3.035940108598960308e+01
2.345405377999995835e+02,-2.454985106192785427e+00,7.741742200469097224e-01,0.000000000000000000e+00,-2.156341514278822192e-05,-5.987471121241589866e-01,-4.907622832983610239e-01,3.906099491365668364e+00,2.955179995558443018e+00,4.776933713918134483e-01,-2.527246370913587441e+02,-1.912001457126312687e+02,-3.090676112905033079e+01
2.346537090999991051e+02,-2.454985106192785427e+00,7.741742200469097224e-01,0.000000000000000000e+00,-1.135703110677234988e-05,-5.987471121241589866e-01,-4.907622832983610239e-01,3.898808201209831736e+00,2.921479964923559880e+00,4.876770185080836484e-01,-2.522528906182761261e+02,-1.890197537305543278e+02,-3.155270309747301383e+01
2.347743995000000723e+02,-2.454985106192785427e+00,7.741742200469097224e-01,0.000000000000000000e+00,-5.853629313332842532e-06,-5.987471121241589866e-01,-4.907622832983610239e-01,3.891252597335624230e+00,2.887480514372092522e+00,4.991756370982323165e-01,-2.517640430476149049e+02,-1.868199892798743917e+02,-3.229666372025562993e+01
2.348917193999986921e+02,-2.454985106192785427e+00,7.741742200469097224e-01,0.000000000000000000e+00,-2.910921027856066648e-06,-5.987471121241589866e-01,-4.907622832983610239e-01,3.883433872860484470e+00,2.853196260423063180e+00,5.121792001958687113e-01,-2.512581715740733443e+02,-1.846017980493722064e+02,-3.313799425267270493e+01
2.350119259000002785e+02,-2.454985106192785427e+00,7.741742200469097224e-01,0.000000000000000000e+00,-1.474017161639618386e-06,-5.987471121241589866e-01,-4.907622832983610239e-01,3.875353262451644909e+00,2.818641942033741188e+00,5.266763685006083939e-01,-2.507353560806214432e+02,-1.823661336495830767e+02,-3.407596104198936615e+01
2.351322958999990078e+02,-2.454985106192785427e+00,7.741742200469097224e-01,0.000000000000000000e+00,-7.365611199407005590e-07,-5.987471121241589866e-01,-4.907622832983610239e-01,3.867012042131159788e+00,2.783832414263364807e+00,5.426545002661244954e-01,-2.501956791258860449e+02,-1.801139572028397140e+02,-3.510974616721825470e+01
2.352515122999993764e+02,-2.454985106192785427e+00,7.741742200469097224e-01,0.000000000000000000e+00,-3.670677070881053605e-07,-5.987471121241589866e-01,-4.907622832983610239e-01,3.858411529074416979e+00,2.748782641886839961e+00,5.600996623239069550e-01,-2.496392259311147939e+02,-1.778462369300785610e+02,-3.623844815235678141e+01
2.353760332000001654e+02,-2.454985106192785427e+00,7.741742200469097224e-01,0.000000000000000000e+00,-1.836386040639512922e-07,-5.987471121241589866e-01,-4.907622832983610239e-01,3.849553081402126153e+00,2.713507692961337092e+00,5.789966422332484264e-01,-2.490660843667175754e+02,-1.755639477345985142e+02,-3.746108275249117270e+01
2.354821898999998666e+02,-2.454985106192785427e+00,7.741742200469097224e-01,0.000000000000000000e+00,-9.054406433959522909e-08,-5.987471121241589866e-01,-4.907622832983610239e-01,3.840438097965865438e+00,2.678022732348417811e+00,5.993289615466517173e-01,-2.484763449383914917e+02,-1.732680707829426296e+02,-3.877658381206836680e+01
2.355944531999994069e+02,-2.454985106192785427e+00,7.741742200469097224e-01,0.000000000000000000e+00,-4.819399385547506892e-08,-5.987471121241589866e-01,-4.907622832983610239e-01,3.831068018127183450e+00,2.642343015194673850e+00,6.210788901793418137e-01,-2.478701007728287777e+02,-1.709595930830953989e+02,-4.018380419460341813e+01
2.357053044000003865e+02,-2.454985106192785427e+00,7.741742200469097224e-01,0.000000000000000000e+00,-2.467676729326715032e-08,-5.987471121241589866e-01,-4.907622832983610239e-01,3.821444321530305110e+00,2.606483880373362538e+00,6.442274618701404609e-01,-2.472474476030107553e+02,-1.686395070601565749e+02,-4.168151678299808793e+01
2.358128710999990290e+02,-2.454985106192785427e+00,7.741742200469097224e-01,0.000000000000000000e+00,-1.294676848102875895e-08,-5.987471121241589866e-01,-4.907622832983610239e-01,3.811568527868490541e+00,2.570460743890302435e+00,6.687544907202922495e-01,-2.466084837530913489e+02,-1.663088101297025787e+02,-4.326841554960291347e+01
2.359205464999995456e+02,-2.454985106192785427e+00,7.741742200469097224e-01,0.000000000000000000e+00,-6.807901844158107031e-09,-5.987471121241589866e-01,-4.907622832983610239e-01,3.801442196644039040e+00,2.534289092256288178e+00,6.946385887959327654e-01,-2.459533101228693397e+02,-1.639685042689818602e+02,-4.494311669509685458e+01
2.360302446999994572e+02,-2.454985106192785427e+00,7.741742200469097224e-01,0.000000000000000000e+00,-3.597459782734176399e-09,-5.987471121241589866e-01,-4.907622832983610239e-01,3.791066926922040281e+00,2.497984475829516882e+00,7.218571847786563467e-01,-2.452820301718560074e+02,-1.616195955861697371e+02,-4.670415985517906421e+01
2.361404208999992989e+02,-2.454985106192785427e+00,7.741742200469097224e-01,0.000000000000000000e+00,-1.879191385512235180e-09,-5.987471121241589866e-01,-4.907622832983610239e-01,3.780444357077856754e+00,2.461562502130308694e+00,7.503865436479990603e-01,-2.445947499029373375e+02,-1.592630938878309905e+02,-4.855000937402554229e+01
2.362458358000003500e+02,-2.454985106192785427e+00,7.741742200469097224e-01,0.000000000000000000e+00,-9.797167255303427079e-10,-5.987471121241589866e-01,-4.907622832983610239e-01,3.769576164538404051e+00,2.425038829131448193e+00,7.802017873788227309e-01,-2.438915778456347425e+02,-1.569000122448047136e+02,-5.047905564340983631e+01
2.363493416999990586e+02,-2.454985106192785427e+00,7.741742200469097224e-01,0.000000000000000000e+00,-5.216177089995844385e-10,-5.987471121241589866e-01,-4.907622832983610239e-01,3.758464065517279629e+00,2.388429158526699680e+00,8.112769166352113981e-01,-2.431726250389679933e+02,-1.545313665566774830e+02,-5.248961650629817655e+01
2.364557759999988775e+02,-2.454985106192785427e+00,7.741742200469097224e-01,0.000000000000000000e+00,-2.800688384333250876e-10,-5.987471121241589866e-01,-4.907622832983610239e-01,3.747109814743730283e+00,2.351749228980592132e+00,8.435848334423801109e-01,-2.424380050139193656e+02,-1.521581751150443154e+02,-5.457993872372199462e+01
2.365639419999988604e+02,-2.454985106192785427e+00,7.741742200469097224e-01,0.000000000000000000e+00,-1.483318560227604224e-10,-5.987471121241589866e-01,-4.907622832983610239e-01,3.735515205185576448e+00,2.315014809362305748e+00,8.770973648164703818e-01,-2.416878337755068173e+02,-1.497814581657411850e+02,-5.674819950362563503e+01
2.366722152999991522e+02,-2.454985106192785427e+00,7.741742200469097224e-01,0.000000000000000000e+00,-7.802432859034274733e-11,-5.987471121241589866e-01,-4.907622832983610239e-01,3.723682067766075576e+00,2.278241691966514271e+00,9.117852873317595641e-01,-2.409222297844650882e+02,-1.474022374702334730e+02,-5.899250809036484355e+01
2.367844148000003770e+02,-2.454985106192785427e+00,7.741742200469097224e-01,0.000000000000000000e+00,-4.085907982660130162e-11,-5.987471121241589866e-01,-4.907622832983610239e-01,3.711612271074797853e+00,2.241445685724280157e+00,9.476183526040380389e-01,-2.401413139385394402e+02,-1.450215358663609209e+02,-6.131090741348126727e+01
2.368892013000004226e+02,-2.454985106192785427e+00,7.741742200469097224e-01,0.000000000000000000e+00,-2.118952885237252628e-11,-5.987471121241589866e-01,-4.907622832983610239e-01,3.699307721072564448e+00,2.204642609406673337e+00,9.845653136675152073e-01,-2.393452095533949375e+02,-1.426403768286117781e+02,-6.370137579428823926e+01
2.369965242999987822e+02,-2.454985106192785427e+00,7.741742200469097224e-01,0.000000000000000000e+00,-1.132816896531391536e-11,-5.987471121241589866e-01,-4.907622832983610239e-01,3.686770360790456280e+00,2.167848284824233307e+00,1.022593952222758951e+00,-2.385340423431425450e+02,-1.402597840281279105e+02,-6.616182870881250722e+01
2.371054079999994428e+02,-2.454985106192785427e+00,7.741742200469097224e-01,0.000000000000000000e+00,-5.973428429593372537e-12,-5.987471121241589866e-01,-4.907622832983610239e-01,3.674002170022999891e+00,2.131078530025051432e+00,1.061671106731462588e+00,-2.377079404004880985e+02,-1.378807808926208338e+02,-6.869012060552563526e+01
2.372150321999997686e+02,-2.454985106192785427e+00,7.741742200469097224e-01,0.000000000000000000e+00,-3.129340424092109416e-12,-5.987471121241589866e-01,-4.907622832983610239e-01,3.661005165015530860e+00,2.094349152494606958e+00,1.101762701333836247e+00,-2.368670341765048590e+02,-1.355043901664010662e+02,-7.128404677629920627e+01
2.373227245999987645e+02,-2.454985106192785427e+00,7.741742200469097224e-01,0.000000000000000000e+00,-1.637524352799033346e-12,-5.987471121241589866e-01,-4.907622832983610239e-01,3.647781398145802267e+00,2.057675942359945331e+00,1.142833775563185217e+00,-2.360114564600334290e+02,-1.331316334706884561e+02,-7.394134527893808695e+01
2.374304534000002604e+02,-2.454985106192785427e+00,7.741742200469097224e-01,0.000000000000000000e+00,-8.620969146409260542e-13,-5.987471121241589866e-01,-4.907622832983610239e-01,3.634332957599904823e+00,2.021074665601577891e+00,1.184848514832093302e+00,-2.351413423567138636e+02,-1.307635308644221084e+02,-7.665969890963644673e+01
2.375397525999997015e+02,-2.454985106192785427e+00,7.741742200469097224e-01,0.000000000000000000e+00,-4.535645347387606819e-13,-5.987471121241589866e-01,-4.907622832983610239e-01,3.620661967042496432e+00,1.984561057275443297e+00,1.227770281663117968e+00,-2.342568292676495219e+02,-1.284011004057211949e+02,-7.943673722360374256e+01
2.376473592999991524e+02,-2.454985106192785427e+00,7.741742200469097224e-01,0.000000000000000000e+00,-2.374987036663739149e-13,-5.987471121241589866e-01,-4.907622832983610239e-01,3.606770585281465102e+00,1.948150814748482507e+00,1.271561647637355019e+00,-2.333580568677108147e+02,-1.260453577142268244e+02,-8.227003860213687858e+01
2.377549340999994456e+02,-2.454985106192785427e+00,7.741742200469097224e-01,0.000000000000000000e+00,-1.254151680136892952e-13,-5.987471121241589866e-01,-4.907622832983610239e-01,3.592661005927025641e+00,1.911859590950157894e+00,1.316184426032496857e+00,-2.324451670834785659e+02,-1.236973155344752229e+02,-8.515713236430255506e+01
2.378598043000001780e+02,-2.454985106192785427e+00,7.741742200469097224e-01,0.000000000000000000e+00,-6.590049021641181139e-14,-5.987471121241589866e-01,-4.907622832983610239e-01,3.578335457045316303e+00,1.875702987643274255e+00,1.361599705122263249e+00,-2.315183040708319879e+02,-1.213579833005198481e+02,-8.809550092141043365e+01
2.379702397999990353e+02,-2.454985106192785427e+00,7.741742200469097224e-01,0.000000000000000000e+00,-3.530834216321468250e-14,-5.987471121241589866e-01,-4.907622832983610239e-01,3.563796200806581105e+00,1.839696548716660551e+00,1.407767882107918034e+00,-2.305776141921858198e+02,-1.190283667019679399e+02,-9.108258197238230025e+01
2.380781217999992805e+02,-2.454985106192785427e+00,7.741742200469097224e-01,0.000000000000000000e+00,-1.839788248365062604e-14,-5.987471121241589866e-01,-4.907622832983610239e-01,3.549045533127921814e+00,1.803855753502792147e+00,1.454648697652652922e+00,-2.296232459933765426e+02,-1.167094672516306559e+02,-9.411577073812664196e+01
2.381869566999994277e+02,-2.454985106192785427e+00,7.741742200469097224e-01,0.000000000000000000e+00,-9.669207160929963380e-15,-5.987471121241589866e-01,-4.907622832983610239e-01,3.534085783310757733e+00,1.768196010123169515e+00,1.502201270988149151e+00,-2.286553501802060282e+02,-1.144022818549690754e+02,-9.719242223293325367e+01
2.382944594000000507e+02,-2.454985106192785427e+00,7.741742200469097224e-01,0.000000000000000000e+00,-5.064566555620191405e-15,-5.987471121241589866e-01,-4.907622832983610239e-01,3.518919313673005256e+00,1.732732648864245384e+00,1.550384135563372734e+00,-2.276740795946434446e+02,-1.121078023815166773e+02,-1.003098535709502244e+02
2.383985526999986178e+02,-2.454985106192785427e+00,7.741742200469097224e-01,0.000000000000000000e+00,-2.680125712410730538e-15,-5.987471121241589866e-01,-4.907622832983610239e-01,3.503548519176031384e+00,1.697480915586939698e+00,1.599155275203957949e+00,-2.266795891906892280e+02,-1.098270152384749991e+02,-1.034653463056960874e+02
2.385026825999993889e+02,-2.454985106192785427e+00,7.741742200469097224e-01,0.000000000000000000e+00,-1.434601927745097830e-15,-5.987471121241589866e-01,-4.907622832983610239e-01,3.487975827046478905e+00,1.662455965172323635e+00,1.648472160750863669e+00,-2.256720360099072025e+02,-1.075609009466493404e+02,-1.066561488005808798e+02
2.386096254000003682e+02,-2.454985106192785427e+00,7.741742200469097224e-01,0.000000000000000000e+00,-7.678117818639848603e-16,-5.987471121241589866e-01,-4.907622832983610239e-01,3.472203696392955674e+00,1.627672855006493613e+00,1.698291787146573473e+00,-2.246515791566242513e+02,-1.053104337189201374e+02,-1.098794786283833105e+02
2.387215225999989343e+02,-2.454985106192785427e+00,7.741742200469097224e-01,0.000000000000000000e+00,-4.055461726616593443e-16,-5.987471121241589866e-01,-4.907622832983610239e-01,3.456234617817728338e+00,1.593146538507282051e+00,1.748570710936075523e+00,-2.236183797728070317e+02,-1.030765810414211501e+02,-1.131325249975640901e+02
2.388251452999993489e+02,-2.454985106192785427e+00,7.741742200469097224e-01,0.000000000000000000e+00,-2.101382571267896020e-16,-5.987471121241589866e-01,-4.907622832983610239e-01,3.440071113023423166e+00,1.558891858695800048e+00,1.799265088150128866e+00,-2.225726010126154790e+02,-1.008603032576182699e+02,-1.164124512033133385e+02
2.389290782999996736e+02,-2.454985106192785427e+00,7.741742200469097224e-01,0.000000000000000000e+00,-1.125933680382483563e-16,-5.987471121241589866e-01,-4.907622832983610239e-01,3.423715734414810363e+00,1.524923541815247585e+00,1.850330712538025058e+00,-2.215144080166382423e+02,-9.866255315544651694e+01,-1.197163971012102195e+02
2.390326734999998735e+02,-2.454985106192785427e+00,7.741742200469097224e-01,0.000000000000000000e+00,-6.043694190682318913e-17,-5.987471121241589866e-01,-4.907622832983610239e-01,3.407171064695790008e+00,1.491256191000174702e+00,1.901723054115902478e+00,-2.204439678858176137e+02,-9.648427555771131381e+01,-1.230414816012988979e+02
2.391365798999995604e+02,-2.454985106192785427e+00,7.741742200469097224e-01,0.000000000000000000e+00,-3.243936445909019396e-17,-5.987471121241589866e-01,-4.907622832983610239e-01,3.390439716461491670e+00,1.457904279998365027e+00,1.953397297997724325e+00,-2.193614496550585216e+02,-9.432640691589422488e+01,-1.263848051804527728e+02
2.392405037999997148e+02,-2.454985106192785427e+00,7.741742200469097224e-01,0.000000000000000000e+00,-1.738046559150481276e-17,-5.987471121241589866e-01,-4.907622832983610239e-01,3.373524331785758612e+00,1.424882146948643236e+00,2.005308383474428968e+00,-2.182670242665385842e+02,-9.218987490757722014e+01,-1.297434524107955554e+02
2.393438162999991619e+02,-2.454985106192785427e+00,7.741742200469097224e-01,0.000000000000000000e+00,-9.323763071955824970e-18,-5.987471121241589866e-01,-4.907622832983610239e-01,3.356427581803920646e+00,1.392203988216742294e+00,2.057411043307586951e+00,-2.171608645427136821e+02,-9.007559803762323725e+01,-1.331144945020008947e+02
2.394517610999992030e+02,-2.457119813976930800e+00,7.707094662608520164e-01,0.000000000000000000e+00,-1.549156836389956396e-02,-5.971090546390881437e-01,-4.872923745064167145e-01,3.339152166290985768e+00,1.359883852292298911e+00,2.109659843203031571e+00,-2.160431451590267784e+02,-8.798448524331173815e+01,-1.364949918552361510e+02
2.395595219999995606e+02,-2.464918276936113539e+00,7.575207991684173026e-01,0.000000000000000000e+00,-6.588501843554107895e-02,-5.906083206782379857e-01,-4.743622800332981115e-01,3.321700813235336724e+00,1.327935633749299349e+00,2.162009221430287731e+00,-2.149140426163262987e+02,-8.591743550357966797e+01,-1.398819966265396317e+02
2.396682206999994378e+02,-2.468254835554761328e+00,7.512767353737799247e-01,0.000000000000000000e+00,-6.190307066633264632e-02,-5.873065048520925702e-01,-4.684952534149130488e-01,3.304076278407919176e+00,1.296373067272760249e+00,2.214413528553131005e+00,-2.137737352129923920e+02,-8.387533745254759765e+01,-1.432725552973875836e+02
2.397788032999997085e+02,-2.468288423863918002e+00,7.510715386928877857e-01,0.000000000000000000e+00,-3.339352271032165753e-02,-5.871618247962366866e-01,-4.683475715069477241e-01,3.286281344927091119e+00,1.265209721754081862e+00,2.266827067236496962e+00,-2.126224030167828118e+02,-8.185906899748910348e+01,-1.466637112502013736e+02
2.398881908000003023e+02,-2.468017264533566735e+00,7.508428514175060631e-01,0.000000000000000000e+00,-1.841122476908402250e-02,-5.868560652478672646e-01,-4.683641171210301546e-01,3.268318822819136216e+00,1.234458994457784398e+00,2.319204132095263216e+00,-2.114602278363981327e+02,-7.986949694141866019e+01,-1.500525073465635444e+02
2.399963865999998234e+02,-2.467746036395237486e+00,7.506135256195148875e-01,0.000000000000000000e+00,-1.059474145263095829e-02,-5.865498087248777193e-01,-4.683801732863674405e-01,3.250191548574517419e+00,1.204134105261920329e+00,2.371499049550050753e+00,-2.102873931927712761e+02,-7.790747661044625261e+01,-1.534359885058883037e+02
2.401068025000004127e+02,-2.467336777762918043e+00,7.505125840036006579e-01,0.000000000000000000e+00,-6.021756952170590274e-03,-5.862792182423675058e-01,-4.685571651409037308e-01,3.231902384699986364e+00,1.174248090974797654e+00,2.423666217655187083e+00,-2.091040842900891334e+02,-7.597385148606940675e+01,-1.568112042822906176e+02
2.402140524999995250e+02,-2.467282433504773831e+00,7.502883637331461131e-01,0.000000000000000000e+00,-4.117448579078379113e-03,-5.860786070547685522e-01,-4.684490314923320797e-01,3.213454219266528078e+00,1.144813799730408643e+00,2.475660145864333472e+00,-2.079104879865443820e+02,-7.406945284255743900e+01,-1.601752114374223765e+02
2.403216178999991826e+02,-2.467825610712782058e+00,7.477682063033120885e-01,0.000000000000000000e+00,-1.326409857195510154e-02,-5.843635267833632296e-01,-4.665582052899533427e-01,3.194849965453323559e+00,1.115843885464916196e+00,2.527435494698965002e+00,-2.067067927648300554e+02,-7.219509938958007922e+01,-1.635250765070230443e+02
2.404338857000002463e+02,-2.477525312770451293e+00,7.318191030678944387e-01,0.000000000000000000e+00,-7.679188754166435538e-02,-5.763016515409244978e-01,-4.510383642732626042e-01,3.176092561087715982e+00,1.087350802476740208e+00,2.578947115284998315e+00,-2.054931887023752211e+02,-7.035159692024510036e+01,-1.668578783589393879e+02
2.405413699999990058e+02,-2.490229509622769566e+00,7.122629426149257315e-01,0.000000000000000000e+00,-1.233813952601584968e-01,-5.664328765673454225e-01,-4.318243806990469391e-01,3.157184968181292462e+00,1.059346800072308525e+00,2.630150088723327784e+00,-2.042698674413296374e+02,-6.853973796467836621e+01,-1.701707107403993291e+02
2.406484581999993679e+02,-2.492434963503376899e+00,7.083319160136783976e-01,0.000000000000000000e+00,-8.247157695376026998e-02,-5.642524376425733790e-01,-4.281977228547841352e-01,3.138130172462167966e+00,1.031843917300141245e+00,2.680999765259677758e+00,-2.030370221583022783e+02,-6.676030144931914379e+01,-1.734606848123011673e+02
2.407560572000002139e+02,-2.492481241505655198e+00,7.081265067233321053e-01,0.000000000000000000e+00,-4.439320769313665621e-02,-5.641086197688273129e-01,-4.280474443641708038e-01,3.118931182903470489e+00,1.004853977775073126e+00,2.731451803220020569e+00,-2.017948475338545506e+02,-6.501405236204723792e+01,-1.767249316683353300e+02
2.408718751999986125e+02,-2.492326437449988052e+00,7.078215293169881628e-01,0.000000000000000000e+00,-2.478046676954609798e-02,-5.637994265895630575e-01,-4.279503755599704529e-01,3.099591031248213557e+00,9.783885845953426141e-01,2.781462207676984821e+00,-2.005435397217594300e+02,-6.330174142331866705e+01,-1.799606048367009237e+02
2.409869417999998404e+02,-2.492143069883221429e+00,7.076105698583210479e-01,0.000000000000000000e+00,-1.346148258806033858e-02,-5.635529332391495672e-01,-4.279261735542341238e-01,3.080112771530541860e+00,9.524591153542829591e-01,2.830987368814252392e+00,-1.992832963180260606e+02,-6.162410476342211041e+01,-1.831648827622821329e+02
2.410952134999988630e+02,-2.491959482672132520e+00,7.073567841465516759e-01,0.000000000000000000e+00,-7.942111724102798517e-03,-5.632722709494979441e-01,-4.278761139132991609e-01,3.060499479593458361e+00,9.270767172491067853e-01,2.879984099954894905e+00,-1.980143163296967543e+02,-5.998186360601721390e+01,-1.863349712670816984e+02
2.412026998000001186e+02,-2.491790448712794426e+00,7.072027579587172319e-01,0.000000000000000000e+00,-4.869653861398611991e-03,-5.630773011214857959e-01,-4.278781296422610181e-01,3.040754252603135033e+00,9.022523022886383970e-01,2.928409675220728481e+00,-1.967368001434228404e+02,-5.837572395807490722e+01,-1.894681059867811541e+02
2.413150203999994119e+02,-2.491633494947944616e+00,7.068965381879857013e-01,0.000000000000000000e+00,-3.915579638556004709e-03,-5.627663529360642514e-01,-4.277811913878397099e-01,3.020880208559802771e+00,8.779965426022096064e-01,2.976221866790055515e+00,-1.954509494938192518e+02,-5.680637630636296365e+01,-1.925615547813166017e+02
2.414235527000000729e+02,-2.498134913229181020e+00,6.974510769222024287e-01,0.000000000000000000e+00,-4.262800686658517468e-02,-5.579790094290869584e-01,-4.184464478717375147e-01,3.000880485805402564e+00,8.543198658516284461e-01,3.023378981720882930e+00,-1.941569674316095586e+02,-5.527449532060036574e+01,-1.956126201173411232e+02
2.415317558999995526e+02,-2.510788178597911369e+00,6.796115923909362699e-01,0.000000000000000000e+00,-1.000746412618028769e-01,-5.488225805307490601e-01,-4.008312507922923706e-01,2.980758242528001922e+00,8.312324507483301872e-01,3.069839898307717974e+00,-1.928550582915617326e+02,-5.378073956341696515e+01,-1.986186414205093627e+02
2.416413579000000027e+02,-2.528898408872238601e+00,6.557115718120416492e-01,0.000000000000000000e+00,-1.565186289984572821e-01,-5.364386858362948374e-01,-3.770824866610053006e-01,2.960516656263072477e+00,8.087442226774699261e-01,3.115564101940466735e+00,-1.915454276602208097e+02,-5.232575120723230810e+01,-2.015769973955482044e+02
2.417448451999989629e+02,-2.529311183284938647e+00,6.550631045055547164e-01,0.000000000000000000e+00,-8.463705457157874590e-02,-5.360636241079311803e-01,-3.764883288931091809e-01,2.940158923391745560e+00,7.868648494309609109e-01,3.160511720433597738e+00,-1.902282823434459544e+02,-5.091015575818317274e+01,-2.044851083120537965e+02
2.418484957000000577e+02,-2.529201259554179071e+00,6.549840898776572162e-01,0.000000000000000000e+00,-4.580108975234131047e-02,-5.359575801158052988e-01,-3.765018330755816045e-01,2.919688258636030209e+00,7.656037370512565055e-01,3.204643558795436498e+00,-1.889038303337511593e+02,-4.953456178721629755e+01,-2.073404382540647646e+02
2.419579513999997289e+02,-2.529201259554179071e+00,6.549840898776572162e-01,0.000000000000000000e+00,-2.454555745486337523e-02,-5.359575801158052988e-01,-3.765018330755816045e-01,2.899107894551193887e+00,7.449700257876177290e-01,3.247921133406688643e+00,-1.875722807774622538e+02,-4.819956066845887221e+01,-2.101404973314127744e+02
2.420653462999998737e+02,-2.528993530454460181e+00,6.548752227760605837e-01,0.000000000000000000e+00,-1.330040086078788063e-02,-5.357902878610795172e-01,-3.765505608012509331e-01,2.878421081015301475e+00,7.249725861667306592e-01,3.290306705578776469e+00,-1.862338439416900258e+02,-4.690572632498747652e+01,-2.128828438509468413e+02
2.421726999000002252e+02,-2.528993530454460181e+00,6.548752227760605837e-01,0.000000000000000000e+00,-7.001783309606264376e-03,-5.357902878610795172e-01,-3.765505608012509331e-01,2.857631084716013792e+00,7.056200151791631736e-01,3.331763314462450332e+00,-1.848887311811261043e+02,-4.565361498209185953e+01,-2.155650864457205387e+02
2.422799931999998080e+02,-2.528923920029931161e+00,6.547448730395237781e-01,0.000000000000000000e+00,-4.288731036242264018e-03,-5.356574334783109625e-01,-3.765128984921645161e-01,2.836741188634762878e+00,6.869206325835606197e-01,3.372254809278342425e+00,-1.835371549046691655e+02,-4.444376492815637647e+01,-2.181848861603087641e+02
2.423882346999998845e+02,-2.547654700609084610e+00,6.532834256900348358e-01,0.000000000000000000e+00,-8.165020126307622611e-03,-5.414042740145306176e-01,-3.655962887668668948e-01,2.815754691528297826e+00,6.688824773298496229e-01,3.411745880840826306e+00,-1.821793285418808637e+02,-4.327669628324127160e+01,-2.207399584904014773e+02
2.424977689999996073e+02,-2.627591833222221673e+00,6.380068308697534052e-01,0.000000000000000000e+00,-5.967101194538493997e-02,-5.555664072644812546e-01,-3.136856441657837613e-01,2.794674907407794340e+00,6.515133041033369654e-01,3.450202092348285454e+00,-1.808154665092843061e+02,-4.215291077548590692e+01,-2.232280753749340647e+02
2.426065015000003768e+02,-2.812413881818372374e+00,5.743767126113278332e-01,0.000000000000000000e+00,-2.360565147896891147e-01,-5.435373572883771542e-01,-1.856764638347113416e-01,2.773505165015530682e+00,6.348205799908763769e-01,3.487589909412442069e+00,-1.794457841765048443e+02,-4.107289152540970179e+01,-2.256470671389850224e+02
2.427138655999988259e+02,-3.087107572438341663e+00,5.344621844955474987e-01,0.000000000000000000e+00,-1.070778072032206596e-01,-5.336690720768721974e-01,-2.910580980427803291e-02,2.752248807299231270e+00,6.188114812707781187e-01,3.523876729300874366e+00,-1.780704978322602585e+02,-4.003710283821934723e+01,-2.279948243857665773e+02
2.428276112999992620e+02,2.913220127960834738e+00,5.714053553691487153e-01,0.000000000000000000e+00,3.557917814903914233e-01,-5.565694626945349999e-01,1.293619470341247357e-01,2.730909190884203142e+00,6.034928903276686185e-01,3.559030909367019824e+00,-1.766898246502079530e+02,-3.904599000420016353e+01,-2.302692998360462013e+02
2.429342715999991924e+02,2.768715522938216544e+00,6.330375541997456112e-01,0.000000000000000000e+00,5.581779262674306796e-01,-5.895371590232592052e-01,2.306132761962768896e-01,2.709489685543249315e+00,5.888713926937336751e-01,3.593021794643150635e+00,-1.753039826546482516e+02,-3.809997910728456816e+01,-2.324685101134118668e+02
2.430431790000002366e+02,2.666485264178891867e+00,6.898933178765355168e-01,0.000000000000000000e+00,6.030439823978316349e-01,-6.134832198045168106e-01,3.155806221379528487e-01,2.687993673664565097e+00,5.749532742175480493e-01,3.625819744571829872e+00,-1.739131906860973800e+02,-3.719947684187535941e+01,-2.345905374737974114e+02
2.431656984999990527e+02,2.475002723453085807e+00,7.587821482431638120e-01,0.000000000000000000e+00,7.482553904933064715e-01,-5.963532276447887082e-01,4.691622068860123451e-01,2.666424549717616888e+00,5.617445183617910676e-01,3.657396158853028822e+00,-1.725176683667298221e+02,-3.634487033800788680e+01,-2.366335314777909673e+02
2.432913787999987107e+02,2.407257813827124338e+00,7.959085609906716430e-01,0.000000000000000000e+00,5.540578245769292032e-01,-5.907843301500961264e-01,5.333332098297872692e-01,2.644785719717106076e+00,5.492508036309071695e-01,3.687723502383967400e+00,-1.711176360656967574e+02,-3.553652699491969713e+01,-2.385957106042426972e+02
2.434036427999999432e+02,2.405032026824813762e+00,8.035708243058525824e-01,0.000000000000000000e+00,3.021802080494759846e-01,-5.952718584067229202e-01,5.397939275914409585e-01,2.623080600685147701e+00,5.374775011298973393e-01,3.716775329270089578e+00,-1.697133148643290497e+02,-3.477479432310435925e+01,-2.404753638037747976e+02
2.435130566999996518e+02,2.405129788092295939e+00,8.035875054955192720e-01,0.000000000000000000e+00,1.582875545539840223e-01,-5.953369847429634820e-01,5.397469347626420166e-01,2.601312620111644325e+00,5.264296722552588292e-01,3.744526305886363371e+00,-1.683049265212233934e+02,-3.405999979491524954e+01,-2.422708519908477172e+02
2.436338446999998268e+02,2.406497140186580452e+00,8.038932166167678250e-01,0.000000000000000000e+00,8.386173967264910767e-02,-5.963012184078380074e-01,5.391374227854912604e-01,2.579485215413071408e+00,5.161120665190552792e-01,3.770952232968535434e+00,-1.668926934372257165e+02,-3.339245070378287750e+01,-2.439806094730642485e+02
2.437573608000002423e+02,2.407608987003294843e+00,8.042344730312800394e-01,0.000000000000000000e+00,4.313295086105282256e-02,-5.971536748891240753e-01,5.387026788297186730e-01,2.557601833389661294e+00,5.065291195071024433e-01,3.796030066715209816e+00,-1.654768386203110992e+02,-3.277243403210952977e+01,-2.456031453164740981e+02
2.438766357000004064e+02,2.408290779283557725e+00,8.043902773531820261e-01,0.000000000000000000e+00,2.186851841575118693e-02,-5.976365770893694584e-01,5.383997028465294932e-01,2.535665929681110153e+00,4.976849509720608911e-01,3.819737938882476147e+00,-1.640575856503678267e+02,-3.220021632789234189e+01,-2.471370446456962213e+02
2.439912074000003486e+02,2.409218730911380391e+00,8.046586665687723849e-01,0.000000000000000000e+00,1.209484403978408965e-02,-5.983354999116919926e-01,5.380243481754896084e-01,2.513680968220914913e+00,4.895833630623722676e-01,3.842055175853245519e+00,-1.626351586438931918e+02,-3.167604359013548887e+01,-2.485809698777050016e+02
2.441091903999986243e+02,2.410143795338549388e+00,8.049279782198780486e-01,0.000000000000000000e+00,7.347175602310397798e-03,-5.990333747444167578e-01,5.376505054991165267e-01,2.491650420689341949e+00,4.822278386876568401e-01,3.862962316665032869e+00,-1.612097822186004237e+02,-3.120014116309139851e+01,-2.499336618882276468e+02
2.442179669999986800e+02,2.410620393262169259e+00,8.050696347379819873e-01,0.000000000000000000e+00,4.294027796887901760e-03,-5.993950167307557919e-01,5.374595154013785958e-01,2.469577765965231819e+00,4.756215400214289790e-01,3.882441129980161776e+00,-1.597816814579504978e+02,-3.077271363938645621e+01,-2.511939411097164907e+02
2.443457287000001088e+02,2.411301132739313680e+00,8.052265686486358431e-01,0.000000000000000000e+00,2.944222727309840203e-03,-5.998776603494631043e-01,5.371560475981913552e-01,2.447466489576634707e+00,4.697673071416403889e-01,3.900474629983778030e+00,-1.583510818756082585e+02,-3.039394477206413470e+01,-2.523607085599504387e+02
2.444602463999999600e+02,2.411983221543879452e+00,8.053802000196371713e-01,0.000000000000000000e+00,2.025342757867469156e-03,-6.003584310731879814e-01,5.368491602144972452e-01,2.425320083150419581e+00,4.646676568097352078e-01,3.917047091195703601e+00,-1.569182093798321489e+02,-3.006399739558986894e+01,-2.534329468003620320e+02
2.445681680999987293e+02,2.411617904938168522e+00,8.061581682230753998e-01,0.000000000000000000e+00,4.401031126893482394e-03,-6.007420061951184165e-01,5.375872340238825320e-01,2.403142043860897470e+00,4.603247813886728323e-01,3.932144062183345223e+00,-1.554832902378000767e+02,-2.978301335584713527e+01,-2.544097208232624610e+02
2.446793797999998787e+02,2.411617904938168522e+00,8.061581682230753998e-01,0.000000000000000000e+00,2.317108606682459059e-03,-6.007420061951184165e-01,5.375872340238825320e-01,2.380935873877561448e+00,4.567405479004242874e-01,3.945752378163494001e+00,-1.540465510398782385e+02,-2.955111344915745164e+01,-2.552901788671780707e+02
2.447881231999999727e+02,2.411617904938168522e+00,8.061581682230753998e-01,0.000000000000000000e+00,1.202801876197346536e-03,-6.007420061951184165e-01,5.375872340238825320e-01,2.358705079812074334e+00,4.539164972233269424e-01,3.957860172482267735e+00,-1.526082186638412281e+02,-2.936839737034925335e+01,-2.560735531596027386e+02
2.448999020999999630e+02,2.411617904938168522e+00,8.061581682230753998e-01,0.000000000000000000e+00,6.260609574947991656e-04,-6.007420061951184165e-01,5.375872340238825320e-01,2.336453172164526304e+00,4.518538434296612838e-01,3.968456886962977048e+00,-1.511685202390448524e+02,-2.923494366989908499e+01,-2.567591605865046063e+02
2.450047704999997222e+02,2.411617904938168522e+00,8.061581682230753998e-01,0.000000000000000000e+00,3.273654004270020292e-04,-6.007420061951184165e-01,5.375872340238825320e-01,2.314183664769080995e+00,4.505534732637097584e-01,3.977533281113025510e+00,-1.497276831105595534e+02,-2.915080972016202310e+01,-2.573464032880127661e+02
2.451152065999995102e+02,2.411617904938168522e+00,8.061581682230753998e-01,0.000000000000000000e+00,1.748184147067520988e-04,-6.007420061951184165e-01,5.375872340238825320e-01,2.291900074239125562e+00,4.500159457605432678e-01,3.985081440181738710e+00,-1.482859348032714308e+02,-2.911603169070714969e+01,-2.578347691797584957e+02
2.452227889999994659e+02,2.411617904938168522e+00,8.061581682230753998e-01,0.000000000000000000e+00,9.091043329514863027e-05,-6.007420061951184165e-01,5.375872340238825320e-01,2.269605919411917139e+00,4.502414920056891923e-01,3.991094782062175828e+00,-1.468435029859510337e+02,-2.913062453276809194e+01,-2.582238323994228040e+02
2.453308201999989251e+02,2.411617904938168522e+00,8.061581682230753998e-01,0.000000000000000000e+00,4.792092810206520737e-05,-6.007420061951184165e-01,5.375872340238825320e-01,2.247304720792945076e+00,4.512300150357873019e-01,3.995568063030792150e+00,-1.454006154353035640e+02,-2.919458197281543832e+01,-2.585132536780922692e+02
2.454431266999999934e+02,2.411617904938168522e+00,8.061581682230753998e-01,0.000000000000000000e+00,2.520102658645447159e-05,-6.007420061951184165e-01,5.375872340238825320e-01,2.224999999999995648e+00,4.529810898802730801e-01,3.998497382320069349e+00,-1.439574999999997260e+02,-2.930787651525367110e+01,-2.587027806361085140e+02
2.455514760999994905e+02,2.411617904938168522e+00,8.061581682230753998e-01,0.000000000000000000e+00,1.294885918676085474e-05,-6.007420061951184165e-01,5.375872340238825320e-01,2.202695279207040002e+00,4.554939637440791333e-01,3.999880185520026998e+00,-1.425143845646954901e+02,-2.947045945424192226e+01,-2.587922480031457440e+02
2.456581208999996306e+02,2.411617904938168522e+00,8.061581682230753998e-01,0.000000000000000000e+00,6.851338873127815399e-06,-6.007420061951184165e-01,5.375872340238825320e-01,2.180394080588068384e+00,4.587675563312558769e-01,3.999715266805712321e+00,-1.410714970140480204e+02,-2.968226089463225748e+01,-2.587815777623296185e+02
2.457656037999986438e+02,2.411617904938168522e+00,8.061581682230753998e-01,0.000000000000000000e+00,3.619786521785812128e-06,-6.007420061951184165e-01,5.375872340238825320e-01,2.158099925760859961e+00,4.628004603094078018e-01,3.998002769988697302e+00,-1.396290651967276517e+02,-2.994318978201868475e+01,-2.586707792182687058e+02
2.458737732999998116e+02,2.411617904938168522e+00,8.061581682230753998e-01,0.000000000000000000e+00,1.911722767189236425e-06,-6.007420061951184165e-01,5.375872340238825320e-01,2.135816335230904084e+00,4.675909419147006307e-01,3.994744188391669226e+00,-1.381873168894395008e+02,-3.025313394188113136e+01,-2.584599489889409938e+02
2.459814413999993121e+02,2.411617904938168522e+00,8.061581682230753998e-01,0.000000000000000000e+00,1.004271891679626265e-06,-6.007420061951184165e-01,5.375872340238825320e-01,2.113546827835464992e+00,4.731369416972250885e-01,3.989942363546238546e+00,-1.367464797609545997e+02,-3.061196012781046605e+01,-2.581492709214416550e+02
2.460867672000003950e+02,2.411617904938168522e+00,8.061581682230753998e-01,0.000000000000000000e+00,5.294533099766808744e-07,-6.007420061951184165e-01,5.375872340238825320e-01,2.091294920187910744e+00,4.794360754063540231e-01,3.983601482715069864e+00,-1.353067813361578260e+02,-3.101951407879110789e+01,-2.577390159316650511e+02
2.461968168999992486e+02,2.411617904938168522e+00,8.061581682230753998e-01,0.000000000000000000e+00,2.822609397836619184e-07,-6.007420061951184165e-01,5.375872340238825320e-01,2.069064126122423630e+00,4.864856350157480414e-01,3.975727075240542696e+00,-1.338684489601208156e+02,-3.147562058551890019e+01,-2.572295417680631431e+02
2.462998938000000635e+02,2.411617904938168522e+00,8.061581682230753998e-01,0.000000000000000000e+00,1.474481949906203580e-07,-6.007420061951184165e-01,5.375872340238825320e-01,2.046857956139088053e+00,4.942825898875446988e-01,3.966326007723064873e+00,-1.324317097621990058e+02,-3.198008356572414357e+01,-2.566212926996823285e+02
2.464052156999987346e+02,2.411617904938168522e+00,8.061581682230753998e-01,0.000000000000000000e+00,7.930733379450871243e-08,-6.007420061951184165e-01,5.375872340238825320e-01,2.024679916849565497e+00,5.028235880752545128e-01,3.955406478033305362e+00,-1.309967906201669052e+02,-3.253268614846896867e+01,-2.559147991287548791e+02
2.465137629000000743e+02,2.411617904938168522e+00,8.061581682230753998e-01,0.000000000000000000e+00,4.220458218527925119e-08,-6.007420061951184165e-01,5.375872340238825320e-01,2.002533510423357033e+00,5.121049577647616147e-01,3.942978008163521064e+00,-1.295639181243911935e+02,-3.313319076738007851e+01,-2.551106771281798160e+02
2.466219999999993888e+02,2.411617904938168522e+00,8.061581682230753998e-01,0.000000000000000000e+00,2.208481699470154765e-08,-6.007420061951184165e-01,5.375872340238825320e-01,1.980422234034759699e+00,5.221227088528634930e-01,3.929051435924254765e+00,-1.281333185420489542e+02,-3.378133926278027133e+01,-2.542096279042992819e+02
2.467311506999994890e+02,2.411617904938168522e+00,8.061581682230753998e-01,0.000000000000000000e+00,1.165075254131693219e-08,-6.007420061951184165e-01,5.375872340238825320e-01,1.958349579310649791e+00,5.328725346626292936e-01,3.913638905493595388e+00,-1.267052177813990426e+02,-3.447685299267211434e+01,-2.532124371854356468e+02
2.468380403999999544e+02,2.411617904938168522e+00,8.061581682230753998e-01,0.000000000000000000e+00,6.102527649307356275e-09,-6.007420061951184165e-01,5.375872340238825320e-01,1.936319031779076605e+00,5.443498137948743487e-01,3.896753856827257056e+00,-1.252798413561062603e+02,-3.521943295252837203e+01,-2.521199745367235323e+02
2.469437953999986348e+02,2.411617904938168522e+00,8.061581682230753998e-01,0.000000000000000000e+00,3.229022879599126861e-09,-6.007420061951184165e-01,5.375872340238825320e-01,1.914334070318881365e+00,5.565496121148985065e-01,3.878411013938757090e+00,-1.238574143496316253e+02,-3.600875990383393344e+01,-2.509331926018375896e+02
2.470523327999999310e+02,2.411617904938168522e+00,8.061581682230753998e-01,0.000000000000000000e+00,1.715254026276112094e-09,-6.007420061951184165e-01,5.375872340238825320e-01,1.892398166610336441e+00,5.694666848737033327e-01,3.858626372059853260e+00,-1.224381613796887791e+02,-3.684449451132860531e+01,-2.496531262722725160e+02
2.471557304999987537e+02,2.411617904938168522e+00,8.061581682230753998e-01,0.000000000000000000e+00,9.019396857068289691e-10,-6.007420061951184165e-01,5.375872340238825320e-01,1.870514784586920332e+00,5.830954789627524892e-01,3.837417183692450440e+00,-1.210223065627737498e+02,-3.772627748889009069e+01,-2.482808917849015415e+02
2.472600136999990355e+02,2.411617904938168522e+00,8.061581682230753998e-01,0.000000000000000000e+00,4.830885917360684292e-10,-6.007420061951184165e-01,5.375872340238825320e-01,1.848687379888347415e+00,5.974301353012287930e-01,3.814801943564196218e+00,-1.196100734787760871e+02,-3.865372975398950217e+01,-2.468176857486035090e+02
2.473680543999998918e+02,2.411617904938168522e+00,8.061581682230753998e-01,0.000000000000000000e+00,2.587282731454481555e-10,-6.007420061951184165e-01,5.375872340238825320e-01,1.826919399314844039e+00,6.124644913549437408e-01,3.790800372500783055e+00,-1.182016851356704166e+02,-3.962645259066486148e+01,-2.452647841008006822e+02
2.474837423999997554e+02,2.411617904938168522e+00,8.061581682230753998e-01,0.000000000000000000e+00,1.362718712881744864e-10,-6.007420061951184165e-01,5.375872340238825320e-01,1.805214280282885664e+00,6.281920837855829998e-01,3.765433400229071026e+00,-1.167973639343027088e+02,-4.064402782092722077e+01,-2.436235409948208996e+02
2.476055593000000954e+02,2.411617904938168522e+00,8.061581682230753998e-01,0.000000000000000000e+00,6.556841318458887670e-11,-6.007420061951184165e-01,5.375872340238825320e-01,1.783575450282381070e+00,6.446061512293699280e-01,3.738723147126088442e+00,-1.153973316332700563e+02,-4.170601798454023879e+01,-2.418953876190579422e+02
2.477116640999993251e+02,2.411617904938168522e+00,8.061581682230753998e-01,0.000000000000000000e+00,3.436600207190017939e-11,-6.007420061951184165e-01,5.375872340238825320e-01,1.762006326335426643e+00,6.616996372037688978e-01,3.710692904929710156e+00,-1.140018093139021147e+02,-4.281196652708384676e+01,-2.400818309489522449e+02
2.478168236000001343e+02,2.411617904938168522e+00,8.061581682230753998e-01,0.000000000000000000e+00,1.832526032516248565e-11,-6.007420061951184165e-01,5.375872340238825320e-01,1.740510314456742647e+00,6.794651931411224144e-01,3.681367116427967545e+00,-1.126110173453512573e+02,-4.396139799623062316e+01,-2.381844524328895147e+02
2.479242130000002362e+02,2.411617904938168522e+00,8.061581682230753998e-01,0.000000000000000000e+00,9.747327674517926267e-12,-6.007420061951184165e-01,5.375872340238825320e-01,1.719090809115788598e+00,6.978951815478207088e-01,3.650771354144481506e+00,-1.112251753497915274e+02,-4.515381824614399875e+01,-2.362049066131479549e+02
2.480335003000000142e+02,2.411617904938168522e+00,8.061581682230753998e-01,0.000000000000000000e+00,5.150090661797200915e-12,-6.007420061951184165e-01,5.375872340238825320e-01,1.697751192700760692e+00,7.169816792877214962e-01,3.618932298038951334e+00,-1.098445021677392219e+02,-4.638871464991558469e+01,-2.341449196831201505e+02
2.481418298999997205e+02,2.411617904938168522e+00,8.061581682230753998e-01,0.000000000000000000e+00,2.690223904596392703e-12,-6.007420061951184165e-01,5.375872340238825320e-01,1.676494834984467275e+00,7.367164809882971177e-01,3.585877712241734905e+00,-1.084692158234950341e+02,-4.766555631994282294e+01,-2.320062879820402486e+02
2.482549197999996977e+02,2.411617904938168522e+00,8.061581682230753998e-01,0.000000000000000000e+00,1.413706152924791739e-12,-6.007420061951184165e-01,5.375872340238825320e-01,1.655325092592197400e+00,7.570911025682207640e-01,3.551636420843152564e+00,-1.070995334907151744e+02,-4.898379433616388212e+01,-2.297908764285519680e+02
2.483645055999986653e+02,2.411617904938168522e+00,8.061581682230753998e-01,0.000000000000000000e+00,7.277963254738950119e-13,-6.007420061951184165e-01,5.375872340238825320e-01,1.634245308471694358e+00,7.780967848846307433e-01,3.516238282758505029e+00,-1.057356714581186310e+02,-5.034286198203561469e+01,-2.275006168944752858e+02
2.484738263999988703e+02,2.411617904938168522e+00,8.061581682230753998e-01,0.000000000000000000e+00,3.802987027485757343e-13,-6.007420061951184165e-01,5.375872340238825320e-01,1.613258811365229306e+00,7.997244974988224619e-01,3.479714165690556804e+00,-1.043778450953303434e+02,-5.174217498817381511e+01,-2.251375065201790449e+02
2.485813784999991185e+02,2.411617904938168522e+00,8.061581682230753998e-01,0.000000000000000000e+00,1.992645417847629535e-13,-6.007420061951184165e-01,5.375872340238825320e-01,1.592368915283978392e+00,8.219649425583981373e-01,3.442095919212487587e+00,-1.030262688188734046e+02,-5.318113178352836456e+01,-2.227036059730479565e+02
2.486913831999991089e+02,2.411617904938168522e+00,8.061581682230753998e-01,0.000000000000000000e+00,1.050878173573080645e-13,-6.007420061951184165e-01,5.375872340238825320e-01,1.571578918984696260e+00,8.448085587944835773e-01,3.403416346994646347e+00,-1.016811560583098526e+02,-5.465911375400308714e+01,-2.202010376505536158e+02
2.488012485999988712e+02,2.411617904938168522e+00,8.061581682230753998e-01,0.000000000000000000e+00,5.454944162932005206e-14,-6.007420061951184165e-01,5.375872340238825320e-01,1.550892105448798075e+00,8.682455256321943704e-01,3.363709178199135508e+00,-1.003427192225372409e+02,-5.617548550840297850e+01,-2.176319838294840849e+02
2.489099521999996796e+02,2.411617904938168522e+00,8.061581682230753998e-01,0.000000000000000000e+00,2.860102169300507091e-14,-6.007420061951184165e-01,5.375872340238825320e-01,1.530311741363961975e+00,8.922657674124567784e-01,3.323009038067628929e+00,-9.901116966624834959e+01,-5.772959515158595423e+01,-2.149986847629756141e+02
2.490209727000001294e+02,2.411617904938168522e+00,8.061581682230753998e-01,0.000000000000000000e+00,1.500494289917918933e-14,-6.007420061951184165e-01,5.375872340238825320e-01,1.509841076608246624e+00,9.168589577236940791e-01,3.281351417727514708e+00,-9.768671765655355443e+01,-5.932077456472300980e+01,-2.123034367269702045e+02
2.491251976000003197e+02,2.411617904938168522e+00,8.061581682230753998e-01,0.000000000000000000e+00,7.793743114089783631e-15,-6.007420061951184165e-01,5.375872340238825320e-01,1.489483343736919707e+00,9.420145238410975175e-01,3.238772643243178706e+00,-9.636957233977871340e+01,-6.094833969251901351e+01,-2.095485900178336749e+02
2.492424324000003253e+02,2.411617904938168522e+00,8.061581682230753998e-01,0.000000000000000000e+00,4.174585882905977217e-15,-6.007420061951184165e-01,5.375872340238825320e-01,1.469241757471996257e+00,9.677216512719679642e-01,3.195309843939097671e+00,-9.505994170843815994e+01,-6.261159083729633323e+01,-2.067365469028596294e+02
2.493500444999990577e+02,2.411617904938168522e+00,8.061581682230753998e-01,0.000000000000000000e+00,2.104936696264618230e-15,-6.007420061951184165e-01,5.375872340238825320e-01,1.449119514194590064e+00,9.939692884048518806e-01,3.151000920022598351e+00,-9.375803256838997868e+01,-6.430981295979391632e+01,-2.038697595254621149e+02
2.494604492999987997e+02,2.411617904938168522e+00,8.061581682230753998e-01,0.000000000000000000e+00,1.112296947087184263e-15,-6.007420061951184165e-01,5.375872340238825320e-01,1.429119791440189857e+00,1.020746151260716994e+00,3.105884509534168281e+00,-9.246405050618028554e+01,-6.604227598656839859e+01,-2.009507277668606946e+02
2.495697282000000996e+02,2.411617904938168522e+00,8.061581682230753998e-01,0.000000000000000000e+00,5.796944545925162119e-16,-6.007420061951184165e-01,5.375872340238825320e-01,1.409245747396857373e+00,1.048040728343966776e+00,3.059999954654678334e+00,-9.117819985657668269e+01,-6.780823512385465790e+01,-1.979819970661577031e+02
2.496739234999986365e+02,2.411617904938168522e+00,8.061581682230753998e-01,0.000000000000000000e+00,3.033421617148047538e-16,-6.007420061951184165e-01,5.375872340238825320e-01,1.389500520406534267e+00,1.075841285591323082e+00,3.013387267398266456e+00,-8.990068367030276875e+01,-6.960693117775861083e+01,-1.949661562006678537e+02
2.497774787999987893e+02,2.411617904938168522e+00,8.061581682230753998e-01,0.000000000000000000e+00,1.624937756687761244e-16,-6.007420061951184165e-01,5.375872340238825320e-01,1.369887228469450768e+00,1.104135871416287218e+00,2.966087094721351125e+00,-8.863170368197346249e+01,-7.143759088063379181e+01,-1.919058350284714152e+02
2.498813806999987719e+02,2.411617904938168522e+00,8.061581682230753998e-01,0.000000000000000000e+00,8.725013325261231629e-17,-6.007420061951184165e-01,5.375872340238825320e-01,1.350408968751773298e+00,1.132912321847268311e+00,2.918140683077838027e+00,-8.737146027823973782e+01,-7.329942722351826490e+01,-1.888037021951361396e+02
2.499845574999999371e+02,2.411617904938168522e+00,8.061581682230753998e-01,0.000000000000000000e+00,4.679650475057837002e-17,-6.007420061951184165e-01,5.375872340238825320e-01,1.331068817096516810e+00,1.162158265756812359e+00,2.869589842451690576e+00,-8.612015246614464559e+01,-7.519163979446575752e+01,-1.856624628066243758e+02
2.500879647999990993e+02,2.411617904938168522e+00,8.061581682230753998e-01,0.000000000000000000e+00,2.514774990122611371e-17,-6.007420061951184165e-01,5.375872340238825320e-01,1.311869827537819555e+00,1.191861130180145167e+00,2.820476909897839501e+00,-8.487797784169693216e+01,-7.711341512265539677e+01,-1.824848560703902365e+02
2.501910165999997844e+02,2.411617904938168522e+00,8.061581682230753998e-01,0.000000000000000000e+00,1.351737657071424046e-17,-6.007420061951184165e-01,5.375872340238825320e-01,1.292815031818694838e+00,1.222008145720237415e+00,2.770844712623829587e+00,-8.364513255866955888e+01,-7.906392702809937134e+01,-1.792736529067617823e+02
2.503050253000001248e+02,2.411617904938168522e+00,8.061581682230753998e-01,0.000000000000000000e+00,7.260663319827919719e-18,-6.007420061951184165e-01,5.375872340238825320e-01,1.273907438912277090e+00,1.252586352037466932e+00,2.720736530643691253e+00,-8.242181129762433045e+01,-8.104233697682411730e+01,-1.760316535326468284e+02
2.504121211000001495e+02,2.411617904938168522e+00,8.061581682230753998e-01,0.000000000000000000e+00,3.723003420027006266e-18,-6.007420061951184165e-01,5.375872340238825320e-01,1.255150034546664184e+00,1.283582603421369761e+00,2.670196059037196701e+00,-8.120820723516916928e+01,-8.304779444136262612e+01,-1.727616850197066469e+02
2.505201968999990640e+02,2.411617904938168522e+00,8.061581682230753998e-01,0.000000000000000000e+00,1.965021498860270714e-18,-6.007420061951184165e-01,5.375872340238825320e-01,1.236545780733459443e+00,1.314983574441925374e+00,2.619267369847173121e+00,-8.000451201345482843e+01,-8.507943726639257420e+01,-1.694665988291121153e+02
2.506289765999990777e+02,2.411617904938168522e+00,8.061581682230753998e-01,0.000000000000000000e+00,1.034893614548893595e-18,-6.007420061951184165e-01,5.375872340238825320e-01,1.218097615300001602e+00,1.346775765678367653e+00,2.567994873647880816e+00,-7.881091570991010542e+01,-8.713639203939038680e+01,-1.661492683250178857e+02
2.507362808999987465e+02,2.411617904938168522e+00,8.061581682230753998e-01,0.000000000000000000e+00,5.422033608960561019e-19,-6.007420061951184165e-01,5.375872340238825320e-01,1.199808451425470546e+00,1.378945509522520929e+00,2.516423280818402830e+00,-7.762760680722794859e+01,-8.921777446610710172e+01,-1.628125862689506675e+02
2.508438174000002618e+02,2.411617904938168522e+00,8.061581682230753998e-01,0.000000000000000000e+00,2.868859038048602733e-19,-6.007420061951184165e-01,5.375872340238825320e-01,1.181681177180856857e+00,1.411478976054662882e+00,2.464597562554606380e+00,-7.645477216360144723e+01,-9.132268975073668571e+01,-1.594594622972830393e+02
2.509533078999993450e+02,2.411617904938168522e+00,8.061581682230753998e-01,0.000000000000000000e+00,1.505922565342808353e-19,-6.007420061951184165e-01,5.375872340238825320e-01,1.163718655072896846e+00,1.444362178988994216e+00,2.412562911653417963e+00,-7.529259698321642702e+01,-9.345023298058792705e+01,-1.560928203839761466e+02
2.510613830000002054e+02,2.411617904938168522e+00,8.061581682230753998e-01,0.000000000000000000e+00,7.903594450298594007e-20,-6.007420061951184165e-01,5.375872340238825320e-01,1.145923721592069233e+00,1.477580981686450468e+00,2.360364703104229189e+00,-7.414126478700688949e+01,-9.559948951511334769e+01,-1.527155962908436493e+02
2.511688477999996394e+02,2.411617904938168522e+00,8.061581682230753998e-01,0.000000000000000000e+00,4.158896403019746661e-20,-6.007420061951184165e-01,5.375872340238825320e-01,1.128299186764651685e+00,1.511121103232085705e+00,2.308048454521058002e+00,-7.300095738367296860e+01,-9.776953537911595049e+01,-1.493307350075124589e+02
2.512803421999997227e+02,2.411617904938168522e+00,8.061581682230753998e-01,0.000000000000000000e+00,2.192668464926235110e-20,-6.007420061951184165e-01,5.375872340238825320e-01,1.110847833709002863e+00,1.544968124574548352e+00,2.255659786450612270e+00,-7.187185484097248889e+01,-9.995943765997328967e+01,-1.459411881833546261e+02
2.513877027999988059e+02,2.411617904938168522e+00,8.061581682230753998e-01,0.000000000000000000e+00,1.136455859532960376e-20,-6.007420061951184165e-01,5.375872340238825320e-01,1.093572418196073093e+00,1.579107494724817595e+00,2.203244382590445305e+00,-7.075413545728592624e+01,-1.021682549086957010e+02,-1.425499115536018166e+02
2.514950541999987763e+02,2.411617904938168522e+00,8.061581682230753998e-01,0.000000000000000000e+00,5.998513427432828479e-21,-6.007420061951184165e-01,5.375872340238825320e-01,1.076475668214230019e+00,1.613524537011842952e+00,2.150847949952190863e+00,-6.964797573346068305e+01,-1.043950375446662377e+02,-1.391598623619067610e+02
2.516023783000000549e+02,2.411617904938168522e+00,8.061581682230753998e-01,0.000000000000000000e+00,3.164576845265113005e-21,-6.007420061951184165e-01,5.375872340238825320e-01,1.059560283538496961e+00,1.648204455391973022e+00,2.098516179004195070e+00,-6.855355034494075994e+01,-1.066388282638606597e+02,-1.357739967815714408e+02
2.517070709999989049e+02,2.411617904938168522e+00,8.061581682230753998e-01,0.000000000000000000e+00,1.673870037025669241e-21,-6.007420061951184165e-01,5.375872340238825320e-01,1.042828935304199067e+00,1.683132340810006289e+00,2.046294703828949402e+00,-6.747103211418168200e+01,-1.088986624504074143e+02,-1.323952673377330314e+02
2.518201293000001897e+02,2.411617904938168522e+00,8.061581682230753998e-01,0.000000000000000000e+00,8.940021561526369426e-22,-6.007420061951184165e-01,5.375872340238825320e-01,1.026284265585178490e+00,1.718293177608532396e+00,1.994229062329315738e+00,-6.640059198336105339e+01,-1.111735685912720442e+02,-1.290266203327067274e+02
2.519352867999987211e+02,2.411617904938168522e+00,8.061581682230753998e-01,0.000000000000000000e+00,4.591165910156135217e-22,-6.007420061951184165e-01,5.375872340238825320e-01,1.009928886976575457e+00,1.753671849983277964e+00,1.942364656518898558e+00,-6.534239898738444197e+01,-1.134625686939180866e+02,-1.256709932767727480e+02
2.520437574999996286e+02,2.411617904938168522e+00,8.061581682230753998e-01,0.000000000000000000e+00,2.334041145546211624e-22,-6.007420061951184165e-01,5.375872340238825320e-01,9.937653821822656219e-01,1.789253148481498634e+00,1.890746712930764462e+00,-6.429662022719259085e+01,-1.157646787067529601e+02,-1.223313123266204627e+02
2.521509628000003431e+02,2.411617904938168522e+00,8.061581682230753998e-01,0.000000000000000000e+00,1.232093596048808997e-22,-6.007420061951184165e-01,5.375872340238825320e-01,9.777963036070380642e-01,1.825021776540516782e+00,1.839420243179331615e+00,-6.326342084337536420e+01,-1.180789089421714380e+02,-1.190104897337027552e+02
2.522579695999993419e+02,2.411617904938168522e+00,8.061581682230753998e-01,0.000000000000000000e+00,6.510055233761847465e-23,-6.007420061951184165e-01,5.375872340238825320e-01,9.620241729535150554e-01,1.860962357063834505e+00,1.788430004709399501e+00,-6.224296399009242720e+01,-1.204042645020301023e+02,-1.157114213046981490e+02
2.523624561999986327e+02,2.411617904938168522e+00,8.061581682230753998e-01,0.000000000000000000e+00,3.444090991873236634e-23,-6.007420061951184165e-01,5.375872340238825320e-01,9.464514808239627985e-01,1.897059439031791417e+00,1.737820461767188407e+00,-6.123541080931039460e+01,-1.227397457053569099e+02,-1.124369838763370950e+02
2.524661975999988499e+02,2.411617904938168522e+00,8.061581682230753998e-01,0.000000000000000000e+00,1.844039463334979368e-23,-6.007420061951184165e-01,5.375872340238825320e-01,9.310806863269931455e-01,1.933297504144079193e+00,1.687635746626684474e+00,-6.024092040535646220e+01,-1.250843485181219279e+02,-1.091900328067464869e+02
2.525767624000000069e+02,2.411617904938168522e+00,8.061581682230753998e-01,0.000000000000000000e+00,9.641082803561093192e-24,-6.007420061951184165e-01,5.375872340238825320e-01,9.159142166892364489e-01,1.969660973491054623e+00,1.637919621105713652e+00,-5.925964981979360147e+01,-1.274370649848712418e+02,-1.059733994855396730e+02
2.526899869999997463e+02,2.411617904938168522e+00,8.061581682230753998e-01,0.000000000000000000e+00,5.141789710854955335e-24,-6.007420061951184165e-01,5.375872340238825320e-01,9.009544668720728122e-01,2.006134214251234393e+00,1.588715438405057689e+00,-5.829175400662311546e+01,-1.297968836620548814e+02,-1.027898888648072386e+02
2.528007328999992751e+02,2.411617904938168522e+00,8.061581682230753998e-01,0.000000000000000000e+00,2.643277711460830256e-24,-6.007420061951184165e-01,5.375872340238825320e-01,8.862037991934128556e-01,2.042701546411890501e+00,1.540066105303674826e+00,-5.733738580781381700e+01,-1.321627900528493171e+02,-9.964227701314776198e+01
2.529155192999987776e+02,2.411617904938168522e+00,8.061581682230753998e-01,0.000000000000000000e+00,1.372240807266080633e-24,-6.007420061951184165e-01,5.375872340238825320e-01,8.716645429546781010e-01,2.079347249510009821e+00,1.492014044743422474e+00,-5.639669592916767726e+01,-1.345337670432976438e+02,-9.653330869489943211e+01
2.530221903000001475e+02,2.400968895575708473e+00,7.981616501104965566e-01,0.000000000000000000e+00,-3.393816289819161919e-02,-5.890814679538248777e-01,5.385583012269677949e-01,8.573389940729732039e-01,2.116055569390505653e+00,1.444601158835690846e+00,-5.546983291652136927e+01,-1.369087953395657280e+02,-9.346569497666919801e+01
2.531286591999996745e+02,2.389547129185801921e+00,7.906148322969553943e-01,0.000000000000000000e+00,-5.071333577552127742e-02,-5.773805017359994185e-01,5.400958889521642048e-01,8.432294147185293021e-01,2.152810724979113299e+00,1.397868792321975917e+00,-5.455694313228885051e+01,-1.392868539061486501e+02,-9.044211086323184645e+01
2.532434610000000248e+02,2.387257452208663366e+00,7.887339052778914450e-01,0.000000000000000000e+00,-3.517037415765079944e-02,-5.747716619705510732e-01,5.401284198508021772e-01,8.293380329574984167e-01,2.189596915066595706e+00,1.351857696520833985e+00,-5.365817073235015044e+01,-1.416669204048087352e+02,-8.746519296489796602e+01
2.533529292999992322e+02,2.387257452208663366e+00,7.887339052778914450e-01,0.000000000000000000e+00,-1.795926357298878104e-02,-5.747716619705510732e-01,5.401284198508021772e-01,8.156670424000900255e-01,2.226398325101929920e+00,1.306607993791966571e+00,-5.277365764328582998e+01,-1.440479716340948642e+02,-8.453753719834024594e+01
2.534609326999998302e+02,2.387257452208663366e+00,7.887339052778914450e-01,0.000000000000000000e+00,-9.382468052315769483e-03,-5.747716619705510732e-01,5.401284198508021772e-01,8.022186018541928032e-01,2.263199133990906997e+00,1.262159142548995749e+00,-5.190354353996627879e+01,-1.464289839692116857e+02,-8.166169652292002468e+01
2.535696221999987756e+02,2.387257452208663366e+00,7.887339052778914450e-01,0.000000000000000000e+00,-4.940149641005365556e-03,-5.747716619705510732e-01,5.401284198508021772e-01,7.889948349844677633e-01,2.299983520897801892e+00,1.218549902851203903e+00,-5.104796582349506906e+01,-1.488089338020877790e+02,-7.884017871447289849e+01
2.536779439000001730e+02,2.387257452208663366e+00,7.887339052778914450e-01,0.000000000000000000e+00,-2.588834360767747634e-03,-5.747716619705510732e-01,5.401284198508021772e-01,7.759978299769951793e-01,2.336735672046738266e+00,1.175818302604034971e+00,-5.020705959951158803e+01,-1.511867979814239789e+02,-7.607544417848106377e+01
2.537861445999988064e+02,2.387257452208663366e+00,7.887339052778914450e-01,0.000000000000000000e+00,-1.362049164105773617e-03,-5.747716619705510732e-01,5.401284198508021772e-01,7.632296392095387905e-01,2.373439787520150723e+00,1.134001604398365615e+00,-4.938095765685716287e+01,-1.535615542525537478e+02,-7.336990380457426397e+01
2.538977070999990246e+02,2.387356730637591795e+00,7.884773292824590607e-01,0.000000000000000000e+00,-1.841935126011691806e-03,-5.746382909506773107e-01,5.398956689636286166e-01,7.506922789274308450e-01,2.410080088051230973e+00,1.093136273016825477e+00,-4.856979044660477740e+01,-1.559321816969146539e+02,-7.072591686418860490e+01
2.540055092999991757e+02,2.382916795030801005e+00,7.854115517630896326e-01,0.000000000000000000e+00,-1.413854701316191731e-02,-5.700105522101641675e-01,5.403325605698476863e-01,7.383877289251974396e-01,2.446640821807493538e+00,1.053257943636047411e+00,-4.777368606146027474e+01,-1.582976611709448491e+02,-6.814578895325226426e+01
2.541125799000001280e+02,2.375695130850450809e+00,7.792170962941931123e-01,0.000000000000000000e+00,-3.456910968470496698e-02,-5.616289033587286150e-01,5.401409612954988226e-01,7.263179322339232691e-01,2.483106271162609069e+00,1.014401390752224241e+00,-4.699277021553483991e+01,-1.606569757442208015e+02,-6.563176998166890996e+01
2.542247240999986388e+02,2.368267628665089219e+00,7.597521289938230504e-01,0.000000000000000000e+00,-1.032637015296160032e-01,-5.436725746086041866e-01,5.307008848015032365e-01,7.144847948144192884e-01,2.519460759453409970e+00,9.766004978573057382e-01,-4.622716622449293311e+01,-1.630091111366356245e+02,-6.318605221136768080e+01
2.543302703999997902e+02,2.354922879912367151e+00,7.191460959737547842e-01,0.000000000000000000e+00,-2.285442748732105789e-01,-5.078660397087600975e-01,5.091593002831560355e-01,7.028901852562652319e-01,2.555688657719410894e+00,9.398882278919598043e-01,-4.547699498608036350e+01,-1.653530561544458806e+02,-6.081076834460980507e+01
2.544390444000000571e+02,2.326969575212347152e+00,6.589500064636411025e-01,0.000000000000000000e+00,-3.870997992834228629e-01,-4.521336972231117524e-01,4.793644029898257442e-01,6.915359344827161081e-01,2.591774391421741264e+00,9.042965945015437601e-01,-4.474237496103173584e+01,-1.676878031249866581e+02,-5.850798966424988379e+01
2.545469596000002639e+02,2.282976024783626379e+00,5.959670509959072993e-01,0.000000000000000000e+00,-4.707992028236224757e-01,-3.894556600947960967e-01,4.511108674072095703e-01,6.804238354615914641e-01,2.627702447138764441e+00,8.698566341196041218e-01,-4.402342215436497241e+01,-1.700123483298780798e+02,-5.627972422753838799e+01
2.546605345999996644e+02,2.202037197796986590e+00,5.088936458788129169e-01,0.000000000000000000e+00,-6.122319525857098377e-01,-3.003220391056247718e-01,4.108277201495417752e-01,6.695556429221423134e-01,2.663457379235278921e+00,8.365983789037170215e-01,-4.332025009706261187e+01,-1.723256924365225586e+02,-5.412791511507049336e+01
2.547694018000001961e+02,2.105886872775355911e+00,4.296177450234177075e-01,0.000000000000000000e+00,-6.251689631501742284e-01,-2.190702213690865208e-01,3.695668342104114767e-01,6.589330730779558998e-01,2.699023816502780448e+00,8.045508305469659671e-01,-4.263296982814375014e+01,-1.746268409277299156e+02,-5.205443873638869690e+01
2.548791752999986784e+02,1.915792231500261344e+00,3.352129254570480055e-01,0.000000000000000000e+00,-6.600920236108349659e-01,-1.133666056548042200e-01,3.154611198163421171e-01,6.485578033559571409e-01,2.734386468767465939e+00,7.737419349880969577e-01,-4.196168987713043208e+01,-1.769148045292550648e+02,-5.006110319372987760e+01
2.549875522000002093e+02,1.712128565922952816e+00,2.885018748762167573e-01,0.000000000000000000e+00,-4.449332495022558787e-01,-4.063900733203534149e-02,2.856252840526535275e-01,6.384314721315060837e-01,2.769530133463721011e+00,7.441985580421359714e-01,-4.130651624690844415e+01,-1.791885996351027472e+02,-4.814964670532619806e+01
2.550952817999987019e+02,1.475299941789017133e+00,2.616058697143999745e-01,0.000000000000000000e+00,-2.251171887523092940e-01,2.494446072776685189e-02,2.604139108189662544e-01,6.285556784696886279e-01,2.804439702169625903e+00,7.159464619731190638e-01,-4.066755239698885305e+01,-1.814472487303748096e+02,-4.632173608966080280e+01
2.552026437000004080e+02,1.236035704822151970e+00,2.460747217589984437e-01,0.000000000000000000e+00,-6.290095533106380976e-02,8.084614930494739282e-02,2.324148636196287920e-01,6.189319818728129530e-01,2.839100167102244665e+00,6.890102830289133173e-01,-4.004489922717100114e+01,-1.836897808115152486e+02,-4.457896531197069123e+01
2.553118058999989444e+02,9.899373978478127611e-01,2.357197410086390443e-01,0.000000000000000000e+00,3.954677684333245125e-02,1.293493684470188032e-01,1.970597299895065768e-01,6.095619020341285221e-01,2.873496627569454009e+00,6.634135099580873440e-01,-3.943865506160811663e+01,-1.859152318037436942e+02,-4.292285409428825460e+01
2.554230855999994674e+02,8.863595699157160723e-01,2.326984430648222912e-01,0.000000000000000000e+00,4.595286286885652549e-02,1.471205015519609360e-01,1.802889997417806978e-01,6.004469185978678070e-01,2.907614296375867102e+00,6.391784635274078141e-01,-3.884891563328204711e+01,-1.881226449755185968e+02,-4.135484659022328913e+01
2.555347636999995302e+02,8.594982624795637349e-01,2.150414908209331566e-01,0.000000000000000000e+00,-4.620903197669783830e-02,1.403828751150542065e-01,1.628971796837519748e-01,5.915884709255772034e-01,2.941438506179906209e+00,6.163262770577251359e-01,-3.827577406888485001e+01,-1.903110713498399491e+02,-3.987631012563481647e+01
2.556417621000000509e+02,8.230604742041833788e-01,1.915982716650787010e-01,0.000000000000000000e+00,-1.200830181766193577e-01,1.302830622822410689e-01,1.404856625688436222e-01,5.829879578688348385e-01,2.974954715799345895e+00,5.948768779954436425e-01,-3.771932087411361323e+01,-1.924795701122176865e+02,-3.848853400630520838e+01
2.557489270999994915e+02,7.491242066052326010e-01,1.573128942958365029e-01,0.000000000000000000e+00,-2.055558356133275477e-01,1.151979613529535845e-01,1.071297176877473167e-01,5.746467375483521600e-01,3.008148516462680888e+00,5.748489705355186441e-01,-3.717964391937838542e+01,-1.946272090151354632e+02,-3.719272839364806060e+01
2.558540333999990253e+02,7.491242066052326010e-01,0.000000000000000000e+00,0.000000000000000000e+00,0.000000000000000000e+00,0.000000000000000000e+00,0.000000000000000000e+00,5.665661271395103782e-01,3.041005638003454692e+00,5.562600193110520674e-01,-3.665682842592632085e+01,-1.967530647788235285e+02,-3.599002324942507158e+01
2.559640510999997787e+02,-6.931614149915974465e-01,2.105773374384650176e-01,0.000000000000000000e+00,9.256421447658167434e-01,1.619823644332467061e-01,-1.345530700329353457e-01,5.587474026643708402e-01,3.073511954995111761e+00,5.391262341639468936e-01,-3.615095695238479578e+01,-1.988562234881837298e+02,-3.488146735040736246e+01
2.560736817999986670e+02,-9.739976822449909477e-01,2.912513212665562845e-01,0.000000000000000000e+00,9.096047663723421106e-01,1.636824829167006223e-01,-2.409053277238566992e-01,5.511917987901635563e-01,3.105653492823565287e+00,5.234625560096222152e-01,-3.566210938172358169e+01,-2.009357809856846870e+02,-3.386802737382255657e+01
2.561874141999996937e+02,-1.196324394400820834e+00,3.420284638812745026e-01,0.000000000000000000e+00,7.541512196745925323e-01,1.251075501809933432e-01,-3.183262021774119210e-01,5.439005086343271511e-01,3.137416433694987461e+00,5.092826438083470908e-01,-3.519036290864097083e+01,-2.029908432600657022e+02,-3.295058705440006008e+01
2.562964238999993540e+02,-1.293091375645337271e+00,3.772127629924804104e-01,0.000000000000000000e+00,5.608313475827960692e-01,1.034125973868682963e-01,-3.627606694035651613e-01,5.368746835761013525e-01,3.168787122576068427e+00,4.965988626544117768e-01,-3.473579202737376193e+01,-2.050205268306716277e+02,-3.212994641374044136e+01
2.564061502999993536e+02,-1.334496919591550146e+00,3.951620596603694358e-01,0.000000000000000000e+00,3.781951154302228835e-01,9.250999910288969230e-02,-3.841808863816740249e-01,5.301154330747062104e-01,3.199752073064471070e+00,4.854222729936019665e-01,-3.429846851993349333e+01,-2.070239591272712971e+02,-3.140682106268604912e+01
2.565167237999994541e+02,-1.342633731802264752e+00,3.997603766659006963e-01,0.000000000000000000e+00,2.192201422731230864e-01,9.042104812837241379e-02,-3.894000421256132438e-01,5.236238244941557873e-01,3.230297973186573302e+00,4.757626209782876980e-01,-3.387846144477187948e+01,-2.090002788651713104e+02,-3.078184157729521431e+01
2.566258195999998861e+02,-1.341516299829230041e+00,3.996989776279787909e-01,0.000000000000000000e+00,1.137277174619489989e-01,9.084216508745379670e-02,-3.892389674211400030e-01,5.174008829346961047e-01,3.260411691120492783e+00,4.676283299686745387e-01,-3.347583712587483973e+01,-2.109486364154958835e+02,-3.025555294897324288e+01
2.567348554000000149e+02,-1.340198047876395293e+00,3.996596134192305638e-01,0.000000000000000000e+00,5.940790647151309584e-02,9.134620395173327634e-02,-3.890805541555850677e-01,5.114475910709377349e-01,3.290080280841388927e+00,4.610264931874747951e-01,-3.309065914228967387e+01,-2.128681941704378744e+02,-2.982841410922961956e+01
2.568458672999986447e+02,-1.339149985645028407e+00,3.996779096988664071e-01,0.000000000000000000e+00,3.113430943390142064e-02,9.175813480550061574e-02,-3.890024115584256870e-01,5.057648889966790406e-01,3.319290987687114391e+00,4.559628675345313020e-01,-3.272298831808513597e+01,-2.147581269033562990e+02,-2.950079752948417777e+01
2.569603033000003052e+02,-1.338766419849116707e+00,3.997573209877187672e-01,0.000000000000000000e+00,1.651779567793476219e-02,9.192559697577125377e-02,-3.890444708563869369e-01,5.003536740764518154e-01,3.348031253841428967e+00,4.524418685667084272e-01,-3.237288271274643137e+01,-2.166176221235404569e+02,-2.927298889626603540e+01
2.570709028000001126e+02,-1.337648436076126268e+00,3.996974386560288584e-01,0.000000000000000000e+00,8.191483958184062747e-03,9.234664954541227377e-02,-3.888831942703705469e-01,4.952148008038241844e-01,3.376288723732704611e+00,4.504665666474665375e-01,-3.204039761200742475e+01,-2.184458804255060045e+02,-2.914518686209108722e+01
2.571799811999990197e+02,-1.336919339218326508e+00,3.997282330319968380e-01,0.000000000000000000e+00,4.410538637850919957e-03,9.263729510834606273e-02,-3.888457172682908136e-01,4.903490806664556612e-01,3.404051249345629859e+00,4.500386842694503731e-01,-3.172558551911968294e+01,-2.202421158326622503e+02,-2.911750287223344102e+01
2.572877006999988225e+02,-1.336397255171306808e+00,3.997394339511468053e-01,0.000000000000000000e+00,2.356671036923697025e-03,9.284289412874595360e-02,-3.888081944421719061e-01,4.857572820179612005e-01,3.431306895443689164e+00,4.511585945524563268e-01,-3.142849614656208956e+01,-2.220055561352066889e+02,-2.918996106754392628e+01
2.573964098999986163e+02,-1.335619402284966784e+00,3.997283468396756745e-01,0.000000000000000000e+00,1.193429289075531499e-03,9.314271812323299260e-02,-3.887250767930929829e-01,4.814401299565771453e-01,3.458043944700213146e+00,4.538253209180640457e-01,-3.114917640819054157e+01,-2.237354432221038110e+02,-2.936249826339874502e+01
2.575048436999986734e+02,-1.335280014336091448e+00,3.996817832685172212e-01,0.000000000000000000e+00,4.217778928969687351e-04,9.326377598286776649e-02,-3.886481647533144290e-01,4.773983062106592623e-01,3.484250902735652744e+00,4.580365379412310034e-01,-3.088767041182965656e+01,-2.254310334069967325e+02,-2.963496400479764858e+01
2.576120086999999330e+02,-1.335280014336091448e+00,3.996817832685172212e-01,0.000000000000000000e+00,2.225521634964551098e-04,9.326377598286776649e-02,-3.886481647533144290e-01,4.736324490310332980e-01,3.509916503059105075e+00,4.637885733780877651e-01,-3.064401945230785529e+01,-2.270915977479241121e+02,-3.000712069756227862e+01
2.577164961999988009e+02,-1.326565079884812093e+00,4.120463584710832849e-01,0.000000000000000000e+00,5.458802397566414610e-02,9.963711829763303995e-02,-3.998182664494256966e-01,4.701431530902020484e-01,3.535029711911811034e+00,4.710764113682024412e-01,-3.041826200493607502e+01,-2.287164223606941960e+02,-3.047864381552269819e+01
2.578212027999998099e+02,-1.259843243180911010e+00,5.270496401002947584e-01,0.000000000000000000e+00,5.466754558666070407e-01,1.612593499116957152e-01,-5.017735995405772087e-01,4.669309693884438062e-01,3.559579733010651559e+00,4.798936968084819288e-01,-3.021043371943231648e+01,-2.303048087257891723e+02,-3.104912218350878206e+01
2.579255183999994188e+02,-1.214553682641051902e+00,6.048197990074088981e-01,0.000000000000000000e+00,6.420689413392526301e-01,2.109340847410884068e-01,-5.668454826192071971e-01,4.639964051668017397e-01,3.583556012189460738e+00,4.902327408949005427e-01,-3.002056741429207420e+01,-2.318560739886581246e+02,-3.171805833590006785e+01
2.580325120999987121e+02,-1.181917637294859658e+00,6.295103378694580920e-01,0.000000000000000000e+00,4.586015840154119561e-01,2.386795157164109948e-01,-5.825078147646595150e-01,4.613399238269844105e-01,3.606948241936383415e+00,5.020845278272831891e-01,-2.984869307160589358e+01,-2.333695512532840155e+02,-3.248486895042522349e+01
2.581415598000003229e+02,-1.145546174059661970e+00,6.535943340650461897e-01,0.000000000000000000e+00,3.503427380068532271e-01,2.696394717159982801e-01,-5.953823215503198929e-01,4.589619448581918615e-01,3.629746365825026633e+00,5.154387226711771852e-01,-2.969483783232501395e+01,-2.348445898688792397e+02,-3.334888535682516419e+01
2.582500999000003503e+02,-1.107961521547567330e+00,6.646601749972972373e-01,0.000000000000000000e+00,2.363892856850567381e-01,2.967617647001697945e-01,-5.947315387966900513e-01,4.568628437708686096e-01,3.651940582837872817e+00,5.302836803701067581e-01,-2.955902599197520075e+01,-2.362805557096103826e+02,-3.430935411994590822e+01
2.583653622000001633e+02,-1.102108122769087650e+00,6.657944775508625179e-01,0.000000000000000000e+00,1.312540751679549256e-01,3.007502448298811082e-01,-5.939962765640812714e-01,4.550429520374101866e-01,3.673521351579689842e+00,5.466064559002139500e-01,-2.944127899682044003e+01,-2.376768314472059558e+02,-3.536543769674384663e+01
2.584945552999997744e+02,-1.101842822277840028e+00,6.654694278169612787e-01,0.000000000000000000e+00,6.532263282251625502e-02,3.007609145405659712e-01,-5.936265085419923926e-01,4.535025570398178996e-01,3.694479394379486248e+00,5.643928155585251627e-01,-2.934161544047621817e+01,-2.390328168163527778e+02,-3.651621516663657729e+01
2.586208269999988261e+02,-1.101555929992720451e+00,6.653715824221401176e-01,0.000000000000000000e+00,3.094164222471375292e-02,3.008869624663884079e-01,-5.934529286410953342e-01,4.522419020243186871e-01,3.714805701278974581e+00,5.836272493749274926e-01,-2.926005106097342079e+01,-2.403479288727496623e+02,-3.776068303455780750e+01
2.587383493999986968e+02,-1.101339992413406854e+00,6.651149894936849716e-01,0.000000000000000000e+00,1.410282851999849520e-02,3.008990212125978725e-01,-5.931591087410571506e-01,4.512611860629540672e-01,3.734491533906022731e+00,6.042929846371063451e-01,-2.919659873827312779e+01,-2.416216022437196784e+02,-3.909775610602078189e+01
2.588629713999998785e+02,-1.101051423755619485e+00,6.650185815757488905e-01,0.000000000000000000e+00,6.723268649731246362e-03,3.010265359141252040e-01,-5.929862886412828882e-01,4.505605640221426178e-01,3.753528429231311137e+00,6.263720005166222293e-01,-2.915126849223262795e+01,-2.428532893712658449e+02,-4.052626843342545726e+01
2.589842109000001074e+02,-1.100875241873028987e+00,6.648978089614008269e-01,0.000000000000000000e+00,2.787378084650960798e-03,3.010763169191518762e-01,-5.928255626675269507e-01,4.501401465382266487e-01,3.771908203206623789e+00,6.498450437833127591e-01,-2.912406748102326404e+01,-2.440424607474685672e+02,-4.204497433278033469e+01
2.590994241999997030e+02,-1.100836549552175025e+00,6.647617590457973735e-01,0.000000000000000000e+00,8.280836357379044513e-04,3.010376442287349130e-01,-5.926926126137193052e-01,4.500000000000001776e-01,3.789622954283232037e+00,6.746916455944049762e-01,-2.911500000000001265e+01,-2.451886051421251125e+02,-4.365254946995800367e+01
2.592163149999996676e+02,-1.100420536116945236e+00,6.646119022530212472e-01,0.000000000000000000e+00,-2.136805642550575820e-04,3.012162679716610114e-01,-5.924337435744219116e-01,4.501401465382266487e-01,3.806665066808767151e+00,7.008901393436630656e-01,-2.912406748102326404e+01,-2.462912298225272423e+02,-4.534759201553499963e+01
2.593259060000000318e+02,-1.100242365882808659e+00,6.644915659012970988e-01,0.000000000000000000e+00,-6.170333757402172731e-04,3.012672591405425870e-01,-5.922728085299062695e-01,4.505605640221428398e-01,3.823027214301252030e+00,7.284176795549541783e-01,-2.915126849223264216e+01,-2.473498607652910266e+02,-4.712862386720554042e+01
2.594349015999996482e+02,-1.100242365882808659e+00,6.644915659012970988e-01,0.000000000000000000e+00,-3.226562932839489883e-04,3.012672591405425870e-01,-5.922728085299062695e-01,4.512611860629542893e-01,3.838702362598775508e+00,7.572502618038645661e-01,-2.919659873827314556e+01,-2.483640428601407848e+02,-4.899409193871004220e+01
2.595434437999992952e+02,-1.100242365882808659e+00,6.644915659012970988e-01,0.000000000000000000e+00,-1.694702754106442572e-04,3.012672591405425870e-01,-5.922728085299062695e-01,4.522419020243191312e-01,3.853683772883532921e+00,7.873627436499452958e-01,-2.926005106097344921e+01,-2.493333401055645879e+02,-5.094236951415146564e+01
2.596496547999995528e+02,-1.100242365882808659e+00,6.644915659012970988e-01,0.000000000000000000e+00,-8.891242884670159062e-05,3.012672591405425870e-01,-5.922728085299062695e-01,4.535025570398181216e-01,3.867965004578837629e+00,8.187288665612533212e-01,-2.934161544047623238e+01,-2.502573357962507998e+02,-5.297175766651309203e+01
2.597602472999988095e+02,-1.100242365882808659e+00,6.644915659012970988e-01,0.000000000000000000e+00,-4.707510032780942060e-05,3.012672591405425870e-01,-5.922728085299062695e-01,4.550429520374108527e-01,3.881539918117999477e+00,8.513212788122115349e-01,-2.944127899682048266e+01,-2.511356327022345738e+02,-5.508048673915008919e+01
2.598685851999998704e+02,-1.100242365882808659e+00,6.644915659012970988e-01,0.000000000000000000e+00,-2.455756926814198649e-05,3.012672591405425870e-01,-5.922728085299062695e-01,4.568628437708692758e-01,3.894402677583694405e+00,8.851115593346556842e-01,-2.955902599197524339e+01,-2.519678532396650326e+02,-5.726671788895222193e+01
2.599782869999999093e+02,-1.100242365882808659e+00,6.644915659012970988e-01,0.000000000000000000e+00,-1.288602796345808713e-05,3.012672591405425870e-01,-5.922728085299062695e-01,4.589619448581925276e-01,3.906547753216920604e+00,9.200702425015407915e-01,-2.969483783232505658e+01,-2.527536396331347817e+02,-5.952854468984968861e+01
2.600917419999987032e+02,-1.100242365882808659e+00,6.644915659012970988e-01,0.000000000000000000e+00,-6.729702095061373253e-06,3.012672591405425870e-01,-5.922728085299062695e-01,4.613399238269855207e-01,3.917969923794207610e+00,9.561668438212753696e-01,-2.984869307160596463e+01,-2.534926540694852406e+02,-6.186399479523652190e+01
2.602027053000001615e+02,-1.100242365882808659e+00,6.644915659012970988e-01,0.000000000000000000e+00,-3.462592829347449769e-06,3.012672591405425870e-01,-5.922728085299062695e-01,4.639964051668019618e-01,3.928664278872286530e+00,9.933698865207680750e-01,-3.002056741429208842e+01,-2.541845788430369453e+02,-6.427103165789370109e+01
2.603110239999987243e+02,-1.100242365882808659e+00,6.644915659012970988e-01,0.000000000000000000e+00,-1.797190400725465756e-06,3.012672591405425870e-01,-5.922728085299062695e-01,4.669309693884449164e-01,3.938626220899081432e+00,1.031646928993594114e+00,-3.021043371943238753e+01,-2.548291164921705843e+02,-6.674755630588553856e+01
2.604236134000002494e+02,-1.100242365882808659e+00,6.644915659012970988e-01,0.000000000000000000e+00,-9.458826319570885851e-07,3.012672591405425870e-01,-5.922728085299062695e-01,4.701431530902033806e-01,3.947851467190235830e+00,1.070964593089499539e+00,-3.041826200493616028e+01,-2.554259899272082635e+02,-6.929140917289062429e+01
2.605339905000000726e+02,-1.100242365882808659e+00,6.644915659012970988e-01,0.000000000000000000e+00,-4.877885842553091779e-07,3.012672591405425870e-01,-5.922728085299062695e-01,4.736324490310357405e-01,3.956336051770249718e+00,1.111288593220757015e+00,-3.064401945230801516e+01,-2.559749425495351716e+02,-7.190037198138298891e+01
2.606448748000002524e+02,-1.100242365882808659e+00,6.644915659012970988e-01,0.000000000000000000e+00,-2.537627006175693570e-07,3.012672591405425870e-01,-5.922728085299062695e-01,4.773983062106619268e-01,3.964076327077483697e+00,1.152583766259653197e+00,-3.088767041182982709e+01,-2.564757383619132156e+02,-7.457216967699956456e+01
2.607555818000000727e+02,-1.100242365882808659e+00,6.644915659012970988e-01,0.000000000000000000e+00,-1.320529281289328686e-07,3.012672591405425870e-01,-5.922728085299062695e-01,4.814401299565789216e-01,3.971068965532242423e+00,1.194814102201198880e+00,-3.114917640819065880e+01,-2.569281620699360928e+02,-7.730447241241756728e+01
2.608689694999993662e+02,-1.100242365882808659e+00,6.644915659012970988e-01,0.000000000000000000e+00,-6.847904091467194283e-08,3.012672591405425870e-01,-5.922728085299062695e-01,4.857572820179638651e-01,3.977310960967330722e+00,1.237942775564527809e+00,-3.142849614656226365e+01,-2.573320191745863212e+02,-8.009489757902495910e+01
2.609807296999988466e+02,-1.100242365882808659e+00,6.644915659012970988e-01,0.000000000000000000e+00,-3.529162254486400308e-08,3.012672591405425870e-01,-5.922728085299062695e-01,4.903490806664587698e-01,3.982799629920414475e+00,1.281932177505101356e+00,-3.172558551911988545e+01,-2.576871360558508286e+02,-8.294101188458006391e+01
2.610955674999986513e+02,-1.100242365882808659e+00,6.644915659012970988e-01,0.000000000000000000e+00,-1.825876564283186836e-08,3.012672591405425870e-01,-5.922728085299062695e-01,4.952148008038272931e-01,3.987532612787650699e+00,1.326743948610324741e+00,-3.204039761200763081e+01,-2.579933600473610227e+02,-8.584033347508801626e+01
2.612063433000002988e+02,-1.100242365882808659e+00,6.644915659012970988e-01,0.000000000000000000e+00,-9.351719963514110436e-09,3.012672591405425870e-01,-5.922728085299062695e-01,5.003536740764553681e-01,3.991507874838101877e+00,1.372339012349442555e+00,-3.237288271274666585e+01,-2.582505595020252258e+02,-8.879033409900893048e+01
2.613133655000001454e+02,-1.100242365882808659e+00,6.644915659012970988e-01,0.000000000000000000e+00,-4.860378163270687646e-09,3.012672591405425870e-01,-5.922728085299062695e-01,5.057648889966812611e-01,3.994723707088460252e+00,1.418677609148897290e+00,-3.272298831808527808e+01,-2.584586238486234038e+02,-9.178844131193365286e+01
2.614233033000000432e+02,-1.100242365882808659e+00,6.644915659012970988e-01,0.000000000000000000e+00,-2.568954362729112745e-09,3.012672591405425870e-01,-5.922728085299062695e-01,5.114475910709415096e-01,3.997178727037763668e+00,1.465719331063179753e+00,-3.309065914228991545e+01,-2.586174636393433275e+02,-9.483204071978772731e+01
2.615276397999987239e+02,-1.100242365882808659e+00,6.644915659012970988e-01,0.000000000000000000e+00,-1.341322425772265564e-09,3.012672591405425870e-01,-5.922728085299062695e-01,5.174008829347001015e-01,3.998871879261724160e+00,1.513423157011314579e+00,-3.347583712587509552e+01,-2.587270105882335542e+02,-9.791847825863206367e+01
2.616318584000000556e+02,-1.100242365882808659e+00,6.644915659012970988e-01,0.000000000000000000e+00,-7.183667515795965777e-10,3.012672591405425870e-01,-5.922728085299062695e-01,5.236238244941600062e-01,3.999802435866473438e+00,1.561747488547672091e+00,-3.387846144477215660e+01,-2.587872176005608367e+02,-1.010450625090343948e+02
2.617393682000001718e+02,-1.100242365882808659e+00,6.644915659012970988e-01,0.000000000000000000e+00,-3.840533933675805772e-10,3.012672591405425870e-01,-5.922728085299062695e-01,5.301154330747104293e-01,3.999969996801477023e+00,1.610650186136592277e+00,-3.429846851993376333e+01,-2.587980587930555885e+02,-1.042090670430375212e+02
2.618499675000002753e+02,-1.098388573750537667e+00,6.635534367469897443e-01,0.000000000000000000e+00,-4.113039532257552894e-03,3.019378130711475872e-01,-5.908779234804377722e-01,5.368746835761037950e-01,3.999374490031525564e+00,1.660088605898593306e+00,-3.473579202737391824e+01,-2.587595295050397226e+02,-1.074077328016389856e+02
2.619627597999988211e+02,-1.091256827193940904e+00,6.617932405096730308e-01,0.000000000000000000e+00,-9.674044774024644425e-03,3.053319875177030740e-01,-5.871479120143263675e-01,5.439005086343318141e-01,3.998016171567697175e+00,1.710019636796516806e+00,-3.519036290864126926e+01,-2.586716463004300408e+02,-1.106382705007346487e+02
2.620725571999992098e+02,-1.091256827193940904e+00,6.617932405096730308e-01,0.000000000000000000e+00,-4.989154170533291466e-03,3.053319875177030740e-01,-5.871479120143263675e-01,5.511917987901684413e-01,3.995895625357300585e+00,1.760399738228896505e+00,-3.566210938172390144e+01,-2.585344469606173448e+02,-1.138978630634096021e+02
2.621953612999986944e+02,-1.091256827193940904e+00,6.617932405096730308e-01,0.000000000000000000e+00,-2.601201415111386705e-03,3.053319875177030740e-01,-5.871479120143263675e-01,5.587474026643759473e-01,3.993013763032833729e+00,1.811184977998178791e+00,-3.615095695238512263e+01,-2.583479904682243387e+02,-1.171836680764821779e+02
2.623230026000001089e+02,-1.091256827193940904e+00,6.617932405096730308e-01,0.000000000000000000e+00,-1.285712690314845920e-03,3.053319875177030740e-01,-5.871479120143263675e-01,5.665661271395157073e-01,3.989371823520065252e+00,1.862331070620058870e+00,-3.665682842592666901e+01,-2.581123569817482348e+02,-1.204928202691178143e+02
2.624476483999987977e+02,-1.091129253789636877e+00,6.617423533489950049e-01,0.000000000000000000e+00,-8.273419083499116648e-04,3.053834058882393121e-01,-5.870638105214500690e-01,5.746467375483552686e-01,3.984971372505418330e+00,1.913793415941251075e+00,-3.717964391937858437e+01,-2.578276478011005679e+02,-1.238224340113989541e+02
2.625578193999990617e+02,-1.079579917450215198e+00,6.574570471960320406e-01,0.000000000000000000e+00,-1.768385103702882835e-02,3.101217118243782545e-01,-5.797191499017803062e-01,5.829879578688403896e-01,3.979814301762874429e+00,1.965527138031414767e+00,-3.771932087411397561e+01,-2.574939853240579737e+02,-1.271696058306325341e+02
2.626741205999987869e+02,-1.043230158463176682e+00,6.462218222705738979e-01,0.000000000000000000e+00,-5.584455829925008552e-02,3.253286919782695241e-01,-5.583582055942308831e-01,5.915884709255831986e-01,3.973902828340689197e+00,2.017487124315556102e+00,-3.827577406888523370e+01,-2.571115129936425774e+02,-1.305314169432164988e+02
2.627835603999992600e+02,-1.026013431730688374e+00,6.398738947141263678e-01,0.000000000000000000e+00,-5.357799965479538573e-02,3.316034007487158597e-01,-5.472456356596290261e-01,6.004469185978738022e-01,3.967239493608277101e+00,2.069628064913013876e+00,-3.884891563328243791e+01,-2.566803952364555244e+02,-1.339049357998719927e+02
2.628912860999989789e+02,-1.025759122500222720e+00,6.399260636984657191e-01,0.000000000000000000e+00,-2.791028243791209354e-02,3.317696066457235804e-01,-5.472058982748219114e-01,6.095619020341347394e-01,3.959827162163655156e+00,2.121904492148276145e+00,-3.943865506160852163e+01,-2.562008173919884939e+02,-1.372872206419934855e+02
2.630074758999999176e+02,-1.025314931109181149e+00,6.397930341575321922e-01,0.000000000000000000e+00,-1.526503593631213171e-02,3.319436183819870489e-01,-5.469447511147491614e-01,6.189319818728167277e-01,3.951669020601956905e+00,2.174270820199391885e+00,-4.004489922717124273e+01,-2.556729856329466202e+02,-1.406753220669006623e+02
2.631137603999995918e+02,-1.025062860481460003e+00,6.395441592480942683e-01,0.000000000000000000e+00,-8.779430832384738786e-03,3.319522992247798121e-01,-5.466483354659867899e-01,6.285556784696950672e-01,3.942768576145474491e+00,2.226681384849662937e+00,-4.066755239698927227e+01,-2.550971268766122080e+02,-1.440662855997732095e+02
2.632169899999989866e+02,-1.024618337971641147e+00,6.394112578399527846e-01,0.000000000000000000e+00,-5.267412758918851336e-03,3.321262315878898419e-01,-5.463871548121331800e-01,6.384314721315098584e-01,3.933129655135926939e+00,2.279090483307317783e+00,-4.130651624690869284e+01,-2.544734886872944912e+02,-1.474571542699834765e+02
2.633223335000002407e+02,-1.024506882283468645e+00,6.392101936333133283e-01,0.000000000000000000e+00,-3.728311162438146913e-03,3.320826705445810711e-01,-5.461783331190620538e-01,6.485578033559609157e-01,3.922756401389450254e+00,2.331452414059201672e+00,-4.196168987713067366e+01,-2.538023391698974365e+02,-1.508449711896303427e+02
2.634340813999988313e+02,-1.019960365491471510e+00,6.378094295721780105e-01,0.000000000000000000e+00,-8.151623801343885548e-03,3.338292792261473574e-01,-5.434693006808554161e-01,6.589330730779598966e-01,3.911653274415195281e+00,2.383721516723077194e+00,-4.263296982814400593e+01,-2.530839668546631458e+02,-1.542267821319831000e+02
2.635422419999995327e+02,-9.925285784069912687e-01,6.281527588974222809e-01,0.000000000000000000e+00,-4.453863699536352722e-02,3.433320612170666086e-01,-5.260218476934998000e-01,6.695556429221434236e-01,3.899825047498129749e+00,2.435852211864203642e+00,-4.332025009706268293e+01,-2.523186805731290008e+02,-1.575996381076139699e+02
2.636493730000001960e+02,-9.307313443695361954e-01,6.130500546870302214e-01,0.000000000000000000e+00,-8.167763510758543899e-02,3.661426506862947572e-01,-4.917010564359046709e-01,6.804238354615956830e-01,3.887276805647009503e+00,2.487799040741183187e+00,-4.402342215436524242e+01,-2.515068093253615302e+02,-1.609605979359545529e+02
2.637616916999995738e+02,-9.069958443142938087e-01,6.068628832860875066e-01,0.000000000000000000e+00,-6.691471899356553343e-02,3.738971848828824274e-01,-4.779994291282774199e-01,6.915359344827205490e-01,3.874013943408292082e+00,2.539516704946835457e+00,-4.474237496103202005e+01,-2.506487021385165122e+02,-1.643067308100602588e+02
2.638688652999990154e+02,-9.068386499103957554e-01,6.068986377878674565e-01,0.000000000000000000e+00,-3.440887404444258751e-02,3.739943524016505205e-01,-4.779688074764285588e-01,7.028901852562696728e-01,3.860042162547009159e+00,2.590960105908880262e+00,-4.547699498608064772e+01,-2.497447279167915042e+02,-1.676351188523045721e+02
2.639768623999989359e+02,-9.063525117156130406e-01,6.067952076542735274e-01,0.000000000000000000e+00,-1.862176041535247920e-02,3.741628898623526878e-01,-4.777055116722496719e-01,7.144847948144237293e-01,3.845367469595529109e+00,2.642084384216739412e+00,-4.622716622449321733e+01,-2.487952752828307439e+02,-1.709428596588230391e+02
2.640892046999997547e+02,-9.058666184922881115e-01,6.066890656127388315e-01,0.000000000000000000e+00,-1.025307321014213256e-02,3.743294695107894365e-01,-4.774401225178180330e-01,7.263179322339243793e-01,3.829996173271350557e+00,2.692844958739510020e+00,-4.699277021553491096e+01,-2.478007524106564006e+02,-1.742270688304463135e+02
2.641971720999990794e+02,-9.057136915541170730e-01,6.064993766554379606e-01,0.000000000000000000e+00,-6.094904667767078559e-03,3.742854169514502338e-01,-4.772336121239930118e-01,7.383877289252023246e-01,3.813934881764939888e+00,2.743197565501421131e+00,-4.777368606146059449e+01,-2.467615868501916339e+02,-1.774848824879419453e+02
2.643035731999989366e+02,-9.053272102033553814e-01,6.063572275086175356e-01,0.000000000000000000e+00,-3.839335341428861889e-03,3.743820639900283798e-01,-4.769771037633815935e-01,7.506922789274357299e-01,3.797190499898839278e+00,2.793098296280584591e+00,-4.856979044660509715e+01,-2.456782253434549261e+02,-1.807134597693538183e+02
2.644085975999987568e+02,-9.050951552229619113e-01,6.062586769885751625e-01,0.000000000000000000e+00,-2.467367577326456431e-03,3.744318729612793328e-01,-4.768127052990994708e-01,7.632296392095436754e-01,3.779770226159263835e+00,2.842503636897783625e+00,-4.938095765685747551e+01,-2.445511336325043885e+02,-1.839099853072866040e+02
2.645267100999990362e+02,-9.043799732998487606e-01,6.057574512814785095e-01,0.000000000000000000e+00,-3.542676204613055477e-03,3.744629407695794221e-01,-4.761508120052209692e-01,7.759978299770000643e-01,3.761681549601410879e+00,2.891370505161294346e+00,-5.020705959951190778e+01,-2.433807962592113086e+02,-1.870716716839357616e+02
2.646436032000001433e+02,-9.029628961255489195e-01,6.052592289780353019e-01,0.000000000000000000e+00,-3.862429823517008615e-03,3.748287647497823838e-01,-4.752285043841941725e-01,7.889948349844690956e-01,3.742932246629926407e+00,2.939656288435363862e+00,-5.104796582349515432e+01,-2.421677163569562481e+02,-1.901957618617680623e+02
2.647556002000001172e+02,-9.007010159069359645e-01,6.046995732359325970e-01,0.000000000000000000e+00,-4.303369921303191320e-03,3.755551347740141432e-01,-4.739408345105864950e-01,8.022186018541979102e-01,3.723530377655734913e+00,2.987318880798989440e+00,-5.190354353996660564e+01,-2.409124154343260500e+02,-1.932795315876946347e+02
2.648714313999989827e+02,-8.992531994539176843e-01,6.044557509808128337e-01,0.000000000000000000e+00,-3.267277746370129184e-03,3.760892153228302948e-01,-4.732057237731135402e-01,8.156670424000953545e-01,3.703484283630911200e+00,3.034316719762840897e+00,-5.277365764328617104e+01,-2.396154331509199551e+02,-1.963202917686558067e+02
2.649792508999998972e+02,-8.981995694551141440e-01,6.042731800236688100e-01,0.000000000000000000e+00,-2.432156107378978960e-03,3.764738449943398346e-01,-4.726663941207318587e-01,8.293380329575035237e-01,3.682802582462772811e+00,3.080608822512505895e+00,-5.365817073235047729e+01,-2.382773270853413976e+02,-1.993153908165591304e+02
2.650871050999994623e+02,-8.708238823960137154e-01,5.985606917053976073e-01,0.000000000000000000e+00,-2.527175850736014875e-02,3.855907692581208024e-01,-4.578150940257154633e-01,8.432294147185346311e-01,3.661494165309085336e+00,3.126154821646043747e+00,-5.455694313228919157e+01,-2.368986724954978342e+02,-2.022622169604990461e+02
2.651933864999991783e+02,-7.863770295581100633e-01,5.859916733058978533e-01,0.000000000000000000e+00,-5.579116377290740253e-02,4.139528857673369644e-01,-4.147640890298245342e-01,8.573389940729745362e-01,3.639568192755648912e+00,3.170915000374897375e+00,-5.546983291652145454e+01,-2.354800620712904902e+02,-2.051582005242558751e+02
2.653022805000000517e+02,-7.259605694461264136e-01,5.780386948615733322e-01,0.000000000000000000e+00,-5.143814318899411070e-02,4.322932259206502259e-01,-3.837333704284640046e-01,8.716645429546836521e-01,3.617034090878170183e+00,3.214850327157672716e+00,-5.639669592916803254e+01,-2.340221056798176278e+02,-2.080008161671014477e+02
2.654100920000000770e+02,-7.281168740686179142e-01,5.777586487589136954e-01,0.000000000000000000e+00,-2.857310640401440269e-02,4.312557410170700933e-01,-3.844782725402614565e-01,8.862037991934186287e-01,3.593901547189922496e+00,3.257922489736054139e+00,-5.733738580781418648e+01,-2.325254301031880004e+02,-2.107875850859227000e+02
2.655182340999999724e+02,-7.282996179667504677e-01,5.774260603963171645e-01,0.000000000000000000e+00,-1.649854039221358010e-02,4.309372596493986074e-01,-3.843357041320492606e-01,9.009544668720785854e-01,3.570180506477052873e+00,3.300093928543811117e+00,-5.829175400662348494e+01,-2.309906787690653402e+02,-2.135160771767845915e+02
2.656267115999999078e+02,-7.277332199994246409e-01,5.772228722613274021e-01,0.000000000000000000e+00,-9.548941642096870491e-03,4.310031601191014472e-01,-3.839564040733855488e-01,9.159142166892422221e-01,3.545881166523242811e+00,3.341327869459212785e+00,-5.925964981979397095e+01,-2.294185114740538154e+02,-2.161839131540110657e+02
2.657309734999998909e+02,-7.272889798381227955e-01,5.771170001541987560e-01,0.000000000000000000e+00,-5.471309300128568420e-03,4.310946021394097549e-01,-3.836945085263084865e-01,9.310806863269944778e-01,3.521013973725680479e+00,3.381588355872651164e+00,-6.024092040535654746e+01,-2.278096041000515299e+02,-2.187887666249605445e+02
2.658382363999990048e+02,-7.270168677076824792e-01,5.770424947208568911e-01,0.000000000000000000e+00,-3.258357448706331559e-03,4.311433265954119909e-01,-3.835276686836454063e-01,9.464514808239687937e-01,3.495589618604077131e+00,3.420840280041279602e+00,-6.123541080931078540e+01,-2.261646483236837923e+02,-2.213283661186708002e+02
2.659469214999990072e+02,-7.266299791999393243e-01,5.768369120725422849e-01,0.000000000000000000e+00,-2.619915905846296415e-03,4.311380206963233985e-01,-3.832242558078005068e-01,9.620241729535252695e-01,3.469619031204769222e+00,3.459049413703527698e+00,-6.224296399009308800e+01,-2.244843513189485691e+02,-2.238004970666182487e+02
2.660544157999993331e+02,-7.263591782691526388e-01,5.767637586548880479e-01,0.000000000000000000e+00,-1.693042235426155204e-03,4.311870930661876877e-01,-3.830589041790371518e-01,9.777963036070487224e-01,3.443113376401854886e+00,3.496182437926690589e+00,-6.326342084337605343e+01,-2.227694354532000318e+02,-2.262030037338568889e+02
2.661588670000001002e+02,-7.259877884822305560e-01,5.766459216507295871e-01,0.000000000000000000e+00,-1.409291751787055801e-03,4.312412037920021479e-01,-3.828205103027321199e-01,9.937653821822762801e-01,3.416084049097320996e+00,3.532206972161477054e+00,-6.429662022719327297e+01,-2.210206379765966744e+02,-2.285337910988475869e+02
2.662637486000003264e+02,-7.165181440038699279e-01,5.756629599867335578e-01,0.000000000000000000e+00,-5.011895443871265850e-03,4.341057397989426248e-01,-3.780741331727155985e-01,1.009928886976581897e+00,3.388542669322393230e+00,3.567091602478349444e+00,-6.534239898738485408e+01,-2.192387107051588657e+02,-2.307908266803492268e+02
2.663814185999999609e+02,-6.726316509535519295e-01,5.715656558903513540e-01,0.000000000000000000e+00,-1.776887500888792507e-02,4.470699311970588452e-01,-3.561120267736328504e-01,1.026284265585189370e+00,3.360501077241944134e+00,3.600805908960952095e+00,-6.640059198336174973e+01,-2.174244196975537875e+02,-2.329721423097736022e+02
2.665153544999993755e+02,-6.464909813048649312e-01,5.703925817947685939e-01,0.000000000000000000e+00,-1.134819383905532469e-02,4.552887867284292067e-01,-3.435983382466461511e-01,1.042828935304210169e+00,3.331971328064466498e+00,3.633320492232682497e+00,-6.747103211418240676e+01,-2.155785449257709843e+02,-2.350758358474545560e+02
2.666234265000002779e+02,-6.459288400934140029e-01,5.705470980670135361e-01,0.000000000000000000e+00,-4.733363742339488471e-03,4.556052531474633627e-01,-3.434353569700216990e-01,1.059560283538508285e+00,3.302965686859350214e+00,3.664606999093420026e+00,-6.855355034494148470e+01,-2.137018799397999658e+02,-2.371000728413442857e+02
2.667272677999990265e+02,-6.460505744469893230e-01,5.703959845667546658e-01,0.000000000000000000e+00,-3.167376144576460571e-03,4.554427826381572397e-01,-3.433998412240309994e-01,1.076475668214241121e+00,3.273496623284189333e+00,3.694638147243968440e+00,-6.964797573346140780e+01,-2.117952315264870720e+02,-2.390430881266847791e+02
2.668334285000000818e+02,-6.455117978760180897e-01,5.703567379662347614e-01,0.000000000000000000e+00,-1.867724864383915866e-03,4.555963824457714417e-01,-3.431307984512765308e-01,1.093572418196079532e+00,3.243576806223932074e+00,3.723387749076576103e+00,-7.075413545728635256e+01,-2.098594193626884135e+02,-2.409031873652544959e+02
2.669380838999986736e+02,-6.452758371381381863e-01,5.701913571436438843e-01,0.000000000000000000e+00,-1.720255581205768804e-03,4.555452068119974496e-01,-3.429238228993793935e-01,1.110847833709014409e+00,3.213219098344535229e+00,3.750830734510950837e+00,-7.187185484097324206e+01,-2.078952756628914358e+02,-2.426787485228585410e+02
2.670507667999991099e+02,-6.450945251542155034e-01,5.701664460170168258e-01,0.000000000000000000e+00,-1.002338234499072691e-03,4.555874704627821958e-01,-3.428262430459478316e-01,1.128299186764663231e+00,3.182436550563209732e+00,3.776943172855689923e+00,-7.300095738367370757e+01,-2.059036448214396842e+02,-2.443682232837631432e+02
2.671602480999990803e+02,-6.448583917560206658e-01,5.700011082845722887e-01,0.000000000000000000e+00,-1.257244497200833049e-03,4.555362750681347106e-01,-3.426192719954460619e-01,1.145923721592081002e+00,3.151242396437790472e+00,3.801702293676289202e+00,-7.414126478700764267e+01,-2.038853830495250463e+02,-2.459701384008559160e+02
2.672688729999990755e+02,-6.445722648830853885e-01,5.699389758587095622e-01,0.000000000000000000e+00,-9.281533373648568914e-04,4.555846230205785607e-01,-3.424515841255111326e-01,1.163718655072908614e+00,3.119650046477525862e+00,3.825086506651200757e+00,-7.529259698321719441e+01,-2.018413580070959199e+02,-2.474830969803327037e+02
2.673765274999987014e+02,-6.443920433910594880e-01,5.699133047035215283e-01,0.000000000000000000e+00,-5.984219637204299782e-04,4.556258095638273109e-01,-3.423540514400201240e-01,1.181681177180863740e+00,3.087673082377904610e+00,3.847075420398999412e+00,-7.645477216360188777e+01,-1.997724484298504422e+02,-2.489057796998152696e+02
2.674882754999998724e+02,-6.441544591030679001e-01,5.697488504565113576e-01,0.000000000000000000e+00,-1.035076419138655432e-03,4.555756357456276495e-01,-3.421470337610474366e-01,1.199808451425482536e+00,3.055325251181777890e+00,3.867649860259930961e+00,-7.762760680722873019e+01,-1.976795437514610398e+02,-2.502369459588175573e+02
2.675956912999990891e+02,-6.439741790923467768e-01,5.697232041334635566e-01,0.000000000000000000e+00,-6.470044167916362120e-04,4.556168008362686539e-01,-3.420494995228381963e-01,1.218097615300013814e+00,3.022620459369467660e+00,3.886791885016474435e+00,-7.881091570991090123e+01,-1.955635437212045531e+02,-2.514754349605659058e+02
2.677031430999995791e+02,-6.438693162952824345e-01,5.696860102424902150e-01,0.000000000000000000e+00,-5.051675448428436356e-04,4.556229197047091950e-01,-3.419793931010504107e-01,1.236545780733471656e+00,2.989572766880258747e+00,3.904484802538410015e+00,-8.000451201345562424e+01,-1.934253580171527460e+02,-2.526201667242351334e+02
2.678110211000002892e+02,-6.438693162952824345e-01,5.696860102424902150e-01,0.000000000000000000e+00,-2.666797999465713581e-04,4.556229197047091950e-01,-3.419793931010504107e-01,1.255150034546676618e+00,2.956196381068038725e+00,3.920713184338572965e+00,-8.120820723516997930e+01,-1.912659058551021189e+02,-2.536701430267056878e+02
2.679196374000002834e+02,-6.438693162952824345e-01,5.696860102424902150e-01,0.000000000000000000e+00,-1.403595747209053360e-04,4.556229197047091950e-01,-3.419793931010504107e-01,1.273907438912284196e+00,2.922505650593453019e+00,3.935462879026700556e+00,-8.242181129762478520e+01,-1.890861155933964142e+02,-2.546244482730275251e+02
2.680265416999991430e+02,-6.438693162952824345e-01,5.696860102424902150e-01,0.000000000000000000e+00,-7.378000570550365751e-05,4.556229197047091950e-01,-3.419793931010504107e-01,1.292815031818707494e+00,2.888515059255308159e+00,3.948721024649711531e+00,-8.364513255867038310e+01,-1.868869243338184560e+02,-2.554822502948363478e+02
2.681355332000002818e+02,-6.438693162952824345e-01,5.696860102424902150e-01,0.000000000000000000e+00,-3.897495165173814899e-05,4.556229197047091950e-01,-3.419793931010504107e-01,1.311869827537832212e+00,2.854239219764044488e+00,3.960476059907460211e+00,-8.487797784169774218e+01,-1.846692775187336792e+02,-2.562428010760127108e+02
2.682449485999986791e+02,-6.438693162952824345e-01,5.696860102424902150e-01,0.000000000000000000e+00,-2.042490224555707778e-05,4.556229197047091950e-01,-3.419793931010504107e-01,1.331068817096529688e+00,2.819692867459505425e+00,3.970717734234411544e+00,-8.612015246614546982e+01,-1.824341285246300117e+02,-2.569054374049664489e+02
2.683528160999994725e+02,-6.260151205387388673e-01,5.684779893247954297e-01,0.000000000000000000e+00,-4.881593073942128505e-03,4.606768018819829558e-01,-3.330827352994304436e-01,1.350408968751786398e+00,2.784890853976285996e+00,3.979437116738258062e+00,-8.737146027824059047e+01,-1.801824382522657118e+02,-2.574695814529653148e+02
2.684615978000001633e+02,-5.420984538156083943e-01,5.671793221491469028e-01,0.000000000000000000e+00,2.476653442461739223e-03,4.858616333911676688e-01,-2.926275049820716290e-01,1.369887228469458096e+00,2.749848140858841106e+00,3.986626603987802664e+00,-8.863170368197394566e+01,-1.779151747135670405e+02,-2.579347412780108471e+02
2.685811376999990898e+02,-4.677374680182539990e-01,5.694595471652630359e-01,0.000000000000000000e+00,2.632601531281634696e-02,5.082942816094185856e-01,-2.567510450627835117e-01,1.389500520406541817e+00,2.714579793129534568e+00,3.992279926643249155e+00,-8.990068367030326613e+01,-1.756333126154808895e+02,-2.583005112538182289e+02
2.686864408999990701e+02,-4.693528554721702051e-01,5.690455101306242103e-01,0.000000000000000000e+00,1.158914250765203172e-02,5.075096026218626211e-01,-2.573845291512708022e-01,1.409245747396864923e+00,2.679100972812066050e+00,3.996392154923182005e+00,-9.117819985657716586e+01,-1.733378329409406717e+02,-2.585665724235298626e+02
2.687948861999993824e+02,-4.696331889910472235e-01,5.687903190348081450e-01,0.000000000000000000e+00,5.019177504937069254e-03,5.072098665038130560e-01,-2.574113019059243723e-01,1.429119791440197407e+00,2.643426932413275310e+00,3.998959702903388091e+00,-9.246405050618078292e+01,-1.710297225271389152e+02,-2.587326927778491950e+02
2.689024329000003490e+02,-4.696331889910472235e-01,5.687903190348081450e-01,0.000000000000000000e+00,2.637213398369011187e-03,5.072098665038130560e-01,-2.574113019059243723e-01,1.449119514194597613e+00,2.607573008365968725e+00,3.999980331643851805e+00,-9.375803256839047606e+01,-1.687099736412781965e+02,-2.587987274573572449e+02
2.690103885999997146e+02,-4.696331889910472235e-01,5.687903190348081450e-01,0.000000000000000000e+00,1.388911671870156567e-03,5.072098665038130560e-01,-2.574113019059243723e-01,1.469241757471998255e+00,2.571554614435805242e+00,3.999453151141135088e+00,-9.505994170843828783e+01,-1.663795835539966106e+02,-2.587646188788314703e+02
2.691232000999989395e+02,-4.696331889910472235e-01,5.687903190348081450e-01,0.000000000000000000e+00,7.308330510502974130e-04,5.072098665038130560e-01,-2.574113019059243723e-01,1.489483343736927257e+00,2.535387235094732628e+00,3.997378621104473506e+00,-9.636957233977919657e+01,-1.640395541106292114e+02,-2.586303967854594248e+02
2.692310878999996930e+02,-4.696331889910472235e-01,5.687903190348081450e-01,0.000000000000000000e+00,3.763837198139817399e-04,5.072098665038130560e-01,-2.574113019059243723e-01,1.509841076608254173e+00,2.499086418864296721e+00,3.993758550554909803e+00,-9.768671765655405181e+01,-1.616908913005200077e+02,-2.583961782209026978e+02
2.693348151999998663e+02,-4.696331889910472235e-01,5.687903190348081450e-01,0.000000000000000000e+00,1.985558114111874524e-04,5.072098665038130560e-01,-2.574113019059243723e-01,1.530311741363969968e+00,2.462667771631082747e+00,3.988596096247789546e+00,-9.901116966624886118e+01,-1.593346048245310556e+02,-2.580621674272319979e+02
2.694418759000000136e+02,-4.696331889910472235e-01,5.687903190348081450e-01,0.000000000000000000e+00,1.064973618664630982e-04,5.072098665038130560e-01,-2.574113019059243723e-01,1.550892105448805847e+00,2.426146949937811215e+00,3.981895759920039968e+00,-1.003427192225377382e+02,-1.569717076609763922e+02,-2.576286556668266030e+02
2.695557167999995727e+02,-4.696331889910472235e-01,5.687903190348081450e-01,0.000000000000000000e+00,5.622079316351147359e-05,5.072098665038130560e-01,-2.574113019059243723e-01,1.571578918984698259e+00,2.389539654252471390e+00,3.973663384364570561e+00,-1.016811560583099805e+02,-1.546032156301349119e+02,-2.570960209683877338e+02
2.696612707999993290e+02,-4.696331889910472235e-01,5.687903190348081450e-01,0.000000000000000000e+00,2.872145755864795457e-05,5.072098665038130560e-01,-2.574113019059243723e-01,1.592368915283986386e+00,2.352861622218564541e+00,3.963906148335276214e+00,-1.030262688188739304e+02,-1.522301469575411375e+02,-2.564647277972923689e+02
2.697806799999998475e+02,-4.696331889910472235e-01,5.687903190348081450e-01,0.000000000000000000e+00,1.536324449625353663e-05,5.072098665038130560e-01,-2.574113019059243723e-01,1.613258811365237300e+00,2.316128621889560701e+00,3.952632560287074437e+00,-1.043778450953308550e+02,-1.498535218362545720e+02,-2.557353266505737395e+02
2.698948538000004191e+02,-4.696331889910472235e-01,5.687903190348081450e-01,0.000000000000000000e+00,7.682579369457188525e-06,5.072098665038130560e-01,-2.574113019059243723e-01,1.634245308471702351e+00,2.279356444949960814e+00,3.939852450956377261e+00,-1.057356714581191426e+02,-1.474743619882624728e+02,-2.549084535768776334e+02
2.700114254000000074e+02,-4.696331889910472235e-01,5.687903190348081450e-01,0.000000000000000000e+00,3.933677006330983996e-06,5.072098665038130560e-01,-2.574113019059243723e-01,1.655325092592205394e+00,2.242560899926534290e+00,3.925576964788553447e+00,-1.070995334907157002e+02,-1.450936902252467746e+02,-2.539848296218194150e+02
2.701359028999995644e+02,-4.696331889910472235e-01,5.687903190348081450e-01,0.000000000000000000e+00,1.999141294573063663e-06,5.072098665038130560e-01,-2.574113019059243723e-01,1.676494834984469495e+00,2.205757805392045245e+00,3.909818550219832822e+00,-1.084692158234951762e+02,-1.427125300088653432e+02,-2.529652601992231951e+02
2.702496073999991495e+02,-4.696331889910472235e-01,5.687903190348081450e-01,0.000000000000000000e+00,9.804350070365041586e-07,5.072098665038130560e-01,-2.574113019059243723e-01,1.697751192700768907e+00,2.168962983164865577e+00,3.892590948822031827e+00,-1.098445021677397477e+02,-1.403319050107668033e+02,-2.518506343887854655e+02
2.703692313999999897e+02,-4.696331889910472235e-01,5.687903190348081450e-01,0.000000000000000000e+00,5.032837994633063831e-07,5.072098665038130560e-01,-2.574113019059243723e-01,1.719090809115796814e+00,2.132192251507050607e+00,3.873909183319760530e+00,-1.112251753497920532e+02,-1.379528386725061750e+02,-2.506419241607885056e+02
2.704943220999994082e+02,-4.696331889910472235e-01,5.687903190348081450e-01,0.000000000000000000e+00,2.517841577792656399e-07,5.072098665038130560e-01,-2.574113019059243723e-01,1.740510314456750862e+00,2.095461418324024105e+00,3.853789544490326957e+00,-1.126110173453517831e+02,-1.355763537655643631e+02,-2.493401835285241646e+02
2.706116712000002735e+02,-4.696331889910472235e-01,5.687903190348081450e-01,0.000000000000000000e+00,1.232405080102654837e-07,5.072098665038130560e-01,-2.574113019059243723e-01,1.762006326335434636e+00,2.058786274368634039e+00,3.832249576957970305e+00,-1.140018093139026263e+02,-1.332034719516506414e+02,-2.479465476291806851e+02
2.707256046000002243e+02,-4.696331889910472235e-01,5.687903190348081450e-01,0.000000000000000000e+00,6.235668647221642741e-08,5.072098665038130560e-01,-2.574113019059243723e-01,1.783575450282383290e+00,2.022182586452726749e+00,3.809308063894666141e+00,-1.153973316332701984e+02,-1.308352133434914322e+02,-2.464622317339849076e+02
2.708342176999994990e+02,-4.696331889910472235e-01,5.687903190348081450e-01,0.000000000000000000e+00,3.180410219852510480e-08,5.072098665038130560e-01,-2.574113019059243723e-01,1.805214280282893879e+00,1.985666090668807726e+00,3.784985010640968817e+00,-1.167973639343032346e+02,-1.284725960662718762e+02,-2.448885301884706962e+02
2.709410191999995732e+02,-4.696331889910472235e-01,5.687903190348081450e-01,0.000000000000000000e+00,1.687466457893706614e-08,5.072098665038130560e-01,-2.574113019059243723e-01,1.826919399314852255e+00,1.949252485625174280e+00,3.759301627260977163e+00,-1.182016851356709424e+02,-1.261166358199487831e+02,-2.432268152837852426e+02
2.710470102999988740e+02,-4.696331889910472235e-01,5.687903190348081450e-01,0.000000000000000000e+00,8.927921580306720976e-09,5.072098665038130560e-01,-2.574113019059243723e-01,1.848687379888355631e+00,1.912957425696837799e+00,3.732280310046934613e+00,-1.196100734787766129e+02,-1.237683454425854137e+02,-2.414785360600366744e+02
2.711553275999995094e+02,-4.696331889910472235e-01,5.687903190348081450e-01,0.000000000000000000e+00,4.735452154588523972e-09,5.072098665038130560e-01,-2.574113019059243723e-01,1.870514784586928769e+00,1.876796514295772766e+00,3.703944621989247565e+00,-1.210223065627742898e+02,-1.214287344749365047e+02,-2.396452170427043313e+02
2.712637479999993957e+02,-4.696331889910472235e-01,5.687903190348081450e-01,0.000000000000000000e+00,2.487261807021803154e-09,5.072098665038130560e-01,-2.574113019059243723e-01,1.892398166610338661e+00,1.840785297162889300e+00,3.674319272229254807e+00,-1.224381613796889212e+02,-1.190988087264389463e+02,-2.377284569132328045e+02
2.713715178000002197e+02,-4.696331889910472235e-01,5.687903190348081450e-01,0.000000000000000000e+00,1.307054640742546532e-09,5.072098665038130560e-01,-2.574113019059243723e-01,1.914334070318895797e+00,1.804939255684799626e+00,3.643430094512460915e+00,-1.238574143496325632e+02,-1.167795698428065378e+02,-2.357299271149562401e+02
2.714794148999990284e+02,-4.696331889910472235e-01,5.687903190348081450e-01,0.000000000000000000e+00,6.880595981484877998e-10,5.072098665038130560e-01,-2.574113019059243723e-01,1.936319031779091038e+00,1.769273800238432948e+00,3.611304024661187384e+00,-1.252798413561071982e+02,-1.144720148754266233e+02,-2.336513703955788230e+02
2.715894756999987294e+02,-4.696331889910472235e-01,5.687903190348081450e-01,0.000000000000000000e+00,3.623287601970598439e-10,5.072098665038130560e-01,-2.574113019059243723e-01,1.958349579310664446e+00,1.733804263565873915e+00,3.577969077086028626e+00,-1.267052177813999947e+02,-1.121771358527120412e+02,-2.314945992874660590e+02
2.716967490999995789e+02,-4.696331889910472235e-01,5.687903190348081450e-01,0.000000000000000000e+00,1.889584434959967778e-10,5.072098665038130560e-01,-2.574113019059243723e-01,1.980422234034774354e+00,1.698545894182892591e+00,3.543454320356993925e+00,-1.281333185420498921e+02,-1.098959193536331611e+02,-2.292614945270975113e+02
2.718038066999997682e+02,-4.696331889910472235e-01,5.687903190348081450e-01,0.000000000000000000e+00,9.981271412734359439e-11,5.072098665038130560e-01,-2.574113019059243723e-01,2.002533510423365470e+00,1.663513849823428759e+00,3.507789851855169783e+00,-1.295639181243917619e+02,-1.076293460835758395e+02,-2.269540034150294900e+02
2.719178445999987161e+02,-4.696331889910472235e-01,5.687903190348081450e-01,0.000000000000000000e+00,5.262704365305568392e-11,5.072098665038130560e-01,-2.574113019059243723e-01,2.024679916849580152e+00,1.628723190923297537e+00,3.471006771527403778e+00,-1.309967906201678431e+02,-1.053783904527373494e+02,-2.245741381178230256e+02
2.720289426999988791e+02,-4.696331889910472235e-01,5.687903190348081450e-01,0.000000000000000000e+00,2.705571649602116487e-11,5.072098665038130560e-01,-2.574113019059243723e-01,2.046857956139102708e+00,1.594188874145591406e+00,3.433137154766741084e+00,-1.324317097621999437e+02,-1.031440201572197708e+02,-2.221239739134081503e+02
2.721361822999988362e+02,-4.696331889910472235e-01,5.687903190348081450e-01,0.000000000000000000e+00,1.405359747381143594e-11,5.072098665038130560e-01,-2.574113019059243723e-01,2.069064126122438285e+00,1.559925745950765386e+00,3.394214024442102406e+00,-1.338684489601217535e+02,-1.009271957630145238e+02,-2.196056473814040260e+02
2.722468222999996215e+02,-4.696331889910472235e-01,5.687903190348081450e-01,0.000000000000000000e+00,7.421306092154264369e-12,5.072098665038130560e-01,-2.574113019059243723e-01,2.091294920187925843e+00,1.525948536214029261e+00,3.354271322101898267e+00,-1.353067813361588207e+02,-9.872887029304769158e+01,-2.170213545399928137e+02
2.723550474999992730e+02,-4.696331889910472235e-01,5.687903190348081450e-01,0.000000000000000000e+00,3.864659736565657153e-12,5.072098665038130560e-01,-2.574113019059243723e-01,2.113546827835473430e+00,1.492271851892989609e+00,3.313343878376556972e+00,-1.367464797609551397e+02,-9.654998881747643225e+01,-2.143733489309632319e+02
2.724641553000001295e+02,-4.696331889910472235e-01,5.687903190348081450e-01,0.000000000000000000e+00,2.028391089634713474e-12,5.072098665038130560e-01,-2.574113019059243723e-01,2.135816335230918739e+00,1.458910170747947266e+00,3.271467382605559138e+00,-1.381873168894404387e+02,-9.439148804739218690e+01,-2.116639396545796785e+02
2.725745919000000868e+02,-4.696331889910472235e-01,5.687903190348081450e-01,0.000000000000000000e+00,1.062002007695054910e-12,5.072098665038130560e-01,-2.574113019059243723e-01,2.158099925760874616e+00,1.425877835117978831e+00,3.228678351715961625e+00,-1.396290651967285896e+02,-9.225429593213323187e+01,-2.088954893560227219e+02
2.726836998999988282e+02,-4.696331889910472235e-01,5.687903190348081450e-01,0.000000000000000000e+00,5.537564724235135799e-13,5.072098665038130560e-01,-2.574113019059243723e-01,2.180394080588083039e+00,1.393189045754941402e+00,3.185014098378953218e+00,-1.410714970140489868e+02,-9.013933126034471854e+01,-2.060704121651182845e+02
2.727883956999994552e+02,-4.696331889910472235e-01,5.687903190348081450e-01,0.000000000000000000e+00,2.903999855392228814e-13,5.072098665038130560e-01,-2.574113019059243723e-01,2.202695279207054657e+00,1.360857855718629050e+00,3.140512698472711417e+00,-1.425143845646964564e+02,-8.804750326499529933e+01,-2.031911715911844283e+02
2.728926746999986790e+02,-4.696331889910472235e-01,5.687903190348081450e-01,0.000000000000000000e+00,1.548872203581119580e-13,5.072098665038130560e-01,-2.574113019059243723e-01,2.225000000000004086e+00,1.328898164335251320e+00,3.095212957879733384e+00,-1.439575000000002660e+02,-8.597971123249075731e+01,-2.002602783748187676e+02
2.730011752999998862e+02,-4.696331889910472235e-01,5.687903190348081450e-01,0.000000000000000000e+00,8.282591416751606727e-14,5.072098665038130560e-01,-2.574113019059243723e-01,2.247304720792960175e+00,1.297323711222019282e+00,3.049154378647380703e+00,-1.454006154353045304e+02,-8.393684411606464835e+01,-1.972802882984855444e+02
2.731053099999990081e+02,-4.696331889910472235e-01,5.687903190348081450e-01,0.000000000000000000e+00,4.353227129666577823e-14,5.072098665038130560e-01,-2.574113019059243723e-01,2.269605919411931794e+00,1.266148070380484825e+00,3.002377124541680153e+00,-1.468435029859520000e+02,-8.191978015361736709e+01,-1.942537999578467236e+02
2.732128248999997595e+02,-4.696331889910472235e-01,5.687903190348081450e-01,0.000000000000000000e+00,2.334584175830045007e-14,5.072098665038130560e-01,-2.574113019059243723e-01,2.291900074239140217e+00,1.235384644360973505e+00,2.954921986023768099e+00,-1.482859348032723688e+02,-7.992938649015498243e+01,-1.911834524957378108e+02
2.733262696000001597e+02,-4.696331889910472235e-01,5.687903190348081450e-01,0.000000000000000000e+00,1.227781291104236775e-14,5.072098665038130560e-01,-2.574113019059243723e-01,2.314183664769096094e+00,1.205046658500786183e+00,2.906830344680090938e+00,-1.497276831105605197e+02,-7.796651880500087373e+01,-1.880719233008018989e+02
2.734388170999991416e+02,-4.696331889910472235e-01,5.687903190348081450e-01,0.000000000000000000e+00,6.266556205407500007e-15,5.072098665038130560e-01,-2.574113019059243723e-01,2.336453172164534742e+00,1.175147155238526642e+00,2.858144137137000662e+00,-1.511685202390453924e+02,-7.603202094393267885e+01,-1.849219256727639618e+02
2.735514864999986457e+02,-4.696331889910472235e-01,5.687903190348081450e-01,0.000000000000000000e+00,3.260037884079056173e-15,5.072098665038130560e-01,-2.574113019059243723e-01,2.358705079812088989e+00,1.145698988507158900e+00,2.808905818491486794e+00,-1.526082186638421661e+02,-7.412672455641317981e+01,-1.817362064563992021e+02
2.736591072999999597e+02,-4.696331889910472235e-01,5.687903190348081450e-01,0.000000000000000000e+00,1.680883889260237502e-15,5.072098665038130560e-01,-2.574113019059243723e-01,2.380935873877576103e+00,1.116714818208001780e+00,2.759158325289534197e+00,-1.540465510398791764e+02,-7.225144873805771795e+01,-1.785175436462328662e+02
2.737658701000000292e+02,-4.696331889910472235e-01,5.687903190348081450e-01,0.000000000000000000e+00,8.868956933548559845e-16,5.072098665038130560e-01,-2.574113019059243723e-01,2.403142043860912125e+00,1.088207104768198707e+00,2.708945038085009749e+00,-1.554832902378010147e+02,-7.040699967850245855e+01,-1.752687439641001390e+02
2.738732364999996207e+02,-4.696331889910472235e-01,5.687903190348081450e-01,0.000000000000000000e+00,4.687660990002158669e-16,5.072098665038130560e-01,-2.574113019059243723e-01,2.425320083150434236e+00,1.060188103783885172e+00,2.658309743611004805e+00,-1.569182093798331152e+02,-6.859417031481737581e+01,-1.719926404116320100e+02
2.739802648999993835e+02,-4.696331889910472235e-01,5.687903190348081450e-01,0.000000000000000000e+00,2.475433840866292408e-16,5.072098665038130560e-01,-2.574113019059243723e-01,2.447466489576643145e+00,1.032669860751519675e+00,2.607296596597247440e+00,-1.583510818756088270e+02,-6.681373999062333269e+01,-1.686920897998419093e+02
2.740839163999989978e+02,-4.696331889910472235e-01,5.687903190348081450e-01,0.000000000000000000e+00,1.309129959738240561e-16,5.072098665038130560e-01,-2.574113019059243723e-01,2.469577765965240257e+00,1.005664205889384100e+00,2.555950081266475937e+00,-1.597816814579510378e+02,-6.506647412104315720e+01,-1.653699702579409916e+02
2.741876414999987901e+02,-4.696331889910472235e-01,5.687903190348081450e-01,0.000000000000000000e+00,7.031103554722462665e-17,5.072098665038130560e-01,-2.574113019059243723e-01,2.491650420689349943e+00,9.791827490518298927e-01,2.504314972543631335e+00,-1.612097822186009353e+02,-6.335312386365339421e+01,-1.620291787235729544e+02
2.742947024999994028e+02,-4.696331889910472235e-01,5.687903190348081450e-01,0.000000000000000000e+00,3.771127364049700275e-17,5.072098665038130560e-01,-2.574113019059243723e-01,2.513680968220923351e+00,9.532368747380211005e-01,2.452436297011285404e+00,-1.626351586438937602e+02,-6.167442579554996485e+01,-1.586726284166301753e+02
2.744075429999993503e+02,-4.696331889910472235e-01,5.687903190348081450e-01,0.000000000000000000e+00,1.989730203445962163e-17,5.072098665038130560e-01,-2.574113019059243723e-01,2.535665929681118591e+00,9.278377371977857280e-01,2.400359293645988767e+00,-1.640575856503683667e+02,-6.003110159669673607e+01,-1.553032462988954876e+02
2.745145924999997078e+02,-4.696331889910472235e-01,5.687903190348081450e-01,0.000000000000000000e+00,1.025701976907305373e-17,5.072098665038130560e-01,-2.574113019059243723e-01,2.557601833389663515e+00,9.029962556363169135e-01,2.348129374369037237e+00,-1.654768386203112414e+02,-5.842385773966970675e+01,-1.519239705216767220e+02
2.746217839000000822e+02,-4.696331889910472235e-01,5.687903190348081450e-01,0.000000000000000000e+00,5.416617513152439117e-18,5.072098665038130560e-01,-2.574113019059243723e-01,2.579485215413079402e+00,8.787231095199297126e-01,2.295792084446675041e+00,-1.668926934372262565e+02,-5.685338518593945167e+01,-1.485377478636998774e+02
2.747291538999998011e+02,-4.696331889910472235e-01,5.687903190348081450e-01,0.000000000000000000e+00,2.860573508722614383e-18,5.072098665038130560e-01,-2.574113019059243723e-01,2.601312620111652762e+00,8.550287339849638180e-01,2.243393062774020841e+00,-1.683049265212239334e+02,-5.532035908882716058e+01,-1.451475311614791508e+02
2.748383395000000746e+02,-4.696331889910472235e-01,5.687903190348081450e-01,0.000000000000000000e+00,1.510689422123920011e-18,5.072098665038130560e-01,-2.574113019059243723e-01,2.623080600685155694e+00,8.319233153516341073e-01,2.190978002077122788e+00,-1.697133148643295897e+02,-5.382543850325073009e+01,-1.417562767343898429e+02
2.749450872999987041e+02,-4.696331889910472235e-01,5.687903190348081450e-01,0.000000000000000000e+00,7.914880110925387009e-19,5.072098665038130560e-01,-2.574113019059243723e-01,2.644785719717114070e+00,8.094167867449029163e-01,2.138592609068295403e+00,-1.711176360656972975e+02,-5.236926610239522262e+01,-1.383669418067187280e+02
2.750526300000001356e+02,-4.629992052467968300e-01,5.631175898556494142e-01,0.000000000000000000e+00,-2.496308851429991302e-02,5.038308682165093533e-01,-2.515072091154322842e-01,2.666424549717618664e+00,7.875188238241523919e-01,2.086282564589265753e+00,-1.725176683667299358e+02,-5.095246790142266491e+01,-1.349824819289254947e+02
2.751617280999998911e+02,-4.040511019358535294e-01,5.213770017898859965e-01,0.000000000000000000e+00,-1.912120736066430793e-01,4.793935707365182264e-01,-2.049775166497576073e-01,2.687993673664573535e+00,7.662388406236215754e-01,2.034093483776619138e+00,-1.739131906860979200e+02,-4.957565298834831680e+01,-1.316058484003472699e+02
2.752692182999999204e+02,-3.499645588050359635e-01,4.733661371797853179e-01,0.000000000000000000e+00,-3.025398624713603324e-01,4.446729848538541474e-01,-1.623004509225876857e-01,2.709489685543257309e+00,7.455859855052389129e-01,1.982070876284927952e+00,-1.753039826546487632e+02,-4.823941326218896108e+01,-1.282399856956348572e+02
2.753761163999988639e+02,-3.104066644740925973e-01,3.760659422086548020e-01,0.000000000000000000e+00,-5.817141535315925038e-01,3.580935382150873258e-01,-1.148677969575594149e-01,2.730909190884211135e+00,7.255691372257131455e-01,1.930260106601476400e+00,-1.766898246502084646e+02,-4.694432317850364456e+01,-1.248878288971155257e+02
2.754834267999995063e+02,-2.543062246586837993e-01,2.599226778780959757e-01,0.000000000000000000e+00,-8.102934946585453879e-01,2.515630614613704186e-01,-6.538978959671924718e-02,2.752248807299239264e+00,7.061969011194899615e-01,1.878706354487855501e+00,-1.780704978322607985e+02,-4.569093950243100011e+01,-1.215523011353642602e+02
2.755931127999992896e+02,3.450492211776623463e-03,1.443548670620105612e-01,0.000000000000000000e+00,-8.533001746755383143e-01,1.443540077258096410e-01,4.980943561515022025e-04,2.773505165015532903e+00,6.874776053993252312e-01,1.827454575582488916e+00,-1.794457841765049864e+02,-4.447980106933634659e+01,-1.182363110401870330e+02
2.757003896999995050e+02,3.450492211776623463e-03,0.000000000000000000e+00,0.000000000000000000e+00,0.000000000000000000e+00,0.000000000000000000e+00,0.000000000000000000e+00,2.794674907407802777e+00,6.694192975758903597e-01,1.776549462198746321e+00,-1.808154665092848461e+02,-4.331142855316010554e+01,-1.149427502042588856e+02
2.758072243999995408e+02,3.450492211776623463e-03,0.000000000000000000e+00,0.000000000000000000e+00,0.000000000000000000e+00,0.000000000000000000e+00,0.000000000000000000e+00,2.815754691528305820e+00,6.520297409981847814e-01,1.726035404352409319e+00,-1.821793285418814037e+02,-4.218632424258255753e+01,-1.116744906616008848e+02
2.759180172999986098e+02,3.450492211776623463e-03,0.000000000000000000e+00,0.000000000000000000e+00,0.000000000000000000e+00,0.000000000000000000e+00,0.000000000000000000e+00,2.836741188634770872e+00,6.353164115159530834e-01,1.675956451053113305e+00,-1.835371549046696771e+02,-4.110497182508216696e+01,-1.084343823831364375e+02
2.760249903999992966e+02,2.028959543966918133e+00,1.661506492604730434e-01,0.000000000000000000e+00,8.233746822591696546e-01,-7.348868225140196830e-02,1.490149382801241318e-01,2.857631084716021785e+00,6.192864942658524718e-01,1.626356271892785532e+00,-1.848887311811266159e+02,-4.006783617900065764e+01,-1.052252507914632247e+02
2.761322017999991658e+02,2.083758666648437341e+00,1.882716378638143728e-01,0.000000000000000000e+00,5.366698112796337572e-01,-9.239627691164122025e-02,1.640400488807247925e-01,2.878421081015303695e+00,6.039468805824799169e-01,1.577278118965209863e+00,-1.862338439416901679e+02,-3.907536317368645484e+01,-1.020498942970490788e+02
2.762401840999991691e+02,2.096354295235136611e+00,2.088449270749052067e-01,0.000000000000000000e+00,3.732604286708666175e-01,-1.047766123387754850e-01,1.806600815668265858e-01,2.899107894551201881e+00,5.893041650357939698e-01,1.528764789149508641e+00,-1.875722807774627654e+02,-3.812797947781587027e+01,-9.891108185797321539e+01
2.763490017999993142e+02,2.111215624996940932e+00,2.302639645627972687e-01,0.000000000000000000e+00,2.921632309941771255e-01,-1.184697924970943977e-01,1.974497445981446553e-01,2.919688258636037759e+00,5.753646425960567967e-01,1.480858586790721576e+00,-1.889038303337516425e+02,-3.722609237596487475e+01,-9.581155056535969550e+01
2.764584185000003345e+02,2.114080964782868222e+00,2.423333372659082774e-01,0.000000000000000000e+00,2.059748963559623336e-01,-1.252743339630380814e-01,2.074410460843023329e-01,2.940158923391753554e+00,5.621343059276042720e-01,1.433601286809625730e+00,-1.902282823434464660e+02,-3.637008959351599913e+01,-9.275400325658279144e+01
2.765655435999997280e+02,2.145236531061447849e+00,2.565696819809610840e-01,0.000000000000000000e+00,1.704355432431536865e-01,-1.394109670912876686e-01,2.153893775618552220e-01,2.960516656263080471e+00,5.496188428125750036e-01,1.387034098274567029e+00,-1.915454276602213213e+02,-3.556033912997360602e+01,-8.974110615836448801e+01
2.766738832999999431e+02,2.239919478007465159e+00,2.830712373136871629e-01,0.000000000000000000e+00,2.135445275311805557e-01,-1.755886512513529230e-01,2.220314188263286248e-01,2.980758242528003699e+00,5.378236337056907512e-01,1.341197628466380021e+00,-1.928550582915618463e+02,-3.479718910075819593e+01,-8.677548656177479813e+01
2.767813733999992110e+02,2.297727098884996266e+00,2.988652714390728216e-01,0.000000000000000000e+00,1.867640955659468638e-01,-1.986196990422583186e-01,2.233174100349397395e-01,3.000880485805415887e+00,5.267537494212000126e-01,1.296131847468305009e+00,-1.941569674316104113e+02,-3.408096758755164046e+01,-8.385973053119933240e+01
2.768889527999999700e+02,2.294982263081999818e+00,2.980792394174180959e-01,0.000000000000000000e+00,9.498024204625296618e-02,-1.974852154072036792e-01,2.232729779154585259e-01,3.020880208559815649e+00,5.164139489528947191e-01,1.251876053311544723e+00,-1.954509494938200760e+02,-3.341198249725228919e+01,-8.099638064925694891e+01
2.769998593000000255e+02,2.295306958415189946e+00,2.982210412337576444e-01,0.000000000000000000e+00,5.067469793391020383e-02,-1.976516825478712436e-01,2.233150282012881238e-01,3.040754252603148355e+00,5.068086774282036799e-01,1.208468837706665688e+00,-1.967368001434236930e+02,-3.279052142960478022e+01,-7.818793379962127688e+01
2.771070311999992555e+02,2.296107226682094549e+00,2.982675769983686442e-01,0.000000000000000000e+00,2.655410654231749393e-02,-1.978612015110634281e-01,2.231916047369974787e-01,3.060499479593471239e+00,4.979420641972001071e-01,1.165948052391122092e+00,-1.980143163296976070e+02,-3.221685155355884689e+01,-7.543683898970560620e+01
2.772144026999994821e+02,2.296399521738377913e+00,2.982194908363365871e-01,0.000000000000000000e+00,1.381191253158847720e-02,-1.978945215175134387e-01,2.230977881289687992e-01,3.080112771530549409e+00,4.898179210573974096e-01,1.124350776122034157e+00,-1.992832963180265438e+02,-3.169121949241361236e+01,-7.274549521509561600e+01
2.773271616999991238e+02,2.296906141196815021e+00,2.983133833407602409e-01,0.000000000000000000e+00,7.686317264759996715e-03,-1.980698632023497052e-01,2.230677116285856576e-01,3.099591031248226436e+00,4.824397406150122691e-01,1.083713282342821049e+00,-2.005435397217602542e+02,-3.121385121779129435e+01,-7.011624936758052229e+01
2.774341308000002755e+02,2.297522468766421966e+00,2.984104371599579086e-01,0.000000000000000000e+00,4.397984597395137446e-03,-1.982717934813605920e-01,2.230181268769018121e-01,3.118931182903483368e+00,4.758106947835114564e-01,1.044071007552377583e+00,-2.017948475338553749e+02,-3.078495195249319138e+01,-6.755139418863883805e+01
2.775380738000003475e+02,2.297522468766421966e+00,2.984104371599579086e-01,0.000000000000000000e+00,2.323177766189734976e-03,-1.982717934813605920e-01,2.230181268769018121e-01,3.138130172462180401e+00,4.699336334199541998e-01,1.005458520403782252e+00,-2.030370221583030741e+02,-3.040470608227103710e+01,-6.505316627012471997e+01
2.776416505999986839e+02,2.298326680229783037e+00,2.984567522240498816e-01,0.000000000000000000e+00,1.456143088312525933e-03,-1.984818838608238545e-01,2.228931912984026820e-01,3.157184968181304896e+00,4.648110830998557486e-01,9.679094915599970594e-01,-2.042698674413304332e+02,-3.007327707656066806e+01,-6.262374410393181279e+01
2.777541844999996101e+02,2.298646569795007366e+00,2.985978578125753069e-01,0.000000000000000000e+00,1.413226788548968592e-03,-1.986470476822231879e-01,2.229350379312222130e-01,3.176092561087723087e+00,4.604452460309809148e-01,9.314566643325115081e-01,-2.054931887023757042e+02,-2.979080741820446576e+01,-6.026524618231349706e+01
2.778622954000002210e+02,2.298936398418819138e+00,2.985538568974680507e-01,0.000000000000000000e+00,5.381962971502948301e-04,-1.986823704538368263e-01,2.228446120937147001e-01,3.194849965453335550e+00,4.568379991066195966e-01,8.961318261287400944e-01,-2.067067927648308228e+02,-2.955741854219828824e+01,-5.797972915052948650e+01
2.779704376999998203e+02,2.299124754932506676e+00,2.985030751596920440e-01,0.000000000000000000e+00,6.074767671771338006e-05,-1.986905396660898770e-01,2.227692872165971116e-01,3.213454219266540512e+00,4.539908930986922275e-01,8.619657807328937604e-01,-2.079104879865451778e+02,-2.937321078348538705e+01,-5.576918601341822779e+01
2.780811436000003596e+02,2.294561592356394897e+00,3.094254137703099095e-01,0.000000000000000000e+00,4.800293787267389395e-02,-2.049048320379139587e-01,2.318579230788583023e-01,3.231902384699998354e+00,4.519051519910699533e-01,8.289883214445901150e-01,-2.091040842900899008e+02,-2.923826333382222842e+01,-5.363554439746498304e+01
2.781882196999995358e+02,2.308633124668006964e+00,3.515845981929336950e-01,0.000000000000000000e+00,2.076214073824919071e-01,-2.365070490463173636e-01,2.601463923214955565e-01,3.250191548574529410e+00,4.505816724533773243e-01,7.972282050987040680e-01,-2.102873931927720719e+02,-2.915263420773351299e+01,-5.158066486988615651e+01
2.782974224999998114e+02,2.389589589298452665e+00,4.413657932063725364e-01,0.000000000000000000e+00,5.106889976103206052e-01,-3.223391645661227711e-01,3.014983024819615776e-01,3.268318822819143321e+00,4.500210234555088729e-01,7.667131269889622125e-01,-2.114602278363985874e+02,-2.911636021757142601e+01,-4.960633931618585990e+01
2.784095270999987406e+02,2.461956643422222868e+00,5.756286740484998221e-01,0.000000000000000000e+00,8.573593344874022026e-01,-4.477248700085736388e-01,3.617883513363026049e-01,3.286281344927098225e+00,4.502234460230285507e-01,7.374696967172229556e-01,-2.126224030167832666e+02,-2.912945695768994980e+01,-4.771428937760433087e+01
2.785167642999986128e+02,2.471202392004594017e+00,6.578540865695037265e-01,0.000000000000000000e+00,8.031910919779871039e-01,-5.154808178300904764e-01,4.087193727552159150e-01,3.304076278407925393e+00,4.511888531335510599e-01,7.095234149895479625e-01,-2.137737352129927899e+02,-2.919191879774075460e+01,-4.590616494982375428e+01
2.786242786000002525e+02,2.454824244890920326e+00,6.972071977179247204e-01,0.000000000000000000e+00,5.959570760385293209e-01,-5.391496373705720879e-01,4.420583050603868469e-01,3.321700813235343386e+00,4.529168297541510402e-01,6.828986513791779345e-01,-2.149140426163267250e+02,-2.930371888509357348e+01,-4.418354274423281680e+01
2.787359593000001041e+02,2.448035519824154349e+00,7.230625676775963573e-01,0.000000000000000000e+00,4.279012506505608382e-01,-5.560184063815728495e-01,4.622369614617752309e-01,3.339152166290991985e+00,4.554066330197916734e-01,6.576186230758784834e-01,-2.160431451590272047e+02,-2.946480915638052167e+01,-4.254792491300933932e+01
2.788435680999991746e+02,2.448252900784614994e+00,7.229942746213479099e-01,0.000000000000000000e+00,2.214383887714563015e-01,-5.560663494868599566e-01,4.620724359920275193e-01,3.356427581803922422e+00,4.586571925526807814e-01,6.337053746402441234e-01,-2.171608645427137958e+02,-2.967512035815844840e+01,-4.100073773922379416e+01
2.789475113999997120e+02,2.448613365149205023e+00,7.231703601069233711e-01,0.000000000000000000e+00,1.174475897015933856e-01,-5.563683446975767888e-01,4.619844529371693320e-01,3.373524331785770158e+00,4.626671109224389511e-01,6.111797587804910226e-01,-2.182670242665393516e+02,-2.993456207668180014e+01,-3.954333039309776865e+01
2.790539778000002116e+02,2.450503990719186120e+00,7.229909746431317785e-01,0.000000000000000000e+00,6.224549265687573385e-02,-5.571025635049795532e-01,4.608174076047971690e-01,3.390439716461503217e+00,4.674346642468467650e-01,5.900614181686265614e-01,-2.193614496550592605e+02,-3.024302277677098871e+01,-3.817697375551014005e+01
2.791648071999989043e+02,2.464307056939436080e+00,7.209966750973197946e-01,0.000000000000000000e+00,2.448609325111916410e-02,-5.618558736130219167e-01,4.518342426022378677e-01,3.407171064695800666e+00,4.729578029329692956e-01,5.703687683116740459e-01,-2.204439678858183242e+02,-3.060036984976311558e+01,-3.690285930976531148e+01
2.792719428000000335e+02,2.488334919355025932e+00,7.201510204399543813e-01,0.000000000000000000e+00,1.055860419201238264e-02,-5.718777162210807452e-01,4.376909525343979368e-01,3.423715734414821465e+00,4.792341525582666240e-01,5.521189814931577455e-01,-2.215144080166389529e+02,-3.100644967051985290e+01,-3.572209810260730478e+01
2.793790831999995135e+02,2.552673150999877905e+00,7.539747855248293273e-01,0.000000000000000000e+00,1.642188269978815951e-01,-6.269612039161797101e-01,4.188049975718853291e-01,3.440071113023424498e+00,4.862610148913855124e-01,5.353279717985484076e-01,-2.225726010126155643e+02,-3.146108766347264307e+01,-3.463571977536608415e+01
2.794898216000001412e+02,2.656292150896266691e+00,8.136465871431354246e-01,0.000000000000000000e+00,3.793386940706501287e-01,-7.196987312363569700e-01,3.795451291038390296e-01,3.456234617817738997e+00,4.940353690521266383e-01,5.200103812379752721e-01,-2.236183797728077138e+02,-3.196408837767259570e+01,-3.364467166609700399e+01
2.795979545999998663e+02,2.722049147229725463e+00,8.240954650563185879e-01,0.000000000000000000e+00,2.671037134985429495e-01,-7.526257736705005419e-01,3.356900063053271377e-01,3.472203696392957450e+00,5.025538728101408559e-01,5.061795669782005458e-01,-2.246515791566243649e+02,-3.251523557081611671e+01,-3.274981798348957795e+01
2.797055435999991460e+02,2.787219139538026802e+00,8.284721650927416858e-01,0.000000000000000000e+00,1.826445179466128221e-01,-7.769942727241651026e-01,2.874822229065664425e-01,3.487975827046489563e+00,5.118128640217822767e-01,4.938475896948972821e-01,-2.256720360099078846e+02,-3.311429230220931430e+01,-3.195193905325985639e+01
2.798093690999994578e+02,2.858033656289167723e+00,8.605947744728360549e-01,0.000000000000000000e+00,2.641823882522665312e-01,-8.262276147611942179e-01,2.407722875581390642e-01,3.503548519176041598e+00,5.218083622044491499e-01,4.830252030556470011e-01,-2.266795891906899101e+02,-3.376100103462785995e+01,-3.125173063770036208e+01
2.799173688999999285e+02,2.941895170887638855e+00,9.486646962539150296e-01,0.000000000000000000e+00,5.706851643485721937e-01,-9.298115354421562229e-01,1.881893048959815129e-01,3.518919313673011473e+00,5.325360702478392216e-01,4.737218443425321723e-01,-2.276740795946438425e+02,-3.445508374503519633e+01,-3.064980332896183413e+01
2.800240668999995250e+02,2.986152354097828976e+00,9.961776663950542288e-01,0.000000000000000000e+00,5.256660167719138244e-01,-9.841672120346105501e-01,1.542233503083036417e-01,3.534085783310763507e+00,5.439913762612966774e-01,4.659456262226828738e-01,-2.286553501802063977e+02,-3.519624204410589385e+01,-3.014668201660758484e+01
2.801311017999996693e+02,3.013782674676259710e+00,1.009120910435459928e+00,0.000000000000000000e+00,3.434476443239934951e-01,-1.000889932107549951e+00,1.286248641742158971e-01,3.549045533127927143e+00,5.561693555564608538e-01,4.597033296739423402e-01,-2.296232459933768837e+02,-3.598415730450302163e+01,-2.974280542990407028e+01
2.802370756999989680e+02,3.032724397575174535e+00,1.016122953426230824e+00,0.000000000000000000e+00,2.170746253251954194e-01,-1.010107203052676761e+00,1.104051394670754471e-01,3.563796200806587322e+00,5.690647727644446707e-01,4.550003980717121088e-01,-2.305776141921862177e+02,-3.681849079785957457e+01,-2.943852575523977322e+01
2.803408758999994461e+02,3.041873484008522865e+00,1.019048604549345205e+00,0.000000000000000000e+00,1.295161059790458091e-01,-1.013986136475566235e+00,1.014503497742716837e-01,3.578335457045330070e+00,5.826720840865196038e-01,4.518409324422885120e-01,-2.315183040708328690e+02,-3.769888384039781926e+01,-2.923410832901606682e+01
2.804517951999987417e+02,3.042111269126337447e+00,1.018916394668820224e+00,0.000000000000000000e+00,6.882360789343770768e-02,-1.013878674983121009e+00,1.011961053567667773e-01,3.592661005927026974e+00,5.969854396774061378e-01,4.502276878866822152e-01,-2.324451670834786512e+02,-3.862495794712818054e+01,-2.912973140626834123e+01
2.805594678999987082e+02,3.042135250941177205e+00,1.018802481910497937e+00,0.000000000000000000e+00,3.522713996483232274e-02,-1.013767751734923506e+00,1.011604798787980181e-01,3.606770585281474872e+00,6.119986861602209061e-01,4.501620711781328943e-01,-2.333580568677114400e+02,-3.959631499456629200e+01,-2.912548600522519848e+01
2.806674358000000211e+02,3.042024286613679962e+00,1.018665900486562581e+00,0.000000000000000000e+00,1.800943634473132007e-02,-1.013620615330484531e+00,1.012593945821779057e-01,3.620661967042497764e+00,6.277053692717291522e-01,4.516441395353862909e-01,-2.342568292676496071e+02,-4.061253739188087764e+01,-2.922137582793949306e+01
2.807765760000002047e+02,3.041881039811131338e+00,1.018492876262262481e+00,0.000000000000000000e+00,8.723711157526960538e-03,-1.013433935048282386e+00,1.013873675046854383e-01,3.634332957599913705e+00,6.440987366371870859e-01,4.546726005727979025e-01,-2.351413423567144321e+02,-4.167318826042600932e+01,-2.941731725706002720e+01
2.808837389000000258e+02,3.041905585741019991e+00,1.018378933130588360e+00,0.000000000000000000e+00,4.071241779858788407e-03,-1.013323045945421663e+00,1.013511519425818047e-01,3.647781398145811149e+00,6.611717406731016933e-01,4.592448134273099392e-01,-2.360114564600339975e+02,-4.277781162154968086e+01,-2.971313942874695613e+01
2.809907399999992776e+02,3.041794229889256407e+00,1.018243626407657532e+00,0.000000000000000000e+00,1.555565770772499934e-03,-1.013177120145836163e+00,1.014505097710557552e-01,3.661005165015535745e+00,6.789170416170928757e-01,4.653567910613174430e-01,-2.368670341765051717e+02,-4.392593259262591232e+01,-3.010858438166723872e+01
2.810999019999999291e+02,3.041686123477539638e+00,1.018070102704787150e+00,0.000000000000000000e+00,5.768340554285742333e-05,-1.012993488349182236e+00,1.015427327950703118e-01,3.674002170023004776e+00,6.973270106832842874e-01,4.730032037394500399e-01,-2.377079404004884111e+02,-4.511705759120849279e+01,-3.060330728194242056e+01
2.812071066999997129e+02,3.042350401589185793e+00,1.023495070961098818e+00,0.000000000000000000e+00,2.367984701283985111e-02,-1.018458992312442302e+00,1.014073037783233683e-01,3.686770360790461165e+00,7.163937333419136966e-01,4.821773836761404919e-01,-2.385340423431428576e+02,-4.635067454722182134e+01,-3.119687672384629096e+01
2.813141051999991760e+02,3.044822716935255968e+00,1.035266228612627959e+00,0.000000000000000000e+00,6.443374450462208136e-02,-1.030422675918826858e+00,1.000263618157640616e-01,3.699307721072568889e+00,7.361090127218843371e-01,4.928713308500722867e-01,-2.393452095533952217e+02,-4.762625312310591852e+01,-3.188877510599967735e+01
2.814217007999995985e+02,3.044758083504804702e+00,1.034750837609053731e+00,0.000000000000000000e+00,3.173990508513612613e-02,-1.029903232222168175e+00,1.000431316531459752e-01,3.711612271074809399e+00,7.564643731345639388e-01,5.050757199802804465e-01,-2.401413139385401792e+02,-4.894324494180629159e+01,-3.267839908272414817e+01
2.815311349000003247e+02,3.044678035849308628e+00,1.034463620223652347e+00,0.000000000000000000e+00,1.548011616234753335e-02,-1.029609351100090997e+00,1.000977806620828719e-01,3.723682067766076909e+00,7.774510637175813255e-01,5.187799086579689689e-01,-2.409222297844651735e+02,-5.030108382252751653e+01,-3.356506009017059711e+01
2.816388872999996238e+02,3.044678035849308628e+00,1.034463620223652347e+00,0.000000000000000000e+00,8.074296968484636142e-03,-1.029609351100090997e+00,1.000977806620828719e-01,3.735515205185584442e+00,7.990600621968577677e-01,5.339719466268368908e-01,-2.416878337755073289e+02,-5.169918602413670072e+01,-3.454798494675635112e+01
2.817466938999987178e+02,3.044678035849308628e+00,1.034463620223652347e+00,0.000000000000000000e+00,4.262330981960089568e-03,-1.029609351100090997e+00,1.000977806620828719e-01,3.747109814743731171e+00,8.212820787652805876e-01,5.506385862038547518e-01,-2.424380050139194225e+02,-5.313695049611365562e+01,-3.562631652738940602e+01
2.818553500999987591e+02,3.044678035849308628e+00,1.034463620223652347e+00,0.000000000000000000e+00,2.246940011276529411e-03,-1.029609351100090997e+00,1.000977806620828719e-01,3.758464065517287178e+00,8.441075600764906817e-01,5.687652938314851081e-01,-2.431726250389685049e+02,-5.461375913694894990e+01,-3.679911451089709118e+01
2.819626322000003711e+02,3.044678035849308628e+00,1.034463620223652347e+00,0.000000000000000000e+00,1.179157177283835303e-03,-1.029609351100090997e+00,1.000977806620828719e-01,3.769576164538411600e+00,8.675266933518672730e-01,5.883362627511423693e-01,-2.438915778456352541e+02,-5.612897705986581798e+01,-3.806535619999891651e+01
2.820716694999991887e+02,3.044838313762863180e+00,1.036675775256110432e+00,0.000000000000000000e+00,1.035632549231090167e-02,-1.031827190009667383e+00,1.001464575489893899e-01,3.780444357077860751e+00,8.915294105990665408e-01,6.093344267868885389e-01,-2.445947499029375933e+02,-5.768195286575960523e+01,-3.942393741311168753e+01
2.821800017999994452e+02,3.045717113457635072e+00,1.045749882686441978e+00,0.000000000000000000e+00,4.507856445247114541e-02,-1.040947234468895033e+00,1.001083023043863596e-01,3.791066926922044278e+00,9.161053929404128215e-01,6.317414752274619349e-01,-2.452820301718562632e+02,-5.927201892324471544e+01,-4.087367344721678819e+01
2.822887453999992431e+02,3.047039701422149527e+00,1.058344097242639670e+00,0.000000000000000000e+00,7.874343904833978891e-02,-1.053616684739140830e+00,9.992051745082095038e-02,3.801442196644043037e+00,9.412440750488491048e-01,6.555378687933959281e-01,-2.459533101228695955e+02,-6.089849165566054268e+01,-4.241330011093271679e+01
2.823963174000000436e+02,3.047875169690335007e+00,1.062861251711097355e+00,0.000000000000000000e+00,6.109459836684853762e-02,-1.058197129409443882e+00,9.946293630540586905e-02,3.811568527868494094e+00,9.669346496902224697e-01,6.807028566756940791e-01,-2.466084837530915763e+02,-6.256067183495739670e+01,-4.404147482691740834e+01
2.825002953999992314e+02,3.048107628608471842e+00,1.066623621192011484e+00,0.000000000000000000e+00,4.872719537475884988e-02,-1.061966162795894064e+00,9.956815937499512159e-02,3.821444321530313992e+00,9.931660723691742021e-01,7.072144946306964108e-01,-2.472474476030113237e+02,-6.425784488228556768e+01,-4.575677780260605942e+01
2.826117971000003308e+02,3.048085172987681446e+00,1.066885437746584842e+00,0.000000000000000000e+00,2.732667031239466998e-02,-1.062224599435635408e+00,9.961645260460524898e-02,3.831068018127184338e+00,1.019927066077338296e+00,7.350496641158645872e-01,-2.478701007728288346e+02,-6.598928117520378578e+01,-4.755771326829643897e+01
2.827205092000003788e+02,3.048085172987681446e+00,1.066885437746584842e+00,0.000000000000000000e+00,1.411929423119415335e-02,-1.062224599435635408e+00,9.961645260460524898e-02,3.840438097965871656e+00,1.047206126141365212e+00,7.641840924495102438e-01,-2.484763449383919180e+02,-6.775423636134632943e+01,-4.944271078148331355e+01
2.828283964000002015e+02,3.048085172987681446e+00,1.066885437746584842e+00,0.000000000000000000e+00,7.431464983843524483e-03,-1.062224599435635408e+00,9.961645260460524898e-02,3.849553081402127042e+00,1.074991525168776940e+00,7.945923739768969707e-01,-2.490660843667176323e+02,-6.955195167841986859e+01,-5.141012659630523274e+01
2.829393533999991632e+02,3.048085172987681446e+00,1.066885437746584842e+00,0.000000000000000000e+00,3.913449757279228308e-03,-1.062224599435635408e+00,9.961645260460524898e-02,3.858411529074422752e+00,1.103271318089700914e+00,8.262479922243768371e-01,-2.496392259311151633e+02,-7.138165428040365157e+01,-5.345824509691718163e+01
2.830469427999996697e+02,3.048085172987681446e+00,1.066885437746584842e+00,0.000000000000000000e+00,2.031552018354946740e-03,-1.062224599435635408e+00,9.961645260460524898e-02,3.867012042131165117e+00,1.132033347292054071e+00,8.591233430221041356e-01,-2.501956791258863859e+02,-7.324255756979590615e+01,-5.558528029353013977e+01
2.831545117999994545e+02,3.048085172987681446e+00,1.066885437746584842e+00,0.000000000000000000e+00,1.070190279872358522e-03,-1.062224599435635408e+00,9.961645260460524898e-02,3.875353262451648018e+00,1.161265247848144444e+00,8.931897585752928137e-01,-2.507353560806216421e+02,-7.513386153577495463e+01,-5.778937737982144540e+01
2.832742725999996765e+02,3.048085172987681446e+00,1.066885437746584842e+00,0.000000000000000000e+00,5.650036058079138277e-04,-1.062224599435635408e+00,9.961645260460524898e-02,3.883433872860487579e+00,1.190954452830499388e+00,9.284175324630776771e-01,-2.512581715740735433e+02,-7.705475309813331819e+01,-6.006861435036113051e+01
2.833831219000003330e+02,3.048085172987681446e+00,1.066885437746584842e+00,0.000000000000000000e+00,2.825314687082784433e-04,-1.062224599435635408e+00,9.961645260460524898e-02,3.891252597335626895e+00,1.221088198714335160e+00,9.647759455427413755e-01,-2.517640430476150755e+02,-7.900440645681749174e+01,-6.242100367661537064e+01
2.834929234999999608e+02,3.048085172987681446e+00,1.066885437746584842e+00,0.000000000000000000e+00,1.477821900236182893e-04,-1.062224599435635408e+00,9.961645260460524898e-02,3.898808201209834401e+00,1.251653530864746955e+00,1.002233292737462866e+00,-2.522528906182762967e+02,-8.098198344694912976e+01,-6.484449404011384388e+01
2.836000977999992756e+02,3.048085172987681446e+00,1.066885437746584842e+00,0.000000000000000000e+00,7.737206417893987642e-05,-1.062224599435635408e+00,9.961645260460524898e-02,3.906099491365675025e+00,1.282637309105902235e+00,1.040756910683479752e+00,-2.527246370913591988e+02,-8.298663389915188304e+01,-6.733697212122113740e+01
2.837076051999993069e+02,3.048085172987681446e+00,1.066885437746584842e+00,0.000000000000000000e+00,4.086158817209756814e-05,-1.062224599435635408e+00,9.961645260460524898e-02,3.913125316423896827e+00,1.314026213370041107e+00,1.080313206213057597e+00,-2.531792079726261306e+02,-8.501749600504166438e+01,-6.989626444198482602e+01
2.838198032000000239e+02,3.048085172987681446e+00,1.066885437746584842e+00,0.000000000000000000e+00,2.151595107869185916e-05,-1.062224599435635408e+00,9.961645260460524898e-02,3.919884566925293967e+00,1.345806749423984261e+00,1.120867685648368361e+00,-2.536165314800665271e+02,-8.707369668773178262e+01,-7.252013926144942957e+01
2.839269628000001831e+02,3.048085172987681446e+00,1.066885437746584842e+00,0.000000000000000000e+00,1.115019286525555857e-05,-1.062224599435635408e+00,9.961645260460524898e-02,3.926376175505840838e+00,1.377965254670127981e+00,1.162384984880240557e+00,-2.540365385552279065e+02,-8.915435197715729032e+01,-7.520630852175156633e+01
2.840352552999993350e+02,3.048085172987681446e+00,1.066885437746584842e+00,0.000000000000000000e+00,5.879727567791268061e-06,-1.062224599435635408e+00,9.961645260460524898e-02,3.932599117065303851e+00,1.410487904020318650e+00,1.204828900206400100e+00,-2.544391628741251736e+02,-9.125856739011462082e+01,-7.795242984335409631e+01
2.841474514999990788e+02,3.048085172987681446e+00,1.066885437746584842e+00,0.000000000000000000e+00,3.097430050567144183e-06,-1.062224599435635408e+00,9.961645260460524898e-02,3.938552408929062221e+00,1.443360715839079766e+00,1.248162419901562403e+00,-2.548243408577103253e+02,-9.338543831478845902e+01,-8.075610856763108814e+01
2.842519976999992650e+02,3.048085172987681446e+00,1.066885437746584842e+00,0.000000000000000000e+00,1.600066492581473653e-06,-1.062224599435635408e+00,9.961645260460524898e-02,3.944235111003321137e+00,1.476569557954534595e+00,1.292347756492140842e+00,-2.551920116819148916e+02,-9.553405039965839762e+01,-8.361489984504152062e+01
2.843601523999986966e+02,3.048089256816838954e+00,1.066851385778650574e+00,0.000000000000000000e+00,-1.510731562710257642e-04,-1.062191103023219396e+00,9.960893532280803986e-02,3.949646325923546808e+00,1.510100153733870965e+00,1.337346379707634592e+00,-2.555421172872534896e+02,-9.770347994658145296e+01,-8.652631076708395597e+01
2.844653966999994736e+02,3.048177435111481870e+00,1.068548827556911496e+00,0.000000000000000000e+00,7.340440517208074271e-03,-1.063889923121763337e+00,9.967360911103144427e-02,3.954785199196174439e+00,1.543938088220862426e+00,1.383119050079403944e+00,-2.558746023879924962e+02,-9.989279430788980108e+01,-8.948780254013743729e+01
2.845745752000002540e+02,3.048177435111481870e+00,1.068548827556911496e+00,0.000000000000000000e+00,3.916118216565478774e-03,-1.063889923121763337e+00,9.967360911103144427e-02,3.959650919333543406e+00,1.578068814333013936e+00,1.429625853158332571e+00,-2.561894144808802594e+02,-1.021010522873460076e+02,-9.249679269934412673e+01
2.846820977999996103e+02,3.048159805202202755e+00,1.070074853453306662e+00,0.000000000000000000e+00,8.714014227785121455e-03,-1.065407535588377863e+00,9.983473896703051742e-02,3.964242717982040531e+00,1.612477659115352679e+00,1.476826234320534281e+00,-2.564865038534380233e+02,-1.043273045447633223e+02,-9.555065736053856540e+01
2.847910500999987562e+02,3.048467193015177656e+00,1.074123849805680653e+00,0.000000000000000000e+00,2.235654358364358787e-02,-1.069469625113829148e+00,9.988376084360416074e-02,3.968559870043423921e+00,1.647149830048383112e+00,1.524679034131742661e+00,-2.567658235918095215e+02,-1.065705940041303990e+02,-9.864673350832374865e+01
2.848959661999997479e+02,3.048388046455908551e+00,1.074503372226921272e+00,0.000000000000000000e+00,1.334637246102918923e-02,-1.069839591448049188e+00,1.000037274170169771e-01,3.972601693789340693e+00,1.682070421407567018e+00,1.573142524238996032e+00,-2.570273295881703461e+02,-1.088299562650695975e+02,-1.017823213182630440e+02
2.850061910000003991e+02,3.048416745879306333e+00,1.074354187545028871e+00,0.000000000000000000e+00,6.478534404790732386e-03,-1.069693923498536092e+00,9.995914328287852646e-02,3.976367550968966658e+00,1.717224420671230156e+00,1.622174443758197970e+00,-2.572709805476921474e+02,-1.111044200174285947e+02,-1.049546865111554155e+02
2.851100092999986373e+02,3.048308423753615770e+00,1.074215434070743935e+00,0.000000000000000000e+00,2.773668612025427700e-03,-1.069544939236729331e+00,1.000620894689795287e-01,3.979856846909798129e+00,1.752596714974623993e+00,1.671732036126515997e+00,-2.574967379950639383e+02,-1.133930074588581789e+02,-1.081610627373855920e+02
2.852138431000003038e+02,3.048333641434854968e+00,1.074100264841014951e+00,0.000000000000000000e+00,9.721263497129092618e-04,-1.069432793465326714e+00,1.000243929873431137e-01,3.983069030611558148e+00,1.788172097606941513e+00,1.721772086386436307e+00,-2.577045662805678035e+02,-1.156947347151691190e+02,-1.113986539892024297e+02
2.853216470999996091e+02,3.055076886876670450e+00,1.069856759993066397e+00,0.000000000000000000e+00,-1.836914320352026758e-02,-1.065855329715203359e+00,9.244405346238847299e-02,3.986003594833198438e+00,1.823935274548726060e+00,1.772250958869986848e+00,-2.578944325857079320e+02,-1.180086122633025809e+02,-1.146646370388881593e+02
2.854305929000001925e+02,3.066346969066935380e+00,1.061510863004131888e+00,0.000000000000000000e+00,-4.565738146586954815e-02,-1.058507189518626657e+00,7.979875947127981761e-02,3.988660076173016655e+00,1.859870871047013541e+00,1.823124635249837144e+00,-2.580663069283941695e+02,-1.203336453567417834e+02,-1.179561639006644640e+02
2.855359260999994149e+02,3.066346969066935380e+00,1.061510863004131888e+00,0.000000000000000000e+00,-2.394654540558875666e-02,-1.058507189518626657e+00,7.979875947127981761e-02,3.991038055141808094e+00,1.895963438224737008e+00,1.874348752923618910e+00,-2.582201621676749710e+02,-1.226688344531404908e+02,-1.212703643141581438e+02
2.856445057000000816e+02,3.066373895042204367e+00,1.061395874706649423e+00,0.000000000000000000e+00,-1.327218304616683588e-02,-1.058394674637449961e+00,7.976161698072647965e-02,3.993137156229131790e+00,1.932197459722566846e+00,1.925878643699066028e+00,-2.583559740080248162e+02,-1.250131756440500794e+02,-1.246043482473295825e+02
2.857579296999992948e+02,3.066265897618722036e+00,1.061257942494857609e+00,0.000000000000000000e+00,-7.580699131627613094e-03,-1.058248513341258024e+00,7.986554025007114310e-02,3.994957047962590657e+00,1.968557358369190879e+00,1.977669372745147314e+00,-2.584737210031796053e+02,-1.273656610864866536e+02,-1.279552084166110433e+02
2.858653259000002436e+02,3.066292820296938615e+00,1.061142953796061494e+00,0.000000000000000000e+00,-4.379862938942122828e-03,-1.058136000295863077e+00,7.982839888726173116e-02,3.996497442960182500e+00,2.005027502878185874e+00,2.029675777775955314e+00,-2.585733845595238449e+02,-1.297252794362186421e+02,-1.313200228221043062e+02
2.859831643999987136e+02,3.066265908603736712e+00,1.061108549667582723e+00,0.000000000000000000e+00,-2.456947640660006073e-03,-1.058099545027240129e+00,7.985428598884371232e-02,3.997758097975681491e+00,2.041592214567953700e+00,2.081852508433067683e+00,-2.586549489390266103e+02,-1.320910162825466045e+02,-1.346958572956194757e+02
2.860912912000003416e+02,3.066294575767617658e+00,1.060995837461271130e+00,0.000000000000000000e+00,-1.718554202145687083e-03,-1.057989440958974958e+00,7.981547424816484715e-02,3.998738813937046110e+00,2.078235774101984568e+00,2.134154065831406655e+00,-2.587184012617269104e+02,-1.344618545843983952e+02,-1.380797680592920074e+02
2.861958825000001525e+02,3.063795223187920413e+00,1.059811224628826265e+00,0.000000000000000000e+00,-6.085970736582162026e-03,-1.056605619911064498e+00,8.236744394241897471e-02,3.999439435977857560e+00,2.114942428246768813e+00,2.186534842235246412e+00,-2.587637315077673748e+02,-1.368367751075659555e+02,-1.414688042926204616e+02
2.863049467000000732e+02,3.056121408402085571e+00,1.057366561831035057e+00,0.000000000000000000e+00,-1.395921970001848429e-02,-1.053506704667773075e+00,9.026444094123339812e-02,3.999859853461773973e+00,2.151696396644112053e+00,2.238949160828609397e+00,-2.587909325189767742e+02,-1.392147568628740544e+02,-1.448600107056110460e+02
2.864137888999994175e+02,3.051508105373162749e+00,1.055789664253002691e+00,0.000000000000000000e+00,-1.403002577516606654e-02,-1.051508574819601805e+00,9.498174679546561583e-02,4.000000000000000000e+00,2.188481878595168073e+00,2.291351315546305667e+00,-2.588000000000000114e+02,-1.415947775451073767e+02,-1.482504301158459725e+02
2.865218211999999767e+02,3.060403439775042145e+00,1.049175227292770129e+00,0.000000000000000000e+00,-3.627183676653995825e-02,-1.045719208226800978e+00,8.508816081188037839e-02,3.999859853461773085e+00,2.225283059853345957e+00,2.343695610930225381e+00,-2.587909325189767173e+02,-1.439758139725115029e+02,-1.516371060271855811e+02
2.866294013999995514e+02,3.070608194734406382e+00,1.041198557971948935e+00,0.000000000000000000e+00,-5.378672980038743529e-02,-1.038576467053453412e+00,7.384686320780989299e-02,3.999439435977857560e+00,2.262084119422788309e+00,2.395936401976383578e+00,-2.587637315077673748e+02,-1.463568425266544182e+02,-1.550170852078720145e+02
2.867379074000000401e+02,3.076339088574210123e+00,1.036548280483643447e+00,0.000000000000000000e+00,-4.857138218693248660e-02,-1.034342237763091976e+00,6.759047975001626629e-02,3.998738813937045666e+00,2.298869236360002066e+00,2.448028133938190631e+00,-2.587184012617268536e+02,-1.487368395924921458e+02,-1.583874202658009267e+02
2.868460818000003201e+02,3.076203416228661780e+00,1.036524262788464323e+00,0.000000000000000000e+00,-2.555498616418017468e-02,-1.034309091718020879e+00,6.772924138518143788e-02,3.997758097975680602e+00,2.335622596575266829e+00,2.499925382050796507e+00,-2.586549489390265535e+02,-1.511147819984197724e+02,-1.617451722186865481e+02
2.869539938999987498e+02,3.077253864596358746e+00,1.035347149634916475e+00,0.000000000000000000e+00,-1.861980373462396657e-02,-1.033204989450305034e+00,6.656703412456786706e-02,3.996497442960181612e+00,2.372328399631222329e+00,2.551582891142083920e+00,-2.585733845595237881e+02,-1.534896474561400908e+02,-1.650874130568928422e+02
2.870651782999993884e+02,3.078153096399139699e+00,1.034488768871147268e+00,0.000000000000000000e+00,-1.349046037136766331e-02,-1.032407776869295857e+00,6.558349777451982776e-02,3.994957047962589325e+00,2.408970865535597916e+00,2.602955615096027131e+00,-2.584737210031795485e+02,-1.558604150001531821e+02,-1.684112282967129488e+02
2.871729912999999215e+02,3.076396533124539978e+00,1.033891579058270560e+00,0.000000000000000000e+00,-9.649839256714910080e-03,-1.031695061536200608e+00,6.735797836499525515e-02,3.993137156229130902e+00,2.445534241524953689e+00,2.653998756133351122e+00,-2.583559740080247593e+02,-1.582260654266645190e+02,-1.717137195218278123e+02
2.872800114999990910e+02,3.059616965345046680e+00,1.028848265803892437e+00,0.000000000000000000e+00,-2.656664333427796038e-02,-1.025393264160062490e+00,8.424611482347091340e-02,3.991038055141807650e+00,2.482002808837103114e+00,2.704667803876156906e+00,-2.582201621676749710e+02,-1.605855817317605840e+02,-1.749920069107873530e+02
2.873924702999993315e+02,3.054623492987389000e+00,1.026860021441009518e+00,0.000000000000000000e+00,-2.252334874732924222e-02,-1.022979071394804373e+00,8.919261809171323552e-02,3.988660076173013103e+00,2.518360889468417074e+00,2.754918574161314027e+00,-2.580663069283939421e+02,-1.629379495486065821e+02,-1.782432317482370365e+02
2.875004693999999290e+02,3.054651578926759647e+00,1.026746730439983102e+00,0.000000000000000000e+00,-1.211098762739788379e-02,-1.022868712948337810e+00,8.915404949079112906e-02,3.986003594833197994e+00,2.554592852914046031e+00,2.804707247569879769e+00,-2.578944325857079320e+02,-1.652821575835387762e+02,-1.814645589177712282e+02
2.876075580999986414e+02,3.054515333930959642e+00,1.026722147870027246e+00,0.000000000000000000e+00,-6.488360126390181615e-03,-1.022832067231016495e+00,8.929127152621121888e-02,3.983069030611554595e+00,2.590683122887517786e+00,2.853990407638308469e+00,-2.577045662805675761e+02,-1.676171980508223953e+02,-1.846531793741985723e+02
2.877197378999990178e+02,3.059941977776215793e+00,1.023305304417107431e+00,0.000000000000000000e+00,-1.843804666663628050e-02,-1.019896096385252138e+00,8.346076099768803824e-02,3.979856846909798129e+00,2.626616184016982825e+00,2.902725078718178420e+00,-2.574967379950639383e+02,-1.699420671058987864e+02,-1.878063125930661386e+02
2.878272739000003639e+02,3.056648977268474177e+00,1.014061183277040312e+00,0.000000000000000000e+00,-4.940227759192550999e-02,-1.010404939715007666e+00,8.603453509343089722e-02,3.976367550968964437e+00,2.662376588515439124e+00,2.950868763451645727e+00,-2.572709805476920337e+02,-1.722557652769489209e+02,-1.909212089953214786e+02
2.879353245000002062e+02,3.030641162829456725e+00,1.004560569061868858e+00,0.000000000000000000e+00,-6.609938110516772047e-02,-9.983837220141311697e-01,1.112289554527775143e-01,3.972601693789338473e+00,2.697948962821734131e+00,2.998379479829702099e+00,-2.570273295881702325e+02,-1.745572978945662044e+02,-1.939951523449817330e+02
2.880467260999994323e+02,3.023137114800768188e+00,1.001658734756780689e+00,0.000000000000000000e+00,-4.693141501713504748e-02,-9.946394534498008699e-01,1.183747378271062939e-01,3.968559870043421256e+00,2.733318014209717983e+00,3.045215797801135604e+00,-2.567658235918093510e+02,-1.768456755193687684e+02,-1.970254621177334684e+02
2.881560184999998455e+02,3.022924010381064619e+00,1.001642588937397438e+00,0.000000000000000000e+00,-2.426230471446897199e-02,-9.945981724171287786e-01,1.185847856924301391e-01,3.964242717982037423e+00,2.768468537362763993e+00,3.091336875400308770e+00,-2.564865038534378527e+02,-1.791199143673708249e+02,-2.000094958383999995e+02
2.882632311999986996e+02,3.022924010381064619e+00,1.001642588937397438e+00,0.000000000000000000e+00,-1.277707053950083091e-02,-9.945981724171287786e-01,1.185847856924301391e-01,3.959650919333542518e+00,2.803385420910470049e+00,3.136702494361666371e+00,-2.561894144808802025e+02,-1.813790367329074229e+02,-2.029446513851998191e+02
2.883741511999996874e+02,3.022336033777087039e+00,1.001558632916897507e+00,0.000000000000000000e+00,-7.113990162088454361e-03,-9.944449157065430311e-01,1.191595770207796029e-01,3.954785199196174439e+00,2.838053653925216580e+00,3.181273095190930711e+00,-2.558746023879924962e+02,-1.836220714089615171e+02,-2.058283692588532290e+02
2.884781875999997283e+02,3.012631195160915709e+00,9.982082477621201377e-01,0.000000000000000000e+00,-1.790414411210918683e-02,-9.899191158947134861e-01,1.283738676154574099e-01,3.949646325923543255e+00,2.872458332375345424e+00,3.225009811661369241e+00,-2.555421172872532622e+02,-1.858480541046848487e+02,-2.086581348144906087e+02
2.885913908000002266e+02,2.992679061214760239e+00,9.919835262160126010e-01,0.000000000000000000e+00,-3.595722060975941464e-02,-9.810050908896225108e-01,1.471744812547265968e-01,3.944235111003320693e+00,2.906584665532510936e+00,3.267874504705877037e+00,-2.551920116819148632e+02,-1.880560278599534740e+02,-2.114314804544702611e+02
2.887156524999991234e+02,2.989494176308255646e+00,9.909157136050120718e-01,0.000000000000000000e+00,-2.146701693007911291e-02,-9.794758974498167792e-01,1.501363306605241754e-01,3.938552408929058668e+00,2.940417982330325586e+00,3.309829795674739561e+00,-2.548243408577100979e+02,-1.902450434567720663e+02,-2.141459877801556502e+02
2.888431710999993811e+02,2.989494176308255646e+00,9.909157136050120718e-01,0.000000000000000000e+00,-1.087752692142560269e-02,-9.794758974498167792e-01,1.501363306605241754e-01,3.932599117065303851e+00,2.973943737671380205e+00,3.350839098930316062e+00,-2.544391628741251736e+02,-1.924141598273382954e+02,-2.167992897007914621e+02
2.889610066999994160e+02,2.989353830334017914e+00,9.908975021521715387e-01,0.000000000000000000e+00,-5.499658519875288802e-03,-9.794368159541186891e-01,1.502710328874818091e-01,3.926376175505840393e+00,3.007147518680465925e+00,3.390866653750379101e+00,-2.540365385552278781e+02,-1.945624444586261461e+02,-2.193890724976495505e+02
2.890797012000002724e+02,2.990459803246773518e+00,9.898558487810883433e-01,0.000000000000000000e+00,-7.160833451142425629e-03,-9.785726328772796911e-01,1.490308811949977996e-01,3.919884566925289526e+00,3.040015050900494842e+00,3.429877555511933629e+00,-2.536165314800662429e+02,-1.966889737932620221e+02,-2.219130778416221119e+02
2.891943164999993314e+02,2.990573979430798168e+00,9.898410964075300411e-01,0.000000000000000000e+00,-3.660392601461739080e-03,-9.785750578091229057e-01,1.489169311097066628e-01,3.913125316423896383e+00,3.072532204429314184e+00,3.467837786128512789e+00,-2.531792079726261022e+02,-1.987928336265766234e+02,-2.243691047625147803e+02
2.893162818000000698e+02,2.990557525814137918e+00,9.897331445319109688e-01,0.000000000000000000e+00,-2.320418751605143881e-03,-9.784658845181370967e-01,1.489167895811754072e-01,3.906099491365670140e+00,3.104684999994193007e+00,3.504714243714587063e+00,-2.527246370913588578e+02,-2.008731194996242948e+02,-2.267550115683337992e+02
2.894339056999997410e+02,2.990418653534595350e+00,9.896742523958181881e-01,0.000000000000000000e+00,-1.401731093894885167e-03,-9.783869742003643566e-01,1.490438008448433382e-01,3.898808201209833957e+00,3.136459614961507825e+00,3.540474771450734526e+00,-2.522528906182762682e+02,-2.029289370880095760e+02,-2.290687177128625365e+02
2.895477551999993011e+02,2.990418653534595350e+00,9.896742523958181881e-01,0.000000000000000000e+00,-7.077912846637218888e-04,-9.783869742003643566e-01,1.490438008448433382e-01,3.891252597335626451e+00,3.167842389279244220e+00,3.575088185625078907e+00,-2.517640430476150470e+02,-2.049594025863671050e+02,-2.313082056099426040e+02
2.896513242000000901e+02,2.990418653534595350e+00,9.896742523958181881e-01,0.000000000000000000e+00,-3.635290096185744596e-04,-9.783869742003643566e-01,1.490438008448433382e-01,3.883433872860482694e+00,3.198819831349449139e+00,3.608524302825723673e+00,-2.512581715740732307e+02,-2.069636430883093681e+02,-2.334715223928243404e+02
2.897647080999995524e+02,2.990278228546333850e+00,9.896559788390297818e-01,0.000000000000000000e+00,-2.778115598965137417e-04,-9.783479703205074651e-01,1.491784348409035121e-01,3.875353262451647574e+00,3.229378623828323303e+00,3.640753966261257801e+00,-2.507353560806216137e+02,-2.089407969616925129e+02,-2.355567816171033826e+02
2.898769279999996797e+02,2.990278228546333850e+00,9.896559788390297818e-01,0.000000000000000000e+00,-1.423509092026632348e-04,-9.783479703205074651e-01,1.491784348409035121e-01,3.867012042131159788e+00,3.259505629351500122e+00,3.671749071185926638e+00,-2.501956791258860449e+02,-2.108900142190420581e+02,-2.375621649057294746e+02
2.899879322999986471e+02,2.990278228546333850e+00,9.896559788390297818e-01,0.000000000000000000e+00,-7.348461682940277118e-05,-9.783479703205074651e-01,1.491784348409035121e-01,3.858411529074421864e+00,3.289187896181744897e+00,3.701482589407338875e+00,-2.496392259311151065e+02,-2.128104568829589027e+02,-2.394859235346548303e+02
2.900946457999998529e+02,2.984394830281832611e+00,9.881682258364121729e-01,0.000000000000000000e+00,-6.420400583483022901e-03,-9.759839580593230313e-01,1.546989210160817363e-01,3.849553081402126153e+00,3.318412663777058569e+00,3.729928592855480396e+00,-2.490660843667175754e+02,-2.147012993463756914e+02,-2.413263799577495945e+02
2.902114314999998896e+02,2.923700528044498981e+00,9.724865187331429572e-01,0.000000000000000000e+00,-6.378375800077366875e-02,-9.494923488660458322e-01,2.102244242768824545e-01,3.840438097965860109e+00,3.347167368276419808e+00,3.757062276192336903e+00,-2.484763449383911507e+02,-2.165617287274843648e+02,-2.430819292696442062e+02
2.903174859999999171e+02,2.880339163970498717e+00,9.650833222005745782e-01,0.000000000000000000e+00,-5.344789654745164820e-02,-9.323351220362690039e-01,2.492730210177457606e-01,3.831068018127183450e+00,3.375439647901080864e+00,3.782859978442536075e+00,-2.478701007728287777e+02,-2.183909452191999492e+02,-2.447510406052321059e+02
2.904214259000000311e+02,2.879742989253607277e+00,9.646201308570020450e-01,0.000000000000000000e+00,-3.033632092258366914e-02,-9.317389436316517726e-01,2.497089060781643721e-01,3.821444321530302446e+00,3.403217348268987141e+00,3.807299203626154149e+00,-2.472474476030105848e+02,-2.201881624330034697e+02,-2.463322584746121890e+02
2.905246864999990066e+02,2.880123020057549610e+00,9.643452174410206412e-01,0.000000000000000000e+00,-1.757359664067510707e-02,-9.315682040062375213e-01,2.492837332959418062e-01,3.811568527868493206e+00,3.430488527619888650e+00,3.830358640375381984e+00,-2.466084837530915195e+02,-2.219526077370068151e+02,-2.478242040322872128e+02
2.906290129999997589e+02,2.879866804557454252e+00,9.642606849540085179e-01,0.000000000000000000e+00,-9.800122179415057116e-03,-9.314226493524319084e-01,2.495005347113913863e-01,3.801442196644036375e+00,3.457241461949336347e+00,3.852018180518502533e+00,-2.459533101228691692e+02,-2.236835225881220595e+02,-2.492255762795471128e+02
2.907390483999988646e+02,2.879724815131618598e+00,9.642512021038376346e-01,0.000000000000000000e+00,-5.274662379503185228e-03,-9.313780539638129019e-01,2.496303293938392232e-01,3.791066926922037617e+00,3.483464650048689215e+00,3.872258936614421998e+00,-2.452820301718558369e+02,-2.253801628581502143e+02,-2.505351531989531111e+02
2.908466264999988198e+02,2.879724815131618598e+00,9.642512021038376346e-01,0.000000000000000000e+00,-2.754060914067873057e-03,-9.313780539638129019e-01,2.496303293938392232e-01,3.780444357077853645e+00,3.509146818449665695e+00,3.891063258422827076e+00,-2.445947499029371386e+02,-2.270417991536933755e+02,-2.517517928199569326e+02
2.909537358999987191e+02,2.879585335929940371e+00,9.642400265426278594e-01,0.000000000000000000e+00,-1.501725273294866750e-03,-9.313324325036084206e-01,2.497573401400635384e-01,3.769576164538404495e+00,3.534276926270840669e+00,3.908414748295515828e+00,-2.438915778456347709e+02,-2.286677171297233997e+02,-2.528744342147198836e+02
2.910658010999995895e+02,2.879585335929940371e+00,9.642400265426278594e-01,0.000000000000000000e+00,-7.931797687856180414e-04,-9.313324325036084206e-01,2.497573401400635384e-01,3.758464065517279629e+00,3.558844169964116233e+00,3.924298275475276654e+00,-2.431726250389679933e+02,-2.302572177966783329e+02,-2.539020984232504077e+02
2.911731189999991329e+02,2.877520890927280917e+00,9.639696135756181672e-01,0.000000000000000000e+00,-1.558728106586006841e-03,-9.305537987842104064e-01,2.516089097496387317e-01,3.747109814743730283e+00,3.582837987959289094e+00,3.938699989290236125e+00,-2.424380050139193656e+02,-2.318096178209660252e+02,-2.548338893070782945e+02
2.912804366000000300e+02,2.877561143883197836e+00,9.639560190087278491e-01,0.000000000000000000e+00,-8.833886994008131226e-04,-9.305508025759153812e-01,2.515679041699765972e-01,3.735515205185570231e+00,3.606248065204462172e+00,3.951607331231778986e+00,-2.416878337755063910e+02,-2.333242498187287026e+02,-2.556689943306961084e+02
2.913874373999988165e+02,2.877561143883197836e+00,9.639560190087278491e-01,0.000000000000000000e+00,-4.666265976684402794e-04,-9.305508025759153812e-01,2.515679041699765972e-01,3.723682067766076020e+00,3.629064337600521828e+00,3.963009045905808048e+00,-2.409222297844651166e+02,-2.348004626427537858e+02,-2.564066852701058110e+02
2.914976790000000619e+02,2.877561143883197836e+00,9.639560190087278491e-01,0.000000000000000000e+00,-2.457115989788103100e-04,-9.305508025759153812e-01,2.515679041699765972e-01,3.711612271074794300e+00,3.651276996327847080e+00,3.972895190847587799e+00,-2.401413139385392128e+02,-2.362376216624117262e+02,-2.570463188478389611e+02
2.916047316999993200e+02,2.877420755295172938e+00,9.639470644739360772e-01,0.000000000000000000e+00,-1.675609423861882112e-04,-9.305068322495405608e-01,2.516962022853028169e-01,3.699307721072568000e+00,3.672876492063005482e+00,3.981257145191708702e+00,-2.393452095533951649e+02,-2.376351090364764787e+02,-2.575873372939035448e+02
2.917128787000001466e+02,2.877420755295172938e+00,9.639470644739360772e-01,0.000000000000000000e+00,-8.847467964331965761e-05,-9.305068322495405608e-01,2.516962022853028169e-01,3.686770360790452727e+00,3.693853539084193116e+00,3.988087617189656875e+00,-2.385340423431422892e+02,-2.389923239787472937e+02,-2.580292688321708283e+02
2.918220220000002882e+02,2.877561143883197836e+00,9.639560190087278491e-01,0.000000000000000000e+00,-7.304658286076200997e-06,-9.305508025759153812e-01,2.515679041699765972e-01,3.674002170022996339e+00,3.714199119263121851e+00,3.993380650568270962e+00,-2.377079404004878711e+02,-2.403086830163239824e+02,-2.583717280917671246e+02
2.919322346999997535e+02,2.877561143883197836e+00,9.639560190087278491e-01,0.000000000000000000e+00,-3.826891190138901717e-06,-9.305508025759153812e-01,2.515679041699765972e-01,3.661005165015527307e+00,3.733904485941981655e+00,3.997131629723737145e+00,-2.368670341765046317e+02,-2.415836202404462369e+02,-2.586144164431257764e+02
2.920400857999993605e+02,2.877603891761425281e+00,9.639432688649092196e-01,0.000000000000000000e+00,-5.725422062502711560e-05,-9.305492472810084070e-01,2.515247979319641392e-01,3.647781398145802711e+00,3.752961167693694478e+00,3.999337283746457583e+00,-2.360114564600334575e+02,-2.428165875497820423e+02,-2.587571222583958388e+02
2.921496100999993359e+02,2.877561143883197836e+00,9.639560190087278491e-01,0.000000000000000000e+00,2.582757225878731523e-05,-9.305508025759153812e-01,2.515679041699765972e-01,3.634332957599904823e+00,3.771360971963743758e+00,3.999995689273324828e+00,-2.351413423567138636e+02,-2.440070548860542203e+02,-2.587997210959841254e+02
2.922573014999998122e+02,2.877561143883197836e+00,9.639560190087278491e-01,0.000000000000000000e+00,1.349632108842328111e-05,-9.305508025759153812e-01,2.515679041699765972e-01,3.620661967042496876e+00,3.789095988592310782e+00,3.999106272164929088e+00,-2.342568292676495503e+02,-2.451545104619225128e+02,-2.587421758090709432e+02
2.923602708999987954e+02,2.877603891761425281e+00,9.639432688649092196e-01,0.000000000000000000e+00,-4.895946818276433651e-05,-9.305492472810084070e-01,2.515247979319641392e-01,3.606770585281457553e+00,3.806158593214754582e+00,3.996669808006214630e+00,-2.333580568677103031e+02,-2.462584609809946414e+02,-2.585845365780020870e+02
2.924755625999987387e+02,2.877603891761425281e+00,9.639432688649092196e-01,0.000000000000000000e+00,-2.634088203777468578e-05,-9.305492472810084070e-01,2.515247979319641392e-01,3.592661005927025641e+00,3.822541450539453045e+00,3.992688421430159451e+00,-2.324451670834785659e+02,-2.473184318499026233e+02,-2.583269408665313449e+02
2.925818112999986624e+02,2.877603891761425281e+00,9.639432688649092196e-01,0.000000000000000000e+00,-1.333990224374169736e-05,-9.305492472810084070e-01,2.515247979319641392e-01,3.578335457045312751e+00,3.838237517501259966e+00,3.987165584265060847e+00,-2.315183040708317321e+02,-2.483339673823315366e+02,-2.579696133019494368e+02
2.926906859999999142e+02,2.877644830888483440e+00,9.639294707516538052e-01,0.000000000000000000e+00,-6.862607319718384532e-05,-9.305462234561883150e-01,2.514831020068527545e-01,3.563796200806585990e+00,3.853240046289319487e+00,3.980106112507050931e+00,-2.305776141921861324e+02,-2.493046309949189947e+02,-2.575128654792061980e+02
2.928031817999999475e+02,2.877644830888483440e+00,9.639294707516538052e-01,0.000000000000000000e+00,-3.585202979251120601e-05,-9.305462234561883150e-01,2.514831020068527545e-01,3.549045533127917373e+00,3.867542587248025576e+00,3.971516162120473314e+00,-2.296232459933762584e+02,-2.502300053949472556e+02,-2.569570956891946594e+02
2.929113505999994231e+02,2.877644830888483440e+00,9.639294707516538052e-01,0.000000000000000000e+00,-1.855437424185599606e-05,-9.305462234561883150e-01,2.514831020068527545e-01,3.534085783310753737e+00,3.881138991649721870e+00,3.961403223669800244e+00,-2.286553501802057724e+02,-2.511096927597370154e+02,-2.563027885714361105e+02
2.930183964999996533e+02,2.877644830888483440e+00,9.639294707516538052e-01,0.000000000000000000e+00,-9.760139139201059091e-06,-9.305462234561883150e-01,2.514831020068527545e-01,3.518919313673001703e+00,3.894023414338067202e+00,3.949776115787752673e+00,-2.276740795946432172e+02,-2.519433149076729705e+02,-2.555505146914676118e+02
2.931296069999989413e+02,2.877644830888483440e+00,9.639294707516538052e-01,0.000000000000000000e+00,-5.154590154751847856e-06,-9.305462234561883150e-01,2.514831020068527545e-01,3.503548519176031384e+00,3.906190316240952143e+00,3.936644977485276087e+00,-2.266795891906892280e+02,-2.527305134607896093e+02,-2.547009300432973760e+02
2.932369440999991639e+02,2.877644830888483440e+00,9.639294707516538052e-01,0.000000000000000000e+00,-2.672608076488599213e-06,-9.305462234561883150e-01,2.514831020068527545e-01,3.487975827046479349e+00,3.917634466751682254e+00,3.922021259310248809e+00,-2.256720360099072309e+02,-2.534709499988338450e+02,-2.537547754773731015e+02
2.933504111999991437e+02,2.877644830888483440e+00,9.639294707516538052e-01,0.000000000000000000e+00,-1.413814659695561055e-06,-9.305462234561883150e-01,2.514831020068527545e-01,3.472203696392956118e+00,3.928350945977717501e+00,3.905917713362360377e+00,-2.246515791566242797e+02,-2.541643062047583328e+02,-2.527128760545447221e+02
2.934662279999993189e+02,2.877644830888483440e+00,9.639294707516538052e-01,0.000000000000000000e+00,-7.241011107239797944e-07,-9.305462234561883150e-01,2.514831020068527545e-01,3.456234617817719457e+00,3.938335146855711066e+00,3.888348382173152817e+00,-2.236183797728064633e+02,-2.548102840015645256e+02,-2.515761403266029959e+02
2.935833184999992227e+02,2.877644830888483440e+00,9.639294707516538052e-01,0.000000000000000000e+00,-3.684499163252234420e-07,-9.305462234561883150e-01,2.514831020068527545e-01,3.440071113023423166e+00,3.947582777132121024e+00,3.869328586460671460e+00,-2.225726010126154790e+02,-2.554086056804482325e+02,-2.503455595440054537e+02
2.936962378999996872e+02,2.877644830888483440e+00,9.639294707516538052e-01,0.000000000000000000e+00,-1.858086673703680971e-07,-9.305462234561883150e-01,2.514831020068527545e-01,3.423715734414811251e+00,3.956089861208481828e+00,3.848874911769592622e+00,-2.215144080166382992e+02,-2.559590140201887891e+02,-2.490222067914926640e+02
2.938153922999990755e+02,2.877644830888483440e+00,9.639294707516538052e-01,0.000000000000000000e+00,-9.614763374069586252e-08,-9.305462234561883150e-01,2.514831020068527545e-01,3.407171064695799778e+00,3.963852741850498074e+00,3.827005194008413547e+00,-2.204439678858182674e+02,-2.564612723977272140e+02,-2.476072360523443763e+02
2.939249819999986357e+02,2.877644830888483440e+00,9.639294707516538052e-01,0.000000000000000000e+00,-4.821355582610513671e-08,-9.305462234561883150e-01,2.514831020068527545e-01,3.390439716461492115e+00,3.970868081760356993e+00,3.803738503896214151e+00,-2.193614496550585500e+02,-2.569151648898950953e+02,-2.461018812020850532e+02
2.940352692999986175e+02,2.877644830888483440e+00,9.639294707516538052e-01,0.000000000000000000e+00,-2.521841620727547193e-08,-9.305462234561883150e-01,2.514831020068527545e-01,3.373524331785759500e+00,3.977132865011393292e+00,3.779095130332737362e+00,-2.182670242665386411e+02,-2.573204963662371370e+02,-2.445074549325281055e+02
2.941422960999989300e+02,2.877644830888483440e+00,9.639294707516538052e-01,0.000000000000000000e+00,-1.316432005460055348e-08,-9.305462234561883150e-01,2.514831020068527545e-01,3.356427581803920646e+00,3.982644398344687531e+00,3.753096562706201400e+00,-2.171608645427136821e+02,-2.576770925729013015e+02,-2.428253476070912313e+02
2.942500460999999632e+02,2.877644830888483440e+00,9.639294707516538052e-01,0.000000000000000000e+00,-6.953181808640126829e-09,-9.305462234561883150e-01,2.514831020068527545e-01,3.339152166290991097e+00,3.987400312326902174e+00,3.725765472154150437e+00,-2.160431451590271195e+02,-2.579848002075505633e+02,-2.410570260483735581e+02
2.943578197999995609e+02,2.877644830888483440e+00,9.639294707516538052e-01,0.000000000000000000e+00,-3.661506116986196584e-09,-9.305462234561883150e-01,2.514831020068527545e-01,3.321700813235342054e+00,3.991398562368899672e+00,3.697125691793999636e+00,-2.149140426163266397e+02,-2.582434869852677934e+02,-2.392040322590717949e+02
2.944677893999996741e+02,2.877644830888483440e+00,9.639294707516538052e-01,0.000000000000000000e+00,-1.931588412232657352e-09,-9.305462234561883150e-01,2.514831020068527545e-01,3.304076278407924505e+00,3.994637429604736667e+00,3.667202195940043374e+00,-2.137737352129927331e+02,-2.584530416954264638e+02,-2.372679820773208235e+02
2.945751980999993975e+02,2.877644830888483440e+00,9.639294707516538052e-01,0.000000000000000000e+00,-1.008257824622358260e-09,-9.305462234561883150e-01,2.514831020068527545e-01,3.286281344927086678e+00,3.997115521630601798e+00,3.636021078325654798e+00,-2.126224030167825276e+02,-2.586133742494999410e+02,-2.352505637676698882e+02
2.946822862999997596e+02,2.877644830888483440e+00,9.639294707516538052e-01,0.000000000000000000e+00,-5.318925978032114819e-10,-9.305462234561883150e-01,2.514831020068527545e-01,3.268318822819141545e+00,3.998831773103416420e+00,3.603609529349073970e+00,-2.114602278363984738e+02,-2.587244157197910681e+02,-2.331535365488850857e+02
2.947921989999995276e+02,2.877644830888483440e+00,9.639294707516538052e-01,0.000000000000000000e+00,-2.800782294658735066e-10,-9.305462234561883150e-01,2.514831020068527545e-01,3.250191548574517864e+00,3.999785446198840688e+00,3.569995812362953380e+00,-2.102873931927713045e+02,-2.587861183690649796e+02,-2.309787290598831078e+02
2.948990842000002885e+02,2.877644830888483440e+00,9.639294707516538052e-01,0.000000000000000000e+00,-1.467121326992375301e-10,-9.305462234561883150e-01,2.514831020068527545e-01,3.231902384699997022e+00,3.999976130928455831e+00,3.535209239028342942e+00,-2.091040842900898156e+02,-2.587984556710711104e+02,-2.287280377651337915e+02
2.950070281999996951e+02,2.877644830888483440e+00,9.639294707516538052e-01,0.000000000000000000e+00,-7.754030262104040980e-11,-9.305462234561883150e-01,2.514831020068527545e-01,3.213454219266528966e+00,3.999403745316025827e+00,3.499280143754448069e+00,-2.079104879865444389e+02,-2.587614223219468954e+02,-2.264034253009128008e+02
2.951212316000001010e+02,2.877644830888483440e+00,9.639294707516538052e-01,0.000000000000000000e+00,-4.026260208970751898e-11,-9.305462234561883150e-01,2.514831020068527545e-01,3.194849965453324003e+00,3.998068535432738990e+00,3.462239857246631303e+00,-2.067067927648300838e+02,-2.586750342424982136e+02,-2.240069187638570440e+02
2.952288181999992958e+02,2.877644830888483440e+00,9.639294707516538052e-01,0.000000000000000000e+00,-2.094210064902632781e-11,-9.305462234561883150e-01,2.514831020068527545e-01,3.176092561087716426e+00,3.995971075291420149e+00,3.424120679185554295e+00,-2.054931887023752495e+02,-2.585393285713548721e+02,-2.215406079433053605e+02
2.953360096999986126e+02,2.877644830888483440e+00,9.639294707516538052e-01,0.000000000000000000e+00,-1.102504989417330271e-11,-9.305462234561883150e-01,2.514831020068527545e-01,3.157184968181298235e+00,3.993112266599758264e+00,3.384955850061245108e+00,-2.042698674413300068e+02,-2.583543636490043696e+02,-2.190066434989625748e+02
2.954456061999990197e+02,2.877644830888483440e+00,9.639294707516538052e-01,0.000000000000000000e+00,-5.822564369414583560e-12,-9.305462234561883150e-01,2.514831020068527545e-01,3.138130172462173739e+00,3.989493338372662734e+00,3.344779522187138809e+00,-2.030370221583026478e+02,-2.581202189927112727e+02,-2.164072350855078923e+02
2.955527526999994734e+02,2.877644830888483440e+00,9.639294707516538052e-01,0.000000000000000000e+00,-3.045461407492985923e-12,-9.305462234561883150e-01,2.514831020068527545e-01,3.118931182903465604e+00,3.985115846403897599e+00,3.303626729918524241e+00,-2.017948475338542380e+02,-2.578369952623322092e+02,-2.137446494257285394e+02
2.956623847999999271e+02,2.877644830888483440e+00,9.639294707516538052e-01,0.000000000000000000e+00,-1.585195325555515676e-12,-9.305462234561883150e-01,2.514831020068527545e-01,3.099591031248208672e+00,3.979981672597247666e+00,3.261533359102243068e+00,-2.005435397217591174e+02,-2.575048142170419396e+02,-2.110212083339151263e+02
2.957659454999993613e+02,2.877644830888483440e+00,9.639294707516538052e-01,0.000000000000000000e+00,-8.419544350144656416e-13,-9.305462234561883150e-01,2.514831020068527545e-01,3.080112771530536975e+00,3.974093024157472342e+00,3.218536115783556362e+00,-1.992832963180257480e+02,-2.571238186629884694e+02,-2.082392866911960994e+02
2.958694513999998890e+02,2.877644830888483440e+00,9.639294707516538052e-01,0.000000000000000000e+00,-4.517856075512176819e-13,-9.305462234561883150e-01,2.514831020068527545e-01,3.060499479593458805e+00,3.967452432641416671e+00,3.174672494197986694e+00,-1.980143163296967828e+02,-2.566941723918996558e+02,-2.054013103746097499e+02
2.959741748999986157e+02,2.877644830888483440e+00,9.639294707516538052e-01,0.000000000000000000e+00,-2.424301783946358480e-13,-9.305462234561883150e-01,2.514831020068527545e-01,3.040754252603135477e+00,3.960062752869693448e+00,3.129980744075850474e+00,-1.967368001434228688e+02,-2.562160601106691615e+02,-2.025097541417075320e+02
2.960808811999995669e+02,2.877644830888483440e+00,9.639294707516538052e-01,0.000000000000000000e+00,-1.296585628588019631e-13,-9.305462234561883150e-01,2.514831020068527545e-01,3.020880208559803215e+00,3.951927161699367641e+00,3.084499837287801860e+00,-1.954509494938192802e+02,-2.556896873619490975e+02,-1.995671394725207790e+02
2.961875517999997101e+02,2.877644830888483440e+00,9.639294707516538052e-01,0.000000000000000000e+00,-6.859282694228119654e-14,-9.305462234561883150e-01,2.514831020068527545e-01,3.000880485805391462e+00,3.943049156658225307e+00,3.038269433860838475e+00,-1.941569674316088481e+02,-2.551152804357871844e+02,-1.965760323707962698e+02
2.962948132000001351e+02,2.877644830888483440e+00,9.639294707516538052e-01,0.000000000000000000e+00,-3.630948707941906034e-14,-9.305462234561883150e-01,2.514831020068527545e-01,2.980758242528001922e+00,3.933432554441176343e+00,2.991329847394240460e+00,-1.928550582915617326e+02,-2.544930862723441294e+02,-1.935390411264073691e+02
2.964019071999991866e+02,2.877644830888483440e+00,9.639294707516538052e-01,0.000000000000000000e+00,-1.915122991013787731e-14,-9.305462234561883150e-01,2.514831020068527545e-01,2.960516656263067148e+00,3.923081489269398592e+00,2.943722009905354042e+00,-1.915454276602204402e+02,-2.538233723557301005e+02,-1.904588140408764048e+02
2.965077978999997868e+02,2.877644830888483440e+00,9.639294707516538052e-01,0.000000000000000000e+00,-1.012604570351910901e-14,-9.305462234561883150e-01,2.514831020068527545e-01,2.940158923391751777e+00,3.912000411113081721e+00,2.895487436136467974e+00,-1.902282823434463523e+02,-2.531064265990164017e+02,-1.873380371180294901e+02
2.966149507999998605e+02,2.877644830888483440e+00,9.639294707516538052e-01,0.000000000000000000e+00,-5.375034655131343808e-15,-9.305462234561883150e-01,2.514831020068527545e-01,2.919688258636024436e+00,3.900194083778303344e+00,2.846668187353064372e+00,-1.889038303337507898e+02,-2.523425572204562286e+02,-1.841794317217432706e+02
2.967180697999992844e+02,2.877644830888483440e+00,9.639294707516538052e-01,0.000000000000000000e+00,-2.839815446703599257e-15,-9.305462234561883150e-01,2.514831020068527545e-01,2.899107894551188558e+00,3.887667582859087645e+00,2.797306834666072106e+00,-1.875722807774619127e+02,-2.515320926109829713e+02,-1.809857522028948722e+02
2.968283456999997725e+02,2.877644830888483440e+00,9.639294707516538052e-01,0.000000000000000000e+00,-1.495502902569543625e-15,-9.305462234561883150e-01,2.514831020068527545e-01,2.878421081015296146e+00,3.874426293555373491e+00,2.747446421909062853e+00,-1.862338439416896563e+02,-2.506753811930326776e+02,-1.777597834975163664e+02
2.969376233000002685e+02,2.877644830888483440e+00,9.639294707516538052e-01,0.000000000000000000e+00,-7.942761784362060793e-16,-9.305462234561883150e-01,2.514831020068527545e-01,2.857631084716014236e+00,3.860475908357872576e+00,2.697130428103337252e+00,-1.848887311811261327e+02,-2.497727912707543680e+02,-1.745043386982859204e+02
2.970472990999987815e+02,2.877644830888483440e+00,9.639294707516538052e-01,0.000000000000000000e+00,-4.160521674628493651e-16,-9.305462234561883150e-01,2.514831020068527545e-01,2.836741188634763322e+00,3.845822424600880307e+00,2.646402729543766430e+00,-1.835371549046691939e+02,-2.488247108716769560e+02,-1.712222566014816891e+02
2.971588628999998036e+02,2.877764576231307103e+00,9.641672013034360278e-01,0.000000000000000000e+00,1.036449017530011131e-03,-9.308058354984392047e-01,2.514336665431919915e-01,2.815754691528297826e+00,3.830472141883946247e+00,2.595307561537719021e+00,-1.821793285418808637e+02,-2.478315475798913212e+02,-1.679163992314904306e+02
2.972679623000003630e+02,2.877635036837775218e+00,9.640431476720844328e-01,0.000000000000000000e+00,1.381159307509521329e-06,-9.306535000920441725e-01,2.515218744760146508e-01,2.794674907407782793e+00,3.814431659363704874e+00,2.543889479831530576e+00,-1.808154665092835671e+02,-2.467937283608317216e+02,-1.645896493451000424e+02
2.973718554999995831e+02,2.877635036837775218e+00,9.640431476720844328e-01,0.000000000000000000e+00,7.240927795313499517e-07,-9.306535000920441725e-01,2.515218744760146508e-01,2.773505165015531126e+00,3.797707872916821881e+00,2.492193321757087077e+00,-1.794457841765048727e+02,-2.457116993777183893e+02,-1.612449079176835482e+02
2.974851265999986936e+02,2.877635036837775218e+00,9.640431476720844328e-01,0.000000000000000000e+00,3.802375897890517003e-07,-9.306535000920441725e-01,2.515218744760146508e-01,2.752248807299225497e+00,3.780307972175429576e+00,2.440264167132851991e+00,-1.780704978322598890e+02,-2.445859257997502993e+02,-1.578850916134955185e+02
2.975923404999994091e+02,2.877635036837775218e+00,9.640431476720844328e-01,0.000000000000000000e+00,1.996578653656734806e-07,-9.306535000920441725e-01,2.515218744760146508e-01,2.730909190884209359e+00,3.762239437436305067e+00,2.388147298953920306e+00,-1.766898246502083509e+02,-2.434168916021289419e+02,-1.545131302423186526e+02
2.976989333000001352e+02,2.877635036837775218e+00,9.640431476720844328e-01,0.000000000000000000e+00,1.053289006666217298e-07,-9.306535000920441725e-01,2.515218744760146508e-01,2.709489685543243542e+00,3.743510036445009348e+00,2.335888163904272563e+00,-1.753039826546478537e+02,-2.422050993579921112e+02,-1.511319642046064473e+02
2.978056350999995630e+02,2.877635036837775218e+00,9.640431476720844328e-01,0.000000000000000000e+00,5.592182684480083696e-08,-9.306535000920441725e-01,2.515218744760146508e-01,2.687993673664559324e+00,3.724127821056533616e+00,2.283532332726791569e+00,-1.739131906860969821e+02,-2.409510700223577260e+02,-1.477445419274234268e+02
2.979142226000003575e+02,2.877635036837775218e+00,9.640431476720844328e-01,0.000000000000000000e+00,2.960975744032393374e-08,-9.306535000920441725e-01,2.515218744760146508e-01,2.666424549717611114e+00,3.704101123773786419e+00,2.231125460484846279e+00,-1.725176683667294526e+02,-2.396553427081639995e+02,-1.443538172933695591e+02
2.980429556999988563e+02,2.877635036837775218e+00,9.640431476720844328e-01,0.000000000000000000e+00,1.453001919043335139e-08,-9.306535000920441725e-01,2.515218744760146508e-01,2.644785719717106520e+00,3.683438554165317846e+00,2.178713246750221710e+00,-1.711176360656967859e+02,-2.383184744544960836e+02,-1.409627470647393466e+02
2.981677359999994223e+02,2.877635036837775218e+00,9.640431476720844328e-01,0.000000000000000000e+00,6.989299214452677507e-09,-9.306535000920441725e-01,2.515218744760146508e-01,2.623080600685148145e+00,3.662148995164169030e+00,2.126341395752741281e+00,-1.697133148643291065e+02,-2.369410399871217408e+02,-1.375742883052023728e+02
2.982746057000003930e+02,2.877635036837775218e+00,9.640431476720844328e-01,0.000000000000000000e+00,3.674060084593807474e-09,-9.306535000920441725e-01,2.515218744760146508e-01,2.601312620111644769e+00,3.640241599248926097e+00,2.074055576525194677e+00,-1.683049265212234218e+02,-2.355236314714055368e+02,-1.341913958011801071e+02
2.983911018999988300e+02,2.877635036837775218e+00,9.640431476720844328e-01,0.000000000000000000e+00,1.941274885948173152e-09,-9.306535000920441725e-01,2.515218744760146508e-01,2.579485215413059418e+00,3.617725784509115527e+00,2.021901383079489189e+00,-1.668926934372249491e+02,-2.340668582577397956e+02,-1.308170194852429518e+02
2.985057567999992898e+02,2.877635036837775218e+00,9.640431476720844328e-01,0.000000000000000000e+00,9.843764673587265442e-10,-9.306535000920441725e-01,2.515218744760146508e-01,2.557601833389661738e+00,3.594611230596294504e+00,1.969924294647818153e+00,-1.654768386203111277e+02,-2.325713466195802539e+02,-1.274541018637138450e+02
2.986254756999987876e+02,2.877635036837775218e+00,9.640431476720844328e-01,0.000000000000000000e+00,5.027405483136185436e-10,-9.306535000920441725e-01,2.515218744760146508e-01,2.535665929681104380e+00,3.570907874562699202e+00,1.918169636024169566e+00,-1.640575856503674572e+02,-2.310377394842066394e+02,-1.241055754507637801e+02
2.987428370999987237e+02,2.877635036837775218e+00,9.640431476720844328e-01,0.000000000000000000e+00,2.516580031408371192e-10,-9.306535000920441725e-01,2.515218744760146508e-01,2.513680968220921574e+00,3.546625906589318866e+00,1.866682538040530082e+00,-1.626351586438936465e+02,-2.294666961563289362e+02,-1.207743602112223016e+02
2.988503087999997661e+02,2.877635036837775218e+00,9.640431476720844328e-01,0.000000000000000000e+00,1.274265589581391588e-10,-9.306535000920441725e-01,2.515218744760146508e-01,2.491650420689335732e+00,3.521775765605015707e+00,1.815507898211856652e+00,-1.612097822186000258e+02,-2.278588920346445263e+02,-1.174633610143071252e+02
2.989574536999989505e+02,2.877635036837775218e+00,9.640431476720844328e-01,0.000000000000000000e+00,6.728019508895375136e-11,-9.306535000920441725e-01,2.515218744760146508e-01,2.469577765965226046e+00,3.496368134798871985e+00,1.764690341585097189e+00,-1.597816814579501283e+02,-2.262150183214870367e+02,-1.141754651005557974e+02
2.990609626999994362e+02,2.877635036837775218e+00,9.640431476720844328e-01,0.000000000000000000e+00,3.558165502800413543e-11,-9.306535000920441725e-01,2.515218744760146508e-01,2.447466489576635151e+00,3.470413937027367446e+00,1.714274181825312438e+00,-1.583510818756083154e+02,-2.245357817256706880e+02,-1.109135395640977180e+02
2.991705175999995845e+02,2.877635036837775218e+00,9.640431476720844328e-01,0.000000000000000000e+00,1.904029108206507286e-11,-9.306535000920441725e-01,2.515218744760146508e-01,2.425320083150426242e+00,3.443924330118595556e+00,1.664303382573453671e+00,-1.569182093798325752e+02,-2.228219041586731350e+02,-1.076804288525024589e+02
2.992782411999996839e+02,2.877635036837775218e+00,9.640431476720844328e-01,0.000000000000000000e+00,9.972772276828665937e-12,-9.306535000920441725e-01,2.515218744760146508e-01,2.403142043860904131e+00,3.416910702075517836e+00,1.614821519109606696e+00,-1.554832902378005031e+02,-2.210741224242860028e+02,-1.044789522863915607e+02
2.993816737999986799e+02,2.877635036837775218e+00,9.640431476720844328e-01,0.000000000000000000e+00,5.258126094993409071e-12,-9.306535000920441725e-01,2.515218744760146508e-01,2.380935873877568110e+00,3.389384666180138339e+00,1.565871740354413344e+00,-1.540465510398786648e+02,-2.192931879018549637e+02,-1.013119016009305540e+02
2.994969996999989235e+02,2.877635036837775218e+00,9.640431476720844328e-01,0.000000000000000000e+00,2.824876418636006320e-12,-9.306535000920441725e-01,2.515218744760146508e-01,2.358705079812068561e+00,3.361358056000953276e+00,1.517496731242879537e+00,-1.526082186638408302e+02,-2.174798662232616948e+02,-9.818203851141430505e+01
2.996047906999992847e+02,2.877635036837775218e+00,9.640431476720844328e-01,0.000000000000000000e+00,1.439477596406099632e-12,-9.306535000920441725e-01,2.515218744760146508e-01,2.336453172164532965e+00,3.332842920305668422e+00,1.469738675502310965e+00,-1.511685202390452787e+02,-2.156349369437767507e+02,-9.509209230499952525e+01
2.997119470999987243e+02,2.877635036837775218e+00,9.640431476720844328e-01,0.000000000000000000e+00,7.581967487057049646e-13,-9.306535000920441725e-01,2.515218744760146508e-01,2.314183664769081439e+00,3.303851517881242206e+00,1.422639218867452815e+00,-1.497276831105595818e+02,-2.137591932069163931e+02,-9.204475746072419895e+01
2.998183369999987917e+02,2.877635036837775218e+00,9.640431476720844328e-01,0.000000000000000000e+00,4.006664143840835259e-13,-9.306535000920441725e-01,2.515218744760146508e-01,2.291900074239138441e+00,3.274396312263991415e+00,1.376239432764860604e+00,-1.482859348032722551e+02,-2.118534414034802467e+02,-8.904269129988648501e+01
2.999299885000000359e+02,2.877635036837775218e+00,9.640431476720844328e-01,0.000000000000000000e+00,2.124084506017665139e-13,-9.306535000920441725e-01,2.515218744760146508e-01,2.269605919411917583e+00,3.244489966381222779e+00,1.330579778497959609e+00,-1.468435029859510621e+02,-2.099185008248651343e+02,-8.608851166881798633e+01
3.000369897999989917e+02,2.877635036837775218e+00,9.640431476720844328e-01,0.000000000000000000e+00,1.099023951027445592e-13,-9.306535000920441725e-01,2.515218744760146508e-01,2.247304720792945520e+00,3.214145337107605194e+00,1.285700071964252844e+00,-1.454006154353035924e+02,-2.079552033108620606e+02,-8.318479465608716339e+01
3.001456902999998420e+02,2.877635036837775218e+00,9.640431476720844328e-01,0.000000000000000000e+00,5.822106221717701851e-14,-9.306535000920441725e-01,2.515218744760146508e-01,2.224999999999996092e+00,3.183375469737796948e+00,1.241639448935241807e+00,-1.439574999999997544e+02,-2.059643928920354767e+02,-8.033407234611014758e+01
3.002594243999992614e+02,2.877635036837775218e+00,9.640431476720844328e-01,0.000000000000000000e+00,3.040159831777742969e-14,-9.306535000920441725e-01,2.515218744760146508e-01,2.202695279207046664e+00,3.152193592378233600e+00,1.198436330929305127e+00,-1.425143845646959164e+02,-2.039469254268717293e+02,-7.753883061112604480e+01
3.003669807999995101e+02,2.877635036837775218e+00,9.640431476720844328e-01,0.000000000000000000e+00,1.567170786060159755e-14,-9.306535000920441725e-01,2.515218744760146508e-01,2.180394080588075045e+00,3.120613110260369361e+00,1.156128391707838210e+00,-1.410714970140484752e+02,-2.019036682338459059e+02,-7.480150694349713092e+01
3.004807098000001133e+02,2.877635036837775218e+00,9.640431476720844328e-01,0.000000000000000000e+00,8.204252201627092221e-15,-9.306535000920441725e-01,2.515218744760146508e-01,2.158099925760866622e+00,3.088647599977609293e+00,1.114752524422921054e+00,-1.396290651967280780e+02,-1.998354997185513184e+02,-7.212448833016298977e+01
3.005882882999994763e+02,2.877635036837775218e+00,9.640431476720844328e-01,0.000000000000000000e+00,4.239629656176762636e-15,-9.306535000920441725e-01,2.515218744760146508e-01,2.135816335230898311e+00,3.056310803648790042e+00,1.074344809446125870e+00,-1.381873168894391313e+02,-1.977433089960767347e+02,-6.951010917116434484e+01
3.006923322000002372e+02,2.877635036837775218e+00,9.640431476720844328e-01,0.000000000000000000e+00,2.236997126299435732e-15,-9.306535000920441725e-01,2.515218744760146508e-01,2.113546827835471653e+00,3.023616623010281668e+00,1.034940482905755799e+00,-1.367464797609550260e+02,-1.956279955087652240e+02,-6.696064924400239704e+01
3.008004733999987366e+02,2.877635036837775218e+00,9.640431476720844328e-01,0.000000000000000000e+00,1.200535130391279415e-15,-9.306535000920441725e-01,2.515218744760146508e-01,2.091294920187911188e+00,2.990579113439578496e+00,9.965739059604787897e-01,-1.353067813361578544e+02,-1.934904686395407509e+02,-6.447833171564298027e+01
3.009101676999998745e+02,2.877635036837775218e+00,9.640431476720844328e-01,0.000000000000000000e+00,6.287760073789457072e-16,-9.306535000920441725e-01,2.515218744760146508e-01,2.069064126122436953e+00,2.957212477912894766e+00,9.592785348359393893e-01,-1.338684489601216683e+02,-1.913316473209642936e+02,-6.206532120388528284e+01
3.010168152999995073e+02,2.877635036837775218e+00,9.640431476720844328e-01,0.000000000000000000e+00,3.291931932288166073e-16,-9.306535000920441725e-01,2.515218744760146508e-01,2.046857956139088053e+00,2.923531060899150269e+00,9.230868916503225385e-01,-1.324317097621990058e+02,-1.891524596401750387e+02,-5.972372188977587371e+01
3.011219514999993407e+02,2.877635036837775218e+00,9.640431476720844328e-01,0.000000000000000000e+00,1.741840495864456735e-16,-9.306535000920441725e-01,2.515218744760146508e-01,2.024679916849553507e+00,2.889549342193286297e+00,8.880305360546398852e-01,-1.309967906201661094e+02,-1.869538424399056282e+02,-5.745557568273520133e+01
3.012320380000001023e+02,2.877635036837775218e+00,9.640431476720844328e-01,0.000000000000000000e+00,9.297857591654454529e-17,-9.306535000920441725e-01,2.515218744760146508e-01,2.002533510423357477e+00,2.855281930691358383e+00,8.541400377122931875e-01,-1.295639181243912219e+02,-1.847367409157309055e+02,-5.526286043998537423e+01
3.013373522000001685e+02,2.877635036837775218e+00,9.640431476720844328e-01,0.000000000000000000e+00,4.848608641483473158e-17,-9.306535000920441725e-01,2.515218744760146508e-01,1.980422234034753703e+00,2.820743558109943816e+00,8.214449496417566277e-01,-1.281333185420485563e+02,-1.825021082097133842e+02,-5.314748824182165521e+01
3.014448959999990620e+02,2.877635036837775218e+00,9.640431476720844328e-01,0.000000000000000000e+00,2.583028173180551914e-17,-9.306535000920441725e-01,2.515218744760146508e-01,1.958349579310656452e+00,2.785949072653164826e+00,7.899737824460506541e-01,-1.267052177813994831e+02,-1.802509050006597704e+02,-5.111130372425947854e+01
3.015523488999988331e+02,2.877635036837775218e+00,9.640431476720844328e-01,0.000000000000000000e+00,1.358641149174695276e-17,-9.306535000920441725e-01,2.515218744760146508e-01,1.936319031779070832e+00,2.750913432629096711e+00,7.597539794508856303e-01,-1.252798413561058908e+02,-1.779840990911025642e+02,-4.915608247047229895e+01
3.016583687999991525e+02,2.877635036837775218e+00,9.640431476720844328e-01,0.000000000000000000e+00,7.177295736675792342e-18,-9.306535000920441725e-01,2.515218744760146508e-01,1.914334070318875591e+00,2.715651700019382719e+00,7.308118927738740389e-01,-1.238574143496312558e+02,-1.757026649912540677e+02,-4.728352946246965161e+01
3.017681138999996620e+02,2.877635036837775218e+00,9.640431476720844328e-01,0.000000000000000000e+00,3.814332379401529522e-18,-9.306535000920441725e-01,2.515218744760146508e-01,1.892398166610330668e+00,2.680179034003853822e+00,7.031727603449797748e-01,-1.224381613796883954e+02,-1.734075835000493555e+02,-4.549527759432019280e+01
3.018788891000003787e+02,2.877635036837775218e+00,9.640431476720844328e-01,0.000000000000000000e+00,1.986484875371353624e-18,-9.306535000920441725e-01,2.515218744760146508e-01,1.870514784586920776e+00,2.644510684443550197e+00,6.768606838986614971e-01,-1.210223065627737782e+02,-1.710998412834977103e+02,-4.379288624824339848e+01
3.019880790999995952e+02,2.893272166605241225e+00,9.657050901126502662e-01,0.000000000000000000e+00,7.731457209817051493e-03,-9.360836056710907238e-01,2.373474336564266873e-01,1.848687379888347859e+00,2.608661985324810306e+00,6.518986079568414027e-01,-1.196100734787761155e+02,-1.687804304505152402e+02,-4.217783993480764337e+01
3.020951960999991570e+02,2.938916185475375364e+00,9.694300528327156607e-01,0.000000000000000000e+00,2.623969886283917738e-02,-9.495871148142018825e-01,1.951382553834116462e-01,1.826919399314844483e+00,2.572648348167009491e+00,6.283082998209159609e-01,-1.182016851356704450e+02,-1.664503481264055154e+02,-4.065154699841326646e+01
3.022029853999993065e+02,2.990644688050354105e+00,9.791580191858946236e-01,0.000000000000000000e+00,6.852497044136292292e-02,-9.680239854275421996e-01,1.472412651841267239e-01,1.805214280282873895e+00,2.536485255397212590e+00,6.061103305903803307e-01,-1.167973639343019414e+02,-1.641105960241996513e+02,-3.921533838919761195e+01
3.023147490999999718e+02,3.051393746910903815e+00,9.931611381672013072e-01,0.000000000000000000e+00,1.164902503287830737e-01,-9.891237751295549607e-01,8.946062731184188654e-02,1.783575450282381514e+00,2.500188253694099139e+00,5.853240572245073103e-01,-1.153973316332700847e+02,-1.617621800140082087e+02,-3.787046650242562151e+01
3.024241669999992155e+02,3.086462565343383702e+00,1.003758908611742218e+00,0.000000000000000000e+00,1.159334883699628255e-01,-1.002233919324941214e+00,5.530929010576167426e-02,1.762006326335420869e+00,2.463772947304383898e+00,5.659676056627238605e-01,-1.140018093139017310e+02,-1.594061096905936381e+02,-3.661810408637823855e+01
3.025316210000000865e+02,3.105757822903719045e+00,1.010098191647466725e+00,0.000000000000000000e+00,9.332005448675724513e-02,-1.009449709780511295e+00,3.618895126311262589e-02,1.740510314456749086e+00,2.427254991334557133e+00,5.480578550186518960e-01,-1.126110173453516694e+02,-1.570433979393458515e+02,-3.545934321970678127e+01
3.026421656999991683e+02,3.113320438850013971e+00,1.012002632309526140e+00,0.000000000000000000e+00,5.877766595513064796e-02,-1.011598203225630765e+00,2.860774426768840362e-02,1.719090809115783047e+00,2.390650085020580740e+00,5.316104228611540083e-01,-1.112251753497911722e+02,-1.546750605008315915e+02,-3.439519435911666534e+01
3.027497184000003472e+02,3.112918723370071916e+00,1.011766617377708899e+00,0.000000000000000000e+00,2.949407129323981108e-02,-1.011350711515324852e+00,2.900735005782332024e-02,1.697751192700755141e+00,2.353973964978794076e+00,5.166396515956539481e-01,-1.098445021677388667e+02,-1.523021155341279780e+02,-3.342658545823881155e+01
3.028574633999996877e+02,3.112676224827513494e+00,1.011481109759828190e+00,0.000000000000000000e+00,1.429085062040774505e-02,-1.011058259277573645e+00,2.924434556587594478e-02,1.676494834984461724e+00,2.317242398440691353e+00,5.031585959573234845e-01,-1.084692158234946788e+02,-1.499255831791127491e+02,-3.255436115843883016e+01
3.029697541999994428e+02,3.112477357810896628e+00,1.011162873043431665e+00,0.000000000000000000e+00,6.127612110247024346e-03,-1.010734321707923433e+00,2.943614687880828640e-02,1.655325092592197844e+00,2.280471176474343498e+00,4.911790116271164131e-01,-1.070995334907152028e+02,-1.475464851178900290e+02,-3.177928205227443215e+01
3.030811152999995102e+02,3.112227032615920486e+00,1.010761098546728354e+00,0.000000000000000000e+00,1.434271249887165631e-03,-1.010325320155018192e+00,2.967736155808064699e-02,1.634245308471694802e+00,2.243676107196022951e+00,4.807113449807240979e-01,-1.057356714581186594e+02,-1.451658441355826881e+02,-3.110202402025285195e+01
3.031892599999991944e+02,3.116835597902085198e+00,1.012280132688974099e+00,0.000000000000000000e+00,7.370841560497318201e-03,-1.011969929311085981e+00,2.505851565680672702e-02,1.613258811365229750e+00,2.206873008973918804e+00,4.717647239791100677e-01,-1.043778450953303718e+02,-1.427846836806125452e+02,-3.052317764144842371e+01
3.032993585000003804e+02,3.126669511946072788e+00,1.015973715091608609e+00,0.000000000000000000e+00,2.045003633204248855e-02,-1.015860588438390888e+00,1.516095691740833827e-02,1.592368915283966846e+00,2.170077703628024324e+00,4.643469502088211076e-01,-1.030262688188726656e+02,-1.404040274247331865e+02,-3.004324767851072764e+01
3.034066917999989528e+02,3.134773125934088966e+00,1.018703907270108067e+00,0.000000000000000000e+00,2.295821732948342964e-02,-1.018680219461629122e+00,6.947025621964020119e-03,1.571578918984696482e+00,2.133306009628091804e+00,4.584644920788945033e-01,-1.016811560583098668e+02,-1.380248988229375584e+02,-2.966265263750447545e+01
3.035116507000002457e+02,3.140673805225819848e+00,1.020941480004416313e+00,0.000000000000000000e+00,2.211221320477277028e-02,-1.020941049023027958e+00,9.380902766124450112e-04,1.550892105448792746e+00,2.096573735293221219e+00,4.541224791802860317e-01,-1.003427192225368998e+02,-1.356483206734714315e+02,-2.938172440296450816e+01
3.036188294999992650e+02,-3.132828184464091503e+00,1.024688971609270860e+00,0.000000000000000000e+00,2.911537268544371962e-02,-1.024649615648652201e+00,-8.980739876788192133e-03,1.530311741363968192e+00,2.059896671995869788e+00,4.513246978128142572e-01,-9.901116966624874749e+01,-1.332753146781327871e+02,-2.920070794848908236e+01
3.037278124000004027e+02,-3.118971616907518118e+00,1.030165708501101340e+00,0.000000000000000000e+00,4.048280214174610619e-02,-1.029902146023125020e+00,-2.330142889476559051e-02,1.509841076608241073e+00,2.023290587372966076e+00,4.500735876834294213e-01,-9.768671765655319916e+01,-1.309069010030309244e+02,-2.911976112311788611e+01
3.038353337999997166e+02,-3.109963840781166056e+00,1.033836021900277569e+00,0.000000000000000000e+00,3.793775574918758359e-02,-1.033318949638157402e+00,-3.269355436911273310e-02,1.489483343736914378e+00,1.986771218547409346e+00,4.503702397787716638e-01,-9.636957233977835813e+01,-1.285440978400174004e+02,-2.913895451368652800e+01
3.039434432999987621e+02,-3.107784945705589497e+00,1.034499553651975878e+00,0.000000000000000000e+00,2.298431748975002242e-02,-1.033908413579068819e+00,-3.496739676542494346e-02,1.469241757471990928e+00,1.950354265362618023e+00,4.522143954138013733e-01,-9.505994170843781887e+01,-1.261879209689613930e+02,-2.925827138327295174e+01
3.040500893999997061e+02,-3.107860954673609122e+00,1.034200665623287829e+00,0.000000000000000000e+00,1.079459430468701804e-02,-1.033612350424876869e+00,-3.487873026377554669e-02,1.449119514194590286e+00,1.914055383632984109e+00,4.556044464573838493e-01,-9.375803256838999289e+01,-1.238393833210540720e+02,-2.947760768579273716e+01
3.041575596999991831e+02,-3.107860954673609122e+00,1.034200665623287829e+00,0.000000000000000000e+00,5.717919985654264063e-03,-1.033612350424876869e+00,-3.487873026377554669e-02,1.429119791440190301e+00,1.877890178413505140e+00,4.605374367345933528e-01,-9.246405050618031396e+01,-1.214994945433537907e+02,-2.979677215672819202e+01
3.042648822999999538e+02,-3.107860954673609122e+00,1.034200665623287829e+00,0.000000000000000000e+00,3.013339661469159256e-03,-1.033612350424876869e+00,-3.487873026377554669e-02,1.409245747396857817e+00,1.841874197290985782e+00,4.670090646045637062e-01,-9.117819985657671111e+01,-1.191692605647267840e+02,-3.021548647991527403e+01
3.043728995000001305e+02,-3.107860954673609122e+00,1.034200665623287829e+00,0.000000000000000000e+00,1.591046332424574453e-03,-1.033612350424876869e+00,-3.487873026377554669e-02,1.389500520406523609e+00,1.806022923700136174e+00,4.750136867115550832e-01,-8.990068367030208663e+01,-1.168496831633988222e+02,-3.073338553023761577e+01
3.044823610000003100e+02,-3.107860954673609122e+00,1.034200665623287829e+00,0.000000000000000000e+00,8.370744979470539672e-04,-1.033612350424876869e+00,-3.487873026377554669e-02,1.369887228469456542e+00,1.770351770267194702e+00,4.845443229060515389e-01,-8.863170368197384619e+01,-1.145417595362875005e+02,-3.135001769202153454e+01
3.045907320999995136e+02,-3.107860954673609122e+00,1.034200665623287829e+00,0.000000000000000000e+00,4.370094566188933343e-04,-1.033612350424876869e+00,-3.487873026377554669e-02,1.350408968751773742e+00,1.734876072183800133e+00,4.955926623315887181e-01,-8.737146027823976624e+01,-1.122464818702918734e+02,-3.206484525285379306e+01
3.046978435000000900e+02,-3.107860954673609122e+00,1.034200665623287829e+00,0.000000000000000000e+00,2.303283460429149930e-04,-1.033612350424876869e+00,-3.487873026377554669e-02,1.331068817096527912e+00,1.699611080614589209e+00,5.081490706718843064e-01,-8.612015246614535613e+01,-1.099648369157639252e+02,-3.287724487247091787e+01
3.048072288999992452e+02,-3.107860954673609122e+00,1.034200665623287829e+00,0.000000000000000000e+00,1.217888790995367844e-04,-1.033612350424876869e+00,-3.487873026377554669e-02,1.311869827537819777e+00,1.664571956140361797e+00,5.222025985521632219e-01,-8.487797784169694637e+01,-1.076978055622814168e+02,-3.378650812632496070e+01
3.049148317999988649e+02,-3.107860954673609122e+00,1.034200665623287829e+00,0.000000000000000000e+00,6.364374318258961998e-05,-1.033612350424876869e+00,-3.487873026377554669e-02,1.292815031818695282e+00,1.629773762240742885e+00,5.377409910871320253e-01,-8.364513255866958730e+01,-1.054463624169760720e+02,-3.479184212333744597e+01
3.050245562000000064e+02,-3.107860954673609122e+00,1.034200665623287829e+00,0.000000000000000000e+00,3.351025801619092139e-05,-1.033612350424876869e+00,-3.487873026377554669e-02,1.273907438912277312e+00,1.595231458818155090e+00,5.547506985674270918e-01,-8.242181129762434466e+01,-1.032114753855346407e+02,-3.589237019731253753e+01
3.051349847999990743e+02,-3.107860954673609122e+00,1.034200665623287829e+00,0.000000000000000000e+00,1.754914749884290320e-05,-1.033612350424876869e+00,-3.487873026377554669e-02,1.255150034546669957e+00,1.560959895766513394e+00,5.732168882752235461e-01,-8.120820723516955297e+01,-1.009941052560934196e+02,-3.708713267140696246e+01
3.052437762999998085e+02,-3.107860954673609122e+00,1.034200665623287829e+00,0.000000000000000000e+00,9.126700883444240967e-06,-1.033612350424876869e+00,-3.487873026377554669e-02,1.236545780733464994e+00,1.526973806587258009e+00,5.931234574184780506e-01,-8.000451201345518371e+01,-9.879520528619559627e+01,-3.837508769497553374e+01
3.053511320999987220e+02,-3.107860954673609122e+00,1.034200665623287829e+00,0.000000000000000000e+00,4.786001200046865182e-06,-1.033612350424876869e+00,-3.487873026377554669e-02,1.218097615300007153e+00,1.493287802055261793e+00,6.144530471729059418e-01,-7.881091570991046069e+01,-9.661572079297543780e+01,-3.975511215208701543e+01
3.054634784999998374e+02,-3.107860954673609122e+00,1.034200665623287829e+00,0.000000000000000000e+00,2.526799919966813483e-06,-1.033612350424876869e+00,-3.487873026377554669e-02,1.199808451425465883e+00,1.459916363937661554e+00,6.371870578190494960e-01,-7.762760680722765017e+01,-9.445658874676671246e+01,-4.122600264089250288e+01
3.055675684999987425e+02,-3.107860954673609122e+00,1.034200665623287829e+00,0.000000000000000000e+00,1.303985419510965926e-06,-1.033612350424876869e+00,-3.487873026377554669e-02,1.181681177180862186e+00,1.426873838768089264e+00,6.613056649615800531e-01,-7.645477216360178829e+01,-9.231873736829537336e+01,-4.278647652301422966e+01
3.056755739000000176e+02,-3.107860954673609122e+00,1.034200665623287829e+00,0.000000000000000000e+00,6.985046812583368974e-07,-1.033612350424876869e+00,-3.487873026377554669e-02,1.163718655072897068e+00,1.394174431678931736e+00,6.867878368164372915e-01,-7.529259698321644123e+01,-9.020308572962689198e+01,-4.443517304202349294e+01
3.057877423999998427e+02,-3.107860954673609122e+00,1.034200665623287829e+00,0.000000000000000000e+00,3.673752687861576275e-07,-1.033612350424876869e+00,-3.487873026377554669e-02,1.145923721592079669e+00,1.361832200294602835e+00,7.136113525508198663e-01,-7.414126478700755740e+01,-8.811054335906081292e+01,-4.617065451003804810e+01
3.058962202000002435e+02,-3.107860954673609122e+00,1.034200665623287829e+00,0.000000000000000000e+00,1.899426025817083281e-07,-1.033612350424876869e+00,-3.487873026377554669e-02,1.128299186764651907e+00,1.329861048688005809e+00,7.417528216601523283e-01,-7.300095738367298281e+01,-8.604200985011398473e+01,-4.799140756141185449e+01
3.060033266999998887e+02,-3.107860954673609122e+00,1.034200665623287829e+00,0.000000000000000000e+00,9.994703972973002528e-08,-1.033612350424876869e+00,-3.487873026377554669e-02,1.110847833709003307e+00,1.298274721403174681e+00,7.711877043649224550e-01,-7.187185484097251731e+01,-8.399837447478540753e+01,-4.989584447241048792e+01
3.061153636999988521e+02,-3.107860954673609122e+00,1.034200665623287829e+00,0.000000000000000000e+00,5.283860516560693598e-08,-1.033612350424876869e+00,-3.487873026377554669e-02,1.093572418196073537e+00,1.267086797546455479e+00,8.018903330096855964e-01,-7.075413545728595466e+01,-8.198051580125567739e+01,-5.188230454572666162e+01
3.062218656999993982e+02,-3.107860954673609122e+00,1.034200665623287829e+00,0.000000000000000000e+00,2.729759120591929392e-08,-1.033612350424876869e+00,-3.487873026377554669e-02,1.076475668214225356e+00,1.236310684948632499e+00,8.338339344457446067e-01,-6.964797573346038462e+01,-7.998930131617652250e+01,-5.394905555863967805e+01
3.063355169999995269e+02,-3.107860954673609122e+00,1.034200665623287829e+00,0.000000000000000000e+00,1.446925671861095779e-08,-1.033612350424876869e+00,-3.487873026377554669e-02,1.059560283538502068e+00,1.205959614401078461e+00,8.669906533775986190e-01,-6.855355034494108679e+01,-7.802558705174978115e+01,-5.609429527353063349e+01
3.064681908999991720e+02,-3.107860954673609122e+00,1.034200665623287829e+00,0.000000000000000000e+00,7.396803271015847921e-09,-1.033612350424876869e+00,-3.487873026377554669e-02,1.042828935304194848e+00,1.176046633967522181e+00,9.013315766533613882e-01,-6.747103211418141200e+01,-7.609021721769869373e+01,-5.831615300947248670e+01
3.065753912000000128e+02,-3.107860954673609122e+00,1.034200665623287829e+00,0.000000000000000000e+00,3.519901560860186913e-09,-1.033612350424876869e+00,-3.487873026377554669e-02,1.026284265585174271e+00,1.146584603374855904e+00,9.368267584772553835e-01,-6.640059198336078339e+01,-7.418402383835318403e+01,-6.061269127347842556e+01
3.066823418999993009e+02,-3.107860954673609122e+00,1.034200665623287829e+00,0.000000000000000000e+00,1.858718431061264252e-09,-1.033612350424876869e+00,-3.487873026377554669e-02,1.009928886976571460e+00,1.117586188484535281e+00,9.734452465228979889e-01,-6.534239898738417196e+01,-7.230782639494942998e+01,-6.298190745003149971e+01
3.067881934999986697e+02,-3.107860954673609122e+00,1.034200665623287829e+00,0.000000000000000000e+00,9.838814140370553857e-10,-1.033612350424876869e+00,-3.487873026377554669e-02,9.937653821822658440e-01,1.089063855847488993e+00,1.011155108924213231e+00,-6.429662022719260506e+01,-7.046243147333254342e+01,-6.542173554739659380e+01
3.068947298999992199e+02,-3.107860954673609122e+00,1.034200665623287829e+00,0.000000000000000000e+00,5.240533885345941961e-10,-1.033612350424876869e+00,-3.487873026377554669e-02,9.777963036070385083e-01,1.061029867344751354e+00,1.049923462120440076e+00,-6.326342084337539262e+01,-6.864863241720541964e+01,-6.793004799919248171e+01
3.069981652999995276e+02,-3.107860954673609122e+00,1.034200665623287829e+00,0.000000000000000000e+00,2.774729179256132149e-10,-1.033612350424876869e+00,-3.487873026377554669e-02,9.620241729535152775e-01,1.033496274915944868e+00,1.089716499531125482e+00,-6.224296399009244141e+01,-6.686720898706163041e+01,-7.050465751966382300e+01
3.071130312999994203e+02,-3.107860954673609122e+00,1.034200665623287829e+00,0.000000000000000000e+00,1.487467428927792371e-10,-1.033612350424876869e+00,-3.487873026377554669e-02,9.464514808239543608e-01,1.006474915378155810e+00,1.130499521035905230e+00,-6.123541080930984748e+01,-6.511892702496668051e+01,-7.314331901102306688e+01
3.072204392999992706e+02,-3.107860954673609122e+00,1.034200665623287829e+00,0.000000000000000000e+00,7.612124203241325085e-11,-1.033612350424876869e+00,-3.487873026377554669e-02,9.310806863269933675e-01,9.799774053372376503e-01,1.172236963233542539e+00,-6.024092040535647641e+01,-6.340453812531927724e+01,-7.584373152121020212e+01
3.073250119000003906e+02,-3.107860954673609122e+00,1.034200665623287829e+00,0.000000000000000000e+00,4.015145800214238476e-11,-1.033612350424876869e+00,-3.487873026377554669e-02,9.159142166892324521e-01,9.540151361936999308e-01,1.214892430453884842e+00,-5.925964981979334567e+01,-6.172477931173239085e+01,-7.860354025036635051e+01
3.074284121000000596e+02,-3.107860954673609122e+00,1.034200665623287829e+00,0.000000000000000000e+00,2.147787636306489457e-11,-1.033612350424876869e+00,-3.487873026377554669e-02,9.009544668720774752e-01,9.285992692455917741e-01,1.258428726495167682e+00,-5.829175400662341389e+01,-6.008037272018979280e+01,-8.142033860423735803e+01
3.075368923999994877e+02,-3.107860954673609122e+00,1.034200665623287829e+00,0.000000000000000000e+00,1.154395077909709499e-11,-1.033612350424876869e+00,-3.487873026377554669e-02,8.862037991934090808e-01,9.037407308901281855e-01,1.302807887059899361e+00,-5.733738580781356831e+01,-5.847202528859129700e+01,-8.429167029277549261e+01
3.076440640000000712e+02,-3.107860954673609122e+00,1.034200665623287829e+00,0.000000000000000000e+00,6.047483624816916081e-12,-1.033612350424876869e+00,-3.487873026377554669e-02,8.716645429546745483e-01,8.794502079264452377e-01,1.347991212860105925e+00,-5.639669592916744278e+01,-5.690042845284101247e+01,-8.721503147204886375e+01
3.077526527999998507e+02,-3.107860954673609122e+00,1.034200665623287829e+00,0.000000000000000000e+00,3.193888222746908666e-12,-1.033612350424876869e+00,-3.487873026377554669e-02,8.573389940729694292e-01,8.557381429612667123e-01,1.393939303363833648e+00,-5.546983291652112769e+01,-5.536625784959395702e+01,-9.018787292764004349e+01
3.078580799999999726e+02,-3.107860954673609122e+00,1.034200665623287829e+00,0.000000000000000000e+00,1.668183905036245636e-12,-1.033612350424876869e+00,-3.487873026377554669e-02,8.432294147185295241e-01,8.326147299195509888e-01,1.440612091152937424e+00,-5.455694313228886472e+01,-5.387017302579494782e+01,-9.320760229759505933e+01
3.079666532999999617e+02,-3.107860954673609122e+00,1.034200665623287829e+00,0.000000000000000000e+00,8.939289490767609268e-13,-1.033612350424876869e+00,-3.487873026377554669e-02,8.293380329574986387e-01,8.100899096621700934e-01,1.487968876862394874e+00,-5.365817073235016466e+01,-5.241281715514240602e+01,-9.627158633299694657e+01
3.080776981999988493e+02,-3.107860954673609122e+00,1.034200665623287829e+00,0.000000000000000000e+00,4.694846763720727220e-13,-1.033612350424876869e+00,-3.487873026377554669e-02,8.156670424000904696e-01,7.881733657121394732e-01,1.535968364670893482e+00,-5.277365764328585840e+01,-5.099481676157542864e+01,-9.937715319420681226e+01
3.081852299000001949e+02,-3.107860954673609122e+00,1.034200665623287829e+00,0.000000000000000000e+00,2.434008150971473635e-13,-1.033612350424876869e+00,-3.487873026377554669e-02,8.022186018541854757e-01,7.668745200917903571e-01,1.584568698311334733e+00,-5.190354353996580272e+01,-4.961678144993884132e+01,-1.025215947807433565e+02
3.082901822000003449e+02,-3.107860954673609122e+00,1.034200665623287829e+00,0.000000000000000000e+00,1.285647472471445623e-13,-1.033612350424876869e+00,-3.487873026377554669e-02,7.889948349844679854e-01,7.462025292720906311e-01,1.633727497570049536e+00,-5.104796582349508327e+01,-4.827930364390426377e+01,-1.057021690927822135e+02
3.083981440999996266e+02,-3.107860954673609122e+00,1.034200665623287829e+00,0.000000000000000000e+00,6.850639212930852328e-14,-1.033612350424876869e+00,-3.487873026377554669e-02,7.759978299769918486e-01,7.261662802362538471e-01,1.683401895243139101e+00,-5.020705959951137487e+01,-4.698295833128562293e+01,-1.089161026222311079e+02
3.085073011000004044e+02,-3.107860954673609122e+00,1.034200665623287829e+00,0.000000000000000000e+00,3.611768105490449440e-14,-1.033612350424876869e+00,-3.487873026377554669e-02,7.632296392095425652e-01,7.067743866592270940e-01,1.733548574517101759e+00,-4.938095765685740446e+01,-4.572830281685199338e+01,-1.121605927712564892e+02
3.086179369000001316e+02,-3.107860954673609122e+00,1.034200665623287829e+00,0.000000000000000000e+00,1.887019605724405009e-14,-1.033612350424876869e+00,-3.487873026377554669e-02,7.506922789274275143e-01,6.880351852045756278e-01,1.784123806742024865e+00,-4.856979044660456424e+01,-4.451587648273604714e+01,-1.154328102962090128e+02
3.087247889999998733e+02,-3.107860954673609122e+00,1.034200665623287829e+00,0.000000000000000000e+00,9.827455077867696201e-15,-1.033612350424876869e+00,-3.487873026377554669e-02,7.383877289251943310e-01,6.699567319405561605e-01,1.835083489563305470e+00,-4.777368606146007579e+01,-4.334620055655398829e+01,-1.187299017747458691e+02
3.088364717000004021e+02,-3.107860954673609122e+00,1.034200665623287829e+00,0.000000000000000000e+00,5.198311254545353060e-15,-1.033612350424876869e+00,-3.487873026377554669e-02,7.263179322339201605e-01,6.525467988767801319e-01,1.886383185379727934e+00,-4.699277021553463385e+01,-4.221977788732767323e+01,-1.220489920940683959e+02
3.089462649999986752e+02,-3.107992991967806429e+00,1.034166681078187766e+00,0.000000000000000000e+00,-1.462466739409338710e-04,-1.033582981344417506e+00,-3.474111292775976939e-02,7.144847948144195104e-01,6.358128706229346783e-01,1.937978160093736690e+00,-4.622716622449294732e+01,-4.113709272930387328e+01,-1.253871869580647740e+02
3.090553572999997414e+02,-3.110559363458516025e+00,1.033573180579134165e+00,0.000000000000000000e+00,-2.650348752127607010e-03,-1.033075521393525653e+00,-3.207002821892041000e-02,7.028901852562654540e-01,6.197621411711840000e-01,1.989823422120163166e+00,-4.547699498608037771e+01,-4.009861053377560580e+01,-1.287415754111745514e+02
3.091675653000002058e+02,-3.129703112979956181e+00,9.974364129120231182e-01,0.000000000000000000e+00,-1.579446246219382011e-01,-9.973659143503951219e-01,-1.185878133722735595e-02,6.915359344827163302e-01,6.044015108033851114e-01,2.041873761619605876e+00,-4.474237496103175005e+01,-3.910477774897901782e+01,-1.321092323767884977e+02
3.092713652000002185e+02,3.112859222995908226e+00,9.355008026636931762e-01,0.000000000000000000e+00,-3.433534302649395298e-01,-9.351146498078254377e-01,2.687644878331311993e-02,6.804238354615854689e-01,5.897375831246651767e-01,2.094083789922006833e+00,-4.402342215436458162e+01,-3.815602162816583842e+01,-1.354872212079538372e+02
3.093747365999988688e+02,3.048967989473364781e+00,8.589754305900404452e-01,0.000000000000000000e+00,-5.100892896750724992e-01,-8.552933480481829109e-01,7.944859433542664218e-02,6.695556429221425354e-01,5.757766622244842036e-01,2.146407979106271569e+00,-4.332025009706262608e+01,-3.725275004592413097e+01,-1.388725962481757676e+02
3.094795995000004041e+02,2.975714964172063048e+00,7.838297988075715317e-01,0.000000000000000000e+00,-5.841390218060839024e-01,-7.730708043298880616e-01,1.294244373812694637e-01,6.589330730779532352e-01,5.625247499664587369e-01,2.198800701701470572e+00,-4.263296982814357960e+01,-3.639535132282988172e+01,-1.422624054000851572e+02
3.095882094999997207e+02,2.870746444617134685e+00,6.921250012578622490e-01,0.000000000000000000e+00,-6.690762212833166744e-01,-6.668934741467614780e-01,1.851758934274613799e-01,6.485578033559600275e-01,5.499875434081906711e-01,2.251216270474344583e+00,-4.196168987713061682e+01,-3.558419405850993655e+01,-1.456536926996901116e+02
3.096958715000000666e+02,2.788291402521335449e+00,6.360251803663745651e-01,0.000000000000000000e+00,-5.556512105377369171e-01,-5.967414695092800869e-01,2.200628288193719195e-01,6.384314721315034191e-01,5.381704323519898026e-01,2.303608978269553909e+00,-4.130651624690827362e+01,-3.481962697317374023e+01,-1.490435008940401360e+02
3.098063868999997794e+02,2.701887411809067885e+00,5.938689812264734691e-01,0.000000000000000000e+00,-4.381995593628897345e-01,-5.373784849078859782e-01,2.527938504415691012e-01,6.285556784696888499e-01,5.270784970278656889e-01,2.355933137866795590e+00,-4.066755239698886726e+01,-3.410197875770290921e+01,-1.524288740199816914e+02
3.099147689000001265e+02,2.598381765639431684e+00,5.637312867765079671e-01,0.000000000000000000e+00,-3.111417213531379455e-01,-4.825841014971719023e-01,2.913855670290907973e-01,6.189319818728131750e-01,5.167165059094516177e-01,2.408143121820788934e+00,-4.004489922717101535e+01,-3.343155793234151929e+01,-1.558068599818050473e+02
3.100222094000000652e+02,2.545129116048565621e+00,5.505823264744391654e-01,0.000000000000000000e+00,-2.005120891413506301e-01,-4.555117822148317397e-01,3.092732036395549611e-01,6.095619020341314087e-01,5.070889136640279737e-01,2.460193402249263528e+00,-3.943865506160830137e+01,-3.280865271406261030e+01,-1.591745131255273691e+02
3.101277996999997413e+02,2.532640175413317429e+00,5.425266303371556464e-01,0.000000000000000000e+00,-1.383194974132818666e-01,-4.450061985885420124e-01,3.103298694015189652e-01,6.004469185978704715e-01,4.981998592374612400e-01,2.512038590533621552e+00,-3.884891563328222475e+01,-3.223353089266374383e+01,-1.625288968075253138e+02
3.102344804999993357e+02,2.529606269388533946e+00,5.400688001353864953e-01,0.000000000000000000e+00,-8.402386400869518712e-02,-4.420508854953881794e-01,3.102665362433069118e-01,5.915884709255800900e-01,4.900531640748244655e-01,2.563633476898790509e+00,-3.827577406888503475e+01,-3.170643971564114594e+01,-1.658670859553517403e+02
3.103470070000003034e+02,2.529650829982237781e+00,5.401665039303091831e-01,0.000000000000000000e+00,-4.410437490596220284e-02,-4.421446846020563037e-01,3.103029646111053474e-01,5.829879578688326180e-01,4.826523304775613976e-01,2.614933069836593571e+00,-3.771932087411347112e+01,-3.122760578189822311e+01,-1.691861696184276127e+02
3.104561292999987927e+02,2.529958787955244759e+00,5.403004644574088688e-01,0.000000000000000000e+00,-2.213370477705517425e-02,-4.423498988549604549e-01,3.102437088417717148e-01,5.746467375483546025e-01,4.760005400978299939e-01,2.665892635339187411e+00,-3.717964391937854174e+01,-3.079723494432960251e+01,-1.724832535064454362e+02
3.105687594999999419e+02,2.523607716068794637e+00,5.410083683065566307e-01,0.000000000000000000e+00,-8.323923389026618644e-03,-4.409475860474362241e-01,3.134569841886787889e-01,5.665661271395103782e-01,4.701006525706750150e-01,2.716467735907709180e+00,-3.665682842592632085e+01,-3.041551222132267540e+01,-1.757554625132287924e+02
3.106759146999993391e+02,2.484381692646893569e+00,5.448503593960154490e-01,0.000000000000000000e+00,1.475115050373063466e-02,-4.313575737978246338e-01,3.328551601841579499e-01,5.587474026643752811e-01,4.649552042846831768e-01,2.766614269302337448e+00,-3.615095695238508000e+01,-3.008260171721900278e+01,-1.789999432238612371e+02
3.107808915999994497e+02,2.397724750605096489e+00,5.443631531903772025e-01,0.000000000000000000e+00,1.966596943884668658e-02,-4.005723268717089613e-01,3.686096220881310837e-01,5.511917987901635563e-01,4.605664072915596208e-01,2.816288507000368480e+00,-3.566210938172358169e+01,-2.979864655176390897e+01,-1.822138664029238555e+02
3.108846450000000914e+02,2.337769392003202995e+00,5.312523560217742302e-01,0.000000000000000000e+00,-3.501376277997601122e-02,-3.686673452607127643e-01,3.825094172920509572e-01,5.439005086343273732e-01,4.569361483551703795e-01,2.865447132327824775e+00,-3.519036290864098504e+01,-2.956376879857952389e+01,-1.853944294616102582e+02
3.109898205999998027e+02,2.282146190677220687e+00,5.073894163642989064e-01,0.000000000000000000e+00,-1.132019704562699514e-01,-3.312526622573024881e-01,3.843379939401689871e-01,5.368746835761015745e-01,4.540659881404061071e-01,2.914047278232407834e+00,-3.473579202737377614e+01,-2.937806943268427773e+01,-1.885388589016367860e+02
3.110954788999988523e+02,2.178734654981809626e+00,4.831686267422380388e-01,0.000000000000000000e+00,-1.398314559790896638e-01,-2.759745161386964463e-01,3.965980185401744018e-01,5.301154330747082088e-01,4.519571605422441074e-01,2.962046564664250425e+00,-3.429846851993362122e+01,-2.924162828708319495e+01,-1.916444127337770169e+02
3.112027711999999156e+02,2.004335073040337534e+00,5.036210044176622214e-01,0.000000000000000000e+00,8.585648113238247836e-02,-2.115635211976926444e-01,4.570284373965020630e-01,5.236238244941575637e-01,4.506105721552990939e-01,3.009403135531765194e+00,-3.387846144477199317e+01,-2.915450401844785233e+01,-1.947083828689052041e+02
3.113119415999990451e+02,1.824632181218158067e+00,5.447298826366919755e-01,0.000000000000000000e+00,3.168574273224526450e-01,-1.367918801434177545e-01,5.272747164090205718e-01,5.174008829346978811e-01,4.500268018840638540e-01,3.056075695201053932e+00,-3.347583712587495341e+01,-2.911673408189893308e+01,-1.977280974795081931e+02
3.114194252999986929e+02,1.696577074232076043e+00,5.649045079887480281e-01,0.000000000000000000e+00,3.187115890693167919e-01,-7.086690395704878243e-02,5.604417766990179572e-01,5.114475910709361806e-01,4.502061006940445420e-01,3.102023544506017139e+00,-3.309065914228957439e+01,-2.912833471490468185e+01,-2.007009233295393074e+02
3.115260619000000588e+02,1.596270594690124334e+00,5.641584414625554489e-01,0.000000000000000000e+00,2.104771325472483412e-01,-1.436996895156546737e-02,5.639753993445021374e-01,5.057648889966808170e-01,4.511483915038634329e-01,3.147206616238793497e+00,-3.272298831808524966e+01,-2.918930093029996442e+01,-2.036242680706499470e+02
3.116306179000002885e+02,1.543642652800332193e+00,5.667574684816498731e-01,0.000000000000000000e+00,1.421193935901954586e-01,1.538765642749742764e-02,5.665485399411047673e-01,5.003536740764520374e-01,4.528532692183999675e-01,3.191585510088982058e+00,-3.237288271274644558e+01,-2.929960651843047970e+01,-2.064955825027571450e+02
3.117348831999988761e+02,1.509594518929323392e+00,5.864830951404428339e-01,0.000000000000000000e+00,1.727281840546926184e-01,3.587142221583937418e-02,5.853850544331711259e-01,4.952148008038241844e-01,4.553200009029403361e-01,3.235121527001230568e+00,-3.204039761200742475e+01,-2.945920405842024081e+01,-2.093123627969796132e+02
3.118540140999994037e+02,1.458007506120933883e+00,6.546051927875801146e-01,0.000000000000000000e+00,4.077929667389046386e-01,7.367570686896486587e-02,6.504458844837311959e-01,4.903490806664556612e-01,4.585475260982738721e-01,3.277776702921429752e+00,-3.172558551911968294e+01,-2.966802493855832168e+01,-2.120721526790165115e+02
3.119805517999993754e+02,1.443223383702774143e+00,6.666561047448851252e-01,0.000000000000000000e+00,2.566496941442291124e-01,8.481678025446123814e-02,6.612385921744811101e-01,4.857572820179587580e-01,4.625344572765845985e-01,3.319513841901873263e+00,-3.142849614656193324e+01,-2.992597938579502426e+01,-2.147725455710512108e+02
3.120949376999997185e+02,1.426453303262777084e+00,6.686692338943136527e-01,0.000000000000000000e+00,1.347493091921515285e-01,9.618293156195251159e-02,6.617154887358743798e-01,4.814401299565773673e-01,4.672790804379514107e-01,3.360296548536699568e+00,-3.114917640819055578e+01,-3.023295650433545845e+01,-2.174111866903244845e+02
3.122030221999993955e+02,1.411410309918457173e+00,6.712946165705879764e-01,0.000000000000000000e+00,8.148946867223549884e-02,1.065425351716534630e-01,6.627859009030364623e-01,4.773983062106581521e-01,4.727793558472261903e-01,3.400089259699361932e+00,-3.088767041182958550e+01,-3.058882432331553503e+01,-2.199857751025487289e+02
3.123083662999997614e+02,1.404570875513144301e+00,6.728659147037528987e-01,0.000000000000000000e+00,5.059269692277905406e-02,1.113330772020541121e-01,6.635913539904204628e-01,4.736324490310344082e-01,4.790329189108906149e-01,3.438857275553949933e+00,-3.064401945230792634e+01,-3.099342985353462510e+01,-2.224940657283405585e+02
3.124141137999995408e+02,1.403335163100381422e+00,6.737949109085661359e-01,0.000000000000000000e+00,3.109687695089887599e-02,1.123078447507263045e-01,6.643692722979662735e-01,4.701431530902011602e-01,4.860370811936403079e-01,3.476566789814194536e+00,-3.041826200493601817e+01,-3.144659915322852939e+01,-2.249338713009784101e+02
3.125192186999993282e+02,1.395984565018157042e+00,6.752920228638463751e-01,0.000000000000000000e+00,2.338375510085718631e-02,1.174486600775521833e-01,6.650000965334765812e-01,4.669309693884429180e-01,4.937888315741314482e-01,3.513184919222883451e+00,-3.021043371943225964e+01,-3.194813740284630654e+01,-2.273030642737205653e+02
3.126268617999994603e+02,1.387166390728624243e+00,6.783949638596014076e-01,0.000000000000000000e+00,2.666037298163947619e-02,1.238747004668083462e-01,6.669893444233786495e-01,4.639964051668008516e-01,5.022848375394830533e-01,3.548679732226679207e+00,-3.002056741429201736e+01,-3.249782898880455662e+01,-2.295995786750661409e+02
3.127395620999996027e+02,1.374201469063428327e+00,6.869417669059880716e-01,0.000000000000000000e+00,5.209905197837400026e-02,1.341809668562063407e-01,6.737094768915266041e-01,4.613399238269844105e-01,5.115214466179527353e-01,3.583020276820849226e+00,-2.984869307160589358e+01,-3.309543759618154013e+01,-2.318214119103089672e+02
3.128473938999995880e+02,1.349995298294438761e+00,7.201484785424798751e-01,0.000000000000000000e+00,1.711112438552600534e-01,1.577206362261295569e-01,7.026649500690023142e-01,4.589619448581918615e-01,5.214946879491131337e-01,3.616176607539830279e+00,-2.969483783232501395e+01,-3.374070631030762257e+01,-2.339666265078270158e+02
3.129601224999987608e+02,1.325368774362447155e+00,7.441728390159026985e-01,0.000000000000000000e+00,1.980958059957830253e-01,1.808124837449687494e-01,7.218726065248383117e-01,4.568628437708688317e-01,5.322002739910052238e-01,3.648119811570217141e+00,-2.955902599197521496e+01,-3.443335772721803778e+01,-2.360333518085930677e+02
3.130732326999986981e+02,1.311659125079115640e+00,7.473988195543261881e-01,0.000000000000000000e+00,1.170546093505103469e-01,1.915184487267354851e-01,7.224442395565937591e-01,4.550429520374092984e-01,5.436336023633017156e-01,3.678822033963113913e+00,-2.944127899682038318e+01,-3.517309407290562007e+01,-2.380197855974134882e+02
3.131859461000003648e+02,1.289126761232457952e+00,7.541494510100748005e-01,0.000000000000000000e+00,9.131869056920165206e-02,2.096232363937793608e-01,7.244304612746449434e-01,4.535025570398181216e-01,5.557897578259367588e-01,3.708256501924021009e+00,-2.934161544047623238e+01,-3.595959733133810943e+01,-2.399241956744841673e+02
3.132957803999997850e+02,1.273941862174975626e+00,7.586953817133894606e-01,0.000000000000000000e+00,6.775458757635699492e-02,2.219287969918057324e-01,7.255110552562211712e-01,4.522419020243186871e-01,5.686635143921889846e-01,3.736397548159215098e+00,-2.926005106097342079e+01,-3.679252938117463145e+01,-2.417449213659012344e+02
3.134114221999989240e+02,1.265808711623544802e+00,7.612772735470727525e-01,0.000000000000000000e+00,4.738492660282460356e-02,2.285973765262316881e-01,7.261448386269704347e-01,4.512611860629542893e-01,5.822493375753285960e-01,3.763220633257881254e+00,-2.919659873827314556e+01,-3.767153214112376247e+01,-2.434803749717849257e+02
3.135189885999989201e+02,1.265501995654427780e+00,7.621556807817327917e-01,0.000000000000000000e+00,2.783031699173549658e-02,2.290841122842930400e-01,7.269124783952907176e-01,4.505605640221423958e-01,5.965413867679545401e-01,3.788702367091004497e+00,-2.915126849223261374e+01,-3.859622772388666334e+01,-2.451290431507879930e+02
3.136254585999995470e+02,1.265841387129541751e+00,7.634824604594724340e-01,0.000000000000000000e+00,2.055800680441012898e-02,2.292357570529581778e-01,7.282557484274374549e-01,4.501401465382264266e-01,6.115335177528717914e-01,3.812820529207742837e+00,-2.912406748102324983e+01,-3.956621859861080992e+01,-2.466894882397409674e+02
3.137395729999989271e+02,1.256795030973679062e+00,7.951910328242576265e-01,0.000000000000000000e+00,1.509141626360633315e-01,2.456080719745687979e-01,7.563104214970494121e-01,4.500000000000001776e-01,6.272192853445044403e-01,3.835554088212081769e+00,-2.911500000000001265e+01,-4.058108776178944055e+01,-2.481603495073217118e+02
3.138507400999988022e+02,1.243407286243336962e+00,8.337841529631994097e-01,0.000000000000000000e+00,2.425403141964346532e-01,2.681215113084928769e-01,7.894978587090719646e-01,4.501401465382266487e-01,6.435919461597865432e-01,3.856883220102533372e+00,-2.912406748102326404e+01,-4.164039891653818870e+01,-2.495403443406339079e+02
3.139610367999994196e+02,1.227723351103452210e+00,8.394295827022355549e-01,0.000000000000000000e+00,1.513158360585562523e-01,2.823694846977058415e-01,7.905121747495109652e-01,4.505605640221428398e-01,6.606444615170590229e-01,3.876789325558925192e+00,-2.915126849223264216e+01,-4.274369666015372360e+01,-2.508282693636624572e+02
3.140673429999988002e+02,1.202540452757236089e+00,8.495663738514304120e-01,0.000000000000000000e+00,1.252716718977064936e-01,3.058343679298346496e-01,7.926085811874780118e-01,4.512611860629542893e-01,6.783695004621366209e-01,3.895255046161302914e+00,-2.919659873827314556e+01,-4.389050667990024124e+01,-2.520230014866363035e+02
3.141722547999997914e+02,1.190918067537760194e+00,8.543415099649382949e-01,0.000000000000000000e+00,8.876044565976717871e-02,3.167961628577600219e-01,7.934353198892587500e-01,4.522419020243197973e-01,6.967594429198504802e-01,3.912264279526705746e+00,-2.926005106097349184e+01,-4.508033595691432538e+01,-2.531234988853778702e+02
3.142834169999987353e+02,1.186189036481759551e+00,8.569728757620268533e-01,0.000000000000000000e+00,5.936323290149897458e-02,3.215320624469103494e-01,7.943674481060225556e-01,4.535025570398181216e-01,7.158063829699750080e-01,3.927802193350697912e+00,-2.934161544047623238e+01,-4.631267297815738715e+01,-2.541288019097901554e+02
3.143943411999989621e+02,1.186123326299716396e+00,8.578294149480745201e-01,0.000000000000000000e+00,3.435530072137591567e-02,3.219056812974283588e-01,7.951402627829848857e-01,4.550429520374112968e-01,7.355021322460471023e-01,3.941855238341404721e+00,-2.944127899682051108e+01,-4.758698795631924838e+01,-2.550380339206888891e+02
3.145077798000002076e+02,1.186371367746502870e+00,8.584037338600812861e-01,0.000000000000000000e+00,2.043070401064908670e-02,3.219238282533143369e-01,7.957524860832416724e-01,4.568628437708688317e-01,7.558382234555010015e-01,3.954411160034604578e+00,-2.955902599197521496e+01,-4.890273305757092004e+01,-2.558504020542389412e+02
3.146197522999991634e+02,1.186825657577784909e+00,8.591766982396288332e-01,0.000000000000000000e+00,1.379935382992368911e-02,3.218518490711428925e-01,7.966153312907281459e-01,4.589619448581931938e-01,7.768059140199270463e-01,3.965459009479886276e+00,-2.969483783232509921e+01,-5.025934263708928285e+01,-2.565651979133486407e+02
3.147305170999989059e+02,1.186976506696703737e+00,8.597396807069725977e-01,0.000000000000000000e+00,9.560601170272610416e-03,3.219424939671868824e-01,7.971858937288811564e-01,4.613399238269859648e-01,7.983961898333982177e-01,3.974989152788245050e+00,-2.984869307160599305e+01,-5.165623348222086975e+01,-2.571817981853994866e+02
3.148359131999986857e+02,1.187220235818279512e+00,8.600893682933302697e-01,0.000000000000000000e+00,6.490274472508093286e-03,3.218790537497236981e-01,7.975886133893853591e-01,4.639964051668026279e-01,8.205997691377753256e-01,3.982993279532996311e+00,-3.002056741429213105e+01,-5.309280506321406534e+01,-2.576996651857848519e+02
3.149471737000003486e+02,1.187435230808030262e+00,8.607368862307438473e-01,0.000000000000000000e+00,6.329470498923167772e-03,3.219497661708540792e-01,7.982583136934615631e-01,4.669309693884449164e-01,8.434071065129638001e-01,3.989464409996611671e+00,-3.021043371943238753e+01,-5.456843979138876222e+01,-2.581183473267807926e+02
3.150528732000002492e+02,1.187592133784624693e+00,8.610627365494630814e-01,0.000000000000000000e+00,4.691517182477835009e-03,3.219463466409254737e-01,7.986110355852911180e-01,4.701431530902033806e-01,8.668083969804873945e-01,3.994396901257091681e+00,-3.041826200493616028e+01,-5.608250328463753931e+01,-2.584374795113338337e+02
3.151603433999989647e+02,1.187624343373824942e+00,8.614458441783927611e-01,0.000000000000000000e+00,4.198814137641687476e-03,3.220638538088506087e-01,7.989767309014793595e-01,4.736324490310346302e-01,8.907935802187552099e-01,3.997786452108713640e+00,-3.064401945230794055e+01,-5.763434464015346492e+01,-2.586567834514337960e+02
3.152681610999989061e+02,1.187986900890123820e+00,8.619759446471484399e-01,0.000000000000000000e+00,4.544205618966596673e-03,3.219721650054641060e-01,7.995851762708198196e-01,4.773983062106628150e-01,9.153523448879934410e-01,3.999630106812732677e+00,-3.088767041182988393e+01,-5.922329671425318054e+01,-2.587760679107838087e+02
3.153826601999990089e+02,1.187986900890123820e+00,8.619759446471484399e-01,0.000000000000000000e+00,2.384781760345708150e-03,3.219721650054641060e-01,7.995851762708198196e-01,4.814401299565775894e-01,9.404741330631178897e-01,3.999926257674830232e+00,-3.114917640819056999e+01,-6.084867640918373155e+01,-2.587952288715615055e+02
3.154901033999994979e+02,1.187986900890123820e+00,8.619759446471484399e-01,0.000000000000000000e+00,1.217927780918457012e-03,3.219721650054641060e-01,7.995851762708198196e-01,4.857572820179638651e-01,9.661481447727537919e-01,3.998674646447051728e+00,-3.142849614656226365e+01,-6.250978496679717011e+01,-2.587142496251242392e+02
3.156039444999987609e+02,1.187986900890123820e+00,8.619759446471484399e-01,0.000000000000000000e+00,6.458893866985754729e-04,3.219721650054641060e-01,7.995851762708198196e-01,4.903490806664558832e-01,9.923633426420135351e-01,3.995876364553000659e+00,-3.172558551911969715e+01,-6.420590826893827341e+01,-2.585332007865791297e+02
3.157144501000002492e+02,1.187860177612274803e+00,8.629724290938290965e-01,0.000000000000000000e+00,4.588816378643597281e-03,3.224458204680626383e-01,8.004686791116700784e-01,4.952148008038272931e-01,1.019108456637678239e+00,3.991533852136095017e+00,-3.204039761200763081e+01,-6.593631714445778869e+01,-2.582522402332053844e+02
3.158207241999989492e+02,1.187986777108301695e+00,8.638201792023307846e-01,0.000000000000000000e+00,6.068480385427448866e-03,3.226611374669687282e-01,8.012958831578187446e-01,5.003536740764551460e-01,1.046371988913132434e+00,3.985650895931737381e+00,-3.237288271274665163e+01,-6.770026768267966588e+01,-2.578716129667834025e+02
3.159288020999993023e+02,1.188378784749776429e+00,8.645087122662683532e-01,0.000000000000000000e+00,6.257768649639072062e-03,3.226039346493322357e-01,8.020611042389793610e-01,5.057648889966810390e-01,1.074142218751373390e+00,3.978232625965221203e+00,-3.272298831808526387e+01,-6.949700155321386319e+01,-2.573916508999498092e+02
3.160346362999989651e+02,1.188504363624163673e+00,8.649025526964012611e-01,0.000000000000000000e+00,5.020278966223063778e-03,3.226501315436132167e-01,8.024670200548058574e-01,5.114475910709397333e-01,1.102407207603833150e+00,3.969285511078259887e+00,-3.309065914228980176e+01,-7.132574633196800562e+01,-2.568127725667634422e+02
3.161401361999996880e+02,1.188718084689351251e+00,8.653249326141710940e-01,0.000000000000000000e+00,4.545375325645424625e-03,3.226361042772631915e-01,8.029278817057673434e-01,5.174008829346983251e-01,1.131154804222745280e+00,3.958817353288092811e+00,-3.347583712587498184e+01,-7.318571583321161711e+01,-2.561354827577396236e+02
3.162441307999997662e+02,1.188813123942733974e+00,8.657911778605008601e-01,0.000000000000000000e+00,4.485344834510133355e-03,3.227335914168773523e-01,8.033911828195761107e-01,5.236238244941580078e-01,1.160372649885110352e+00,3.946837280983954255e+00,-3.387846144477202159e+01,-7.507611044756664853e+01,-2.553603720796618575e+02
3.163571038999998564e+02,1.188843347197199307e+00,8.661738553295359466e-01,0.000000000000000000e+00,4.110839977131819714e-03,3.228519468566402040e-01,8.037560376552757013e-01,5.301154330747122057e-01,1.190048183705659346e+00,3.933355740967047431e+00,-3.429846851993388412e+01,-7.699611748575615877e+01,-2.544881164405679783e+02
3.164695977999999741e+02,1.188970623712759966e+00,8.665669807060564223e-01,0.000000000000000000e+00,3.805376745499067497e-03,3.228961295105653995e-01,8.041619374212553018e-01,5.368746835761017966e-01,1.220168648036923820e+00,3.918384489340752452e+00,-3.473579202737379035e+01,-7.894491152798897815e+01,-2.535194764603466808e+02
3.165844089000001986e+02,1.189034176157569789e+00,8.671077422325892403e-01,0.000000000000000000e+00,4.263435820138953593e-03,3.230464865363325555e-01,8.046842885108602683e-01,5.439005086343318141e-01,1.250721093953798047e+00,3.901936581259080938e+00,-3.519036290864126926e+01,-8.092165477881073343e+01,-2.524552968074625596e+02
3.166960762999988219e+02,1.189276790846454546e+00,8.674563811415271219e-01,0.000000000000000000e+00,3.682930143160006477e-03,3.229810579387159541e-01,8.050862123996052055e-01,5.511917987901640004e-01,1.281692386820279639e+00,3.884026359542484208e+00,-3.566210938172361011e+01,-8.292549742727209150e+01,-2.512965054623987271e+02
3.168046309999990626e+02,1.189276790846454546e+00,8.674563811415271219e-01,0.000000000000000000e+00,1.904800481250654891e-03,3.229810579387159541e-01,8.050862123996052055e-01,5.587474026643757252e-01,1.313069211936191749e+00,3.864669442170606928e+00,-3.615095695238510842e+01,-8.495557801227161576e+01,-2.500441129084382794e+02
3.169142656000003626e+02,1.189276790846454546e+00,8.674563811415271219e-01,0.000000000000000000e+00,1.002046641475567903e-03,3.229810579387159541e-01,8.050862123996052055e-01,5.665661271395154852e-01,1.344838080261172575e+00,3.843882708663242997e+00,-3.665682842592665480e+01,-8.701102379289787336e+01,-2.486992112505118371e+02
3.170205009000001155e+02,1.189276790846454546e+00,8.674563811415271219e-01,0.000000000000000000e+00,5.244059254435205677e-04,3.229810579387159541e-01,8.050862123996052055e-01,5.746467375483550466e-01,1.376985334213649104e+00,3.821684285361132805e+00,-3.717964391937857016e+01,-8.909095112362309976e+01,-2.472629732628653016e+02
3.171329740000001038e+02,1.189276790846454546e+00,8.674563811415271219e-01,0.000000000000000000e+00,2.777898679605688348e-04,3.229810579387159541e-01,8.050862123996052055e-01,5.829879578688426101e-01,1.409497153542450754e+00,3.798093529619443132e+00,-3.771932087411411771e+01,-9.119446583419656349e+01,-2.457366513663779699e+02
3.172404163999999582e+02,1.189276790846454546e+00,8.674563811415271219e-01,0.000000000000000000e+00,1.432194451252737295e-04,3.229810579387159541e-01,8.050862123996052055e-01,5.915884709255805340e-01,1.442359561267964718e+00,3.773131012928009120e+00,-3.827577406888506317e+01,-9.332066361403731491e+01,-2.441215765364422055e+02
3.173459096999995381e+02,1.189276790846454546e+00,8.674563811415271219e-01,0.000000000000000000e+00,7.571305465400586087e-05,3.229810579387159541e-01,8.050862123996052055e-01,6.004469185978760226e-01,1.475558429691115947e+00,3.746818502972554921e+00,-3.884891563328258002e+01,-9.546863040101520426e+01,-2.424191571423243090e+02
3.174498237999996491e+02,1.189276790846454546e+00,8.674563811415271219e-01,0.000000000000000000e+00,4.028690182431930971e-05,3.229810579387159541e-01,8.050862123996052055e-01,6.095619020341369598e-01,1.509079486466794018e+00,3.719178944653053875e+00,-3.943865506160866374e+01,-9.763744277440157759e+01,-2.406308777190525916e+02
3.175550583999993250e+02,1.189276790846454546e+00,8.674563811415271219e-01,0.000000000000000000e+00,2.160207716774831390e-05,3.229810579387159541e-01,8.050862123996052055e-01,6.189319818728191702e-01,1.542908320739644568e+00,3.690236440075350011e+00,-4.004489922717139905e+01,-9.982616835185500292e+01,-2.387582976728751589e+02
3.176657199999990553e+02,1.189276790846454546e+00,8.674563811415271219e-01,0.000000000000000000e+00,1.147330239612631265e-05,3.229810579387159541e-01,8.050862123996052055e-01,6.285556784696948451e-01,1.577030389339397320e+00,3.660016227533795075e+00,-4.066755239698925806e+01,-1.020338661902590047e+02,-2.368030499214365534e+02
3.177715783999992709e+02,1.189276790846454546e+00,8.674563811415271219e-01,0.000000000000000000e+00,5.978475552105430040e-06,3.229810579387159541e-01,8.050862123996052055e-01,6.384314721315096364e-01,1.611431023032958709e+00,3.628544659503144310e+00,-4.130651624690867862e+01,-1.042595871902324376e+02,-2.347668394698534371e+02
3.178761029999986931e+02,1.189276790846454546e+00,8.674563811415271219e-01,0.000000000000000000e+00,3.177620350500711027e-06,3.229810579387159541e-01,8.050862123996052055e-01,6.485578033559606936e-01,1.646095432830889216e+00,3.595849179658643369e+00,-4.196168987713065945e+01,-1.065023745041585386e+02,-2.326514419239142342e+02
3.179817360999986704e+02,1.189276790846454546e+00,8.674563811415271219e-01,0.000000000000000000e+00,1.699678807464078020e-06,3.229810579387159541e-01,8.050862123996052055e-01,6.589330730779656697e-01,1.681008716345126830e+00,3.561958298944928991e+00,-4.263296982814438252e+01,-1.087612639475297129e+02,-2.304587019417369049e+02
3.180929044000004069e+02,1.189276790846454546e+00,8.674563811415271219e-01,0.000000000000000000e+00,8.924259710734461218e-07,3.229810579387159541e-01,8.050862123996052055e-01,6.695556429221432015e-01,1.716155864195697323e+00,3.526901570713957934e+00,-4.332025009706266871e+01,-1.110352844134616248e+02,-2.281905316251930742e+02
3.182264126999998552e+02,1.189276790846454546e+00,8.674563811415271219e-01,0.000000000000000000e+00,4.186430716199558729e-07,3.229810579387159541e-01,8.050862123996052055e-01,6.804238354615985696e-01,1.751521766463305596e+00,3.490709564954008304e+00,-4.402342215436542716e+01,-1.133234582901758785e+02,-2.258489088525243460e+02
3.183732308999988163e+02,1.189276790846454546e+00,8.674563811415271219e-01,0.000000000000000000e+00,1.874451973393086620e-07,3.229810579387159541e-01,8.050862123996052055e-01,6.915359344827169963e-01,1.787091219185085400e+00,3.453413841632331671e+00,-4.474237496103179268e+01,-1.156248018812750331e+02,-2.234358755536118792e+02
3.184798960999996780e+02,1.189276790846454546e+00,8.674563811415271219e-01,0.000000000000000000e+00,9.942675291180547192e-08,3.229810579387159541e-01,8.050862123996052055e-01,7.028901852562727814e-01,1.822848930890949681e+00,3.415046923174180904e+00,-4.547699498608085378e+01,-1.179383258286444516e+02,-2.209535359293695080e+02
3.186505679000001692e+02,1.189276790846454546e+00,8.674563811415271219e-01,0.000000000000000000e+00,4.194681819925700317e-08,3.229810579387159541e-01,8.050862123996052055e-01,7.144847948144268379e-01,1.858779529177390089e+00,3.375642266103003664e+00,-4.622716622449341628e+01,-1.202630355377771423e+02,-2.184040546168643573e+02
3.187563754000002518e+02,1.189276790846454546e+00,8.674563811415271219e-01,0.000000000000000000e+00,2.175631931530914174e-08,3.229810579387159541e-01,8.050862123996052055e-01,7.263179322339272659e-01,1.894867567316118828e+00,3.335234231865733534e+00,-4.699277021553509570e+01,-1.225979316053528976e+02,-2.157896548017129703e+02
3.188626005999994959e+02,1.189276790846454546e+00,8.674563811415271219e-01,0.000000000000000000e+00,1.152759557326147358e-08,3.229810579387159541e-01,8.050862123996052055e-01,7.383877289252018805e-01,1.931097530894860359e+00,3.293858056869074069e+00,-4.777368606146056607e+01,-1.249420102488974749e+02,-2.131126162794290906e+02
3.189696060999995098e+02,1.189276790846454546e+00,8.674563811415271219e-01,0.000000000000000000e+00,6.132205353793456937e-09,3.229810579387159541e-01,8.050862123996052055e-01,7.506922789274355079e-01,1.967453844486808379e+00,3.251549821752888203e+00,-4.856979044660508293e+01,-1.272942637382965074e+02,-2.103752734674118869e+02
3.190756762000000890e+02,1.189276790846454546e+00,8.674563811415271219e-01,0.000000000000000000e+00,3.237985753995499693e-09,3.229810579387159541e-01,8.050862123996052055e-01,7.632296392095434534e-01,2.003920878346808099e+00,3.208346419927299742e+00,-4.938095765685746130e+01,-1.296536808290384784e+02,-2.075800133692962959e+02
3.191790499999988242e+02,1.189276790846454546e+00,8.674563811415271219e-01,0.000000000000000000e+00,1.721189203094634958e-09,3.229810579387159541e-01,8.050862123996052055e-01,7.759978299770071697e-01,2.040482955130506593e+00,3.164285525401155486e+00,-5.020705959951236963e+01,-1.320192471969437804e+02,-2.047292734934547696e+02
3.192825561999998172e+02,1.189276790846454546e+00,8.674563811415271219e-01,0.000000000000000000e+00,9.252573693777155790e-10,3.229810579387159541e-01,8.050862123996052055e-01,7.889948349844688735e-01,2.077124356634163505e+00,3.119405559929712801e+00,-5.104796582349514011e+01,-1.343899458742303921e+02,-2.018255397274524228e+02
3.193886017999993783e+02,1.189276790846454546e+00,8.674563811415271219e-01,0.000000000000000000e+00,4.964082305973765202e-10,3.229810579387159541e-01,8.050862123996052055e-01,8.022186018542012409e-01,2.113829330552018160e+00,3.073745659510142225e+00,-5.190354353996682590e+01,-1.367647576867155692e+02,-1.988713441703062017e+02
3.195103867999987415e+02,1.189276790846454546e+00,8.674563811415271219e-01,0.000000000000000000e+00,2.454408602812962477e-10,3.229810579387159541e-01,8.050862123996052055e-01,8.156670424000911357e-01,2.150582097248186830e+00,3.027345640254638592e+00,-5.277365764328590103e+01,-1.391426616919576986e+02,-1.958692629244751231e+02
3.196139368999993167e+02,1.189276790846454546e+00,8.674563811415271219e-01,0.000000000000000000e+00,1.307595838380720167e-10,3.229810579387159541e-01,8.050862123996052055e-01,8.293380329575072984e-01,2.187366856540516658e+00,2.980245963669916787e+00,-5.365817073235072598e+01,-1.415226356181714209e+02,-1.928219138494436322e+02
3.197177018000002136e+02,1.189276790846454546e+00,8.674563811415271219e-01,0.000000000000000000e+00,7.025068146030790528e-11,3.229810579387159541e-01,8.050862123996052055e-01,8.432294147185384059e-01,2.224167794493014494e+00,2.932487701374377309e+00,-5.455694313228944026e+01,-1.439036563036980567e+02,-1.897319542789222169e+02
3.198214083999991999e+02,1.189276790846454546e+00,8.674563811415271219e-01,0.000000000000000000e+00,3.768575825302934236e-11,3.229810579387159541e-01,8.050862123996052055e-01,8.573389940729780889e-01,2.260969090214446808e+00,2.884112499282885267e+00,-5.546983291652168191e+01,-1.462847001368747044e+02,-1.866020787036026718e+02
3.199256335999998555e+02,1.189276790846454546e+00,8.674563811415271219e-01,0.000000000000000000e+00,2.015427586927519291e-11,3.229810579387159541e-01,8.050862123996052055e-01,8.716645429546832080e-01,2.297754922659797749e+00,2.835162541290980887e+00,-5.639669592916800411e+01,-1.486647434960889314e+02,-1.834350164215264840e+02
3.200297960999996576e+02,1.189276790846454546e+00,8.674563811415271219e-01,0.000000000000000000e+00,1.078702292407280675e-11,3.229810579387159541e-01,8.050862123996052055e-01,8.862037991934181846e-01,2.334509477431733870e+00,2.785680512489966620e+00,-5.733738580781415806e+01,-1.510427631898331811e+02,-1.802335291581008505e+02
3.201331697999994503e+02,1.188876575859852736e+00,8.674652567036281736e-01,0.000000000000000000e+00,3.999021158502648543e-05,3.233065475765363184e-01,8.049651221525268019e-01,9.009544668720783633e-01,2.371216953579386999e+00,2.735709561944732915e+00,-5.829175400662347073e+01,-1.534177368965863479e+02,-1.770004086578242379e+02
3.202364402999992308e+02,1.151100251284054465e+00,8.507868901847269738e-01,0.000000000000000000e+00,-7.188288203350910732e-02,3.466811298338675074e-01,7.769495007574892531e-01,9.159142166892504378e-01,2.407861570391180095e+00,2.685293265067199009e+00,-5.925964981979450386e+01,-1.557886436043093568e+02,-1.737384742498477976e+02
3.203413894999994227e+02,1.106557501375329267e+00,8.312908515307000368e-01,0.000000000000000000e+00,-1.187006117711336545e-01,3.722040922570777899e-01,7.433092179878579842e-01,9.310806863269942557e-01,2.444427574179000473e+00,2.634475585617982230e+00,-6.024092040535653325e+01,-1.581544640493813461e+02,-1.704505703894834596e+02
3.204490594999988389e+02,1.103641501392328195e+00,8.291379323896687081e-01,0.000000000000000000e+00,-7.152501976734175482e-02,3.734004340438585867e-01,7.402984714176255032e-01,9.464514808239725685e-01,2.480899245050958157e+00,2.583300837369173042e+00,-6.123541080931102698e+01,-1.605141811547970008e+02,-1.671395641777855019e+02
3.205538712999987183e+02,1.103272541589264577e+00,8.290589805239134691e-01,0.000000000000000000e+00,-3.847765837433961972e-02,3.736379671955580850e-01,7.400901719772542409e-01,9.620241729535163877e-01,2.517260903669165995e+00,2.531813645462287710e+00,-6.224296399009251246e+01,-1.628667804673950457e+02,-1.638083428614100114e+02
3.206685367999998562e+02,1.103089337147590498e+00,8.290203803385913783e-01,0.000000000000000000e+00,-2.068084633720311191e-02,3.737561461957868980e-01,7.399872527264346189e-01,9.777963036070482783e-01,2.553496917990655035e+00,2.480058907494185227e+00,-6.326342084337602500e+01,-1.652112505939954019e+02,-1.604598113148738037e+02
3.207886867999986862e+02,1.103089337147590498e+00,8.290203803385913783e-01,0.000000000000000000e+00,-1.056017153815484548e-02,3.737561461957868980e-01,7.399872527264346189e-01,9.937653821822758360e-01,2.589591709987389301e+00,2.428081754366017808e+00,-6.429662022719324455e+01,-1.675465836361840957e+02,-1.570968895074813645e+02
3.208964802999998938e+02,1.103089337147590498e+00,8.290203803385913783e-01,0.000000000000000000e+00,-5.276091328265387209e-03,3.737561461957868980e-01,7.399872527264346189e-01,1.009928886976581452e+00,2.625529762343504547e+00,2.375927510928239172e+00,-6.534239898738482566e+01,-1.698717756236247567e+02,-1.537225099570570706e+02
3.210054737999998906e+02,1.103089337147590498e+00,8.290203803385913783e-01,0.000000000000000000e+00,-2.769007004162122882e-03,3.737561461957868980e-01,7.399872527264346189e-01,1.026284265585184485e+00,2.661295625126248510e+00,2.323641656456636007e+00,-6.640059198336143709e+01,-1.721858269456682820e+02,-1.503396151727443453e+02
3.211152987999994366e+02,1.103089337147590498e+00,8.290203803385913783e-01,0.000000000000000000e+00,-1.459027591829236770e-03,3.737561461957868980e-01,7.399872527264346189e-01,1.042828935304205284e+00,2.696873922427903469e+00,2.271269784993799945e+00,-6.747103211418207991e+01,-1.744877427810853590e+02,-1.469511550890988758e+02
3.212233147999995708e+02,1.103089337147590498e+00,8.290203803385913783e-01,0.000000000000000000e+00,-7.607716855530709471e-04,3.737561461957868980e-01,7.399872527264346189e-01,1.059560283538503178e+00,2.732249358976068798e+00,2.218857565590391712e+00,-6.855355034494115785e+01,-1.767765335257516597e+02,-1.435600844936983549e+02
3.213283691999986331e+02,1.103089337147590498e+00,8.290203803385913783e-01,0.000000000000000000e+00,-4.003453961215338252e-04,3.737561461957868980e-01,7.399872527264346189e-01,1.076475668214245784e+00,2.767406726709035425e+00,2.166450702481126367e+00,-6.964797573346170623e+01,-1.790512152180745886e+02,-1.401693604505288704e+02
3.214367817000002105e+02,1.103089337147590498e+00,8.290203803385913783e-01,0.000000000000000000e+00,-2.137697929549663297e-04,3.737561461957868980e-01,7.399872527264346189e-01,1.093572418196074425e+00,2.802330911313910100e+00,2.114094895229976956e+00,-7.075413545728601150e+01,-1.813108099620099836e+02,-1.367819397213795014e+02
3.215466470999999729e+02,1.103089337147590498e+00,8.290203803385913783e-01,0.000000000000000000e+00,-1.121977890312090322e-04,3.737561461957868980e-01,7.399872527264346189e-01,1.110847833709014187e+00,2.837006898724314219e+00,2.061835798879297688e+00,-7.187185484097322785e+01,-1.835543463474631380e+02,-1.334007761874905782e+02
3.216537355999989813e+02,1.103089337147590498e+00,8.290203803385913783e-01,0.000000000000000000e+00,-5.853904585985025610e-05,3.737561461957868980e-01,7.399872527264346189e-01,1.128299186764653017e+00,2.871419781574929164e+00,2.009718984138275211e+00,-7.300095738367305387e+01,-1.857808598678979308e+02,-1.300288182737464240e+02
3.217587960000000749e+02,1.103089337147590498e+00,8.290203803385913783e-01,0.000000000000000000e+00,-3.095645632150748310e-05,3.737561461957868980e-01,7.399872527264346189e-01,1.145923721592080780e+00,2.905554765610334655e+00,1.957789897644291344e+00,-7.414126478700762846e+01,-1.879893933349886481e+02,-1.266690063775856601e+02
3.218713969000000361e+02,1.103089337147590498e+00,8.290203803385913783e-01,0.000000000000000000e+00,-1.651194469864508460e-05,3.737561461957868980e-01,7.399872527264346189e-01,1.163718655072908170e+00,2.939397176045056348e+00,1.906093822332980858e+00,-7.529259698321716598e+01,-1.901789972901151486e+02,-1.233242703049438660e+02
3.219780315999996674e+02,1.103089337147590498e+00,8.290203803385913783e-01,0.000000000000000000e+00,-8.524211527335325570e-06,3.737561461957868980e-01,7.399872527264346189e-01,1.181681177180863518e+00,2.972932463872299813e+00,1.854675837950785722e+00,-7.645477216360187356e+01,-1.923487304125378046e+02,-1.199975267154158445e+02
3.220826797999998234e+02,1.103089337147590498e+00,8.290203803385913783e-01,0.000000000000000000e+00,-4.508510913456180816e-06,3.737561461957868980e-01,7.399872527264346189e-01,1.199808451425476985e+00,3.006146212118796957e+00,1.803580781744574590e+00,-7.762760680722836071e+01,-1.944976599240861788e+02,-1.166916765788739809e+02
3.221899266999989777e+02,1.103089337147590498e+00,8.290203803385913783e-01,0.000000000000000000e+00,-2.410406619199828003e-06,3.737561461957868980e-01,7.399872527264346189e-01,1.218097615300008041e+00,3.039024142042477727e+00,1.752853209363217868e+00,-7.881091570991051753e+01,-1.966248619901483039e+02,-1.134096026458002058e+02
3.222960194999996020e+02,1.079421144108668962e+00,8.194988107794549670e-01,0.000000000000000000e+00,-4.092248594885926349e-02,3.866713450289612219e-01,7.225396679784681364e-01,1.236545780733466104e+00,3.071552119271235615e+00,1.702537356004127034e+00,-8.000451201345525476e+01,-1.987294221168489514e+02,-1.101541669334670246e+02
3.224012704999986454e+02,1.021242071977497723e+00,7.991337264714869493e-01,0.000000000000000000e+00,-1.029561586813201590e-01,4.173932737810897575e-01,6.814672169565528792e-01,1.255150034546681503e+00,3.103716159879114311e+00,1.652677097839605258e+00,-8.120820723517029194e+01,-2.008104355441787163e+02,-1.069282082302224666e+02
3.225093524999992951e+02,9.976560125137874380e-01,7.921143384236863927e-01,0.000000000000000000e+00,-8.173440760105636638e-02,4.295423907155515586e-01,6.655362196866244640e-01,1.273907438912289081e+00,3.135502436398217352e+00,1.603315913756242495e+00,-8.242181129762511205e+01,-2.028670076349646649e+02,-1.037345396200288974e+02
3.226236200999992434e+02,9.977712445070769931e-01,7.919893561700150908e-01,0.000000000000000000e+00,-4.348924014372752139e-02,4.293979343709079521e-01,6.654806941186141023e-01,1.292815031818707272e+00,3.166897283763176141e+00,1.554496847440513640e+00,-8.364513255867036889e+01,-2.048982542594775111e+02,-1.005759460294012371e+02
3.227363714000002801e+02,9.977712445070769931e-01,7.919893561700150908e-01,0.000000000000000000e+00,-2.173000664238382632e-02,4.293979343709079521e-01,6.654806941186141023e-01,1.311869827537831990e+00,3.197887205185759196e+00,1.506262469844256602e+00,-8.487797784169772797e+01,-2.069033021755186326e+02,-9.745518179892340527e+01
3.228445505999989109e+02,9.977712445070769931e-01,7.919893561700150908e-01,0.000000000000000000e+00,-1.149436785444461068e-02,4.293979343709079521e-01,6.654806941186141023e-01,1.331068817096529244e+00,3.228458877957298689e+00,1.458654842061888335e+00,-8.612015246614544139e+01,-2.088812894038372292e+02,-9.437496828140417904e+01
3.229652915999995457e+02,9.977712445070769931e-01,7.919893561700150908e-01,0.000000000000000000e+00,-6.046389512211189365e-03,4.293979343709079521e-01,6.654806941186141023e-01,1.350408968751796834e+00,3.258599159176068571e+00,1.411715478652808109e+00,-8.737146027824125838e+01,-2.108313655986916331e+02,-9.133799146883669096e+01
3.230866086999994877e+02,9.977712445070769931e-01,7.919893561700150908e-01,0.000000000000000000e+00,-2.992053710426886750e-03,4.293979343709079521e-01,6.654806941186141023e-01,1.369887228469457652e+00,3.288295091397573255e+00,1.365485311439920135e+00,-8.863170368197391724e+01,-2.127526924134230057e+02,-8.834689965016283963e+01
3.232119959999999992e+02,9.977712445070769931e-01,7.919893561700150908e-01,0.000000000000000000e+00,-1.481522136204196233e-03,4.293979343709079521e-01,6.654806941186141023e-01,1.389500520406546924e+00,3.317533908204999271e+00,1.320004653816432505e+00,-8.990068367030359298e+01,-2.146444438608634755e+02,-8.540430110192318125e+01
3.233199050000002899e+02,9.977712445070769931e-01,7.919893561700150908e-01,0.000000000000000000e+00,-7.311633307780500846e-04,4.293979343709079521e-01,6.654806941186141023e-01,1.409245747396858928e+00,3.346303039697495763e+00,1.275313165592156350e+00,-9.117819985657678217e+01,-2.165058066684279936e+02,-8.251276181381251718e+01
3.234288197999994736e+02,9.977712445070769931e-01,7.919893561700150908e-01,0.000000000000000000e+00,-3.860045212678845554e-04,4.293979343709079521e-01,6.654806941186141023e-01,1.429119791440202736e+00,3.374590117894113117e+00,1.231449818409300567e+00,-9.246405050618112398e+01,-2.183359806277491373e+02,-7.967480325108175521e+01
3.235321423999994295e+02,9.977712445070769931e-01,7.919893561700150908e-01,0.000000000000000000e+00,-2.028377800746966066e-04,4.293979343709079521e-01,6.654806941186141023e-01,1.449119514194602942e+00,3.402382982050794702e+00,1.188452861758900525e+00,-9.375803256839081712e+01,-2.201341789386864320e+02,-7.689290015580087356e+01
3.236361309000003530e+02,9.977712445070769931e-01,7.919893561700150908e-01,0.000000000000000000e+00,-1.088915256112890829e-04,4.293979343709079521e-01,6.654806941186141023e-01,1.469241757472003584e+00,3.429669683888317611e+00,1.146359789626560932e+00,-9.505994170843864310e+01,-2.218996285475741672e+02,-7.416947838883849897e+01
3.237452961999988474e+02,9.977712445070769931e-01,7.919893561700150908e-01,0.000000000000000000e+00,-5.837336609902812570e-05,4.293979343709079521e-01,6.654806941186141023e-01,1.489483343736927035e+00,3.456438492729045464e+00,1.105207307797025029e+00,-9.636957233977918236e+01,-2.236315704795692625e+02,-7.150691281446752612e+01
3.238524872999987565e+02,9.977712445070769931e-01,7.919893561700150908e-01,0.000000000000000000e+00,-3.051018965147686638e-05,4.293979343709079521e-01,6.654806941186141023e-01,1.509841076608253729e+00,3.482677900539794535e+00,1.065031301846446343e+00,-9.768671765655402339e+01,-2.253292601649247047e+02,-6.890752522946507952e+01
3.239615699999994831e+02,9.977712445070769931e-01,7.919893561700150908e-01,0.000000000000000000e+00,-1.608164444537432724e-05,4.293979343709079521e-01,6.654806941186141023e-01,1.530311741363969524e+00,3.508376626879408100e+00,1.025866805849393160e+00,-9.901116966624883275e+01,-2.269919677590977187e+02,-6.637358233845573352e+01
3.240688277999997808e+02,9.977712445070769931e-01,7.919893561700150908e-01,0.000000000000000000e+00,-8.439508101911442919e-06,4.293979343709079521e-01,6.654806941186141023e-01,1.550892105448817393e+00,3.533523623748074272e+00,9.877479718287707211e-01,-1.003427192225384914e+02,-2.286189784565004288e+02,-6.390729377732147043e+01
3.241758640999996715e+02,9.977712445070769931e-01,7.919893561700150908e-01,0.000000000000000000e+00,-4.460848016749234769e-06,4.293979343709079521e-01,6.654806941186141023e-01,1.571578918984697815e+00,3.558108080337035517e+00,9.507080399747085409e-01,-1.016811560583099521e+02,-2.302095927978062093e+02,-6.151081018636364206e+01
3.242857831999990594e+02,9.977712445070769931e-01,7.919893561700150908e-01,0.000000000000000000e+00,-2.344796334591667782e-06,4.293979343709079521e-01,6.654806941186141023e-01,1.592368915283991715e+00,3.582119427676184742e+00,9.147793096584959649e-01,-1.030262688188742715e+02,-2.317631269706491537e+02,-5.918622133490469395e+01
3.243933641999992687e+02,9.977712445070769931e-01,7.919893561700150908e-01,0.000000000000000000e+00,-1.228793651949704500e-06,4.293979343709079521e-01,6.654806941186141023e-01,1.613258811365230860e+00,3.605547343177664121e+00,8.799931112672825240e-01,-1.043778450953304429e+02,-2.332789131035948742e+02,-5.693555429899318199e+01
3.245015254999998433e+02,9.977712445070769931e-01,7.919893561700150908e-01,0.000000000000000000e+00,-6.485685517857543237e-07,4.293979343709079521e-01,6.654806941186141023e-01,1.634245308471707903e+00,3.628381755073660564e+00,8.463797788833031799e-01,-1.057356714581195121e+02,-2.347562995532658476e+02,-5.476077169374971731e+01
3.246155961000004027e+02,9.977712445070769931e-01,7.919893561700150908e-01,0.000000000000000000e+00,-3.399942781726329078e-07,4.293979343709079521e-01,6.654806941186141023e-01,1.655325092592211167e+00,3.650612846746251083e+00,8.139686238322598744e-01,-1.070995334907160697e+02,-2.361946511844824670e+02,-5.266376996194721727e+01
3.247262154000000010e+02,9.961939841030221787e-01,7.839606112763565227e-01,0.000000000000000000e+00,-3.431706104400964602e-02,4.260834049934328904e-01,6.580631975897154318e-01,1.676494834984475046e+00,3.672231060947611869e+00,7.827879091232952113e-01,-1.084692158234955457e+02,-2.375933496433104892e+02,-5.064637772027720075e+01
3.248402055999995355e+02,9.324654269580108235e-01,7.119572347532925338e-01,0.000000000000000000e+00,-3.237420009197959914e-01,4.242238704352028211e-01,5.717667460341945285e-01,1.697751192700768463e+00,3.693227103908785836e+00,7.528648248032789869e-01,-1.098445021677397193e+02,-2.389517936228984638e+02,-4.871035416477215563e+01
3.249510012999999162e+02,7.285345190101706336e-01,6.088256444627854203e-01,0.000000000000000000e+00,-5.171886221215936663e-01,4.542757943927227537e-01,4.053420382644596920e-01,1.719090809115796370e+00,3.713591949335034670e+00,7.242254642467236270e-01,-1.112251753497920248e+02,-2.402693991219767611e+02,-4.685738753676302082e+01
3.250577194999987114e+02,4.071597346816981933e-01,5.204871835723625662e-01,0.000000000000000000e+00,-3.772775779700025534e-01,4.779369806749191874e-01,2.061144118358349542e-01,1.740510314456750418e+00,3.733316842286352077e+00,6.968948014018878645e-01,-1.126110173453517547e+02,-2.415455996959269953e+02,-4.508909365070214648e+01
3.251707740000001650e+02,3.719385748583725615e-02,4.429600124127530680e-01,0.000000000000000000e+00,-1.259367154340553241e-01,4.426536560494396810e-01,1.647159320681186936e-02,1.762006326335446627e+00,3.752393302941207764e+00,6.708966690131674682e-01,-1.140018093139034079e+02,-2.427798467002961615e+02,-4.340701448515194016e+01
3.252768176999998104e+02,-2.158741147316201037e-01,3.929188866192832030e-01,0.000000000000000000e+00,-1.811103453201274097e-02,3.837990549261840467e-01,-8.416375050997355889e-02,1.783575450282382846e+00,3.770813130242048228e+00,6.462537378386230547e-01,-1.153973316332701700e+02,-2.439716095266605294e+02,-4.181261683815891672e+01
3.253924697999991622e+02,-6.098268854972577202e-01,3.925965662640280018e-01,0.000000000000000000e+00,3.792224650822551002e-01,3.218299269845827926e-01,-2.248500877015694177e-01,1.805214280282899653e+00,3.788568405421063545e+00,6.229874968806559110e-01,-1.167973639343036183e+02,-2.451203758307428302e+02,-4.030729104817844188e+01
3.254999518999993597e+02,-8.293124579894253223e-01,4.799493760374559659e-01,0.000000000000000000e+00,7.431521723538773161e-01,3.241496299207208831e-01,-3.539469183097982974e-01,1.826919399314845815e+00,3.805651495404358542e+00,6.011182346473833427e-01,-1.182016851356705303e+02,-2.462256517526620030e+02,-3.889234978168570223e+01
3.256104550000000017e+02,-9.140042588538639379e-01,5.280577654886110528e-01,0.000000000000000000e+00,6.527931205623894728e-01,3.224212253942521644e-01,-4.181979879292747060e-01,1.848687379888361404e+00,3.822055056093594860e+00,5.806650214606270399e-01,-1.196100734787769824e+02,-2.472869621292555848e+02,-3.756902688850257022e+01
3.257204361000003701e+02,-9.816870266098121078e-01,5.437079209784679845e-01,0.000000000000000000e+00,4.343786231274485155e-01,3.020953667372165419e-01,-4.520582846609877414e-01,1.870514784586934542e+00,3.837772035523120628e+00,5.616456928264472737e-01,-1.210223065627746735e+02,-2.483038506983459115e+02,-3.633847632587114163e+01
3.258314879999998084e+02,-1.017306353320269530e+00,5.526063598554464829e-01,0.000000000000000000e+00,2.756239751017286466e-01,2.904826876151818671e-01,-4.700995608895501832e-01,1.892398166610344434e+00,3.852795676891727084e+00,5.440768338822390415e-01,-1.224381613796892907e+02,-2.492758802948947618e+02,-3.520177115218086783e+01
3.259391249999989668e+02,-1.031742319550160936e+00,5.570229016805455791e-01,0.000000000000000000e+00,1.646969724226753917e-01,2.859334331581293576e-01,-4.780340833026661684e-01,1.914334070318889358e+00,3.867119521467412113e+00,5.279737649342410855e-01,-1.238574143496321511e+02,-2.502026330389415705e+02,-3.415990259124539818e+01
3.260463956999992661e+02,-1.026671695324876232e+00,5.565189843755914412e-01,0.000000000000000000e+00,8.429355690306411519e-02,2.880928155932452883e-01,-4.761469411578700406e-01,1.936319031779084376e+00,3.880737411363985423e+00,5.133505280980290575e-01,-1.252798413561067576e+02,-2.510837105152498623e+02,-3.321377916794248364e+01
3.261537441999989824e+02,-1.022736708275359341e+00,5.559029781695019601e-01,0.000000000000000000e+00,4.159643284894494475e-02,2.896432534158250860e-01,-4.744838320621872496e-01,1.958349579310657784e+00,3.893643492188427757e+00,5.002198750535662430e-01,-1.267052177813995684e+02,-2.519187339445912812e+02,-3.236422591596573994e+01
3.262607189999998809e+02,-1.018468357224484588e+00,5.552640706249091229e-01,0.000000000000000000e+00,1.910018704208225199e-02,2.913306564375771623e-01,-4.726993090185286350e-01,1.980422234034780127e+00,3.905832215557671905e+00,4.885932559255674601e-01,-1.281333185420502900e+02,-2.527073443465813796e+02,-3.161198365838421509e+01
3.263739901999997528e+02,-1.015298515244538180e+00,5.548029354310645145e-01,0.000000000000000000e+00,8.057221480613978998e-03,2.925843852401966982e-01,-4.713816656134836025e-01,2.002533510423358809e+00,3.917298341483871127e+00,4.784808092988095396e-01,-1.295639181243913072e+02,-2.534492026940064591e+02,-3.095770836163297801e+01
3.264777887999989616e+02,-1.016969514232367811e+00,5.553130084415169865e-01,0.000000000000000000e+00,6.325152029084318839e-03,2.920645696188070017e-01,-4.723037417994371268e-01,2.024679916849580152e+00,3.928036940627166906e+00,4.698913533771036377e-01,-1.309967906201678431e+02,-2.541439900585777139e+02,-3.040197056349860816e+01
3.265815936999988480e+02,-1.031194026635813277e+00,5.592283832434318258e-01,0.000000000000000000e+00,2.115965943474209729e-02,2.873286579139043284e-01,-4.797693476728762674e-01,2.046857956139089385e+00,3.938043396414754760e+00,4.628323782937524555e-01,-1.324317097621990911e+02,-2.547914077480346577e+02,-2.994525487560578370e+01
3.266907018000001699e+02,-1.047707325968469938e+00,5.609957910024423455e-01,0.000000000000000000e+00,1.995648204821647356e-02,2.802501918202031095e-01,-4.859795340415019038e-01,2.069064126122437841e+00,3.947313407025609067e+00,4.573100395799893914e-01,-1.338684489601217251e+02,-2.553911774345569086e+02,-2.958795956082531475e+01
3.268020387999986269e+02,-1.118484435689589773e+00,5.594725971064791192e-01,0.000000000000000000e+00,1.213215586710861445e-02,2.445153196956396380e-01,-5.032115314131899719e-01,2.091294920187925399e+00,3.955842987239846398e+00,4.533291527972946877e-01,-1.353067813361587923e+02,-2.559430412744180785e+02,-2.933039618598496645e+01
3.269121329999998125e+02,-1.185908916791397427e+00,5.694909527817039185e-01,0.000000000000000000e+00,6.219660316514371429e-02,2.138181038824953639e-01,-5.278273995846628486e-01,2.113546827835472985e+00,3.963628470151987937e+00,4.508931893381362688e-01,-1.367464797609551113e+02,-2.564467620188336241e+02,-2.917278935017741759e+01
3.270239087999998446e+02,-1.255124591428781411e+00,5.840458583116795444e-01,0.000000000000000000e+00,1.101752042161059930e-01,1.813200064892557251e-01,-5.551870134087816266e-01,2.135816335230912077e+00,3.970666508747402013e+00,4.500042733988729449e-01,-1.381873168894400123e+02,-2.569021231159568970e+02,-2.911527648890708164e+01
3.271354584000000614e+02,-1.350137772775085843e+00,6.041599998132740623e-01,0.000000000000000000e+00,1.714890236044988581e-01,1.322338626879696610e-01,-5.895112475033826849e-01,2.158099925760867954e+00,3.976954077341145144e+00,4.506631801274225690e-01,-1.396290651967281633e+02,-2.573089288039720941e+02,-2.915790775424424197e+01
3.272485852999998315e+02,-1.413759887260161774e+00,6.200498008937627148e-01,0.000000000000000000e+00,1.757883730228736452e-01,9.697070663948011149e-02,-6.124201479721537167e-01,2.180394080588076378e+00,3.982488472878788599e+00,4.528693349473198460e-01,-1.410714970140485605e+02,-2.576670041952576184e+02,-2.930064597109159408e+01
3.273579336000002513e+02,-1.452159319556504125e+00,6.345723756914457558e-01,0.000000000000000000e+00,1.616519951108201791e-01,7.510729186384473843e-02,-6.301118906190904534e-01,2.202695279207060430e+00,3.987267316098419556e+00,4.566208140587579845e-01,-1.425143845646968259e+02,-2.579761953515677533e+02,-2.954336666960164237e+01
