time_s,phi_rad,theta_rad,phi_dot_rad_s,theta_dot_rad_s,bx_rad,by_rad,T1_N,T2_N,T3_N,I1_mA,I2_mA,I3_mA
1.263557000002037967e-01,-1.444776703915807037e+00,0.000000000000000000e+00,0.000000000000000000e+00,0.000000000000000000e+00,0.000000000000000000e+00,-0.000000000000000000e+00,1.725000000000000089e+00,2.825591942477314156e+00,6.137408901726753019e-01,-1.116075000000000159e+02,-1.828157986782822206e+02,-3.970903559417209294e+01
2.317781999990984332e-01,-1.579765275670874214e+00,2.000068757849523260e-01,0.000000000000000000e+00,8.743362957126855628e-01,-1.793827393676527149e-03,-1.999988313579333099e-01,1.741021700851274723e+00,2.812009958873118443e+00,5.957687957422428404e-01,-1.126441040450774835e+02,-1.819370443390907610e+02,-3.854624108452311049e+01
3.361332000004040310e-01,-1.448313147749492380e+00,3.446422267627680669e-01,1.606352209800198660e-01,1.112159166012985256e+00,4.210740754202779712e-02,-3.420602734871280304e-01,1.757040871690255468e+00,2.797960664725039237e+00,5.787814077136108626e-01,-1.136805443983595296e+02,-1.810280550077100372e+02,-3.744715707907062097e+01
4.428336000000854256e-01,-1.433676174801104208e+00,3.986123864253959259e-01,1.089605395472637572e-01,8.368715938834395685e-01,5.448667324425836289e-02,-3.948709118820005193e-01,1.773054982904166632e+00,2.783450099888771234e+00,5.627935393417424770e-01,-1.147166573938995811e+02,-1.800892214628034935e+02,-3.641274199541074097e+01
5.464037999990978278e-01,-1.482145705588824525e+00,4.309745507800805675e-01,-9.458752746909124265e-02,5.861598466919004657e-01,3.815613803617694949e-02,-4.292821595993204786e-01,1.789061505679206299e+00,2.768484502522382762e+00,5.478191322855978651e-01,-1.157522794174446545e+02,-1.791209473131981724e+02,-3.544389785887818078e+01
6.496504999995522667e-01,-1.527933496513909972e+00,4.658446949117729941e-01,-2.055934503721167095e-01,4.736948363015163199e-01,1.996130855833406006e-02,-4.654168303124435191e-01,1.805057912399874676e+00,2.753070306404504564e+00,5.338712444508002530e-01,-1.167872469322718985e+02,-1.781236488243714575e+02,-3.454146951596677440e+01
7.537030999992566649e-01,-1.564094912391197356e+00,4.937406840580028100e-01,-2.376568053901964850e-01,3.815244950055015072e-01,3.308736166394932177e-03,-4.937295974104102259e-01,1.821041677048114371e+00,2.737214138168419630e+00,5.209620386029460981e-01,-1.178213965050129985e+02,-1.770977547394967644e+02,-3.370624389761061224e+01
8.569870999999693595e-01,-1.582800719750009799e+00,5.119725922499047677e-01,-1.962421448375812061e-01,2.879210223322592466e-01,-6.145772570580272133e-03,-5.119357036724415666e-01,1.837010275602197540e+00,2.720922814453239802e+00,5.091027717614953207e-01,-1.188545648314621843e+02,-1.760437060951246337e+02,-3.293894933296874683e+01
9.602355000006355112e-01,-1.592025264089733660e+00,5.216561288083966241e-01,-1.414187010353889218e-01,1.988429720525339284e-01,-1.107337346877064477e-02,-5.215385864184773901e-01,1.852961186435299057e+00,2.704203338973406368e+00,4.983037853834815234e-01,-1.198865887623638571e+02,-1.749619560315794047e+02,-3.224025491431125801e+01
1.063866599999528262e+00,-1.591988092229726037e+00,5.219889204371066516e-01,-7.578474241213639662e-02,1.083378540498199233e-01,-1.106103881608341312e-02,-5.218717145807052482e-01,1.868891890713689330e+00,2.687062899507758118e+00,4.885744963456064571e-01,-1.209173053291757043e+02,-1.738529695981519581e+02,-3.161076991356073762e+01
1.172328200000265497e+00,-1.591799182731799434e+00,5.221737471747767145e-01,-3.979610765659273575e-02,5.890897074307807624e-02,-1.096633369967410856e-02,-5.220585807778040932e-01,1.884799872794487907e+00,2.669508864809473359e+00,4.799233887325868864e-01,-1.219465517698033779e+02,-1.727172235531729427e+02,-3.105104325099837226e+01
1.276045799999337760e+00,-1.591780832671395141e+00,5.223387816563664909e-01,-2.080803489424481317e-02,3.165032741081585249e-02,-1.096021680422351249e-02,-5.222237800692933751e-01,1.900682620622913710e+00,2.651548781438207936e+00,4.723580064389027999e-01,-1.229741655543025161e+02,-1.715552061590520623e+02,-3.056156301659701313e+01
1.379659000000174274e+00,-1.591556510818319170e+00,5.224404266485559445e-01,-1.015836381994826218e-02,1.742063245549374528e-02,-1.084518034055075367e-02,-5.223278486354199224e-01,1.916537626128965277e+00,2.633190370515797962e+00,4.658849465904117970e-01,-1.239999844105440587e+02,-1.703674169723721263e+02,-3.014275604439964340e+01
1.483090899999297108e+00,-1.591591541972110058e+00,5.225222691474109560e-01,-5.617340350283699796e-03,9.733425854867984103e-03,-1.086517989080008559e-02,-5.224092931992116995e-01,1.932362385623476619e+00,2.614441524406911022e+00,4.605098537915564005e-01,-1.250238463498389478e+02,-1.691543666291271393e+02,-2.979498754031370211e+01
1.586839199999303673e+00,-1.591573845968106360e+00,5.226886645042194690e-01,-2.932622874621349917e-03,5.963427129028859089e-03,-1.085939236612258260e-02,-5.225758448289044011e-01,1.948154400193476965e+00,2.595310303326083812e+00,4.562374152031851704e-01,-1.260455896925179644e+02,-1.679165766251976208e+02,-2.951856076364608228e+01
1.690409099999669706e+00,-1.591383871337454403e+00,5.228735391160201917e-01,-7.253156051247476501e-04,4.028040251282046479e-03,-1.076392186309362183e-02,-5.227627338418812109e-01,1.963911176096798883e+00,2.575804931872599290e+00,4.530713564552777406e-01,-1.270650530934628932e+02,-1.666545790921571779e+02,-2.931371676265647253e+01
1.794083599999794387e+00,-1.591330596534306752e+00,5.229567341585932283e-01,-1.510790308520570827e-04,2.531878458760444123e-03,-1.073777999548501151e-02,-5.228464840491806598e-01,1.979630225155869061e+00,2.555933795494694571e+00,4.510144383981420368e-01,-1.280820755675847238e+02,-1.653689165685067337e+02,-2.918063416435979107e+01
1.901451599998836173e+00,-1.591362879967074040e+00,5.230388595288751885e-01,-2.251511935081299432e-04,1.724625544963849901e-03,-1.075634818592686656e-02,-5.229282451263935760e-01,1.995309065150619787e+00,2.535705436884616137e+00,4.500684546949103026e-01,-1.290964965152450930e+02,-1.640601417664346684e+02,-2.911942901876069811e+01
2.005840300000272691e+00,-1.591312405260983276e+00,5.231217726034023130e-01,1.031824851748893481e-04,1.276382357325816456e-03,-1.073165445457075796e-02,-5.230116830094653224e-01,2.010945220210460960e+00,2.515128552306079790e+00,4.502342302574384725e-01,-1.301081557476168200e+02,-1.627288173342033701e+02,-2.913015469765626975e+01
2.110139999998864369e+00,-1.591312405260983276e+00,5.231217726034023130e-01,5.512797801711768667e-05,6.819411106141728051e-04,-1.073165445457075796e-02,-5.230116830094653224e-01,2.026536221205248900e+00,2.494211987855706525e+00,4.515116205269711358e-01,-1.311168935119796117e+02,-1.613755156142642306e+02,-2.921280184809503311e+01
2.213850399999500951e+00,-1.591312405260983276e+00,5.231217726034023130e-01,2.953808046373919814e-05,3.653903538888815744e-04,-1.073165445457075796e-02,-5.230116830094653224e-01,2.042079606135189795e+00,2.472964735660044600e+00,4.538995116001980357e-01,-1.321225505169467738e+02,-1.600008183972048812e+02,-2.936729840053281393e+01
2.317865799999708543e+00,-1.591312405260983276e+00,5.231217726034023130e-01,1.581449709877609077e-05,1.956276305290081854e-04,-1.073165445457075796e-02,-5.230116830094653224e-01,2.057572920519618709e+00,2.451395930009813373e+00,4.573958212005957424e-01,-1.331249679576193330e+02,-1.586053166716349381e+02,-2.959350963167854687e+01
2.421705400000064401e+00,-1.591312405260983276e+00,5.231217726034023130e-01,8.472978749246105331e-06,1.048119801650812571e-04,-1.073165445457075796e-02,-5.230116830094653224e-01,2.073013717784589538e+00,2.429514843433031146e+00,4.619975004942022956e-01,-1.341239875406629380e+02,-1.571896103701171228e+02,-2.989123828197488919e+01
2.525318800000604824e+00,-1.591312405260983276e+00,5.231217726034023130e-01,4.547038867059538267e-06,5.624753249693945854e-05,-1.073165445457075796e-02,-5.230116830094653224e-01,2.088399559649219750e+00,2.407330882708711428e+00,4.677005367482467424e-01,-1.351194515093045254e+02,-1.557543081112536356e+02,-3.026022472761156479e+01
2.628798100000494742e+00,-1.591312405260983276e+00,5.231217726034023130e-01,2.439935214856555476e-06,3.018235368126974364e-05,-1.073165445457075796e-02,-5.230116830094653224e-01,2.103728016510719723e+00,2.384853584822846706e+00,4.744999568303109871e-01,-1.361112026682435783e+02,-1.543000269380382008e+02,-3.070014720692112320e+01
2.732934600000589853e+00,-1.591312405260983276e+00,5.231217726034023130e-01,1.310825276772729320e-06,1.621509943255964190e-05,-1.073165445457075796e-02,-5.230116830094653224e-01,2.118996667828057845e+00,2.362092612868414765e+00,4.823898315449763885e-01,-1.370990844084753348e+02,-1.528273920525864469e+02,-3.121062210095997358e+01
2.836281599998983438e+00,-1.591312405260983276e+00,5.231217726034023130e-01,7.017156370859004320e-07,8.680324548473438302e-06,-1.073165445457075796e-02,-5.230116830094653224e-01,2.134203102504192096e+00,2.339057751891170156e+00,4.913632808041690225e-01,-1.380829407320212283e+02,-1.513370365473587071e+02,-3.179120426802973753e+01
2.939618099999279366e+00,-1.591312405260983276e+00,5.231217726034023130e-01,3.772514288198091083e-07,4.666655074312391698e-06,-1.073165445457075796e-02,-5.230116830094653224e-01,2.149344919266808152e+00,2.315758904683009156e+00,5.014124796266998807e-01,-1.390626162765624940e+02,-1.498296011329906889e+02,-3.244138743184748108e+01
3.043074699999124277e+00,-1.591312405260983276e+00,5.231217726034023130e-01,2.024846949891478486e-07,2.504765143760500920e-06,-1.073165445457075796e-02,-5.230116830094653224e-01,2.164419727047509401e+00,2.292206087524712999e+00,5.125286649617633028e-01,-1.400379563399738743e+02,-1.483057338628489390e+02,-3.316060462302608869e+01
3.146581400000286521e+00,-1.591312405260983276e+00,5.231217726034023130e-01,1.087032396405590553e-07,1.344674893478293139e-06,-1.073165445457075796e-02,-5.230116830094653224e-01,2.179425145359394911e+00,2.268409425879904351e+00,5.247021433304497329e-01,-1.410088069047528450e+02,-1.467660898544298220e+02,-3.394822867348010220e+01
3.249794600000313949e+00,-1.591312405260983276e+00,5.231217726034023130e-01,5.844364933451139076e-08,7.229564473260132262e-07,-1.073165445457075796e-02,-5.230116830094653224e-01,2.194358804672964514e+00,2.244379150042065341e+00,5.379222992786012458e-01,-1.419750146623408114e+02,-1.452113310077216397e+02,-3.480357276332550498e+01
3.352932399999190238e+00,-1.591312405260983276e+00,5.231217726034023130e-01,3.141827636810760737e-08,3.886486508429087463e-07,-1.073165445457075796e-02,-5.230116830094653224e-01,2.209218346790296383e+00,2.220125590736483190e+00,5.521776046336479560e-01,-1.429364270373321801e+02,-1.436421257206504549e+02,-3.572589101979702519e+01
3.461729200000263518e+00,-1.591312405260983276e+00,5.231217726034023130e-01,1.689139507786175570e-08,2.089490152467245000e-07,-1.073165445457075796e-02,-5.230116830094653224e-01,2.224001425217433159e+00,2.195659174679029935e+00,5.674556285573426617e-01,-1.438928922115679256e+02,-1.420591486017332556e+02,-3.671437916766006992e+01
3.565468799999507610e+00,-1.591312405260983276e+00,5.231217726034023130e-01,8.842705542068110294e-09,1.093855543970722053e-07,-1.073165445457075796e-02,-5.230116830094653224e-01,2.238705705534919765e+00,2.170990420093665385e+00,5.837430483856407282e-01,-1.448442591481093018e+02,-1.404630801800601603e+02,-3.776817523055095904e+01
3.668945399998847279e+00,-1.591312405260983276e+00,5.231217726034023130e-01,4.744861373555236949e-09,5.869462569056734709e-08,-1.073165445457075796e-02,-5.230116830094653224e-01,2.253328865766437428e+00,2.146129932190608436e+00,6.010256612462567816e-01,-1.457903776150885164e+02,-1.388546066127323684e+02,-3.888636028263281474e+01
3.772912099999302882e+00,-1.591312405260983276e+00,5.231217726034023130e-01,2.547413587517789451e-09,3.151187679196405778e-08,-1.073165445457075796e-02,-5.230116830094653224e-01,2.267868596745467702e+00,2.121088398607103187e+00,6.192883964437836397e-01,-1.467310982094317637e+02,-1.372344193898795766e+02,-4.006795924991280344e+01
3.877758599999651778e+00,-1.591312405260983276e+00,5.231217726034023130e-01,1.366199037871641910e-09,1.690008091566339623e-08,-1.073165445457075796e-02,-5.230116830094653224e-01,2.282322602479939455e+00,2.095876584812761401e+00,6.385153286015614604e-01,-1.476662723804520851e+02,-1.356032150373856666e+02,-4.131194176052103018e+01
3.981492699998852913e+00,-1.591312405260983276e+00,5.231217726034023130e-01,7.294048757178885334e-10,9.022844459849395074e-09,-1.073165445457075796e-02,-5.230116830094653224e-01,2.296688600514791290e+00,2.070505329481433066e+00,6.586896915488451576e-01,-1.485957524533070000e+02,-1.339616948174487163e+02,-4.261722304321028076e+01
4.086870199998884345e+00,-1.591312405260983276e+00,5.231217726034023130e-01,3.906802315012286699e-10,4.832771317718638081e-09,-1.073165445457075796e-02,-5.230116830094653224e-01,2.310964322292397011e+00,2.044985539831612797e+00,6.797938929411500020e-01,-1.495193916523180917e+02,-1.323105644271053620e+02,-4.398266487329240704e+01
4.193477599999823724e+00,-1.591312405260983276e+00,5.231217726034023130e-01,2.079750322408231568e-10,2.572681414549377695e-09,-1.073165445457075796e-02,-5.230116830094653224e-01,2.325147513510799069e+00,2.019328186937378700e+00,7.018095296010433692e-01,-1.504370441241487129e+02,-1.306505336948484057e+02,-4.540707656518750923e+01
4.297491400000581052e+00,-1.591312405260983276e+00,5.231217726034023130e-01,1.102465820731859923e-10,1.363766263966011356e-09,-1.073165445457075796e-02,-5.230116830094653224e-01,2.339235934479686918e+00,1.993544301011873854e+00,7.247174035659846858e-01,-1.513485649608357448e+02,-1.289823162754682357e+02,-4.688921601071920975e+01
4.401646000000255299e+00,-1.591312405260983276e+00,5.231217726034023130e-01,5.894039372677217546e-11,7.291012477473979541e-10,-1.073165445457075796e-02,-5.230116830094653224e-01,2.353227360474071883e+00,1.967644966665369033e+00,7.484975388292356424e-01,-1.522538102226724561e+02,-1.273066293432493836e+02,-4.842779076225154711e+01
4.505547999999180320e+00,-1.591312405260983276e+00,5.231217726034023130e-01,3.161017968624986548e-11,3.910225228152100224e-10,-1.073165445457075796e-02,-5.230116830094653224e-01,2.367119582085595031e+00,1.941641318139939676e+00,7.731291987592352477e-01,-1.531526369609379969e+02,-1.256241932836541082e+02,-5.002145915972252510e+01
4.610808299999916926e+00,-1.591312405260983276e+00,5.231217726034023130e-01,1.694344205759942776e-11,2.095928439602572387e-10,-1.073165445457075796e-02,-5.230116830094653224e-01,2.380910405571420974e+00,1.915544534522802378e+00,7.985909041822524257e-01,-1.540449032404709442e+02,-1.239357313836253240e+02,-5.166883150059173602e+01
4.719432800000504358e+00,-1.598739289585262568e+00,5.233797966948543490e-01,-3.297500320334026402e-02,1.210278610969269062e-03,-1.462287906456855024e-02,-5.231754801175320102e-01,2.394597653200652321e+00,1.889365834940373912e+00,8.248604521125411093e-01,-1.549304681620822066e+02,-1.222419695206422006e+02,-5.336847125168141304e+01
4.823284799998873495e+00,-1.665332602554390418e+00,5.304590847886989646e-01,-3.038208580486412291e-01,3.723665576109565917e-02,-5.007296390249297430e-02,-5.280904647130866270e-01,2.408179163598220818e+00,1.863116473735119571e+00,8.519149351136789949e-01,-1.558091918848049033e+02,-1.205436358506622412e+02,-5.511889630185503108e+01
4.928722099999504280e+00,-1.725432165855356192e+00,5.376023652095919259e-01,-4.235183590414948740e-01,6.138791974496539405e-02,-8.280167426691445454e-02,-5.311875241546465398e-01,2.421652792086192996e+00,1.836807735627258520e+00,8.797307612741874783e-01,-1.566809356479766961e+02,-1.188414604950836377e+02,-5.691858025443993085e+01
5.032317499999408028e+00,-1.724963376656807101e+00,5.377329008603423111e-01,-2.229444277758642345e-01,3.314141619287901824e-02,-8.257269487748217229e-02,-5.313552697850553175e-01,2.435016411022439708e+00,1.810450930863412466e+00,9.082836747800330235e-01,-1.575455617931518475e+02,-1.171361752268627896e+02,-5.876595375826813950e+01
5.135713300000134041e+00,-1.725270090302033710e+00,5.376835320506619942e-01,-1.211436626474228367e-01,1.760299313715875391e-02,-8.272806901021838299e-02,-5.312811376628345794e-01,2.448267910136614489e+00,1.784057390354275574e+00,9.375487770660551057e-01,-1.584029337858389681e+02,-1.154285131559216353e+02,-6.065940587617377133e+01
5.238882600000579259e+00,-1.725270090302033710e+00,5.376835320506619942e-01,-6.511976884677049549e-02,9.462342635613317510e-03,-8.272806901021838299e-02,-5.312811376628345794e-01,2.461405196863391431e+00,1.757638460803408575e+00,9.675005485278896922e-01,-1.592529162370614415e+02,-1.137192084139805388e+02,-6.259728548975446927e+01
5.342324799999914831e+00,-1.725270090302033710e+00,5.376835320506619942e-01,-3.502139215536138883e-02,5.088845031529073450e-03,-8.272806901021838299e-02,-5.312811376628345794e-01,2.474426196672903089e+00,1.731205499829237215e+00,9.981128707754369778e-01,-1.600953749247368307e+02,-1.120089958389516482e+02,-6.457790273917078139e+01
5.445708499999454943e+00,-1.725270090302033710e+00,5.376835320506619942e-01,-1.878462219335792077e-02,2.729532592358300657e-03,-8.272806901021838299e-02,-5.312811376628345794e-01,2.487328853398336648e+00,1.704769871082358668e+00,1.029359049408492766e+00,-1.609301768148723966e+02,-1.102986106590286113e+02,-6.659953049672948566e+01
5.550685599999269471e+00,-1.725270090302033710e+00,5.376835320506619942e-01,-1.009294211102057179e-02,1.466572718963564653e-03,-8.272806901021838299e-02,-5.312811376628345794e-01,2.500111129560622203e+00,1.678342939360259134e+00,1.061211837294657512e+00,-1.617571900825722651e+02,-1.085887881766087730e+02,-6.866040587296434694e+01
5.654298800000105985e+00,-1.725270090302033710e+00,5.376835320506619942e-01,-5.379739172595638004e-03,7.817124698509332788e-04,-8.272806901021838299e-02,-5.312811376628345794e-01,2.512771006690176279e+00,1.651936065721533620e+00,1.093643458329242479e+00,-1.625762841328544255e+02,-1.068802634521832289e+02,-7.075873175390199776e+01
5.757854100000258768e+00,-1.725270090302033710e+00,5.376835320506619942e-01,-2.886417801105283301e-03,4.194160192407726958e-04,-8.272806901021838299e-02,-5.312811376628345794e-01,2.525306485645643306e+00,1.625560602601715754e+00,1.126625631656446025e+00,-1.633873296212731248e+02,-1.051737709883310146e+02,-7.289267836817205648e+01
5.860975100000359816e+00,-1.725270090302033710e+00,5.376835320506619942e-01,-1.552074649991777924e-03,2.255269389673234448e-04,-8.272806901021838299e-02,-5.312811376628345794e-01,2.537715586929579548e+00,1.599227888932813979e+00,1.160129596330683244e+00,-1.641901984743438163e+02,-1.034700444139530759e+02,-7.506038488259521557e+01
5.964666599998963648e+00,-1.725270090302033710e+00,5.376835320506619942e-01,-8.333864675154523290e-04,1.210966875830014883e-04,-8.272806901021838299e-02,-5.312811376628345794e-01,2.549996351001041717e+00,1.572949245268651097e+00,1.194126136396552518e+00,-1.649847639097673948e+02,-1.017698161688817322e+02,-7.725996102485694905e+01
6.068214799999623210e+00,-1.725270090302033710e+00,5.376835320506619942e-01,-4.471901085272588275e-04,6.497974586026008539e-05,-8.272806901021838299e-02,-5.312811376628345794e-01,2.562146838585019459e+00,1.546735968918110160e+00,1.228585606365586669e+00,-1.657709004564507609e+02,-1.000738171890017298e+02,-7.948948873185345576e+01
6.171304199999212869e+00,-1.725270090302033710e+00,5.376835320506619942e-01,-2.404561393212950636e-04,3.493990257319079984e-05,-8.272806901021838299e-02,-5.312811376628345794e-01,2.574165130978671279e+00,1.520599329088365703e+00,1.263477957067561386e+00,-1.665484839743200496e+02,-9.838277659201726522e+01,-8.174702382227123110e+01
6.274515799999790033e+00,-1.725270090302033710e+00,5.376835320506619942e-01,-1.292736137338224239e-04,1.878432999004755373e-05,-8.272806901021838299e-02,-5.312811376628345794e-01,2.586049330354306175e+00,1.494550562040203534e+00,1.298772761853814073e+00,-1.673173916739236233e+02,-9.669742136400117261e+01,-8.403059769194177875e+01
6.381643700000495301e+00,-1.725270090302033710e+00,5.376835320506619942e-01,-6.939700787614076587e-05,1.008385438154032881e-05,-8.272806901021838299e-02,-5.312811376628345794e-01,2.597797560059078137e+00,1.468600866257498971e+00,1.334439243129735164e+00,-1.680775021358223569e+02,-9.501847604686018656e+01,-8.633821903049387458e+01
6.485271100000318256e+00,-1.725270090302033710e+00,5.376835320506619942e-01,-3.666409671633260160e-05,5.327541109237361679e-06,-8.272806901021838299e-02,-5.312811376628345794e-01,2.609407964911326427e+00,1.442761397632937870e+00,1.370446299193293527e+00,-1.688286953297628372e+02,-9.334666242685108273e+01,-8.866787555780609864e+01
6.588519400000222959e+00,-1.725270090302033710e+00,5.376835320506619942e-01,-1.970510853110016180e-05,2.863285479897150745e-06,-8.272806901021838299e-02,-5.312811376628345794e-01,2.620878711493532798e+00,1.417043264672048331e+00,1.406762531356173795e+00,-1.695708526336315742e+02,-9.168269922428153507e+01,-9.101753577874444545e+01
6.691761199999746168e+00,-1.725270090302033710e+00,5.376835320506619942e-01,-1.059266842179718838e-05,1.539186330165500691e-06,-8.272806901021838299e-02,-5.312811376628345794e-01,2.632207988441838786e+00,1.391457523717601230e+00,1.443356271323909423e+00,-1.703038568521869820e+02,-9.002730178452880239e+01,-9.338515075465694792e+01
6.795068699999319506e+00,-1.725270090302033710e+00,5.376835320506619942e-01,-5.695184599360342904e-06,8.275488228316753768e-07,-8.272806901021838299e-02,-5.312811376628345794e-01,2.643394006732081358e+00,1.366015174196441251e+00,1.480195608811097463e+00,-1.710275922355656633e+02,-8.838118177050975532e+01,-9.576865589007800850e+01
6.898299700000279699e+00,-1.725270090302033710e+00,5.376835320506619942e-01,-3.060095533870018385e-06,4.446525679064076231e-07,-8.272806901021838299e-02,-5.312811376628345794e-01,2.654434999962299813e+00,1.340727153890779233e+00,1.517248419367647649e+00,-1.717419444975608087e+02,-8.674504685673342408e+01,-9.816597273308680371e+01
7.001983500000278582e+00,-1.725270090302033710e+00,5.376835320506619942e-01,-1.642138792449722427e-06,2.386138677174095257e-07,-8.272806901021838299e-02,-5.312811376628345794e-01,2.665329224631671767e+00,1.315604334235993322e+00,1.554482392391777879e+00,-1.724468008336691582e+02,-8.511960042506876789e+01,-1.005750107877480275e+02
7.105782399999952759e+00,-1.725270090302033710e+00,5.376835320506619942e-01,-8.815511514762643872e-07,1.280953417650461693e-07,-8.272806901021838299e-02,-5.312811376628345794e-01,2.676074960415832482e+00,1.290657515646947529e+00,1.591865059305343166e+00,-1.731420499389043641e+02,-8.350554126235751085e+01,-1.029936693370557066e+02
7.209152600000379607e+00,-1.725270090302033710e+00,5.376835320506619942e-01,-4.729713250502144638e-07,6.872593090703392927e-08,-8.272806901021838299e-02,-5.312811376628345794e-01,2.686670510438532666e+00,1.265897422874843414e+00,1.629363821866911977e+00,-1.738275820253730615e+02,-8.190356326000237175e+01,-1.054198392747892115e+02
7.313405799999600276e+00,-1.725270090302033710e+00,5.376835320506619942e-01,-2.541123794888926381e-07,3.692424658835605263e-08,-8.272806901021838299e-02,-5.312811376628345794e-01,2.697114201539596134e+00,1.241334700396602653e+00,1.666945980597925425e+00,-1.745032888396118835e+02,-8.031435511566019159e+01,-1.078514049446857825e+02
7.416541299999153125e+00,-1.725270090302033710e+00,5.376835320506619942e-01,-1.360285780757140628e-07,1.976587197378416353e-08,-8.272806901021838299e-02,-5.312811376628345794e-01,2.707404384539131570e+00,1.216979907838755093e+00,1.704578763297121879e+00,-1.751690636796818126e+02,-7.873860003716745837e+01,-1.102862459853237880e+02
7.519652799999676063e+00,-1.724059066882726476e+00,5.356380850910640312e-01,5.449289334768307215e-03,-9.167311744231706680e-03,-8.177234964631070746e-02,-5.293594629675977270e-01,2.717539434497954876e+00,1.192843515437808311e+00,1.742229353618387488e+00,-1.758248014120176776e+02,-7.717697544882619809e+01,-1.127222391791096783e+02
7.623093399999561370e+00,-1.723551649480602022e+00,5.343873946943379361e-01,5.217638833415774030e-03,-1.052632960422717097e-02,-8.131342544373176828e-02,-5.281647607052261106e-01,2.727517750974189248e+00,1.168935899539046863e+00,1.779864919687095925e+00,-1.764703984880300425e+02,-7.563015270017633895e+01,-1.151572603037551090e+02
7.726617899999837391e+00,-1.723244194042770738e+00,5.344357429389360314e-01,4.179178016831542643e-03,-5.433846438073100353e-03,-8.115837654606666840e-02,-5.282375235129547209e-01,2.737337758275990129e+00,1.145267338135691926e+00,1.817452642729995960e+00,-1.771057529604565559e+02,-7.409879677737927750e+01,-1.175891859846307455e+02
7.830571000000418280e+00,-1.723021106926316381e+00,5.346078883421507832e-01,3.239349436022034758e-03,-2.145074404338163498e-03,-8.106663525033065698e-02,-5.284257704984148818e-01,2.746997905710367505e+00,1.121848006450345991e+00,1.854959745693661954e+00,-1.777307644994607756e+02,-7.258356601733738955e+01,-1.200158955463799373e+02
7.939022999998996966e+00,-1.722564186273162878e+00,5.348208791174086096e-01,3.779855346357307785e-03,-1.978937398766971107e-04,-8.085737935153392009e-02,-5.286732988758936491e-01,2.756496667828058023e+00,1.098687972560617343e+00,1.892353521826580565e+00,-1.783453344084753667e+02,-7.108511182467194089e+01,-1.224352728621797723e+02
8.042278400000213878e+00,-1.722564186273162878e+00,5.348208791174086096e-01,1.987423202660391821e-03,-1.040512332492338351e-04,-8.085737935153392009e-02,-5.286732988758936491e-01,2.765832544664409642e+00,1.075797193070808344e+00,1.929601363199916486e+00,-1.789493656397873167e+02,-6.960407839168129840e+01,-1.248452081990346016e+02
8.145822700000280747e+00,-1.722339879055006628e+00,5.349897842570318085e-01,2.069418110468303294e-03,6.998343538930562255e-04,-8.076429070625899820e-02,-5.288583918272454776e-01,2.775004061976245051e+00,1.053185508831526285e+00,1.966670789142116682e+00,-1.795427628098630635e+02,-6.814110242139975071e+01,-1.272436000574949588e+02
8.249151899999560555e+00,-1.718512289013621297e+00,5.295112769707459588e-01,1.841905433625361244e-02,-2.411201164975951619e-02,-7.793312775534105841e-02,-5.237448043059327318e-01,2.784009771474661221e+00,1.030862640709054201e+00,2.003529474562535828e+00,-1.801254322144105799e+02,-6.669681285387581227e+01,-1.296283570041960616e+02
8.352579200000036508e+00,-1.702624796698554377e+00,5.084830781593835392e-01,8.478634718989373764e-02,-1.067276786852766751e-01,-6.683855787963563500e-02,-5.040710743089831247e-01,2.792848251053730912e+00,1.008838185406310428e+00,2.040145278139397611e+00,-1.806972818431763983e+02,-6.527183059578828761e+01,-1.319973994956190211e+02
8.455957799998941482e+00,-1.695531836957480332e+00,4.986282521189497885e-01,7.967687055974921606e-02,-1.012723317030863879e-01,-6.203548910111661430e-02,-4.947542136285290604e-01,2.801518105015069260e+00,9.871216113371783507e-01,2.076486270347505769e+00,-1.812582213944749867e+02,-6.386676825351544551e+01,-1.343486616914836418e+02
8.559642199999871082e+00,-1.695645525168973489e+00,4.988285379629087135e-01,4.219527412094008223e-02,-5.342216966703045716e-02,-6.211667703790584028e-02,-4.949458846378880228e-01,2.810017964288232140e+00,9.657222545559942528e-01,2.112520761301265537e+00,-1.818081622894486316e+02,-6.248222986977283000e+01,-1.366800932561918955e+02
8.663032500000554137e+00,-1.695589211682627662e+00,4.989938564020572342e-01,2.291658135071581240e-02,-2.795955008274711093e-02,-6.210938187019866136e-02,-4.951134146947532844e-01,2.818346486646906790e+00,9.446493147439318783e-01,2.148217328388729808e+00,-1.823470176860548690e+02,-6.111881066393239337e+01,-1.389896611467508194e+02
8.770403599999553990e+00,-1.695532935437819022e+00,4.991591764069576720e-01,1.255546082405463969e-02,-1.427399366308458768e-02,-6.210208667083227246e-02,-4.952809447398524023e-01,2.826502356920864933e+00,9.239118512540236416e-01,2.183544843672590829e+00,-1.828747024927799600e+02,-5.977709677613533046e+01,-1.412753513856166308e+02
8.876197999999931199e+00,-1.695459762608716892e+00,4.992408681661851810e-01,6.953959418316193325e-03,-7.179814629664172873e-03,-6.207600301440823615e-02,-4.953665453955096165e-01,2.834484287203645536e+00,9.035187792164961484e-01,2.218472501034199240e+00,-1.833911333820758784e+02,-5.845766501530730608e+01,-1.435351708169127107e+02
8.979744899999786867e+00,-1.695224949246509016e+00,4.994135875050272899e-01,4.730987233624219662e-03,-3.047208413921698601e-03,-6.198111843613018229e-02,-4.955524920147693080e-01,2.842291017055925906e+00,8.834788657061191097e-01,2.252969843036960018e+00,-1.838962288035184258e+02,-5.716108261118591116e+01,-1.457671488444913166e+02
9.082927699999345350e+00,-1.695224949246509016e+00,4.994135875050272899e-01,2.541837854354352805e-03,-1.637186767608276748e-03,-6.198111843613018229e-02,-4.955524920147693080e-01,2.849921313704565584e+00,8.638007259732001231e-01,2.287006787485672099e+00,-1.843899089966853921e+02,-5.588790697046604805e+01,-1.479693391503229805e+02
9.186152799999035778e+00,-1.695224949246509016e+00,4.994135875050272899e-01,1.366941437099291213e-03,-8.804410671123848045e-04,-6.198111843613018229e-02,-4.955524920147693080e-01,2.857373972237269300e+00,8.444928197398474667e-01,2.320553653658647519e+00,-1.848720960037513237e+02,-5.463868543716813519e+01,-1.501398213917144915e+02
9.290458199999193312e+00,-1.694940008263996711e+00,4.981191308537430973e-01,2.015676412192720160e-03,-6.268487062504678187e-03,-6.167962654766060565e-02,-4.942856382613494137e-01,2.864647815792861429e+00,8.255634475630980740e-01,2.353581188189739493e+00,-1.853427136817981307e+02,-5.341395505733244420e+01,-1.522767028758761398e+02
9.394283800000266638e+00,-1.680181769744420794e+00,4.785327784712380961e-01,6.967354645598526630e-02,-9.037408110597582034e-02,-5.224019714584189622e-02,-4.756727676392318305e-01,2.871741695747123124e+00,8.070207472664698845e-01,2.386060590577717022e+00,-1.858016877148388630e+02,-5.221424234814060128e+01,-1.543781202103782846e+02
9.499721099999078433e+00,-1.648822167995549703e+00,4.448899637310985145e-01,1.942939177726719369e-01,-1.971680897617086037e-01,-3.467770216106919046e-02,-4.435363985080439386e-01,2.878654491894175216e+00,7.888726904414736785e-01,2.417963538300726967e+00,-1.862489456255531479e+02,-5.104006307156335254e+01,-1.564422409280570321e+02
9.603178499999557971e+00,-1.646660052696427456e+00,4.423807965660483399e-01,1.142692204677840384e-01,-1.160821777631684121e-01,-3.352847278970209899e-02,-4.411083888148146226e-01,2.885385112623369608e+00,7.711270790205900783e-01,2.449262211513959731e+00,-1.866844167867320152e+02,-4.989192201263217896e+01,-1.584672650849531976e+02
9.706795199999760371e+00,-1.646617546796005360e+00,4.425492002470395869e-01,6.143683885025914837e-02,-6.148278272432471103e-02,-3.352247939211305122e-02,-4.412777334227274695e-01,2.891932495091670052e+00,7.537915419231840941e-01,2.479929317308962489e+00,-1.871080324324310595e+02,-4.877031276243001656e+01,-1.604514268298898685e+02
9.810032499999579159e+00,-1.646617546796005360e+00,4.425492002470395869e-01,3.302620829532895708e-02,-3.305090604969228990e-02,-3.352247939211305122e-02,-4.412777334227274695e-01,2.898295605391484564e+00,7.368735317757960646e-01,2.509938113513457747e+00,-1.875197256688290679e+02,-4.767571750589400636e+01,-1.623929959443207167e+02
9.914391399999658461e+00,-1.646552173052931334e+00,4.426326989795714706e-01,1.803629225643374467e-02,-1.738327058097182895e-02,-3.349995081190931118e-02,-4.413631832193750104e-01,2.904473438713933930e+00,7.203803217082251908e-01,2.539262432010927384e+00,-1.879194314847915450e+02,-4.660860681452216880e+01,-1.642902793511070172e+02
1.001826079999955255e+01,-1.646353554190679080e+00,4.426429446978393245e-01,1.051965191466710386e-02,-9.236623001748064596e-03,-3.341306050011371570e-02,-4.413800447219948797e-01,2.910465019507520346e+00,7.043190022267769024e-01,2.567876701559587360e+00,-1.883070867621365778e+02,-4.556943944407246505e+01,-1.661416225909053139e+02
1.012195760000031441e+01,-1.646377198415293952e+00,4.427251115318150965e-01,5.544360314699250947e-03,-4.594424654224337629e-03,-3.342970090967570945e-02,-4.414611868306745901e-01,2.916269401632180625e+00,6.886964781660194213e-01,2.595755970090895648e+00,-1.886826302856021016e+02,-4.455866213734145731e+01,-1.679454112648809598e+02
1.022495489999892015e+01,-1.646311876548438358e+00,4.428086125117589034e-01,3.265990370227275785e-03,-2.091275664613106381e-03,-3.340716340054887545e-02,-4.415466325860928354e-01,2.921885668508689804e+00,6.735194657203715796e-01,2.622875926468128505e+00,-1.890460027525122371e+02,-4.357670943210804637e+01,-1.697000724424879081e+02
1.033106509999925038e+01,-1.646311876548438358e+00,4.428086125117589034e-01,1.755314259267665719e-03,-1.123961058678627205e-03,-3.340716340054887545e-02,-4.415466325860928354e-01,2.927312933263402250e+00,6.587944895567696690e-01,2.649212921686050937e+00,-1.893971467821421300e+02,-4.262400347432299696e+01,-1.714040760330875059e+02
1.043493139999918640e+01,-1.653011784121003247e+00,4.386037631716883101e-01,-2.897773032039517582e-02,-1.914785492335098135e-02,-3.601939880905732916e-02,-4.371222528970591381e-01,2.932550338868298745e+00,6.445278800096914118e-01,2.674743989493200580e+00,-1.897360069247789340e+02,-4.170095383662703625e+01,-1.730559361202100774e+02
1.053814500000044063e+01,-1.689484123921804137e+00,4.060397794958200968e-01,-1.939469157171065938e-01,-1.544145114741294622e-01,-4.807890159473433844e-02,-4.031832359541478450e-01,2.937597058276320894e+00,6.307257703597131115e-01,2.699446866418803825e+00,-1.900625296704779714e+02,-4.080795734227343985e+01,-1.746542122572966207e+02
1.064169819999915489e+01,-1.711854569492957223e+00,3.277886927305919129e-01,-2.583896419457708538e-01,-4.312644889364183887e-01,-4.608411556816095767e-02,-3.245330204683812836e-01,2.942452294551969771e+00,6.173940941967843710e-01,2.723300011186847946e+00,-1.903766634575124499e+02,-3.994539789453195056e+01,-1.761975107237890654e+02
1.074542999999903259e+01,-1.747678048089433167e+00,2.244748734140031010e-01,-4.739556697420674869e-01,-6.918941184699676228e-01,-3.949878035980151220e-02,-2.209724307336118354e-01,2.947115280997154585e+00,6.045385828693514707e-01,2.746282623500399200e+00,-1.906783586805159132e+02,-3.911364631164704520e+01,-1.776844857404758500e+02
1.085010899999906542e+01,-1.747678048089433167e+00,0.000000000000000000e+00,0.000000000000000000e+00,0.000000000000000000e+00,-0.000000000000000000e+00,-0.000000000000000000e+00,2.951585281272259387e+00,5.921647630204234236e-01,2.768374662179767132e+00,-1.909675676983151789e+02,-3.831306016742139775e+01,-1.791138406430309544e+02
1.095366850000027625e+01,-1.747678048089433167e+00,0.000000000000000000e+00,0.000000000000000000e+00,0.000000000000000000e+00,-0.000000000000000000e+00,-0.000000000000000000e+00,2.955861589512424281e+00,5.802779542116442979e-01,2.789556862638715273e+00,-1.912442448414538489e+02,-3.754398363749339040e+01,-1.804843290127248849e+02
1.106095660000028147e+01,-1.747678048089433167e+00,0.000000000000000000e+00,0.000000000000000000e+00,0.000000000000000000e+00,-0.000000000000000000e+00,-0.000000000000000000e+00,2.959943530439004711e+00,5.688832666363883295e-01,2.809810753683464668e+00,-1.915083464194036083e+02,-3.680674735137432663e+01,-1.817947557633201825e+02
1.116574949999994715e+01,1.949962544495290828e+00,1.998081891845908953e-01,-5.119216993337615262e-01,1.058046489903805565e+00,-7.395820927426044467e-02,1.856165287526139462e-01,2.963830459466209266e+00,5.579855989228634794e-01,2.829118673619847257e+00,-1.917598307274637364e+02,-3.610166825030926674e+01,-1.830439781832041319e+02
1.126929860000018380e+01,1.903333951070334429e+00,2.713545996063377874e-01,-2.569744593350605788e-01,8.870475679199577579e-01,-8.858172340199838013e-02,2.564889802830674359e-01,2.967521762802886265e+00,5.475896360281731212e-01,2.847463785654569701e+00,-1.919986580533467588e+02,-3.542904945102280578e+01,-1.842309069318506545e+02
1.137419369999952323e+01,2.078059778277733471e+00,3.428146778628777813e-01,2.664076715738424306e-01,8.001288385691285310e-01,-1.665349530886602036e-01,2.996464796355639004e-01,2.971016857549446666e+00,5.376998472242253690e-01,2.864830092577145493e+00,-1.922247906834492142e+02,-3.478918011540738320e+01,-1.853545069897413100e+02
1.147792819999995118e+01,2.222548861486565386e+00,4.132156955836004397e-01,4.995048313894398517e-01,7.590474541600098490e-01,-2.506486411340996812e-01,3.285155548437060924e-01,2.974315191789914437e+00,5.283204841763780024e-01,2.881202450709700713e+00,-1.924381929088074799e+02,-3.418233532621165693e+01,-1.864137985609176553e+02
1.158154569999896921e+01,2.280394168106747443e+00,4.718255320703373390e-01,4.107840821087984096e-01,6.780974226007785433e-01,-3.074078927589370958e-01,3.579381513375833879e-01,2.977416244679078172e+00,5.194555791156243441e-01,2.896566583112487159e+00,-1.926388310307363554e+02,-3.360877596878089690e+01,-1.874078579273779326e+02
1.168505340000046999e+01,2.277941722986909667e+00,5.000220796957937086e-01,1.993947394191905031e-01,4.896097026546627484e-01,-3.248474921566625873e-01,3.801265408029722015e-01,2.980319526524736862e+00,5.111089431051218934e-01,2.910909092033584500e+00,-1.928266733661504873e+02,-3.306874861890138817e+01,-1.883358182545729278e+02
1.178926870000032068e+01,2.275550105021995506e+00,5.218564350863568180e-01,9.346036338893168316e-02,3.601808228380312116e-01,-3.380827525378411469e-01,3.975351447073300348e-01,2.983024578865031806e+00,5.032841644017964633e-01,2.924217470591940149e+00,-1.930016902525675562e+02,-3.256248543679622998e+01,-1.891968703472985283e+02
1.189290199999959441e+01,2.274533923618408338e+00,5.293022683122414751e-01,4.519079098395718808e-02,2.258158523589818556e-01,-3.424965993292068966e-01,4.035554121659289395e-01,2.985530974540840710e+00,4.959846069137356928e-01,2.936480113683555437e+00,-1.931638540527924022e+02,-3.209020406731870168e+01,-1.899902633553260500e+02
1.199644099999932223e+01,2.275725357415836037e+00,5.299882848577845973e-01,2.928582477763500003e-02,1.243399128583119878e-01,-3.434216905312943435e-01,4.036695734869351071e-01,2.987838317763229945e+00,4.892134087540280785e-01,2.947686328101308817e+00,-1.933131391592809791e+02,-3.165210754638561852e+01,-1.907153054281546929e+02
1.209940669999923557e+01,2.277002371617300014e+00,5.300336232523820135e-01,2.130259107212328223e-02,6.706207786655445091e-02,-3.439663245863046614e-01,4.032651848704980058e-01,2.989946244175959222e+00,4.829734808916759103e-01,2.957826341859590258e+00,-1.934495219981845651e+02,-3.124838421369143404e+01,-1.913713643183155000e+02
1.220262139999977080e+01,2.277867574236960735e+00,5.300420200837862028e-01,1.528887181427637798e-02,3.614262450281462147e-02,-3.443205565597690643e-01,4.029738172448325551e-01,2.991854420913010681e+00,4.772675059001540987e-01,2.966891312715622231e+00,-1.935729810330718124e+02,-3.087920763173997329e+01,-1.919578679327007649e+02
1.230610340000021097e+01,2.278866036296198772e+00,5.301259041312191833e-01,1.263197609048217693e-02,1.977743275333030196e-02,-3.447772944879567425e-01,4.026935453126948006e-01,2.993562546651157952e+00,4.720979368041615665e-01,2.974873335880020342e+00,-1.936834967683299169e+02,-3.054473651122925304e+01,-1.924743048314373368e+02
1.240954190000047674e+01,2.279549148168765527e+00,5.301265487028152812e-01,9.828501517331328721e-03,1.062843221037779520e-02,-3.450527183081842919e-01,4.024584192530841209e-01,2.995070351657544983e+00,4.674669960250532608e-01,2.981765450909894088e+00,-1.937810517522431724e+02,-3.024511464282094764e+01,-1.929202246738701660e+02
1.251313130000016827e+01,2.280414170755188152e+00,5.301359289071014835e-01,9.149701299002261853e-03,5.759231699726362862e-03,-3.454068364072346853e-01,4.021669062483152479e-01,2.996377597832283080e+00,4.633766744254117498e-01,2.987561647778449903e+00,-1.938656305797487107e+02,-2.998047083532414092e+01,-1.932952386112657166e+02
1.262039469999945140e+01,2.281688371437585516e+00,5.301833969674829561e-01,1.059377906619980367e-02,3.306227925023720506e-03,-3.459499706001767372e-01,4.017624326162371196e-01,2.997484078746046166e+00,4.598287304531667452e-01,2.992256872115830024e+00,-1.939372198948692017e+02,-2.975091886031988864e+01,-1.935990196258942149e+02
1.272395700000015495e+01,2.282428205846184888e+00,5.301633316419777087e-01,8.838211078421136235e-03,1.658642874280721706e-03,-3.462340094947768399e-01,4.014911815804829698e-01,2.998389619672672257e+00,4.568246893856291457e-01,2.995847029616593993e+00,-1.939958083928219139e+02,-2.955655740325020631e+01,-1.938313028161936415e+02
1.282746769999903336e+01,2.282942874678644429e+00,5.303708403776757896e-01,7.043378957639128031e-03,1.820317765756632265e-03,-3.465761973124149020e-01,4.014700085677485597e-01,2.999094077616751175e+00,4.543658426737684497e-01,2.998328989610014705e+00,-1.940413868218037976e+02,-2.939747002099282014e+01,-1.939918856277679708e+02
1.293082680000043183e+01,2.283275878128222303e+00,5.306120943239082122e-01,5.269091698433243584e-03,2.057772305254521560e-03,-3.468675796304611092e-01,4.015371425461283783e-01,2.999597341336207368e+00,4.524532473870117588e-01,2.999700587790071538e+00,-1.940739479844526159e+02,-2.927372510593966126e+01,-1.940806280300176354e+02
1.303432479999901261e+01,2.283275878128222303e+00,5.306120943239082122e-01,2.833592752796221421e-03,1.106621221416167859e-03,-3.468675796304611092e-01,4.015371425461283783e-01,2.999899331359865862e+00,4.510877257588041811e-01,2.999960628102756210e+00,-1.940934867389833300e+02,-2.918537585659463218e+01,-1.940974526382483418e+02
1.313775159999931930e+01,2.283275878128222303e+00,5.306120943239082122e-01,1.522692672776270644e-03,5.946669731302445597e-04,-3.468675796304611092e-01,4.015371425461283783e-01,3.000000000000000000e+00,4.502698648331278086e-01,2.999108883789049163e+00,-1.941000000000000227e+02,-2.913246025470337131e+01,-1.940423447811514848e+02
1.324343039999985194e+01,2.283275878128222303e+00,5.306120943239082122e-01,8.166286965253215929e-04,3.189232625967738433e-04,-3.468675796304611092e-01,4.015371425461283783e-01,2.999899331359865862e+00,4.500000162121284841e-01,2.997146097582656488e+00,-1.940934867389833300e+02,-2.911500104892471441e+01,-1.939153525135978953e+02
1.335034280000036233e+01,2.283275878128222303e+00,5.306120943239082122e-01,4.343130513715080408e-04,1.696150722122788759e-04,-3.468675796304611092e-01,4.015371425461283783e-01,2.999597341336207368e+00,4.502782959049602685e-01,2.994073981062338241e+00,-1.940739479844526159e+02,-2.913300574505093010e+01,-1.937165865747332987e+02
1.345468909999908647e+01,2.283275878128222303e+00,5.306120943239082122e-01,2.294478561335465438e-04,8.960774852182388042e-05,-3.468675796304611092e-01,4.015371425461283783e-01,2.999094077616751175e+00,4.511045842779128900e-01,2.989895213159381449e+00,-1.940413868218037976e+02,-2.918646660278096405e+01,-1.934462202914119757e+02
1.355903439999929105e+01,2.283275878128222303e+00,5.306120943239082122e-01,1.227133876950381984e-04,4.792404936848905744e-05,-3.468675796304611092e-01,4.015371425461283783e-01,2.998389619672672257e+00,4.524785261058423824e-01,2.984613437821535875e+00,-1.939958083928219139e+02,-2.927536063904800301e+01,-1.931044894270533803e+02
1.366233389999979408e+01,2.283275878128222303e+00,5.306120943239082122e-01,6.576908709292286651e-05,2.568522502691152190e-05,-3.468675796304611092e-01,4.015371425461283783e-01,2.997484078746046166e+00,4.543995307248844817e-01,2.978233260835437157e+00,-1.939372198948692017e+02,-2.939964963790002628e+01,-1.926916919760527946e+02
1.376607019999937620e+01,2.283275878128222303e+00,5.306120943239082122e-01,3.532708783890036071e-05,1.379651506194108014e-05,-3.468675796304611092e-01,4.015371425461283783e-01,2.996377597832283080e+00,4.568667722863832825e-01,2.970760245810289746e+00,-1.938656305797487107e+02,-2.955928016692899973e+01,-1.922081879039257615e+02
1.387143900000046415e+01,2.283275878128222303e+00,5.306120943239082122e-01,1.895458831612242012e-05,7.402457411400812230e-06,-3.468675796304611092e-01,4.015371425461283783e-01,2.995070351657544983e+00,4.598791901119281267e-01,2.962200909326319298e+00,-1.937810517522431724e+02,-2.975418360024175257e+01,-1.916543988334128699e+02
1.398028689999955532e+01,2.283275878128222303e+00,5.306120943239082122e-01,1.007611784136698274e-05,3.935091174179276414e-06,-3.468675796304611092e-01,4.015371425461283783e-01,2.993562546651157952e+00,4.634354891493426276e-01,2.952562715252217806e+00,-1.936834967683299169e+02,-2.998427614796246843e+01,-1.910308076768185117e+02
1.408481209999990824e+01,2.283275878128222303e+00,5.306120943239082122e-01,5.284476250073302236e-06,2.063780533257667472e-06,-3.468675796304611092e-01,4.015371425461283783e-01,2.991854420913010681e+00,4.675341405294350938e-01,2.941854068236538389e+00,-1.935729810330718124e+02,-3.024945889225445228e+01,-1.903379582149040345e+02
1.419152570000005653e+01,2.283275878128222303e+00,5.306120943239082122e-01,2.820816997090851366e-06,1.101631823285741582e-06,-3.468675796304611092e-01,4.015371425461283783e-01,2.989946244175959222e+00,4.721733822232656586e-01,2.930084306378715198e+00,-1.934495219981845651e+02,-3.054961782984528895e+01,-1.895764546227028688e+02
1.429738469999938388e+01,2.283275878128222303e+00,5.306120943239082122e-01,1.493402474297644248e-06,5.832280833377877361e-07,-3.468675796304611092e-01,4.015371425461283783e-01,2.987838317763229945e+00,4.773512197996505613e-01,2.917263693086105114e+00,-1.933131391592809791e+02,-3.088462392103739163e+01,-1.887469609426709951e+02
1.440164619999995921e+01,2.283275878128222303e+00,5.306120943239082122e-01,7.941134497863739791e-07,3.101302383267359728e-07,-3.468675796304611092e-01,4.015371425461283783e-01,2.985530974540840266e+00,4.830654272825765094e-01,2.903403408124143326e+00,-1.931638540527923737e+02,-3.125433314518270222e+01,-1.878502005056320741e+02
1.450892889999886393e+01,2.283275878128222303e+00,5.306120943239082122e-01,4.255509041872858594e-07,1.661931344586395097e-07,-3.468675796304611092e-01,4.015371425461283783e-01,2.983024578865031806e+00,4.893135481081600791e-01,2.888515537867417660e+00,-1.930016902525675562e+02,-3.165858656259795723e+01,-1.868869553000219241e+02
1.461282579999897280e+01,2.283275878128222303e+00,5.306120943239082122e-01,2.245768732076654819e-07,8.770545219867843545e-08,-3.468675796304611092e-01,4.015371425461283783e-01,2.980319526524736862e+00,4.960928961807331561e-01,2.872613064760177082e+00,-1.928266733661504873e+02,-3.209721038289343653e+01,-1.858580652899834718e+02
1.471893520000048738e+01,2.283275878128222303e+00,5.306120943239082122e-01,1.202450516724203101e-07,4.696007420956071114e-08,-3.468675796304611092e-01,4.015371425461283783e-01,2.977416244679077728e+00,5.034005570276096631e-01,2.855709855995437252e+00,-1.926388310307363270e+02,-3.257001603968634385e+01,-1.847644276829047953e+02
1.482731280000007246e+01,2.283275878128222303e+00,5.306120943239082122e-01,6.324157391099409022e-08,2.469813903095413598e-08,-3.468675796304611092e-01,4.015371425461283783e-01,2.974315191789914437e+00,5.112333890520290858e-01,2.837820651422596541e+00,-1.924381929088074799e+02,-3.307680027166628633e+01,-1.836069961470419969e+02
1.493730209999921499e+01,2.283275878128222303e+00,5.306120943239082122e-01,3.350641638135005118e-08,1.308547651550082608e-08,-3.468675796304611092e-01,4.015371425461283783e-01,2.971016857549446222e+00,5.195880248837452253e-01,2.818961050694052783e+00,-1.922247906834491857e+02,-3.361734520997831765e+01,-1.823867799799052136e+02
1.504143269999985932e+01,2.283275878128222303e+00,5.306120943239082122e-01,1.750652108742336770e-08,6.836934393410896005e-09,-3.468675796304611092e-01,4.015371425461283783e-01,2.967521762802885821e+00,5.284608728266722011e-01,2.799147499662083760e+00,-1.919986580533467304e+02,-3.419141847188569017e+01,-1.811048432281368150e+02
1.514722470000015164e+01,2.283275878128222303e+00,5.306120943239082122e-01,9.375835557776740583e-09,3.661605425305162565e-09,-3.468675796304611092e-01,4.015371425461283783e-01,2.963830459466209266e+00,5.378481184029715312e-01,2.778397276037819275e+00,-1.917598307274637364e+02,-3.479877326067226306e+01,-1.797623037596469260e+02
1.525338609999926121e+01,2.283275878128222303e+00,5.306120943239082122e-01,4.983002905985754314e-09,1.946044207199746269e-09,-3.468675796304611092e-01,4.015371425461283783e-01,2.959943530439004711e+00,5.477457259929139344e-01,2.756728474324811273e+00,-1.915083464194036083e+02,-3.543914847174153238e+01,-1.783603322888153002e+02
1.535757449999982782e+01,2.283275878128222303e+00,5.306120943239082122e-01,2.644025360951524499e-09,1.032588247377522622e-09,-3.468675796304611092e-01,4.015371425461283783e-01,2.955861589512424281e+00,5.581494405698115280e-01,2.734159990040375021e+00,-1.912442448414538489e+02,-3.611226880486680813e+01,-1.769001513556122802e+02
1.546359250000023167e+01,2.283275878128222303e+00,5.306120943239082122e-01,1.416633150166557024e-09,5.532468649169674248e-10,-3.468675796304611092e-01,4.015371425461283783e-01,2.951585281272259387e+00,5.690547895292699110e-01,2.710711503238394382e+00,-1.909675676983151789e+02,-3.681784488254376697e+01,-1.753830342595241234e+02
1.556722129999980098e+01,2.283275878128222303e+00,5.306120943239082122e-01,7.518645710369746220e-10,2.936305116955935374e-10,-3.468675796304611092e-01,4.015371425461283783e-01,2.947115280997154141e+00,5.804570846119858629e-01,2.686403461348045862e+00,-1.906783586805158848e+02,-3.755557337439548604e+01,-1.738103039492185644e+02
1.567341549999946437e+01,2.283275878128222303e+00,5.306120943239082122e-01,4.033505428575516582e-10,1.575230844148047229e-10,-3.468675796304611092e-01,4.015371425461283783e-01,2.942452294551969771e+00,5.923514239192475550e-01,2.661257061343314412e+00,-1.903766634575124499e+02,-3.832513712757531721e+01,-1.721833318689124610e+02
1.577745849999882921e+01,2.283275878128222303e+00,5.306120943239082122e-01,2.140222128900669268e-10,8.358347275023166899e-11,-3.468675796304611092e-01,4.015371425461283783e-01,2.937597058276320894e+00,6.047326940202857326e-01,2.635294231258932918e+00,-1.900625296704779714e+02,-3.912620530311249212e+01,-1.705035367624529670e+02
1.588127390000045125e+01,2.283275878128222303e+00,5.306120943239082122e-01,1.145144256117528627e-10,4.472205591830233660e-11,-3.468675796304611092e-01,4.015371425461283783e-01,2.932550338868298745e+00,6.175955721505588247e-01,2.608537611068804551e+00,-1.897360069247789340e+02,-3.995843351814115607e+01,-1.687723834361516708e+02
1.599467829999957758e+01,2.283275878128222303e+00,5.306120943239082122e-01,6.137748325683703406e-11,2.397014370611498559e-11,-3.468675796304611092e-01,4.015371425461283783e-01,2.927312933263402250e+00,6.309345285000356185e-01,2.581010532943601277e+00,-1.893971467821421300e+02,-4.082146399395230674e+01,-1.669913814814510147e+02
1.610009209999952873e+01,2.283275878128222303e+00,5.306120943239082122e-01,3.159431364317395512e-11,1.233873072237103693e-11,-3.468675796304611092e-01,4.015371425461283783e-01,2.921885668508689360e+00,6.447438285904845134e-01,2.552737000904783393e+00,-1.890460027525122086e+02,-4.171492570980434778e+01,-1.651620839585394833e+02
1.620862970000052883e+01,2.283275878128222303e+00,5.306120943239082122e-01,1.662243291153916828e-11,6.491665746012245788e-12,-3.468675796304611092e-01,4.015371425461283783e-01,2.916269401632180625e+00,6.590175357407526135e-01,2.523741669892711759e+00,-1.886826302856021016e+02,-4.263843456242669561e+01,-1.632860860420584572e+02
1.631944370000019262e+01,2.283275878128222303e+00,5.306120943239082122e-01,8.715404220779519958e-12,3.403682923178428702e-12,-3.468675796304611092e-01,4.015371425461283783e-01,2.910465019507520346e+00,6.737495136189715073e-01,2.494049824267190907e+00,-1.883070867621365778e+02,-4.359159353114745983e+01,-1.613650236300872507e+02
1.642376039999908244e+01,2.283275878128222303e+00,5.306120943239082122e-01,4.583470498719114399e-12,1.790012243859759603e-12,-3.468675796304611092e-01,4.015371425461283783e-01,2.904473438713933930e+00,6.889334288805952777e-01,2.463687355759125452e+00,-1.879194314847915450e+02,-4.457399284857451960e+01,-1.594005719176154230e+02
1.652827599999909580e+01,2.283275878128222303e+00,5.306120943239082122e-01,2.452157432021433825e-12,9.576568297792520391e-13,-3.468675796304611092e-01,4.015371425461283783e-01,2.898295605391484564e+00,7.045627538911332088e-01,2.432680740892544158e+00,-1.875197256688290679e+02,-4.558521017675631981e+01,-1.573944439357476028e+02
1.663331470000048284e+01,2.283275878128222303e+00,5.306120943239082122e-01,1.310281208100598351e-12,5.117125562507436841e-13,-3.468675796304611092e-01,4.015371425461283783e-01,2.891932495091669608e+00,7.206307695324101203e-01,2.401057017896682133e+00,-1.871080324324310311e+02,-4.662481078874693452e+01,-1.553483890579153410e+02
1.673902570000063861e+01,2.283275878128222303e+00,5.306120943239082122e-01,6.991998058104415324e-13,2.730630018573958617e-13,-3.468675796304611092e-01,4.015371425461283783e-01,2.885385112623369608e+00,7.371305680911451885e-01,2.368843763128232638e+00,-1.866844167867320152e+02,-4.769234775549709582e+01,-1.532641914743966538e+02
1.684786799999892537e+01,2.283275878128222303e+00,5.306120943239082122e-01,3.716966492071016984e-13,1.451610855285951794e-13,-3.468675796304611092e-01,4.015371425461283783e-01,2.878654491894174772e+00,7.540550562286124636e-01,2.336069067024367119e+00,-1.862489456255531195e+02,-4.878736213799123078e+01,-1.511436686364765478e+02
1.695394209999903978e+01,2.283275878128222303e+00,5.306120943239082122e-01,1.946006510522635511e-13,7.599864516286905769e-14,-3.468675796304611092e-01,4.015371425461283783e-01,2.871741695747123124e+00,7.713969580300952256e-01,2.302761509607449408e+00,-1.858016877148388630e+02,-4.990938318454715983e+01,-1.489886696716019969e+02
1.705823509999936505e+01,2.283275878128222303e+00,5.306120943239082122e-01,1.035267247019949106e-13,4.043095833933194729e-14,-3.468675796304611092e-01,4.015371425461283783e-01,2.864647815792861429e+00,7.891488181328362161e-01,2.268950135562830095e+00,-1.853427136817981307e+02,-5.105792853319450586e+01,-1.468010737709151101e+02
1.716178299999955925e+01,2.283275878128222303e+00,5.306120943239082122e-01,5.542133190231336505e-14,2.164404956983577614e-14,-3.468675796304611092e-01,4.015371425461283783e-01,2.857373972237269300e+00,8.073030049311359369e-01,2.234664428911454337e+00,-1.848720960037513237e+02,-5.223250441904449559e+01,-1.445827885505711095e+02
1.726724470000044676e+01,2.283275878128222303e+00,5.306120943239082122e-01,2.975255930227481232e-14,1.161945854175753944e-14,-3.468675796304611092e-01,4.015371425461283783e-01,2.849921313704565140e+00,8.258517138572097904e-01,2.199934287299345037e+00,-1.843899089966853637e+02,-5.343260588656147547e+01,-1.423357483882676320e+02
1.737640950000059092e+01,2.283275878128222303e+00,5.306120943239082122e-01,1.575323604641075732e-14,6.152212698078553489e-15,-3.468675796304611092e-01,4.015371425461283783e-01,2.842291017055925906e+00,8.447869707364070724e-01,2.164789995926433619e+00,-1.838962288035184258e+02,-5.465771700664554089e+01,-1.400619127364402630e+02
1.748252510000020266e+01,2.283275878128222303e+00,5.306120943239082122e-01,8.276446244237217753e-15,3.232253838433538107e-15,-3.468675796304611092e-01,4.015371425461283783e-01,2.834484287203645092e+00,8.641006352153519643e-01,2.129262201137387844e+00,-1.833911333820758500e+02,-5.590731109843327573e+01,-1.377632644135890132e+02
1.758644999999887659e+01,2.283275878128222303e+00,5.306120943239082122e-01,4.397519175711998898e-15,1.717391476465778323e-15,-3.468675796304611092e-01,4.015371425461283783e-01,2.826502356920864933e+00,8.837844042615109474e-01,2.093381883697564394e+00,-1.828747024927799600e+02,-5.718085095571976240e+01,-1.354418078752324277e+02
1.769152910000047996e+01,2.283275878128222303e+00,5.306120943239082122e-01,2.354615513024706106e-15,9.195631561442815167e-16,-3.468675796304611092e-01,4.015371425461283783e-01,2.818346486646906790e+00,9.038298157327079307e-01,2.057180331777311633e+00,-1.823470176860548690e+02,-5.847778907790620906e+01,-1.330995674659920667e+02
1.779620079999949667e+01,2.283275878128222303e+00,5.306120943239082122e-01,1.255160108188152603e-15,4.901857582129100265e-16,-3.468675796304611092e-01,4.015371425461283783e-01,2.810017964288231695e+00,9.242282520150376657e-01,2.020689113668221459e+00,-1.818081622894486031e+02,-5.979756790537293654e+01,-1.307385856543339457e+02
1.790440350000062608e+01,2.283275878128222303e+00,5.306120943239082122e-01,6.712029309133373437e-16,2.621292020501032848e-16,-3.468675796304611092e-01,4.015371425461283783e-01,2.801518105015069260e+00,9.449709437276165858e-01,1.983940050255113219e+00,-1.812582213944749867e+02,-6.113962005917679932e+01,-1.283609212515058289e+02
1.800943089999964286e+01,2.283275878128222303e+00,5.306120943239082122e-01,3.529821599358453685e-16,1.378523955430280081e-16,-3.468675796304611092e-01,4.015371425461283783e-01,2.792848251053730468e+00,9.660489734925801208e-01,1.946965187267734709e+00,-1.806972818431763699e+02,-6.250336858496993386e+01,-1.259686476162224409e+02
1.811370689999966999e+01,2.283275878128222303e+00,5.306120943239082122e-01,1.880127354094512742e-16,7.342582405156382849e-17,-3.468675796304611092e-01,4.015371425461283783e-01,2.784009771474661221e+00,9.874532797687031183e-01,1.909796767336437329e+00,-1.801254322144105799e+02,-6.388822720103509312e+01,-1.235638508466675063e+02
1.821866369999952440e+01,2.283275878128222303e+00,5.306120943239082122e-01,1.007234015116532596e-16,3.933615848502724565e-17,-3.468675796304611092e-01,4.015371425461283783e-01,2.775004061976244607e+00,1.009174660747002683e+00,1.872467201876089060e+00,-1.795427628098630350e+02,-6.529360055033107813e+01,-1.211486279613829709e+02
1.832418250000046100e+01,2.283275878128222303e+00,5.306120943239082122e-01,5.373144600377982051e-17,2.098408754980175793e-17,-3.468675796304611092e-01,4.015371425461283783e-01,2.765832544664409198e+00,1.031203778306627683e+00,1.835009042822865144e+00,-1.789493656397872883e+02,-6.671888445643881482e+01,-1.187250850706393805e+02
1.842756129999906989e+01,2.283275878128222303e+00,5.306120943239082122e-01,2.858069574125939744e-17,1.116180312040446577e-17,-3.468675796304611092e-01,4.015371425461283783e-01,2.756496667828058023e+00,1.053531162029369250e+00,1.797454954248465464e+00,-1.783453344084753667e+02,-6.816346618330018714e+01,-1.162953355398757225e+02
1.853087289999893983e+01,2.283275878128222303e+00,5.306120943239082122e-01,1.536236575807635195e-17,5.999563607814939695e-18,-3.468675796304611092e-01,4.015371425461283783e-01,2.746997905710367505e+00,1.076147213271034797e+00,1.759837683876550374e+00,-1.777307644994607756e+02,-6.962672469863595381e+01,-1.138614981468128207e+02
1.863752139999996871e+01,2.283275878128222303e+00,5.306120943239082122e-01,8.247264827775587655e-18,3.220857431982556429e-18,-3.468675796304611092e-01,4.015371425461283783e-01,2.737337758275989685e+00,1.099042209287943939e+00,1.722190034526262181e+00,-1.771057529604565275e+02,-7.110803094092997867e+01,-1.114256952338491686e+02
1.874086379999971541e+01,2.283275878128222303e+00,5.306120943239082122e-01,4.370436421642068188e-18,1.706814674150553230e-18,-3.468675796304611092e-01,4.015371425461283783e-01,2.727517750974189248e+00,1.122206307416787396e+00,1.684544835507649330e+00,-1.764703984880300425e+02,-7.260674808986614437e+01,-1.089900508573449116e+02
1.884558870000000752e+01,2.283275878128222303e+00,5.306120943239082122e-01,2.346091671842899733e-18,9.162342855680636413e-19,-3.468675796304611092e-01,4.015371425461283783e-01,2.717539434497954431e+00,1.145629549306026895e+00,1.646934913994042793e+00,-1.758248014120176492e+02,-7.412223184009994270e+01,-1.065566889354145701e+02
1.895119849999900907e+01,2.283275878128222303e+00,5.306120943239082122e-01,1.252414472049628935e-18,4.891134872543612747e-19,-3.468675796304611092e-01,4.015371425461283783e-01,2.707404384539131570e+00,1.169301865197039270e+00,1.609393066396264782e+00,-1.751690636796818126e+02,-7.565383067824843977e+01,-1.041277313958383388e+02
1.905583759999899485e+01,2.283275878128222303e+00,5.306120943239082122e-01,6.654181070118264051e-19,2.598700175271154700e-19,-3.468675796304611092e-01,4.015371425461283783e-01,2.697114201539595690e+00,1.193213078253151149e+00,1.571952029763661773e+00,-1.745032888396118551e+02,-7.720088616297888962e+01,-1.017052963257089147e+02
1.916223989999889454e+01,2.283275878128222303e+00,5.306120943239082122e-01,3.557900430747750026e-19,1.389489762234133318e-19,-3.468675796304611092e-01,4.015371425461283783e-01,2.686670510438532222e+00,1.217352908934707045e+00,1.534644453236935435e+00,-1.738275820253730330e+02,-7.876273320807554512e+01,-9.929149612442972739e+01
1.926767350000045553e+01,2.283275878128222303e+00,5.306120943239082122e-01,1.887011501527683187e-19,7.369467509352765307e-20,-3.468675796304611092e-01,4.015371425461283783e-01,2.676074960415832038e+00,1.241710979418290117e+00,1.497502869577572060e+00,-1.731420499389043357e+02,-8.033870036836337647e+01,-9.688843566166892174e+01
1.937328669999988051e+01,2.283275878128222303e+00,5.306120943239082122e-01,1.003833643128142873e-19,3.920336156848559546e-20,-3.468675796304611092e-01,4.015371425461283783e-01,2.665329224631671323e+00,1.266276818058197140e+00,1.460559666798827871e+00,-1.724468008336691298e+02,-8.192811012836536122e+01,-9.449821044188416863e+01
1.947694380000029923e+01,2.283275878128222303e+00,5.306120943239082122e-01,5.345561520117902056e-20,2.087636557056635968e-20,-3.468675796304611092e-01,4.015371425461283783e-01,2.654434999962299813e+00,1.291039863888245431e+00,1.423847059922865199e+00,-1.717419444975608087e+02,-8.353027919356948416e+01,-9.212290477700938141e+01
1.958271199999944656e+01,2.283275878128222303e+00,5.306120943239082122e-01,2.864471170806444466e-20,1.118680368807814510e-20,-3.468675796304611092e-01,4.015371425461283783e-01,2.643394006732081358e+00,1.315989471161981283e+00,1.387397062888799049e+00,-1.710275922355656633e+02,-8.514451878418019248e+01,-8.976458996890529818e+01
1.969105049999961921e+01,2.283275878128222303e+00,5.306120943239082122e-01,1.523113416668136382e-20,5.948312889512317859e-21,-3.468675796304611092e-01,4.015371425461283783e-01,2.632207988441838786e+00,1.341114913929333019e+00,1.351241460636057656e+00,-1.703038568521869820e+02,-8.677013493122784382e+01,-8.742532250315294107e+01
1.979517569999916304e+01,2.283275878128222303e+00,5.306120943239082122e-01,8.008539439854901848e-21,3.127626469239887879e-21,-3.468675796304611092e-01,4.015371425461283783e-01,2.620878711493532354e+00,1.366405390647751350e+00,1.315411781387432866e+00,-1.695708526336315458e+02,-8.840642877490951435e+01,-8.510714225576691661e+01
1.989992449999954260e+01,2.283275878128222303e+00,5.306120943239082122e-01,4.290327292155465029e-21,1.675529140041401312e-21,-3.468675796304611092e-01,4.015371425461283783e-01,2.609407964911325983e+00,1.391850028825834418e+00,1.279939269156026516e+00,-1.688286953297628088e+02,-9.005269686503149273e+01,-8.281207071439492040e+01
2.000503609999941546e+01,2.283275878128222303e+00,5.306120943239082122e-01,2.290738146315527509e-21,8.946167168583948525e-22,-3.468675796304611092e-01,4.015371425461283783e-01,2.597797560059078137e+00,1.417437889697464870e+00,1.244854856499974627e+00,-1.680775021358223569e+02,-9.170823146342597454e+01,-8.054210921554836489e+01
2.010960879999947792e+01,2.283275878128222303e+00,5.306120943239082122e-01,1.220027648415748220e-21,4.764652525028616219e-22,-3.468675796304611092e-01,4.015371425461283783e-01,2.586049330354305731e+00,1.443157972924440369e+00,1.210189137548821403e+00,-1.673173916739235949e+02,-9.337232084821130229e+01,-7.829923719940875060e+01
2.021409630000016477e+01,2.283275878128222303e+00,5.306120943239082122e-01,6.521884024883043828e-22,2.547033358420540818e-22,-3.468675796304611092e-01,4.015371425461283783e-01,2.574165130978670391e+00,1.468999221325557603e+00,1.175972341324971859e+00,-1.665484839743199927e+02,-9.504424961976357622e+01,-7.608541048372568127e+01
2.032012260000010428e+01,2.283275878128222303e+00,5.306120943239082122e-01,3.484892842853994673e-22,1.360977638885458744e-22,-3.468675796304611092e-01,4.015371425461283783e-01,2.562146838585019459e+00,1.494950525630154736e+00,1.142234305383537762e+00,-1.657709004564507609e+02,-9.672329900827101312e+01,-7.390255955831489132e+01
2.042411319999882835e+01,2.283275878128222303e+00,5.306120943239082122e-01,1.849514835234900446e-22,7.223029364312315954e-23,-3.468675796304611092e-01,4.015371425461283783e-01,2.549996351001040829e+00,1.521000729254037287e+00,1.109004449793546732e+00,-1.649847639097673380e+02,-9.840874718273622079e+01,-7.175258790164247102e+01
2.052969560000019555e+01,2.283275878128222303e+00,5.306120943239082122e-01,9.911243424989364007e-23,3.870701706831849516e-23,-3.468675796304611092e-01,4.015371425461283783e-01,2.537715586929579104e+00,1.547138633095738403e+00,1.076311751483198353e+00,-1.641901984743437879e+02,-1.000998695612942839e+02,-6.963737032096292978e+01
2.063589619999947899e+01,2.283275878128222303e+00,5.306120943239082122e-01,5.269041887410654892e-23,2.057752852235168866e-23,-3.468675796304611092e-01,4.015371425461283783e-01,2.525306485645642862e+00,1.573353000351068287e+00,1.044184718971561843e+00,-1.633873296212730963e+02,-1.017959391227141168e+02,-6.755875131746005025e+01
2.073909769999954733e+01,2.283275878128222303e+00,5.306120943239082122e-01,2.798538628499353198e-23,1.092931308563731510e-23,-3.468675796304611092e-01,4.015371425461283783e-01,2.512771006690175835e+00,1.599632561343866444e+00,1.012651367508715428e+00,-1.625762841328543971e+02,-1.034962267189481651e+02,-6.551854347781389265e+01
2.084437129999969329e+01,2.283275878128222303e+00,5.306120943239082122e-01,1.506443342812215790e-23,5.883210176804811888e-24,-3.468675796304611092e-01,4.015371425461283783e-01,2.500111129560621759e+00,1.625966018370886834e+00,9.817391946460412022e-01,-1.617571900825722366e+02,-1.052000013885963767e+02,-6.351852589359886991e+01
2.094844199999897683e+01,2.283275878128222303e+00,5.306120943239082122e-01,8.015725261860527306e-24,3.130432794572594844e-24,-3.468675796304611092e-01,4.015371425461283783e-01,2.487328853398336648e+00,1.652342050558733177e+00,9.514751562579347732e-01,-1.609301768148723966e+02,-1.069065306711500369e+02,-6.156044260988838346e+01
2.105387329999939539e+01,2.283275878128222303e+00,5.306120943239082122e-01,4.258153335533144583e-24,1.662964037614438723e-24,-3.468675796304611092e-01,4.015371425461283783e-01,2.474426196672903533e+00,1.678749318730751838e+00,9.218856430358990384e-01,-1.600953749247368592e+02,-1.086150809218796525e+02,-5.964600110442267322e+01
2.115770279999924242e+01,2.283275878128222303e+00,5.306120943239082122e-01,2.281001845251766706e-24,8.908143365182338414e-25,-3.468675796304611092e-01,4.015371425461283783e-01,2.461405196863390543e+00,1.705176470281797974e+00,8.929964574754619688e-01,-1.592529162370613847e+02,-1.103249176272323382e+02,-5.777687079866239372e+01
2.126069699999970908e+01,2.283275878128222303e+00,5.306120943239082122e-01,1.225849685439266743e-24,4.787389701059779931e-25,-3.468675796304611092e-01,4.015371425461283783e-01,2.448267910136614045e+00,1.731612144058771063e+00,8.648327913760098795e-01,-1.584029337858389397e+02,-1.120353057206024943e+02,-5.595468160202783992e+01
2.136619330000030459e+01,2.283275878128222303e+00,5.306120943239082122e-01,6.592556840560667330e-25,2.574633668143565036e-25,-3.468675796304611092e-01,4.015371425461283783e-01,2.435016411022439264e+00,1.758044975244824393e+00,8.374192038731823606e-01,-1.575455617931518191e+02,-1.137455098983401456e+02,-5.418102249059489850e+01
2.147157200000037847e+01,2.283275878128222303e+00,5.306120943239082122e-01,3.505041620019627262e-25,1.368846470556866175e-25,-3.468675796304611092e-01,4.015371425461283783e-01,2.421652792086192996e+00,1.784463600245163040e+00,8.107796000229173794e-01,-1.566809356479766961e+02,-1.154547949358620542e+02,-5.245744012148275459e+01
2.157852749999983644e+01,2.283275878128222303e+00,5.306120943239082122e-01,1.866007498561007932e-25,7.287439224255428852e-26,-3.468675796304611092e-01,4.015371425461283783e-01,2.408179163598220818e+00,1.810856661572280757e+00,7.849372099559054350e-01,-1.558091918848049033e+02,-1.171624260037265657e+02,-5.078543748414708148e+01
2.168410399999993388e+01,2.283275878128222303e+00,5.306120943239082122e-01,9.861077035050339107e-26,3.851109903580099941e-26,-3.468675796304611092e-01,4.015371425461283783e-01,2.394597653200651877e+00,1.837212812728626465e+00,7.599145686205631689e-01,-1.549304681620821782e+02,-1.188676689835421314e+02,-4.916647258975044110e+01
2.178752890000032494e+01,2.283275878128222303e+00,5.306120943239082122e-01,5.249162692982848223e-26,2.049989302446032290e-26,-3.468675796304611092e-01,4.015371425461283783e-01,2.380910405571420085e+00,1.863520723084491015e+00,7.357334961322177236e-01,-1.540449032404708873e+02,-1.205697907835665745e+02,-4.760195719975448725e+01
2.189210699999966891e+01,2.283275878128222303e+00,5.306120943239082122e-01,2.823704265091792363e-26,1.102759406647395350e-26,-3.468675796304611092e-01,4.015371425461283783e-01,2.367119582085594587e+00,1.889769082749108264e+00,7.124150787456575706e-01,-1.531526369609379685e+02,-1.222680596538673115e+02,-4.609325559484404522e+01
2.199613709999903222e+01,2.283275878128222303e+00,5.306120943239082122e-01,1.506048567733526219e-26,5.881668436272995733e-27,-3.468675796304611092e-01,4.015371425461283783e-01,2.353227360474071439e+00,1.915946607432825743e+00,6.899796504675850262e-01,-1.522538102226724277e+02,-1.239617455009038309e+02,-4.464168338525275459e+01
2.210116410000046017e+01,2.283275878128222303e+00,5.306120943239082122e-01,8.069392579399437231e-27,3.151391837620129673e-27,-3.468675796304611092e-01,4.015371425461283783e-01,2.339235934479686918e+00,1.942042043298272791e+00,6.684467753250751265e-01,-1.513485649608357448e+02,-1.256501202013982521e+02,-4.324850636353236411e+01
2.220714959999895655e+01,2.283275878128222303e+00,5.306120943239082122e-01,4.302022153834363338e-27,1.680096409668493355e-27,-3.468675796304611092e-01,4.015371425461283783e-01,2.325147513510798625e+00,1.968044171798436714e+00,6.478352303054464301e-01,-1.504370441241486844e+02,-1.273324579153588587e+02,-4.191493940076238545e+01
2.231132140000045183e+01,2.283275878128222303e+00,5.306120943239082122e-01,2.286688904702970722e-27,8.930353404610013419e-28,-3.468675796304611092e-01,4.015371425461283783e-01,2.310964322292396567e+00,1.993941814499566423e+00,6.281629889824495994e-01,-1.495193916523180633e+02,-1.290080353981219616e+02,-4.064214538716448999e+01
2.241578200000003562e+01,2.287381431616752892e+00,5.298138580997249214e-01,1.832046319768768083e-02,-3.536744702948304252e-03,-3.479888915706403907e-01,3.995077666052970766e-01,2.296688600514790846e+00,2.019723837886833628e+00,6.094472058430464578e-01,-1.485957524533069716e+02,-1.306761323112781383e+02,-3.943123421804510542e+01
2.252191259999926842e+01,2.327112134346082328e+00,5.218734857824223194e-01,1.898403020723052337e-01,-3.521616287542491536e-02,-3.581337697385398866e-01,3.795947024598191888e-01,2.282322602479939011e+00,2.045379158150680610e+00,5.917042013284352642e-01,-1.476662723804520567e+02,-1.323360315323490397e+02,-3.828326182594976501e+01
2.262587179999900400e+01,2.379868379945188295e+00,5.129348814546276225e-01,3.413904900516779861e-01,-5.218577614620272670e-02,-3.711838111018875286e-01,3.540123881854294052e-01,2.267868596745467258e+00,2.070896745951798401e+00,5.749494476023955247e-01,-1.467310982094317353e+02,-1.339870194630813671e+02,-3.719922925987498985e+01
2.272944979999920179e+01,2.446614718150277312e+00,4.968795561595343302e-01,4.998078560702391426e-01,-8.826789494912060108e-02,-3.816372031805442822e-01,3.181860123855663747e-01,2.253328865766436984e+00,2.096265631162701926e+00,5.591975550593171196e-01,-1.457903776150884880e+02,-1.356283863362268107e+02,-3.618008181233781784e+01
2.283619299999918439e+01,2.641448121300495444e+00,4.055770368557556349e-01,1.408416859064308913e+00,-3.876844265565584924e-01,-3.558992278953717059e-01,1.944954303015194730e-01,2.238705705534919765e+00,2.121474907583814851e+00,5.444622595837289580e-01,-1.448442591481093018e+02,-1.372594265206728323e+02,-3.522670819506726758e+01
2.294154820000039763e+01,2.873654344790768533e+00,3.564467370112435751e-01,2.112358480575528663e+00,-2.987333864546499740e-01,-3.437282774172117361e-01,9.436708975993141069e-02,2.224001425217433159e+00,2.146513737632115060e+00,5.307564105724011938e-01,-1.438928922115679256e+02,-1.388794388247978588e+02,-3.433993976403436221e+01
2.304647499999919091e+01,3.086686825844841664e+00,3.556849999597764267e-01,2.132901406183616455e+00,-3.826940040658644016e-02,-3.551490017555868350e-01,1.951936854502023602e-02,2.209218346790295939e+00,2.171371357000257962e+00,5.180919597294753043e-01,-1.429364270373321517e+02,-1.404877267979167073e+02,-3.352054979449705030e+01
2.315175319999980275e+01,-3.059566171079635133e+00,3.762033457992389196e-01,1.646110850976590267e+00,1.409734027572462911e-01,-3.749384425324103209e-01,-3.082404421733403801e-02,2.194358804672964069e+00,2.196037079284192561e+00,5.064799506444099819e-01,-1.419750146623407829e+02,-1.420835990296872637e+02,-3.276925280669333063e+01
2.325767470000027970e+01,-2.972641193138303439e+00,3.981956566779618067e-01,1.172611644954235199e+00,2.073065746180579871e-01,-3.925259953918823208e-01,-6.695613443744496962e-02,2.179425145359394023e+00,2.220500300577301189e+00,4.959305091617960404e-01,-1.410088069047527881e+02,-1.436663694473513999e+02,-3.208670394276820304e+01
2.336521989999891957e+01,-2.920335076796150453e+00,4.129750852443294096e-01,8.105383117966424855e-01,1.911377111759337832e-01,-4.029076765750739253e-01,-9.063015607090586789e-02,2.164419727047508957e+00,2.244750504029067173e+00,4.864528345514775864e-01,-1.400379563399738458e+02,-1.452353576106806656e+02,-3.147349839548060046e+01
2.347037259999888192e+01,-2.904510166178537744e+00,4.177241639034395826e-01,4.872162114255748078e-01,1.246130500367001459e-01,-4.060393080265027321e-01,-9.810992531944218165e-02,2.149344919266807707e+00,2.268777264366316437e+00,4.780551914866477681e-01,-1.390626162765624656e+02,-1.467898890045006794e+02,-3.093017088918611179e+01
2.357475750000048720e+01,-2.904510166178537744e+00,4.177241639034395826e-01,2.598487615812612450e-01,6.646032289064460197e-02,-4.060393080265027321e-01,-9.810992531944218165e-02,2.134203102504192096e+00,2.292570252375090156e+00,4.707449028369317112e-01,-1.380829407320212283e+02,-1.483292953286683371e+02,-3.045719521354948256e+01
2.367792849999932514e+01,-2.904510166178537744e+00,4.177241639034395826e-01,1.390104514217916920e-01,3.555406395030047406e-02,-4.060393080265027321e-01,-9.810992531944218165e-02,2.118996667828057845e+00,2.316119239341219327e+00,4.645283432827373993e-01,-1.370990844084753348e+02,-1.498529147853768961e+02,-3.005498381039311084e+01
2.378192169999965699e+01,-2.904510166178537744e+00,4.177241639034395826e-01,7.460006847087360948e-02,1.908011648032419474e-02,-4.060393080265027321e-01,-9.810992531944218165e-02,2.103728016510718835e+00,2.339414101447699679e+00,4.594109337564349360e-01,-1.361112026682435214e+02,-1.513600923636661832e+02,-2.972388741404134294e+01
2.388731299999926705e+01,-2.904510166178537744e+00,4.177241639034395826e-01,4.003318304409780176e-02,1.023910314315266100e-02,-4.060393080265027321e-01,-9.810992531944218165e-02,2.088399559649218862e+00,2.362444824126961773e+00,4.553971367152285232e-01,-1.351194515093044686e+02,-1.528501801210144322e+02,-2.946419474547528594e+01
2.399478259999887086e+01,-2.904467102750908580e+00,4.176585071948040739e-01,2.149873370265145342e-02,5.158272997836176738e-03,-4.059712632485994455e-01,-9.811198728253633927e-02,2.073013717784589538e+00,2.385201506366183111e+00,4.524904522498223169e-01,-1.341239875406629380e+02,-1.543225374618920682e+02,-2.927613226056350371e+01
2.409918780000043625e+01,-2.904467102750908580e+00,4.176585071948040739e-01,1.132917017856841652e-02,2.718250917857222698e-03,-4.059712632485994455e-01,-9.811198728253633927e-02,2.057572920519618265e+00,2.407674364963777514e+00,4.506934150322932098e-01,-1.331249679576193046e+02,-1.557765314131564196e+02,-2.915986395258937236e+01
2.420397219999904337e+01,-2.884064261364514437e+00,4.155752534762648942e-01,9.754154435593394290e-02,-7.403059071471959456e-03,-4.018705906402251227e-01,-1.058433733416430933e-01,2.042079606135189795e+00,2.429853738735235691e+00,4.500075921058166450e-01,-1.321225505169467738e+02,-1.572115368961697470e+02,-2.911549120924633982e+01
2.430922869999994873e+01,-2.692871937015149708e+00,4.089156006915614094e-01,9.122356650613395734e-01,4.289630093676124155e-03,-3.684341051036985615e-01,-1.773930063034541149e-01,2.026536221205248456e+00,2.451730092666520644e+00,4.504335815181828018e-01,-1.311168935119795833e+02,-1.586269369955238915e+02,-2.914305272422642901e+01
2.441337939999903028e+01,-2.496943618457708514e+00,4.229522585824114778e-01,1.296355720545988799e+00,1.380795151052092440e-01,-3.380702731717455944e-01,-2.541596022926231324e-01,2.010945220210460072e+00,2.473294022013204252e+00,4.519710118002893129e-01,-1.301081557476167632e+02,-1.600221232242543294e+02,-2.924252446347871981e+01
2.451854789999924833e+01,-2.430963355238096923e+00,4.599615365376936715e-01,8.970231741203197329e-01,2.624349943598064394e-01,-3.486285494114678141e-01,-3.000379136532112523e-01,1.995309065150619343e+00,2.494536256343609093e+00,4.546185422900690387e-01,-1.290964965152450645e+02,-1.613964957854315116e+02,-2.941381968616746789e+01
2.462257460000000719e+01,-2.382837185317434603e+00,5.092268220929289102e-01,6.103446050083848329e-01,3.709918053000794691e-01,-3.695422555621514782e-01,-3.503576425495824598e-01,1.979630225155868617e+00,2.515447663524223110e+00,4.583738643015655700e-01,-1.280820755675846954e+02,-1.627494638300172483e+02,-2.965678902031129383e+01
2.472613249999994878e+01,-2.361643616308214177e+00,5.352838171886048491e-01,3.933017970155942011e-01,3.192156657823038701e-01,-3.805596969479822511e-01,-3.764346981919488577e-01,1.963911176096798883e+00,2.536019253645631188e+00,4.632337031381434933e-01,-1.270650530934628932e+02,-1.640804457108723398e+02,-2.997122059303788433e+01
2.482958560000042780e+01,-2.352571993674049899e+00,5.464457680849728050e-01,2.434869635064497440e-01,2.221995326285032546e-01,-3.849932596107686344e-01,-3.877926862542035447e-01,1.948154400193476743e+00,2.556242182887322745e+00,4.691938209480719379e-01,-1.260455896925179502e+02,-1.653888692328097818e+02,-3.035684021534025590e+01
2.493385309999939636e+01,-2.352771661637108380e+00,5.461925049784192021e-01,1.300447473219745187e-01,1.182480758278044997e-01,-3.848922116735082888e-01,-3.875361117207992145e-01,1.932362385623475731e+00,2.576107757319692659e+00,4.762490204199922861e-01,-1.250238463498388910e+02,-1.666741718985841203e+02,-3.081331162117350075e+01
2.503919719999976223e+01,-2.352536841436388304e+00,5.456938922928205038e-01,7.053948217483616001e-02,6.094619897637179595e-02,-3.844499192856414282e-01,-3.872726218659823805e-01,1.916537626128964833e+00,2.595607436641600430e+00,4.843931493150552825e-01,-1.239999844105440303e+02,-1.679358011507115691e+02,-3.134023676068407838e+01
2.514376149999952759e+01,-2.352684029004960209e+00,5.452614373427633332e-01,3.703258467683295113e-02,3.060243068522157037e-02,-3.842022003612072245e-01,-3.869091680106624964e-01,1.900682620622913044e+00,2.614732837851881708e+00,4.936191058317604963e-01,-1.229741655543024734e+02,-1.691732146090167532e+02,-3.193715614731490504e+01
2.524852920000012091e+01,-2.352593422145795365e+00,5.449423716541174079e-01,2.017640333689238452e-02,1.491449334871209655e-02,-3.839423425582952909e-01,-3.867175532799912441e-01,1.884799872794487907e+00,2.633475738853243264e+00,5.039188447988349751e-01,-1.219465517698033779e+02,-1.703858803038048393e+02,-3.260354925848462671e+01
2.535478010000042559e+01,-2.352470683036562704e+00,5.444822251826556547e-01,1.131155401366813924e-02,5.908752153063677806e-03,-3.835707154863450818e-01,-3.864380930513313661e-01,1.868891890713688886e+00,2.651828081986976393e+00,5.152833846907434179e-01,-1.209173053291756759e+02,-1.715732769045573889e+02,-3.333883498949109736e+01
2.545920979999937117e+01,-2.352544648209321299e+00,5.441085719088406547e-01,5.689165332406194951e-03,1.485384434655821501e-03,-3.833360507262060235e-01,-3.861445457834586925e-01,1.852961186435298613e+00,2.669781977496983316e+00,5.277028154597080967e-01,-1.198865887623638287e+02,-1.727348939440548179e+02,-3.414237216024311294e+01
2.556355679999978747e+01,-2.352559354668736002e+00,5.438717884596440122e-01,2.979028427803499541e-03,-2.609655773289552513e-04,-3.831749080611763225e-01,-3.859708695155643632e-01,1.837010275602197540e+00,2.687329706921618211e+00,5.411663071774215350e-01,-1.188545648314621843e+02,-1.738702320378287141e+02,-3.501346007437917507e+01
2.566816939999989700e+01,-2.352472976328257914e+00,5.435524436784948676e-01,1.976349804267456094e-03,-1.560342251871221298e-03,-3.829165981682814413e-01,-3.857773164353942019e-01,1.821041677048113483e+00,2.704463726411893809e+00,5.556621194789024276e-01,-1.178213965050129417e+02,-1.749788030988495393e+02,-3.595133913028498540e+01
2.577179529999921215e+01,-2.352381967882169356e+00,5.432333875313763993e-01,1.463474186180167835e-03,-2.256226480741289290e-03,-3.826567425916316267e-01,-3.855856982280027045e-01,1.805057912399874231e+00,2.721176669974602724e+00,5.711776118002731550e-01,-1.167872469322718700e+02,-1.760601305473568061e+02,-3.695519148347767668e+01
2.588071279999894614e+01,-2.352513114008589312e+00,5.430370681674835387e-01,1.984185337631246113e-04,-2.086293488498505884e-03,-3.825690006015803335e-01,-3.853961821069900040e-01,1.789061505679205855e+00,2.737461352639011913e+00,5.876992544015124942e-01,-1.157522794174446261e+02,-1.771137495157440753e+02,-3.802414175977786215e+01
2.598481539999920642e+01,-2.352584073996891956e+00,5.429799204854440786e-01,-2.061797170750896474e-04,-1.343594014776298712e-03,-3.825560839916695710e-01,-3.853284788999352117e-01,1.773054982904165966e+00,2.753310773545697643e+00,6.052126401645954168e-01,-1.147166573938995384e+02,-1.781392070484066323e+02,-3.915725781864932742e+01
2.608908019999944372e+01,-2.352584073996891956e+00,5.429799204854440786e-01,-1.103930979188386580e-04,-7.193894129864710505e-04,-3.825560839916695710e-01,-3.853284788999352117e-01,1.757040871690255246e+00,2.768718118956253527e+00,6.237024971567117770e-01,-1.136805443983595154e+02,-1.791360622964696176e+02,-4.035355156603925053e+01
2.619291369999882590e+01,-2.352584073996891956e+00,5.429799204854440786e-01,-5.909963671745382420e-05,-3.851296300891964811e-04,-3.825560839916695710e-01,-3.853284788999352117e-01,1.741021700851274279e+00,2.783676765182548252e+00,6.431527019476190876e-01,-1.126441040450774551e+02,-1.801038867073108918e+02,-4.161197981601095819e+01
2.629691439999987779e+01,-2.352584073996891956e+00,5.429799204854440786e-01,-3.169375566643512296e-05,-2.065360309117886750e-04,-3.825560839916695710e-01,-3.853284788999352117e-01,1.724999999999999645e+00,2.798180281434278882e+00,6.635462936695173397e-01,-1.116074999999999875e+02,-1.810422642087978602e+02,-4.293144520041777668e+01
2.640089230000012321e+01,-2.352584073996891956e+00,5.429799204854440786e-01,-1.695777458021088853e-05,-1.105073028187298533e-04,-3.825560839916695710e-01,-3.853284788999352117e-01,1.708978299148725011e+00,2.812222432583594056e+00,6.848654888071703528e-01,-1.105708959549225199e+02,-1.819507913881585353e+02,-4.431079712582392460e+01
2.650444830000014917e+01,-2.352584073996891956e+00,5.429799204854440786e-01,-9.104878002343099475e-06,-5.933299241438600807e-05,-3.825560839916695710e-01,-3.853284788999352117e-01,1.692959128309744044e+00,2.825797181845607575e+00,7.070916967054015068e-01,-1.095344556016404454e+02,-1.828290776654108072e+02,-4.574883277683947824e+01
2.661080349999974715e+01,-2.352584073996891956e+00,5.429799204854440786e-01,-4.880739939567073158e-06,-3.180590730994962897e-05,-3.825560839916695710e-01,-3.853284788999352117e-01,1.676945017095833323e+00,2.838898693373639759e+00,7.302055357804195790e-01,-1.084983426061004224e+02,-1.836767454612744928e+02,-4.724429816499314683e+01
2.671706819999963045e+01,-2.352584073996891956e+00,5.429799204854440786e-01,-2.584633439042527047e-06,-1.684306326709854507e-05,-3.825560839916695710e-01,-3.853284788999352117e-01,1.660938494320793435e+00,2.851521334768070126e+00,7.541868504208477653e-01,-1.074627205825553347e+02,-1.844934303594941412e+02,-4.879588922222885117e+01
2.682250340000064170e+01,-2.352584073996891956e+00,5.429799204854440786e-01,-1.373443752940338232e-06,-8.950205346389449653e-06,-3.825560839916695710e-01,-3.853284788999352117e-01,1.644942087600125502e+00,2.863659679497738253e+00,7.790147285637171182e-01,-1.064277530677281192e+02,-1.852787812635036744e+02,-5.040225293807250040e+01
2.692786969999906432e+01,-2.352584073996891956e+00,5.429799204854440786e-01,-7.311823321523083317e-07,-4.764834383938090255e-06,-3.825560839916695710e-01,-3.853284788999352117e-01,1.628958322951885140e+00,2.875308509232828769e+00,8.046675199300944437e-01,-1.053936034949869764e+02,-1.860324605473640247e+02,-5.206198853947711314e+01
2.703390330000001995e+01,-2.352584073996891956e+00,5.429799204854440786e-01,-3.886385666057214703e-07,-2.532608247844834962e-06,-3.825560839916695710e-01,-3.853284788999352117e-01,1.612989724397801750e+00,2.886462816088257277e+00,8.311228549044556990e-01,-1.043604351685377765e+02,-1.867541442009102468e+02,-5.377364871231828403e+01
2.714067760000034468e+01,-2.352584073996891956e+00,5.429799204854440786e-01,-2.063911900023398882e-07,-1.344972102608462578e-06,-3.825560839916695710e-01,-3.853284788999352117e-01,1.597038813564700677e+00,2.897117804776582428e+00,8.583576640413055348e-01,-1.033284112376361321e+02,-1.874435219690448946e+02,-5.553574086347246919e+01
2.724577460000000428e+01,-2.352584073996891956e+00,5.429799204854440786e-01,-1.094074297574769505e-07,-7.129661922111750164e-07,-3.825560839916695710e-01,-3.853284788999352117e-01,1.581108109286310404e+00,2.907268894669526205e+00,8.863481981820993116e-01,-1.022976946708242849e+02,-1.881002974851183467e+02,-5.734672842238182966e+01
2.735077499999897555e+01,-2.352584073996891956e+00,5.429799204854440786e-01,-5.820490997834638538e-08,-3.792990396287035576e-07,-3.825560839916695710e-01,-3.853284788999352117e-01,1.565200127205512048e+00,2.916911721767199595e+00,9.150700491648449120e-01,-1.012684482301966398e+02,-1.887241883983378159e+02,-5.920503218096546760e+01
2.745674340000005031e+01,-2.352584073996891956e+00,5.429799204854440786e-01,-3.098912453977897213e-08,-2.019442205347502454e-07,-3.825560839916695710e-01,-3.853284788999352117e-01,1.549317379377086468e+00,2.926042140574209860e+00,9.444981711083892950e-01,-1.002408344456975016e+02,-1.893149264951513828e+02,-6.110903167071278830e+01
2.756199259999993956e+01,-2.352584073996891956e+00,5.429799204854440786e-01,-1.651000313346770403e-08,-1.075893483061977020e-07,-3.825560839916695710e-01,-3.853284788999352117e-01,1.533462373871034012e+00,2.934656225881828728e+00,9.746069022528063286e-01,-9.921501558945590205e+01,-1.898722578145543309e+02,-6.305706657575657204e+01
2.766778429999976652e+01,-2.352584073996891956e+00,5.429799204854440786e-01,-8.788753556085976567e-09,-5.727293083344568207e-08,-3.825560839916695710e-01,-3.853284788999352117e-01,1.517637614376523114e+00,2.942750274455456339e+00,1.005369987336813153e+00,-9.819115365016105557e+01,-1.903959427572680454e+02,-6.504743818069181316e+01
2.777324399999997695e+01,-2.352584073996891956e+00,5.429799204854440786e-01,-4.666611327537286662e-09,-3.041051340022381576e-08,-3.825560839916695710e-01,-3.853284788999352117e-01,1.501845599806522547e+00,2.950320806626658854e+00,1.036760600492775186e+00,-9.716941030748201058e+01,-1.908857561887448355e+02,-6.707841085188255192e+01
2.787665149999884306e+01,-2.352584073996891956e+00,5.429799204854440786e-01,-2.489270934146925487e-09,-1.622162245502713147e-08,-3.825560839916695710e-01,-3.853284788999352117e-01,1.486088823903201073e+00,2.957364567789094068e+00,1.068751368639238919e+00,-9.614994690653711018e+01,-1.913414875359543998e+02,-6.914821355095875788e+01
2.798038350000024366e+01,-2.352584073996891956e+00,5.429799204854440786e-01,-1.336051447225064850e-09,-8.706534053837293519e-09,-3.825560839916695710e-01,-3.853284788999352117e-01,1.470369774844130895e+00,2.963878529797680628e+00,1.101314395350675657e+00,-9.513292443241527963e+01,-1.917629408779099549e+02,-7.125504137918872516e+01
2.808482270000058634e+01,-2.352584073996891956e+00,5.429799204854440786e-01,-7.170235262778553469e-10,-4.672566884985398820e-09,-3.825560839916695710e-01,-3.853284788999352117e-01,1.454690934849379946e+00,2.969859892270413582e+00,1.134421285183586203e+00,-9.411850348475488204e+01,-1.921499350298957722e+02,-7.339705715137803566e+01
2.818908449999980803e+01,-2.352584073996891956e+00,5.429799204854440786e-01,-3.831833419280518744e-10,-2.497058644177918667e-09,-3.825560839916695710e-01,-3.853284788999352117e-01,1.439054779789538552e+00,2.975306083792257361e+00,1.168043168437728374e+00,-9.310684425238315498e+01,-1.925023036213590615e+02,-7.557239299792102827e+01
2.829681709999931627e+01,-2.352584073996891956e+00,5.429799204854440786e-01,-2.051412505634416608e-10,-1.336826727434025496e-09,-3.825560839916695710e-01,-3.853284788999352117e-01,1.423463778794750390e+00,2.980214763020614832e+00,1.202150726330954322e+00,-9.209810648802034905e+01,-1.928198951674337991e+02,-7.777915199361274290e+01
2.840130669999962265e+01,-2.352584073996891956e+00,5.429799204854440786e-01,-1.079436556724778573e-10,-7.034273387900460668e-10,-3.825560839916695710e-01,-3.853284788999352117e-01,1.407920393864809938e+00,2.984583819691874584e+00,1.236714216565593327e+00,-9.109244948305320122e+01,-1.931025731340643006e+02,-8.001540981179388723e+01
2.850495980000050622e+01,-2.352584073996891956e+00,5.429799204854440786e-01,-5.776256860413070644e-11,-3.764164708129383931e-10,-3.825560839916695710e-01,-3.853284788999352117e-01,1.392427079480381025e+00,2.988411375528628788e+00,1.271703499264205117e+00,-9.009003204238065621e+01,-1.933502159967023033e+02,-8.227921640239406997e+01
2.861031039999943459e+01,-2.352584073996891956e+00,5.429799204854440786e-01,-3.097894619640495513e-11,-2.018778921808673608e-10,-3.825560839916695710e-01,-3.853284788999352117e-01,1.376986282215409974e+00,2.991695785047147282e+00,1.307088063251989229e+00,-8.909101245933702273e+01,-1.935627172925504453e+02,-8.456859769240371349e+01
2.871499749999929918e+01,-2.352584073996891956e+00,5.429799204854440786e-01,-1.650025097232088625e-11,-1.075257972181767314e-10,-3.825560839916695710e-01,-3.853284788999352117e-01,1.361600440350780428e+00,2.994435636264785483e+00,1.342837052662971153e+00,-8.809554849069549221e+01,-1.937399856663316200e+02,-8.688155730729424420e+01
2.881979779999892344e+01,-2.353062856613004961e+00,5.417795286463654714e-01,-2.137585187121711795e-03,-5.347175228635483828e-03,-3.818943858098383659e-01,-3.842938143493911385e-01,1.346271983489279789e+00,2.996629751306995715e+00,1.378919293846804894e+00,-8.710379733175641093e+01,-1.938819449095626339e+02,-8.921607831188828186e+01
2.892707709999922372e+01,-2.360661501991903943e+00,5.296416644618845426e-01,-3.574035650974413669e-02,-5.670444542475770039e-02,-3.761824253671819385e-01,-3.728365266156470348e-01,1.331003332171941889e+00,2.998277186913704373e+00,1.415303322552625920e+00,-8.611591559152464015e+01,-1.939885339933166790e+02,-9.157012496915490374e+01
2.903161170000021229e+01,-2.365736312375854578e+00,5.226135768595771003e-01,-4.206297375913403691e-02,-6.080910009359617729e-02,-3.730528473164864134e-01,-3.660007156099880365e-01,1.315796897495807638e+00,2.999377234844823548e+00,1.451957411366380235e+00,-8.513205926797876089e+01,-1.940597070944600944e+02,-9.394164451540480343e+01
2.913650589999997464e+01,-2.365782391760169467e+00,5.221391517118024739e-01,-2.271601036410153193e-02,-3.462213424131892897e-02,-3.727310417915061236e-01,-3.656512877528796390e-01,1.300655080733191582e+00,2.999929422184725247e+00,1.488849597377566614e+00,-8.415238372343749518e+01,-1.940954336153517374e+02,-9.632856895032855959e+01
2.924201349999930244e+01,-2.365813495634616626e+00,5.218608011858917317e-01,-1.226102132954859023e-02,-1.970195750070669397e-02,-3.725437071264878219e-01,-3.654447729751165719e-01,1.285580272952490777e+00,2.999933511545550768e+00,1.525947710051400286e+00,-8.317704366002615757e+01,-1.940956981969971480e+02,-9.872881684032560656e+01
2.934637089999887394e+01,-2.365757365155845449e+00,5.216812252186054932e-01,-6.270260786497134503e-03,-1.126914132503709261e-02,-3.723950061018780899e-01,-3.653399241473173076e-01,1.270574854640605267e+00,2.999389501169265948e+00,1.563219399281984723e+00,-8.220619309524715845e+01,-1.940605007256515080e+02,-1.011402951335444129e+02
2.945291499999984808e+01,-2.365898428229738837e+00,5.214865291557188032e-01,-3.992640415045504466e-03,-6.907166427264970106e-03,-3.723075380159397985e-01,-3.651510608328941143e-01,1.255641195327035220e+00,2.998297624928414784e+00,1.600632163602070834e+00,-8.123998533765917784e+01,-1.939898563328684418e+02,-1.035609009850539906e+02
2.955933340000046883e+01,-2.366513211595159483e+00,5.199396849967992118e-01,-4.837273200115095075e-03,-1.046384479083672936e-02,-3.714269444255792751e-01,-3.638396638483061274e-01,1.240781653209703128e+00,2.996658352225577637e+00,1.638153378524852544e+00,-8.027857296266779485e+01,-1.938837953889948835e+02,-1.059885235905579606e+02
2.966443110000000161e+01,-2.368946449133289001e+00,5.159879457312700479e-01,-1.345919560789161223e-02,-2.302447949836601906e-02,-3.694814460418787694e-01,-3.601763750869542147e-01,1.225998574782566353e+00,2.994472387791573986e+00,1.675750324992966611e+00,-7.932210778843204935e+01,-1.937423634901148546e+02,-1.084210460270449374e+02
2.976821129999916593e+01,-2.369175770565916217e+00,5.154163423492332807e-01,-8.197818045784616495e-03,-1.479368208956795792e-02,-3.691546352289157840e-01,-3.596927317164862470e-01,1.211294294465079968e+00,2.991740671382493222e+00,1.713390217910030433e+00,-7.837074085189067318e+01,-1.935656214384473230e+02,-1.108563470987789685e+02
2.987302599999929953e+01,-2.369145617182355057e+00,5.152763328194649439e-01,-4.266581022101386886e-03,-8.567994845652363023e-03,-3.690435135754164264e-01,-3.596061515766762473e-01,1.196671134233562306e+00,2.988464377375691150e+00,1.751040234729718925e+00,-7.742462238491148696e+01,-1.933536452162072123e+02,-1.132923031870128199e+02
2.997760310000012396e+01,-2.369171727156934804e+00,5.150401906239336913e-01,-2.392924916134032184e-03,-5.619186620140514433e-03,-3.688837722203865410e-01,-3.594317188985912681e-01,1.182131403254532476e+00,2.984644914264918292e+00,1.788667544077499727e+00,-7.648390179056825389e+01,-1.931065259529402169e+02,-1.157267901018142311e+02
3.008375089999935881e+01,-2.374507870928260100e+00,5.070057929923236228e-01,-2.546515024671465108e-02,-3.873806110292045413e-02,-3.650122304398282780e-01,-3.518820054465937042e-01,1.167677397520060500e+00,2.980283924054803357e+00,1.826239334380111989e+00,-7.554872761954791827e+01,-1.928243698863457780e+02,-1.181576849343932452e+02
3.018899380000038946e+01,-2.398249126864152814e+00,4.762880199102785816e-01,-1.273330676885963963e-01,-1.558149637395072895e-01,-3.506479724402228881e-01,-3.223294546479030798e-01,1.153311399485208222e+00,2.975383281554946358e+00,1.863722842477709696e+00,-7.461924754669297499e+01,-1.925072983166050449e+02,-1.205828679083078185e+02
3.029304599999886705e+01,-2.420629519961422282e+00,4.515093287520292042e-01,-1.801710886084611773e-01,-1.914375204319087309e-01,-3.391604001845296423e-01,-2.980451256047944031e-01,1.139035677707602723e+00,2.969945093573932215e+00,1.901085382193855811e+00,-7.369560834768189750e+01,-1.921554475542334330e+02,-1.230002242279424820e+02
3.039927820000048087e+01,-2.422508851593725421e+00,4.501448881798769119e-01,-1.056676875207915450e-01,-1.085733492759518304e-01,-3.386933084453764287e-01,-2.965084537897680339e-01,1.124852486489200665e+00,2.963971698013600609e+00,1.938294372838340829e+00,-7.277795587585129056e+01,-1.917689688614799763e+02,-1.254076459226406541e+02
3.050431559999924502e+01,-2.422268753769758032e+00,4.500125135243807084e-01,-5.497466836895762571e-02,-5.818296199827223403e-02,-3.385225286335944439e-01,-2.965025462555898605e-01,1.110764065520313038e+00,2.957465662863972611e+00,1.975317367618015130e+00,-7.186643503916425857e+01,-1.913480283872990242e+02,-1.278030336848855910e+02
3.061151299999983166e+01,-2.422374007989547717e+00,4.499610718599087456e-01,-2.976498656617096450e-02,-3.122321431138312328e-02,-3.385150342728774908e-01,-2.964330240721342880e-01,1.096772639525928073e+00,2.950429785099262681e+00,2.012122081930907580e+00,-7.096118977732754729e+01,-1.908928070959223078e+02,-1.301842987009297303e+02
3.071696259999953327e+01,-2.422452742481779886e+00,4.498226219882240362e-01,-1.609932538060214816e-02,-1.712548308404205494e-02,-3.384342068400175152e-01,-2.963151681789660263e-01,1.082880417914404703e+00,2.942867089475442288e+00,2.048676421518841551e+00,-7.006236303906199225e+01,-1.904035006890611328e+02,-1.325493644722690476e+02
3.082288919999882637e+01,-2.422452742481779886e+00,4.498226219882240362e-01,-8.566132675412696865e-03,-9.112130897434733701e-03,-3.384342068400175152e-01,-2.963151681789660263e-01,1.069089594428578760e+00,2.934780827229886313e+00,2.084948510454141424e+00,-6.917009675952904502e+01,-1.898803195217736572e+02,-1.348961686263829449e+02
3.092730069999925036e+01,-2.422209243551924907e+00,4.496911168432831118e-01,-3.467558511182230151e-03,-5.417812611341882648e-03,-3.382631246125807345e-01,-2.963109162604256608e-01,1.055402346799347413e+00,2.926174474683651106e+00,2.120906718935880786e+00,-6.828453183791778258e+01,-1.893234885120322417e+02,-1.372226647151514953e+02
3.103247720000035770e+01,-2.422312548846429880e+00,4.496388952646775961e-01,-2.314877800379646147e-03,-3.128861233955705212e-03,-3.382544480332700387e-01,-2.962415644715432617e-01,1.041820836401779360e+00,2.917051731746985954e+00,2.156519690871568251e+00,-6.740580811519512849e+01,-1.887332470440300085e+02,-1.395268239993904729e+02
3.113990109999940614e+01,-2.422393336517743911e+00,4.495012207864913512e-01,-1.596537650834874795e-03,-2.283553149146903827e-03,-3.381748024809301256e-01,-2.961235391783806348e-01,1.028347207913806738e+00,2.907416520328728993e+00,2.191756371220114463e+00,-6.653406435202329305e+01,-1.881098488652687877e+02,-1.418066372179414145e+02
3.124557330000061484e+01,-2.422371515250384189e+00,4.494018932441172232e-01,-7.457550376489206203e-04,-1.639884818363899956e-03,-3.380936146051430891e-01,-2.960654816330771100e-01,1.014983588977560025e+00,2.897272982650256345e+00,2.226586033072277537e+00,-6.566943820684814170e+01,-1.874535619774715940e+02,-1.440601163397763571e+02
3.135183209999922838e+01,-2.423156477081510385e+00,4.490012542050716982e-01,-3.876610263403859873e-03,-2.644343543229870329e-03,-3.380242950432896243e-01,-2.955362959743092488e-01,1.001732089863385688e+00,2.886625479464725696e+00,2.260978304445012910e+00,-6.481206621416106373e+01,-1.867646685213677529e+02,-1.462852962975923390e+02
3.145624529999986407e+01,-2.423038056232958315e+00,4.489168167381942243e-01,-1.532647107500867845e-03,-1.775862886739705332e-03,-3.379257340339170690e-01,-2.955207380675539119e-01,9.885948031366083022e-01,2.875478588182363016e+00,2.294903194766261478e+00,-6.396208376293856190e+01,-1.860434646553989069e+02,-1.484802367013771232e+02
3.156254619999890565e+01,-2.423038056232958315e+00,4.489168167381942243e-01,-8.198969895432165443e-04,-9.500064480293850602e-04,-3.379257340339170690e-01,-2.955207380675539119e-01,9.755738033270966447e-01,2.863837100902623334e+00,2.328331121027203743e+00,-6.311962507526315846e+01,-1.852902604283997334e+02,-1.506430235304600842e+02
3.168240309999964666e+01,-2.445508463713250258e+00,4.252771186161923844e-01,-9.996814693336955604e-02,-9.917951918302907177e-02,-3.263402036708538123e-01,-2.726952494755942591e-01,9.626711466016631968e-01,2.851706022354033365e+00,2.361232933579070270e+00,-6.228482318512761395e+01,-1.845053796463059541e+02,-1.527717708025658396e+02
3.179472249999889755e+01,-2.486989146803158857e+00,3.887266400733821459e-01,-2.586499823732542613e-01,-2.071972945131073385e-01,-3.083727204497088703e-01,-2.366741768448482330e-01,9.498888704393777527e-01,2.839090567742644122e+00,2.393579941552057111e+00,-6.145780991742774546e+01,-1.836891597329490935e+02,-1.548646222184181056e+02
3.190241710000009334e+01,-2.487318849851942737e+00,3.879856154828961179e-01,-1.373063301925013802e-01,-1.117735821076643876e-01,-3.078627402176782324e-01,-2.361215174593457033e-01,9.372289933098237880e-01,2.825996160509986588e+00,2.425343937874218980e+00,-6.063871586714559925e+01,-1.828419515849961385e+02,-1.569197527804619767e+02
3.201007769999887387e+01,-2.487546368190762802e+00,3.879365114281629889e-01,-7.316567002250821961e-02,-5.892240133990407636e-02,-3.078774838455876073e-01,-2.360215918935451296e-01,9.246935143543567603e-01,2.812428430001510993e+00,2.456497223868424840e+00,-5.982767037872688576e+01,-1.819641194210977631e+02,-1.589353703842870971e+02
3.212239559999943594e+01,-2.488168415669013811e+00,3.879793442066495346e-01,-4.128820607677628068e-02,-3.081916549787503887e-02,-3.080582504254443799e-01,-2.358560702543736065e-01,9.122844130704204080e-01,2.798393209046503571e+00,2.487012633406040951e+00,-5.902480152565620131e+01,-1.810560406253087820e+02,-1.609097173813708537e+02
3.223090649999903690e+01,-2.488653075169731554e+00,3.880687453635681128e-01,-2.352823169646043114e-02,-1.559693091578600969e-02,-3.082435355868778926e-01,-2.357610525446368621e-01,9.000036489989582389e-01,2.783896531450528400e+00,2.516863556596189877e+00,-5.823023609023260150e+01,-1.801181055848491894e+02,-1.628410721117734852e+02
3.235225200000058976e+01,-2.489277035505497615e+00,3.881110350629771721e-01,-1.426334544087191035e-02,-7.559955786446082883e-03,-3.084241879095261929e-01,-2.355943459635752024e-01,8.878531614149801632e-01,2.768944629401466795e+00,2.546023962989962364e+00,-5.744409954354922121e+01,-1.791507175222749026e+02,-1.647277504054505641e+02
3.247709450000002107e+01,-2.489902371958127247e+00,3.881534703431610001e-01,-9.660436999060582203e-03,-3.570869690193236717e-03,-3.086051919107680730e-01,-2.354271693436361945e-01,8.758348690213291210e-01,2.753543930790269378e+00,2.574468424279363177e+00,-5.666651602567999646e+01,-1.781542923221304306e+02,-1.665681070508748007e+02
3.259684410000045318e+01,-2.490127883490168337e+00,3.881053326816544802e-01,-5.701014776658308754e-03,-1.961260783691088846e-03,-3.086199967055636151e-01,-2.353283809687977401e-01,8.639506696456936696e-01,2.737701056447578551e+00,2.602172136471183173e+00,-5.589760832607638008e+01,-1.771292583521583310e+02,-1.683605372296855478e+02
3.271873369999957504e+01,-2.490755383376584753e+00,3.881471670048975975e-01,-5.504322525097359552e-03,-8.109412835342739946e-04,-3.088008868853432398e-01,-2.351600210766135179e-01,8.522024399409220408e-01,2.721422817297403984e+00,2.629110941516438427e+00,-5.513749786417766074e+01,-1.760760562791420512e+02,-1.701034779161135759e+02
3.283013530000062019e+01,-2.491235532774047634e+00,3.882377781918257553e-01,-4.892416687479910799e-03,-2.802806415493973942e-05,-3.089858777373919452e-01,-2.350665858308637057e-01,8.405920350886733061e-01,2.704716211429067485e+00,2.655261348376543040e+00,-5.438630467023716619e+01,-1.749951388794606828e+02,-1.717954092399623391e+02
3.293784659999982978e+01,-2.491600389933025017e+00,3.881412957032313593e-01,-4.139232204969470717e-03,-4.335640302592871529e-04,-3.089948142982150703e-01,-2.348954451814570243e-01,8.291212885064668248e-01,2.687588421088707324e+00,2.680600553507864525e+00,-5.364414736636840786e+01,-1.738869708444393609e+02,-1.734348558119588404e+02
3.304461529999935010e+01,-2.491732341620277680e+00,3.881950212139905210e-01,-2.768279700732039893e-03,7.604061731058456236e-06,-3.090685810085284646e-01,-2.348871787235421726e-01,8.177920115581610583e-01,2.670046809591585024e+00,2.705106460746727226e+00,-5.291114314781302141e+01,-1.727520285805755691e+02,-1.750203880103132690e+02
3.315495360000022629e+01,-2.491732341620277680e+00,3.881950212139905210e-01,-1.464547150276098927e-03,4.022898024285715737e-06,-3.090685810085284646e-01,-2.348871787235421726e-01,8.066059932679184863e-01,2.652098918156563734e+00,2.728757700577618905e+00,-5.218740776443432594e+01,-1.715908000047296866e+02,-1.765506232273719434e+02
3.326243520000025455e+01,-2.491732341620277680e+00,3.881950212139905210e-01,-7.626969196827613606e-04,2.095017514965051805e-06,-3.090685810085284646e-01,-2.348871787235421726e-01,7.955650000377004760e-01,2.633752462664110450e+00,2.751533648767715778e+00,-5.147305550243922312e+01,-1.704037843343679413e+02,-1.780242270752712272e+02
3.336867999999958556e+01,-2.491732341620277680e+00,3.881950212139905210e-01,-4.027924590410292163e-04,1.106412304559712449e-06,-3.090685810085284646e-01,-2.348871787235421726e-01,7.846707753683282993e-01,2.615015330339199195e+00,2.773414444351511410e+00,-5.076819916633084517e+01,-1.691914918729461874e+02,-1.794399145495428058e+02
3.347666679999929329e+01,-2.491732341620277680e+00,3.881950212139905210e-01,-2.133869772395384295e-04,5.861429923805436141e-07,-3.090685810085284646e-01,-2.348871787235421726e-01,7.739250395841672514e-01,2.595895576360558454e+00,2.794381006949894442e+00,-5.007295006109562507e+01,-1.679544437905281313e+02,-1.807964511496581679e+02
3.358731579999948735e+01,-2.491732341620277680e+00,3.881950212139905210e-01,-1.119106708345853546e-04,3.074023369695310274e-07,-3.090685810085284646e-01,-2.348871787235421726e-01,7.633294895614674003e-01,2.576401420397710584e+00,2.814415053408501066e+00,-4.938741797462694194e+01,-1.666931718997318796e+02,-1.820926539555300394e+02
3.369307399999888730e+01,-2.491732341620277680e+00,3.881950212139905210e-01,-5.851938673015534575e-05,1.607442445364546174e-07,-3.090685810085284646e-01,-2.348871787235421726e-01,7.528857984604041542e-01,2.556541243077302461e+00,2.833499113740916897e+00,-4.871171116038814830e+01,-1.654082184271014739e+02,-1.833273926590373435e+02
3.379961729999922682e+01,-2.491732341620277680e+00,3.881950212139905210e-01,-3.109057868037375653e-05,8.540129795315533973e-08,-3.090685810085284646e-01,-2.348871787235421726e-01,7.425956154608687187e-01,2.536323582380231478e+00,2.851616546362747862e+00,-4.804593632031820505e+01,-1.641001357800009828e+02,-1.844995905496697901e+02
3.390824959999918065e+01,-2.491732341620277680e+00,3.881950212139905210e-01,-1.642123929740931188e-05,4.510675611462347279e-08,-3.090685810085284646e-01,-2.348871787235421726e-01,7.324605655020450801e-01,2.515757129971132322e+00,2.868751552603343136e+00,-4.739019858798231866e+01,-1.627694863091322759e+02,-1.856082254534363187e+02
3.401907769999888842e+01,-2.491732341620277680e+00,3.881950212139905210e-01,-8.459127671896126275e-06,2.323599345506635467e-08,-3.090685810085284646e-01,-2.348871787235421726e-01,7.224822490258107077e-01,2.494850727461788154e+00,2.884889190482465615e+00,-4.674460151196995383e+01,-1.614168420667776900e+02,-1.866523306242155229e+02
3.412349979999999050e+01,-2.491732341620277680e+00,3.881950212139905210e-01,-4.491659663390938338e-06,1.233793584741384920e-08,-3.090685810085284646e-01,-2.348871787235421726e-01,7.126622417240098262e-01,2.473613362610082689e+00,2.900015387739912853e+00,-4.610924703954344039e+01,-1.600427845608723487e+02,-1.876309955867723716e+02
3.422947360000034678e+01,-2.489843045376687769e+00,3.873227345896447238e-01,8.429981936475533857e-03,-3.881390899052145418e-03,-3.079307696315710663e-01,-2.349415711280331831e-01,7.030020942896326730e-01,2.452054165456122536e+00,2.914116954106751756e+00,-4.548423550053923492e+01,-1.586479045050111267e+02,-1.885433669307068385e+02
3.433663379999961762e+01,-2.487740244033193271e+00,3.862257988253032237e-01,1.385482146348219513e-02,-6.919135904057084271e-03,-3.065653648525066832e-01,-2.349213586524074582e-01,6.935033321719423771e-01,2.430182404397186247e+00,2.927181592807422295e+00,-4.486966559152467227e+01,-1.572328015644979473e+02,-1.893886490546402399e+02
3.444251179999992019e+01,-2.488371033310796676e+00,3.862670328021475252e-01,4.537316578997403413e-03,-3.476302272613754612e-03,-3.067462348639849457e-01,-2.347529936476727974e-01,6.841674553355905353e-01,2.408007482203206262e+00,2.939197911282702247e+00,-4.426563436021270803e+01,-1.557980840985474629e+02,-1.901661048599908383e+02
3.454803419999916514e+01,-2.488597202275719678e+00,3.862187743380149363e-01,1.405814002619912772e-03,-2.056995487011733289e-03,-3.067609907337547348e-01,-2.346542908518907400e-01,6.749959380237544604e-01,2.385538931974468202e+00,2.950155431124201755e+00,-4.367223719013691863e+01,-1.543443688987480868e+02,-1.908750563937358606e+02
3.465242439999929047e+01,-2.488993496796680471e+00,3.863091263923705831e-01,-1.011271221803421117e-03,-6.946831931566134011e-04,-3.069257442951742187e-01,-2.345875713308143151e-01,6.659902285253382903e-01,2.362786413043295397e+00,2.960044597211676454e+00,-4.308956778558938794e+01,-1.528722809239012292e+02,-1.915148854395954743e+02
3.475733079999918118e+01,-2.489221901022204531e+00,3.862617935107371392e-01,-1.560487975020436076e-03,-5.828668219996508814e-04,-3.069417041576715244e-01,-2.344887276073538140e-01,6.571517489462692652e-01,2.339759706821448848e+00,2.968856786045249052e+00,-4.251771815682362643e+01,-1.513824530313477510e+02,-1.920850340571276149e+02
3.486430379999910656e+01,-2.489850304473750331e+00,3.863024871976588059e-01,-3.623616242955894629e-03,-1.294007446334136330e-04,-3.071213496959249167e-01,-2.343204817681347196e-01,6.484818949849306957e-01,2.316468712595054491e+00,2.976584313265219439e+00,-4.195677860552501670e+01,-1.498755257049000420e+02,-1.925850050682597043e+02
3.496820519999891985e+01,-2.489850304473750331e+00,3.863024871976588059e-01,-1.915660043383004022e-03,-6.840896481798205834e-05,-3.071213496959249167e-01,-2.343204817681347196e-01,6.399820357117678160e-01,2.292923443268863437e+00,2.983220440352941871e+00,-4.140683771055137896e+01,-1.483521467794954845e+02,-1.930143624908353388e+02
3.507344580000062706e+01,-2.490078809568287532e+00,3.862552103171614792e-01,-2.047444089421875547e-03,-2.476679521487013262e-04,-3.071372920987751054e-01,-2.342216285900735606e-01,6.316535133530931656e-01,2.269134021061651296e+00,2.988759380506917029e+00,-4.086798231394512726e+01,-1.468129711626888536e+02,-1.933727319187975411e+02
3.517705120000027819e+01,-2.490349402339410823e+00,3.862594452575509041e-01,-2.294127568662890620e-03,-1.130637997566204104e-04,-3.072040277116371287e-01,-2.341410780030249994e-01,6.234976430791345781e-01,2.245110673154631087e+00,2.993196303688966609e+00,-4.034029750722000784e+01,-1.452586605531046473e+02,-1.936598008486761557e+02
3.528145419999964361e+01,-2.490699072047100948e+00,3.862962859270030469e-01,-2.795381827731901678e-03,1.043768042305685253e-04,-3.073151892970720778e-01,-2.340559654191741723e-01,6.155157127963550856e-01,2.220863727294742240e+00,2.996527340836098396e+00,-3.982386661792417470e+01,-1.436898831559698237e+02,-1.938753189520955686e+02
3.539182110000001558e+01,-2.490699072047100948e+00,3.862962859270030469e-01,-1.492014849301725576e-03,5.571036496328084936e-05,-3.073151892970720778e-01,-2.340559654191741723e-01,6.077089829440740498e-01,2.196403607354706189e+00,2.998749587234387892e+00,-3.931877119648159180e+01,-1.421073133958495021e+02,-1.940190982940649178e+02
3.549752819999957865e+01,-2.486140231632440578e+00,3.838307111051559861e-01,1.915763020793453258e-02,-1.067090552391666142e-02,-3.042903364354884177e-01,-2.339517171116018146e-01,6.000786862954345935e-01,2.171740828851753680e+00,2.999861105051930821e+00,-3.882509100331461838e+01,-1.405116316267084642e+02,-1.940910134968599436e+02
3.560281240000040270e+01,-2.489776329913547581e+00,3.496821794181491083e-01,-6.560105316976505042e-03,-1.569267739786916749e-01,-2.779914830153467631e-01,-2.121281734554719411e-01,5.926260277627308781e-01,2.146885994426956490e+00,2.999860925028662084e+00,-3.834290399624868684e+01,-1.389035238394240821e+02,-1.940910018493544555e+02
3.570650290000048699e+01,-2.546419185116850503e+00,2.367149071863348109e-01,-3.961985323986199070e-01,-5.820971327406632145e-01,-1.960120761580414483e-01,-1.327147817104381844e-01,5.853521842071387482e-01,2.121849789287104660e+00,2.998749047321564554e+00,-3.787228631820187985e+01,-1.372836813668756690e+02,-1.940190633617052356e+02
3.581178080000063346e+01,-2.546419185116850503e+00,0.000000000000000000e+00,0.000000000000000000e+00,0.000000000000000000e+00,-0.000000000000000000e+00,-0.000000000000000000e+00,5.782583042528768313e-01,2.096642976611089004e+00,2.996526441504532734e+00,-3.741331228516113327e+01,-1.356528005867374702e+02,-1.938752607653432847e+02
3.592003079999994952e+01,-2.546419185116850503e+00,0.000000000000000000e+00,0.000000000000000000e+00,0.000000000000000000e+00,-0.000000000000000000e+00,-0.000000000000000000e+00,5.713455081058249618e-01,2.071276392922751342e+00,2.993195045722888636e+00,-3.696605437444687681e+01,-1.340115826221020257e+02,-1.936597194582708994e+02
3.602583140000024287e+01,3.287246464092721254e-01,2.161398157294654732e-01,5.297396661773143833e-01,1.312420804930080065e+00,2.045665754648749723e-01,6.977776254754020080e-02,5.646148873766303478e-01,2.045760943432228807e+00,2.988757765003292377e+00,-3.653058321326798819e+01,-1.323607330400652131e+02,-1.933726273957130388e+02
3.613130369999998948e+01,3.921648599552142733e-01,3.290246879686206105e-01,2.350489377156105009e-01,1.204020992532687018e+00,3.040463966119704153e-01,1.257498866803646032e-01,5.580675049083299033e-01,2.020107597347744477e+00,2.983218468720513883e+00,-3.610696756756894388e+01,-1.307009615483990785e+02,-1.930142349262172559e+02
3.623660999999992782e+01,4.296106071044172303e-01,4.145887655804015859e-01,1.732167702626632444e-01,1.022994829651308724e+00,3.769142582960315346e-01,1.726831967466250783e-01,5.517043946085149475e-01,1.994327383159892886e+00,2.976581987223279935e+00,-3.569527433117092130e+01,-1.290329816904450695e+02,-1.925848545733462061e+02
3.634146499999951629e+01,4.281300654042605736e-01,4.467987617782849807e-01,8.127907426510896927e-02,6.874683036466945341e-01,4.064723502897395480e-01,1.854976063903358008e-01,5.455265612860662472e-01,1.968431383900455911e+00,2.968854107622143079e+00,-3.529556851520848682e+01,-1.273575105383595059e+02,-1.920848607631526761e+02
3.644869739999921876e+01,4.260024022300017421e-01,4.480141996238156121e-01,3.555582215364321702e-02,3.721612088058155465e-01,4.079729144225960891e-01,1.851346109243250104e-01,5.395349804924796100e-01,1.942430732377732339e+00,2.960041568743027707e+00,-3.490791323786343270e+01,-1.256752683848392849e+02,-1.915146894976739134e+02
3.655470959999911429e+01,4.265474539459765402e-01,4.467492901539900085e-01,2.095408732296554985e-02,1.905963837888483281e-01,4.067203728206115754e-01,1.848336186567711426e-01,5.337305983678197752e-01,1.916336606390515840e+00,2.950152055250877758e+00,-3.453236971439794445e+01,-1.239869784334663763e+02,-1.908748379747318040e+02
3.666112380000049598e+01,4.270817012190595285e-01,4.457153276498163064e-01,1.341473521594918096e-02,9.673589703996410272e-02,4.056804775557987797e-01,1.846225972953531580e-01,5.281143314913105957e-01,1.890160223922696447e+00,2.939194190948518859e+00,-3.416899724748779477e+01,-1.222933664877984654e+02,-1.901658641543691886e+02
3.676703489999999874e+01,4.273939278853409185e-01,4.448931538382897011e-01,8.469294397248815914e-03,4.764421637346279853e-02,4.048745951826889233e-01,1.844084610527236545e-01,5.226870667365977052e-01,1.863912838320601173e+00,2.927177531256562659e+00,-3.381785321785787346e+01,-1.205951606393429074e+02,-1.893883862722996128e+02
3.687289609999970708e+01,4.281533474132564465e-01,4.438910781611246081e-01,7.832916628795281999e-03,2.086919942676996459e-02,4.038228127314210103e-01,1.842998241690134986e-01,5.174496611317012107e-01,1.837605733455130563e+00,2.914112554880951667e+00,-3.347899307522106938e+01,-1.188930909545469490e+02,-1.885430823007975789e+02
3.698002180000003136e+01,4.286342586967677448e-01,4.427250230417560384e-01,6.302673439527692843e-03,5.933069619059006330e-03,4.026735671165036501e-01,1.840093594711802449e-01,5.124029417236795059e-01,1.811250218870760209e+00,2.900010654675360566e+00,-3.315247032952206752e+01,-1.171878891609381839e+02,-1.876306893574958394e+02
3.708569390000047861e+01,4.288764913682987512e-01,4.420007818485778839e-01,4.403933397891041795e-03,-5.364521164345687528e-05,4.019703329967719840e-01,1.838057195661179088e-01,5.075477054480301842e-01,1.784857624923538610e+00,2.884884127706462742e+00,-3.283833654248755352e+01,-1.154802883325529592e+02,-1.866520030626081450e+02
3.719028219999927387e+01,4.292664399076633330e-01,4.414060503297920213e-01,4.066938090856757858e-03,-2.657938945582769084e-03,4.013578553608065924e-01,1.837149237485097286e-01,5.028847190028455927e-01,1.758439297910092236e+00,2.868746164530709297e+00,-3.253664131948411153e+01,-1.137710225747829753e+02,-1.856078768451369001e+02
3.729399469999952998e+01,4.294312464714340472e-01,4.407382280251460061e-01,2.915584823950583687e-03,-4.399290022744006476e-03,4.007203866428720174e-01,1.835030173363172146e-01,4.984147187277403468e-01,1.732006595189812925e+00,2.851610837691958444e+00,-3.224743230168480324e+01,-1.120608267087809082e+02,-1.844992211986697157e+02
3.739846199999919918e+01,4.298244446213619341e-01,4.398596068907827950e-01,3.334494708173750890e-03,-6.294787369438984218e-03,3.998495018144633262e-01,1.832944343749680072e-01,4.941384104875758965e-01,1.705570880302276215e+00,2.833493089450019653e+00,-3.197075515854616157e+01,-1.103504359555572734e+02,-1.833270028874162847e+02
3.750197959999968589e+01,4.302341895799357552e-01,4.387910268761480159e-01,3.613679914525988641e-03,-8.111127391607322185e-03,3.988031659951827290e-01,1.830125680363050844e-01,4.900564695609954668e-01,1.679143518081995801e+00,2.814408718750769367e+00,-3.170665358059640937e+01,-1.086405856199051385e+02,-1.820922441031747780e+02
3.760714229999939562e+01,4.310143344980050806e-01,4.377491763368269728e-01,5.452049204673091454e-03,-9.016140137027228718e-03,3.977137028971331478e-01,1.828883591468339342e-01,4.861695405337906895e-01,1.652735869772641975e+00,2.794374367449239394e+00,-3.145516927253625994e+01,-1.069320107742899353e+02,-1.807960215739657883e+02
3.771048130000053789e+01,4.314167904449641711e-01,4.368704220820682771e-01,4.712727253974218281e-03,-8.717948781369730740e-03,3.968418284724727907e-01,1.826809482808456619e-01,4.824782371971141348e-01,1.626359288142782855e+00,2.773407505797681694e+00,-3.121634194665328721e+01,-1.052254459428380500e+02,-1.794394656251100173e+02
3.781504349999886472e+01,4.316666648394979489e-01,4.361471157251354813e-01,3.659658540896155218e-03,-7.922332380182710646e-03,3.961392115423034710e-01,1.824774825396187627e-01,4.789831424505532897e-01,1.600025112605278910e+00,2.751526417211227482e+00,-3.099020931655079991e+01,-1.035216247855615563e+02,-1.780237591935664341e+02
3.792005179999978282e+01,4.318383491770969584e-01,4.355193576135341083e-01,2.724806341624284173e-03,-7.026369256494278265e-03,3.955377486049380109e-01,1.822827481816154394e-01,4.756848082100855191e-01,1.573744664342418220e+00,2.728750182324502838e+00,-3.077680709119253422e+01,-1.018212797829544627e+02,-1.765501367963953498e+02
3.802578209999956016e+01,4.319312733262901105e-01,4.349509412121859708e-01,1.869235622508312817e-03,-6.272852610240489853e-03,3.950045959780327243e-01,1.820815488115080927e-01,4.725837553209220054e-01,1.547529241438887704e+00,2.705098662353009331e+00,-3.057616896926365513e+01,-1.001251419210960449e+02,-1.750198834542397037e+02
3.813542699999925389e+01,4.324208236671451822e-01,4.340690766045803839e-01,3.166201858016662058e-03,-7.226310770795827017e-03,3.941147181396924548e-01,1.819053385968203151e-01,4.696804734752633159e-01,1.521390114024675944e+00,2.680592481773856672e+00,-3.038832663384953747e+01,-9.843394037739653868e+01,-1.734343335707685299e+02
3.823922660000062024e+01,4.325824409808998183e-01,4.336319391524285916e-01,2.367080353583578354e-03,-5.691591798106863768e-03,3.936884428907882483e-01,1.817857766364632532e-01,4.669754211349683715e-01,1.495338519429991964e+00,2.655253010340920650e+00,-3.021330974743245434e+01,-9.674840220712047767e+01,-1.717948697690575841e+02
3.834589919999962149e+01,4.326044507470276357e-01,4.331591738157559157e-01,1.356623543604970443e-03,-5.116770187828993330e-03,3.932552289817402014e-01,1.815962409833070668e-01,4.644690254591596901e-01,1.469385657354286501e+00,2.629102344450092055e+00,-3.005114594720763321e+01,-9.506925203082234077e+01,-1.701029216859209612e+02
3.845068820000051346e+01,4.327707899741084496e-01,4.327755905918517221e-01,1.466324099318849338e-03,-4.437191910017229159e-03,3.928767973504149746e-01,1.815007821355241746e-01,4.621616822367697885e-01,1.443542685051451446e+00,2.602163287870886244e+00,-2.990186084071900652e+01,-9.339721172282891359e+01,-1.683599647252463569e+02
3.855614599999898928e+01,4.331598837645902478e-01,4.323689421971464442e-01,2.521131121812571554e-03,-4.182333985927030873e-03,3.924370548298184991e-01,1.814829473343911037e-01,4.600537558240409552e-01,1.417820712533257144e+00,2.574459331861220335e+00,-2.976547800181545256e+01,-9.173300010090174794e+01,-1.665675187714209642e+02
3.866417340000043623e+01,4.333338333434455514e-01,4.317428775965088117e-01,2.114406610409444876e-03,-4.995767346838690497e-03,3.918372819828987441e-01,1.812883250614011899e-01,4.581455790869892741e-01,1.392230797793118757e+00,2.546014634682699729e+00,-2.964201896692820881e+01,-9.007733261721479323e+01,-1.647271468639706882e+02
3.876927009999963047e+01,4.334164261817691766e-01,4.316448701580607450e-01,1.478234548663554405e-03,-3.063932868098094824e-03,3.917333622269958959e-01,1.812795268421184824e-01,4.564374533488422259e-01,1.366783942052213874e+00,2.516854000534230806e+00,-2.953150323167009361e+01,-8.843092105077823817e+01,-1.628404538345647268e+02
3.887255240000013146e+01,4.334164261817691766e-01,4.316448701580607450e-01,7.875240827502245911e-04,-1.632299098772042661e-03,3.917333622269958959e-01,1.812795268421184824e-01,4.549296483424551951e-01,1.341491085029996588e+00,2.487002857922417043e+00,-2.943394824775685237e+01,-8.679447320144078049e+01,-1.609090849075803931e+02
3.897606330000053276e+01,4.334164261817691766e-01,4.316448701580607450e-01,4.233492122364716174e-04,-8.774748007530055105e-04,3.917333622269958959e-01,1.812795268421184824e-01,4.536224021677173202e-01,1.316363100241173312e+00,2.456487237487499975e+00,-2.934936942025131046e+01,-8.516869258560392097e+01,-1.589347242654412469e+02
3.908011780000015278e+01,4.334164261817691766e-01,4.316448701580607450e-01,2.271715893606225580e-04,-4.708579568576386231e-04,3.917333622269958959e-01,1.812795268421184824e-01,4.525159212539540121e-01,1.291410790321118052e+00,2.425333749304261488e+00,-2.927778010513082663e+01,-8.355427813377633584e+01,-1.569190935799857129e+02
3.918472019999899203e+01,4.334164261817691766e-01,4.316448701580607450e-01,1.217715306624638649e-04,-2.523955319084179578e-04,3.917333622269958959e-01,1.812795268421184824e-01,4.516103803273279205e-01,1.266644882381783521e+00,2.393569559677659164e+00,-2.921919160717811792e+01,-8.195192389010139777e+01,-1.548639505111445658e+02
3.928823109999939334e+01,4.334164261817691766e-01,4.316448701580607450e-01,6.499452994693558604e-05,-1.347139915861388375e-04,3.917333622269958959e-01,1.812795268421184824e-01,4.509059223832487806e-01,1.242076023400056961e+00,2.361222367453373217e+00,-2.917361317819619870e+01,-8.036231871398368298e+01,-1.527710871742332586e+02
3.939305000000058499e+01,4.334164261817691766e-01,4.316448701580607450e-01,3.488507572991698209e-05,-7.230620487906813307e-05,3.917333622269958959e-01,1.812795268421184824e-01,4.504026586637925877e-01,1.217714775640580172e+00,2.328320379864034173e+00,-2.914105201554738045e+01,-7.878614598394554491e+01,-1.506423285772030169e+02
3.949796930000047723e+01,4.334164261817691766e-01,4.316448701580607450e-01,1.861075843535962718e-05,-3.857447014878993558e-05,3.917333622269958959e-01,1.812795268421184824e-01,4.501006686401345380e-01,1.193571612114981750e+00,2.294892287932069674e+00,-2.912151326101670534e+01,-7.722408330383932196e+01,-1.484795310292049066e+02
3.960238539999954810e+01,4.334164261817691766e-01,4.316448701580607450e-01,9.935713288404258688e-06,-2.059372684792356868e-05,3.917333622269958959e-01,1.812795268421184824e-01,4.500000000000001776e-01,1.169656912079483302e+00,2.260967241450716259e+00,-2.911500000000001265e+01,-7.567680221154257936e+01,-1.462845805218613577e+02
3.970624469999893336e+01,4.334164261817691766e-01,4.316448701580607450e-01,5.313935553659851972e-06,-1.101418027100863428e-05,3.917333622269958959e-01,1.812795268421184824e-01,4.501006686401345380e-01,1.145980956572808740e+00,2.226574823564979599e+00,-2.912151326101670534e+01,-7.414496789026073031e+01,-1.440593910846541803e+02
3.981092580000040471e+01,4.334164261817691766e-01,4.316448701580607450e-01,2.850037639127714868e-06,-5.907265532208565850e-06,3.917333622269958959e-01,1.812795268421184824e-01,4.504026586637928098e-01,1.122553923996318481e+00,2.191745024974664169e+00,-2.914105201554739466e+01,-7.262923888256180760e+01,-1.418059031158607866e+02
3.991652690000046277e+01,4.334164261817691766e-01,4.316448701580607450e-01,1.521615403414587095e-06,-3.153848251849642652e-06,3.917333622269958959e-01,1.812795268421184824e-01,4.509059223832490026e-01,1.099385885738270119e+00,2.156508217782068026e+00,-2.917361317819621291e+01,-7.113026680726608220e+01,-1.395260816904998080e+02
4.002344699999957811e+01,4.334164261817691766e-01,4.316448701580607450e-01,8.085398518624161257e-07,-1.675858428236651994e-06,3.917333622269958959e-01,1.812795268421184824e-01,4.516103803273279205e-01,1.076486801844081853e+00,2.120895129007031699e+00,-2.921919160717811792e+01,-6.964869607931210282e+01,-1.372219148467549701e+02
4.012712959999953455e+01,4.334164261817691766e-01,4.316448701580607450e-01,4.275036823042441222e-07,-8.860857599554444661e-07,3.917333622269958959e-01,1.812795268421184824e-01,4.525159212539540121e-01,1.053866516734458303e+00,2.084936813792529708e+00,-2.927778010513082663e+01,-6.818516363271945124e+01,-1.348954118523766681e+02
4.023249129999931029e+01,4.334164261817691766e-01,4.316448701580607450e-01,2.291173069463459964e-07,-4.748908405893334590e-07,3.917333622269958959e-01,1.812795268421184824e-01,4.536224021677173202e-01,1.031534754973239210e+00,2.048664628324138537e+00,-2.934936942025131046e+01,-6.674029864676857926e+01,-1.325486014525717735e+02
4.033710160000009637e+01,4.334164261817691766e-01,4.316448701580607450e-01,1.221980151365513146e-07,-2.532795051581782743e-07,3.917333622269958959e-01,1.812795268421184824e-01,4.549296483424554172e-01,1.009501117086755384e+00,2.012110202486945276e+00,-2.943394824775686658e+01,-6.531472227551307697e+01,-1.301835301009053580e+02
4.044043169999895326e+01,4.334164261817691766e-01,4.316448701580607450e-01,6.534522175978843602e-08,-1.354408695859421910e-07,3.917333622269958959e-01,1.812795268421184824e-01,4.564374533488426700e-01,9.877750754365295371e-01,1.975305412283854478e+00,-2.953150323167012203e+01,-6.390904738074346625e+01,-1.278022601747653937e+02
4.054469020000033197e+01,4.334164261817691766e-01,4.316448701580607450e-01,3.507382327807732341e-08,-7.269742142660737388e-08,3.917333622269958959e-01,1.812795268421184824e-01,4.581455790869897182e-01,9.663659701470513896e-01,1.938282352039201850e+00,-2.964201896692823723e+01,-6.252387826851423114e+01,-1.254068681769363707e+02
4.065090260000033595e+01,4.334164261817691766e-01,4.316448701580607450e-01,1.877059323732292773e-08,-3.890575932319330609e-08,3.917333622269958959e-01,1.812795268421184824e-01,4.600537558240409552e-01,9.452830050904263981e-01,1.901073306412063291e+00,-2.976547800181545256e+01,-6.115981042935059264e+01,-1.229994429248605030e+02
4.075560899999982212e+01,4.334164261817691766e-01,4.316448701580607450e-01,9.949605051845683559e-09,-2.062252026953754835e-08,3.917333622269958959e-01,1.812795268421184824e-01,4.621616822367700106e-01,9.245352439295797531e-01,1.863710722243520523e+00,-2.990186084071902073e+01,-5.981743028224381220e+01,-1.205820837291557837e+02
4.086608680000063032e+01,4.334164261817691766e-01,4.316448701580607450e-01,5.317035747240114744e-09,-1.102060603410327694e-08,3.917333622269958959e-01,1.812795268421184824e-01,4.644690254591599121e-01,9.041316062217568117e-01,1.826227180262545824e+00,-3.005114594720764742e+01,-5.849731492254766607e+01,-1.181568985629867257e+02
4.096980830000029528e+01,4.334164261817691766e-01,4.316448701580607450e-01,2.770501546118258081e-09,-5.742411281039764520e-09,3.917333622269958959e-01,1.812795268421184824e-01,4.669754211349685935e-01,8.840808635839574325e-01,1.788655366675137026e+00,-3.021330974743246855e+01,-5.720003187388204680e+01,-1.157260022238813661e+02
4.107399540000005800e+01,4.334164261817691766e-01,4.316448701580607450e-01,1.487062507645989401e-09,-3.082230555504305246e-09,3.917333622269958959e-01,1.812795268421184824e-01,4.696804734752637600e-01,8.643916359219800949e-01,1.751028044661426364e+00,-3.038832663384956589e+01,-5.592613884415211345e+01,-1.132915144895942916e+02
4.117754740000054881e+01,4.334164261817691766e-01,4.316448701580607450e-01,7.944353616465167697e-10,-1.646624088395703538e-09,3.917333622269958959e-01,1.812795268421184824e-01,4.725837553209222275e-01,8.450723877246859583e-01,1.713378025805738281e+00,-3.057616896926366934e+01,-5.467618348578718468e+01,-1.108555582696312740e+02
4.128596499999912339e+01,4.334164261817691766e-01,4.316448701580607450e-01,4.271435348512137982e-10,-8.853392832750700165e-10,3.917333622269958959e-01,1.812795268421184824e-01,4.756848082100855191e-01,8.261314244250709260e-01,1.675738141484366395e+00,-3.077680709119253422e+01,-5.345070316030209057e+01,-1.084202577540385164e+02
4.139119670000036422e+01,4.334164261817691766e-01,4.316448701580607450e-01,2.240128182052215151e-10,-4.643107801767910715e-10,3.917333622269958959e-01,1.812795268421184824e-01,4.789831424505537338e-01,8.075768888297291115e-01,1.638141214236140231e+00,-3.099020931655082833e+01,-5.225022470728347912e+01,-1.059877365610782789e+02
4.149473229999966861e+01,4.334164261817691766e-01,4.316448701580607450e-01,1.194946403167910806e-10,-2.476762272666281167e-10,3.917333622269958959e-01,1.812795268421184824e-01,4.824782371971145789e-01,7.894167576182237189e-01,1.600620029140691791e+00,-3.121634194665331563e+01,-5.107526421789907545e+01,-1.035601158854027659e+02
4.159830789999978151e+01,4.334164261817691766e-01,4.316448701580607450e-01,6.408951856062787834e-11,-1.328381768617312075e-10,3.917333622269958959e-01,1.812795268421184824e-01,4.861695405337911335e-01,7.716588379138685783e-01,1.563207305229369570e+00,-3.145516927253628836e+01,-4.992632681302730191e+01,-1.011395126483402152e+02
4.171072060000005877e+01,4.334164261817691766e-01,4.316448701580607450e-01,3.443829234471429409e-11,-7.138015812953147309e-11,3.917333622269958959e-01,1.812795268421184824e-01,4.900564695609954668e-01,7.543107639274162501e-01,1.525935666953747383e+00,-3.170665358059640937e+01,-4.880390642610383622e+01,-9.872803765190745651e+01
4.181538340000042808e+01,4.334164261817691766e-01,4.316448701580607450e-01,1.777855583955639943e-11,-3.684956601331067596e-11,3.917333622269958959e-01,1.812795268421184824e-01,4.941384104875761185e-01,7.373799936750705664e-01,1.488837615736627207e+00,-3.197075515854617578e+01,-4.770848559077706597e+01,-9.632779373815978374e+01
4.191907510000055481e+01,4.334164261817691766e-01,4.316448701580607450e-01,9.481281217969344119e-12,-1.965182668858673881e-11,3.917333622269958959e-01,1.812795268421184824e-01,4.984147187277407909e-01,7.208738057722594572e-01,1.451945501630327762e+00,-3.224743230168483166e+01,-4.664053523346518659e+01,-9.394087395548220343e+01
4.202233299999898009e+01,4.334164261817691766e-01,4.316448701580607450e-01,5.090702786088492320e-12,-1.055148629973271584e-11,3.917333622269958959e-01,1.812795268421184824e-01,5.028847190028460368e-01,7.047992963045177639e-01,1.415291495106927311e+00,-3.253664131948413996e+01,-4.560051447090230425e+01,-9.156935973341819590e+01
4.212642659999983152e+01,4.334164261817691766e-01,4.316448701580607450e-01,2.737818922545970729e-12,-5.674670092965557671e-12,3.917333622269958959e-01,1.812795268421184824e-01,5.075477054480306283e-01,6.891633757768520496e-01,1.378907559005168704e+00,-3.283833654248758194e+01,-4.458887041276233276e+01,-8.921531906763442521e+01
4.223175900000023830e+01,4.334164261817691766e-01,4.316448701580607450e-01,1.466084603109731370e-12,-3.038749707846822275e-12,3.917333622269958959e-01,1.812795268421184824e-01,5.124029417236792838e-01,6.739727661428800420e-01,1.342825420658358304e+00,-3.315247032952205331e+01,-4.360603796944434407e+01,-8.688080471659579018e+01
4.233827199999905133e+01,4.334164261817691766e-01,4.316448701580607450e-01,7.803798160326187402e-13,-1.617491195902824675e-12,3.917333622269958959e-01,1.812795268421184824e-01,5.174496611317016548e-01,6.592339979150332319e-01,1.307076544227671944e+00,-3.347899307522109780e+01,-4.265243966510265494e+01,-8.456785241153038157e+01
4.244283019999966200e+01,4.334164261817691766e-01,4.316448701580607450e-01,4.110877237398605821e-13,-8.520604457370589423e-13,3.917333622269958959e-01,1.812795268421184824e-01,5.226870667365983714e-01,6.449534073570606374e-01,1.271692103264952189e+00,-3.381785321785791609e+01,-4.172848545600182746e+01,-8.227847908124240917e+01
4.254657149999911780e+01,4.334164261817691766e-01,4.316448701580607450e-01,2.209254264791936470e-13,-4.579115514518074939e-13,3.917333622269958959e-01,1.812795268421184824e-01,5.281143314913112619e-01,6.311371337600386600e-01,1.236702953528877380e+00,-3.416899724748783740e+01,-4.083457255427450150e+01,-8.001468109331837297e+01
4.265206819999912113e+01,4.334164261817691766e-01,4.316448701580607450e-01,1.184759316035857744e-13,-2.455647523912576601e-13,3.917333622269958959e-01,1.812795268421184824e-01,5.337305983678202193e-01,6.177911168030625344e-01,1.202139606078314937e+00,-3.453236971439797287e+01,-3.997108525715815119e+01,-7.777843251326697782e+01
4.275572069999907399e+01,4.334164261817691766e-01,4.316448701580607450e-01,6.305930727339384846e-14,-1.307028606313699913e-13,3.917333622269958959e-01,1.812795268421184824e-01,5.395349804924798320e-01,6.049210939997520242e-01,1.168032200666195397e+00,-3.490791323786344691e+01,-3.913839478178395836e+01,-7.557168338310285094e+01
4.285980100000051607e+01,4.334164261817691766e-01,4.316448701580607450e-01,3.386525565614215224e-14,-7.019242648956298251e-14,3.917333622269958959e-01,1.812795268421184824e-01,5.455265612860662472e-01,5.925325982316644868e-01,1.134410479457211629e+00,-3.529556851520848682e+01,-3.833685910558869381e+01,-7.339635802088159267e+01
4.296350239999992482e+01,4.334164261817691766e-01,4.316448701580607450e-01,1.811449281650238650e-14,-3.754586170346680896e-14,3.917333622269958959e-01,1.812795268421184824e-01,5.517043946085156136e-01,5.806309553696886727e-01,1.101303761092220945e+00,-3.569527433117096393e+01,-3.756682281241885590e+01,-7.125435334266670395e+01
4.306919840000045951e+01,4.334164261817691766e-01,4.316448701580607450e-01,9.726498393753891721e-15,-2.016008768504885120e-14,3.917333622269958959e-01,1.812795268421184824e-01,5.580675049083305694e-01,5.692212819844255645e-01,1.068740915121928259e+00,-3.610696756756898651e+01,-3.682861694439233702e+01,-6.914753720838875495e+01
4.317473249999966356e+01,4.334164261817691766e-01,4.316448701580607450e-01,5.168688538818883775e-15,-1.071312716467532410e-14,3.917333622269958959e-01,1.812795268421184824e-01,5.646148873766312359e-01,5.583084831465543463e-01,1.036750336832236608e+00,-3.653058321326804503e+01,-3.612255885958207102e+01,-6.707774679304570498e+01
4.327836439999919094e+01,4.334164261817691766e-01,4.316448701580607450e-01,2.747973496250726070e-15,-5.695717451223862328e-15,3.917333622269958959e-01,1.812795268421184824e-01,5.713455081058251839e-01,5.478972503181154252e-01,1.005359922483111568e+00,-3.696605437444689102e+01,-3.544895209558207227e+01,-6.504678698465731657e+01
4.338383729999986826e+01,4.334164261817691766e-01,4.316448701580607450e-01,1.476935953358003216e-15,-3.061241273017575771e-15,3.917333622269958959e-01,1.812795268421184824e-01,5.782583042528772754e-01,5.379920593356311009e-01,9.745970449826377724e-01,-3.741331228516116170e+01,-3.480808623901533139e+01,-6.305642881037666569e+01
4.348854819999905885e+01,4.333554413884299072e-01,4.312710693655933958e-01,-2.703473742620228406e-04,-1.655631293797848753e-03,3.914051694543662085e-01,1.810986708845245263e-01,5.853521842071389703e-01,5.285971684859260833e-01,9.444885300174474807e-01,-3.787228631820189406e+01,-3.420023680103941643e+01,-6.110840789212885227e+01
4.359819969999989553e+01,4.338402520622266501e-01,4.305790742098073998e-01,2.020004380381335961e-03,-3.968657147451828092e-03,3.906894374381684742e-01,1.809975210372292975e-01,5.926260277627315443e-01,5.197166166754672023e-01,9.150606326602974683e-01,-3.834290399624872947e+01,-3.362566509890272926e+01,-5.920442293312125059e+01
4.370266970000011497e+01,4.341568427453639245e-01,4.302298810128185602e-01,2.438930764490676670e-03,-3.596025568608836320e-03,3.903153189205504914e-01,1.809743140123840077e-01,6.000786862954354817e-01,5.113542216940210050e-01,8.863390144752834043e-01,-3.882509100331467522e+01,-3.308461814360315856e+01,-5.734613423655083864e+01
4.380823450000025332e+01,4.341770135533150055e-01,4.297581578838693406e-01,1.393462263935634892e-03,-4.018554083222962946e-03,3.898837134133243398e-01,1.807837500517497642e-01,6.077089829440742719e-01,5.035135785733666491e-01,8.583487211405499417e-01,-3.931877119648160601e+01,-3.257732853369682147e+01,-5.553516225779358706e+01
4.391222159999961150e+01,4.344249121160412841e-01,4.293169839037422331e-01,1.842968609532318449e-03,-4.092503369049989292e-03,3.894386910845910044e-01,1.806947109201776369e-01,6.155157127963553076e-01,4.961980580417773012e-01,8.311141606080980626e-01,-3.982386661792418892e+01,-3.210401435530299352e+01,-5.377308619134394974e+01
4.401553860000058194e+01,4.342863772803799982e-01,4.289998834744802592e-01,3.688079542491135595e-04,-3.611975516785750386e-03,3.891760556921026737e-01,1.805073341918688457e-01,6.234976430791356883e-01,4.894108050749268468e-01,8.046590818196968087e-01,-4.034029750722007890e+01,-3.166487908834776732e+01,-5.206144259373438388e+01
4.412407750000056694e+01,4.344535507123064022e-01,4.285619538438897314e-01,9.477051468836978796e-04,-3.898628558722035120e-03,3.887486281740591965e-01,1.803880605119953795e-01,6.316535133530940538e-01,4.831547375438520753e-01,7.790065539974309061e-01,-4.086798231394518410e+01,-3.126011151908723207e+01,-5.040172404363378433e+01
4.422876499999983935e+01,4.830625216187036663e-01,4.269053901901579962e-01,2.143479049029942407e-01,-7.073749373369003085e-03,3.780574054834840436e-01,1.982947561901412803e-01,6.399820357117687042e-01,4.774325449605456573e-01,7.541789465270181125e-01,-4.140683771055143580e+01,-3.088988565894730698e+01,-4.879537784029807312e+01
4.433439709999947809e+01,5.705787604468692820e-01,4.245595872705114071e-01,5.066504807823776213e-01,-2.660952705009739239e-03,3.573044732129888046e-01,2.293127919791992653e-01,6.484818949849311398e-01,4.722466873217228134e-01,7.301979094513650903e-01,-4.195677860552504512e+01,-3.055436066971546794e+01,-4.724380474150332532e+01
4.443850779999957012e+01,6.612062234957005735e-01,4.262821470403981849e-01,6.662659637875241181e-01,2.427181051461577838e-02,3.364440801767308309e-01,2.617667851340295115e-01,6.571517489462697093e-01,4.675993940512574998e-01,7.070843545913889638e-01,-4.251771815682365485e+01,-3.025368079511636310e+01,-4.574835774206286487e+01
4.454385820000061358e+01,7.314670492318677830e-01,4.303177615066062223e-01,6.617601401982308174e-01,4.641318977408170898e-02,3.202404428029472783e-01,2.874359661932178733e-01,6.659902285253394005e-01,4.634926630417430804e-01,6.848584373106323397e-01,-4.308956778558945899e+01,-2.998797529880078017e+01,-4.431034089399791753e+01
4.465281669999967562e+01,7.839452405316245098e-01,4.334194488857999739e-01,5.765794745231938023e-01,4.895010987115656909e-02,3.069187906052953108e-01,3.060282252437729889e-01,6.749959380237555706e-01,4.599282597955893781e-01,6.635395389394660448e-01,-4.367223719013698968e+01,-2.975735840877463545e+01,-4.293100816938345332e+01
4.475750449999941338e+01,7.923018180621141937e-01,4.334872400951355620e-01,3.384901097634591682e-01,2.713984417793018078e-02,3.043983589581905624e-01,3.086305661933993472e-01,6.841674553355909794e-01,4.569077166660244771e-01,6.431462498742777090e-01,-4.426563436021273645e+01,-2.956192926829178447e+01,-4.161156236686576904e+01
4.486330239999915648e+01,7.922657204946235154e-01,4.329736085454445882e-01,1.805612927110368249e-01,1.218750137975520287e-02,3.040488100099982827e-01,3.082538999402405500e-01,6.935033321719428212e-01,4.544323321983299024e-01,6.236963533663848480e-01,-4.486966559152470069e+01,-2.940177189323194540e+01,-4.035315406280510331e+01
4.496810650000043097e+01,7.925601080058856107e-01,4.324738405469691904e-01,9.749897101129567645e-02,4.281631576127262369e-03,3.036072013935702252e-01,3.079874835434216473e-01,7.030020942896331171e-01,4.525031705715887309e-01,6.052068100147607321e-01,-4.548423550053926334e+01,-2.927695513598179389e+01,-3.915688060795502423e+01
4.507375809999939520e+01,7.925024500116762960e-01,4.323373632424354351e-01,5.176003888586300922e-02,1.675684300409141991e-03,3.035291428237421041e-01,3.078727904705219620e-01,7.126622417240107143e-01,4.511210611411917704e-01,5.876937429761450726e-01,-4.610924703954349724e+01,-2.918753265583510981e+01,-3.802378517055658591e+01
4.518082490000051621e+01,7.926588596939949660e-01,4.319173949789067990e-01,2.828685558773829517e-02,-9.695370953946080362e-04,3.031861863812545521e-01,3.076211508868598177e-01,7.224822490258118179e-01,4.502865980822932102e-01,5.711724239054203345e-01,-4.674460151197002489e+01,-2.913354289592437141e+01,-3.695485582668069924e+01
4.528482169999915641e+01,7.927788218160167766e-01,4.315986297491988810e-01,1.547334638883084319e-02,-1.913508375188851304e-03,3.029255499905364468e-01,3.074304610221912371e-01,7.324605655020460793e-01,4.500001401343711738e-01,5.556572596384836693e-01,-4.739019858798238261e+01,-2.911500906669381550e+01,-3.595102469860989203e+01
4.538853559999915888e+01,7.927618154325282163e-01,4.313239834894524449e-01,8.225309972882378917e-03,-2.253102461389815993e-03,3.027380092990025195e-01,3.072296803026792755e-01,7.425956154608691628e-01,4.502618104470057503e-01,5.411617796292904625e-01,-4.804593632031823347e+01,-2.913193913592127160e+01,-3.501316714201509228e+01
4.549193369999920833e+01,7.921129063303862239e-01,4.297234379462152587e-01,1.515610604458959365e-03,-8.365897421910661533e-03,3.018131779865405040e-01,3.058938356913710743e-01,7.528857984604044873e-01,4.510714965269346788e-01,5.276986241519552312e-01,-4.871171116038816962e+01,-2.918432582529267449e+01,-3.414210098263150428e+01
4.559639529999913066e+01,7.817795895018795349e-01,4.141725231826231535e-01,-4.726447116442631519e-02,-7.401456894900322603e-02,2.939220307677961053e-01,2.918025338971463323e-01,7.633294895614682884e-01,4.524288502864157735e-01,5.152795332782498239e-01,-4.938741797462699878e+01,-2.927214661353110259e+01,-3.333858580310276665e+01
4.570194529999935185e+01,7.677974745681064306e-01,3.920817853443042678e-01,-9.379798844043338302e-02,-1.375061995942736259e-01,2.820801754075002998e-01,2.723213194754515731e-01,7.739250395841685837e-01,4.543332881928712208e-01,5.039153366400912493e-01,-5.007295006109571034e+01,-2.939536374607876823e+01,-3.260332228061390225e+01
4.580686319999949774e+01,7.512857419868361752e-01,3.668943231649727799e-01,-1.347279019788526766e-01,-1.841016664179024043e-01,2.681307200765496446e-01,2.504343453320939106e-01,7.846707753683290765e-01,4.567839915197500211e-01,4.936159439859313380e-01,-5.076819916633089491e+01,-2.955392425132782819e+01,-3.193695157588975775e+01
4.591225189999931899e+01,7.300576822603859206e-01,3.357019851404926536e-01,-1.881643206181921324e-01,-2.362937587704845022e-01,2.501436124303930142e-01,2.238838895220932879e-01,7.955650000377004760e-01,4.597799066985042149e-01,4.843903365393187332e-01,-5.147305550243922312e+01,-2.974775996339322504e+01,-3.134005477409392171e+01
4.602153399999951944e+01,7.110100987259517780e-01,3.118629287059136446e-01,-2.063678816876773070e-01,-2.305299066664236174e-01,2.362994993612662631e-01,2.035215784693227281e-01,8.066059932679189304e-01,4.633197457715210188e-01,4.762465591671303233e-01,-5.218740776443435436e+01,-2.997678755141741291e+01,-3.081315237811333319e+01
4.612673650000033376e+01,6.984751905021147067e-01,2.907080245917370021e-01,-1.795310906185624555e-01,-2.121721488977013348e-01,2.226310679785327984e-01,1.869399987503152782e-01,8.177920115581622795e-01,4.674019869458223564e-01,4.691917133643326299e-01,-5.291114314781309957e+01,-3.024090855539470724e+01,-3.035670385467232180e+01
4.623117540000021108e+01,7.141417184176783728e-01,2.662829117510408516e-01,-2.185262144044964813e-02,-2.220063781675660486e-01,2.012181913904821373e-01,1.744070771045599100e-01,8.291212885064683791e-01,4.720248752472906428e-01,4.632319510613727154e-01,-5.364414736636850733e+01,-3.054000942849970457e+01,-2.997110723367081775e+01
4.633464090000052238e+01,7.524290464136140777e-01,2.355856230249346039e-01,1.989809036352674920e-01,-2.547873754116544154e-01,1.719848031890857110e-01,1.610025255952776957e-01,8.405920350886749715e-01,4.771864232751399371e-01,4.583724692595991801e-01,-5.438630467023727277e+01,-3.087396158590155437e+01,-2.965669876109606662e+01
4.643997769999987213e+01,7.671810337832711824e-01,2.075284801973344140e-01,2.057408419490612539e-01,-2.616114710876155658e-01,1.493935677712447674e-01,1.440473255621010362e-01,8.522024399409225959e-01,4.828844120563091646e-01,4.546175054994046061e-01,-5.513749786417769627e+01,-3.124262146004320329e+01,-2.941375260581147799e+01
4.654397789999893575e+01,7.516007881318289563e-01,1.969623150103625431e-01,3.151766677104968911e-02,-1.861843158560680944e-01,1.439000316739710572e-01,1.344876738532993221e-01,8.639506696456945578e-01,4.891163919994074849e-01,4.519703341650243011e-01,-5.589760832607643692e+01,-3.164583056236166669e+01,-2.924248062047707464e+01
4.664947810000012396e+01,7.329552277393220905e-01,1.852443835955988605e-01,-8.070679854945431164e-02,-1.521680939653329012e-01,1.376736999173989728e-01,1.239412522317221016e-01,8.758348690213300092e-01,4.958796839478072371e-01,4.504332636292245340e-01,-5.666651602568005330e+01,-3.208341555142312984e+01,-2.914303215681082904e+01
4.675317469999936293e+01,7.160949302863208743e-01,1.771132799712775152e-01,-1.309170981250851462e-01,-1.168596061046050516e-01,1.336098187753362310e-01,1.162649141788095197e-01,8.878531614149813844e-01,5.031713803314221689e-01,4.500076342403693808e-01,-5.744409954354929937e+01,-3.255518830744301795e+01,-2.911549393535189978e+01
4.686257540000042354e+01,7.179861841962904556e-01,1.693575634222159731e-01,-6.381508778574558616e-02,-9.724619623825218884e-02,1.275486145221759460e-01,1.114151480804261019e-01,9.000036489989595712e-01,5.109883464166882217e-01,4.506938171536147841e-01,-5.823023609023268676e+01,-3.306094601315972881e+01,-2.915988996983887915e+01
4.696912449999945238e+01,8.021354379654814792e-01,1.534901580554647316e-01,3.953810728492631044e-01,-1.177101704454908415e-01,1.067022524107888864e-01,1.103352072112788601e-01,9.122844130704208521e-01,5.193272216541977571e-01,4.524912140072572253e-01,-5.902480152565622973e+01,-3.360047124102659666e+01,-2.927618154626954450e+01
4.707677839999996650e+01,8.693105278309021244e-01,1.440412472677740086e-01,5.598038654387588187e-01,-9.888117232151313885e-02,9.295750541812136669e-02,1.100308279569682801e-01,9.246935143543573155e-01,5.281844211234179021e-01,4.553982574445123443e-01,-5.982767037872692129e+01,-3.417353204668513911e+01,-2.946426725665995150e+01
4.718140540000058536e+01,8.715999181605482704e-01,1.436293985270305773e-01,3.116687238988563036e-01,-5.467845885153514024e-02,9.244029148842526633e-02,1.099281430333995252e-01,9.372289933098241210e-01,5.375561370738606293e-01,4.594124124802760889e-01,-6.063871586714562056e+01,-3.477988206867878773e+01,-2.972398308747386508e+01
4.728503950000049372e+01,8.720435743214025592e-01,1.435791902101968553e-01,1.682875639751992003e-01,-2.936448159354553000e-02,9.235921493006447880e-02,1.099307021669471696e-01,9.498888704393787519e-01,5.474383405620524279e-01,4.645301787116660197e-01,-6.145780991742780941e+01,-3.541926063436479666e+01,-3.005510256264479452e+01
4.738911109999935434e+01,8.715999181605482704e-01,1.436293985270305773e-01,8.836717071726553352e-02,-1.556060511655201449e-02,9.244029148842526633e-02,1.099281430333995252e-01,9.626711466016641960e-01,5.578267831835985735e-01,4.707470933704269722e-01,-6.228482318512767790e+01,-3.609139287197882595e+01,-3.045733694106662526e+01
4.749841609999930370e+01,8.715999181605482704e-01,1.436293985270305773e-01,4.736036047088802020e-02,-8.339701967181556777e-03,9.244029148842526633e-02,1.099281430333995252e-01,9.755738033270976439e-01,5.687169988995888215e-01,4.780577352145305436e-01,-6.311962507526322241e+01,-3.679598982880339975e+01,-3.093033546838012882e+01
4.760311379999984638e+01,8.715999181605482704e-01,1.436293985270305773e-01,2.472170569646917407e-02,-4.353253555906932970e-03,9.244029148842526633e-02,1.099281430333995252e-01,9.885948031366097455e-01,5.801043059565711424e-01,4.864557292555811152e-01,-6.396208376293865427e+01,-3.753274859539015296e+01,-3.147368568283609847e+01
4.770730989999901794e+01,8.715999181605482704e-01,1.436293985270305773e-01,1.320937346439614128e-02,-2.326043061559382452e-03,9.244029148842526633e-02,1.099281430333995252e-01,1.001732089863386577e+00,5.919838088992539493e-01,4.959337523178941609e-01,-6.481206621416112057e+01,-3.830135243578173032e+01,-3.208691377496775488e+01
4.781053659999997762e+01,8.711696729280404838e-01,1.435665041847532519e-01,5.161455254072741701e-03,-1.529389741540336219e-03,9.244707930520475181e-02,1.098402414954007533e-01,1.014983588977561357e+00,6.043504006750881619e-01,5.064835394244233679e-01,-6.566943820684822697e+01,-3.910147092367820676e+01,-3.276948500076019144e+01
4.791378199999962817e+01,8.711696729280404838e-01,1.435665041847532519e-01,2.773291094150397325e-03,-8.217533119854140023e-04,9.244707930520475181e-02,1.098402414954007533e-01,1.028347207913808292e+00,6.171987648298118412e-01,5.180958910039337173e-01,-6.653406435202339253e+01,-3.993276008448882664e+01,-3.352080414795451446e+01
4.801748399999996764e+01,8.711696729280404838e-01,1.435665041847532519e-01,1.488446612783370093e-03,-4.410413087714167273e-04,9.244707930520475181e-02,1.098402414954007533e-01,1.041820836401779804e+00,6.305233777930177030e-01,5.307606809131732994e-01,-6.740580811519515692e+01,-4.079486254320824656e+01,-3.434021605508231545e+01
4.812118740000005346e+01,8.707895962506047027e-01,1.435014679448148589e-01,-9.023856785130831898e-04,-5.277580313681160288e-04,9.244692250999031469e-02,1.097553544058264691e-01,1.055402346799348523e+00,6.443185112527618497e-01,5.444668652670174858e-01,-6.828453183791785364e+01,-4.168740767805369529e+01,-3.522700618277603013e+01
4.822746969999934663e+01,8.716935678903157125e-01,1.433869887375893992e-01,3.563415382115042197e-03,-7.950756585455546902e-04,9.227399808430265804e-02,1.097512542833643384e-01,1.069089594428580092e+00,6.585782346181903169e-01,5.592024920688947187e-01,-6.917009675952913028e+01,-4.261001177979691334e+01,-3.618040123685749165e+01
4.833246920000055979e+01,8.716935678903157125e-01,1.433869887375893992e-01,1.889907243109519193e-03,-4.216795082176035795e-04,9.227399808430265804e-02,1.097512542833643384e-01,1.082880417914405813e+00,6.732964175691278363e-01,5.749547116331188423e-01,-7.006236303906206331e+01,-4.356227821672257505e+01,-3.719956984266278965e+01
4.843734559999938938e+01,8.716935678903157125e-01,1.433869887375893992e-01,1.007487085598850760e-03,-2.247923332427225320e-04,9.227399808430265804e-02,1.097512542833643384e-01,1.096772639525929183e+00,6.884667326915305807e-01,5.917097877899899494e-01,-7.096118977732761834e+01,-4.454379760514203213e+01,-3.828362327001234888e+01
4.854199250000056054e+01,8.716935678903157125e-01,1.433869887375893992e-01,5.374649921841890589e-04,-1.199201571477724598e-04,9.227399808430265804e-02,1.097512542833643384e-01,1.110764065520313260e+00,7.040826581976682430e-01,6.094531098639530686e-01,-7.186643503916427278e+01,-4.555414798538913601e+01,-3.943161620819776658e+01
4.864585169999918435e+01,8.716935678903157125e-01,1.433869887375893992e-01,2.865613906126472177e-04,-6.393809363303827695e-05,9.227399808430265804e-02,1.097512542833643384e-01,1.124852486489201109e+00,7.201374807298768221e-01,6.281692054143184212e-01,-7.277795587585131898e+01,-4.659289500322303468e+01,-4.064254759030640685e+01
4.875318689999949129e+01,8.716935678903157125e-01,1.433869887375893992e-01,1.537585732821516906e-04,-3.430688982342865813e-05,9.227399808430265804e-02,1.097512542833643384e-01,1.139035677707604277e+00,7.366242982466525424e-01,6.478417537274527849e-01,-7.369560834768199697e+01,-4.765959209655841988e+01,-4.191536146616619618e+01
4.885822749999897496e+01,8.864373332589847720e-01,1.416053267319112297e-01,6.578676560978106991e-02,-7.790609526164274899e-03,8.951955614676769535e-02,1.097192673423270509e-01,1.153311399485210220e+00,7.535360229898772078e-01,6.684536000487006913e-01,-7.461924754669310289e+01,-4.875378068744505811e+01,-4.324894792315093639e+01
4.896349129999907746e+01,8.864373332589847720e-01,0.000000000000000000e+00,0.000000000000000000e+00,0.000000000000000000e+00,0.000000000000000000e+00,0.000000000000000000e+00,1.167677397520062055e+00,7.708653845318775844e-01,6.899867705415667629e-01,-7.554872761954801774e+01,-4.987499037921248402e+01,-4.464214405403937036e+01
4.906779009999991104e+01,8.864373332589847720e-01,0.000000000000000000e+00,0.000000000000000000e+00,0.000000000000000000e+00,0.000000000000000000e+00,0.000000000000000000e+00,1.182131403254532920e+00,7.886049329010077491e-01,7.124224879611851247e-01,-7.648390179056828231e+01,-5.102273915869520238e+01,-4.609373497108867923e+01
4.917294020000008459e+01,8.864373332589847720e-01,0.000000000000000000e+00,0.000000000000000000e+00,0.000000000000000000e+00,0.000000000000000000e+00,0.000000000000000000e+00,1.196671134233563638e+00,8.067470417844415653e-01,7.357411880283487582e-01,-7.742462238491157223e+01,-5.219653360345337489e+01,-4.760245486543416860e+01
4.927653379999901517e+01,8.864373332589847720e-01,0.000000000000000000e+00,0.000000000000000000e+00,0.000000000000000000e+00,0.000000000000000000e+00,0.000000000000000000e+00,1.211294294465081078e+00,8.252839118067436530e-01,7.599225364898443136e-01,-7.837074085189074424e+01,-5.339586909389631586e+01,-4.916698811089293031e+01
4.938346459999957005e+01,8.864373332589847720e-01,0.000000000000000000e+00,0.000000000000000000e+00,0.000000000000000000e+00,0.000000000000000000e+00,0.000000000000000000e+00,1.225998574782567907e+00,8.442075738828643816e-01,7.849454468502420346e-01,-7.932210778843214882e+01,-5.462023003022132883e+01,-5.078597041121066269e+01
4.948729509999975562e+01,8.864373332589847720e-01,0.000000000000000000e+00,0.000000000000000000e+00,0.000000000000000000e+00,0.000000000000000000e+00,0.000000000000000000e+00,1.240781653209704682e+00,8.635098926440845091e-01,8.107880987596107758e-01,-8.027857296266789433e+01,-5.586909005407227369e+01,-5.245798998974682092e+01
4.959349809999912395e+01,8.864373332589847720e-01,0.000000000000000000e+00,0.000000000000000000e+00,0.000000000000000000e+00,0.000000000000000000e+00,0.000000000000000000e+00,1.255641195327035886e+00,8.831825699354453052e-01,8.374279570412076490e-01,-8.123998533765922048e+01,-5.714191227482331215e+01,-5.418158882056613379e+01
4.969881309999982477e+01,8.864373332589847720e-01,0.000000000000000000e+00,0.000000000000000000e+00,0.000000000000000000e+00,0.000000000000000000e+00,0.000000000000000000e+00,1.270574854640605711e+00,9.032171483831717973e-01,8.648417913424792935e-01,-8.220619309524718687e+01,-5.843814950039121925e+01,-5.595526389985841575e+01
4.980426129999978002e+01,8.864373332589847720e-01,0.000000000000000000e+00,0.000000000000000000e+00,0.000000000000000000e+00,0.000000000000000000e+00,0.000000000000000000e+00,1.285580272952491221e+00,9.236050150305200601e-01,8.930056963922641255e-01,-8.317704366002618599e+01,-5.975724447247465321e+01,-5.777746855657949254e+01
4.991164949999983946e+01,8.864373332589847720e-01,0.000000000000000000e+00,0.000000000000000000e+00,0.000000000000000000e+00,0.000000000000000000e+00,0.000000000000000000e+00,1.300655080733192692e+00,9.443374050405424214e-01,9.218951128465679989e-01,-8.415238372343756623e+01,-6.109863010612309608e+01,-5.964661380117295408e+01
5.001511279999976978e+01,8.864373332589847720e-01,0.000000000000000000e+00,0.000000000000000000e+00,0.000000000000000000e+00,0.000000000000000000e+00,0.000000000000000000e+00,1.315796897495809858e+00,9.654054054641231231e-01,9.514848487046496661e-01,-8.513205926797890299e+01,-6.246172973352877023e+01,-6.156106971119083937e+01
5.012076489999890327e+01,8.864373332589847720e-01,0.000000000000000000e+00,0.000000000000000000e+00,0.000000000000000000e+00,0.000000000000000000e+00,0.000000000000000000e+00,1.331003332171942999e+00,9.867999590716960423e-01,9.817491012768442271e-01,-8.611591559152471120e+01,-6.384595735193873622e+01,-6.351916685261182494e+01
5.022632309999971767e+01,8.864373332589847720e-01,0.000000000000000000e+00,0.000000000000000000e+00,0.000000000000000000e+00,0.000000000000000000e+00,0.000000000000000000e+00,1.346271983489281565e+00,1.008511868246995569e+00,1.012661479684882515e+00,-8.710379733175652461e+01,-6.525071787558061942e+01,-6.551919773561189686e+01
5.032989799999995739e+01,8.864373332589847720e-01,0.000000000000000000e+00,0.000000000000000000e+00,0.000000000000000000e+00,0.000000000000000000e+00,0.000000000000000000e+00,1.361600440350781760e+00,1.030531798941143329e+00,1.044195027875117976e+00,-8.809554849069557747e+01,-6.667540739149197293e+01,-6.755941830352013255e+01
5.043547330000001239e+01,8.864373332589847720e-01,0.000000000000000000e+00,0.000000000000000000e+00,0.000000000000000000e+00,0.000000000000000000e+00,0.000000000000000000e+00,1.376986282215411528e+00,1.052850284685405757e+00,1.076322248124631731e+00,-8.909101245933713642e+01,-6.811941341914575787e+01,-6.963804945366366894e+01
5.054532850000032340e+01,8.864373332589847720e-01,0.000000000000000000e+00,0.000000000000000000e+00,0.000000000000000000e+00,0.000000000000000000e+00,0.000000000000000000e+00,1.392427079480382801e+00,1.075457730660869693e+00,1.109015125019630288e+00,-9.009003204238076989e+01,-6.958211517375826816e+01,-7.175327858877008680e+01
5.065139309999904071e+01,8.864373332589847720e-01,0.000000000000000000e+00,0.000000000000000000e+00,0.000000000000000000e+00,0.000000000000000000e+00,0.000000000000000000e+00,1.407920393864810604e+00,1.098344417823299946e+00,1.142245149885309230e+00,-9.109244948305324385e+01,-7.106288383316750412e+01,-7.390326119757951062e+01
5.075786390000030224e+01,8.864373332589847720e-01,0.000000000000000000e+00,0.000000000000000000e+00,0.000000000000000000e+00,0.000000000000000000e+00,0.000000000000000000e+00,1.423463778794751722e+00,1.121500507081399700e+00,1.175983345645870815e+00,-9.209810648802043431e+01,-7.256108280816656020e+01,-7.608612246328785034e+01
5.086700740000014775e+01,8.864373332589847720e-01,0.000000000000000000e+00,0.000000000000000000e+00,0.000000000000000000e+00,0.000000000000000000e+00,0.000000000000000000e+00,1.439054779789539662e+00,1.144916043526682081e+00,1.210200292092916463e+00,-9.310684425238322603e+01,-7.407606801617633607e+01,-7.829995889841170253e+01
5.097227089999978489e+01,8.864373332589847720e-01,0.000000000000000000e+00,0.000000000000000000e+00,0.000000000000000000e+00,0.000000000000000000e+00,0.000000000000000000e+00,1.454690934849381279e+00,1.168580960713129446e+00,1.244866151540333199e+00,-9.411850348475496730e+01,-7.560718815813947913e+01,-8.054284000465956694e+01
5.107570359999954235e+01,8.864373332589847720e-01,0.000000000000000000e+00,0.000000000000000000e+00,0.000000000000000000e+00,0.000000000000000000e+00,0.000000000000000000e+00,1.470369774844132005e+00,1.192485084984804988e+00,1.279950694843209558e+00,-9.513292443241535068e+01,-7.715378499851688332e+01,-8.281280995635566455e+01
5.118030559999897378e+01,8.864373332589847720e-01,0.000000000000000000e+00,0.000000000000000000e+00,0.000000000000000000e+00,0.000000000000000000e+00,0.000000000000000000e+00,1.486088823903201073e+00,1.216618139849551916e+00,1.315423327758069139e+00,-9.614994690653711018e+01,-7.871519364826600906e+01,-8.510788930594708290e+01
5.128334119999999530e+01,8.864373332589847720e-01,0.000000000000000000e+00,0.000000000000000000e+00,0.000000000000000000e+00,0.000000000000000000e+00,0.000000000000000000e+00,1.501845599806523213e+00,1.240969750396912374e+00,1.351253117621535882e+00,-9.716941030748205321e+01,-8.029074285068023187e+01,-8.742607671011337800e+01
5.138663799999994808e+01,8.864373332589847720e-01,0.000000000000000000e+00,0.000000000000000000e+00,0.000000000000000000e+00,0.000000000000000000e+00,0.000000000000000000e+00,1.517637614376524891e+00,1.265529447758339199e+00,1.387408820324063541e+00,-9.819115365016116925e+01,-8.187975526996454789e+01,-8.976535067496691056e+01
5.149242579999918235e+01,8.864373332589847720e-01,0.000000000000000000e+00,0.000000000000000000e+00,0.000000000000000000e+00,0.000000000000000000e+00,0.000000000000000000e+00,1.533462373871036233e+00,1.290286673607808909e+00,1.423858907555250575e+00,-9.921501558945604415e+01,-8.348154778242523832e+01,-9.212367131882471938e+01
5.159891649999917718e+01,8.864373332589847720e-01,0.000000000000000000e+00,0.000000000000000000e+00,0.000000000000000000e+00,0.000000000000000000e+00,0.000000000000000000e+00,1.549317379377088244e+00,1.315230784700906375e+00,1.460571594297027431e+00,-1.002408344456976153e+02,-8.509543177014865023e+01,-9.449898215101768528e+01
5.170499960000051942e+01,8.864373332589847720e-01,0.000000000000000000e+00,0.000000000000000000e+00,0.000000000000000000e+00,0.000000000000000000e+00,0.000000000000000000e+00,1.565200127205512715e+00,1.340351057450392069e+00,1.497514866540627487e+00,-1.012684482301966824e+02,-8.672071341704037195e+01,-9.688921186517860917e+01
5.181042870000055700e+01,8.864373332589847720e-01,0.000000000000000000e+00,0.000000000000000000e+00,0.000000000000000000e+00,0.000000000000000000e+00,0.000000000000000000e+00,1.581108109286311736e+00,1.365636692536332575e+00,1.534656509203311980e+00,-1.022976946708243702e+02,-8.835669400710072807e+01,-9.929227614545429503e+01
5.191378400000030524e+01,8.864373332589847720e-01,0.000000000000000000e+00,0.000000000000000000e+00,0.000000000000000000e+00,0.000000000000000000e+00,0.000000000000000000e+00,1.597038813564702009e+00,1.391076819548765720e+00,1.571964134220386722e+00,-1.033284112376362316e+02,-9.000267022480514356e+01,-1.017060794840590319e+02
5.201917610000054992e+01,8.864373332589847720e-01,0.000000000000000000e+00,0.000000000000000000e+00,0.000000000000000000e+00,0.000000000000000000e+00,0.000000000000000000e+00,1.612989724397803526e+00,1.416660501660945259e+00,1.609405208788062813e+00,-1.043604351685378901e+02,-9.165793445746315626e+01,-1.041285170085876643e+02
5.212603110000054585e+01,8.864373332589847720e-01,0.000000000000000000e+00,0.000000000000000000e+00,0.000000000000000000e+00,0.000000000000000000e+00,0.000000000000000000e+00,1.628958322951886917e+00,1.442376740331133611e+00,1.646947083732576589e+00,-1.053936034949870901e+02,-9.332177509942434313e+01,-1.065574763174977164e+02
5.223167420000027050e+01,8.864373332589847720e-01,0.000000000000000000e+00,0.000000000000000000e+00,0.000000000000000000e+00,0.000000000000000000e+00,0.000000000000000000e+00,1.644942087600125724e+00,1.468214480030923363e+00,1.684557021980719327e+00,-1.064277530677281334e+02,-9.499347685800074714e+01,-1.089908393221525387e+02
5.233753439999964030e+01,8.864373332589847720e-01,0.000000000000000000e+00,0.000000000000000000e+00,0.000000000000000000e+00,0.000000000000000000e+00,0.000000000000000000e+00,1.660938494320794101e+00,1.494162612998059414e+00,1.722202227107082484e+00,-1.074627205825553773e+02,-9.667232106097445410e+01,-1.114264840938282362e+02
5.244173980000050506e+01,8.864373332589847720e-01,0.000000000000000000e+00,0.000000000000000000e+00,0.000000000000000000e+00,0.000000000000000000e+00,0.000000000000000000e+00,1.676945017095833990e+00,1.520209984011717363e+00,1.759849871933015786e+00,-1.084983426061004650e+02,-9.835758596555811550e+01,-1.138622867140661299e+02
5.254679399999986344e+01,8.864373332589847720e-01,0.000000000000000000e+00,0.000000000000000000e+00,0.000000000000000000e+00,0.000000000000000000e+00,0.000000000000000000e+00,1.692959128309745376e+00,1.546345395188183591e+00,1.797467127152400979e+00,-1.095344556016405306e+02,-1.000485470686754894e+02,-1.162961231267603495e+02
5.265579900000011548e+01,8.864373332589847720e-01,0.000000000000000000e+00,0.000000000000000000e+00,0.000000000000000000e+00,0.000000000000000000e+00,0.000000000000000000e+00,1.708978299148727231e+00,1.572557610794876215e+00,1.835021189959326282e+00,-1.105708959549226620e+02,-1.017444774184285023e+02,-1.187258709903684206e+02
5.276032200000008743e+01,8.864373332589847720e-01,0.000000000000000000e+00,0.000000000000000000e+00,0.000000000000000000e+00,0.000000000000000000e+00,0.000000000000000000e+00,1.725000000000000977e+00,1.598835362080636147e+00,1.872479312652585381e+00,-1.116075000000000728e+02,-1.034446479266171650e+02,-1.211494115286222808e+02
5.286457460000019637e+01,8.864373332589847720e-01,0.000000000000000000e+00,0.000000000000000000e+00,0.000000000000000000e+00,0.000000000000000000e+00,0.000000000000000000e+00,1.741021700851275611e+00,1.625167352120223674e+00,1.909808831192191692e+00,-1.126441040450775404e+02,-1.051483276821784756e+02,-1.235646313781348056e+02
5.297021429999949760e+01,8.864373332589847720e-01,0.000000000000000000e+00,0.000000000000000000e+00,0.000000000000000000e+00,0.000000000000000000e+00,0.000000000000000000e+00,1.757040871690256356e+00,1.651542260670904261e+00,1.946977193682892349e+00,-1.136805443983595865e+02,-1.068547842654075168e+02,-1.259694244312831444e+02
5.307555229999888979e+01,8.864373332589847720e-01,0.000000000000000000e+00,0.000000000000000000e+00,0.000000000000000000e+00,0.000000000000000000e+00,0.000000000000000000e+00,1.773054982904167742e+00,1.677948749039083642e+00,1.983951988759892426e+00,-1.147166573938996521e+02,-1.085632840628287141e+02,-1.283616936727650568e+02
5.318260650000047463e+01,8.864373332589847720e-01,0.000000000000000000e+00,0.000000000000000000e+00,0.000000000000000000e+00,0.000000000000000000e+00,0.000000000000000000e+00,1.789061505679207631e+00,1.704375464954853481e+00,2.020700973852077809e+00,-1.157522794174447398e+02,-1.102730925825790251e+02,-1.307393530082294433e+02
5.328790809999918565e+01,8.864373332589847720e-01,0.000000000000000000e+00,0.000000000000000000e+00,0.000000000000000000e+00,0.000000000000000000e+00,0.000000000000000000e+00,1.805057912399874898e+00,1.730811047452395002e+00,2.057192103297981411e+00,-1.167872469322719127e+02,-1.119834747701699627e+02,-1.331003290833793926e+02
5.339303180000024440e+01,8.864373332589847720e-01,0.000000000000000000e+00,0.000000000000000000e+00,0.000000000000000000e+00,0.000000000000000000e+00,0.000000000000000000e+00,1.821041677048114815e+00,1.757244131754109651e+00,2.093393556290106705e+00,-1.178213965050130270e+02,-1.136936953244909034e+02,-1.354425630919699017e+02
5.349697819999892090e+01,8.864373332589847720e-01,0.000000000000000000e+00,0.000000000000000000e+00,0.000000000000000000e+00,0.000000000000000000e+00,0.000000000000000000e+00,1.837010275602198206e+00,1.783663354156377778e+00,2.129273764623132781e+00,-1.188545648314622269e+02,-1.154030190139176426e+02,-1.377640125711166945e+02
5.360106459999951767e+01,8.864373332589847720e-01,0.000000000000000000e+00,0.000000000000000000e+00,0.000000000000000000e+00,0.000000000000000000e+00,0.000000000000000000e+00,1.852961186435299723e+00,1.810057356914876570e+00,2.164801440221849838e+00,-1.198865887623638997e+02,-1.171107109923925123e+02,-1.400626531823536993e+02
5.370526500000050873e+01,8.864373332589847720e-01,0.000000000000000000e+00,0.000000000000000000e+00,0.000000000000000000e+00,0.000000000000000000e+00,0.000000000000000000e+00,1.868891890713690218e+00,1.836414793127322254e+00,2.199945602424834057e+00,-1.209173053291757611e+02,-1.188160371153377497e+02,-1.423364804768867771e+02
5.381213690000004135e+01,8.864373332589847720e-01,0.000000000000000000e+00,0.000000000000000000e+00,0.000000000000000000e+00,0.000000000000000000e+00,0.000000000000000000e+00,1.884799872794487907e+00,1.862724331611556705e+00,2.234675605000055132e+00,-1.219465517698033779e+02,-1.205182642552677237e+02,-1.445835116435035843e+02
5.391656519999924058e+01,1.568069710076144929e+00,1.475497512770674036e-01,3.712872913747697321e-13,6.503693569834443355e-01,4.023111201863775375e-04,1.475492028026143820e-01,1.900682620622914820e+00,1.888974661776873898e+00,2.268961162868834869e+00,-1.229741655543026013e+02,-1.222166606169637504e+02,-1.468017872376136097e+02
5.402166760000000068e+01,1.516149269126928267e+00,1.660527686778890677e-01,-9.664788776184408958e-02,4.299698090191936273e-01,9.069779470838212204e-03,1.658048886068890782e-01,1.916537626128966609e+00,1.915154498486493884e+00,2.302772378514877261e+00,-1.239999844105441440e+02,-1.239104960520761551e+02,-1.489893728899125733e+02
5.412490839999918535e+01,1.510616088539577184e+00,1.681456588839567168e-01,-6.766814023574503623e-02,2.387636755377545716e-01,1.011293896012789746e-02,1.678412674734931220e-01,1.932362385623478174e+00,1.941252586909095967e+00,2.336079768055373318e+00,-1.250238463498390473e+02,-1.255990423730185199e+02,-1.511443609931826586e+02
5.423051309999937075e+01,1.511131060529793402e+00,1.681314915030676371e-01,-3.442751158527104782e-02,1.281445773052525827e-01,1.002565927233557003e-02,1.678323109273096303e-01,1.948154400193478519e+00,1.967257707357320529e+00,2.368854286951354915e+00,-1.260455896925180639e+02,-1.272815736660186445e+02,-1.532648723657526659e+02
5.433977839999897697e+01,1.512065080065252864e+00,1.679437318708111027e-01,-1.456813427140451339e-02,6.733116019965283694e-02,9.857875246057818536e-03,1.676541659796381423e-01,1.963911176096799549e+00,1.993158680111162484e+00,2.401067355334990161e+00,-1.270650530934629359e+02,-1.289573666031922130e+02,-1.553490578901738672e+02
5.444527770000058808e+01,1.513088955522203349e+00,1.679273226886798254e-01,-3.374750770870838228e-03,3.517296248455607788e-02,9.685266717855316523e-03,1.676477894694469450e-01,1.979630225155869727e+00,2.018944370224192930e+00,2.432690882931644261e+00,-1.280820755675847806e+02,-1.306257007535052992e+02,-1.573951001256774020e+02
5.455009419999987585e+01,1.508979035407117308e+00,1.670344174453746167e-01,-1.969266213095908352e-02,1.478345666334628106e-02,1.031904016576949343e-02,1.667153682819100535e-01,1.995309065150620675e+00,2.044603692310509757e+00,2.463697293555002776e+00,-1.290964965152451498e+02,-1.322858588924899834e+02,-1.594012148930086994e+02
5.465338729999893985e+01,1.508876604035690683e+00,1.668635770329158219e-01,-1.097480152049344973e-02,7.132173859556703924e-03,1.032554536282838040e-02,1.665437974023049605e-01,2.010945220210461848e+00,2.070125615310405287e+00,2.494059549153943678e+00,-1.301081557476168769e+02,-1.339371273105832358e+02,-1.613656528302601600e+02
5.475699189999977534e+01,1.509915302872027354e+00,1.668463631884987142e-01,-1.268976131351792292e-03,3.751483405485838384e-03,1.015150362608904615e-02,1.665372507379592748e-01,2.026536221205250232e+00,2.095499167232666604e+00,2.523751173390089697e+00,-1.311168935119796970e+02,-1.355787961199535232e+02,-1.632867009183388234e+02
5.486195969999971567e+01,1.510931886003606728e+00,1.667437671246654041e-01,3.859408730824935661e-03,1.556320227172136713e-03,9.976061261713048411e-03,1.664450722509596969e-01,2.042079606135190240e+00,2.120713439871478201e+00,2.552746274725596010e+00,-1.321225505169468022e+02,-1.372101595596846551e+02,-1.651626839747460735e+02
5.496568819999993138e+01,1.510931886003606728e+00,1.667437671246654041e-01,2.055212784825431911e-03,8.287718278242357664e-04,9.976061261713048411e-03,1.664450722509596969e-01,2.057572920519618709e+00,2.145757593495927207e+00,2.581019569000944092e+00,-1.331249679576193330e+02,-1.388305162991864847e+02,-1.669919661143610767e+02
5.507032249999974738e+01,1.511863280605560078e+00,1.665548361561215995e-01,5.280210038742324911e-03,-4.003058723005165922e-04,9.809903081683921805e-03,1.662656887289752361e-01,2.073013717784589982e+00,2.170620861510033084e+00,2.608546401483094357e+00,-1.341239875406629665e+02,-1.404391697396991390e+02,-1.687729521759562203e+02
5.517546299999958137e+01,1.512904198167669634e+00,1.665381308526598658e-01,7.448347488678693125e-03,-2.870014864119758546e-04,9.635862357544376297e-03,1.662591326349446563e-01,2.088399559649220194e+00,2.195292555081368224e+00,2.635302768364804038e+00,-1.351194515093045538e+02,-1.420354283137645268e+02,-1.705040891132028378e+02
5.527913160000025528e+01,1.513424330912561899e+00,1.665241555866966705e-01,6.275192922738918877e-03,-2.143950490734629680e-04,9.548582889869467946e-03,1.662501698003874262e-01,2.103728016510721055e+00,2.219762067736231081e+00,2.661265337696279154e+00,-1.361112026682436635e+02,-1.436186057825341607e+02,-1.721838673489492635e+02
5.538429189999988012e+01,1.572653158124113659e+00,1.662274767684833454e-01,2.691696494283448149e-01,-1.027877227118501670e-04,-3.086562092750379802e-04,1.662271902071413565e-01,2.118996667828058733e+00,2.244018879919417842e+00,2.686411469731001311e+00,-1.370990844084754201e+02,-1.451880215307863295e+02,-1.738108220915957816e+02
5.548917160000019067e+01,1.649053177651573776e+00,1.668677629203714208e-01,4.797622716764436412e-01,6.756595629967451257e-03,-1.304522100097137496e-02,1.663570633038618518e-01,2.134203102504192984e+00,2.268052563516636866e+00,2.710719236667916476e+00,-1.380829407320212852e+02,-1.467430008595264042e+02,-1.753835346124141950e+02
5.559742100000039500e+01,1.642688259763811942e+00,1.677856580428050692e-01,2.264442133501299026e-01,7.425349073356127087e-03,-1.205204728369062631e-02,1.673522488678559905e-01,2.149344919266809040e+00,2.291852786337582160e+00,2.734167441772791918e+00,-1.390626162765625509e+02,-1.482828752760415796e+02,-1.769006334826996465e+02
5.570252500000060536e+01,1.643210264652722685e+00,1.677818205369586979e-01,1.212865679066546382e-01,3.896173640700085605e-03,-1.213912668366781515e-02,1.673421073909794055e-01,2.164419727047510289e+00,2.315409316557808239e+00,2.756735637862107069e+00,-1.400379563399739311e+02,-1.498069827812902020e+02,-1.783607957696783330e+02
5.580807069999900705e+01,1.643725416110299875e+00,1.677918087195764962e-01,6.692921452995737042e-02,2.126892369727448762e-03,-1.222605938316828969e-02,1.673457933302961442e-01,2.179425145359395799e+00,2.338712027117430203e+00,2.778404145133277936e+00,-1.410088069047529018e+02,-1.513146681544977525e+02,-1.797627481901230908e+02
5.591309419999925012e+01,1.644213696916417611e+00,1.677038466212800449e-01,3.780473013206486765e-02,7.448853810196130309e-04,-1.230131751534802378e-02,1.672520784892086720e-01,2.194358804672964958e+00,2.361750900074792270e+00,2.799154068325754086e+00,-1.419750146623408398e+02,-1.528052832348390666e+02,-1.811052682206762938e+02
5.601754719999917143e+01,1.644213696916417611e+00,1.677038466212800449e-01,2.014896472269210939e-02,3.970050629162761636e-04,-1.230131751534802378e-02,1.672520784892086720e-01,2.209218346790296827e+00,2.384516030913233831e+00,2.818967313197963787e+00,-1.429364270373322086e+02,-1.542781872000862222e+02,-1.823871851639082706e+02
5.612564659999952710e+01,1.644213696916417611e+00,1.677038466212800449e-01,1.078170853251023999e-02,2.124373600929246615e-04,-1.230131751534802378e-02,1.672520784892086720e-01,2.224001425217433603e+00,2.406997632799074527e+00,2.837826602305749901e+00,-1.438928922115679541e+02,-1.557327468421001413e+02,-1.836073811691820197e+02
5.623068620000049123e+01,1.644213696916417611e+00,1.677038466212800449e-01,5.667243363742492483e-03,1.116645117577943651e-04,-1.230131751534802378e-02,1.672520784892086720e-01,2.238705705534920654e+00,2.429186040789028223e+00,2.855715490068576390e+00,-1.448442591481093586e+02,-1.571683368390501414e+02,-1.847647922074368978e+02
5.633567519999996875e+01,1.644213696916417611e+00,1.677038466212800449e-01,3.023945000257035384e-03,5.958229078292817893e-05,-1.230131751534802378e-02,1.672520784892086720e-01,2.253328865766437872e+00,2.451071715985202459e+00,2.872618377110304877e+00,-1.457903776150885449e+02,-1.585843400242426071e+02,-1.858584089990367261e+02
5.644029869999940274e+01,1.644213696916417611e+00,1.677038466212800449e-01,1.614349859705779605e-03,3.180833737326346533e-05,-1.230131751534802378e-02,1.672520784892086720e-01,2.267868596745467702e+00,2.472645249635914588e+00,2.888520523862084133e+00,-1.467310982094317637e+02,-1.599801476514436729e+02,-1.868872778938768420e+02
5.654528740000023390e+01,1.635045709313667217e+00,1.705126807311545534e-01,-3.923941626035097607e-02,1.253458737321892086e-02,-1.094779876478212642e-02,1.701608650434361381e-01,2.282322602479940343e+00,2.493897367180557545e+00,2.903408063415489515e+00,-1.476662723804521420e+02,-1.613551596565820887e+02,-1.878505017029821715e+02
5.665403220000007423e+01,1.485015615003991485e+00,2.310172464715465057e-01,-5.016509136647001599e-01,2.847843476248513861e-01,1.979252965499738934e-02,2.301678169013889608e-01,2.296688600514792178e+00,2.514818932236777105e+00,2.917268013614648048e+00,-1.485957524533070568e+02,-1.627087849157194910e+02,-1.887472404808677311e+02
5.675754609999967215e+01,1.418277870518332762e+00,2.755638217958605307e-01,-4.283034378596335401e-01,3.500424473231251166e-01,4.186581420329647113e-02,2.723649637597241324e-01,2.310964322292398343e+00,2.535400950528240216e+00,2.930088288376887284e+00,-1.495193916523181770e+02,-1.640404414991771489e+02,-1.895767122579846102e+02
5.686099800000010873e+01,1.409001026297769243e+00,2.857479506905594713e-01,-2.559107869127297263e-01,2.343512542046118918e-01,4.603122840040431429e-02,2.820159877308451857e-01,2.325147513510800401e+00,2.555634573751320637e+00,2.941857708231980340e+00,-1.504370441241487981e+02,-1.653495569217104446e+02,-1.903381937226091338e+02
5.696538510000027600e+01,1.408899704895246074e+00,2.856665438523477429e-01,-1.377600771825805148e-01,1.253842983474731665e-01,4.604668042552531593e-02,2.819309800258475440e-01,2.339235934479687362e+00,2.575511103379019229e+00,2.952566010070798441e+00,-1.513485649608357733e+02,-1.666355683886225449e+02,-1.910310208515806778e+02
5.707086709999930463e+01,1.410070497533350675e+00,2.855159825345934266e-01,-6.871932986059746395e-02,6.631443908765943807e-02,4.569247118691697335e-02,2.818360771078234905e-01,2.353227360474072327e+00,2.595021994400509957e+00,2.962203856094907106e+00,-1.522538102226724845e+02,-1.678979230377130136e+02,-1.916545894893405091e+02
5.717446100000051956e+01,1.410665178732486424e+00,2.854816258055299372e-01,-3.402094634031518211e-02,3.514279049127103788e-02,4.551938240034868882e-02,2.818292825425694481e-01,2.367119582085595919e+00,2.614158858994668044e+00,2.970762841959259326e+00,-1.531526369609380538e+02,-1.691360781769550385e+02,-1.922083558747640950e+02
5.727787080000052811e+01,1.410841087532043403e+00,2.852850889161650527e-01,-1.750150582606460961e-02,1.798693035344991684e-02,4.543850222561549024e-02,2.816432574612730555e-01,2.380910405571421418e+00,2.632913470136036160e+00,2.978235504100908315e+00,-1.540449032404709726e+02,-1.703495015178015421e+02,-1.926918371153287808e+02
5.738322759999937261e+01,1.411442866061548784e+00,2.852521408464886443e-01,-6.735297228902746916e-03,9.522593277419076629e-03,4.526377894689166681e-02,2.816380197575460986e-01,2.394597653200653209e+00,2.651277765131664133e+00,2.984615326247348044e+00,-1.549304681620822635e+02,-1.715376714040186812e+02,-1.931046116082034132e+02
5.748670479999964300e+01,1.412019293144335386e+00,2.851346604969248189e-01,-1.039144330795852174e-03,4.548290675735916846e-03,4.508285274865168196e-02,2.815480616249026458e-01,2.408179163598220818e+00,2.669243849087293174e+00,2.989896745098797659e+00,-1.558091918848049033e+02,-1.727000770359478850e+02,-1.934463194078922186e+02
5.759121439999944414e+01,1.412495425539207261e+00,2.849343983386973256e-01,1.569200757179930496e-03,1.545839751415005112e-03,4.491722404773824256e-02,2.813717369255141487e-01,2.421652792086193440e+00,2.686803998301412477e+00,2.994075155179486636e+00,-1.566809356479767246e+02,-1.738362186901013899e+02,-1.937166625401127931e+02
5.769617629999993369e+01,1.413091595082319962e+00,2.849004421224513028e-01,3.490481453350945031e-03,6.749119831423350561e-04,4.474413792947488228e-02,2.813649303707133065e-01,2.435016411022440153e+00,2.703950663585706238e+00,2.997146912853688505e+00,-1.575455617931518759e+02,-1.749456079339952055e+02,-1.939154052616336514e+02
5.780055360000005749e+01,1.413381251219416157e+00,2.847863127088006707e-01,3.151219000704072459e-03,-1.471461433586999826e-04,4.464474538940996218e-02,2.812651606854100761e-01,2.448267910136615821e+00,2.720676473510487359e+00,2.999109339503036153e+00,-1.584029337858390534e+02,-1.760277678361285325e+02,-1.940423742658464334e+02
5.790520889999970677e+01,1.413568867420088360e+00,2.847003242129056422e-01,2.524768275948240971e-03,-4.622685152065245237e-04,4.457851058404162931e-02,2.811886039672342186e-01,2.461405196863392764e+00,2.736974237573710500e+00,2.999960723862309386e+00,-1.592529162370615268e+02,-1.770822331710190838e+02,-1.940974588338914373e+02
5.800859010000021954e+01,1.414165649953876169e+00,2.846665484371408428e-01,4.002200763061730150e-03,-3.964314317050836138e-04,4.440542549040882997e-02,2.811817952608788862e-01,2.474426196672903977e+00,2.752836949292200686e+00,2.999700323511686584e+00,-1.600953749247368876e+02,-1.781085506192054027e+02,-1.940806109312061380e+02
5.811285889999999199e+01,1.414165649953876169e+00,2.846665484371408428e-01,2.149440430436218644e-03,-2.129092960720817046e-04,4.440542549040882997e-02,2.811817952608788862e-01,2.487328853398337536e+00,2.768257789213770970e+00,2.998328365524146388e+00,-1.609301768148724534e+02,-1.791062789621310003e+02,-1.939918452494122789e+02
5.821657179999965592e+01,1.414165649953876169e+00,2.846665484371408428e-01,1.150489538760455718e-03,-1.139598540937797479e-04,4.440542549040882997e-02,2.811817952608788862e-01,2.500111129560622647e+00,2.783230127848938196e+00,2.995846046267454099e+00,-1.617571900825722935e+02,-1.800749892718262970e+02,-1.938312391935043024e+02
5.832499429999916174e+01,1.414165649953876169e+00,2.846665484371408428e-01,6.046835353488084260e-04,-5.989593572098429318e-05,4.440542549040882997e-02,2.811817952608788862e-01,2.512771006690177167e+00,2.797747528520969418e+00,2.992255530360914406e+00,-1.625762841328544823e+02,-1.810142650953067402e+02,-1.935989328143511727e+02
5.842852779999884660e+01,1.414165649953876169e+00,2.846665484371408428e-01,3.239413682569351532e-04,-3.208748086599167164e-05,4.440542549040882997e-02,2.811817952608788862e-01,2.525306485645644194e+00,2.811803750133038182e+00,2.987559948787788855e+00,-1.633873296212731816e+02,-1.819237026336075758e+02,-1.932951286865699387e+02
5.853421949999938079e+01,1.414165649953876169e+00,2.846665484371408428e-01,1.738513212303055252e-04,-1.722055745310130986e-05,4.440542549040882997e-02,2.811817952608788862e-01,2.537715586929579992e+00,2.825392749851301843e+00,2.981763396165032276e+00,-1.641901984743438447e+02,-1.828029109153792433e+02,-1.929200917318775907e+02
5.864105509999899368e+01,1.414165649953876169e+00,2.846665484371408428e-01,9.259189903660447550e-05,-9.171538678957447184e-06,4.440542549040882997e-02,2.811817952608788862e-01,2.549996351001041717e+00,2.838508685702745282e+00,2.974870927172726276e+00,-1.649847639097673948e+02,-1.836515119649676251e+02,-1.924741489880753988e+02
5.874650370000017574e+01,1.414165649953876169e+00,2.846665484371408428e-01,4.895631739959658576e-05,-4.849287716112311706e-06,4.440542549040882997e-02,2.811817952608788862e-01,2.562146838585019903e+00,2.851145919086666147e+00,2.966888552146323299e+00,-1.657709004564507893e+02,-1.844691409649072966e+02,-1.919576893238671289e+02
5.885132639999937965e+01,1.414165649953876169e+00,2.846665484371408428e-01,2.602545898824969937e-05,-2.577909150064951619e-06,4.440542549040882997e-02,2.811817952608788862e-01,2.574165130978671279e+00,2.863299017198739804e+00,2.957823231835545297e+00,-1.665484839743200496e+02,-1.852554464127584595e+02,-1.913711630997597979e+02
5.895490939999945113e+01,1.414165649953876169e+00,2.846665484371408428e-01,1.389944455985038532e-05,-1.376786681373668545e-06,4.440542549040882997e-02,2.811817952608788862e-01,2.586049330354306619e+00,2.874962755366603950e+00,2.947682871334503574e+00,-1.673173916739236518e+02,-1.860100902722192870e+02,-1.907150817753423837e+02
5.906009300000005169e+01,1.414165649953876169e+00,2.846665484371408428e-01,7.459524857499182951e-06,-7.388909987703305022e-07,4.440542549040882997e-02,2.811817952608788862e-01,2.597797560059079025e+00,2.886132119295971243e+00,2.936476313188343568e+00,-1.680775021358224137e+02,-1.867327481184493365e+02,-1.899900174632858239e+02
5.916936309999982768e+01,1.414165649953876169e+00,2.846665484371408428e-01,3.969864815099922621e-06,-3.932284474209484411e-07,4.440542549040882997e-02,2.811817952608788862e-01,2.609407964911327316e+00,2.896802307226298279e+00,2.924213329682410212e+00,-1.688286953297628941e+02,-1.874231092775414993e+02,-1.891966024304519465e+02
5.927371949999906064e+01,1.414165649953876169e+00,2.846665484371408428e-01,2.083413633832558467e-06,-2.063691200394168619e-07,4.440542549040882997e-02,2.811817952608788862e-01,2.620878711493533686e+00,2.906968731995079658e+00,2.910904614320669381e+00,-1.695708526336316311e+02,-1.880808769600816674e+02,-1.883355285465473230e+02
5.937721219999912137e+01,1.414165649953876169e+00,2.846665484371408428e-01,1.113999836296246475e-06,-1.103454264708854378e-07,4.440542549040882997e-02,2.811817952608788862e-01,2.632207988441839674e+00,2.916627023009894515e+00,2.896561772500820808e+00,-1.703038568521870388e+02,-1.887057683887401822e+02,-1.874075466808031081e+02
5.948115899999902467e+01,1.414165649953876169e+00,2.846665484371408428e-01,5.985084759838468777e-07,-5.928427534464602809e-08,4.440542549040882997e-02,2.811817952608788862e-01,2.643394006732082246e+00,2.925773028127341746e+00,2.881197311394206206e+00,-1.710275922355657201e+02,-1.892975149198390170e+02,-1.864134660472051621e+02
5.958554259999982605e+01,1.414165649953876169e+00,2.846665484371408428e-01,3.200222128387072023e-07,-3.169927535469836512e-08,4.440542549040882997e-02,2.811817952608788862e-01,2.654434999962300257e+00,2.934402815438067691e+00,2.864824629039383730e+00,-1.717419444975608371e+02,-1.898558621588429958e+02,-1.853541534988481487e+02
5.969061080000028596e+01,1.414165649953876169e+00,2.846665484371408428e-01,1.714680285240002630e-07,-1.698448430343499879e-08,4.440542549040882997e-02,2.811817952608788862e-01,2.665329224631672211e+00,2.942512674957108665e+00,2.847458002658827425e+00,-1.724468008336691867e+02,-1.903805700697249392e+02,-1.842305327720261516e+02
5.979970460000004095e+01,1.414165649953876169e+00,2.846665484371408428e-01,9.123066162544450193e-08,-9.036703540056558558e-09,4.440542549040882997e-02,2.811817952608788862e-01,2.676074960415832926e+00,2.950099120218833804e+00,2.829112576208980379e+00,-1.731420499389043925e+02,-1.908714130781585538e+02,-1.830435836807210421e+02
5.990430379999997967e+01,1.414165649953876169e+00,2.846665484371408428e-01,4.784463148117762686e-08,-4.739171490981200508e-09,4.440542549040882997e-02,2.811817952608788862e-01,2.686670510438533110e+00,2.957158889775789667e+00,2.809804347174508887e+00,-1.738275820253730899e+02,-1.913281801684935886e+02,-1.817943412621907271e+02
6.000798799999938637e+01,1.414165649953876169e+00,2.846665484371408428e-01,2.557278316608126755e-08,-2.533070089032134586e-09,4.440542549040882997e-02,2.811817952608788862e-01,2.697114201539596579e+00,2.963688948600814665e+00,2.789550152618239576e+00,-1.745032888396119120e+02,-1.917506749744727301e+02,-1.804838948744001073e+02
6.011364329999923939e+01,1.414165649953876169e+00,2.846665484371408428e-01,1.370991425733359634e-08,-1.358013068147742197e-09,4.440542549040882997e-02,2.811817952608788862e-01,2.707404384539131570e+00,2.969686489391806905e+00,2.768367654499010566e+00,-1.751690636796818126e+02,-1.921387158636499066e+02,-1.791133872460859777e+02
6.021703720000004978e+01,1.414165649953876169e+00,2.846665484371408428e-01,7.295815925739097544e-09,-7.226750790694626877e-10,4.440542549040882997e-02,2.811817952608788862e-01,2.717539434497955320e+00,2.975148933778600568e+00,2.746275324270163409e+00,-1.758248014120177061e+02,-1.924921360154754666e+02,-1.776840134802795887e+02
6.032130510000024515e+01,1.414165649953876169e+00,2.846665484371408428e-01,3.916149519401947071e-09,-3.879077669157255643e-10,4.440542549040882997e-02,2.811817952608788862e-01,2.727517750974189248e+00,2.980073933431415689e+00,2.723292426772168984e+00,-1.764703984880300425e+02,-1.928107834930125932e+02,-1.761970200121593280e+02
6.042710099999931117e+01,1.414165649953876169e+00,2.846665484371408428e-01,2.095767561737115247e-09,-2.075928181036384303e-10,4.440542549040882997e-02,2.811817952608788862e-01,2.737337758275991018e+00,2.984459371070416367e+00,2.699439003433406370e+00,-1.771057529604566128e+02,-1.930945213082559349e+02,-1.746537035221413987e+02
6.053196149999894260e+01,1.414165649953876169e+00,2.846665484371408428e-01,1.114714639201519412e-09,-1.104162301001635071e-10,4.440542549040882997e-02,2.811817952608788862e-01,2.746997905710368393e+00,2.988303361375941769e+00,2.674735854793721668e+00,-1.777307644994608324e+02,-1.933432274810234333e+02,-1.730554098051538006e+02
6.063640399999894726e+01,1.414165649953876169e+00,2.846665484371408428e-01,5.945332350671534697e-10,-5.889051437630025699e-11,4.440542549040882997e-02,2.811817952608788862e-01,2.756496667828058467e+00,2.991604251799009795e+00,2.649204522366071846e+00,-1.783453344084753951e+02,-1.935567950913959407e+02,-1.714035325970848476e+02
6.073972239999966405e+01,1.414165649953876169e+00,2.846665484371408428e-01,3.178227295510229652e-10,-3.148140914548774749e-11,4.440542549040882997e-02,2.811817952608788862e-01,2.765832544664410086e+00,2.994360623271757671e+00,2.622867269851981931e+00,-1.789493656397873451e+02,-1.937351323256827413e+02,-1.696995123594232382e+02
6.084341230000063661e+01,1.414165649953876169e+00,2.846665484371408428e-01,1.707378797179690873e-10,-1.691216061112944983e-11,4.440542549040882997e-02,2.811817952608788862e-01,2.775004061976245495e+00,2.996571290817506394e+00,2.595747063727276149e+00,-1.795427628098630919e+02,-1.938781625158926829e+02,-1.679448350231547806e+02
6.094809849999910512e+01,1.414165649953876169e+00,2.846665484371408428e-01,9.160654394402400560e-11,-9.073935946557101111e-12,4.440542549040882997e-02,2.811817952608788862e-01,2.784009771474661665e+00,2.998235304060184347e+00,2.567867553214979282e+00,-1.801254322144106084e+02,-1.939858241726939241e+02,-1.661410306930091565e+02
6.105135130000053323e+01,1.414165649953876169e+00,2.846665484371408428e-01,4.893496714224305465e-11,-4.847172901391358475e-12,4.440542549040882997e-02,2.811817952608788862e-01,2.792848251053731801e+00,2.999351947632903137e+00,2.539253049662821393e+00,-1.806972818431764551e+02,-1.940580710118488525e+02,-1.642896723131845533e+02
6.115629989999979443e+01,1.414165649953876169e+00,2.846665484371408428e-01,2.633688676763795020e-11,-2.608757117911814044e-12,4.440542549040882997e-02,2.811817952608788862e-01,2.801518105015069260e+00,2.999920741485492037e+00,2.509928505343403948e+00,-1.812582213944749867e+02,-1.940948719741113564e+02,-1.623923742957182412e+02
6.125998429999890504e+01,1.414165649953876169e+00,2.846665484371408428e-01,1.401164055995502070e-11,-1.387900072126969508e-12,4.440542549040882997e-02,2.811817952608788862e-01,2.810017964288232584e+00,2.999941441090877348e+00,2.479919491695422806e+00,-1.818081622894486600e+02,-1.940962112385797695e+02,-1.604507911126938495e+02
6.136319109999931243e+01,1.414165649953876169e+00,2.846665484371408428e-01,7.534230389078756714e-12,-7.462908326601532330e-13,4.440542549040882997e-02,2.811817952608788862e-01,2.818346486646906790e+00,2.999414037550204526e+00,2.449252177025021293e+00,-1.823470176860548690e+02,-1.940620882294982437e+02,-1.584666158535188742e+02
6.146797189999961120e+01,1.414165649953876169e+00,2.846665484371408428e-01,4.043540013923076964e-12,-4.005262233896572161e-13,4.440542549040882997e-02,2.811817952608788862e-01,2.826502356920865378e+00,2.998338757596662685e+00,2.417953303686608102e+00,-1.828747024927799885e+02,-1.939925176165040739e+02,-1.564415787485235398e+02
6.157141939999928582e+01,1.414165649953876169e+00,2.846665484371408428e-01,2.160055884673671305e-12,-2.139607924788570860e-13,4.440542549040882997e-02,2.811817952608788862e-01,2.834484287203645536e+00,2.996716063498013227e+00,2.386050164763156456e+00,-1.833911333820758784e+02,-1.938875293083214615e+02,-1.543774456601762211e+02
6.167714969999906316e+01,1.414165649953876169e+00,2.846665484371408428e-01,1.159831086794015421e-12,-1.148851658111391288e-13,4.440542549040882997e-02,2.811817952608788862e-01,2.842291017055926794e+00,2.994546652857858149e+00,2.353570580266203915e+00,-1.838962288035184827e+02,-1.937471684399034189e+02,-1.522760165432233919e+02
6.178177999999934400e+01,1.414165649953876169e+00,2.846665484371408428e-01,6.169196704796946105e-13,-6.110796601522748105e-14,4.440542549040882997e-02,2.811817952608788862e-01,2.849921313704566028e+00,2.991831458315735048e+00,2.320542872876400153e+00,-1.843899089966854206e+02,-1.935714953530280695e+02,-1.501391238751031096e+02
6.188722240000060992e+01,1.414165649953876169e+00,2.846665484371408428e-01,3.293772094034399989e-13,-3.262591919425327294e-14,4.440542549040882997e-02,2.811817952608788862e-01,2.857373972237270188e+00,2.988571647146172516e+00,2.286995843245719584e+00,-1.848720960037513805e+02,-1.933605855703573582e+02,-1.479686310579980670e+02
6.199544649999916146e+01,1.414165649953876169e+00,2.846665484371408428e-01,1.717402597680324210e-13,-1.701144972276692253e-14,4.440542549040882997e-02,2.811817952608788862e-01,2.864647815792861874e+00,2.984768620756875990e+00,2.252958744882836761e+00,-1.853427136817981591e+02,-1.931145297629698803e+02,-1.457664307939195396e+02
6.209908369999902789e+01,1.414165649953876169e+00,2.846665484371408428e-01,9.216520542571741955e-14,-9.129273243244029097e-15,4.440542549040882997e-02,2.811817952608788862e-01,2.871741695747124012e+00,2.980424014086251461e+00,2.218461258643664724e+00,-1.858016877148389199e+02,-1.928334337113804793e+02,-1.435344434342451052e+02
6.220238280000012310e+01,1.414165649953876169e+00,2.846665484371408428e-01,4.951520289027830767e-14,-4.904647201642132544e-15,4.440542549040882997e-02,2.811817952608788862e-01,2.878654491894175216e+00,2.975539694900541043e+00,2.183533466849178151e+00,-1.862489456255531479e+02,-1.925174182600649999e+02,-1.412746153051418219e+02
6.231457740000041667e+01,1.414165649953876169e+00,2.846665484371408428e-01,2.596122892107683952e-14,-2.571546946118846849e-15,4.440542549040882997e-02,2.811817952608788862e-01,2.885385112623369608e+00,2.970117762990861721e+00,2.148205827053194295e+00,-1.866844167867320152e+02,-1.921666192655087571e+02,-1.389889170103416802e+02
6.241897359999893524e+01,1.414165649953876169e+00,2.846665484371408428e-01,1.375767670254975597e-14,-1.362744098813053636e-15,4.440542549040882997e-02,2.811817952608788862e-01,2.891932495091670496e+00,2.964160549270494549e+00,2.112509145482946327e+00,-1.871080324324310880e+02,-1.917811875378010029e+02,-1.366793417127466341e+02
6.252574259999892092e+01,1.414165649953876169e+00,2.846665484371408428e-01,7.246263143206190807e-15,-7.177667094779625462e-16,4.440542549040882997e-02,2.811817952608788862e-01,2.898295605391485008e+00,2.957670614772814233e+00,2.076474550175565259e+00,-1.875197256688290963e+02,-1.913612887758010856e+02,-1.343479033963590723e+02
6.263147530000060215e+01,1.414165649953876169e+00,2.846665484371408428e-01,3.887103125211976218e-15,-3.850306239845470855e-16,4.440542549040882997e-02,2.811817952608788862e-01,2.904473438713934375e+00,2.950650749550289387e+00,2.040133463834003180e+00,-1.879194314847915734e+02,-1.909071034959037263e+02,-1.319966351100599979e+02
6.273521979999895848e+01,1.414165649953876169e+00,2.846665484371408428e-01,2.067505403208107959e-15,-2.047933563494611438e-16,4.440542549040882997e-02,2.811817952608788862e-01,2.910465019507520346e+00,2.943103971475029113e+00,2.003517576425937641e+00,-1.883070867621365778e+02,-1.904188269544343939e+02,-1.296275871947581777e+02
6.284299819999978354e+01,1.414165649953876169e+00,2.846665484371408428e-01,1.107715314720940097e-15,-1.097229234948542576e-16,4.440542549040882997e-02,2.811817952608788862e-01,2.916269401632180625e+00,2.935033524941379035e+00,1.966658817549663096e+00,-1.886826302856021016e+02,-1.898966690637072361e+02,-1.272428254954632081e+02
6.294827350000014121e+01,1.414165649953876169e+00,2.846665484371408428e-01,5.833414348894468306e-16,-5.778192896780333432e-17,4.440542549040882997e-02,2.811817952608788862e-01,2.921885668508689804e+00,2.926442879471150338e+00,1.929589328591018837e+00,-1.890460027525122371e+02,-1.893408543017834234e+02,-1.248444295598389289e+02
6.305227689999992435e+01,1.414165649953876169e+00,2.846665484371408428e-01,3.111601007032970512e-16,-3.082145337380302981e-17,4.440542549040882997e-02,2.811817952608788862e-01,2.927312933263402694e+00,2.917335728222047564e+00,1.892341434695592017e+00,-1.893971467821421584e+02,-1.887516216159664850e+02,-1.224344908248048114e+02
6.315619689999948605e+01,1.414165649953876169e+00,2.846665484371408428e-01,1.667354881886546877e-16,-1.651571028338612720e-17,4.440542549040882997e-02,2.811817952608788862e-01,2.932550338868299633e+00,2.907715986399972863e+00,1.854947616580745251e+00,-1.897360069247789909e+02,-1.881292243200782650e+02,-1.200151107927742231e+02
6.326023530000020401e+01,1.414165649953876169e+00,2.846665484371408428e-01,8.933016006991835410e-17,-8.848452475899896852e-18,4.440542549040882997e-02,2.811817952608788862e-01,2.937597058276320894e+00,2.897587789575851502e+00,1.817440482211916786e+00,-1.900625296704779714e+02,-1.874739299855575894e+02,-1.175883991991110236e+02
6.336595660000057251e+01,1.414165649953876169e+00,2.846665484371408428e-01,4.779567696136067408e-17,-4.734322381321689367e-18,4.440542549040882997e-02,2.811817952608788862e-01,2.942452294551969771e+00,2.886955491907736260e+00,1.779852738368003395e+00,-1.903766634575124499e+02,-1.867860203264305312e+02,-1.151564721724098206e+02
6.347068009999929927e+01,1.414165649953876169e+00,2.846665484371408428e-01,2.542270278659340016e-17,-2.518204123221439443e-18,4.440542549040882997e-02,2.811817952608788862e-01,2.947115280997154585e+00,2.875823664268934543e+00,1.742217162120576424e+00,-1.906783586805159132e+02,-1.860657910782000783e+02,-1.127214503892012942e+02
6.357548049999968498e+01,1.414165649953876169e+00,2.846665484371408428e-01,1.358871831522148343e-17,-1.346008202901652859e-18,4.440542549040882997e-02,2.811817952608788862e-01,2.951585281272259831e+00,2.864197092282969592e+00,1.704566572251756451e+00,-1.909675676983152073e+02,-1.853135518707081530e+02,-1.102854572246886420e+02
6.367997169999944163e+01,1.414165649953876169e+00,2.846665484371408428e-01,7.250793593129959531e-18,-7.182154657637852118e-19,4.440542549040882997e-02,2.811817952608788862e-01,2.955861589512424281e+00,2.852080774266216423e+00,1.666933800635782781e+00,-1.912442448414538489e+02,-1.845296260950242129e+02,-1.078506169011351545e+02
6.378450919999886537e+01,1.419858364455908628e+00,2.844365812468878096e-01,2.534216562489570099e-02,-1.002402463004939404e-03,4.276944780028080900e-02,2.812026726158136092e-01,2.959943530439004711e+00,2.839479919079106907e+00,1.629351663609100109e+00,-1.915083464194036083e+02,-1.837143507644182137e+02,-1.054190526355087769e+02
6.388965370000005350e+01,1.488588896397679662e+00,2.819368422367669047e-01,3.226623271355318900e-01,-8.420514735050534799e-03,2.315120654701153038e-02,2.809847053593081401e-01,2.963830459466209266e+00,2.826399943886811705e+00,1.591852933354038102e+00,-1.917598307274637364e+02,-1.828680763694767393e+02,-1.029928847880062648e+02
6.399891939999906754e+01,1.658008621894523138e+00,2.833972638940008837e-01,9.170277053883945095e-01,2.818766517574385413e-02,-2.468440648468000695e-02,2.823201892516811751e-01,2.967521762802886265e+00,2.812846471830381390e+00,1.554470309320995280e+00,-1.919986580533467588e+02,-1.819911667274256786e+02,-1.005742290130684040e+02
6.410210100000040256e+01,1.693969278882181406e+00,2.841431880493997530e-01,6.330004129947891522e-01,2.368922102335601840e-02,-3.491032468242238201e-02,2.819904617987005757e-01,2.971016857549447110e+00,2.798825329609328172e+00,1.517236389713999101e+00,-1.922247906834492426e+02,-1.810839988257235404e+02,-9.816519441449574401e+01
6.420694279999952414e+01,1.695094445251832838e+00,2.841767279945789926e-01,3.450249809857285355e-01,1.298669542490460405e-02,-3.523174692673306657e-02,2.819842845659941699e-01,2.974315191789914881e+00,2.784342544976705192e+00,1.480183643064621135e+00,-1.924381929088075083e+02,-1.801469626599928233e+02,-9.576788170628098840e+01
6.431220620000021881e+01,1.695164750411931820e+00,2.840888864569173222e-01,1.843975432342095933e-01,6.540094497456678049e-03,-3.524067521758680877e-02,2.818946438273345900e-01,2.977416244679078172e+00,2.769404344147745167e+00,1.443344379918922948e+00,-1.926388310307363554e+02,-1.791804610663591291e+02,-9.338438138075431993e+01
6.441592409999975644e+01,1.695164750411931820e+00,2.840888864569173222e-01,9.823136434994970967e-02,3.484007401588752172e-03,-3.524067521758680877e-02,2.818946438273345900e-01,2.980319526524737306e+00,2.754017149123180630e+00,1.406750724662150454e+00,-1.928266733661505157e+02,-1.781849095482697862e+02,-9.101677188564113408e+01
6.451927609999984270e+01,1.695475174412321095e+00,2.840850282526362069e-01,5.413654903821329273e-02,1.858307115024843397e-03,-3.532770059009549685e-02,2.818798624384467599e-01,2.983024578865031806e+00,2.738187574928400370e+00,1.370434587505844792e+00,-1.930016902525675562e+02,-1.771607360978674990e+02,-8.866711781162815953e+01
6.462302599999929953e+01,1.695823425836262999e+00,2.839344084815590974e-01,3.068064813828001378e-02,3.272231975029073875e-04,-3.540708097973127577e-02,2.817180983470313205e-01,2.985530974540840710e+00,2.721922426769618930e+00,1.334427636661632111e+00,-1.931638540527924022e+02,-1.761083810119943394e+02,-8.633746809200759742e+01
6.472925949999989825e+01,1.696128707969128513e+00,2.839293102929721924e-01,1.773361827528889545e-02,1.534558296319873092e-04,-3.549244553381734196e-02,2.817022178710559821e-01,2.987838317763230833e+00,2.705228697108284397e+00,1.298761270726064065e+00,-1.933131391592810360e+02,-1.750282967029060046e+02,-8.402985421597634286e+01
6.483273379999991448e+01,1.696128707969128513e+00,2.839293102929721924e-01,9.442234654522629542e-03,8.170729345791482418e-05,-3.549244553381734196e-02,2.817022178710559821e-01,2.989946244175959222e+00,2.688113562654994126e+00,1.263466591300604236e+00,-1.934495219981845651e+02,-1.739209475037781374e+02,-8.174628845714909176e+01
6.493617450000056124e+01,1.696199645720851024e+00,2.838428449787534502e-01,5.390769872812641722e-03,-3.430273348212618963e-04,-3.550161412636395480e-02,2.816139130796904144e-01,2.991854420913011126e+00,2.670584381284182296e+00,1.228574375870540081e+00,-1.935729810330718408e+02,-1.727868094690865917e+02,-7.948876211882394216e+01
6.504117059999953199e+01,1.696788198252233038e+00,2.837754025087848020e-01,5.525966178892815703e-03,-4.849257991046370449e-04,-3.565887780929135470e-02,2.815260618529035197e-01,2.993562546651157952e+00,2.652648688870947957e+00,1.194115050966569891e+00,-1.936834967683299169e+02,-1.716263701699503486e+02,-7.725924379753708138e+01
6.514608769999904325e+01,1.696788198252233038e+00,2.837754025087848020e-01,2.950029724090362168e-03,-2.588769954476223415e-04,-3.565887780929135470e-02,2.815260618529035197e-01,2.995070351657544983e+00,2.634314196051341650e+00,1.160118665632429380e+00,-1.937810517522431724e+02,-1.704401284845218072e+02,-7.505967766641818173e+01
6.524993460000041523e+01,1.696864068813303206e+00,2.836875031476073783e-01,1.912714148362878010e-03,-5.291182887112878125e-04,-3.566918530218985556e-02,2.814361537933635637e-01,2.996377597832283080e+00,2.615588784907529885e+00,1.126614865221648554e+00,-1.938656305797487107e+02,-1.692285943835171906e+02,-7.289198177984066263e+01
6.535352059999968333e+01,1.696864068813303206e+00,2.836875031476073783e-01,1.025865442095383242e-03,-2.837873958501078184e-04,-3.566918530218985556e-02,2.814361537933635637e-01,2.997484078746046166e+00,2.596480505579252807e+00,1.093632865546395605e+00,-1.939372198948692017e+02,-1.679922887109776752e+02,-7.075804640085179642e+01
6.545917059999919729e+01,1.696864068813303206e+00,2.836875031476073783e-01,5.495980070943867020e-04,-1.520364960136978130e-04,-3.566918530218985556e-02,2.814361537933635637e-01,2.998389619672672257e+00,2.576997572803024550e+00,1.061201427400826347e+00,-1.939958083928219139e+02,-1.667317429603556889e+02,-6.865973235283347265e+01
6.556462389999978768e+01,1.696864068813303206e+00,2.836875031476073783e-01,2.924146726251061756e-04,-8.089130898409287759e-05,-3.566918530218985556e-02,2.814361537933635637e-01,2.999094077616751619e+00,2.557148362380596396e+00,1.029348831481255555e+00,-1.940413868218038260e+02,-1.654474990460246033e+02,-6.659886939683723028e+01
6.567035840000062308e+01,1.696864068813303206e+00,2.836875031476073783e-01,1.555594402251943981e-04,-4.303274740519412851e-05,-3.566918530218985556e-02,2.814361537933635637e-01,2.999597341336207812e+00,2.536941407578145569e+00,9.981028537249818644e-01,-1.940739479844526443e+02,-1.641401090703060390e+02,-6.457725463600633020e+01
6.577560799999992014e+01,1.696864068813303206e+00,2.836875031476073783e-01,8.265081475620881949e-05,-2.286387524337069364e-05,-3.566918530218985556e-02,2.814361537933635637e-01,2.999899331359865862e+00,2.516385395457793273e+00,9.674907410892292781e-01,-1.940934867389833300e+02,-1.628101350861192316e+02,-6.259665094847314037e+01
6.587947010000061709e+01,1.696864068813303206e+00,2.836875031476073783e-01,4.408715537849065911e-05,-1.219592599761017517e-05,-3.566918530218985556e-02,2.814361537933635637e-01,3.000000000000000000e+00,2.495489163142996958e+00,9.375391877914260874e-01,-1.941000000000000227e+02,-1.614581488553519080e+02,-6.065878545010527034e+01
6.598404449999907229e+01,1.696864068813303206e+00,2.836875031476073783e-01,2.364751999886824358e-05,-6.541665059975962342e-06,-3.566918530218985556e-02,2.814361537933635637e-01,2.999899331359865862e+00,2.474261694019423086e+00,9.082743120314246132e-01,-1.940934867389833300e+02,-1.600847316030566674e+02,-5.876534798843317731e+01
6.608998659999997471e+01,1.696864068813303206e+00,2.836875031476073783e-01,1.261473544888789927e-05,-3.489641794605929044e-06,-3.566918530218985556e-02,2.814361537933635637e-01,2.999597341336207368e+00,2.452712113872960398e+00,8.797216332160532337e-01,-1.940739479844526159e+02,-1.586904737675805563e+02,-5.691798966907864354e+01
6.619431110000004992e+01,1.696864068813303206e+00,2.836875031476073783e-01,6.709329229702615856e-06,-1.856016385647273285e-06,-3.566918530218985556e-02,2.814361537933635637e-01,2.999094077616751175e+00,2.430849686966494616e+00,8.519060497058243975e-01,-1.940413868218037976e+02,-1.572759747467322029e+02,-5.511832141596683954e+01
6.629783029999998689e+01,1.696864068813303206e+00,2.836875031476073783e-01,3.589615413366039586e-06,-9.930031449171681563e-07,-3.566918530218985556e-02,2.814361537933635637e-01,2.998389619672672257e+00,2.408683812057163198e+00,8.248518171031710144e-01,-1.939958083928219139e+02,-1.558418426400984629e+02,-5.336791256657516413e+01
6.640143299999908777e+01,1.696864068813303206e+00,2.836875031476073783e-01,1.924224642025020465e-06,-5.323024616907932754e-07,-3.566918530218985556e-02,2.814361537933635637e-01,2.997484078746046166e+00,2.386224018355783016e+00,7.985825271012255699e-01,-1.939372198948692017e+02,-1.543886939876191775e+02,-5.166828950344929439e+01
6.650607300000046962e+01,1.696864068813303206e+00,2.836875031476073783e-01,1.034092945731831920e-06,-2.860633881347938751e-07,-3.566918530218985556e-02,2.814361537933635637e-01,2.996377597832283080e+00,2.363479961430203335e+00,7.731210869114916173e-01,-1.938656305797487107e+02,-1.529171535045341557e+02,-5.002093432317351329e+01
6.661030129999926430e+01,1.696864068813303206e+00,2.836875031476073783e-01,5.515819372629677894e-07,-1.525853149454868560e-07,-3.566918530218985556e-02,2.814361537933635637e-01,2.995070351657544983e+00,2.340461419054330250e+00,7.484896992884235711e-01,-1.937810517522431724e+02,-1.514278538128151865e+02,-4.842728354396101054e+01
6.671504719999938970e+01,1.696864068813303206e+00,2.836875031476073783e-01,2.958095072747196895e-07,-8.183042950129026457e-08,-3.566918530218985556e-02,2.814361537933635637e-01,2.993562546651157508e+00,2.317178287004618920e+00,7.247098431683038910e-01,-1.936834967683298885e+02,-1.499214351691988441e+02,-4.688872685298926513e+01
6.682054669999888574e+01,1.711863237153580464e+00,2.778742280783744745e-01,6.806128651649147321e-02,-2.569729131246620973e-02,-3.906897939988300539e-02,2.751139790683199693e-01,2.991854420913010237e+00,2.293640574805833054e+00,7.018022549392701759e-01,-1.935729810330717839e+02,-1.483985451899374084e+02,-4.540660589457078089e+01
6.692519519999950717e+01,1.760802656489463658e+00,2.617287284292443839e-01,2.712718935656476815e-01,-8.328530940228230650e-02,-4.943142528375564504e-02,2.570184068887005346e-01,2.989946244175959222e+00,2.269858401427905736e+00,6.797869103589002648e-01,-1.934495219981845651e+02,-1.468598385723855131e+02,-4.398221310022084651e+01
6.703035929999896325e+01,1.871891176354991693e+00,2.337129297427804620e-01,7.340869049472694696e-01,-1.573387540987504496e-01,-6.931130382998962336e-02,2.231987381020347494e-01,2.987838317763229945e+00,2.245841990935741883e+00,6.586830071350335825e-01,-1.933131391592809791e+02,-1.453059768135425145e+02,-4.261679056163667667e+01
6.713443999999981315e+01,2.120886741439305112e+00,2.109117476103940514e-01,1.731976589822159962e+00,-1.280687877429289023e-01,-1.102571336822411319e-01,1.797974687036693886e-01,2.985530974540839821e+00,2.221601668093855064e+00,6.385089481850949600e-01,-1.931638540527923453e+02,-1.437376279256724274e+02,-4.131152894757564553e+01
6.723942200000055891e+01,2.583108165583663407e+00,2.435399727253146629e-01,2.569589502859362717e+00,2.703949413727947393e-01,-2.065363039120231559e-01,1.290522122298080610e-01,2.983024578865031806e+00,2.197147853927704286e+00,6.192823255884793987e-01,-1.930016902525675562e+02,-1.421554661491224749e+02,-4.006756646557462176e+01
6.734493370000018331e+01,2.978600531622964454e+00,3.496453797391342322e-01,1.912667940132610989e+00,8.159564064354680735e-01,-3.450112376945903003e-01,5.673744299287999254e-02,2.980319526524736418e+00,2.172491061243637667e+00,6.010199052459939129e-01,-1.928266733661504588e+02,-1.405601716624633752e+02,-3.888598786941580698e+01
6.744856190000064089e+01,-3.130132806853663574e+00,4.226545590873985736e-01,1.288384647754861945e+00,8.371614132190888791e-01,-4.226268061837296086e-01,-4.843450454329778672e-03,2.977416244679077728e+00,2.147641890109397877e+00,5.837376122597368600e-01,-1.926388310307363270e+02,-1.389524302900780413e+02,-3.776782351320497355e+01
6.755248489999939920e+01,-3.015150275312809658e+00,4.623118612783655434e-01,9.854152680726863123e-01,6.695946459777735171e-01,-4.586211364882753494e-01,-5.830017362640894929e-02,2.974315191789914437e+00,2.122611023297094945e+00,5.674505170461785486e-01,-1.924381929088074799e+02,-1.373329332073220428e+02,-3.671404845288775221e+01
6.765793110000049637e+01,-2.942063810682930214e+00,4.880449777012828005e-01,7.554353077860384014e-01,4.970005468641575108e-01,-4.783622012248393007e-01,-9.673419611891136138e-02,2.971016857549446222e+00,2.097409221690653691e+00,5.521728221945385595e-01,-1.922247906834491857e+02,-1.357023766433852927e+02,-3.572558159598664673e+01
6.776311150000037742e+01,-2.906537321775534810e+00,5.021292335913367655e-01,5.239144068681919064e-01,3.344952527655573049e-01,-4.883214108777527152e-01,-1.169442897510787616e-01,2.967521762802886265e+00,2.072047319659635178e+00,5.379178500819050690e-01,-1.919986580533467588e+02,-1.340614615819783921e+02,-3.480328490029926058e+01
6.786655229999996664e+01,-2.899301778160460419e+00,5.050531602197521064e-01,3.072343766992551295e-01,1.924757376675512721e-01,-4.903010015427241020e-01,-1.211759981768677358e-01,2.963830459466208822e+00,2.046536220401503403e+00,5.246980312559301751e-01,-1.917598307274637079e+02,-1.324108934599772738e+02,-3.394796262225868588e+01
6.797101010000005772e+01,-2.899201512586967677e+00,5.047860019401883003e-01,1.656780572818729036e-01,1.022818736330946415e-01,-4.900295009042799910e-01,-1.211610333327594463e-01,2.959943530439004711e+00,2.020886891254303208e+00,5.125248935952126939e-01,-1.915083464194036083e+02,-1.307513818641534158e+02,-3.316036061561026571e+01
6.807653059999938705e+01,-2.899130014748651618e+00,5.046209443417470908e-01,8.878140770052785069e-02,5.386892274889343302e-02,-4.898606072931818156e-01,-1.211564397409883725e-01,2.955861589512423837e+00,1.995110358981728060e+00,5.014090522568044328e-01,-1.912442448414538205e+02,-1.290836402261178080e+02,-3.244116568101524933e+01
6.818119990000013786e+01,-2.899097609847533175e+00,5.045191130900607002e-01,4.738775801864856391e-02,2.821036620827640368e-02,-4.897578291134828121e-01,-1.211478612903671287e-01,2.951585281272259387e+00,1.969217705032687116e+00,4.913602004196477857e-01,-1.909675676983151789e+02,-1.274083855156148672e+02,-3.179100496715121338e+01
6.828499419999934616e+01,-2.899029573766276791e+00,5.043537948218523859e-01,2.560075349997531502e-02,1.432202897949518168e-02,-4.895891068900174448e-01,-1.211414741772537801e-01,2.947115280997154585e+00,1.943220060777317126e+00,4.823871008319697840e-01,-1.906783586805159132e+02,-1.257263379322924237e+02,-3.121044542382844611e+01
6.838947980000011739e+01,-2.898962017908133681e+00,5.041901606155670956e-01,1.406703653876490573e-02,6.965869722552277092e-03,-4.894220807098286774e-01,-1.211352342434407897e-01,2.942452294551969771e+00,1.917128602721567265e+00,4.744975781700406792e-01,-1.903766634575124499e+02,-1.240382205960854094e+02,-3.069999330760163403e+01
6.849247529999956896e+01,-2.898928416077780845e+00,5.040856391442061213e-01,7.670445320446851040e-03,3.258086632672857561e-03,-4.893165509469198371e-01,-1.211265642245052399e-01,2.937597058276320894e+00,1.890954547702380362e+00,4.676985122149404095e-01,-1.900625296704779714e+02,-1.223447592363440179e+02,-3.026009374030664745e+01
6.859683939999922586e+01,-2.898860792196800151e+00,5.039220081345350266e-01,4.431560571778392181e-03,1.019493905239385193e-03,-4.891495246163194421e-01,-1.211203238518253900e-01,2.932550338868298745e+00,1.864709148065494038e+00,4.619958318532828567e-01,-1.897360069247789340e+02,-1.206466818798374732e+02,-2.989113032090740063e+01
6.870455129999936617e+01,-2.898644425004862413e+00,5.039384877984331990e-01,3.334735086794848348e-03,6.191298004323085970e-04,-4.891393024072858697e-01,-1.212301213605156414e-01,2.927312933263402250e+00,1.838403686828039785e+00,4.573945099071432541e-01,-1.893971467821421300e+02,-1.189447185377741789e+02,-2.959342479099217016e+01
6.880931779999991704e+01,-2.898573171510237856e+00,5.037751296048909033e-01,2.068947637393769509e-03,-3.906860840131802081e-04,-4.889721050505914102e-01,-1.212256643240944981e-01,2.921885668508688916e+00,1.812049472827890195e+00,4.538985587976800407e-01,-1.890460027525121802e+02,-1.172396008919644999e+02,-2.936723675420989821e+01
6.891441610000038054e+01,-2.891465530843782883e+00,5.068081656561422843e-01,3.255170808420155409e-02,1.335354691872365530e-02,-4.910367837041990091e-01,-1.254487697236583155e-01,2.916269401632179736e+00,1.785657835861959919e+00,4.515110270462447950e-01,-1.886826302856020448e+02,-1.155320619802688071e+02,-2.921276344989204077e+01
6.901954169999953592e+01,-2.874886402674825536e+00,5.142830461062372072e-01,8.932058246787233369e-02,4.072199837850560417e-02,-4.961001644436862645e-01,-1.355421644775437473e-01,2.910465019507520346e+00,1.759240121815473623e+00,4.502339966160286977e-01,-1.883070867621365778e+02,-1.138228358814611454e+02,-2.913013958105705825e+01
6.912368029999925056e+01,-2.850564607648821358e+00,5.270388806554577865e-01,1.511084948153170182e-01,7.976587983447418206e-02,-5.048765780072231868e-01,-1.512270567797778797e-01,2.904473438713933042e+00,1.732807687784296835e+00,4.500685810965552314e-01,-1.879194314847914882e+02,-1.121126573996440072e+02,-2.911943719694712485e+01
6.922829939999974158e+01,-2.824291787735119907e+00,5.388002750288123366e-01,1.914478486773723287e-01,9.698313852408203817e-02,-5.119039130728338938e-01,-1.681074660800178922e-01,2.898295605391484120e+00,1.706371897192501486e+00,4.510149247326178390e-01,-1.875197256688290395e+02,-1.104022617483548458e+02,-2.918066563020037663e+01
6.933416679999936605e+01,-2.811850336195846012e+00,5.852645899150830111e-01,1.441267379217387179e-01,2.596929330314640127e-01,-5.537339355852319844e-01,-1.895082288180658381e-01,2.891932495091669608e+00,1.679944114907146568e+00,4.530722022984932096e-01,-1.871080324324310311e+02,-1.086923842344923941e+02,-2.931377148871251137e+01
6.943763240000043879e+01,-2.821906765718201981e+00,6.506084865110827176e-01,3.097284091881511228e-02,4.271270018273005675e-01,-6.176448743188087676e-01,-2.044656742535153893e-01,2.885385112623368720e+00,1.653535702352483483e+00,4.562386198175527596e-01,-1.866844167867319584e+02,-1.069837599422056797e+02,-2.951863870219566621e+01
6.954107949999888660e+01,-2.813842531908634648e+00,6.829853592899800541e-01,4.747646465205895144e-02,3.741512248783522843e-01,-6.466293696507595667e-01,-2.198623644681474698e-01,2.878654491894174328e+00,1.627158012625639971e+00,4.605114161266345985e-01,-1.862489456255530911e+02,-1.052771234168789078e+02,-2.979508862339325859e+01
6.964502510000056645e+01,-2.797036706191981192e+00,6.954468825906837681e-01,9.397577198963705247e-02,2.572199014984413723e-01,-6.545723654756713250e-01,-2.349071835016641741e-01,2.871741695747122236e+00,1.600822385615849885e+00,4.658868652838212832e-01,-1.858016877148388062e+02,-1.035732083493454923e+02,-3.014288018386323742e+01
6.974836789999972098e+01,-2.786651309842363755e+00,7.047628383536308494e-01,9.352924284984753811e-02,1.801673314341726562e-01,-6.608327686460260253e-01,-2.449300108355318972e-01,2.864647815792860541e+00,1.574540143129395942e+00,4.723602798175137174e-01,-1.853427136817980738e+02,-1.018727472604719253e+02,-3.056171010419313916e+01
6.985283879999951751e+01,-2.785668312183465556e+00,7.050942048940630480e-01,5.452009011422243728e-02,9.837102937173952677e-02,-6.609022818563400348e-01,-2.456949564241679707e-01,2.857373972237269300e+00,1.548322584022312265e+00,4.799260148139792292e-01,-1.848720960037513237e+02,-1.001764711862436030e+02,-3.105121315846445640e+01
6.995755850000023202e+01,-2.785668312183465556e+00,7.050942048940630480e-01,2.913819604675231198e-02,5.257427735628120158e-02,-6.609022818563400348e-01,-2.456949564241679707e-01,2.849921313704564696e+00,1.522180979342944385e+00,4.885774728397993538e-01,-1.843899089966853353e+02,-9.848510936348850464e+01,-3.161096249273501968e+01
7.006265229999917210e+01,-2.785626787969150087e+00,7.050452782841057919e-01,1.572424428473921665e-02,2.782241045248754624e-02,-6.608462195798069372e-01,-2.457053489401272717e-01,2.842291017055925906e+00,1.496126567486498082e+00,4.983071096949263090e-01,-1.838962288035184258e+02,-9.679938891637642939e+01,-3.224046999726173368e+01
7.016679350000049453e+01,-2.785626787969150087e+00,7.050452782841057919e-01,8.380401062430015147e-03,1.482824572635781796e-02,-6.608462195798069372e-01,-2.457053489401272717e-01,2.834484287203644648e+00,1.470170549363568391e+00,5.091064409913461652e-01,-1.833911333820758216e+02,-9.512003454382288226e+01,-3.293918673214010084e+01
7.027137779999975464e+01,-2.785591026792357816e+00,7.049392388148345567e-01,4.655642863320333391e-03,7.480386046215945460e-03,-6.607380418769109864e-01,-2.456920235528694263e-01,2.826502356920864933e+00,1.444324083584853424e+00,5.209660495515771039e-01,-1.828747024927799600e+02,-9.344776820794001537e+01,-3.370650340598704275e+01
7.037630390000049374e+01,-2.785591026792357816e+00,7.049392388148345567e-01,2.485354597240956726e-03,3.993307131776168729e-03,-6.607380418769109864e-01,-2.456920235528694263e-01,2.818346486646906790e+00,1.418598281663982386e+00,5.338755936206025510e-01,-1.823470176860548690e+02,-9.178330882365966659e+01,-3.454175090725298958e+01
7.048012240000025486e+01,-2.785591026792357816e+00,7.049392388148345567e-01,1.324606412947479470e-03,2.128291971492384405e-03,-6.607380418769109864e-01,-2.456920235528694263e-01,2.810017964288231695e+00,1.393004203240647776e+00,5.478238158840360583e-01,-1.818081622894486031e+02,-9.012737194966992149e+01,-3.544420088769713573e+01
7.058957659999941825e+01,-2.785591026792357816e+00,7.049392388148345567e-01,7.101374750038377034e-04,1.141002996764494846e-03,-6.607380418769109864e-01,-2.456920235528694263e-01,2.801518105015069260e+00,1.367552851326016228e+00,5.627985532846453420e-01,-1.812582213944749867e+02,-8.848066948079325300e+01,-3.641306639751655183e+01
7.069492569999965781e+01,-2.785348555352638034e+00,7.048075210795130552e-01,1.427327898164412572e-03,2.281405547039631429e-05,-6.605550015387183782e-01,-2.458062890009774792e-01,2.792848251053730024e+00,1.342255167572460994e+00,5.787867476287478219e-01,-1.806972818431763415e+02,-8.684390934193822886e+01,-3.744750257157998874e+01
7.079888749999918218e+01,-2.785348555352638034e+00,7.048075210795130552e-01,7.613863782928764800e-04,1.216981121935371849e-05,-6.605550015387183782e-01,-2.458062890009774792e-01,2.784009771474660777e+00,1.317122027569728626e+00,5.957744569731266981e-01,-1.801254322144105515e+02,-8.521779518376145290e+01,-3.854660736616129668e+01
7.090250559999913094e+01,-2.785348555352638034e+00,7.048075210795130552e-01,4.075584213905803378e-04,6.514312825377729977e-06,-6.605550015387183782e-01,-2.458062890009774792e-01,2.775004061976245495e+00,1.292164236169443203e+00,6.137468677826281027e-01,-1.795427628098630919e+02,-8.360302608016297654e+01,-3.970942234553604067e+01
7.100733679999939341e+01,-2.785348555352638034e+00,7.048075210795130552e-01,2.190145960439955056e-04,3.500675037179581758e-06,-6.605550015387183782e-01,-2.458062890009774792e-01,2.765832544664409198e+00,1.267392522840063762e+00,6.326883078477782973e-01,-1.789493656397872883e+02,-8.200029622775213056e+01,-4.093493351775125433e+01
7.111166269999921496e+01,-2.785348555352638034e+00,7.048075210795130552e-01,1.169226285612014768e-04,1.868862324606877011e-06,-6.605550015387183782e-01,-2.458062890009774792e-01,2.756496667828058023e+00,1.242817537054250909e+00,6.525822599511763578e-01,-1.783453344084753667e+02,-8.041029464741004062e+01,-4.222207221884111306e+01
7.121986979999928735e+01,-2.785348555352638034e+00,7.048075210795130552e-01,6.245641706910490558e-05,9.982878953947521496e-07,-6.605550015387183782e-01,-2.458062890009774792e-01,2.746997905710367061e+00,1.218449843710577962e+00,6.734113762707698569e-01,-1.777307644994607472e+02,-7.883370488807439358e+01,-4.356971604471880966e+01
7.132485020000058284e+01,-2.785348555352638034e+00,7.048075210795130552e-01,3.283929044029107528e-05,5.248950816954857220e-07,-6.605550015387183782e-01,-2.458062890009774792e-01,2.737337758275988797e+00,1.194299918591664955e+00,6.951574935073934203e-01,-1.771057529604564706e+02,-7.727120473288073299e+01,-4.497668982992835396e+01
7.142938479999975243e+01,-2.785348555352638034e+00,7.048075210795130552e-01,1.752177197839465160e-05,2.800636618739198113e-07,-6.605550015387183782e-01,-2.458062890009774792e-01,2.727517750974188360e+00,1.170378143860576259e+00,7.178016487234541998e-01,-1.764703984880299856e+02,-7.572346590777928554e+01,-4.644176667240748912e+01
7.153402389999973821e+01,-2.785348555352638034e+00,7.048075210795130552e-01,9.358546142211289975e-06,1.495846827384563832e-07,-6.605550015387183782e-01,-2.458062890009774792e-01,2.717539434497953543e+00,1.146694803597471779e+00,7.413240958788874790e-01,-1.758248014120175924e+02,-7.419115379275642397e+01,-4.796366900336402495e+01
7.163729430000057619e+01,-2.785348555352638034e+00,7.048075210795130552e-01,5.007321478628203351e-06,8.003578583340482615e-08,-6.605550015387183782e-01,-2.458062890009774792e-01,2.707404384539130682e+00,1.123260079378461285e+00,7.657043230499890329e-01,-1.751690636796817557e+02,-7.267492713578644725e+01,-4.954106970133429400e+01
7.174190979999912088e+01,-2.785348555352638034e+00,7.048075210795130552e-01,2.688944715738700285e-06,4.297942608743532742e-08,-6.605550015387183782e-01,-2.458062890009774792e-01,2.697114201539594358e+00,1.100084045898465535e+00,7.909210703161373424e-01,-1.745032888396117698e+02,-7.117543776963071878e+01,-5.117259324945408849e+01
7.184812059999967460e+01,-2.785348555352638034e+00,7.048075210795130552e-01,1.435997450368203696e-06,2.295262744473740248e-08,-6.605550015387183782e-01,-2.458062890009774792e-01,2.686670510438531334e+00,1.077176666640092151e+00,8.169523482987364194e-01,-1.738275820253729762e+02,-6.969333033161396429e+01,-5.285681693492824706e+01
7.195276379999995697e+01,-2.785348555352638034e+00,7.048075210795130552e-01,7.629694140604703709e-07,1.219511407082878846e-08,-6.605550015387183782e-01,-2.458062890009774792e-01,2.676074960415832038e+00,1.054547789590260187e+00,8.437754573363029920e-01,-1.731420499389043357e+02,-6.822924198648983918e+01,-5.459227208965880607e+01
7.205789259999983187e+01,-2.785348555352638034e+00,7.048075210795130552e-01,4.068799495493555808e-07,6.503468299574842355e-09,-6.605550015387183782e-01,-2.458062890009774792e-01,2.665329224631670435e+00,1.032207143006517391e+00,8.713670072788997079e-01,-1.724468008336690730e+02,-6.678380215252167318e+01,-5.637744537094481245e+01
7.216269979999924544e+01,-2.785348555352638034e+00,7.048075210795130552e-01,2.168979503483029837e-07,3.466843096828096273e-09,-6.605550015387183782e-01,-2.458062890009774792e-01,2.654434999962298924e+00,1.010164331234830737e+00,8.997029378846831404e-01,-1.717419444975607519e+02,-6.535763223089355733e+01,-5.821078008113899926e+01
7.226815360000000510e+01,-2.785348555352638034e+00,7.048075210795130552e-01,1.158157753623739436e-07,1.851170657325578433e-09,-6.605550015387183782e-01,-2.458062890009774792e-01,2.643394006732079582e+00,9.884288305806062658e-01,9.287585398008157966e-01,-1.710275922355655496e+02,-6.395134533856522552e+01,-6.009067752511278115e+01
7.237335619999976188e+01,-2.785348555352638034e+00,7.048075210795130552e-01,6.163334063655392466e-08,9.851320456332888559e-10,-6.605550015387183782e-01,-2.458062890009774792e-01,2.632207988441837898e+00,9.670099852348120750e-01,9.585084761103630502e-01,-1.703038568521869252e+02,-6.256554604469234704e+01,-6.201549840434049088e+01
7.247948089999954391e+01,-2.785348555352638034e+00,7.048075210795130552e-01,3.281861980044396322e-08,5.245646873098035093e-10,-6.605550015387183782e-01,-2.458062890009774792e-01,2.620878711493532798e+00,9.459170032568430253e-01,9.889268044264838409e-01,-1.695708526336315742e+02,-6.120083011071774592e+01,-6.398356424639350593e+01
7.258331759999964561e+01,-2.785348555352638034e+00,7.048075210795130552e-01,1.742065129383083138e-08,2.784473739068657201e-10,-6.605550015387183782e-01,-2.458062890009774792e-01,2.609407964911325095e+00,9.251589526159442745e-01,1.019986999514569614e+00,-1.688286953297627520e+02,-5.985778423425159644e+01,-6.599315886859265845e+01
7.268673060000037367e+01,-2.785348555352638034e+00,7.048075210795130552e-01,9.345617350371759180e-09,1.493780321331037069e-10,-6.605550015387183782e-01,-2.458062890009774792e-01,2.597797560059077693e+00,9.047447572928609683e-01,1.051661976422630040e+00,-1.680775021358223285e+02,-5.853698579684810710e+01,-6.804252987454417223e+01
7.279055479999988165e+01,-2.785348555352638034e+00,7.048075210795130552e-01,5.016649856356850328e-09,8.018488831169563175e-11,-6.605550015387183782e-01,-2.458062890009774792e-01,2.586049330354304843e+00,8.846831934433532219e-01,1.083924114099802161e+00,-1.673173916739235381e+02,-5.723900261578495474e+01,-7.012989018225719917e+01
7.289527189999898837e+01,-2.785348555352638034e+00,7.048075210795130552e-01,2.690573142092306286e-09,4.300545445079057144e-11,-6.605550015387183782e-01,-2.458062890009774792e-01,2.574165130978670391e+00,8.649828856253111153e-01,1.116745279482284303e+00,-1.665484839743199927e+02,-5.596439269995763510e+01,-7.225341958250379548e+01
7.299865639999916311e+01,-2.785348555352638034e+00,7.048075210795130552e-01,1.437546509062752283e-09,2.297738721509557937e-11,-6.605550015387183782e-01,-2.458062890009774792e-01,2.562146838585019903e+00,8.456523030910072514e-01,1.150096852025816130e+00,-1.657709004564507893e+02,-5.471370400998817018e+01,-7.441126632607030444e+01
7.310325349999948230e+01,-2.785348555352638034e+00,7.048075210795130552e-01,7.724280370567990930e-10,1.234629835720712640e-11,-6.605550015387183782e-01,-2.458062890009774792e-01,2.549996351001040829e+00,8.266997561461171262e-01,1.183949748663205348e+00,-1.649847639097673380e+02,-5.348747422265378049e+01,-7.660154873850939339e+01
7.320726119999926595e+01,-2.785348555352638034e+00,7.048075210795130552e-01,4.125127367819186158e-10,6.593501375045388418e-12,-6.605550015387183782e-01,-2.458062890009774792e-01,2.537715586929579548e+00,8.081333925771037041e-01,1.218274449165182460e+00,-1.641901984743438163e+02,-5.228623049973861470e+01,-7.882235686098731264e+01
7.331192089999967720e+01,-2.785348555352638034e+00,7.048075210795130552e-01,2.209032674987293054e-10,3.530863093749534035e-12,-6.605550015387183782e-01,-2.458062890009774792e-01,2.525306485645641974e+00,7.899611941484205868e-01,1.253041021882509209e+00,-1.633873296212730395e+02,-5.111048926140281168e+01,-8.107175411579835611e+01
7.341678979999960575e+01,-2.785348555352638034e+00,7.048075210795130552e-01,1.180618515049044474e-10,1.887071381869906585e-12,-6.605550015387183782e-01,-2.458062890009774792e-01,2.512771006690176279e+00,7.721909731711403824e-01,1.288219149846788314e+00,-1.625762841328544255e+02,-4.996075596417278319e+01,-8.334777899508721077e+01
7.352052949999961129e+01,-2.785348555352638034e+00,7.048075210795130552e-01,6.291735711727161232e-11,1.005655446915973587e-12,-6.605550015387183782e-01,-2.458062890009774792e-01,2.500111129560622203e+00,7.548303691443853936e-01,1.323778157207339934e+00,-1.617571900825722651e+02,-4.883752488364173416e+01,-8.564844677131489448e+01
7.362465639999936684e+01,-2.785348555352638034e+00,7.048075210795130552e-01,3.376976898175102489e-11,5.397676201543656455e-13,-6.605550015387183782e-01,-2.458062890009774792e-01,2.487328853398336204e+00,7.378868454710807434e-01,1.359687035980986503e+00,-1.609301768148723681e+02,-4.774127890197892299e+01,-8.797175122796983260e+01
7.372870899999907124e+01,-2.785348555352638034e+00,7.048075210795130552e-01,1.807010251491957211e-11,2.888280413080220472e-13,-6.605550015387183782e-01,-2.458062890009774792e-01,2.474426196672903533e+00,7.213676862494118325e-01,1.395914473091463437e+00,-1.600953749247368592e+02,-4.667248930033694876e+01,-9.031566640901769460e+01
7.383710079999946174e+01,-2.785863845427075436e+00,7.047563957912377219e-01,-2.299440721960629552e-03,-2.277084440990905325e-04,-6.606336508946035746e-01,-2.454480733563064454e-01,2.461405196863390543e+00,7.052799931413384904e-01,1.432428877674916334e+00,-1.592529162370613847e+02,-4.563161555624460419e+01,-9.267814838556708423e+01
7.394083239999963553e+01,-2.785863845427075436e+00,7.047563957912377219e-01,-1.211301942308893806e-03,-1.199525075741818150e-04,-6.606336508946035746e-01,-2.454480733563064454e-01,2.448267910136612713e+00,6.896306823195788027e-01,1.469198408627570007e+00,-1.584029337858388544e+02,-4.461910514607674827e+01,-9.505713703820377702e+01
7.404400189999978465e+01,-2.785863845427075436e+00,7.047563957912377219e-01,-6.484387419064390487e-04,-6.421343051069750192e-05,-6.606336508946035746e-01,-2.454480733563064454e-01,2.435016411022438820e+00,6.744264814942964037e-01,1.506191002371674248e+00,-1.575455617931517907e+02,-4.363539335268097830e+01,-9.745055785344732158e+01
7.414779079999971145e+01,-2.785863845427075436e+00,7.047563957912377219e-01,-3.491963687166623679e-04,-3.458013117977866641e-05,-6.606336508946035746e-01,-2.454480733563064454e-01,2.421652792086191219e+00,6.596739270208360484e-01,1.543374400815408665e+00,-1.566809356479765825e+02,-4.268090307824809315e+01,-9.985632373275694817e+01
7.425177339999936521e+01,-2.785863845427075436e+00,7.047563957912377219e-01,-1.872652757760630000e-04,-1.854445916935644467e-05,-6.606336508946035746e-01,-2.454480733563064454e-01,2.408179163598219485e+00,6.453793610897211597e-01,1.580716179482403172e+00,-1.558091918848048181e+02,-4.175604466250496216e+01,-1.022723368125114831e+02
7.435568009999951755e+01,-2.785969398007820619e+00,7.045998828515294132e-01,-5.714937908292486157e-04,-7.084145499644083077e-04,-6.605128350186844077e-01,-2.453238465579103689e-01,2.394597653200649656e+00,6.315489290001004008e-01,1.618183775786396383e+00,-1.549304681620820361e+02,-4.086121570630649558e+01,-1.046964902933798527e+02
7.446094789999915520e+01,-2.785969398007820619e+00,7.045998828515294132e-01,-3.058786833045926373e-04,-3.791623168162666343e-04,-6.605128350186844077e-01,-2.453238465579103689e-01,2.380910405571419197e+00,6.181885765178738446e-01,1.655744517426258611e+00,-1.540449032404708305e+02,-3.999680090070643956e+01,-1.071266702774789366e+02
7.456648519999907876e+01,-2.786602264563992293e+00,7.042946342581024588e-01,-2.975179560347196699e-03,-1.557046185170082040e-03,-6.603817437003476343e-01,-2.447996822547829909e-01,2.367119582085594587e+00,6.053040473195638871e-01,1.693365650876755168e+00,-1.531526369609379685e+02,-3.916317186157578334e+01,-1.095607576117260606e+02
7.467182440000033239e+01,-2.787180792813646057e+00,7.040373195866092004e-01,-4.151502896629678113e-03,-1.968750141052501290e-03,-6.602819339511816210e-01,-2.443282936304856934e-01,2.353227360474070107e+00,5.929008805230973067e-01,1.731014369950095055e+00,-1.522538102226723424e+02,-3.836068696984439441e+01,-1.119966297357711511e+02
7.477644279999913124e+01,-2.787180792813646057e+00,7.040373195866092004e-01,-2.210632254206661065e-03,-1.048339040258845214e-03,-6.602819339511816210e-01,-2.443282936304856934e-01,2.339235934479686030e+00,5.809844083065067721e-01,1.768657844403400237e+00,-1.513485649608356880e+02,-3.758969121743098896e+01,-1.144321625328999943e+02
7.488038719999894965e+01,-2.787180792813646057e+00,7.040373195866092004e-01,-1.181161457169423211e-03,-5.601373390094277829e-04,-6.602819339511816210e-01,-2.443282936304856934e-01,2.325147513510797292e+00,5.695597536155960761e-01,1.806263248567197222e+00,-1.504370441241485992e+02,-3.685051605892906679e+01,-1.168652321822976603e+02
7.498485739999887301e+01,-2.787651393447214243e+00,7.035212557367687136e-01,-2.736705928493887545e-03,-2.604171020919210985e-03,-6.599127667809835396e-01,-2.438386710776352939e-01,2.310964322292396123e+00,5.586318279615789528e-01,1.843797789969852996e+00,-1.495193916523180349e+02,-3.614347926911415954e+01,-1.192937170110494947e+02
7.508858169999984966e+01,-2.787816921031373685e+00,7.034972778508766789e-01,-2.200223906787343846e-03,-1.498357357237841379e-03,-6.599306267990470154e-01,-2.437211270206390556e-01,2.296688600514790846e+00,5.482053293095809909e-01,1.881228737933130279e+00,-1.485957524533069716e+02,-3.546888480632988916e+01,-1.217154993442735389e+02
7.519254249999903550e+01,-2.791818028688773268e+00,7.006942995704638077e-01,-1.915965637196522658e-02,-1.331405740500953179e-02,-6.582672384421384137e-01,-2.401181880747557951e-01,2.282322602479938123e+00,5.382847400589718667e-01,1.918523452113810146e+00,-1.476662723804519999e+02,-3.482702268181547822e+01,-1.241284673517635184e+02
7.529666569999972126e+01,-2.844574531121876415e+00,6.707823796562311092e-01,-2.572053172941475285e-01,-1.359420611992415706e-01,-6.414111305360626902e-01,-1.963180136455291436e-01,2.267868596745467258e+00,5.288743251163645631e-01,1.955649410966545210e+00,-1.467310982094317353e+02,-3.421816883502879136e+01,-1.265305168895354768e+02
7.540139929999895685e+01,-2.880184226368158740e+00,6.513145537353278725e-01,-3.089932987751461968e-01,-1.542544789920249904e-01,-6.291874056538399040e-01,-1.683266362583165643e-01,2.253328865766435651e+00,5.199781300621013624e-01,1.992574240103161198e+00,-1.457903776150884028e+02,-3.364258501501795706e+01,-1.289195533346745322e+02
7.550600599999961560e+01,-2.887188715704318565e+00,6.475798041660115745e-01,-1.982320440065225009e-01,-9.818627416246338002e-02,-6.267364623651604516e-01,-1.629754874381229846e-01,2.238705705534919321e+00,5.115999794110530630e-01,2.029265740523569228e+00,-1.448442591481092734e+02,-3.310051866789513753e+01,-1.312934934118749482e+02
7.561080829999991693e+01,-2.887008513580255897e+00,6.475963613964981214e-01,-1.049803486614039744e-01,-5.234198256761386087e-02,-6.267231072200349917e-01,-1.630925938552951482e-01,2.224001425217433159e+00,5.037434749684324142e-01,2.065691916693804142e+00,-1.438928922115679256e+02,-3.259220283045758038e+01,-1.336502670100891237e+02
7.571581409999998868e+01,-2.886746469357928557e+00,6.476315960690173235e-01,-5.487037050181759607e-02,-2.779880924219342575e-02,-6.267144448969581561e-01,-1.632656999629758521e-01,2.209218346790295495e+00,4.964119942813651765e-01,2.101821004446591701e+00,-1.429364270373321233e+02,-3.211785603000432587e+01,-1.359878189876944816e+02
7.582430439999916416e+01,-2.886565772654109185e+00,6.476473016145273265e-01,-2.847979192552704472e-02,-1.477180480593681157e-02,-6.267001306651986958e-01,-1.633829045916413147e-01,2.194358804672964514e+00,4.896086891868722812e-01,2.137621498680163157e+00,-1.419750146623408114e+02,-3.167768219039063737e+01,-1.383041109646065649e+02
7.592829399999936868e+01,-2.886276898302367666e+00,6.475740001289689296e-01,-1.367287073114650114e-02,-8.070729087112827813e-03,-6.265819820713921517e-01,-1.635454230069414705e-01,2.179425145359393579e+00,4.833364844568708296e-01,2.173062180831204504e+00,-1.410088069047527597e+02,-3.127187054435954394e+01,-1.405971230997789405e+02
7.603272739999920304e+01,-2.886123606533728125e+00,6.476992198213625818e-01,-6.648046199731618734e-03,-3.770919339910234255e-03,-6.266780602140528122e-01,-1.636731138689362375e-01,2.164419727047508957e+00,4.775980765408107676e-01,2.208112146097856332e+00,-1.400379563399738458e+02,-3.090059555219045961e+01,-1.428648558525313206e+02
7.613754580000022543e+01,-2.885858276238066455e+00,6.477331064400801974e-01,-2.371701923166942994e-03,-1.865991398830662727e-03,-6.266673952707848549e-01,-1.638479566032060852e-01,2.149344919266808596e+00,4.723959324064515020e-01,2.242740830389229778e+00,-1.390626162765625224e+02,-3.056401682669741504e+01,-1.451053317261831808e+02
7.624223030000030121e+01,-2.885681501694472573e+00,6.477512328153871568e-01,-4.796184150443829914e-04,-9.159948072074809234e-04,-6.266559573864816102e-01,-1.639633211602095630e-01,2.134203102504191651e+00,4.677322884793073676e-01,2.276918036977696236e+00,-1.380829407320211999e+02,-3.026227906461118877e+01,-1.473165969924569652e+02
7.634725049999906332e+01,-2.885384975020796272e+00,6.477305092393729202e-01,1.062494874331702506e-03,-5.806329842841877718e-04,-6.265872632224512850e-01,-1.641438825143841651e-01,2.118996667828058733e+00,4.636091496811922674e-01,2.310613962830875501e+00,-1.370990844084754201e+02,-2.999551198437314170e+01,-1.494967233951576588e+02
7.645475020000048971e+01,-2.885206665438088347e+00,6.477486445528818360e-01,1.358799564991242754e-03,-2.288911727507468954e-04,-6.265755273545706716e-01,-1.642602052855080819e-01,2.103728016510718835e+00,4.600282885682995815e-01,2.343799224600388698e+00,-1.361112026682435214e+02,-2.976383027036898454e+01,-1.516438098316451430e+02
7.655828710000059800e+01,-2.885206665438088347e+00,6.477486445528818360e-01,7.167335364970135866e-04,-1.207344953187772317e-04,-6.265755273545706716e-01,-1.642602052855080819e-01,2.088399559649217530e+00,4.569912445691703962e-01,2.376444884244487188e+00,-1.351194515093043833e+02,-2.956733352362532585e+01,-1.537559840106183344e+02
7.666190909999932046e+01,-2.885206665438088347e+00,6.477486445528818360e-01,3.849677166610316280e-04,-6.484820455347192541e-05,-6.265755273545706716e-01,-1.642602052855080819e-01,2.073013717784588650e+00,4.544993233228844520e-01,2.408522474262524415e+00,-1.341239875406628812e+02,-2.940610621899062593e+01,-1.558314040847853335e+02
7.676695809999910125e+01,-2.890756957070049094e+00,6.486490248026353100e-01,-2.461468755091216279e-02,4.041218118392362821e-03,-6.283497668266611047e-01,-1.610035027764625815e-01,2.057572920519616488e+00,4.525535961177613586e-01,2.440004022519024929e+00,-1.331249679576191909e+02,-2.928021766881916221e+01,-1.578682602569809319e+02
7.687172119999922870e+01,-2.920993659504904638e+00,6.520053328098107670e-01,-1.462904322533754298e-01,1.860357177207609680e-02,-6.362049980973012442e-01,-1.426679866278521003e-01,2.042079606135188463e+00,4.511548994308101079e-01,2.470862076635759408e+00,-1.321225505169466885e+02,-2.918972199317341421e+01,-1.598647763583336427e+02
7.697631709999950544e+01,-3.035439588041534353e+00,6.398798620129887427e-01,-5.961072745706428311e-01,-1.932440878090975478e-02,-6.362780116208436310e-01,-6.779771189049885183e-02,2.026536221205246235e+00,4.503038345681218413e-01,2.501069727930689268e+00,-1.311168935119794412e+02,-2.913465809655748373e+01,-1.618192113971155948e+02
7.707973119999951450e+01,3.057560029220050879e+00,6.285766755883857027e-01,-1.177920489012005856e+00,2.942152659799856726e-02,-6.263586398405482925e-01,5.275880391787660106e-02,2.010945220210459627e+00,4.500007674063666308e-01,2.530600634882690159e+00,-1.301081557476167347e+02,-2.911504965119192079e+01,-1.637298610769100549e+02
7.718407949999891571e+01,2.843549911459605006e+00,6.569646506238214778e-01,-1.494051746388151525e+00,2.907806287802277567e-01,-6.280010948292423789e-01,1.929175395409985505e-01,1.995309065150619121e+00,4.502458282355006336e-01,2.559429046101778127e+00,-1.290964965152450645e+02,-2.913090508683689350e+01,-1.655950592827850585e+02
7.728738440000051924e+01,2.755017992120510684e+00,6.938589293192325425e-01,-1.108204199021394443e+00,3.776683811191934859e-01,-6.426562378431691647e-01,2.615973504401289951e-01,1.979630225155867063e+00,4.510389117027548966e-01,2.587529822784694122e+00,-1.280820755675846101e+02,-2.918221758716824255e+01,-1.674131795341697284e+02
7.739219009999942500e+01,2.716382316799735186e+00,7.235202396937393532e-01,-7.260857635603478188e-01,3.540791688852704677e-01,-6.590921996741173627e-01,2.984610687765146264e-01,1.963911176096797995e+00,4.523796768579253502e-01,2.614878460636305579e+00,-1.270650530934628364e+02,-2.926896509270777003e+01,-1.691826364031689707e+02
7.749684700000034354e+01,2.702180584593603108e+00,7.373436181759739361e-01,-4.384794265424905579e-01,2.547004612204717411e-01,-6.672973974142515363e-01,3.136714757018924660e-01,1.948154400193474967e+00,4.542675472999520014e-01,2.641451111237737237e+00,-1.260455896925178365e+02,-2.939111031030689603e+01,-1.709018868970815959e+02
7.760214970000015455e+01,2.699389564918336148e+00,7.397036972822105261e-01,-2.449662704382088718e-01,1.468261140403539222e-01,-6.685524018985853356e-01,3.165426443444936955e-01,1.932362385623475509e+00,4.567017114247120535e-01,2.667224602842523051e+00,-1.250238463498388768e+02,-2.954860072917887237e+01,-1.725694318039112432e+02
7.770659999999952561e+01,2.699501391440174203e+00,7.398464267049205123e-01,-1.298830761784791343e-01,7.877597076309750257e-02,-6.687168028451759838e-01,3.165289444909664129e-01,1.916537626128965055e+00,4.596811227739356909e-01,2.692176460582734077e+00,-1.239999844105440445e+02,-2.974136864347364195e+01,-1.741838169997029127e+02
7.781429349999962142e+01,2.699669498954464508e+00,7.400922123562349020e-01,-6.878360931767872610e-02,4.326939354016139799e-02,-6.689921775209966004e-01,3.165216409758766503e-01,1.900682620622912156e+00,4.632045004850826597e-01,2.716284926067389804e+00,-1.229741655543024166e+02,-2.996933118138484886e+01,-1.757436347165601376e+02
7.791972979999991367e+01,2.699779388921220047e+00,7.403720874228961746e-01,-3.573709191927462725e-02,2.401630121451758457e-02,-6.692799568911309560e-01,3.165677923269241134e-01,1.884799872794487463e+00,4.672703298419889073e-01,2.739528976356087497e+00,-1.219465517698033494e+02,-3.023239034077668208e+01,-1.772475247702388685e+02
7.802582540000003064e+01,2.699834785993743935e+00,7.404744587430416303e-01,-1.875572156427355794e-02,1.322327225153500756e-02,-6.693900366221879894e-01,3.165744824235622312e-01,1.868891890713687554e+00,4.718768629260523539e-01,2.761888342291342280e+00,-1.209173053291755906e+02,-3.053043303131558872e+01,-1.786941757462498401e+02
7.813066839999919466e+01,2.700001789499703264e+00,7.407195955579133351e-01,-9.222110159574132063e-03,8.107986580772046092e-03,-6.696645178884905736e-01,3.165674536724427668e-01,1.852961186435298391e+00,4.770221193676684734e-01,2.783343526173569060e+00,-1.198865887623638145e+02,-3.086333112308815174e+01,-1.800823261434299241e+02
7.824098969999977271e+01,2.700168688982692800e+00,7.409647510353711830e-01,-4.186231120868780589e-03,5.426181818797256098e-03,-6.699389994144814287e-01,3.165604197312624213e-01,1.837010275602197984e+00,4.827038871976043755e-01,2.803875818763386540e+00,-1.188545648314622127e+02,-3.123094150168500605e+01,-1.814107654739911197e+02
7.834448919999886130e+01,2.700279287027027131e+00,7.412463120791275006e-01,-1.699667380239481152e-03,4.047052091638881147e-03,-6.702285913740251289e-01,3.166065862797192709e-01,1.821041677048113261e+00,4.889197237979316935e-01,2.823467315596342786e+00,-1.178213965050129275e+02,-3.163310612972618330e+01,-1.826783353190833736e+02
7.844778790000054869e+01,2.700389130621033473e+00,7.413904193988974933e-01,-4.217344944131116318e-04,2.820253402899074342e-03,-6.703936719053165127e-01,3.165945019196953480e-01,1.805057912399874676e+00,4.956669569521163776e-01,2.842100932595868379e+00,-1.167872469322718985e+02,-3.206965211480193290e+01,-1.838839303389526947e+02
7.855264329999954498e+01,2.697165831744824160e+00,7.414404447466996784e-01,-1.463317443397809878e-02,1.754913246425066423e-03,-6.694148781412057048e-01,3.187752406153566698e-01,1.789061505679204966e+00,5.029426859938241900e-01,2.859760420970863137e+00,-1.157522794174445693e+02,-3.254039178380042330e+01,-1.850264992368148569e+02
7.865751470000031986e+01,2.631751429655872165e+00,7.477448694843613630e-01,-2.960666071501982799e-01,3.642306723301252935e-02,-6.526481780866696392e-01,3.649284114457729822e-01,1.773054982904166410e+00,5.107437830539218737e-01,2.876430381384861956e+00,-1.147166573938995668e+02,-3.304512276358874345e+01,-1.861050456756005644e+02
7.876132300000062969e+01,2.558857556801699573e+00,7.570416182781617431e-01,-4.738145666155316182e-01,7.818713909885240121e-02,-6.320999424387584442e-01,4.166073385985131217e-01,1.757040871690256134e+00,5.190668944051699540e-01,2.892096277384504255e+00,-1.136805443983595723e+02,-3.358362806801449807e+01,-1.871186291467774367e+02
7.886556240000027174e+01,2.547714470363660055e+00,7.583160111381807011e-01,-3.026913763624048403e-01,4.996633919099469773e-02,-6.284746911118029855e-01,4.243379966258561953e-01,1.741021700851274057e+00,5.279084419040018794e-01,2.906744448075526677e+00,-1.126441040450774409e+02,-3.415567619118892395e+01,-1.880663657904865715e+02
7.897105349999947066e+01,2.547467273379039554e+00,7.582854127745765060e-01,-1.627487015620394939e-01,2.657848783249330479e-02,-6.283444218582583396e-01,4.244762122266935167e-01,1.725000000000000533e+00,5.372646245287804323e-01,2.920362120035266074e+00,-1.116075000000000443e+02,-3.476102120701209230e+01,-1.889474291662817222e+02
7.907518770000024233e+01,2.547675309981336511e+00,7.585121544998705279e-01,-8.575496461242208823e-02,1.515200748644648758e-02,-6.286206281543702534e-01,4.244723717544411912e-01,1.708978299148722346e+00,5.471314200138845951e-01,2.932937418451280642e+00,-1.105708959549223351e+02,-3.539940287489833537e+01,-1.897610509737978646e+02
7.917806899999959569e+01,2.547675309981336511e+00,7.585121544998705279e-01,-4.590720479900790851e-02,8.111324095813813098e-03,-6.286206281543702534e-01,4.244723717544411912e-01,1.692959128309742711e+00,5.575045865788863519e-01,2.944459377476354334e+00,-1.095344556016403601e+02,-3.607054675165394997e+01,-1.905065217227201231e+02
7.928159629999936442e+01,2.547675309981336511e+00,7.585121544998705279e-01,-2.473251980180099160e-02,4.369978191808272447e-03,-6.286206281543702534e-01,4.244723717544411912e-01,1.676945017095832435e+00,5.683796647521242029e-01,2.954917949790887288e+00,-1.084983426061003655e+02,-3.677416430946243509e+01,-1.911831913514704127e+02
7.938929160000043339e+01,2.547675309981336511e+00,7.585121544998705279e-01,-1.328339532706691861e-02,2.347037356388706909e-03,-6.286206281543702534e-01,4.244723717544411912e-01,1.660938494320791659e+00,5.797519792878451650e-01,2.964304015364302547e+00,-1.074627205825552210e+02,-3.750995305992358197e+01,-1.917904697940703898e+02
7.949944089999917196e+01,2.547675309981336511e+00,7.585121544998705279e-01,-6.982596765870863892e-03,1.233751992662901692e-03,-6.286206281543702534e-01,4.244723717544411912e-01,1.644942087600124170e+00,5.916166411761099031e-01,2.972609389407847136e+00,-1.064277530677280339e+02,-3.827759668409431271e+01,-1.923278274946877104e+02
7.961104309999973339e+01,2.547675309981336511e+00,7.585121544998705279e-01,-3.633782003453117897e-03,6.420513654140154892e-04,-6.286206281543702534e-01,4.244723717544411912e-01,1.628958322951883364e+00,6.039685497446047879e-01,2.979826829511855735e+00,-1.053936034949868628e+02,-3.907676516847593007e+01,-1.927947958694170723e+02
7.971839779999936582e+01,2.547675309981336511e+00,7.585121544998705279e-01,-1.882875592323652366e-03,3.326844713874760112e-04,-6.286206281543702534e-01,4.244723717544411912e-01,1.612989724397800861e+00,6.168023948514493870e-01,2.985950041961233481e+00,-1.043604351685377196e+02,-3.990711494688877536e+01,-1.931909677148918263e+02
7.983327389999976731e+01,2.547675309981336511e+00,7.585121544998705279e-01,-9.966184854094709781e-04,1.760920877328172750e-04,-6.286206281543702534e-01,4.244723717544411912e-01,1.597038813564700455e+00,6.301126591680372702e-01,2.990973687223671629e+00,-1.033284112376361179e+02,-4.076828904817201504e+01,-1.935159975633715703e+02
7.993996789999982866e+01,2.547675309981336511e+00,7.585121544998705279e-01,-5.081342297605711752e-04,8.978201656603119584e-05,-6.286206281543702534e-01,4.244723717544411912e-01,1.581108109286309071e+00,6.438936205509775412e-01,2.994893384605801234e+00,-1.022976946708241996e+02,-4.165991724964824527e+01,-1.937696019839953578e+02
8.004590739999912330e+01,2.547675309981336511e+00,7.585121544998705279e-01,-2.694297761936853466e-04,4.760543024429123276e-05,-6.286206281543702534e-01,4.244723717544411912e-01,1.565200127205511382e+00,6.581393545020521874e-01,2.997705716073217896e+00,-1.012684482301965971e+02,-4.258161623628277681e+01,-1.939515598299371959e+02
8.015790740000011283e+01,2.547675309981336511e+00,7.585121544998705279e-01,-1.428668718016868689e-04,2.524308558563359366e-05,-6.286206281543702534e-01,4.244723717544411912e-01,1.549317379377084469e+00,6.728437367152040327e-01,2.999408229231062872e+00,-1.002408344456973737e+02,-4.353298976547370103e+01,-1.940617124312497879e+02
8.026700659999914933e+01,2.547675309981336511e+00,7.585121544998705279e-01,-7.401201448560845470e-05,1.307715072405825670e-05,-6.286206281543702534e-01,4.244723717544411912e-01,1.533462373871033790e+00,6.880004457093842340e-01,2.999999439462546214e+00,-9.921501558945588783e+01,-4.451362883739716381e+01,-1.940999637332267582e+02
8.037150769999971089e+01,2.547675309981336511e+00,7.585121544998705279e-01,-3.874775093727827536e-05,6.846323299625721787e-06,-6.286206281543702534e-01,4.244723717544411912e-01,1.517637614376523336e+00,7.036029655462030519e-01,2.999478831223554742e+00,-9.819115365016106978e+01,-4.552311187083933675e+01,-1.940662803801639882e+02
8.048728379999920435e+01,2.547675309981336511e+00,7.585121544998705279e-01,-2.075366563356542010e-05,3.666956175333076810e-06,-6.286206281543702534e-01,4.244723717544411912e-01,1.501845599806521658e+00,7.196445886311551021e-01,2.997846858492214217e+00,-9.716941030748195374e+01,-4.656100488443573937e+01,-1.939606917444462795e+02
8.059988899999916612e+01,2.547675309981336511e+00,7.585121544998705279e-01,-1.053690152200537536e-05,1.861760557735079198e-06,-6.286206281543702534e-01,4.244723717544411912e-01,1.486088823903200851e+00,7.361184185972348137e-01,2.995104944373014444e+00,-9.614994690653709597e+01,-4.762686168324109559e+01,-1.937832899009340508e+02
8.070775229999890144e+01,2.547675309981336511e+00,7.585121544998705279e-01,-5.445617106548690167e-06,9.621837235857775026e-07,-6.286206281543702534e-01,4.244723717544411912e-01,1.470369774844129562e+00,7.530173732697372779e-01,2.991255479855838395e+00,-9.513292443241518015e+01,-4.872022405055200522e+01,-1.935342295466727478e+02
8.081733159999930649e+01,2.547675309981336511e+00,7.585121544998705279e-01,-2.862582492686299063e-06,5.057884584966702057e-07,-6.286206281543702534e-01,4.244723717544411912e-01,1.454690934849379724e+00,7.703341877108933478e-01,2.986301821730988237e+00,-9.411850348475486783e+01,-4.984062194489479936e+01,-1.932137278659949402e+02
8.092291719999957422e+01,2.547675309981336511e+00,7.585121544998705279e-01,-1.494189138112118374e-06,2.640076304522470092e-07,-6.286206281543702534e-01,4.244723717544411912e-01,1.439054779789537220e+00,7.880614173431237379e-01,2.980248289662007721e+00,-9.310684425238305550e+01,-5.098757370210010720e+01,-1.928220643411319202e+02
8.102913489999991725e+01,2.547675309981336511e+00,7.585121544998705279e-01,-7.982731939735680255e-07,1.410465442552927583e-07,-6.286206281543702534e-01,4.244723717544411912e-01,1.423463778794750167e+00,8.061914411494727206e-01,2.973100162418879755e+00,-9.209810648802033484e+01,-5.216058624237088992e+01,-1.923595805085015229e+02
8.114092840000012075e+01,2.547675309981336511e+00,7.585121544998705279e-01,-4.229112582216818933e-07,7.472400670490397842e-08,-6.286206281543702534e-01,4.244723717544411912e-01,1.407920393864810382e+00,8.247164649499394429e-01,2.964863673274851674e+00,-9.109244948305322964e+01,-5.335915528226108506e+01,-1.918266796608829168e+02
8.124681830000008631e+01,2.547675309981336511e+00,7.585121544998705279e-01,-2.181768393679230084e-07,3.854957107629822318e-08,-6.286206281543702534e-01,4.244723717544411912e-01,1.392427079480380359e+00,8.436285247522224973e-01,2.955546004570932972e+00,-9.009003204238061358e+01,-5.458276555146879616e+01,-1.912238264957393596e+02
8.135444939999979397e+01,2.547675309981336511e+00,7.585121544998705279e-01,-1.161797406008082072e-07,2.052774795387018797e-08,-6.286206281543702534e-01,4.244723717544411912e-01,1.376986282215410196e+00,8.629194901754697611e-01,2.945155281452788820e+00,-8.909101245933703694e+01,-5.583089101435289336e+01,-1.905515467099954492e+02
8.146592679999957909e+01,2.547675309981336511e+00,7.585121544998705279e-01,-6.118635896166759814e-08,1.081099121486075184e-08,-6.286206281543702534e-01,4.244723717544411912e-01,1.361600440350779095e+00,8.825810679455758923e-01,2.933700564785487241e+00,-8.809554849069540694e+01,-5.710299509607876445e+01,-1.898104265416210410e+02
8.157141469999987748e+01,2.547675309981336511e+00,7.585121544998705279e-01,-3.176710642627313231e-08,5.612916250027918311e-09,-6.286206281543702534e-01,4.244723717544411912e-01,1.346271983489280011e+00,9.026048054604928206e-01,2.921191843252295861e+00,-8.710379733175642514e+01,-5.839853091329388945e+01,-1.890011122584235466e+02
8.169004409999979543e+01,2.547675309981336511e+00,7.585121544998705279e-01,-1.692178961494844409e-08,2.989903664337009232e-09,-6.286206281543702534e-01,4.244723717544411912e-01,1.331003332171942555e+00,9.229820944240508807e-01,2.907640024644395194e+00,-8.611591559152468278e+01,-5.971694150923609357e+01,-1.881243095944923880e+02
8.179596719999972265e+01,2.547675309981336511e+00,7.585121544998705279e-01,-8.478338989924278806e-09,1.498034037196198782e-09,-6.286206281543702534e-01,4.244723717544411912e-01,1.315796897495805196e+00,9.437041745466990816e-01,2.893056926349125924e+00,-8.513205926797860457e+01,-6.105766009317143528e+01,-1.871807831347884417e+02
8.190120179999939865e+01,2.547675309981336511e+00,7.585121544998705279e-01,-4.517351782196446581e-09,7.981689262202556132e-10,-6.286206281543702534e-01,4.244723717544411912e-01,1.300655080733190250e+00,9.647621373115824461e-01,2.877455265045055111e+00,-8.415238372343740991e+01,-6.242011028405939044e+01,-1.861713556484150729e+02
8.200521680000019842e+01,2.547675309981336511e+00,7.585121544998705279e-01,-2.411387021678725670e-09,4.260669265077548456e-10,-6.286206281543702534e-01,4.244723717544411912e-01,1.285580272952487668e+00,9.861469298043789022e-01,2.860848645612831476e+00,-8.317704366002595862e+01,-6.380370635834331949e+01,-1.850969073711501949e+02
8.210905689999890456e+01,2.547675309981336511e+00,7.585121544998705279e-01,-1.290937330090791745e-09,2.280951566882870241e-10,-6.286206281543702534e-01,4.244723717544411912e-01,1.270574854640603268e+00,1.007849358605160006e+00,2.843251549271551326e+00,-8.220619309524703056e+01,-6.520785350175385986e+01,-1.839583752378693760e+02
8.221548140000049898e+01,2.547675309981336511e+00,7.585121544998705279e-01,-6.918036561765788871e-10,1.222344878213636067e-10,-6.286206281543702534e-01,4.244723717544411912e-01,1.255641195327034554e+00,1.029860093740708749e+00,2.824679320950884254e+00,-8.123998533765913521e+01,-6.663194806502386314e+01,-1.827567520655222211e+02
8.232033670000055281e+01,2.547675309981336511e+00,7.585121544998705279e-01,-3.668375529313060358e-10,6.481636804873342260e-11,-6.286206281543702534e-01,4.244723717544411912e-01,1.240781653209701352e+00,1.052169672695507874e+00,2.805148155910093255e+00,-8.027857296266768117e+01,-6.807537782339936427e+01,-1.814930856873830294e+02
8.242551249999996799e+01,2.547675309981336511e+00,7.585121544998705279e-01,-1.959127008083925554e-10,3.461573009510303223e-11,-6.286206281543702534e-01,4.244723717544411912e-01,1.225998574782565465e+00,1.074768504479706621e+00,2.784675085615534229e+00,-7.932210778843199250e+01,-6.953752223983701697e+01,-1.801684780393250662e+02
8.253028389999963110e+01,2.547675309981336511e+00,7.585121544998705279e-01,-1.043823450272500134e-10,1.844327124912169529e-11,-6.286206281543702534e-01,4.244723717544411912e-01,1.211294294465077748e+00,1.097646873752357255e+00,2.763277962888924133e+00,-7.837074085189053108e+01,-7.101775273177752013e+01,-1.787840841989134049e+02
8.263360209999882500e+01,2.547675309981336511e+00,7.585121544998705279e-01,-5.574339727904398604e-11,9.849276676976050788e-12,-6.286206281543702534e-01,4.244723717544411912e-01,1.196671134233561196e+00,1.120794944998058540e+00,2.740975446339469102e+00,-7.742462238491141591e+01,-7.251543294137438522e+01,-1.773411113781636459e+02
8.273871839999992517e+01,2.547675309981336511e+00,7.585121544998705279e-01,-2.992251286498705213e-11,5.286995814093073922e-12,-6.286206281543702534e-01,4.244723717544411912e-01,1.182131403254531588e+00,1.144202766755298750e+00,2.717786984093236491e+00,-7.648390179056819704e+01,-7.402991900906783940e+01,-1.758408178708324101e+02
8.284485709999898972e+01,2.547675309981336511e+00,7.585121544998705279e-01,-1.593656773777941107e-11,2.815825238368959904e-12,-6.286206281543702534e-01,4.244723717544411912e-01,1.167677397520058724e+00,1.167860275894648359e+00,2.693732796834106935e+00,-7.554872761954780458e+01,-7.556055985038375411e+01,-1.742845119551667210e+02
8.295034409999971103e+01,2.547675309981336511e+00,7.585121544998705279e-01,-8.466903334099071659e-12,1.496013476130620179e-12,-6.286206281543702534e-01,4.244723717544411912e-01,1.153311399485208000e+00,1.191757301944915692e+00,2.668833860171070160e+00,-7.461924754669296078e+01,-7.710669743583605396e+01,-1.726735507530682412e+02
8.305601190000015777e+01,2.547675309981336511e+00,7.585121544998705279e-01,-4.504754245459939433e-12,7.959430729206242452e-13,-6.286206281543702534e-01,4.244723717544411912e-01,1.139035677707600946e+00,1.215883571465512070e+00,2.643111886347135453e+00,-7.369560834768178381e+01,-7.866766707381863455e+01,-1.710093390466596759e+02
8.316181929999947897e+01,2.547675309981336511e+00,7.585121544998705279e-01,-2.393045311659901866e-12,4.228261377233910382e-13,-6.286206281543702534e-01,4.244723717544411912e-01,1.124852486489199777e+00,1.240228712463017802e+00,2.616589305305970115e+00,-7.277795587585123371e+01,-8.024279769635725756e+01,-1.692933280532962783e+02
8.326741819999915606e+01,2.547675309981336511e+00,7.585121544998705279e-01,-1.272485817514474461e-12,2.248349669376853228e-13,-6.286206281543702534e-01,4.244723717544411912e-01,1.110764065520312815e+00,1.264782258850178476e+00,2.589289245132629702e+00,-7.186643503916424436e+01,-8.183141214760655657e+01,-1.675270141600811371e+02
8.337392659999932221e+01,2.547675309981336511e+00,7.585121544998705279e-01,-6.762297847388773917e-13,1.194827472348736822e-13,-6.286206281543702534e-01,4.244723717544411912e-01,1.096772639525926962e+00,1.289533654945311358e+00,2.561235511885534333e+00,-7.096118977732747624e+01,-8.343282747496165541e+01,-1.657119376189940851e+02
8.347930249999990338e+01,2.547675309981336511e+00,7.585121544998705279e-01,-3.584917105704737405e-13,6.334174478343833821e-14,-6.286206281543702534e-01,4.244723717544411912e-01,1.082880417914404703e+00,1.314472260010228100e+00,2.532452568837241902e+00,-7.006236303906199225e+01,-8.504635522266175940e+01,-1.638496812037695634e+02
8.358440569999947911e+01,2.547675309981336511e+00,7.585121544998705279e-01,-1.911825785558750420e-13,3.377996684680743604e-14,-6.286206281543702534e-01,4.244723717544411912e-01,1.069089594428577872e+00,1.339587352824767041e+00,2.502965515142085984e+00,-6.917009675952898817e+01,-8.667130172776242603e+01,-1.619418688296929645e+02
8.368842459999905259e+01,2.547675309981336511e+00,7.585121544998705279e-01,-1.018729900812927004e-13,1.799989441258354855e-14,-6.286206281543702534e-01,4.244723717544411912e-01,1.055402346799347413e+00,1.364868136295859902e+00,2.472800063949369687e+00,-6.828453183791778258e+01,-8.830696841834213728e+01,-1.599901641375242320e+02
8.379311550000056741e+01,2.547675309981336511e+00,7.585121544998705279e-01,-5.459848358300364846e-14,9.646982372825340821e-15,-6.286206281543702534e-01,4.244723717544411912e-01,1.041820836401779582e+00,1.390303742099281425e+00,2.441982519981089617e+00,-6.740580811519514270e+01,-8.995265211382351822e+01,-1.579962690427765040e+02
8.389634370000021590e+01,2.547675309981336511e+00,7.585121544998705279e-01,-2.915304765028989643e-14,5.151039339195726626e-15,-6.286206281543702534e-01,4.244723717544411912e-01,1.028347207913806072e+00,1.415883235351978797e+00,2.410539756593840011e+00,-6.653406435202325042e+01,-9.160764532727303333e+01,-1.559619222516214450e+02
8.400380469999981869e+01,2.547675309981336511e+00,7.585121544998705279e-01,-1.567242464880784019e-14,2.769153910595936420e-15,-6.286206281543702534e-01,4.244723717544411912e-01,1.014983588977560247e+00,1.441595619313015275e+00,2.378499192344856628e+00,-6.566943820684815591e+01,-9.327123656955208730e+01,-1.538888977447122386e+02
8.410826319999978296e+01,2.547675309981336511e+00,7.585121544998705279e-01,-8.267638363335617752e-15,1.460805434911778529e-15,-6.286206281543702534e-01,4.244723717544411912e-01,1.001732089863384356e+00,1.467429840111149186e+00,2.345888767082600523e+00,-6.481206621416096425e+01,-9.494271065519136243e+01,-1.517790032302442569e+02
8.421360970000023372e+01,2.547675309981336511e+00,7.585121544998705279e-01,-4.416864757858312535e-15,7.804139174934300498e-16,-6.286206281543702534e-01,4.244723717544411912e-01,9.885948031366085242e-01,1.493374791496908882e+00,2.312736917582825402e+00,-6.396208376293857611e+01,-9.662134900985000741e+01,-1.496340785676088103e+02
8.431742409999969823e+01,2.547675309981336511e+00,7.585121544998705279e-01,-2.349676317538586958e-15,4.151632889708344859e-16,-6.286206281543702534e-01,4.244723717544411912e-01,9.755738033270973109e-01,1.519419319617254738e+00,2.279072552751260083e+00,-6.311962507526320110e+01,-9.830642997923638404e+01,-1.474559941630065225e+02
8.442206540000006498e+01,2.547675309981336511e+00,7.585121544998705279e-01,-1.258278821702661820e-15,2.223247390124170121e-16,-6.286206281543702534e-01,4.244723717544411912e-01,9.626711466016610874e-01,1.545552227810641499e+00,2.244925028414623824e+00,-6.228482318512747185e+01,-9.999722913934850510e+01,-1.452466493384261810e+02
8.452652039999884437e+01,2.547675309981336511e+00,7.585121544998705279e-01,-6.731682614759399874e-16,1.189418080180060173e-16,-6.286206281543702534e-01,4.244723717544411912e-01,9.498888704393767535e-01,1.571762281420527207e+00,2.210324121721919610e+00,-6.145780991742768151e+01,-1.016930196079081128e+02,-1.430079706754082167e+02
8.463261769999917306e+01,2.547675309981336511e+00,7.585121544998705279e-01,-3.603777728769604448e-16,6.367499231396849977e-17,-6.286206281543702534e-01,4.244723717544411912e-01,9.372289933098212344e-01,1.598038212625215948e+00,2.175300005178291585e+00,-6.063871586714543582e+01,-1.033930723568514765e+02,-1.407419103350354703e+02
8.473638889999892854e+01,2.547675309981336511e+00,7.585121544998705279e-01,-1.909189279376933102e-16,3.373338253348456584e-17,-6.286206281543702534e-01,4.244723717544411912e-01,9.246935143543552060e-01,1.624368725281915671e+00,2.139883220334183545e+00,-5.982767037872678628e+01,-1.050966565257399452e+02,-1.384504443556216700e+02
8.484079849999943690e+01,2.547675309981336511e+00,7.585121544998705279e-01,-1.025156136566650106e-16,1.811343929326789047e-17,-6.286206281543702534e-01,4.244723717544411912e-01,9.122844130704197418e-01,1.650742499783032002e+00,2.104104651152623795e+00,-5.902480152565615867e+01,-1.068030397359621730e+02,-1.361355709295747545e+02
8.494602080000004207e+01,2.547675309981336511e+00,7.585121544998705279e-01,-5.480157340655779825e-17,9.682866225624084997e-18,-6.286206281543702534e-01,4.244723717544411912e-01,9.000036489989566846e-01,1.677148197922506467e+00,2.067995497077961708e+00,-5.823023609023250202e+01,-1.085114884055861779e+02,-1.337993086609441207e+02
8.504949859999942419e+01,2.547675309981336511e+00,7.585121544998705279e-01,-2.921209481400458491e-17,5.161472356930643348e-18,-6.286206281543702534e-01,4.244723717544411912e-01,8.878531614149794970e-01,1.703574467770148981e+00,2.031587245829503452e+00,-5.744409954354917858e+01,-1.102212680647286476e+02,-1.314436948051688887e+02
8.515267779999885533e+01,2.547675309981336511e+00,7.585121544998705279e-01,-1.569583541983889118e-17,2.773290349570977804e-18,-6.286206281543702534e-01,4.244723717544411912e-01,8.758348690213272336e-01,1.730009948551916255e+00,1.994911645943719725e+00,-5.666651602567987567e+01,-1.119316436713089900e+02,-1.290707834925586610e+02
8.525650879999921017e+01,2.547675309981336511e+00,7.585121544998705279e-01,-8.439400098700715632e-18,1.491153941402329326e-18,-6.286206281543702534e-01,4.244723717544411912e-01,8.639506696456926704e-01,1.756443275533924542e+00,1.958000679089086704e+00,-5.589760832607631613e+01,-1.136418799270449256e+02,-1.266826439370639150e+02
8.536324179999974149e+01,2.547675309981336511e+00,7.585121544998705279e-01,-4.516800104211861785e-18,7.980714504765438700e-19,-6.286206281543702534e-01,4.244723717544411912e-01,8.522024399409214857e-01,1.782863084908231643e+00,1.920886532177563888e+00,-5.513749786417762522e+01,-1.153512415935625910e+02,-1.242813586318883949e+02
8.546873039999991306e+01,2.547675309981336511e+00,7.585121544998705279e-01,-2.395571472796760533e-18,4.232724840385068814e-19,-6.286206281543702534e-01,4.244723717544411912e-01,8.405920350886723069e-01,1.809258018678177038e+00,1.883601569297141509e+00,-5.438630467023710224e+01,-1.170589938084780641e+02,-1.218690215335250571e+02
8.557335819999934756e+01,2.547675309981336511e+00,7.585121544998705279e-01,-1.272982397863222450e-18,2.249227075040286770e-19,-6.286206281543702534e-01,4.244723717544411912e-01,8.291212885064666027e-01,1.835616729541222014e+00,1.846178303489888650e+00,-5.364414736636839365e+01,-1.187644024013170707e+02,-1.194477362357958015e+02
8.567735189999984868e+01,2.547675309981336511e+00,7.585121544998705279e-01,-6.807871844080193006e-19,1.202879922048607151e-19,-6.286206281543702534e-01,4.244723717544411912e-01,8.177920115581596150e-01,1.861927885767239665e+00,1.808649368400064628e+00,-5.291114314781292904e+01,-1.204667342091404123e+02,-1.170196141354841899e+02
8.578294780000032915e+01,2.547675309981336511e+00,7.585121544998705279e-01,-3.641631264024014705e-19,6.434382478583237378e-20,-6.286206281543702534e-01,4.244723717544411912e-01,8.066059932679179312e-01,1.888180176070039629e+00,1.771047489817132892e+00,-5.218740776443429041e+01,-1.221652573917315721e+02,-1.145867725911684971e+02
8.588847530000020924e+01,2.547675309981336511e+00,7.585121544998705279e-01,-1.938487475705770951e-19,3.425105109310708908e-20,-6.286206281543702534e-01,4.244723717544411912e-01,7.955650000377001430e-01,1.914362314470179793e+00,1.733405457138353478e+00,-5.147305550243920180e+01,-1.238592417462206328e+02,-1.121513330768514720e+02
8.599178279999978258e+01,2.547675309981336511e+00,7.585121544998705279e-01,-1.031715394646038380e-19,1.822933453965229040e-20,-6.286206281543702534e-01,4.244723717544411912e-01,7.846707753683273001e-01,1.940463045146826992e+00,1.695756094775955569e+00,-5.076819916633078122e+01,-1.255479590209997127e+02,-1.097154193320043305e+02
8.609637069999917003e+01,2.547675309981336511e+00,7.585121544998705279e-01,-5.547731871563688813e-20,9.802263371064853242e-21,-6.286206281543702534e-01,4.244723717544411912e-01,7.739250395841673624e-01,1.966471147276700249e+00,1.658132233533774924e+00,-5.007295006109563218e+01,-1.272306832288025049e+02,-1.072811555096352407e+02
8.619969750000018394e+01,2.547675309981336511e+00,7.585121544998705279e-01,-2.963678425133406374e-20,5.236510549330511017e-21,-6.286206281543702534e-01,4.244723717544411912e-01,7.633294895614666231e-01,1.992375439857967390e+00,1.620566681978273138e+00,-4.938741797462689220e+01,-1.289066909588104863e+02,-1.048506643239942804e+02
8.630515229999946314e+01,2.547675309981336511e+00,7.585121544998705279e-01,-1.590484549436009307e-20,2.810220248944163654e-21,-6.286206281543702534e-01,4.244723717544411912e-01,7.528857984604034881e-01,2.018164786516976950e+00,1.583092197829016223e+00,-4.871171116038810567e+01,-1.305752616876484069e+02,-1.024260651995373479e+02
8.641111160000036762e+01,2.547675309981336511e+00,7.585121544998705279e-01,-8.463805899604168662e-21,1.495466191773758195e-21,-6.286206281543702534e-01,4.244723717544411912e-01,7.425956154608690518e-01,2.043828100295867589e+00,1.545741459393423778e+00,-4.804593632031822636e+01,-1.322356780891426524e+02,-1.000094724227545271e+02
8.651968619999934162e+01,2.547675309981336511e+00,7.585121544998705279e-01,-4.488564689474843124e-21,7.930825472986132978e-22,-6.286206281543702534e-01,4.244723717544411912e-01,7.324605655020445250e-01,2.069354348418888989e+00,1.508547037070813168e+00,-4.739019858798228313e+01,-1.338872263427021210e+02,-9.760299329848162131e+01
8.662508489999891026e+01,2.547675309981336511e+00,7.585121544998705279e-01,-2.360042425708974960e-21,4.169948721253832801e-22,-6.286206281543702534e-01,4.244723717544411912e-01,7.224822490258109298e-01,2.094732557035428044e+00,1.471541364950540665e+00,-4.674460151196996804e+01,-1.355291964401922087e+02,-9.520872631229998717e+01
8.673065060000044468e+01,2.547675309981336511e+00,7.585121544998705279e-01,-1.256876598349164966e-21,2.220769807765424981e-22,-6.286206281543702534e-01,4.244723717544411912e-01,7.126622417240091600e-01,2.119951815937748840e+00,1.434756712528961087e+00,-4.610924703954339776e+01,-1.371608824911723445e+02,-9.282875930062378700e+01
8.683558160000029602e+01,2.547675309981336511e+00,7.585121544998705279e-01,-6.685418992377561244e-22,1.181243780816193242e-22,-6.286206281543702534e-01,4.244723717544411912e-01,7.030020942896322289e-01,2.145001283251307012e+00,1.398225156569983252e+00,-4.548423550053920650e+01,-1.387815830263595558e+02,-9.046516763007791440e+01
8.694020850000015344e+01,2.547675309981336511e+00,7.585121544998705279e-01,-3.569468933872811865e-22,6.306879170566941419e-23,-6.286206281543702534e-01,4.244723717544411912e-01,6.935033321719412669e-01,2.169870190095749329e+00,1.361978553133623926e+00,-4.486966559152460121e+01,-1.403906012991949979e+02,-8.812001238774547573e+01
8.704761839999991935e+01,2.547675309981336511e+00,7.585121544998705279e-01,-1.906223660662598634e-22,3.368098314510555370e-23,-6.286206281543702534e-01,4.244723717544411912e-01,6.841674553355889810e-01,2.194547845214493087e+00,1.326048509797062902e+00,-4.426563436021260856e+01,-1.419872455853777069e+02,-8.579533858386997736e+01
8.715245820000018284e+01,2.548310922972522263e+00,7.579277294277536603e-01,2.796105333788730281e-03,-2.568271944855917473e-03,-6.284057484133801497e-01,4.237459833397004272e-01,6.749959380237540163e-01,2.219023639570932183e+00,1.290466358092378751e+00,-4.367223719013689021e+01,-1.435708294802393254e+02,-8.349317336857690464e+01
8.725773680000020249e+01,2.565643258328633713e+00,7.323053683036857553e-01,8.131434748255290945e-02,-1.147421074807036812e-01,-6.141666515573835916e-01,3.988364032547532800e-01,6.659902285253371801e-01,2.243287050909340330e+00,1.255263126184956279e+00,-4.308956778558931688e+01,-1.451406721938343196e+02,-8.121552426416667458e+01
8.736109190000024682e+01,2.569148422216468219e+00,7.272341702595163104e-01,5.961738725619065982e-02,-8.355444779070295147e-02,-6.112981177825272949e-01,3.939341944901287307e-01,6.571517489462683770e-01,2.267327648278405938e+00,1.220469511816500097e+00,-4.251771815682356248e+01,-1.466960988436128730e+02,-7.896437741452756143e+01
8.746569429999908607e+01,2.568559894656762488e+00,7.266858336847024091e-01,2.940620492168358538e-02,-4.739934872438116703e-02,-6.106054252176300601e-01,3.939965933518057017e-01,6.484818949849302516e-01,2.291135096515573011e+00,1.186115855536117092e+00,-4.195677860552498828e+01,-1.482364407445575694e+02,-7.674169585318678344e+01
8.756922540000050503e+01,2.553957795446612167e+00,7.074313620826625515e-01,-5.115973842022338014e-02,-1.108569288085930610e-01,-5.887627410656435245e-01,3.921958270953442294e-01,6.399820357117667058e-01,2.314699160690148805e+00,1.152232114242918604e+00,-4.140683771055130791e+01,-1.497610356966526410e+02,-7.454941779151683079e+01
8.767316519999985758e+01,2.510007276833114531e+00,6.652685864434287888e-01,-2.418536784036479925e-01,-2.438975093834137298e-01,-5.369332711978258565e-01,3.927912351227301202e-01,6.316535133530927215e-01,2.338009710503373917e+00,1.118847835063172980e+00,-4.086798231394509884e+01,-1.512692282695682877e+02,-7.238945492858729835e+01
8.777754319999985455e+01,2.472607009023507274e+00,5.686826682069362482e-01,-3.551468649050068538e-01,-5.561645172304755524e-01,-4.461037804752679414e-01,3.526916417561299366e-01,6.234976430791336899e-01,2.361056724643459503e+00,1.085992129584741228e+00,-4.034029750721995100e+01,-1.527603700844318269e+02,-7.026369078413276270e+01
8.788093470000058005e+01,2.451996313710804287e+00,4.311962352573266433e-01,-3.863962949879998221e-01,-9.087675182124353990e-01,-3.326691446041424860e-01,2.743381736624342371e-01,6.155157127963539754e-01,2.383830295093805951e+00,1.053693648471373256e+00,-3.982386661792410365e+01,-1.542338200925692604e+02,-6.817397905609784914e+01
8.798486360000060813e+01,2.384537140895691465e+00,3.070031258059078838e-01,-8.222475161989492021e-01,-1.033055498813461481e+00,-2.231487175590113059e-01,2.108448934794643903e-01,6.077089829440736057e-01,2.406320631392511178e+00,1.021980556478875313e+00,-3.931877119648156338e+01,-1.556889448510954708e+02,-6.612214200418323173e+01
8.808838389999982610e+01,2.190510286138084517e+00,2.263203673207653810e-01,-2.226295069664034010e+00,-8.517708315243703865e-01,-1.314473976717253634e-01,1.842348781027562388e-01,6.000786862954337053e-01,2.428518064841328261e+00,9.908805078950352341e-01,-3.882509100331456153e+01,-1.571251187952339592e+02,-6.410996886080877744e+01
8.819318059999932302e+01,1.897687672481301213e+00,1.960912580831508378e-01,-3.484899751257404699e+00,-4.519451992092268777e-01,-6.296501058309734999e-02,1.857072667907836705e-01,5.926260277627304340e-01,2.450413052662271163e+00,9.604206224246837342e-01,-3.834290399624865842e+01,-1.585417245072489436e+02,-6.213921427087704075e+01
8.829729269999916141e+01,1.661009157543824166e+00,1.855931209892009992e-01,-3.317526773277228447e+00,-1.713760488538666749e-01,-1.672018013374971732e-02,1.848384216952935477e-01,5.853521842071376380e-01,2.471996182100125949e+00,9.306274615408790529e-01,-3.787228631820180880e+01,-1.599381529818781473e+02,-6.021159676169487796e+01
8.840236170000025595e+01,1.494414199538224963e+00,1.614672819805598458e-01,-2.953757002446259605e+00,-1.318090928424305586e-01,1.232122551086974917e-02,1.609964923596160780e-01,5.782583042528763873e-01,2.493258174469004551e+00,9.015270053229547109e-01,-3.741331228516110485e+01,-1.613138038881446050e+02,-5.832879724439517588e+01
8.850654099999883329e+01,1.494414199538224963e+00,0.000000000000000000e+00,0.000000000000000000e+00,0.000000000000000000e+00,0.000000000000000000e+00,0.000000000000000000e+00,5.713455081058249618e-01,2.514189889141324130e+00,8.731446298014428065e-01,-3.696605437444687681e+01,-1.626680858274436901e+02,-5.649245754815335374e+01
8.861181029999897873e+01,1.494414199538224963e+00,0.000000000000000000e+00,0.000000000000000000e+00,0.000000000000000000e+00,0.000000000000000000e+00,0.000000000000000000e+00,5.646148873766299037e-01,2.534782327477390407e+00,8.455050848298412136e-01,-3.653058321326795976e+01,-1.640004165877871571e+02,-5.470417898849073168e+01
8.871641470000031404e+01,1.494414199538224963e+00,0.000000000000000000e+00,0.000000000000000000e+00,0.000000000000000000e+00,0.000000000000000000e+00,0.000000000000000000e+00,5.580675049083301253e-01,2.555026636693943587e+00,8.186324725023789162e-01,-3.610696756756895809e+01,-1.653102233940981591e+02,-5.296552097090391698e+01
8.881990539999969769e+01,1.494414199538224963e+00,0.000000000000000000e+00,0.000000000000000000e+00,0.000000000000000000e+00,0.000000000000000000e+00,0.000000000000000000e+00,5.517043946085147255e-01,2.574914113670036642e+00,7.925502261365922063e-01,-3.569527433117090709e+01,-1.665969431544513668e+02,-5.127799963103751679e+01
8.892475860000013199e+01,1.494414199538224963e+00,0.000000000000000000e+00,0.000000000000000000e+00,0.000000000000000000e+00,0.000000000000000000e+00,0.000000000000000000e+00,5.455265612860658031e-01,2.594436208688517986e+00,7.672810898391616563e-01,-3.529556851520845839e+01,-1.678600227021471198e+02,-4.964308651259376148e+01
8.902954730000055861e+01,1.494414199538224963e+00,0.000000000000000000e+00,0.000000000000000000e+00,0.000000000000000000e+00,0.000000000000000000e+00,0.000000000000000000e+00,5.395349804924796100e-01,2.613584529111617094e+00,7.428470986726877223e-01,-3.490791323786343270e+01,-1.690989190335216392e+02,-4.806220728412289844e+01
8.913673109999945154e+01,1.494414199538224963e+00,0.000000000000000000e+00,0.000000000000000000e+00,0.000000000000000000e+00,0.000000000000000000e+00,0.000000000000000000e+00,5.337305983678193311e-01,2.632350842988969486e+00,7.192695594407989557e-01,-3.453236971439790892e+01,-1.703130995413863218e+02,-4.653674049581969285e+01
8.924121999999988475e+01,1.494414199538224963e+00,0.000000000000000000e+00,0.000000000000000000e+00,0.000000000000000000e+00,0.000000000000000000e+00,0.000000000000000000e+00,5.281143314913105957e-01,2.650727082596561424e+00,6.965690321083091163e-01,-3.416899724748779477e+01,-1.715020422439975221e+02,-4.506801637740760214e+01
8.934613519999948039e+01,1.494414199538224963e+00,0.000000000000000000e+00,0.000000000000000000e+00,0.000000000000000000e+00,0.000000000000000000e+00,0.000000000000000000e+00,5.226870667365974832e-01,2.668705347905091507e+00,6.747653118726046895e-01,-3.381785321785785925e+01,-1.726652360094594201e+02,-4.365731567815752356e+01
8.945156209999913699e+01,1.494414199538224963e+00,0.000000000000000000e+00,0.000000000000000000e+00,0.000000000000000000e+00,0.000000000000000000e+00,0.000000000000000000e+00,5.174496611317012107e-01,2.686277909976223732e+00,6.538774119019574727e-01,-3.347899307522106938e+01,-1.738021807754616930e+02,-4.230586855005665115e+01
8.955650020000030054e+01,1.494414199538224963e+00,0.000000000000000000e+00,0.000000000000000000e+00,0.000000000000000000e+00,0.000000000000000000e+00,0.000000000000000000e+00,5.124029417236788397e-01,2.703437214285303369e+00,6.339235467557426951e-01,-3.315247032952202488e+01,-1.749123877642591367e+02,-4.101485347509655099e+01
8.966503609999926994e+01,1.494414199538224963e+00,0.000000000000000000e+00,0.000000000000000000e+00,0.000000000000000000e+00,0.000000000000000000e+00,0.000000000000000000e+00,5.075477054480295180e-01,2.720175883969071506e+00,6.149211165010806113e-01,-3.283833654248751088e+01,-1.759953796927989345e+02,-3.978539623761992061e+01
8.976942169999892940e+01,1.494414199538224963e+00,0.000000000000000000e+00,0.000000000000000000e+00,0.000000000000000000e+00,0.000000000000000000e+00,0.000000000000000000e+00,5.028847190028453706e-01,2.736486722997008236e+00,5.968866915397235129e-01,-3.253664131948409732e+01,-1.770506909779064415e+02,-3.861856894262011508e+01
8.987314759999935632e+01,4.430831083503799506e-01,1.612158202318063893e-01,-1.408470511596141743e-03,7.184315050363450084e-01,1.456478771465634925e-01,6.911755620472748163e-02,4.984147187277396807e-01,2.752362719264956681e+00,5.798359981584058076e-01,-3.224743230168476060e+01,-1.780778679364427148e+02,-3.751538908084885549e+01
8.997791899999901943e+01,3.569519139894553050e-01,1.890037544304476180e-01,-1.532623250739317822e-01,5.109107091640693321e-01,1.770901364830030633e-01,6.604167433701461920e-02,4.941384104875754524e-01,2.767797047609636518e+00,5.637839048153043819e-01,-3.197075515854613315e+01,-1.790764689803434919e+02,-3.647681864155019582e+01
9.008301369999935559e+01,3.186618586254010843e-01,2.091673826801140057e-01,-1.774869666437604299e-01,3.627298922836404427e-01,1.986369559319855760e-01,6.553131858374036667e-02,4.900564695609950228e-01,2.782783072742832431e+00,5.487444091745070640e-01,-3.170665358059638095e+01,-1.800460648064612599e+02,-3.550376327359060724e+01
9.018790939999962575e+01,3.066107138541065980e-01,2.172936886908822529e-01,-1.320989407124522896e-01,2.301408830918286186e-01,2.071595519543770747e-01,6.558557142353635405e-02,4.861695405337902454e-01,2.797314352103925650e+00,5.347306258998485440e-01,-3.145516927253623152e+01,-1.809862385811239847e+02,-3.459707149572020057e+01
9.029544419999911042e+01,3.069392374157504655e-01,2.170357962422426734e-01,-6.925479985660398796e-02,1.215807432314773701e-01,2.068921550873656368e-01,6.557570444768182072e-02,4.824782371971139128e-01,2.811384638629573551e+00,5.217547752187332577e-01,-3.121634194665327300e+01,-1.818965861193334206e+02,-3.375753395665203982e+01
9.040024040000025707e+01,3.071501483124405851e-01,2.168711870815770992e-01,-3.568022184395171909e-02,6.338381195422408687e-02,2.067214145558018690e-01,6.556957030681775933e-02,4.789831424505528457e-01,2.824987883439368463e+00,5.098281722659026016e-01,-3.099020931655077149e+01,-1.827767160585271426e+02,-3.298588274560390232e+01
9.050505329999941750e+01,3.071501483124405851e-01,2.168711870815770992e-01,-1.905309442327675698e-02,3.384669970250658161e-02,2.067214145558018690e-01,6.556957030681775933e-02,4.756848082100850750e-01,2.838118238436258434e+00,4.989612172164834547e-01,-3.077680709119250579e+01,-1.836262500268259146e+02,-3.228279075390648245e+01
9.061109639999995125e+01,2.889151693174025759e-01,2.129954558356537964e-01,-9.142038756051404369e-02,1.024722321902010085e-03,2.041675442209313074e-01,6.068507306934717294e-02,4.725837553209220054e-01,2.850770058820688568e+00,4.891633862168689451e-01,-3.057616896926365513e+01,-1.844448228056985499e+02,-3.164887108823142370e+01
9.071654750000016065e+01,2.161989766762562049e-01,1.994005460307234634e-01,-3.937302568323833851e-01,-5.620263470356220981e-02,1.947584800737900690e-01,4.277513526217986001e-02,4.696804734752628718e-01,2.862937905517316750e+00,4.804432231213839888e-01,-3.038832663384950905e+01,-1.852320824869703983e+02,-3.108467653595354463e+01
9.082401319999917177e+01,-2.936064754437630597e-01,2.182160734498924393e-01,-2.215683991767023020e+00,1.905243251271895588e-01,2.088778147348994418e-01,-6.315309353833649386e-02,4.669754211349681494e-01,2.874616547513297427e+00,4.728083320419187441e-01,-3.021330974743244013e+01,-1.859876906241103427e+02,-3.059069908311214547e+01
9.092762509999920439e+01,-7.213792507681793253e-01,3.407221141813918108e-01,-1.726923328461739349e+00,8.223316798853195220e-01,2.558467218882118921e-01,-2.250200302001876540e-01,4.644690254591594680e-01,2.885800964107115618e+00,4.662653707170234529e-01,-3.005114594720761900e+01,-1.867113223777303972e+02,-3.016736948539141849e+01
9.103216819999943255e+01,-9.321594118825040631e-01,4.514619704787237175e-01,-1.186327113315766901e+00,1.027206268216205531e+00,2.691171858490743474e-01,-3.624828976230558553e-01,4.621616822367695665e-01,2.896486347067022571e+00,4.608200447062693605e-01,-2.990186084071899231e+01,-1.874026666552363736e+02,-2.981505689249562963e+01
9.113708249999945110e+01,-1.057354450447642868e+00,4.971836422761395924e-01,-9.387022444875730010e-01,8.001235542544284929e-01,2.442057804206412275e-01,-4.330763338674994967e-01,4.600537558240409552e-01,2.906668102698097389e+00,4.564771024149085754e-01,-2.976547800181545256e+01,-1.880614262445669169e+02,-2.953406852624458523e+01
9.124201729999913368e+01,-1.127019106947592775e+00,5.243290638793810521e-01,-7.099971439358121472e-01,5.688092123186105908e-01,2.251227097730258697e-01,-4.735406347644075531e-01,4.581455790869892741e-01,2.916341853817113972e+00,4.532403309531991553e-01,-2.964201896692820881e+01,-1.886873179419672795e+02,-2.932464941267198810e+01
9.134666289999950095e+01,-1.174101085987460102e+00,5.444540661998691355e-01,-5.399894565899767684e-01,4.047787142911558056e-01,2.103619897078395362e-01,-5.021733400806243086e-01,4.564374533488424479e-01,2.925503441634299762e+00,4.511125528339865465e-01,-2.953150323167010782e+01,-1.892800726737391983e+02,-2.918698216835893078e+01
9.145347600000059174e+01,-1.187162706011444246e+00,5.501720043577121855e-01,-3.373004659573474173e-01,2.435324442024384139e-01,2.059252155720082411e-01,-5.101803994378893981e-01,4.549296483424551951e-01,2.934148927541229579e+00,4.500956235114308424e-01,-2.943394824775685237e+01,-1.898394356119175654e+02,-2.912118684118957646e+01
9.155762999999933527e+01,-1.186522326819283712e+00,5.497358865711678977e-01,-1.762614691996591543e-01,1.271056118828043646e-01,2.060883877062902880e-01,-5.096441125303123876e-01,4.536224021677173202e-01,2.942274594804039189e+00,4.501904297630232588e-01,-2.934936942025131046e+01,-1.903651662838213383e+02,-2.912732080566760473e+01
9.166254889999981970e+01,-1.185190290363426158e+00,5.492241667152500950e-01,-8.868979424842458881e-02,6.571345880070682266e-02,2.065746007579009336e-01,-5.088949986252317981e-01,4.525159212539540121e-01,2.949876950161277378e+00,4.513968889163022524e-01,-2.927778010513082663e+01,-1.908570386754346657e+02,-2.920537871288475529e+01
9.176588249999986147e+01,-1.184452745241302729e+00,5.489554265933226374e-01,-4.407136370886446247e-02,3.381853431461135512e-02,2.068486152022314950e-01,-5.084935700430990302e-01,4.516103803273276984e-01,2.956952725325669995e+00,4.537139489209462972e-01,-2.921919160717810371e+01,-1.913148413285708500e+02,-2.935529249518522832e+01
9.187067969999952766e+01,-1.183751701347304230e+00,5.485715760598811608e-01,-2.055624874975350153e-02,1.642594725380739848e-02,2.070601550033908944e-01,-5.079929785644617946e-01,4.509059223832490026e-01,2.963498878389168922e+00,4.571395892661764826e-01,-2.917361317819621291e+01,-1.917383774317792415e+02,-2.957693142552161802e+01
9.197497399999883783e+01,-1.183013670106699111e+00,5.483220742309929951e-01,-7.716745065372003498e-03,7.665977375551795425e-03,2.073406674821714757e-01,-5.076090470992673520e-01,4.504026586637925877e-01,2.969512595130687771e+00,4.616708227426729039e-01,-2.914105201554738045e+01,-1.921274649049555023e+02,-2.987010223145093946e+01
9.208146839999972144e+01,-1.182216722961528355e+00,5.479887180357385645e-01,-5.809334693952534091e-04,2.610538198769520729e-03,2.076188390833249853e-01,-5.071351424937385888e-01,4.501006686401345380e-01,2.974991290225943885e+00,4.673036980474638558e-01,-2.912151326101670534e+01,-1.924819364776185751e+02,-3.023454926367091389e+01
9.218497149999893736e+01,-1.181922159684950735e+00,5.477875529863289739e-01,9.931712448453026108e-04,4.953897115615116947e-04,2.076919423619970617e-01,-5.068878182444820357e-01,4.500000000000001776e-01,2.979932608358904389e+00,4.740333032295227511e-01,-2.911500000000001265e+01,-1.928016397608211321e+02,-3.066995471895012315e+01
9.228842049999911978e+01,-1.181676333004478385e+00,5.475819787264907257e-01,1.633590334256867930e-03,-6.536503045197183384e-04,2.077385530353621501e-01,-5.066465405080675666e-01,4.501006686401345380e-01,2.984334425234345112e+00,4.818537699730625068e-01,-2.912151326101670534e+01,-1.930864373126621274e+02,-3.117593891725714528e+01
9.239226819999930740e+01,-1.181462296455412675e+00,5.473174047874278525e-01,1.835082116552889768e-03,-1.533988934292744100e-03,2.077465641962838727e-01,-5.063572914927605417e-01,4.504026586637928098e-01,2.988194848491094735e+00,4.907582787147903858e-01,-2.914105201554739466e+01,-1.933362066973738251e+02,-3.175206063284693769e+01
9.249684519999937038e+01,-1.180999635149272864e+00,5.472035452518101417e-01,3.054159928723464753e-03,-1.331444876562256144e-03,2.079375472139825543e-01,-5.061558024904807551e-01,4.509059223832490026e-01,2.991512218515572918e+00,5.007390645906757420e-01,-2.917361317819621291e+01,-1.935508405379575834e+02,-3.239781747901672304e+01
9.260071260000040638e+01,-1.180993900320148615e+00,5.471777712481286082e-01,1.654386736244352037e-03,-8.246139934810572687e-04,2.079306556600589717e-01,-5.061307694507886090e-01,4.516103803273281425e-01,2.994285109155259583e+00,5.117874242070179491e-01,-2.921919160717813213e+01,-1.937302465623453145e+02,-3.311264634619406166e+01
9.270493890000034298e+01,-1.180957510907231667e+00,5.471782010641873528e-01,1.052556621157132955e-03,-4.414116449314143772e-04,2.079492366709514428e-01,-5.061236002082978302e-01,4.525159212539540121e-01,2.996512328331808916e+00,5.238937232299432090e-01,-2.927778010513082663e+01,-1.938743476430680346e+02,-3.389592389297732922e+01
9.281113550000009127e+01,-1.181040062502196397e+00,5.471642128477158806e-01,1.945440480276966195e-04,-2.977703045920150659e-04,2.079021396477076788e-01,-5.061278259008938907e-01,4.536224021677175422e-01,2.998192918553530983e+00,5.370474047866844458e-01,-2.934936942025132467e+01,-1.939830818304134539e+02,-3.474696708969848657e+01
9.291585569999915606e+01,-1.180850913479751352e+00,5.470848268431941497e-01,9.409814111083365231e-04,-5.096175076512591065e-04,2.079676918803653463e-01,-5.060150658784786648e-01,4.549296483424554172e-01,2.999326157327015796e+00,5.512369986713252512e-01,-2.943394824775686658e+01,-1.940564023790579427e+02,-3.566503381403474293e+01
9.302031379999971250e+01,-1.180676058767204939e+00,5.471110607399498615e-01,1.279742934725183702e-03,-1.552040879312155722e-04,2.080661445613205818e-01,-5.060029567812630580e-01,4.564374533488426700e-01,2.999911557467741297e+00,5.664501313470025057e-01,-2.953150323167012203e+01,-1.940942777681628684e+02,-3.664932349815106249e+01
9.312436419999903592e+01,-1.180754853450828534e+00,5.470708226807297070e-01,3.334324070758560308e-04,-2.624904425533468766e-04,2.080109739851257189e-01,-5.059821338054633078e-01,4.581455790869897182e-01,2.999948867309513822e+00,5.826735367357998019e-01,-2.964201896692823723e+01,-1.940966917149255551e+02,-3.769897782680624942e+01
9.322778780000044208e+01,-1.180754853450828534e+00,5.470708226807297070e-01,1.785816920182933126e-04,-1.405861769133406110e-04,2.080109739851257189e-01,-5.059821338054633078e-01,4.600537558240409552e-01,2.999438070812663337e+00,5.998930677869771522e-01,-2.976547800181545256e+01,-1.940636431815793230e+02,-3.881308148581742046e+01
9.333944010000050184e+01,-1.180754853450828534e+00,5.470708226807297070e-01,9.585473889131223787e-05,-7.546043005559424394e-05,2.080109739851257189e-01,-5.059821338054633078e-01,4.621616822367702326e-01,2.998379387570934806e+00,6.180937088134059731e-01,-2.990186084071903494e+01,-1.939951463758394823e+02,-3.999066296022736822e+01
9.344291560000056052e+01,-1.180754853450828534e+00,5.470708226807297070e-01,4.965717721395340056e-05,-3.909198430095979894e-05,2.080109739851257189e-01,-5.059821338054633078e-01,4.644690254591601342e-01,2.996773272717087266e+00,6.372595885854628328e-01,-3.005114594720766164e+01,-1.938912307447955641e+02,-4.123069538147944968e+01
9.354773279999972146e+01,-1.180754853450828534e+00,5.470708226807297070e-01,2.666636802551448075e-05,-2.099276073880631827e-05,2.080109739851257189e-01,-5.059821338054633078e-01,4.669754211349688156e-01,2.994620416727229006e+00,6.573739941709939583e-01,-3.021330974743248277e+01,-1.937519409622517230e+02,-4.253209742286330908e+01
9.365240909999920405e+01,-1.180754853450828534e+00,5.470708226807297070e-01,1.425695764277098243e-05,-1.122360946836189952e-05,2.080109739851257189e-01,-5.059821338054633078e-01,4.696804734752635380e-01,2.991921745123979015e+00,6.784193855092222059e-01,-3.038832663384955168e+01,-1.935773369095214491e+02,-4.389373424244667632e+01
9.376065229999949224e+01,-1.180754853450828534e+00,5.470708226807297070e-01,7.452799827217633615e-06,-5.867122341418982894e-06,2.080109739851257189e-01,-5.059821338054633078e-01,4.725837553209222275e-01,2.988678418078579035e+00,7.003774107059583809e-01,-3.057616896926366934e+01,-1.933674936496840644e+02,-4.531441847267550571e+01
9.386472019999928307e+01,-1.180754853450828534e+00,5.470708226807297070e-01,3.995607284038441820e-06,-3.145491265994497751e-06,2.080109739851257189e-01,-5.059821338054633078e-01,4.756848082100857411e-01,2.984891829912132977e+00,7.232289220367169591e-01,-3.077680709119254843e+01,-1.931225013953149983e+02,-4.679291125577559285e+01
9.396983129999898665e+01,-1.180754853450828534e+00,5.470708226807297070e-01,2.144105808476463061e-06,-1.687920161941996290e-06,2.080109739851257189e-01,-5.059821338054633078e-01,4.789831424505537338e-01,2.980563608496181072e+00,7.469539926438097943e-01,-3.099020931655082833e+01,-1.928424654697029155e+02,-4.832792332405449542e+01
9.407435919999988982e+01,-1.180754853450828534e+00,5.470708226807297070e-01,1.142032364947593667e-06,-8.990505257551071009e-07,2.080109739851257189e-01,-5.059821338054633078e-01,4.824782371971148009e-01,2.975695614552868573e+00,7.715319339128809961e-01,-3.121634194665332984e+01,-1.925275062615706076e+02,-4.991811612416340438e+01
9.417816399999901478e+01,-1.180754853450828534e+00,5.470708226807297070e-01,6.098596694681881442e-07,-4.801043064111156140e-07,2.080109739851257189e-01,-5.059821338054633078e-01,4.861695405337911335e-01,2.970289940855016741e+00,7.969413135136637072e-01,-3.145516927253628836e+01,-1.921777591733196004e+02,-5.156210298433404660e+01
9.428164819999983592e+01,-1.180754853450828534e+00,5.470708226807297070e-01,3.271722298141660803e-07,-2.575621972328206246e-07,2.080109739851257189e-01,-5.059821338054633078e-01,4.900564695609954668e-01,2.964348911326427860e+00,8.231599740893109640e-01,-3.170665358059640937e+01,-1.917933745628198778e+02,-5.325845032357842257e+01
9.438607339999907708e+01,-1.180754853450828534e+00,5.470708226807297070e-01,1.757926433310452183e-07,-1.383905336324761516e-07,2.080109739851257189e-01,-5.059821338054633078e-01,4.941384104875763406e-01,2.957875080042816407e+00,8.501650525779353984e-01,-3.197075515854618999e+01,-1.913745176787702178e+02,-5.500567890179242170e+01
9.449071829999957117e+01,-1.180754853450828534e+00,5.470708226807297070e-01,9.405827523091078918e-08,-7.404618677496886625e-08,2.080109739851257189e-01,-5.059821338054633078e-01,4.984147187277407909e-01,2.950871230133810030e+00,8.779330001495126989e-01,-3.224743230168483166e+01,-1.909213685896575043e+02,-5.680226510967347764e+01
9.459402939999927185e+01,-1.180754853450828534e+00,5.470708226807297070e-01,5.020366156328736406e-08,-3.952219718867265962e-08,2.080109739851257189e-01,-5.059821338054633078e-01,5.028847190028462588e-01,2.943340372586455977e+00,9.064396027408705425e-01,-3.253664131948415417e+01,-1.904341221063437217e+02,-5.864664229733432421e+01
9.469909389999884297e+01,-1.180754853450828534e+00,5.470708226807297070e-01,2.698618621081089397e-08,-2.124453355756524700e-08,2.080109739851257189e-01,-5.059821338054633078e-01,5.075477054480312944e-01,2.935285744950797415e+00,9.356600021706386050e-01,-3.283833654248762457e+01,-1.899129876983166128e+02,-6.053720214044032133e+01
9.480573340000046301e+01,-1.180754853450828534e+00,5.470708226807297070e-01,1.419314639616061517e-08,-1.117337487206236913e-08,2.080109739851257189e-01,-5.059821338054633078e-01,5.124029417236799500e-01,2.926710809948026792e+00,9.655687178160095030e-01,-3.315247032952209594e+01,-1.893581894036373399e+02,-6.247229604269581671e+01
9.491115569999965373e+01,-1.180754853450828534e+00,5.470708226807297070e-01,7.599162829714158683e-09,-5.982344762765714722e-09,2.080109739851257189e-01,-5.059821338054633078e-01,5.174496611317020989e-01,2.917619253981846406e+00,9.961396688322118331e-01,-3.347899307522112622e+01,-1.887699657326254794e+02,-6.445023657344410140e+01
9.502030379999996512e+01,-1.180754853450828534e+00,5.470708226807297070e-01,4.048996207054337718e-09,-3.187521019949099198e-09,2.080109739851257189e-01,-5.059821338054633078e-01,5.226870667365985934e-01,2.908014985553675213e+00,1.027346196895350783e+00,-3.381785321785793030e+01,-1.881485695653227879e+02,-6.646929893912920306e+01
9.512431409999953758e+01,-1.180754853450828534e+00,5.470708226807297070e-01,2.121949519354041870e-09,-1.670477903740137421e-09,2.080109739851257189e-01,-5.059821338054633078e-01,5.281143314913119280e-01,2.897902133582354711e+00,1.059161089448924731e+00,-3.416899724748788003e+01,-1.874942680427783444e+02,-6.852772248734542870e+01
9.522801789999903121e+01,-1.180754853450828534e+00,5.470708226807297070e-01,1.138279086718272798e-09,-8.960958049705247257e-10,2.080109739851257189e-01,-5.059821338054633078e-01,5.337305983678204413e-01,2.887285045629118585e+00,1.091556603433531336e+00,-3.453236971439798708e+01,-1.868073424522039829e+02,-7.062371224214948029e+01
9.533176579999962996e+01,-1.180754853450828534e+00,5.470708226807297070e-01,6.100292989048711809e-10,-4.802378450383158370e-10,2.080109739851257189e-01,-5.059821338054633078e-01,5.395349804924800541e-01,2.876168286028547794e+00,1.124504489479257963e+00,-3.490791323786346112e+01,-1.860880881060470529e+02,-7.275544046930799880e+01
9.543676339999910851e+01,-1.180754853450828534e+00,5.470708226807297070e-01,3.266828417569742090e-10,-2.571769326784865711e-10,2.080109739851257189e-01,-5.059821338054633078e-01,5.455265612860671354e-01,2.864556633926343299e+00,1.157976016539541408e+00,-3.529556851520854366e+01,-1.853368142150344227e+02,-7.492104827010832935e+01
9.554001690000040981e+01,-1.180754853450828534e+00,5.470708226807297070e-01,1.745442528405367597e-10,-1.374077540184405728e-10,2.080109739851257189e-01,-5.059821338054633078e-01,5.517043946085160577e-01,2.852455081224759326e+00,1.191941996945054427e+00,-3.569527433117099235e+01,-1.845538437552419282e+02,-7.711864720234503068e+01
9.564481329999944137e+01,-1.180754853450828534e+00,5.470708226807297070e-01,9.389054949590807538e-11,-7.391414681282313098e-11,2.080109739851257189e-01,-5.059821338054633078e-01,5.580675049083314576e-01,2.839868830436546254e+00,1.226372811855817258e+00,-3.610696756756904335e+01,-1.837395133292445450e+02,-7.934632092707137474e+01
9.574995259999923292e+01,-1.180754853450828534e+00,5.470708226807297070e-01,5.003588726304095956e-11,-3.939011899415348421e-11,2.080109739851257189e-01,-5.059821338054633078e-01,5.646148873766314580e-01,2.826803292448381466e+00,1.261238437089232445e+00,-3.653058321326805924e+01,-1.828941730214102961e+02,-8.160212687967334944e+01
9.585776429999896209e+01,-1.180754853450828534e+00,5.470708226807297070e-01,2.669863375049611152e-11,-2.101816152244341722e-11,2.080109739851257189e-01,-5.059821338054633078e-01,5.713455081058256280e-01,2.813264084194691428e+00,1.296508469301648203e+00,-3.696605437444691944e+01,-1.820181862473965566e+02,-8.388409796381664307e+01
9.596256319999883999e+01,-1.180398042466358266e+00,5.467471157281610372e-01,1.566031915759163659e-03,-1.419745994837001875e-03,2.080683118535966436e-01,-5.056085305445879863e-01,5.782583042528779416e-01,2.799257026242916169e+00,1.332152152500513553e+00,-3.741331228516120433e+01,-1.811119295979166850e+02,-8.619024426678322470e+01
9.606645310000021709e+01,-1.169787507239605784e+00,5.429196654138649381e-01,4.832632101294716265e-02,-1.761947523541798274e-02,2.119272408946237252e-01,-4.998485847333122289e-01,5.853521842071391923e-01,2.784788140291220238e+00,1.368138404864048363e+00,-3.787228631820190827e+01,-1.801757926768419509e+02,-8.851855479470393107e+01
9.617004689999885159e+01,-1.165628708184582196e+00,5.412110076714192752e-01,4.478914093090814036e-02,-1.703360259079271175e-02,2.133306655917891759e-01,-4.973925833211400582e-01,5.926260277627319883e-01,2.769863646579723504e+00,1.404435845845084074e+00,-3.834290399624875789e+01,-1.792101779337081098e+02,-9.086699922617694369e+01
9.627263739999943937e+01,-1.156833787178914053e+00,5.373686799059945729e-01,6.398686088291664908e-02,-2.612322925133736193e-02,2.161513479605819965e-01,-4.919793622894507723e-01,6.000786862954352596e-01,2.754489961216413541e+00,1.441012823535332998e+00,-3.882509100331466101e+01,-1.782155004907019702e+02,-9.323352968273604802e+01
9.637704870000015944e+01,-1.156231079681772744e+00,5.372842047837749213e-01,3.720561815492472169e-02,-1.444354711888732115e-02,2.164138024265019888e-01,-4.917716775389127104e-01,6.077089829440742719e-01,2.738673693418810728e+00,1.477837442266353163e+00,-3.931877119648160601e+01,-1.771921879641970747e+02,-9.561608251463304953e+01
9.648529489999964426e+01,-1.156231079681772744e+00,5.372842047837749213e-01,1.985624266933465332e-02,-7.708367467632962558e-03,2.164138024265019888e-01,-4.917716775389127104e-01,6.155157127963557517e-01,2.722421642672645525e+00,1.514877590423032938e+00,-3.982386661792421734e+01,-1.761406802809201793e+02,-9.801258010037022927e+01
9.658999190000031376e+01,-1.156231079681772744e+00,5.372842047837749213e-01,1.045191009933921569e-02,-4.057523123888700026e-03,2.164138024265019888e-01,-4.917716775389127104e-01,6.234976430791354662e-01,2.705740795808735388e+00,1.552100968445383256e+00,-4.034029750722006469e+01,-1.750614294888251834e+02,-1.004209326584163051e+02
9.669504839999899559e+01,-1.156231079681772744e+00,5.372842047837749213e-01,5.580043697550282969e-03,-2.166221879056449019e-03,2.164138024265019888e-01,-4.917716775389127104e-01,6.316535133530944979e-01,2.688638323999295032e+00,1.589475116994265358e+00,-4.086798231394521252e+01,-1.739548995627544059e+02,-1.028390400695289770e+02
9.679864400000042224e+01,-1.156231079681772744e+00,5.372842047837749213e-01,2.973930979711444413e-03,-1.154506076338241739e-03,2.164138024265019888e-01,-4.917716775389127104e-01,6.399820357117684821e-01,2.671121579675039825e+00,1.626967445256381151e+00,-4.140683771055142159e+01,-1.728215662049750847e+02,-1.052647937080878648e+02
9.690392629999951168e+01,-1.156231079681772744e+00,5.372842047837749213e-01,1.596861498155577753e-03,-6.199156319593142686e-04,2.164138024265019888e-01,-4.917716775389127104e-01,6.484818949849306957e-01,2.653198093364320886e+00,1.664545259363979124e+00,-4.195677860552501670e+01,-1.716619166406715635e+02,-1.076960782808494486e+02
9.701336169999922276e+01,-1.154012710614594539e+00,5.361412800465511497e-01,1.069179357836584979e-02,-5.381513148286731947e-03,2.170415195942826947e-01,-4.902452967058011368e-01,6.571517489462701533e-01,2.634875570455727622e+00,1.702175790904379538e+00,-4.251771815682368327e+01,-1.704764494084855926e+02,-1.101307736715133672e+02
9.711663860000044224e+01,-1.117941335649204504e+00,5.227208919520980324e-01,1.678073849642480742e-01,-5.991402274475310374e-02,2.287084379142635682e-01,-4.700314684252687170e-01,6.659902285253391785e-01,2.616161887885512627e+00,1.739826225494502943e+00,-4.308956778558944478e+01,-1.692656741461926799e+02,-1.125667567894943488e+02
9.722018190000017057e+01,-1.063289403290253787e+00,5.060958562400666993e-01,3.487482380831041784e-01,-1.004187874343198256e-01,2.459625422052310051e-01,-4.423069562366233054e-01,6.749959380237573470e-01,2.597065090751240479e+00,1.777463731395533486e+00,-4.367223719013710337e+01,-1.680301113716052726e+02,-1.150019034212910185e+02
9.732474019999972370e+01,-1.047549662501508827e+00,5.014647087754741106e-01,2.617086137360368214e-01,-7.285618191217417550e-02,2.505794235358042021e-01,-4.343694356739837281e-01,6.841674553355920896e-01,2.577593388853189893e+00,1.815055488142645945e+00,-4.426563436021280751e+01,-1.667702922588013905e+02,-1.174340900828292007e+02
9.742956020000019635e+01,-1.047169211572327008e+00,5.013846685282825621e-01,1.416696056454056774e-01,-3.928227585496647800e-02,2.507046395644365044e-01,-4.342047553126079373e-01,6.935033321719430432e-01,2.557755153164893880e+00,1.852568715164971458e+00,-4.486966559152471490e+01,-1.654867584097686404e+02,-1.198611958711736634e+02
9.753416520000064338e+01,-1.046922972443518063e+00,5.012641765258116777e-01,7.665560170889572367e-02,-2.146977166584601929e-02,2.507512755124335357e-01,-4.340386762685875532e-01,7.030020942896342273e-01,2.537558912234450403e+00,1.889970700370728451e+00,-4.548423550053933440e+01,-1.641800616215689388e+02,-1.222811043139861340e+02
9.763873489999969024e+01,-1.046626145504816474e+00,5.010133719270406516e-01,4.230121154591682392e-02,-1.258019073103151808e-02,2.507545724456967107e-01,-4.337470959525596692e-01,7.126622417240113805e-01,2.517013348518031268e+00,1.927228828672640892e+00,-4.610924703954353987e+01,-1.628507636491166295e+02,-1.246917052151198675e+02
9.774970729999949981e+01,-1.046377752199219024e+00,5.008942522878121473e-01,2.376641815374162456e-02,-7.264358566671429672e-03,2.508026602132885641e-01,-4.335816850432039349e-01,7.224822490258129282e-01,2.496127294647278561e+00,1.964310610428808834e+00,-4.674460151197009594e+01,-1.614994359636789341e+02,-1.270908964947439301e+02
9.785471320000033302e+01,-1.046244420407183462e+00,5.006963945844213892e-01,1.291185620475844911e-02,-4.623059586789579276e-03,2.507613760813704462e-01,-4.333769857936806691e-01,7.324605655020466344e-01,2.474909729632106981e+00,2.001183709774125852e+00,-4.739019858798241813e+01,-1.601266595071973313e+02,-1.294765860223859590e+02
9.795899900000040361e+01,-1.046244420407183462e+00,5.006963945844213892e-01,6.892713620613681938e-03,-2.467919815512638598e-03,2.507613760813704462e-01,-4.333769857936806691e-01,7.425956154608697179e-01,2.453369775000578290e+00,2.037815972817663024e+00,-4.804593632031827610e+01,-1.587330244425374133e+02,-1.318466934413027900e+02
9.806279809999978170e+01,-1.045998485767446695e+00,5.005781872835441959e-01,4.780030688770346529e-03,-1.844581757790851205e-03,2.508087245527822473e-01,-4.332130021967088296e-01,7.528857984604058196e-01,2.431516690877521647e+00,2.074175455681328550e+00,-4.871171116038826199e+01,-1.573191298997756462e+02,-1.341991519825819523e+02
9.816632500000014261e+01,-1.045617684530105507e+00,5.004960203020071274e-01,4.266398522752509921e-03,-1.355673574765396032e-03,2.509324785505323563e-01,-4.330463688182060178e-01,7.633294895614688436e-01,2.409359872003576264e+00,2.110230452355390973e+00,-4.938741797462703431e+01,-1.558855837186313806e+02,-1.365319102673938119e+02
9.827163739999923564e+01,-1.045483975371309882e+00,5.002982051638757977e-01,2.893171462911569257e-03,-1.614402042011494134e-03,2.508911775915385611e-01,-4.328416697788310397e-01,7.739250395841698049e-01,2.386908843696321281e+00,2.145949522346620508e+00,-5.007295006109578850e+01,-1.544330021871519989e+02,-1.388429340958263651e+02
9.837624649999997928e+01,-1.045319903988367827e+00,5.002453559346717871e-01,2.268640559903131390e-03,-1.093760420925736368e-03,2.509356806400697137e-01,-4.327547808123110573e-01,7.846707753683296316e-01,2.364173257755330049e+00,2.181301518094832748e+00,-5.076819916633093044e+01,-1.529620097767698610e+02,-1.411302082207356818e+02
9.848065920000044571e+01,-1.045319903988367827e+00,5.002453559346717871e-01,1.212951368614388018e-03,-5.847899499578588503e-04,2.509356806400697137e-01,-4.327547808123110573e-01,7.955650000377010311e-01,2.341162888312790624e+00,2.216255612134054864e+00,-5.147305550243925865e+01,-1.514732388738375732e+02,-1.433917381050733582e+02
9.858413689999906637e+01,-1.045319903988367827e+00,5.002453559346717871e-01,6.478007858568998701e-04,-3.123186954945033115e-04,2.509356806400697137e-01,-4.327547808123110573e-01,8.066059932679203737e-01,2.317887627631571856e+00,2.250781323974520909e+00,-5.218740776443445384e+01,-1.499673295077627131e+02,-1.456255516611515191e+02
9.868747669999902428e+01,-1.045319903988367827e+00,5.002453559346717871e-01,3.481963753450923534e-04,-1.678729635683342885e-04,2.509356806400697137e-01,-4.327547808123110573e-01,8.177920115581620575e-01,2.294357481852508762e+00,2.284848546682099801e+00,-5.291114314781308536e+01,-1.484449290758573170e+02,-1.478297009703318565e+02
9.879069569999956002e+01,-1.045319903988367827e+00,5.002453559346717871e-01,1.871895207966352140e-04,-9.024809512713499054e-05,2.509356806400697137e-01,-4.327547808123110573e-01,8.291212885064691562e-01,2.270582566692685766e+00,2.318427573132018527e+00,-5.364414736636855707e+01,-1.469066920650167845e+02,-1.500022639816416188e+02
9.889548079999985930e+01,-1.044524674355448379e+00,4.997579240942405798e-01,3.662289444922538044e-03,-2.228650613019350982e-03,2.510348973392685923e-01,-4.321336170825496037e-01,8.405920350886747494e-01,2.246573103096679347e+00,2.351489121913883817e+00,-5.438630467023725856e+01,-1.453532797703551580e+02,-1.521413461878282760e+02
9.900360700000055658e+01,-9.842347785067797616e-01,4.832952753683615321e-01,2.796275457874073389e-01,-7.039750224719538985e-02,2.675042201723181745e-01,-4.025118822884367065e-01,8.522024399409222628e-01,2.222339412842496031e+00,2.384004362865536297e+00,-5.513749786417767496e+01,-1.437853600109094998e+02,-1.542450822774002006e+02
9.910761470000034024e+01,-8.604555406273033391e-01,4.613341889420339847e-01,7.273506569615861839e-01,-1.076675361161804623e-01,3.008324134712065390e-01,-3.497557617708296762e-01,8.639506696456952239e-01,2.197891914104207256e+00,2.415944942213367863e+00,-5.589760832607648666e+01,-1.422036068425422286e+02,-1.563116377612049064e+02
9.921703080000042974e+01,-8.135307417553093723e-01,4.541527440288849471e-01,6.153202684677935297e-01,-7.913906864215948522e-02,3.119742643075207877e-01,-3.300405631414827234e-01,8.758348690213297871e-01,2.173241116973135156e+00,2.447283007297222035e+00,-5.666651602568003909e+01,-1.406087002681618401e+02,-1.583392105721302698e+02
9.932187010000052396e+01,-8.157427764378590851e-01,4.540261434955527586e-01,3.123798206482042428e-01,-4.230365784988884825e-02,3.111566776225210829e-01,-3.306376580916921548e-01,8.878531614149821616e-01,2.148397618939506426e+00,2.477991230858356708e+00,-5.744409954354934911e+01,-1.390013259453860712e+02,-1.603260326365357002e+02
9.942997099999956845e+01,-8.147643065756637881e-01,4.537605221769822061e-01,1.712834317750803192e-01,-2.369287765195544904e-02,3.112978207820685239e-01,-3.301397859432617654e-01,9.000036489989593491e-01,2.123372100336547774e+00,2.508042834869190330e+00,-5.823023609023267255e+01,-1.373821748917746390e+02,-1.622703714160366246e+02
9.953356870000061463e+01,-8.139921764488282641e-01,4.534551046953909648e-01,9.343419501429792162e-02,-1.374997304593327842e-02,3.113429387460083797e-01,-3.296772762373943455e-01,9.122844130704207410e-01,2.098175319748953438e+00,2.537411613884150263e+00,-5.902480152565622262e+01,-1.357519431877572913e+02,-1.641705314183045346e+02
9.963813959999970393e+01,-8.130228900245550783e-01,4.532907798301352709e-01,5.452779454571474865e-02,-8.093192687620298295e-03,3.115494027079094841e-01,-3.292559805855574950e-01,9.246935143543578706e-01,2.072818109387724483e+00,2.566071957891235655e+00,-5.982767037872695681e+01,-1.341113316773857775e+02,-1.660248556755629465e+02
9.974290509999991627e+01,-8.122524731756648464e-01,4.529851887868596161e-01,3.261652696908411142e-02,-5.678019572486005945e-03,3.115927691203163596e-01,-3.287940502688576072e-01,9.372289933098240100e-01,2.047311370433368083e+00,2.593998874644285024e+00,-6.063871586714561346e+01,-1.324610456670389169e+02,-1.678317271894852354e+02
9.984716069999922183e+01,-8.114866796205353339e-01,4.528593213384772276e-01,2.082380531026470014e-02,-3.583454551610385647e-03,3.117578163145404146e-01,-3.284640450489755281e-01,9.498888704393810833e-01,2.021666068349398770e+00,2.621168011456616931e+00,-6.145780991742795862e+01,-1.308017946222061028e+02,-1.695895703412431317e+02
9.995201339999948686e+01,-8.108354691880653720e-01,4.526037597053228501e-01,1.406639091388870062e-02,-3.055344957171409175e-03,3.117955947691545271e-01,-3.280757083082239123e-01,9.626711466016657504e-01,1.995893228168271083e+00,2.647555676436918581e+00,-6.228482318512777738e+01,-1.291342918624871459e+02,-1.712968522654686296e+02
1.000559133999995538e+02,-8.100686987422163199e-01,4.524783215405101533e-01,1.090474001897989709e-02,-2.181626793415123410e-03,3.119605786672079994e-01,-3.277456770450802304e-01,9.755738033270983101e-01,1.970003929751635852e+00,2.673138859148954438e+00,-6.311962507526326505e+01,-1.274592542549308405e+02,-1.729520841869373555e+02
1.001619940000000497e+02,-8.092070374348847572e-01,4.522652720290047390e-01,9.719092364208210821e-03,-2.122005921709180058e-03,3.120958489722553408e-01,-3.273225585531141513e-01,9.885948031366112998e-01,1.944009303027071089e+00,2.697895250676971557e+00,-6.396208376293875375e+01,-1.257774019058515051e+02,-1.745538227188000633e+02
1.002664294999995036e+02,-8.087594295461228988e-01,4.520478531827191726e-01,7.134211424025320609e-03,-2.084158880633342741e-03,3.120922246665014943e-01,-3.270255416168884044e-01,1.001732089863387243e+00,1.917920523203288985e+00,2.721803263079423552e+00,-6.481206621416116320e+01,-1.240894578512528028e+02,-1.761006711212387188e+02
1.003701404999992519e+02,-8.081040849007314897e-01,4.518736296120203777e-01,6.747372700010543199e-03,-1.891500496259373391e-03,3.121861061661340142e-01,-3.266949835176057859e-01,1.014983588977563134e+00,1.891748805965830504e+00,2.744842048214000130e+00,-6.566943820684834066e+01,-1.223961477459892393e+02,-1.775912805194458031e+02
1.004740610999997443e+02,-8.081040849007314897e-01,4.518736296120203777e-01,3.618324269107817646e-03,-1.014329940694409750e-03,3.121861061661340142e-01,-3.266949835176057859e-01,1.028347207913808958e+00,1.865505402655427858e+00,2.766991515917454070e+00,-6.653406435202344937e+01,-1.206981995518061836e+02,-1.790243510798592865e+02
1.005789611000000150e+02,-8.081040849007314897e-01,4.518736296120203777e-01,1.938402712391405292e-03,-5.433951636365262150e-04,3.121861061661340142e-01,-3.266949835176057859e-01,1.041820836401780692e+00,1.839201595430969505e+00,2.788232351524596808e+00,-6.740580811519521376e+01,-1.189963432243837360e+02,-1.803986331436414332e+02
1.006901402000003145e+02,-8.081040849007314897e-01,4.518736296120203777e-01,1.034529294839726596e-03,-2.900110549075116551e-04,3.121861061661340142e-01,-3.266949835176057859e-01,1.055402346799350077e+00,1.812848692419262608e+00,2.808546032710936835e+00,-6.828453183791795311e+01,-1.172913103995262958e+02,-1.817129283163976083e+02
1.007948238999997557e+02,-8.081040849007314897e-01,4.518736296120203777e-01,5.368298589909645735e-04,-1.504902707814958086e-04,3.121861061661340142e-01,-3.266949835176057859e-01,1.069089594428580758e+00,1.786458022853625982e+00,2.827914845644394770e+00,-6.917009675952917291e+01,-1.155838340786296072e+02,-1.829660905131923414e+02
1.008997927999989770e+02,-8.081040849007314897e-01,4.518736296120203777e-01,2.864833126578087970e-04,-8.031027070157664173e-05,3.121861061661340142e-01,-3.266949835176057859e-01,1.082880417914407367e+00,1.760040932203392749e+00,2.846321900432092988e+00,-7.006236303906216278e+01,-1.138746483135595184e+02,-1.841570269579564183e+02
1.010046237000005931e+02,-7.979824411899700820e-01,4.506508990543280913e-01,4.526421025151144972e-02,-5.374052918414680934e-03,3.146230961818476946e-01,-3.226430538031495043e-01,1.096772639525930071e+00,1.733608777296427039e+00,2.863751145848538293e+00,-7.096118977732767519e+01,-1.121644878910788350e+02,-1.852846991364004339e+02
1.011094625000005180e+02,-7.936845319023180245e-01,4.499986017805850391e-01,4.337572763561706179e-02,-5.705663398049189670e-03,3.155494706342349964e-01,-3.208228065255580019e-01,1.110764065520313704e+00,1.707172921436804325e+00,2.880187383332550866e+00,-7.186643503916430120e+01,-1.104540880169612507e+02,-1.863481237016160605e+02
1.012147373999996489e+02,-7.929062117651302088e-01,4.498804098790863404e-01,2.662257096249359342e-02,-3.561937409897165084e-03,3.157161334171714739e-01,-3.204929114552855784e-01,1.124852486489202885e+00,1.680744729519637826e+00,2.895616280240645324e+00,-7.277795587585143267e+01,-1.087441839999205655e+02,-1.873463733315697652e+02
1.013206367999991926e+02,-7.923671378933079268e-01,4.497574303813957619e-01,1.658173845300271385e-02,-2.439648364747297026e-03,3.158025053792996029e-01,-3.202351070376786568e-01,1.139035677707604055e+00,1.654335563145295618e+00,2.910024382345285598e+00,-7.369560834768198276e+01,-1.070355109355006249e+02,-1.882785775377399773e+02
1.014238728000000265e+02,-7.919147921265556889e-01,4.495426134841919441e-01,1.082676378986772124e-02,-2.246879455554197033e-03,3.157964246597424474e-01,-3.199393372349220721e-01,1.153311399485211108e+00,1.627956775734959560e+00,2.923399125567187617e+00,-7.461924754669315973e+01,-1.053288033900518883e+02,-1.891439234241970553e+02
1.015275206999995135e+02,-7.912441863807266884e-01,4.493717321831441902e-01,8.825055508071394036e-03,-1.970172647866839238e-03,3.158907839094988179e-01,-3.196059547729387940e-01,1.167677397520061833e+00,1.601619707649774016e+00,2.935728846931376701e+00,-7.554872761954800353e+01,-1.036247950849403878e+02,-1.899416563964600755e+02
1.016319972000001144e+02,-7.909071631636361843e-01,4.492863807557786471e-01,6.251110083654410482e-03,-1.439535039058021824e-03,3.159384614177420669e-01,-3.194387899576637269e-01,1.182131403254532920e+00,1.575335681315542136e+00,2.947002794737485942e+00,-7.648390179056828231e+01,-1.019242185811155821e+02,-1.906710808195153390e+02
1.017362603999990824e+02,-7.903430910354316552e-01,4.491259377643765927e-01,5.851905754437018194e-03,-1.481680405478315180e-03,3.160057097252534364e-01,-3.191465171261775313e-01,1.196671134233564304e+00,1.549115996355175939e+00,2.957211137935381373e+00,-7.742462238491161486e+01,-1.002278049641798816e+02,-1.913315606244191827e+02
1.018404535999998188e+02,-7.900105839182991474e-01,4.490398109720827313e-01,4.620860794371802784e-03,-1.177680806328806418e-03,3.160511914509238074e-01,-3.189802442476575850e-01,1.211294294465080856e+00,1.522971924730950111e+00,2.966344974697994630e+00,-7.837074085189073003e+01,-9.853628353009247576e+01,-1.919225198629602573e+02
1.019465581999993447e+02,-7.896730995240077711e-01,4.489546292030801578e-01,3.973031980133595945e-03,-1.008077099741556612e-03,3.160988497386059692e-01,-3.188130741936494594e-01,1.225998574782568795e+00,1.496914705898603870e+00,2.974396340183852239e+00,-7.932210778843220567e+01,-9.685038147163967892e+01,-1.924434432098952357e+02
1.020515818000003492e+02,-7.891307672690759389e-01,4.488338120914338036e-01,4.509598433366601364e-03,-1.068681192325764834e-03,3.161865947314263514e-01,-3.185558478331126930e-01,1.240781653209704460e+00,1.470955541975481840e+00,2.981358213482524278e+00,-8.027857296266788012e+01,-9.517082356581367719e+01,-1.928938764123193152e+02
1.021560339999996359e+02,-7.892209437995344468e-01,4.487410369834944901e-01,2.005678269611839253e-03,-9.828978917862339886e-04,3.160925165372354684e-01,-3.185185069382617806e-01,1.255641195327035664e+00,1.445105592924662119e+00,2.987224523736969672e+00,-8.123998533765920627e+01,-9.349833186222564052e+01,-1.932734266857819421e+02
1.022607081000005564e+02,-7.892209437995344468e-01,4.487410369834944901e-01,1.071787205758716966e-03,-5.252374725022961998e-04,3.160925165372354684e-01,-3.185185069382617806e-01,1.270574854640606599e+00,1.419375971757251165e+00,2.991990155437417975e+00,-8.220619309524724372e+01,-9.183362537269415782e+01,-1.935817630568009520e+02
1.023651745999995910e+02,-7.892209437995344468e-01,4.487410369834944901e-01,5.727541508454059077e-04,-2.806825281537871238e-04,3.160925165372354684e-01,-3.185185069382617806e-01,1.285580272952490999e+00,1.393777739754861855e+00,2.995650952882159324e+00,-8.317704366002617178e+01,-9.017741976213956434e+01,-1.938186166514757076e+02
1.024682192999989638e+02,-7.892209437995344468e-01,4.487410369834944901e-01,3.064206912110578021e-04,-1.501637904514551097e-04,3.160925165372354684e-01,-3.185185069382617806e-01,1.300655080733195579e+00,1.368321901714288025e+00,2.998203723801386111e+00,-8.415238372343775097e+01,-8.853042704091443227e+01,-1.939837809299496882e+02
1.025806467999991582e+02,-7.892209437995344468e-01,4.487410369834944901e-01,1.648437096176337991e-04,-8.078291374655576884e-05,3.160925165372354684e-01,-3.185185069382617806e-01,1.315796897495810525e+00,1.343019401216521747e+00,2.999646242140896035e+00,-8.513205926797894563e+01,-8.689335525870896504e+01,-1.940771118665159918e+02
1.026849918999996589e+02,-7.892209437995344468e-01,4.487410369834944901e-01,8.508845611644856143e-05,-4.169824512701550737e-05,3.160925165372354684e-01,-3.185185069382617806e-01,1.331003332171943665e+00,1.317881115922045598e+00,2.999977250003248219e+00,-8.611591559152475384e+01,-8.526690820015635097e+01,-1.940985280752101687e+02
1.027894746999991185e+02,-7.892209437995344468e-01,4.487410369834944901e-01,4.550864203874276678e-05,-2.230185618284200280e-05,3.160925165372354684e-01,-3.185185069382617806e-01,1.346271983489283564e+00,1.292917852894464259e+00,2.999196458744664007e+00,-8.710379733175665251e+01,-8.365178508227184295e+01,-1.940480108807797706e+02
1.028928120999989915e+02,-7.892209437995344468e-01,4.487410369834944901e-01,2.432228769866384777e-05,-1.191932208901159370e-05,3.160925165372354684e-01,-3.185185069382617806e-01,1.361600440350782426e+00,1.268140343954527127e+00,2.997304549226731396e+00,-8.809554849069562010e+01,-8.204868025385790986e+01,-1.939256043349695346e+02
1.029973561000006157e+02,-7.892209437995344468e-01,4.487410369834944901e-01,1.306860022259118905e-05,-6.404366942594394126e-06,3.160925165372354684e-01,-3.185185069382617806e-01,1.376986282215413526e+00,1.243559241066436449e+00,2.994303171222682636e+00,-8.909101245933726432e+01,-8.045828289699844049e+01,-1.937314151781075680e+02
1.031041726999992534e+02,-7.892209437995344468e-01,4.487410369834944901e-01,6.977918363799618950e-06,-3.419581970224187888e-06,3.160925165372354684e-01,-3.185185069382617806e-01,1.392427079480383689e+00,1.219185111758553486e+00,2.990194941978767673e+00,-9.009003204238082674e+01,-7.888127673077840996e+01,-1.934656127460262667e+02
1.032081512000004295e+02,-7.892209437995344468e-01,4.487410369834944901e-01,3.693484338161662614e-06,-1.810020093615089675e-06,3.160925165372354684e-01,-3.185185069382617806e-01,1.407920393864811492e+00,1.195028434580339249e+00,2.984983443931977565e+00,-9.109244948305330070e+01,-7.731833971734795341e+01,-1.931284288223989449e+02
1.033131087999990996e+02,-7.892209437995344468e-01,4.487410369834944901e-01,1.978379413640723408e-06,-9.695198797746772752e-07,3.160925165372354684e-01,-3.185185069382617806e-01,1.423463778794753498e+00,1.171099594597592164e+00,2.978673221586102482e+00,-9.209810648802056221e+01,-7.577014377046421600e+01,-1.927201574366208376e+02
1.034166671000002680e+02,-7.892209437995344468e-01,4.487410369834944901e-01,1.055127715200036487e-06,-5.170733624371616750e-07,3.160925165372354684e-01,-3.185185069382617806e-01,1.439054779789540550e+00,1.147408878927871800e+00,2.971269777548862123e+00,-9.310684425238328288e+01,-7.423735446663330606e+01,-1.922411546074113744e+02
1.035214426000002277e+02,-7.892209437995344468e-01,4.487410369834944901e-01,5.667067662002827321e-07,-2.777189613103061438e-07,3.160925165372354684e-01,-3.185185069382617806e-01,1.454690934849383055e+00,1.123966472317992960e+00,2.962779567733545782e+00,-9.411850348475508099e+01,-7.272063075897415274e+01,-1.916918380323604083e+02
1.036259496000002400e+02,-7.892209437995344468e-01,4.487410369834944901e-01,3.027794609997145687e-07,-1.483793778901472146e-07,3.160925165372354684e-01,-3.185185069382617806e-01,1.470369774844132893e+00,1.100782452765586950e+00,2.953209995729364490e+00,-9.513292443241540752e+01,-7.122062469393347328e+01,-1.910726867236898840e+02
1.037293656000001647e+02,-7.892209437995344468e-01,4.487410369834944901e-01,1.616231709408053695e-07,-7.920466427163707268e-08,3.160925165372354684e-01,-3.185185069382617806e-01,1.486088823903201961e+00,1.077866787186498865e+00,2.942569406345401539e+00,-9.614994690653716702e+01,-6.973798113096647455e+01,-1.903842405905474777e+02
1.038348946000005526e+02,-7.892209437995344468e-01,4.487410369834944901e-01,8.697511309963940642e-08,-4.262281573208117407e-08,3.160925165372354684e-01,-3.185185069382617806e-01,1.501845599806525211e+00,1.055229327129974415e+00,2.930867078333827092e+00,-9.716941030748218111e+01,-6.827333746530935343e+01,-1.896270999681986211e+02
1.039395707999992737e+02,-7.892209437995344468e-01,4.487410369834944901e-01,4.619705215637286009e-08,-2.263921679723101097e-08,3.160925165372354684e-01,-3.185185069382617806e-01,1.517637614376524446e+00,1.032879804543447744e+00,2.918113216298684698e+00,-9.819115365016114083e+01,-6.682732335396107715e+01,-1.888019250945249041e+02
1.040439483999998629e+02,-7.892209437995344468e-01,4.487410369834944901e-01,2.469794437423200309e-08,-1.210341550022595697e-08,3.160925165372354684e-01,-3.185185069382617806e-01,1.533462373871037121e+00,1.010827827588703709e+00,2.904318941797312981e+00,-9.921501558945610100e+01,-6.540056044498913934e+01,-1.879094355342861604e+02
1.041485324999994191e+02,-7.892209437995344468e-01,4.487410369834944901e-01,1.320402054420046905e-08,-6.470730701244744554e-09,3.160925165372354684e-01,-3.185185069382617806e-01,1.549317379377087800e+00,9.890828765113138799e-01,2.889496283642200680e+00,-1.002408344456975868e+02,-6.399366211028200979e+01,-1.869504095516503810e+02
1.042525888999989547e+02,-7.892209437995344468e-01,4.487410369834944901e-01,7.049823898364467436e-09,-3.454819824371767299e-09,3.160925165372354684e-01,-3.185185069382617806e-01,1.565200127205512493e+00,9.676542995650229129e-01,2.873658167411676789e+00,-1.012684482301966682e+02,-6.260723318185698361e+01,-1.859256834315355036e+02
1.043559678000001441e+02,-7.892209437995344468e-01,4.487410369834944901e-01,3.780108659855490219e-09,-1.852471001350532639e-09,3.160925165372354684e-01,-3.185185069382617806e-01,1.581108109286312402e+00,9.465513089928813129e-01,2.856818404178599557e+00,-1.022976946708244128e+02,-6.124186969183942608e+01,-1.848361507503553867e+02
1.044592606000005617e+02,-7.892209437995344468e-01,4.487410369834944901e-01,2.029595806972737178e-09,-9.946188628935765406e-10,3.160925165372354684e-01,-3.185185069382617806e-01,1.597038813564701787e+00,9.257829770668856151e-01,2.838991678466919133e+00,-1.033284112376362032e+02,-5.989815861622750504e+01,-1.836827615968096836e+02
1.045640382999990834e+02,-7.892209437995344468e-01,4.487410369834944901e-01,1.089450696734588946e-09,-5.338936006085900849e-10,3.160925165372354684e-01,-3.185185069382617806e-01,1.612989724397804414e+00,9.053582321877379213e-01,2.820193535446540167e+00,-1.043604351685379470e+02,-5.857667762254664723e+01,-1.824665217433911550e+02
1.046688668999995571e+02,-7.892209437995344468e-01,4.487410369834944901e-01,5.820966830365798037e-10,-2.852609071160456261e-10,3.160925165372354684e-01,-3.185185069382617806e-01,1.628958322951886695e+00,8.852858550465144694e-01,2.800440367377709627e+00,-1.053936034949870759e+02,-5.727799482150948762e+01,-1.811884917693378156e+02
1.047736397999997280e+02,-7.892209437995344468e-01,4.487410369834944901e-01,3.104666046705378264e-10,-1.521465211166490754e-10,3.160925165372354684e-01,-3.185185069382617806e-01,1.644942087600125280e+00,8.655744748497821162e-01,2.779749399316704839e+00,-1.064277530677281050e+02,-5.600266852278090823e+01,-1.798497861357908221e+02
1.048769205999997212e+02,-7.892209437995344468e-01,4.487410369834944901e-01,1.659939278731659209e-10,-8.134658695156853284e-11,3.160925165372354684e-01,-3.185185069382617806e-01,1.660938494320794989e+00,8.462325656098730331e-01,2.758138674095353959e+00,-1.074627205825554341e+02,-5.475124699495879099e+01,-1.784515722139693992e+02
1.049814984999993612e+02,-7.892209437995344468e-01,4.487410369834944901e-01,8.916263440817961530e-11,-4.369482718824444631e-11,3.160925165372354684e-01,-3.185185069382617806e-01,1.676945017095835988e+00,8.272684425018782539e-01,2.735627036587407801e+00,-1.084983426061005929e+02,-5.352426822987152377e+01,-1.769950692672052810e+02
1.050863067999998748e+02,-7.892209437995344468e-01,4.487410369834944901e-01,4.766370943323989984e-11,-2.335796335157471548e-11,3.160925165372354684e-01,-3.185185069382617806e-01,1.692959128309748484e+00,8.086902582888931823e-01,2.712234117275510226e+00,-1.095344556016407296e+02,-5.232225971129139452e+01,-1.754815473877255272e+02
1.051937791000000288e+02,-7.892209437995344468e-01,4.487410369834944901e-01,2.540607887921808322e-11,-1.245044220066810310e-11,3.160925165372354684e-01,-3.185185069382617806e-01,1.708978299148728119e+00,7.905059998171327651e-01,2.687980315133160047e+00,-1.105708959549227188e+02,-5.114573818816849382e+01,-1.739123263891154636e+02
1.052975855000004231e+02,-7.892209437995344468e-01,4.487410369834944901e-01,1.339986596967143298e-11,-6.566706241653148087e-12,3.160925165372354684e-01,-3.185185069382617806e-01,1.725000000000001643e+00,7.727234845823282017e-01,2.662886779836486362e+00,-1.116075000000001154e+02,-4.999520945247663661e+01,-1.722887746554206672e+02
1.054022502999996505e+02,-7.892209437995344468e-01,4.487410369834944901e-01,7.193680218757329943e-12,-3.525317708392635133e-12,3.160925165372354684e-01,-3.185185069382617806e-01,1.741021700851277609e+00,7.553503573689588357e-01,2.636975393321396410e+00,-1.126441040450776683e+02,-4.887116812177163894e+01,-1.706123079478943509e+02
1.055058485999998084e+02,-7.892209437995344468e-01,4.487410369834944901e-01,3.844259878715640329e-12,-1.883908794105480573e-12,3.160925165372354684e-01,-3.185185069382617806e-01,1.757040871690257244e+00,7.383940869637340976e-01,2.610268750702240848e+00,-1.136805443983596433e+02,-4.777409742655359537e+01,-1.688843881704349883e+02
1.056089682999991055e+02,-7.892209437995344468e-01,4.487410369834944901e-01,2.060850970299198622e-12,-1.009935693417426516e-12,3.160925165372354684e-01,-3.185185069382617806e-01,1.773054982904169741e+00,7.218619629447062813e-01,2.582790140568510751e+00,-1.147166573938997942e+02,-4.670446900252250089e+01,-1.671065220947826617e+02
1.057126260999993974e+02,-7.892209437995344468e-01,4.487410369834944901e-01,1.109761403055908620e-12,-5.438470167303979889e-13,3.160925165372354684e-01,-3.185185069382617806e-01,1.789061505679208519e+00,7.057610925474713248e-01,2.554563524676858322e+00,-1.157522794174447966e+02,-4.566274268782139956e+01,-1.652802600465927299e+02
1.058162668000004487e+02,-7.892209437995344468e-01,4.487410369834944901e-01,5.945888300709309041e-13,-2.913827787890750297e-13,3.160925165372354684e-01,-3.185185069382617806e-01,1.805057912399875786e+00,6.900983976097134764e-01,2.525613517056056523e+00,-1.167872469322719695e+02,-4.464936632534846694e+01,-1.634071945535268640e+02
1.059228913999995711e+02,-7.892209437995344468e-01,4.487410369834944901e-01,3.195970990997231204e-13,-1.566209893608251149e-13,3.160925165372354684e-01,-3.185185069382617806e-01,1.821041677048116814e+00,6.748806115954950613e-01,2.495965362543245192e+00,-1.178213965050131691e+02,-4.366477557022853517e+01,-1.614889589565479753e+02
1.060264231999990443e+02,-7.892209437995344468e-01,4.487410369834944901e-01,1.690092732607453400e-13,-8.282427989433184836e-14,3.160925165372354684e-01,-3.185185069382617806e-01,1.837010275602199094e+00,6.601142767004997136e-01,2.465644914770035445e+00,-1.188545648314622838e+02,-4.270939370252233402e+01,-1.595272259856212997e+02
1.061314333999998780e+02,-7.892209437995344468e-01,4.487410369834944901e-01,9.071790601262350572e-14,-4.445699986784312769e-14,3.160925165372354684e-01,-3.185185069382617806e-01,1.852961186435301721e+00,6.458057410395072750e-01,2.434678613617736076e+00,-1.198865887623640276e+02,-4.178363144525611972e+01,-1.575237063010675342e+02
1.062360391999991407e+02,-7.892209437995344468e-01,4.487410369834944901e-01,4.845401369880821849e-14,-2.374525796819690377e-14,3.160925165372354684e-01,-3.185185069382617806e-01,1.868891890713690884e+00,6.319611559173268223e-01,2.403093462161429272e+00,-1.209173053291758038e+02,-4.088788678785104480e+01,-1.554801470018444718e+02
1.063403638999989198e+02,-7.892209437995344468e-01,4.487410369834944901e-01,2.586500530423266578e-14,-1.267534258597223411e-14,3.160925165372354684e-01,-3.185185069382617806e-01,1.884799872794488795e+00,6.185864731843044861e-01,2.370917003122863687e+00,-1.219465517698034347e+02,-4.002254481502450290e+01,-1.533983301020493002e+02
1.064470426999996562e+02,-7.892209437995344468e-01,4.487410369834944901e-01,1.370340481942152681e-14,-6.715457763776547807e-15,3.160925165372354684e-01,-3.185185069382617806e-01,1.900682620622915486e+00,6.056874426776053255e-01,2.338177294852770594e+00,-1.229741655543026440e+02,-3.918797754124106802e+01,-1.512800709769742582e+02
1.065532898000001296e+02,-7.892209437995344468e-01,4.487410369834944901e-01,7.325046943186929364e-15,-3.589694970912264046e-15,3.160925165372354684e-01,-3.185185069382617806e-01,1.916537626128966387e+00,5.932696097493370679e-01,2.304902886863608558e+00,-1.239999844105441298e+02,-3.838454375078210745e+01,-1.491272167800754858e+02
1.066564600999990944e+02,-7.892209437995344468e-01,4.487410369834944901e-01,3.889207554404729890e-15,-1.905935744461803927e-15,3.160925165372354684e-01,-3.185185069382617806e-01,1.932362385623478840e+00,5.813383128825624357e-01,2.271122794933935651e+00,-1.250238463498390900e+02,-3.761258884350178988e+01,-1.469416448322256485e+02
1.067614238000005571e+02,-7.892209437995344468e-01,4.487410369834944901e-01,2.087906360286831703e-15,-1.023194393071905978e-15,3.160925165372354684e-01,-3.185185069382617806e-01,1.948154400193478297e+00,5.698986813962791942e-01,2.236866475806225107e+00,-1.260455896925180497e+02,-3.687244468633926431e+01,-1.447252609846627820e+02
1.068662392000005639e+02,-7.892209437995344468e-01,4.487410369834944901e-01,1.112701932673749339e-15,-5.452880456361308161e-16,3.160925165372354684e-01,-3.185185069382617806e-01,1.963911176096799327e+00,5.589556332402869643e-01,2.202163801500156559e+00,-1.270650530934629217e+02,-3.616442947064656721e+01,-1.424799979570601351e+02
1.069707610000004934e+02,-7.892209437995344468e-01,4.487410369834944901e-01,5.944762120048946649e-16,-2.913275894492087695e-16,3.160925165372354684e-01,-3.185185069382617806e-01,1.979630225155870615e+00,5.485138728809448860e-01,2.167045033263737874e+00,-1.280820755675848375e+02,-3.548884757539713775e+01,-1.402078136521638498e+02
1.070757355000005191e+02,-7.769692003373083189e-01,4.292624955402319920e-01,5.701696559487513111e-02,-8.656635084525240997e-02,3.060820890317835774e-01,-3.009651887700087181e-01,1.995309065150620231e+00,5.385778892787049799e-01,2.131540795185095760e+00,-1.290964965152451214e+02,-3.484598943633221069e+01,-1.379106894484756936e+02
1.071818734999997105e+02,-7.200788029219111763e-01,3.585469265807824657e-01,3.466773221976983121e-01,-3.570270174445892009e-01,2.695390021181605644e-01,-2.364415887649024273e-01,2.010945220210462736e+00,5.291519539582758558e-01,2.095682047487783528e+00,-1.301081557476169337e+02,-3.423613142110045260e+01,-1.355906284724595992e+02
1.072865953999989870e+02,-7.227419865937751986e-01,2.748799827559131881e-01,2.224588558394316740e-01,-5.588491610704957591e-01,2.061585800265270940e-01,-1.818176141118817979e-01,2.026536221205249788e+00,5.202401191722869633e-01,2.059500059533021954e+00,-1.311168935119796686e+02,-3.365953571044696702e+01,-1.332496538517865190e+02
1.073913587999995798e+02,-1.033764529218335504e+00,1.539798749816599643e-01,-2.823898916331244902e+00,-7.738434102076195975e-01,7.877423743180222981e-02,-1.323042758810374919e-01,2.042079606135189795e+00,5.118462161591961213e-01,2.023026382552318037e+00,-1.321225505169467738e+02,-3.311645018549999264e+01,-1.308898069511349718e+02
1.074955310999994254e+02,-1.033764529218335504e+00,0.000000000000000000e+00,0.000000000000000000e+00,0.000000000000000000e+00,0.000000000000000000e+00,-0.000000000000000000e+00,2.057572920519619597e+00,5.039738534962303618e-01,1.986292822134370528e+00,-1.331249679576193898e+02,-3.260710832120610547e+01,-1.285131455920937924e+02
1.076011422999999922e+02,-1.033764529218335504e+00,0.000000000000000000e+00,0.000000000000000000e+00,0.000000000000000000e+00,0.000000000000000000e+00,-0.000000000000000000e+00,2.073013717784592203e+00,4.966264155480399900e-01,1.949331410490102057e+00,-1.341239875406631086e+02,-3.213172908595819166e+01,-1.261217422587096024e+02
1.077056560999990324e+02,2.995162701123692983e+00,1.415542928780139376e-01,-1.418367827665289127e+00,8.757609235570020800e-01,-1.400394180438693792e-01,2.065379447290355622e-02,2.088399559649222859e+00,4.898070610117402079e-01,1.912174378520065554e+00,-1.351194515093047244e+02,-3.169051684745959108e+01,-1.237176822902482485e+02
1.078112277000000176e+02,2.830628642194943367e+00,1.823651511709771522e-01,-7.262002372689069229e-01,6.694724672351347605e-01,-1.736187448032970315e-01,5.579946070116599544e-02,2.103728016510721943e+00,4.835187215589806797e-01,1.874854127708673213e+00,-1.361112026682437204e+02,-3.128366128486605291e+01,-1.213030620627511666e+02
1.079160014999997657e+02,2.853111714619328332e+00,2.348377076925250717e-01,-2.565466245798367351e-01,5.871111983005311563e-01,-2.251335440017592782e-01,6.681045067568222584e-02,2.118996667828059621e+00,4.777641005755997039e-01,1.837403201869594493e+00,-1.370990844084754769e+02,-3.091133730724130046e+01,-1.188799871609627701e+02
1.080205590000005031e+02,2.881320811300614793e+00,2.664382273417642000e-01,-4.331164956871103727e-02,4.540500593090452952e-01,-2.574646030484956105e-01,6.856607882985725488e-02,2.134203102504194760e+00,4.725456719994285404e-01,1.799854258767038973e+00,-1.380829407320213988e+02,-3.057370497836302903e+01,-1.164505705422274247e+02
1.081253997999992862e+02,2.881153751599977220e+00,2.662534935137728098e-01,-2.373445033600934256e-02,2.416232161367631026e-01,-2.572746407684669001e-01,6.856152000754479892e-02,2.149344919266809928e+00,4.678656792567379430e-01,1.762240041637754384e+00,-1.390626162765626077e+02,-3.027090944791094529e+01,-1.140169306939627205e+02
1.082285465000004478e+02,2.880867995558415551e+00,2.663319740519504708e-01,-1.380889893834412116e-02,1.294298596590399697e-01,-2.573308665611885870e-01,6.865526576510051771e-02,2.164419727047512509e+00,4.637261342977723189e-01,1.724593350638401690e+00,-1.400379563399740732e+02,-3.000308088906587045e+01,-1.115811897863045914e+02
1.083333614000002854e+02,2.881351836192754590e+00,2.663439150774302155e-01,-5.377544510872293848e-03,6.957362861113414176e-02,-2.573755935941823836e-01,6.853382318837623888e-02,2.179425145359396687e+00,4.601288167318089428e-01,1.686947014243348253e+00,-1.410088069047529586e+02,-2.977033444254804095e+01,-1.091454718215446320e+02
1.084411997999995947e+02,2.881724327403873076e+00,2.662720466850413970e-01,-1.264360735248897536e-03,3.677521724813191673e-02,-2.573316486586527674e-01,6.841948146880795500e-02,2.194358804672965402e+00,4.570752730620919468e-01,1.649333860617713921e+00,-1.419750146623408682e+02,-2.957277016711735129e+01,-1.067119007819660936e+02
1.085456935999991401e+02,2.881381023795650975e+00,2.662719118130448259e-01,-2.151626060909007238e-03,1.940369603809725257e-02,-2.573080145084329917e-01,6.850778561814681311e-02,2.209218346790298604e+00,4.545668160209850317e-01,1.611786688990777927e+00,-1.429364270373323222e+02,-2.941047299655773273e+01,-1.042825987777033419e+02
1.086499614999993355e+02,2.881489061397656926e+00,2.662794667793441650e-01,-6.728651093422031819e-04,1.040257377083539207e-02,-2.573227152661073380e-01,6.848192926874729913e-02,2.224001425217434491e+00,4.526045240056226771e-01,1.574338241054535015e+00,-1.438928922115680109e+02,-2.928351270316378674e+01,-1.018596841962284145e+02
1.087544008000004396e+02,2.881489061397656926e+00,2.662794667793441650e-01,-3.603051745186572840e-04,5.570360397507036730e-03,-2.573227152661073380e-01,6.848192926874729913e-02,2.238705705534922430e+00,4.511892406143005463e-01,1.537021172412426306e+00,-1.448442591481095008e+02,-2.919194386774524830e+01,-9.944526985508399264e+01
1.088591486000004807e+02,2.881671858831886368e+00,2.663657749541017972e-01,6.185448579851713594e-04,3.357252878224457806e-03,-2.574186384000656247e-01,6.845707173956133706e-02,2.253328865766438760e+00,4.503215742838098112e-01,1.499868024103222286e+00,-1.457903776150886017e+02,-2.913580585616249508e+01,-9.704146115947848728e+01
1.089640885999997408e+02,2.881389007860102325e+00,2.663684019969991823e-01,-9.278947320349868440e-04,1.807258831105732584e-03,-2.574018035640510127e-01,6.853055599080354332e-02,2.267868596745468146e+00,4.500018980278670533e-01,1.462911194224725486e+00,-1.467310982094317922e+02,-2.911512280240300043e+01,-9.465035426633974680e+01
1.090689693999993324e+02,2.881489061397656926e+00,2.662794667793441650e-01,-5.046927518078918730e-05,5.674220368350637971e-04,-2.573227152661073380e-01,6.848192926874729913e-02,2.282322602479941231e+00,4.502303492767543158e-01,1.426182909682121025e+00,-1.476662723804521988e+02,-2.912990359820600617e+01,-9.227403425643323942e+01
1.091736524999996618e+02,2.881671858831886368e+00,2.663657749541017972e-01,7.863536405424962662e-04,6.873715803993639753e-04,-2.574186384000656247e-01,6.845707173956133706e-02,2.296688600514792178e+00,4.510068298182368096e-01,1.389715198085688996e+00,-1.485957524533070568e+02,-2.918014188923992336e+01,-8.991457331614408588e+01
1.092778832999993028e+02,2.881671858831886368e+00,2.663657749541017972e-01,4.193996058787865817e-04,3.666077894837348108e-04,-2.574186384000656247e-01,6.845707173956133706e-02,2.310964322292399231e+00,4.523310058397849165e-01,1.353539859822216807e+00,-1.495193916523182338e+02,-2.926581607783408501e+01,-8.757402893049743398e+01
1.093858452000004036e+02,2.881671858831886368e+00,2.663657749541017972e-01,2.246037597575434492e-04,1.963318198688218956e-04,-2.574186384000656247e-01,6.845707173956133706e-02,2.325147513510800401e+00,4.542023080720809514e-01,1.317688440324607191e+00,-1.504370441241487981e+02,-2.938688933226363886e+01,-8.525444208900208309e+01
1.094990146999989520e+02,2.881671858831886368e+00,2.663657749541017972e-01,1.180621829795235235e-04,1.032011363793620035e-04,-2.574186384000656247e-01,6.845707173956133706e-02,2.339235934479687362e+00,4.566199320337527290e-01,1.282192202563755767e+00,-1.513485649608357733e+02,-2.954330960258380401e+01,-8.295783550587499633e+01
1.096069060999998328e+02,2.881671858831886368e+00,2.663657749541017972e-01,6.063223729583001073e-05,5.300017018352141685e-05,-2.574186384000656247e-01,6.845707173956133706e-02,2.353227360474073215e+00,4.595828383772224690e-01,1.247082099786828158e+00,-1.522538102226725414e+02,-2.973500964300629335e+01,-8.068621185620779102e+01
1.097118314999988797e+02,2.881671858831886368e+00,2.663657749541017972e-01,3.204172579032754420e-05,2.800848188357850829e-05,-2.574186384000656247e-01,6.845707173956133706e-02,2.367119582085595475e+00,4.630897533355249340e-01,1.212388748525542237e+00,-1.531526369609380254e+02,-2.996190704080846601e+01,-7.844155202960259032e+01
1.098184870000004594e+02,2.881671858831886368e+00,2.663657749541017972e-01,1.711114209142912708e-05,1.495728152757002727e-05,-2.574186384000656247e-01,6.845707173956133706e-02,2.380910405571422306e+00,4.671391692699109477e-01,1.178142401898071512e+00,-1.540449032404710294e+02,-3.022390425176324058e+01,-7.622581340280522966e+01
1.099228280999996059e+02,2.881671858831886368e+00,2.663657749541017972e-01,9.033761941931958716e-06,7.896639505214854532e-06,-2.574186384000656247e-01,6.845707173956133706e-02,2.394597653200652765e+00,4.717293453179816076e-01,1.144372923227928052e+00,-1.549304681620822350e+02,-3.052088864207341246e+01,-7.404092813284694330e+01
1.100319773999999597e+02,2.881671858831886368e+00,2.663657749541017972e-01,4.851802950208324130e-06,4.241083514753261376e-06,-2.574186384000656247e-01,6.845707173956133706e-02,2.408179163598220374e+00,4.768583081420993963e-01,1.111109760002672031e+00,-1.558091918848048749e+02,-3.085273253679383387e+01,-7.188880147217288652e+01
1.101394369999998162e+02,2.881671858831886368e+00,2.663657749541017972e-01,2.533490365967661090e-06,2.214587924563239396e-06,-2.574186384000656247e-01,6.845707173956133706e-02,2.421652792086193884e+00,4.825238527777313546e-01,1.078381918195244316e+00,-1.566809356479767530e+02,-3.121929327471922022e+01,-6.977131010723230986e+01
1.102531533000001218e+02,2.881671858831886368e+00,2.663657749541017972e-01,1.336338930447336519e-06,1.168127614869407209e-06,-2.574186384000656247e-01,6.845707173956133706e-02,2.435016411022441929e+00,4.887235435813717110e-01,1.046217936970372353e+00,-1.575455617931519896e+02,-3.162041326971475286e+01,-6.769030052198309022e+01
1.103595203999993828e+02,2.881671858831886368e+00,2.663657749541017972e-01,6.858996863224243554e-07,5.995622415604417646e-07,-2.574186384000656247e-01,6.845707173956133706e-02,2.448267910136617598e+00,4.954547152776425101e-01,1.014645863797962955e+00,-1.584029337858391671e+02,-3.205592007846347258e+01,-6.564758738772820834e+01
1.104644989999997051e+02,2.881671858831886368e+00,2.663657749541017972e-01,3.644352767503790393e-07,3.185620810000560564e-07,-2.574186384000656247e-01,6.845707173956133706e-02,2.461405196863393208e+00,5.027144741050990628e-01,9.836932299953076164e-01,-1.592529162370615552e+02,-3.252562647459991041e+01,-6.364495198069640480e+01
1.105677756000004592e+02,2.881671858831886368e+00,2.663657749541017972e-01,1.946023768933843357e-07,1.701068532758313810e-07,-2.574186384000656247e-01,6.845707173956133706e-02,2.474426196672904421e+00,5.104996990602792550e-01,9.533870267193330639e-01,-1.600953749247369160e+02,-3.302933052920006674e+01,-6.168414062874084891e+01
1.106712274999990768e+02,2.881671858831886368e+00,2.663657749541017972e-01,1.044386100928771108e-07,9.129242718928357574e-08,-2.574186384000656247e-01,6.845707173956133706e-02,2.487328853398338868e+00,5.188070432394344955e-01,9.237536814299576182e-01,-1.609301768148725387e+02,-3.356681569759141581e+01,-5.976686318851825774e+01
1.107750667000000249e+02,2.881671858831886368e+00,2.663657749541017972e-01,5.615743905574108313e-08,4.908863600897850306e-08,-2.574186384000656247e-01,6.845707173956133706e-02,2.500111129560623535e+00,5.276329352773747594e-01,8.948190348449286402e-01,-1.617571900825723503e+02,-3.413785091244614733e+01,-5.789479155446688452e+01
1.108826007999996364e+02,2.881671858831886368e+00,2.663657749541017972e-01,3.005747847996975306e-08,2.627400118773931846e-08,-2.574186384000656247e-01,6.845707173956133706e-02,2.512771006690178943e+00,5.369735808828182133e-01,8.666083184063130274e-01,-1.625762841328545960e+02,-3.474219068311833780e+01,-5.606955820088845854e+01
1.109869290000006004e+02,2.881671858831886368e+00,2.663657749541017972e-01,1.588314664165443115e-08,1.388385968590024363e-08,-2.574186384000656247e-01,6.845707173956133706e-02,2.525306485645645083e+00,5.468249644695790668e-01,8.391461322783463350e-01,-1.633873296212732384e+02,-3.537957520118176546e+01,-5.429275475840901066e+01
1.110902387000005547e+02,2.881671858831886368e+00,2.663657749541017972e-01,8.492938421898121664e-09,7.423892005214294612e-09,-2.574186384000656247e-01,6.845707173956133706e-02,2.537715586929580436e+00,5.571828508828755577e-01,8.124564238957014961e-01,-1.641901984743438732e+02,-3.604973045212204852e+01,-5.256593062605188749e+01
1.111954246000004787e+02,2.881671858831886368e+00,2.663657749541017972e-01,4.562055073193893674e-09,3.987807576457397276e-09,-2.574186384000656247e-01,6.845707173956133706e-02,2.549996351001043493e+00,5.680427872200541906e-01,7.865624670809516772e-01,-1.649847639097675085e+02,-3.675236833313751106e+01,-5.089059162013757742e+01
1.113008668999991642e+02,2.881671858831886368e+00,2.663657749541017972e-01,2.428179245862495467e-09,2.122532814332713749e-09,-2.574186384000656247e-01,6.845707173956133706e-02,2.562146838585020348e+00,5.794001047449013342e-01,7.614868417494896624e-01,-1.657709004564508177e+02,-3.748718677699511659e+01,-4.926819866119198110e+01
1.114110134000002290e+02,2.881671858831886368e+00,2.663657749541017972e-01,1.293374561359388306e-09,1.130571374574684180e-09,-2.574186384000656247e-01,6.845707173956133706e-02,2.574165130978673055e+00,5.912499208947668006e-01,7.372514142194793729e-01,-1.665484839743201633e+02,-3.825386988189141135e+01,-4.770016650000031433e+01
1.115163324999994074e+02,2.881671858831886368e+00,2.663657749541017972e-01,6.749141593203596864e-10,5.899595149148072296e-10,-2.574186384000656247e-01,6.845707173956133706e-02,2.586049330354307507e+00,6.035871413795852458e-01,7.138773181441138149e-01,-1.673173916739237086e+02,-3.905208804725916849e+01,-4.618786248392416383e+01
1.116212605000000622e+02,2.881671858831886368e+00,2.663657749541017972e-01,3.591240830350435660e-10,3.139194324133480669e-10,-2.574186384000656247e-01,6.845707173956133706e-02,2.597797560059078581e+00,6.164064623719487379e-01,6.913849360827324375e-01,-1.680775021358223853e+02,-3.988149811546508516e+01,-4.473260536455278924e+01
1.117250528999993548e+02,2.881671858831886368e+00,2.663657749541017972e-01,1.914024354268068394e-10,1.673097036097481025e-10,-2.574186384000656247e-01,6.845707173956133706e-02,2.609407964911327760e+00,6.297023727872401722e-01,6.697938817269606382e-01,-1.688286953297629225e+02,-4.074174351933444171e+01,-4.333566414773435582e+01
1.118286203999996360e+02,2.881671858831886368e+00,2.663657749541017972e-01,1.027298667862855693e-10,8.979877150233543573e-11,-2.574186384000656247e-01,6.845707173956133706e-02,2.620878711493533686e+00,6.434691566528678575e-01,6.491229827972608835e-01,-1.695708526336316311e+02,-4.163245443544055036e+01,-4.199825698698278131e+01
1.119327735999995639e+02,2.881671858831886368e+00,2.663657749541017972e-01,5.516595997886206117e-11,4.822195910323280210e-11,-2.574186384000656247e-01,6.845707173956133706e-02,2.632207988441840563e+00,6.577008955656022948e-01,6.293902646248668020e-01,-1.703038568521870957e+02,-4.255324794309446901e+01,-4.072155012122888706e+01
1.120415649000005942e+02,2.881671858831886368e+00,2.663657749541017972e-01,2.954502839383178209e-11,2.582605562301675998e-11,-2.574186384000656247e-01,6.845707173956133706e-02,2.643394006732082246e+00,6.723914712359073675e-01,6.106129344334554343e-01,-1.710275922355657201e+02,-4.350372818896320837e+01,-3.950665685784456826e+01
1.121464703999990888e+02,2.881671858831886368e+00,2.663657749541017972e-01,1.547020092066079931e-11,1.352289340021900444e-11,-2.574186384000656247e-01,6.845707173956133706e-02,2.654434999962299813e+00,6.875345681182376545e-01,5.928073663341770771e-01,-1.717419444975608087e+02,-4.448348655724997514e+01,-3.835463660182125523e+01
1.122498376999992615e+02,2.895537700558135974e+00,2.819373156723306018e-01,5.833991866830715023e-02,6.946287914941509656e-02,-2.734456173676321211e-01,6.867418955440185435e-02,2.665329224631672655e+00,7.031236761261128176e-01,5.759890870471748858e-01,-1.724468008336692151e+02,-4.549210184535949963e+01,-3.726649393195221904e+01
1.123531055999992532e+02,2.922232245190738098e+00,3.276032387172365667e-01,1.267424796033550516e-01,2.423965420785406943e-01,-3.197528258114623045e-01,7.128823467871360509e-02,2.676074960415832482e+00,7.191520934308250901e-01,5.601727623620798013e-01,-1.731420499389043641e+02,-4.652914044497438795e+01,-3.624317772482656608e+01
1.124570998999988660e+02,2.941296439444517574e+00,3.620097233870447351e-01,1.320761666365298237e-01,2.851287242157683477e-01,-3.547723113909048709e-01,7.202532122191110386e-02,2.686670510438533555e+00,7.356129293426060256e-01,5.453721843492058685e-01,-1.738275820253731183e+02,-4.759415652846661260e+01,-3.528558032739362460e+01
1.125617548999998689e+02,2.952985589519730780e+00,3.630296996553132871e-01,1.176848469031343269e-01,1.577213516690831319e-01,-3.565918582746634979e-01,6.806474450146195176e-02,2.697114201539596579e+00,7.524991072729448893e-01,5.316002593326687453e-01,-1.745032888396119120e+02,-4.868669224055953748e+01,-3.439453677882367089e+01
1.126687731000001804e+02,3.017551145877898300e+00,3.717084120633701860e-01,3.270847223960489103e-01,1.275224360930273526e-01,-3.688524689884971619e-01,4.598912610348183244e-02,2.707404384539131126e+00,7.698033677768556515e-01,5.188689966358648320e-01,-1.751690636796817842e+02,-4.980627789516256598e+01,-3.357082408234045801e+01
1.127739621000000625e+02,3.105083943055785944e+00,3.868371874583234060e-01,5.206321425491856614e-01,1.457740550493277221e-01,-3.865794111673758748e-01,1.411978973465927677e-02,2.717539434497957096e+00,7.875182716737536559e-01,5.071894981091831234e-01,-1.758248014120178198e+02,-5.095243217729186114e+01,-3.281516052766414759e+01
1.128779837000001862e+02,-3.087625682730727572e+00,4.107894518611973633e-01,6.201311431819450659e-01,2.001902198480511319e-01,-4.101913984599309670e-01,-2.215830295643465148e-02,2.727517750974190580e+00,8.056362032455735012e-01,4.965719484490156432e-01,-1.764703984880301277e+02,-5.212466234998861125e+01,-3.212820506465131132e+01
1.129826768000002630e+02,-3.016577027488347440e+00,4.712385916627696569e-01,5.494105644553071155e-01,3.914625399958148733e-01,-4.675609132415365909e-01,-5.875885193782181409e-02,2.737337758275992350e+00,8.241493735108237351e-01,4.870256063165423477e-01,-1.771057529604567264e+02,-5.332246446615030067e+01,-3.151055672868029234e+01
1.130865446999996493e+02,-2.970475382909372186e+00,5.448036919902782271e-01,4.128316519713551846e-01,5.442917067020691668e-01,-5.368469045233345005e-01,-9.277102947554090318e-02,2.746997905710369281e+00,8.430498235730824463e-01,4.785587962640658333e-01,-1.777307644994608893e+02,-5.454532358517843704e+01,-3.096275411828506208e+01
1.131905984000004537e+02,-2.930436833107478378e+00,6.000993915205058427e-01,3.438224718646170630e-01,5.456479863620041781e-01,-5.867707755290995086e-01,-1.257749445965310187e-01,2.756496667828058911e+00,8.623294280425840563e-01,4.711789014758485106e-01,-1.783453344084754235e+02,-5.579271399435518930e+01,-3.048527492548739914e+01
1.132992995000004157e+02,-2.889204252676635498e+00,6.219072951391053650e-01,3.355942673871959436e-01,3.960399023612202751e-01,-6.022045001619165117e-01,-1.553010744714105884e-01,2.765832544664410975e+00,8.819798985293529903e-01,4.648923573298824330e-01,-1.789493656397874020e+02,-5.706409943484914038e+01,-3.007853551924339541e+01
1.134043867999989743e+02,-2.868259066838550808e+00,6.343021656976300937e-01,2.554748247609393008e-01,2.647829244304678586e-01,-6.107545671308943769e-01,-1.712252789089789284e-01,2.775004061976245939e+00,9.019927872064087415e-01,4.597046457861500013e-01,-1.795427628098631203e+02,-5.835893333225465085e+01,-2.974289058236390559e+01
1.135077304999995249e+02,-2.862225678435655229e+00,6.379091671188752422e-01,1.607887559877126393e-01,1.577999881311869801e-01,-6.131775471908696984e-01,-1.759016802514571098e-01,2.784009771474662998e+00,9.223594904415509665e-01,4.556202906062543079e-01,-1.801254322144106936e+02,-5.967665903156834872e+01,-2.947863280222465576e+01
1.136115749999989930e+02,-2.861853592171768934e+00,6.379830096927822103e-01,8.796280616103631378e-02,8.510304952943449630e-02,-6.131830262764450534e-01,-1.761502113059225383e-01,2.792848251053731801e+00,9.430712524960708221e-01,4.526428534086479605e-01,-1.806972818431764551e+02,-6.101671003649578751e+01,-2.928599261553952360e+01
1.137168146999993041e+02,-2.862302433817116132e+00,6.377553218752077813e-01,4.521055640136659171e-02,4.460385702322527263e-02,-6.130431628373337327e-01,-1.758122040091308347e-01,2.801518105015069704e+00,9.641191692889083953e-01,4.507749305628423464e-01,-1.812582213944750151e+02,-6.237851025299237762e+01,-2.916513800741590146e+01
1.138216226000004099e+02,-2.862633105397399458e+00,6.375468565659241360e-01,2.261394191542314205e-02,2.280841923907531849e-02,-6.129008588676543301e-01,-1.755520763659111916e-01,2.810017964288233472e+00,9.854941922245473718e-01,4.500181509253340373e-01,-1.818081622894487168e+02,-6.376147423692821548e+01,-2.911617436486911359e+01
1.139273823999992601e+02,-2.862814996301084935e+00,6.374780940559116038e-01,1.128210574649673135e-02,1.188392002812776668e-02,-6.128666722917035514e-01,-1.754216702555626006e-01,2.818346486646907678e+00,1.007187132083036119e+00,4.503731744192209785e-01,-1.823470176860549259e+02,-6.516500744577244575e+01,-2.913914438492359693e+01
1.140322849999993196e+02,-2.863182800267062511e+00,6.373620547299975181e-01,4.368824355075324496e-03,5.797163669756489127e-03,-6.128195805448277689e-01,-1.751643528532723648e-01,2.826502356920866710e+00,1.029188662970501822e+00,4.518396914587372581e-01,-1.828747024927800737e+02,-6.658850649419147771e+01,-2.923402803738030187e+01
1.141382436999992933e+02,-2.863354395434138056e+00,6.371744187858656705e-01,1.569654165702442407e-03,2.259059493711774481e-03,-6.126692092604230089e-01,-1.750076569162438145e-01,2.834484287203646424e+00,1.051489326328367557e+00,4.544164232192164921e-01,-1.833911333820759353e+02,-6.803135941344538651e+01,-2.940074258228330706e+01
1.142433583999991242e+02,-2.863715481513507299e+00,6.371281384535980585e-01,-7.645013905468131012e-04,9.958121499015926571e-04,-6.126878571314875455e-01,-1.747737238058774401e-01,2.842291017055926350e+00,1.074079534999642149e+00,4.581011227522486795e-01,-1.838962288035184542e+02,-6.949294591447684866e+01,-2.963914264207049243e+01
1.143471269999990909e+02,-2.863968099440843851e+00,6.370594087107622761e-01,-1.528768212954999131e-03,2.255443569488825551e-04,-6.126658905316987314e-01,-1.746001054006169340e-01,2.849921313704566472e+00,1.096949577350493588e+00,4.628905769450488705e-01,-1.843899089966854490e+02,-7.097263765457694262e+01,-2.994902032834466254e+01
1.144518833000001905e+02,-2.864039176218676985e+00,6.370255760618872554e-01,-1.136964240743569034e-03,-3.018366468209840231e-05,-6.126457611685575122e-01,-1.745472883753227678e-01,2.857373972237269744e+00,1.120089621445298000e+00,4.687806093223405579e-01,-1.848720960037513521e+02,-7.246979850751078800e+01,-3.033010542315543390e+01
1.145573303000001033e+02,-2.864039176218676985e+00,6.370255760618872554e-01,-6.072734854685190881e-04,-1.612164973959371510e-05,-6.126457611685575122e-01,-1.745472883753227678e-01,2.864647815792862318e+00,1.143489719273464988e+00,4.757660836883084166e-01,-1.853427136817981875e+02,-7.398378483699319474e+01,-3.078206561463355584e+01
1.146606929999998101e+02,-2.864039176218676985e+00,6.370255760618872554e-01,-3.232962531834096651e-04,-8.582737564978268316e-06,-6.126457611685575122e-01,-1.745472883753227678e-01,2.871741695747123568e+00,1.167139811026100871e+00,4.838409086054298314e-01,-1.858016877148388915e+02,-7.551394577338872693e+01,-3.130450678677131293e+01
1.147655899999990652e+02,-2.864039176218676985e+00,6.370255760618872554e-01,-1.736646338504991291e-04,-4.610378134544255543e-06,-6.126457611685575122e-01,-1.745472883753227678e-01,2.878654491894175216e+00,1.191029729420794769e+00,4.929980427063020976e-01,-1.862489456255531479e+02,-7.705962349352542162e+01,-3.189697336309774656e+01
1.148704204000005120e+02,-2.864039176218676985e+00,6.370255760618872554e-01,-9.260911944787979006e-05,-2.458549273362461662e-06,-6.126457611685575122e-01,-1.745472883753227678e-01,2.885385112623370496e+00,1.215149204072567102e+00,5.032295008338267817e-01,-1.866844167867320721e+02,-7.862015350349508935e+01,-3.255894870394859453e+01
1.149743632999998226e+02,-2.864039176218676985e+00,6.370255760618872554e-01,-4.952096717577769220e-05,-1.314662514794075026e-06,-6.126457611685575122e-01,-1.745472883753227678e-01,2.891932495091670052e+00,1.239487865909143949e+00,5.145263610043728786e-01,-1.871080324324310595e+02,-8.019486492432162095e+01,-3.328985555698292842e+01
1.150794886999992741e+02,-2.864039176218676985e+00,6.370255760618872554e-01,-2.653593677770416752e-05,-7.044652672627302355e-07,-6.126457611685575122e-01,-1.745472883753227678e-01,2.898295605391485452e+00,1.264035251628695455e+00,5.268787721878869235e-01,-1.875197256688291247e+02,-8.178308078037659357e+01,-3.408905656055628697e+01
1.151843045999994501e+02,-2.864039176218676985e+00,6.370255760618872554e-01,-1.411335231184146261e-05,-3.746755425151666486e-07,-6.126457611685575122e-01,-1.745472883753227678e-01,2.904473438713934375e+00,1.288780808198025873e+00,5.402759628981330664e-01,-1.879194314847915734e+02,-8.338411829041227463e+01,-3.495585479950921126e+01
1.152877680000001419e+02,-2.864039176218676985e+00,6.370255760618872554e-01,-7.539046328935569563e-06,-2.001435386099527535e-07,-6.126457611685575122e-01,-1.745472883753227678e-01,2.910465019507520346e+00,1.313713897389398033e+00,5.547062505856021897e-01,-1.883070867621365778e+02,-8.499728916109405930e+01,-3.588949441288846032e+01
1.153927688999992824e+02,-2.864039176218676985e+00,6.370255760618872554e-01,-4.046349078740881994e-06,-1.074208311947944849e-07,-6.126457611685575122e-01,-1.745472883753227678e-01,2.916269401632181513e+00,1.338823800353945215e+00,5.701570518248486596e-01,-1.886826302856021584e+02,-8.662189988290026577e+01,-3.688916125306771221e+01
1.154976198999993358e+02,-2.864039176218676985e+00,6.370255760618872554e-01,-2.157589679411509185e-06,-5.727881411848315380e-08,-6.126457611685575122e-01,-1.745472883753227678e-01,2.921885668508690248e+00,1.364099722229739076e+00,5.866148932874346578e-01,-1.890460027525122655e+02,-8.825725202826411930e+01,-3.795398359569702507e+01
1.156029209999996965e+02,-2.864039176218676985e+00,6.370255760618872554e-01,-1.152402124580499682e-06,-3.059350334934652950e-08,-6.126457611685575122e-01,-1.745472883753227678e-01,2.927312933263403139e+00,1.389530796782581401e+00,6.040654234908879872e-01,-1.893971467821421868e+02,-8.990264255183302566e+01,-3.908303289986045570e+01
1.157069969000003766e+02,-2.864039176218676985e+00,6.370255760618872554e-01,-6.135877296378827228e-07,-1.628927772814358486e-08,-6.126457611685575122e-01,-1.745472883753227678e-01,2.932550338868299633e+00,1.415106091077411143e+00,6.224934253133651563e-01,-1.897360069247789909e+02,-9.155736409270851084e+01,-4.027532461777472861e+01
1.158153122000003350e+02,-2.864039176218676985e+00,6.370255760618872554e-01,-3.286425706549149845e-07,-8.724669428849761070e-09,-6.126457611685575122e-01,-1.745472883753227678e-01,2.937597058276321338e+00,1.440814610178460464e+00,6.418828292632603461e-01,-1.900625296704779998e+02,-9.322070527854639010e+01,-4.152981905333294321e+01
1.159206020000001445e+02,-2.864039176218676985e+00,6.370255760618872554e-01,-1.723734224689236599e-07,-4.576099579442391487e-09,-6.126457611685575122e-01,-1.745472883753227678e-01,2.942452294551970660e+00,1.466645301875995067e+00,6.622167274920187641e-01,-1.903766634575125067e+02,-9.489195103137689102e+01,-4.284542226873361415e+01
1.160251380999998219e+02,-2.864039176218676985e+00,6.370255760618872554e-01,-9.199267563643299581e-08,-2.442184173534960177e-09,-6.126457611685575122e-01,-1.745472883753227678e-01,2.947115280997154585e+00,1.492587061437724572e+00,6.834773885379994418e-01,-1.906783586805159132e+02,-9.657038287502078333e+01,-4.422098703840856615e+01
1.161283815999995568e+02,-2.864039176218676985e+00,6.370255760618872554e-01,-4.921418692406895886e-08,-1.306518237325321798e-09,-6.126457611685575122e-01,-1.745472883753227678e-01,2.951585281272260275e+00,1.518628736382788835e+00,7.056462727886392283e-01,-1.909675676983152357e+02,-9.825527924396644153e+01,-4.565531384942495663e+01
1.162323513999999705e+02,-2.864039176218676985e+00,6.370255760618872554e-01,-2.644701209342084436e-08,-7.021045308770253807e-10,-6.126457611685575122e-01,-1.745472883753227678e-01,2.955861589512424725e+00,1.544759131276231434e+00,7.287040486472148304e-01,-1.912442448414538774e+02,-9.994591579357218336e+01,-4.714715194747480353e+01
1.163359091000002081e+02,-2.864039176218676985e+00,6.370255760618872554e-01,-1.417547165883094400e-08,-3.763246616981722009e-10,-6.126457611685575122e-01,-1.745472883753227678e-01,2.959943530439004711e+00,1.570967012541998331e+00,7.526306093903021299e-01,-1.915083464194036083e+02,-1.016415657114672939e+02,-4.869520042755254963e+01
1.164407171999991988e+02,-2.864039176218676985e+00,6.370255760618872554e-01,-7.596430819229653656e-09,-2.016669587413170436e-10,-6.126457611685575122e-01,-1.745472883753227678e-01,2.963830459466209710e+00,1.597241113292289683e+00,7.774050907011564870e-01,-1.917598307274637648e+02,-1.033415000300111473e+02,-5.029810936836482682e+01
1.165450007999988884e+02,-2.864039176218676985e+00,6.370255760618872554e-01,-4.054931428838304795e-09,-1.076486719379261506e-10,-6.126457611685575122e-01,-1.745472883753227678e-01,2.967521762802886265e+00,1.623570138171234412e+00,8.030058888636718573e-01,-1.919986580533467588e+02,-1.050449879396788759e+02,-5.195448100947957215e+01
1.166499779999994644e+02,-2.864039176218676985e+00,6.370255760618872554e-01,-2.169648184037841636e-09,-5.759893839958698608e-11,-6.126457611685575122e-01,-1.745472883753227678e-01,2.971016857549447110e+00,1.649942768210844957e+00,8.294106796011665450e-01,-1.922247906834492426e+02,-1.067512971032416687e+02,-5.366287097019547758e+01
1.167533745000000636e+02,-2.864039176218676985e+00,6.370255760618872554e-01,-1.157044392486811062e-09,-3.071674439143680613e-11,-6.126457611685575122e-01,-1.745472883753227678e-01,2.974315191789915325e+00,1.676347665697058398e+00,8.565964375434710343e-01,-1.924381929088075367e+02,-1.084596939705996874e+02,-5.542178950906257739e+01
1.168588172999989183e+02,-2.864039176218676985e+00,6.370255760618872554e-01,-6.216850093369422080e-10,-1.650424101943740036e-11,-6.126457611685575122e-01,-1.745472883753227678e-01,2.977416244679078172e+00,1.702773479043902860e+00,8.845394563054200798e-01,-1.926388310307363554e+02,-1.101694440941405162e+02,-5.722970282296068234e+01
1.169637173999999504e+02,-2.864039176218676985e+00,6.370255760618872554e-01,-3.310794608109544637e-10,-8.789362998533979214e-12,-6.126457611685575122e-01,-1.745472883753227678e-01,2.980319526524737306e+00,1.729208847673582294e+00,9.132153691591332612e-01,-1.928266733661505157e+02,-1.118798124444807769e+02,-5.908503438459592161e+01
1.170680400000001100e+02,-2.864039176218676985e+00,6.370255760618872554e-01,-1.765825402902469932e-10,-4.687841529077661972e-12,-6.126457611685575122e-01,-1.745472883753227678e-01,2.983024578865031806e+00,1.755642406900427721e+00,9.425991702821842066e-01,-1.930016902525675562e+02,-1.135900637264576716e+02,-6.098616631725732162e+01
1.171746585000000778e+02,-2.864039176218676985e+00,6.370255760618872554e-01,-9.449199215672552401e-11,-2.508535012971746678e-12,-6.126457611685575122e-01,-1.745472883753227678e-01,2.985530974540840710e+00,1.782062792816658137e+00,9.726652365630699126e-01,-1.931638540527924022e+02,-1.152994626952377928e+02,-6.293144080563062914e+01
1.172803136000002269e+02,-2.864039176218676985e+00,6.370255760618872554e-01,-5.003882997553673999e-11,-1.328410525979580049e-12,-6.126457611685575122e-01,-1.745472883753227678e-01,2.987838317763230389e+00,1.808458647177741740e+00,1.003387349944903306e+00,-1.933131391592810076e+02,-1.170072744723998994e+02,-6.491916154143524409e+01
1.173841080999991391e+02,-2.864039176218676985e+00,6.370255760618872554e-01,-2.659507335243667860e-11,-7.060352010198445728e-13,-6.126457611685575122e-01,-1.745472883753227678e-01,2.989946244175959222e+00,1.834818622285391276e+00,1.034738720287969871e+00,-1.934495219981845651e+02,-1.187127648618648266e+02,-6.694759520263166053e+01
1.174893816000003426e+02,-2.864039176218676985e+00,6.370255760618872554e-01,-1.428065888581331979e-11,-3.791171294595151728e-13,-6.126457611685575122e-01,-1.745472883753227678e-01,2.991854420913011126e+00,1.861131385865961718e+00,1.066692008731149999e+00,-1.935729810330718408e+02,-1.204152006655277347e+02,-6.901497296490541089e+01
1.175945947000000160e+02,-2.864039176218676985e+00,6.370255760618872554e-01,-7.599901840425906059e-12,-2.017591060016597002e-13,-6.126457611685575122e-01,-1.745472883753227678e-01,2.993562546651157952e+00,1.887385625942258560e+00,1.099219351531767419e+00,-1.936834967683299169e+02,-1.221138499984641328e+02,-7.111949204410535685e+01
1.177028016999993270e+02,-2.864039176218676985e+00,6.370255760618872554e-01,-4.048996243774867790e-12,-1.074911070564977518e-13,-6.126457611685575122e-01,-1.745472883753227678e-01,2.995070351657544983e+00,1.913570055696622862e+00,1.132292384363218440e+00,-1.937810517522431724e+02,-1.238079826035715030e+02,-7.325931726830023649e+01
1.178061619999989489e+02,-2.864039176218676985e+00,6.370255760618872554e-01,-2.130049157823935999e-12,-5.654767954187964171e-14,-6.126457611685575122e-01,-1.745472883753227678e-01,2.996377597832283080e+00,1.939673418323153431e+00,1.165882267049068943e+00,-1.938656305797487107e+02,-1.254968701655080281e+02,-7.543258267807476614e+01
1.179098620000004303e+02,-2.864039176218676985e+00,6.370255760618872554e-01,-1.145449448298297040e-12,-3.040892652447830412e-14,-6.126457611685575122e-01,-1.745472883753227678e-01,2.997484078746046166e+00,1.965684491867090822e+00,1.199959708712150963e+00,-1.939372198948692017e+02,-1.271797866238007799e+02,-7.763739315367617166e+01
1.180147230000002310e+02,-2.864039176218676985e+00,6.370255760618872554e-01,-6.136328111877660980e-13,-1.629047453481197638e-14,-6.126457611685575122e-01,-1.745472883753227678e-01,2.998389619672672701e+00,1.991592094049174033e+00,1.234494993316594291e+00,-1.939958083928219423e+02,-1.288560084849815723e+02,-7.987182606758365466e+01
1.181197355999993306e+02,-2.864039176218676985e+00,6.370255760618872554e-01,-3.272699599128633938e-13,-8.688229916600855540e-15,-6.126457611685575122e-01,-1.745472883753227678e-01,2.999094077616751619e+00,2.017385087072939065e+00,1.269458005580674786e+00,-1.940413868218038260e+02,-1.305248151336191711e+02,-8.213393296106966091e+01
1.182230486999997083e+02,-2.864039176218676985e+00,6.370255760618872554e-01,-1.747734367230825869e-13,-4.639814182667210496e-15,-6.126457611685575122e-01,-1.745472883753227678e-01,2.999597341336207812e+00,2.043052382412940737e+00,1.304818257237814860e+00,-1.940739479844526443e+02,-1.321854891421172624e+02,-8.442174124328661833e+01
1.183271709000000556e+02,-2.864039176218676985e+00,6.370255760618872554e-01,-9.395495249928348192e-14,-2.494277902360576682e-15,-6.126457611685575122e-01,-1.745472883753227678e-01,2.999899331359865862e+00,2.068582945581722843e+00,1.340544913622753187e+00,-1.940934867389833300e+02,-1.338373165791374788e+02,-8.673325591139213486e+01
1.184328606999988551e+02,-2.864039176218676985e+00,6.370255760618872554e-01,-5.021370787780094255e-14,-1.333053113470982332e-15,-6.126457611685575122e-01,-1.745472883753227678e-01,3.000000000000000000e+00,2.093965800873628602e+00,1.376606820559857391e+00,-1.941000000000000227e+02,-1.354795873165237765e+02,-8.906646129022277592e+01
1.185364847999990161e+02,-2.864039176218676985e+00,6.370255760618872554e-01,-2.670711062356478365e-14,-7.090095209697974397e-16,-6.126457611685575122e-01,-1.745472883753227678e-01,2.999899331359865862e+00,2.119190036083291151e+00,1.412972531530054754e+00,-1.940934867389833300e+02,-1.371115953345889409e+02,-9.141932278999455264e+01
1.186416264999988925e+02,-2.864039176218676985e+00,6.370255760618872554e-01,-1.433263556283154298e-14,-3.804969851613803526e-16,-6.126457611685575122e-01,-1.745472883753227678e-01,2.999597341336207368e+00,2.144244807196827640e+00,1.449610335092611724e+00,-1.940739479844526159e+02,-1.387326390256347679e+02,-9.378978868049198070e+01
1.187460900999994919e+02,-2.865713207435795606e+00,6.360952231163810033e-01,-7.454853975273164311e-03,-4.133062045637072093e-03,-6.120419276158368671e-01,-1.732680343045687466e-01,2.999094077616751175e+00,2.169119343053762528e+00,1.486488282538017014e+00,-1.940413868218037976e+02,-1.403420214955784502e+02,-9.617579188020970093e+01
1.188506543000003148e+02,-2.865417466000615310e+00,6.361365498879475444e-01,-2.664905086464398106e-03,-2.024734680732232124e-03,-6.120304190246265152e-01,-1.734603017750208365e-01,2.998389619672672257e+00,2.193802949977560868e+00,1.523574215747713678e+00,-1.939958083928219139e+02,-1.419390508635482036e+02,-9.857525175887707292e+01
1.189552081000001635e+02,-2.865417466000615310e+00,6.361365498879475444e-01,-1.425138186614104650e-03,-1.082787798308317007e-03,-6.120304190246265152e-01,-1.734603017750208365e-01,2.997484078746046166e+00,2.218285016372925966e+00,1.560835795236491963e+00,-1.939372198948692017e+02,-1.435230405593283081e+02,-1.009860759518010411e+02
1.190621197999989818e+02,-2.865417466000615310e+00,6.361365498879475444e-01,-7.614829506435883289e-04,-5.785575429254529107e-04,-6.120304190246265152e-01,-1.734603017750208365e-01,2.996377597832282635e+00,2.242555017287737762e+00,1.598240528352948608e+00,-1.938656305797486823e+02,-1.450933096185166278e+02,-1.034061621844357859e+02
1.191668974000003800e+02,-2.867391506915107691e+00,6.352103716622145013e-01,-9.111334524779477265e-03,-4.379172320383893646e-03,-6.114800661540192861e-01,-1.720010027980210243e-01,2.995070351657544983e+00,2.266602518937809840e+00,1.635755797613587914e+00,-1.937810517522431724e+02,-1.466491829752762897e+02,-1.058334001055991394e+02
1.192714292999989993e+02,-2.890383207469467752e+00,6.233933088696436142e-01,-1.091973107383835406e-01,-5.406177114119867233e-02,-6.038265460150185060e-01,-1.549603816174174864e-01,2.993562546651157508e+00,2.290417183192394290e+00,1.673348889145780172e+00,-1.936834967683298885e+02,-1.481899917525479111e+02,-1.082656731277319864e+02
1.193748598000001948e+02,-2.908320007084125081e+00,6.139310991264222972e-01,-1.411859023347422637e-01,-6.992114654805960117e-02,-5.973028320385861401e-01,-1.419180091223855855e-01,2.991854420913010237e+00,2.313988772018601647e+00,1.710987021214690040e+00,-1.935729810330717839e+02,-1.497150735496035452e+02,-1.107008602725904467e+02
1.194800710999988951e+02,-2.911537477222334580e+00,6.123585966819844462e-01,-9.070316165627982652e-02,-4.444964594014340353e-02,-5.962252835329033829e-01,-1.396368941449152024e-01,2.989946244175959222e+00,2.337307151882788148e+00,1.748637372809464852e+00,-1.934495219981845651e+02,-1.512237727268164065e+02,-1.131368380207723874e+02
1.195846801999996387e+02,-2.911309289935819500e+00,6.123588993788123824e-01,-4.732559810426141544e-02,-2.369860204855355271e-02,-5.961936993528130779e-01,-1.397730106295133057e-01,2.987838317763229945e+00,2.360362298106997603e+00,1.786267112263670853e+00,-1.933131391592809791e+02,-1.527154406875227437e+02,-1.155714821634595069e+02
1.196882779999996274e+02,-2.911309289935819500e+00,6.123588993788123824e-01,-2.526056111858162451e-02,-1.264939080439273812e-02,-5.961936993528130779e-01,-1.397730106295133057e-01,2.985530974540840266e+00,2.383144299178605596e+00,1.823843425884939862e+00,-1.931638540527923737e+02,-1.541894361568557770e+02,-1.180026696547556213e+02
1.197937392999992881e+02,-2.911226974918277310e+00,6.122616526507448365e-01,-1.320465723467210105e-02,-7.232362689607801411e-03,-5.960875141574788483e-01,-1.397998811593870738e-01,2.983024578865031362e+00,2.405643361011351899e+00,1.861333546569033937e+00,-1.930016902525675278e+02,-1.556451254574344887e+02,-1.204282804630165060e+02
1.198972192000001087e+02,-2.911226974918277310e+00,6.122616526507448365e-01,-7.031405488525944644e-03,-3.851192333655554818e-03,-5.960875141574788483e-01,-1.397998811593870738e-01,2.980319526524736418e+00,2.427849811155831983e+00,1.898704782373228372e+00,-1.928266733661504588e+02,-1.570818827817823262e+02,-1.228461994195478866e+02
1.200018220999991172e+02,-2.911646707589729655e+00,6.121333298561447700e-01,-5.657849683579499814e-03,-2.641626347116196247e-03,-5.960211950513649715e-01,-1.395204234881566030e-01,2.977416244679077728e+00,2.449754102957751645e+00,1.935924545024209520e+00,-1.926388310307363270e+02,-1.584990904613665350e+02,-1.252543180630663642e+02
1.201063973999989685e+02,-2.932571702252888546e+00,6.023804201230328337e-01,-9.748861843282113915e-02,-4.406416312958877368e-02,-5.892693321833719633e-01,-1.249952986946484268e-01,2.974315191789914437e+00,2.471346819662069372e+00,1.972960378335477660e+00,-1.924381929088074799e+02,-1.598961392321359085e+02,-1.276505364783054119e+02
1.202113842999988265e+02,-2.952682055891832302e+00,5.933273223434157861e-01,-1.449393085183609542e-01,-6.283373475534234642e-02,-5.827716707143485442e-01,-1.114203358997562371e-01,2.971016857549446222e+00,2.492618678461287818e+00,2.009779986509653504e+00,-1.922247906834491857e+02,-1.612724284964453147e+02,-1.300327651271745992e+02
1.203198773000003712e+02,-2.938301820932458064e+00,5.907157392429323028e-01,-1.262130746303077693e-02,-4.548333342041832594e-02,-5.785514163149563238e-01,-1.192616588400568500e-01,2.967521762802885377e+00,2.513560534486203757e+00,2.046351262300918350e+00,-1.919986580533467020e+02,-1.626273665812573768e+02,-1.323989266708694288e+02
1.204243869999991148e+02,-2.939335163194825906e+00,5.907192487383093882e-01,-1.118215615729112322e-02,-2.384387894812589268e-02,-5.786777834742732329e-01,-1.186644586354933806e-01,2.963830459466208822e+00,2.534163384737298408e+00,2.082642315012958267e+00,-1.917598307274637079e+02,-1.639603709925032149e+02,-1.347469577813384092e+02
1.205280475999988994e+02,-2.939335163194825906e+00,5.907192487383093882e-01,-5.986028774624128738e-03,-1.276409875469959772e-02,-5.786777834742732329e-01,-1.186644586354933806e-01,2.959943530439004267e+00,2.554418371955193390e+00,2.118621498308150830e+00,-1.915083464194035798e+02,-1.652708686655010126e+02,-1.370748109405373611e+02
1.206327756999999110e+02,-2.939508681317513972e+00,5.906745581678193302e-01,-3.986774749167719400e-03,-7.042403990219977226e-03,-5.786545840601569068e-01,-1.185550758631422480e-01,2.955861589512423393e+00,2.574316788428416825e+00,2.154257437803668740e+00,-1.912442448414537921e+02,-1.665582962113185772e+02,-1.393804562258973760e+02
1.207376244999995833e+02,-2.939508681317513972e+00,5.906745581678193302e-01,-2.128478347842894733e-03,-3.759832283746369127e-03,-5.786545840601569068e-01,-1.185550758631422480e-01,2.951585281272258943e+00,2.593850079736879533e+00,2.189519058430356324e+00,-1.909675676983151504e+02,-1.678221001589761272e+02,-1.416618830804440563e+02
1.208416321999993670e+02,-2.939335163194825906e+00,5.907192487383093882e-01,-3.637065894377610148e-04,-1.808318589099137475e-03,-5.786777834742732329e-01,-1.186644586354933806e-01,2.947115280997153253e+00,2.613009848429472815e+00,2.224375611530686303e+00,-1.906783586805158279e+02,-1.690617371933869038e+02,-1.439171020660353975e+02
1.209455433000002813e+02,-2.939335163194825906e+00,5.907192487383093882e-01,-1.946823766324189142e-04,-9.679444113966112094e-04,-5.786777834742732329e-01,-1.186644586354933806e-01,2.942452294551968883e+00,2.631787857634161565e+00,2.258796701672029617e+00,-1.903766634575123931e+02,-1.702766743889302745e+02,-1.461441465981803276e+02
1.210509213000004820e+02,-2.939335163194825906e+00,5.907192487383093882e-01,-1.044887406188755875e-04,-5.195092349158672790e-04,-5.786777834742732329e-01,-1.186644586354933806e-01,2.937597058276320006e+00,2.650176034599063701e+00,2.292752313151956933e+00,-1.900625296704779146e+02,-1.714663894385594176e+02,-1.483410746609316107e+02
1.211555014999994455e+02,-2.939335163194825906e+00,5.907192487383093882e-01,-5.557687555250393635e-05,-2.763235533923157267e-04,-5.786777834742732329e-01,-1.186644586354933806e-01,2.932550338868297857e+00,2.668166474162957602e+00,2.326212836172328657e+00,-1.897360069247788772e+02,-1.726303708783433706e+02,-1.505059705003496617e+02
1.212605752999988908e+02,-2.939335163194825906e+00,5.907192487383093882e-01,-2.970876268150438154e-05,-1.477094707003992220e-04,-5.786777834742732329e-01,-1.186644586354933806e-01,2.927312933263401362e+00,2.685751442153735624e+00,2.359149092659505342e+00,-1.893971467821420731e+02,-1.737681183073466968e+02,-1.526369462950700040e+02
1.213651928999988741e+02,-2.939335163194825906e+00,5.907192487383093882e-01,-1.583861252105401896e-05,-7.874825004307914984e-05,-5.786777834742732329e-01,-1.186644586354933806e-01,2.921885668508688472e+00,2.702923378713383507e+00,2.391532361708083254e+00,-1.890460027525121518e+02,-1.748791426027559339e+02,-1.547321438025129794e+02
1.214693021999992197e+02,-2.939621472197504470e+00,5.907053325233663221e-01,-1.282146991479573639e-03,-1.038342015657874804e-04,-5.786981011177950718e-01,-1.184959815107626963e-01,2.916269401632179736e+00,2.719674901547972645e+00,2.423334404625903993e+00,-1.886826302856020448e+02,-1.759629661301538306e+02,-1.567897359792959833e+02
1.215720664000000397e+02,-2.989147988544355705e+00,5.700542445057771301e-01,-2.298424791435068337e-01,-8.903696749303467717e-02,-5.634432099866191201e-01,-8.656552893055660669e-02,2.910465019507520346e+00,2.735998809101363616e+00,2.454527489558638642e+00,-1.883070867621365778e+02,-1.770191229488582394e+02,-1.588079285744439346e+02
1.216787664999992558e+02,-3.088185042278297043e+00,5.359084214401935720e-01,-6.117100383756268744e-01,-1.813936405041026989e-01,-5.351442977551528202e-01,-2.860798403705540338e-02,2.904473438713933042e+00,2.751888083651177652e+00,2.485084415672399238e+00,-1.879194314847914882e+02,-1.780471590122311909e+02,-1.607849616940042381e+02
1.217825094999989233e+02,-3.103548355044114970e+00,5.312493606782793254e-01,-3.976813872044623333e-01,-1.135972323148202456e-01,-5.308649502114638485e-01,-2.020613416912040924e-02,2.898295605391484120e+00,2.767335894325739787e+00,2.514978536873225146e+00,-1.875197256688290395e+02,-1.790466323628753855e+02,-1.627191113356976757e+02
1.218875515999989148e+02,-3.104210138000930819e+00,5.312062997149418209e-01,-2.164722181044711480e-01,-6.107995364711304304e-02,-5.308351751587658818e-01,-1.985320304139772188e-02,2.891932495091668720e+00,2.782335600040722667e+00,2.544183785042903434e+00,-1.871080324324309743e+02,-1.800171133226347706e+02,-1.646086908922758596e+02
1.219922258000005968e+02,-3.104009092539191883e+00,5.312380987838907220e-01,-1.146165562354044404e-01,-3.246886209830368575e-02,-5.308629496475505416e-01,-1.996111948326236007e-02,2.885385112623368720e+00,2.796880752354155675e+00,2.572674692770740457e+00,-1.866844167867319584e+02,-1.809581846773138807e+02,-1.664520526222669048e+02
1.220961440999999468e+02,-3.104073250995172728e+00,5.313376916317186227e-01,-6.137774297176779720e-02,-1.686463522713632646e-02,-5.309637519869051525e-01,-1.993079588254359491e-02,2.878654491894174772e+00,2.810965098238657589e+00,2.600426415561551075e+00,-1.862489456255531195e+02,-1.818694418560411634e+02,-1.682475890868323631e+02
1.222020019999999931e+02,-3.103802899767287293e+00,5.314487325572285759e-01,-3.168249603723066049e-02,-8.548860176880002104e-03,-5.310693059159057317e-01,-2.007853706530542820e-02,2.871741695747122236e+00,2.824582582769635586e+00,2.627414753500386446e+00,-1.858016877148388062e+02,-1.827504931051954316e+02,-1.699937345514750007e+02
1.223077990999991016e+02,-3.103802899767287293e+00,5.314487325572285759e-01,-1.683030173814275762e-02,-4.541305587950112896e-03,-5.310693059159057317e-01,-2.007853706530542820e-02,2.864647815792860985e+00,2.837727351728317693e+00,2.653616172355246050e+00,-1.853427136817981022e+02,-1.836009596568221696e+02,-1.716889663513844368e+02
1.224126734999990731e+02,-3.103662861882055868e+00,5.315806771606880199e-01,-8.331474165343197638e-03,-1.831947737219363900e-03,-5.311983386552753261e-01,-2.015791012210905314e-02,2.857373972237268411e+00,2.850393754118521361e+00,2.679007824099273183e+00,-1.848720960037512668e+02,-1.844204758914683282e+02,-1.733318062192229831e+02
1.225167299000004277e+02,-3.103662861882055868e+00,5.315806771606880199e-01,-4.447922556128258882e-03,-9.780215962165777696e-04,-5.311983386552753261e-01,-2.015791012210905314e-02,2.849921313704564696e+00,2.862576344596031497e+00,2.703567566834567781e+00,-1.843899089966853353e+02,-1.852086894953632452e+02,-1.749208215741965375e+02
1.226211198000000877e+02,-3.103550873526882636e+00,5.316005400582356488e-01,-1.883471399794737090e-03,-4.355748823615986499e-04,-5.312159263998148528e-01,-2.021815346153780363e-02,2.842291017055925906e+00,2.874269885809581204e+00,2.727273984100271775e+00,-1.838962288035184258e+02,-1.859652616118799244e+02,-1.764546267712875931e+02
1.227260255999990477e+02,-3.103352446909884765e+00,5.316330363542969284e-01,-1.226543682692863039e-04,-8.802891014466376852e-05,-5.312443766613048624e-01,-2.032480280422998067e-02,2.834484287203644648e+00,2.885469350652423159e+00,2.750106403548008949e+00,-1.833911333820758216e+02,-1.866898669872117864e+02,-1.779318843095561817e+02
1.228355584999990242e+02,-3.103352446909884765e+00,5.316330363542969284e-01,-6.539255770679774937e-05,-4.693216937747580759e-05,-5.312443766613048624e-01,-2.032480280422998067e-02,2.826502356920864933e+00,2.896169924423487529e+00,2.772044914968497142e+00,-1.828747024927799600e+02,-1.873821941101996629e+02,-1.793513059984617826e+02
1.229398498999998992e+02,-3.103415900910815317e+00,5.317345674794119459e-01,-3.108829512527765907e-04,4.182161418351171191e-04,-5.313471224269545878e-01,-2.029496836933165557e-02,2.818346486646905902e+00,2.906367006897261795e+00,2.793070387653562303e+00,-1.823470176860548122e+02,-1.880419453462528452e+02,-1.807116540811854861e+02
1.230443670000004204e+02,-3.103415900910815317e+00,5.317345674794119459e-01,-1.663098225280150010e-04,2.237287443607548882e-04,-5.313471224269545878e-01,-2.029496836933165557e-02,2.810017964288231695e+00,2.916056214301434579e+00,2.813164487078368303e+00,-1.818081622894486031e+02,-1.886688370653028244e+02,-1.820117423139704442e+02
1.231494554999990214e+02,-3.103415900910815317e+00,5.317345674794119459e-01,-8.883585302034825801e-05,1.195066746410069087e-04,-5.313471224269545878e-01,-2.029496836933165557e-02,2.801518105015068372e+00,2.925233381201509886e+00,2.832309690889413201e+00,-1.812582213944749299e+02,-1.892625997637377111e+02,-1.832504370005450482e+02
1.232526892999994743e+02,-3.103415900910815317e+00,5.317345674794119459e-01,-4.743971794364825503e-05,6.381841052456732068e-05,-5.313471224269545878e-01,-2.029496836933165557e-02,2.792848251053729136e+00,2.933894562291541774e+00,2.850489304184292916e+00,-1.806972818431762846e+02,-1.898229781802627656e+02,-1.844266579807237463e+02
1.233570937999993475e+02,-3.103415900910815317e+00,5.317345674794119459e-01,-2.547815986365245937e-05,3.427456435387238147e-05,-5.313471224269545878e-01,-2.029496836933165557e-02,2.784009771474659889e+00,2.942036034090236285e+00,2.867687474069878562e+00,-1.801254322144104947e+02,-1.903497314056382947e+02,-1.855393795723211383e+02
1.234660925999996834e+02,-3.103415900910815317e+00,5.317345674794119459e-01,-1.362967103217378753e-05,1.833535229444869261e-05,-5.313471224269545878e-01,-2.029496836933165557e-02,2.775004061976242831e+00,2.949654296541700305e+00,2.883889203486292629e+00,-1.795427628098629214e+02,-1.908426329862480202e+02,-1.865876314655631347e+02
1.235701193999993848e+02,-3.103415900910815317e+00,5.317345674794119459e-01,-7.134895014980290702e-06,9.598237064912117737e-06,-5.313471224269545878e-01,-2.029496836933165557e-02,2.765832544664408310e+00,2.956746074520124168e+00,2.899080364284561284e+00,-1.789493656397872314e+02,-1.913014710214520449e+02,-1.875704995692111368e+02
1.236737374999993335e+02,-3.103415900910815317e+00,5.317345674794119459e-01,-3.823951822487850404e-06,5.144181664899034203e-06,-5.313471224269545878e-01,-2.029496836933165557e-02,2.756496667828057134e+00,2.963308319237778932e+00,2.913247709546581632e+00,-1.783453344084753098e+02,-1.917260482546843150e+02,-1.884871268076638273e+02
1.237774110999998811e+02,-3.103415900910815317e+00,5.317345674794119459e-01,-2.050199507807104542e-06,2.758036504388998574e-06,-5.313471224269545878e-01,-2.029496836933165557e-02,2.746997905710365728e+00,2.969338209555704378e+00,2.926378885136613928e+00,-1.777307644994606619e+02,-1.921161821582540767e+02,-1.893367138683389328e+02
1.238823818000000756e+02,-3.103415900910815317e+00,5.317345674794119459e-01,-1.100340092475660280e-06,1.480235523779165740e-06,-5.313471224269545878e-01,-2.029496836933165557e-02,2.737337758275988797e+00,2.974833153196521085e+00,2.938462440474279624e+00,-1.771057529604564706e+02,-1.924717050118149189e+02,-1.901185198986858893e+02
1.239875950999994529e+02,-3.128106110602220991e+00,5.250982585054054796e-01,-1.111557302536618913e-01,-2.878535992744535310e-02,-5.250505049972978844e-01,-7.081545558150939383e-03,2.727517750974187472e+00,2.979790787858873635e+00,2.949487838519647021e+00,-1.764703984880299288e+02,-1.927924639744691433e+02,-1.908318631522211604e+02
1.240935675000000629e+02,3.082011291116757867e+00,5.081059159024987615e-01,-3.981187314182985104e-01,-8.223038228116183457e-02,-5.072043102292216332e-01,3.025573433279392030e-02,2.717539434497953543e+00,2.984208982232986251e+00,2.959445464961669714e+00,-1.758248014120175924e+02,-1.930783211504742098e+02,-1.914761215830200456e+02
1.241988727999996627e+02,3.055379396604387843e+00,5.027830692795803857e-01,-3.349035719562444280e-01,-6.353498481959382604e-02,-5.009157020300044616e-01,4.329288872301226276e-02,2.707404384539130682e+00,2.988085836916927640e+00,2.968326636602019342e+00,-1.751690636796817557e+02,-1.933291536485252209e+02,-1.920507333881506611e+02
1.243028352000001178e+02,3.055866473649738957e+00,5.027612778363570456e-01,-1.760081499556586937e-01,-3.394520622413456368e-02,-5.009150181620301012e-01,4.304703324713212570e-02,2.697114201539594358e+00,2.991419685233169368e+00,2.976123608926965147e+00,-1.745032888396117698e+02,-1.935448536345860759e+02,-1.925551974975746532e+02
1.244066837999998825e+02,3.056082068103755489e+00,5.027839589817383326e-01,-9.346451241398492926e-02,-1.812271954263408244e-02,-5.009468854950270833e-01,4.294097486297387273e-02,2.686670510438531334e+00,2.994209093945100264e+00,2.982829582860697215e+00,-1.738275820253729762e+02,-1.937253283782480082e+02,-1.929890740110871263e+02
1.245097165999995923e+02,3.056082068103755489e+00,5.027839589817383326e-01,-5.018954188745596706e-02,-9.731725636901228035e-03,-5.009468854950270833e-01,4.294097486297387273e-02,2.676074960415830262e+00,2.996452863873181549e+00,2.988438710694227396e+00,-1.731420499389042220e+02,-1.938705002925948406e+02,-1.933519845819165255e+02
1.246139229999989766e+02,3.056082068103755489e+00,5.027839589817383326e-01,-2.699947113460533787e-02,-5.235183178451839267e-03,-5.009468854950270833e-01,4.294097486297387273e-02,2.665329224631670435e+00,2.998150030410476674e+00,2.992946101184675634e+00,-1.724468008336690730e+02,-1.939803069675578513e+02,-1.936436127466485289e+02
1.247171763000005740e+02,3.056082068103755489e+00,5.027839589817383326e-01,-1.445175066377706562e-02,-2.802186813104470819e-03,-5.009468854950270833e-01,4.294097486297387273e-02,2.654434999962298924e+00,2.999299863937342714e+00,2.996347823820511458e+00,-1.717419444975607519e+02,-1.940547011967460946e+02,-1.938637042011870903e+02
1.248211762999999337e+02,3.056056473971107579e+00,5.028468894122049004e-01,-7.874291949542778016e-03,-1.223072009949053478e-03,-5.010084866514424862e-01,4.295917241709428652e-02,2.643394006732080026e+00,2.999901870135098125e+00,2.998640912249012302e+00,-1.710275922355655780e+02,-1.940936509977408662e+02,-1.940120670225111041e+02
1.249272037999999156e+02,3.056013686390261164e+00,5.029490161227163636e-01,-4.406760747332457220e-03,-1.991208020670486598e-04,-5.011084010367211627e-01,4.298933855305315382e-02,2.632207988441838342e+00,2.999955790198529648e+00,2.999823366862969465e+00,-1.703038568521869536e+02,-1.940971396258448749e+02,-1.940885718360341343e+02
1.250325727999988885e+02,3.056013686390261164e+00,5.029490161227163636e-01,-2.337544727261431192e-03,-1.056226574682207346e-04,-5.011084010367211627e-01,4.298933855305315382e-02,2.620878711493531021e+00,2.999461600947155304e+00,2.999894156544376855e+00,-1.695708526336314605e+02,-1.940651655812809508e+02,-1.940931519284211788e+02
1.251383310000001075e+02,3.056013686390261164e+00,5.029490161227163636e-01,-1.244672492206870800e-03,-5.624089873929494394e-05,-5.011084010367211627e-01,4.298933855305315382e-02,2.609407964911325539e+00,2.998419514835191535e+00,2.998853219563579309e+00,-1.688286953297627804e+02,-1.939977426098369051e+02,-1.940258033057635885e+02
1.252423355999999330e+02,3.056226436191005646e+00,5.029696715153739728e-01,2.808497217851342728e-04,6.159300160168825562e-05,-5.011381158455493479e-01,4.288448800039405817e-02,2.597797560059078137e+00,2.996829979860214710e+00,2.996701463633104190e+00,-1.680775021358223569e+02,-1.938948996969558891e+02,-1.938865846970618634e+02
1.253455725999992865e+02,3.056226436191005646e+00,5.029696715153739728e-01,1.505608023047120278e-04,3.301940866653353934e-05,-5.011381158455493479e-01,4.288448800039405817e-02,2.586049330354304843e+00,2.994693679370567185e+00,2.993440765116117230e+00,-1.673173916739235381e+02,-1.937566810552756920e+02,-1.936756175030128020e+02
1.254532084999991639e+02,3.056226436191005646e+00,5.029696715153739728e-01,8.093593446598119489e-05,1.775001630591319094e-05,-5.011381158455493479e-01,4.288448800039405817e-02,2.574165130978670391e+00,2.992011531771582966e+00,2.989073967390213582e+00,-1.665484839743199927e+02,-1.935831461056214380e+02,-1.933930856901468189e+02
1.255581784000005428e+02,3.056226436191005646e+00,5.029696715153739728e-01,4.264263501203605328e-05,9.351933375265917344e-06,-5.011381158455493479e-01,4.288448800039405817e-02,2.562146838585018127e+00,2.988784690130758648e+00,2.983604878367943414e+00,-1.657709004564506756e+02,-1.933743694514600975e+02,-1.930392356304059547e+02
1.256682772000003752e+02,3.056226436191005646e+00,5.029696715153739728e-01,2.275296233758010889e-05,4.989939946509513323e-06,-5.011381158455493479e-01,4.288448800039405817e-02,2.549996351001039052e+00,2.985014541682048606e+00,2.977038267176262298e+00,-1.649847639097672243e+02,-1.931304408468285487e+02,-1.926143758863041739e+02
1.257722560999991401e+02,3.056226436191005646e+00,5.029696715153739728e-01,1.186904144323385550e-05,2.602993102421163065e-06,-5.011381158455493479e-01,4.288448800039405817e-02,2.537715586929577771e+00,2.980702707229481607e+00,2.969379859997771653e+00,-1.641901984743437026e+02,-1.928514651577474694e+02,-1.921188769418558309e+02
1.258772307999988698e+02,3.056226436191005646e+00,5.029696715153739728e-01,6.356732227537081321e-06,1.394091529746065772e-06,-5.011381158455493479e-01,4.288448800039405817e-02,2.525306485645640642e+00,2.975851040450374185e+00,2.960636335077412529e+00,-1.633873296212729542e+02,-1.925375623171392192e+02,-1.915531708795085990e+02
1.259834260999996332e+02,3.056226436191005646e+00,5.029696715153739728e-01,3.392985148092768609e-06,7.441137499892804886e-07,-5.011381158455493479e-01,4.288448800039405817e-02,2.512771006690174502e+00,2.970461627098425872e+00,2.950815316898935059e+00,-1.625762841328542834e+02,-1.921888672732681584e+02,-1.909177510033611043e+02
1.260869550999996136e+02,3.056226436191005646e+00,5.029696715153739728e-01,1.800218939028766217e-06,3.948050483732308367e-07,-5.011381158455493479e-01,4.288448800039405817e-02,2.500111129560619094e+00,2.964536784107038248e+00,2.939925369536224409e+00,-1.617571900825720661e+02,-1.918055299317253741e+02,-1.902131714089937304e+02
1.261920847000001231e+02,3.056226436191005646e+00,5.029696715153739728e-01,9.656825324127670716e-07,2.117833173825499598e-07,-5.011381158455493479e-01,4.288448800039405817e-02,2.487328853398334427e+00,2.958079058593265032e+00,2.927975989185316763e+00,-1.609301768148722545e+02,-1.913877150909842442e+02,-1.894400465002900091e+02
1.262957205000002432e+02,3.056226436191005646e+00,5.029696715153739728e-01,5.145687155940005207e-07,1.128497885712968627e-07,-5.011381158455493479e-01,4.288448800039405817e-02,2.474426196672902201e+00,2.951091226762784459e+00,2.914977595883569528e+00,-1.600953749247367739e+02,-1.909356023715521644e+02,-1.885990504536669619e+02
1.264001116999988881e+02,3.056226436191005646e+00,5.029696715153739728e-01,2.760787648087975997e-07,6.054668559034500082e-08,-5.011381158455493479e-01,4.288448800039405817e-02,2.461405196863388767e+00,2.943576292716401532e+00,2.900941524423221729e+00,-1.592529162370612710e+02,-1.904493861387511799e+02,-1.876909166301824428e+02
1.265054230999994616e+02,3.056226436191005646e+00,5.029696715153739728e-01,1.476752542779417372e-07,3.238658067900724242e-08,-5.011381158455493479e-01,4.288448800039405817e-02,2.448267910136613157e+00,2.935537487158573544e+00,2.885880014467305799e+00,-1.584029337858388828e+02,-1.899292754191597226e+02,-1.867164369360346825e+02
1.266119548000006034e+02,3.056226436191005646e+00,5.029696715153739728e-01,7.864245155503287576e-08,1.724703380085819960e-08,-5.011381158455493479e-01,4.288448800039405817e-02,2.435016411022437044e+00,2.926978266008506857e+00,2.869806199876468344e+00,-1.575455617931516770e+02,-1.893754938107504131e+02,-1.856764611320075176e+02
1.267158557000002475e+02,3.056226436191005646e+00,5.029696715153739728e-01,4.170984428522170625e-08,9.147363542098448222e-09,-5.011381158455493479e-01,4.288448800039405817e-02,2.421652792086191219e+00,2.917902308914452014e+00,2.852734097256055090e+00,-1.566809356479765825e+02,-1.887882793867650548e+02,-1.845718960924667726e+02
1.268198481999988871e+02,3.056226436191005646e+00,5.029696715153739728e-01,2.237389521090375128e-08,4.906806938607206883e-09,-5.011381158455493479e-01,4.288448800039405817e-02,2.408179163598219930e+00,2.908313517671798021e+00,2.834678593733404917e+00,-1.558091918848048465e+02,-1.881678845933653292e+02,-1.834037050145512922e+02
1.269230754000000161e+02,3.056226436191005646e+00,5.029696715153739728e-01,1.197440439587707053e-08,2.626100194960415685e-09,-5.011381158455493479e-01,4.288448800039405817e-02,2.394597653200650100e+00,2.898216014545673680e+00,2.815655433976079536e+00,-1.549304681620820645e+02,-1.875145761411050955e+02,-1.821729065782523662e+02
1.270266248999996606e+02,3.056226436191005646e+00,5.029696715153739728e-01,6.440665288367781323e-09,1.412498844224857275e-09,-5.011381158455493479e-01,4.288448800039405817e-02,2.380910405571419641e+00,2.887614140498774518e+00,2.795681206462266921e+00,-1.540449032404708589e+02,-1.868286348902707061e+02,-1.808805740581086638e+02
1.271314112000000023e+02,3.056226436191005646e+00,5.029696715153739728e-01,3.454376743863739313e-09,7.575775078759433473e-10,-5.011381158455493479e-01,4.288448800039405817e-02,2.367119582085592810e+00,2.876512453325151597e+00,2.774773329015366663e+00,-1.531526369609378548e+02,-1.861103557301373144e+02,-1.795278343872942344e+02
1.272362140000004729e+02,3.056226436191005646e+00,5.029696715153739728e-01,1.843781426942198009e-09,4.043587141941223916e-10,-5.011381158455493479e-01,4.288448800039405817e-02,2.353227360474070551e+00,2.864915725690807768e+00,2.752950033615417347e+00,-1.522538102226723709e+02,-1.853600474521952606e+02,-1.781158671749174971e+02
1.273397469999999885e+02,3.056226436191005646e+00,5.029696715153739728e-01,9.839002039042295693e-10,2.157786251301258806e-10,-5.011381158455493479e-01,4.288448800039405817e-02,2.339235934479686474e+00,2.852828943081890500e+00,2.730230350500526093e+00,-1.513485649608357164e+02,-1.845780326173983212e+02,-1.766459036773840410e+02
1.274447712999990472e+02,3.056226436191005646e+00,5.029696715153739728e-01,5.286086729128816486e-10,1.159288840681087682e-10,-5.011381158455493479e-01,4.288448800039405817e-02,2.325147513510797292e+00,2.840257301661427203e+00,2.706634091572200695e+00,-1.504370441241485992e+02,-1.837646474174943592e+02,-1.751192257247213888e+02
1.275495472999991762e+02,3.056226436191005646e+00,5.029696715153739728e-01,2.818981897675427373e-10,6.182294055163391983e-11,-5.011381158455493479e-01,4.288448800039405817e-02,2.310964322292396567e+00,2.827206206035459246e+00,2.682181833119108738e+00,-1.495193916523180633e+02,-1.829202415304942235e+02,-1.735371646028063424e+02
1.276529367999992246e+02,3.056226436191005646e+00,5.029696715153739728e-01,1.505054376470371170e-10,3.300726667320283770e-11,-5.011381158455493479e-01,4.288448800039405817e-02,2.296688600514789069e+00,2.813681266929575209e+00,2.656894897874225947e+00,-1.485957524533068579e+02,-1.820451779703435307e+02,-1.719010998924624403e+02
1.277565092000004370e+02,3.056226436191005646e+00,5.029696715153739728e-01,8.087588426344451237e-11,1.773684672825609270e-11,-5.011381158455493479e-01,4.288448800039405817e-02,2.282322602479938567e+00,2.799688298776847439e+00,2.630795336421110076e+00,-1.476662723804520283e+02,-1.811398329308620418e+02,-1.702124582664458217e+02
1.278612801999988733e+02,3.056226436191005646e+00,5.029696715153739728e-01,4.333497552676530949e-11,9.503770201599884958e-12,-5.011381158455493479e-01,4.288448800039405817e-02,2.267868596745467702e+00,2.785233317218163585e+00,2.603905907965436750e+00,-1.467310982094317637e+02,-1.802045956240151838e+02,-1.684727122453637662e+02
1.279653340000004391e+02,3.056226436191005646e+00,5.029696715153739728e-01,2.312402171632472122e-11,5.071316779514971503e-12,-5.011381158455493479e-01,4.288448800039405817e-02,2.253328865766436095e+00,2.770322536516086842e+00,2.576250060488671778e+00,-1.457903776150884312e+02,-1.792398681125908126e+02,-1.666833789136170765e+02
1.280708328000000620e+02,3.056226436191005646e+00,5.029696715153739728e-01,1.239861793547381418e-11,2.719134238425944654e-12,-5.011381158455493479e-01,4.288448800039405817e-02,2.238705705534919765e+00,2.754962366883317415e+00,2.547851910301063949e+00,-1.448442591481093018e+02,-1.782460651373506550e+02,-1.648460185964788423e+02
1.281760503999994398e+02,3.056226436191005646e+00,5.029696715153739728e-01,6.597211534995068496e-12,1.446830917470169365e-12,-5.011381158455493479e-01,4.288448800039405817e-02,2.224001425217431382e+00,2.739159411726900473e+00,2.518736221011838250e+00,-1.438928922115678120e+02,-1.772236139387304661e+02,-1.629622334994659525e+02
1.282808083999989321e+02,3.056226436191005646e+00,5.029696715153739728e-01,3.518095338002209157e-12,7.715515985244312529e-13,-5.011381158455493479e-01,4.288448800039405817e-02,2.209218346790293719e+00,2.722920464809408081e+00,2.488928381935032963e+00,-1.429364270373320096e+02,-1.761729540731687109e+02,-1.610336663111966402e+02
1.283858899999995629e+02,3.056226436191005646e+00,5.029696715153739728e-01,1.878016074808343570e-12,4.118666964255093812e-13,-5.011381158455493479e-01,4.288448800039405817e-02,2.194358804672962737e+00,2.706252507328253731e+00,2.458454385949552012e+00,-1.419750146623406977e+02,-1.750945372241380369e+02,-1.590619987709360146e+02
1.284909458000001905e+02,3.056226436191005646e+00,5.029696715153739728e-01,1.001245010044924255e-12,2.195825052465609185e-13,-5.011381158455493479e-01,4.288448800039405817e-02,2.179425145359391802e+00,2.689162704914451307e+00,2.427340806833029330e+00,-1.410088069047526460e+02,-1.739888270079649999e+02,-1.570489502020970178e+02
1.285943129999996017e+02,3.056226436191005646e+00,5.029696715153739728e-01,5.340941877701528191e-13,1.171319093844324725e-13,-5.011381158455493479e-01,4.288448800039405817e-02,2.164419727047507180e+00,2.671658404552084143e+00,2.395614776089143305e+00,-1.400379563399737322e+02,-1.728562987745198427e+02,-1.549962760129675701e+02
1.287012424000004103e+02,3.056226436191005646e+00,5.029696715153739728e-01,2.871021350233346914e-13,6.296421498992699952e-14,-5.011381158455493479e-01,4.288448800039405817e-02,2.149344919266804599e+00,2.653747131419784910e+00,2.363303959288447054e+00,-1.390626162765622666e+02,-1.716974394028600841e+02,-1.529057661659625182e+02
1.288063177999993059e+02,3.056226436191005646e+00,5.029696715153739728e-01,1.514481415417955021e-13,3.321401055790639649e-14,-5.011381158455493479e-01,4.288448800039405817e-02,2.134203102504189875e+00,2.635436585655650976e+00,2.330436531943659961e+00,-1.380829407320210862e+02,-1.705127470919206303e+02,-1.507792436167547976e+02
1.289112158999996609e+02,3.056226436191005646e+00,5.029696715153739728e-01,8.083133106517565147e-14,1.772707579027940041e-14,-5.011381158455493479e-01,4.288448800039405817e-02,2.118996667828056513e+00,2.616734639046893296e+00,2.297041154940174579e+00,-1.370990844084752496e+02,-1.693027311463339970e+02,-1.486185627246292995e+02
1.290284195999993244e+02,3.056226436191005646e+00,5.029696715153739728e-01,4.110302804518575111e-14,9.014282998500616484e-15,-5.011381158455493479e-01,4.288448800039405817e-02,2.103728016510717058e+00,2.597649331645746074e+00,2.263146949543311859e+00,-1.361112026682434077e+02,-1.680679117574797772e+02,-1.464256076354522804e+02
1.291330244999990100e+02,3.056226436191005646e+00,5.029696715153739728e-01,2.182237648800077251e-14,4.785853663783907397e-15,-5.011381158455493479e-01,4.288448800039405817e-02,2.088399559649217974e+00,2.578188868312985438e+00,2.228783472004192578e+00,-1.351194515093044117e+02,-1.668088197798501540e+02,-1.442022906386712577e+02
1.292368808999999601e+02,3.056226436191005646e+00,5.029696715153739728e-01,1.166743231520607879e-14,2.558778312865381089e-15,-5.011381158455493479e-01,4.288448800039405817e-02,2.073013717784586873e+00,2.558361615190645200e+00,2.193980687786216688e+00,-1.341239875406627675e+02,-1.655259965028347438e+02,-1.419505504997682124e+02
1.293416328999992402e+02,3.056226436191005646e+00,5.029696715153739728e-01,6.254363820280718747e-15,1.371641169346823294e-15,-5.011381158455493479e-01,4.288448800039405817e-02,2.057572920519616488e+00,2.538176096105363655e+00,2.158768945434748954e+00,-1.331249679576191909e+02,-1.642199934180170260e+02,-1.396723507696282525e+02
1.294469678000004933e+02,3.056226436191005646e+00,5.029696715153739728e-01,3.335795618559287048e-15,7.315715449916540403e-16,-5.011381158455493479e-01,4.288448800039405817e-02,2.042079606135188907e+00,2.517640988903945942e+00,2.123178950112702079e+00,-1.321225505169467169e+02,-1.628913719820853032e+02,-1.373696780722918334e+02
1.295507326999995712e+02,3.056226436191005646e+00,5.029696715153739728e-01,1.775469827218475528e-15,3.893773339582675278e-16,-5.011381158455493479e-01,4.288448800039405817e-02,2.026536221205246679e+00,2.496765121722724246e+00,2.087241736825228955e+00,-1.311168935119794696e+02,-1.615407033754602537e+02,-1.350445403725923086e+02
1.296588625999993383e+02,3.056226436191005646e+00,5.029696715153739728e-01,9.526470959107081032e-16,2.089245228064089830e-16,-5.011381158455493479e-01,4.288448800039405817e-02,2.010945220210459627e+00,2.475557469192311455e+00,2.050988643356712160e+00,-1.301081557476167347e+02,-1.601685682567425602e+02,-1.326989652251792791e+02
1.297634140999998635e+02,3.056226436191005646e+00,5.029696715153739728e-01,5.009032898071200708e-16,1.098528313835556508e-16,-5.011381158455493479e-01,4.288448800039405817e-02,1.995309065150617123e+00,2.454027148579344342e+00,2.014451282943722887e+00,-1.290964965152449224e+02,-1.587755565130835862e+02,-1.303349980064588749e+02
1.298677943999991840e+02,3.056226436191005646e+00,5.029696715153739728e-01,2.678642736211239889e-16,5.874516994110921615e-17,-5.011381158455493479e-01,4.288448800039405817e-02,1.979630225155867507e+00,2.432183415866953968e+00,1.977661516707861278e+00,-1.280820755675846385e+02,-1.573622670065919351e+02,-1.279547001309986314e+02
1.299710888999998133e+02,3.056226436191005646e+00,5.029696715153739728e-01,1.432158028650287483e-16,3.140858078542593206e-17,-5.011381158455493479e-01,4.288448800039405817e-02,1.963911176096798439e+00,2.410035661775554061e+00,1.940651425872358171e+00,-1.270650530934628648e+02,-1.559293073168783508e+02,-1.255601472539415795e+02
1.300756433999995352e+02,3.056226436191005646e+00,5.029696715153739728e-01,7.695764412951049450e-17,1.687753958950866163e-17,-5.011381158455493479e-01,4.288448800039405817e-02,1.948154400193475189e+00,2.387593407725736583e+00,1.903453283786744832e+00,-1.260455896925178507e+02,-1.544772934798551773e+02,-1.231534274610023942e+02
1.301804556999995839e+02,3.056226436191005646e+00,5.029696715153739728e-01,4.113200796190128652e-17,9.020638568466401284e-18,-5.011381158455493479e-01,4.288448800039405817e-02,1.932362385623475731e+00,2.364866301744981136e+00,1.866099527784066403e+00,-1.250238463498388910e+02,-1.530068497229002844e+02,-1.207366394476291021e+02
1.302863349999988714e+02,3.056226436191005646e+00,5.029696715153739728e-01,2.195490805599678226e-17,4.814919090760180924e-18,-5.011381158455493479e-01,4.288448800039405817e-02,1.916537626128963279e+00,2.341864114319898604e+00,1.828622730895007598e+00,-1.239999844105439308e+02,-1.515186081964974392e+02,-1.183118906889069990e+02
1.303911504999996396e+02,3.056226436191005646e+00,5.029696715153739728e-01,1.166143096672151647e-17,2.557462160353381432e-18,-5.011381158455493479e-01,4.288448800039405817e-02,1.900682620622912378e+00,2.318596734195883080e+00,1.791055573443745663e+00,-1.229741655543024308e+02,-1.500132087024736336e+02,-1.158812956018103506e+02
1.304945662999998603e+02,3.056226436191005646e+00,5.029696715153739728e-01,6.226550255070714390e-18,1.365541391303107912e-18,-5.011381158455493479e-01,4.288448800039405817e-02,1.884799872794487907e+00,2.295074164125869398e+00,1.753430814550184236e+00,-1.219465517698033779e+02,-1.484912984189437566e+02,-1.134469737013969279e+02
1.305997523000005458e+02,3.056226436191005646e+00,5.029696715153739728e-01,3.338932721869821206e-18,7.322595414333176144e-19,-5.011381158455493479e-01,4.288448800039405817e-02,1.868891890713687776e+00,2.271306516570115175e+00,1.715781263563568304e+00,-1.209173053291756048e+02,-1.469535316220864445e+02,-1.110110477525628738e+02
1.307030269999995653e+02,3.056226436191005646e+00,5.029696715153739728e-01,1.784056296888287315e-18,3.912604280085802373e-19,-5.011381158455493479e-01,4.288448800039405817e-02,1.852961186435298613e+00,2.247304009348815690e+00,1.678139751452216721e+00,-1.198865887623638287e+02,-1.454005694048683779e+02,-1.085756419189584250e+02
1.308066235999995115e+02,3.056226436191005646e+00,5.029696715153739728e-01,9.575098535479673985e-19,2.099909715713804969e-19,-5.011381158455493479e-01,4.288448800039405817e-02,1.837010275602193765e+00,2.223076961249404793e+00,1.640539102174402686e+00,-1.188545648314619427e+02,-1.438330793928365097e+02,-1.061428799106838596e+02
1.309115244000004168e+02,3.056226436191005646e+00,5.029696715153739728e-01,5.143245404853836895e-19,1.127962386594061058e-19,-5.011381158455493479e-01,4.288448800039405817e-02,1.821041677048111262e+00,2.198635787590469182e+00,1.603012104055427489e+00,-1.178213965050127996e+02,-1.422517354571033650e+02,-1.037148831323861629e+02
1.310188029000000824e+02,3.056226436191005646e+00,5.029696715153739728e-01,2.740438267069581984e-19,6.010040440847569616e-20,-5.011381158455493479e-01,4.288448800039405817e-02,1.805057912399872677e+00,2.173990995744143007e+00,1.565591481195686807e+00,-1.167872469322717706e+02,-1.406572174246460634e+02,-1.012937688333609429e+02
1.311227099999996426e+02,3.056226436191005646e+00,5.029696715153739728e-01,1.446692504923083334e-19,3.172733560371799924e-20,-5.011381158455493479e-01,4.288448800039405817e-02,1.789061505679202968e+00,2.149153180618948333e+00,1.528309864934742190e+00,-1.157522794174444414e+02,-1.390502107860459660e+02,-9.888164826127781737e+01
1.312267775000000256e+02,3.056226436191005646e+00,5.029696715153739728e-01,7.763738825994513125e-20,1.702661390957022123e-20,-5.011381158455493479e-01,4.288448800039405817e-02,1.773054982904164412e+00,2.124133020105008818e+00,1.491199765396360011e+00,-1.147166573938994389e+02,-1.374314064007940885e+02,-9.648062482114450233e+01
1.313307349000006070e+02,3.056226436191005646e+00,5.029696715153739728e-01,4.157037587747748883e-20,9.116776800523721425e-21,-5.011381158455493479e-01,4.288448800039405817e-02,1.757040871690251915e+00,2.098941270483546617e+00,1.454293543139165923e+00,-1.136805443983593022e+02,-1.358015002002854601e+02,-9.409279224110403561e+01
1.314345372999996471e+02,3.056226436191005646e+00,5.029696715153739728e-01,2.228100461596451240e-20,4.886435152135393061e-21,-5.011381158455493479e-01,4.288448800039405817e-02,1.741021700851272280e+00,2.073588761802740876e+00,1.417623380937772737e+00,-1.126441040450773272e+02,-1.341611928886373448e+02,-9.172023274667390069e+01
1.315437660999996297e+02,3.056226436191005646e+00,5.029696715153739728e-01,1.194880939135287761e-20,2.620486968268809809e-21,-5.011381158455493479e-01,4.288448800039405817e-02,1.724999999999998535e+00,2.048086393221812074e+00,1.381221255718888763e+00,-1.116074999999999164e+02,-1.325111896414512387e+02,-8.936501524501210270e+01
1.316486134000006132e+02,3.056226436191005646e+00,5.029696715153739728e-01,6.246918716009051061e-21,1.370008387528792546e-21,-5.011381158455493479e-01,4.288448800039405817e-02,1.708978299148722790e+00,2.022445128325435881e+00,1.345118910677013613e+00,-1.105708959549223636e+02,-1.308521998026557185e+02,-8.702919352080277804e+01
1.317533958999993047e+02,3.056226436191005646e+00,5.029696715153739728e-01,3.338939189850104407e-21,7.322609599225984361e-22,-5.011381158455493479e-01,4.288448800039405817e-02,1.692959128309743155e+00,1.996675990410460066e+00,1.309347827593875024e+00,-1.095344556016403885e+02,-1.291849365795567621e+02,-8.471480444532372189e+01
1.318568689999992785e+02,3.056226436191005646e+00,5.029696715153739728e-01,1.781832707906073122e-21,3.907727739034862184e-22,-5.011381158455493479e-01,4.288448800039405817e-02,1.676945017095830437e+00,1.970790057746911073e+00,1.273939199385820897e+00,-1.084983426061002376e+02,-1.275101167362251573e+02,-8.242386620026262278e+01
1.319609975000003033e+02,3.056226436191005646e+00,5.029696715153739728e-01,9.565273551161977266e-22,2.097755003681440754e-22,-5.011381158455493479e-01,4.288448800039405817e-02,1.660938494320791881e+00,1.944798458815427455e+00,1.238923902903184437e+00,-1.074627205825552352e+02,-1.258284602853581617e+02,-8.015837651783603235e+01
1.320652305000003253e+02,3.056226436191005646e+00,5.029696715153739728e-01,5.119764751536136305e-22,1.122812857129644304e-22,-5.011381158455493479e-01,4.288448800039405817e-02,1.644942087600124614e+00,1.918712367523045526e+00,1.204332472005184229e+00,-1.064277530677280623e+02,-1.241406901787410533e+02,-7.792031093873542602e+01
1.321743592999991961e+02,3.056226436191005646e+00,5.029696715153739728e-01,2.741830229802246177e-22,6.013093146838427815e-23,-5.011381158455493479e-01,4.288448800039405817e-02,1.628958322951883586e+00,1.892542998399499465e+00,1.170195070933922388e+00,-1.053936034949868770e+02,-1.224475319964476228e+02,-7.571162108942478142e+01
1.322792396999993798e+02,3.056226436191005646e+00,5.029696715153739728e-01,1.433034784416381622e-22,3.142780886902952235e-23,-5.011381158455493479e-01,4.288448800039405817e-02,1.612989724397801305e+00,1.866301601776051644e+00,1.136541468010765055e+00,-1.043604351685377480e+02,-1.207497136349105489e+02,-7.353423298029650823e+01
1.323836993000004441e+02,3.056226436191005646e+00,5.029696715153739728e-01,7.669494302435145586e-23,1.681992675126911661e-23,-5.011381158455493479e-01,4.288448800039405817e-02,1.597038813564698678e+00,1.839999458948915922e+00,1.103401009677891009e+00,-1.033284112376360042e+02,-1.190479649939948672e+02,-7.139004532615955156e+01
1.324870350000001054e+02,3.056226436191005646e+00,5.029696715153739728e-01,4.091973735183854916e-23,8.974085615013276600e-24,-5.011381158455493479e-01,4.288448800039405817e-02,1.581108109286309293e+00,1.813647877329362501e+00,1.070802594907773075e+00,-1.022976946708242139e+02,-1.173430176632097641e+02,-6.928092789053292222e+01
1.325907881000002817e+02,3.056226436191005646e+00,5.029696715153739728e-01,2.202867767062666548e-23,4.831097465312855129e-24,-5.011381158455493479e-01,4.288448800039405817e-02,1.565200127205511604e+00,1.787258185582642378e+00,1.038774650002814548e+00,-1.012684482301966113e+02,-1.156356046071969672e+02,-6.720871985518211034e+01
1.326938735000003362e+02,3.056226436191005646e+00,5.029696715153739728e-01,1.178684365743772280e-23,2.584966350177948058e-24,-5.011381158455493479e-01,4.288448800039405817e-02,1.549317379377084691e+00,1.760841728757706726e+00,1.007345103807236075e+00,-1.002408344456973879e+02,-1.139264598506236297e+02,-6.517522821632817909e+01
1.328014901000005921e+02,3.056226436191005646e+00,5.029696715153739728e-01,6.352270120559894413e-24,1.393112947462110269e-24,-5.011381158455493479e-01,4.288448800039405817e-02,1.533462373871034012e+00,1.734409863409952957e+00,9.765413633526859316e-01,-9.921501558945590205e+01,-1.122163181626239634e+02,-6.318222620891878449e+01
1.329046693000000232e+02,3.056226436191005646e+00,5.029696715153739728e-01,3.344212388067672986e-24,7.334174221907334632e-25,-5.011381158455493479e-01,4.288448800039405817e-02,1.517637614376521338e+00,1.707973952718955468e+00,9.463902899588775286e-01,-9.819115365016094188e+01,-1.105059147409164240e+02,-6.123145176033937531e+01
1.330094737999988865e+02,3.056226436191005646e+00,5.029696715153739728e-01,1.799804578643365145e-24,3.947141752197182607e-25,-5.011381158455493479e-01,4.288448800039405817e-02,1.501845599806522102e+00,1.681545361603418387e+00,9.169181758101647706e-01,-9.716941030748198216e+01,-1.087959848957411708e+02,-5.932460597491766663e+01
1.331135725000003731e+02,3.056226436191005646e+00,5.029696715153739728e-01,9.605673185596265135e-25,2.106615025805024676e-25,-5.011381158455493479e-01,4.288448800039405817e-02,1.486088823903201073e+00,1.655135451835312965e+00,8.881507210283430265e-01,-9.614994690653711018e+01,-1.070872637337447486e+02,-5.746335165053379512e+01
1.332177577999991627e+02,3.056226436191005646e+00,5.029696715153739728e-01,5.144412737535911024e-25,1.128218393697431897e-25,-5.011381158455493479e-01,4.288448800039405817e-02,1.470369774844129784e+00,1.628755577155413858e+00,8.601130112617408896e-01,-9.513292443241519436e+01,-1.053804858419552772e+02,-5.564931182863463732e+01
1.333229388999989169e+02,3.056226436191005646e+00,5.029696715153739728e-01,2.751107447168674848e-25,6.033438962404050408e-26,-5.011381158455493479e-01,4.288448800039405817e-02,1.454690934849379946e+00,1.602417078392288197e+00,8.328294958102028245e-01,-9.411850348475488204e+01,-1.036763849719810509e+02,-5.388406837892012646e+01
1.334321507999993628e+02,3.056226436191005646e+00,5.029696715153739728e-01,1.464544318176325244e-25,3.211884276110845499e-26,-5.011381158455493479e-01,4.288448800039405817e-02,1.439054779789535221e+00,1.576131278586789142e+00,8.063239663049089900e-01,-9.310684425238292761e+01,-1.019756937245652608e+02,-5.216916061992761655e+01
1.335372241000004578e+02,3.056226436191005646e+00,5.029696715153739728e-01,7.677747010794550407e-26,1.683802572163548460e-26,-5.011381158455493479e-01,4.288448800039405817e-02,1.423463778794748391e+00,1.549909478124265494e+00,7.806195359617317253e-01,-9.209810648802022115e+01,-1.002791432346399887e+02,-5.050608397672404237e+01
1.336419843000003311e+02,3.056226436191005646e+00,5.029696715153739728e-01,4.091425252928070905e-26,8.972882741524771031e-27,-5.011381158455493479e-01,4.288448800039405817e-02,1.407920393864808384e+00,1.523762949876442896e+00,7.557386194261435097e-01,-9.109244948305310174e+01,-9.858746285700586043e+01,-4.889628867687148528e+01
1.337457009999998263e+02,3.056226436191005646e+00,5.029696715153739728e-01,2.187201799543088691e-26,4.796740516109124260e-27,-5.011381158455493479e-01,4.288448800039405817e-02,1.392427079480378360e+00,1.497702934355178428e+00,7.317029132273489278e-01,-9.009003204238048568e+01,-9.690137985278005317e+01,-4.734117848580947907e+01
1.338491758999989543e+02,3.056350707489788654e+00,5.029799877051241985e-01,5.552106629085732954e-04,4.610825229041016116e-05,-5.011537200196750641e-01,4.282308889241849548e-02,1.376986282215408419e+00,1.471740634880126075e+00,7.085333768585706515e-01,-8.909101245933692326e+01,-9.522161907674416170e+01,-4.584210948274952102e+01
1.339522469000003184e+02,3.056350707489788654e+00,5.029799877051241985e-01,2.982237779005018474e-04,2.476641410019154513e-05,-5.011537200196750641e-01,4.282308889241849548e-02,1.361600440350777319e+00,1.445887212762347884e+00,6.862502145000366482e-01,-8.809554849069529325e+01,-9.354890266572391511e+01,-4.440038887815236990e+01
1.340569328999990830e+02,3.057639604576202430e+00,5.030344359559405509e-01,5.940020741461004422e-03,2.594853337339226044e-04,-5.012627547714556542e-01,4.218168366059777546e-02,1.346271983489278234e+00,1.420153782506046181e+00,6.648728574006965708e-01,-8.710379733175631145e+01,-9.188394972814118944e+01,-4.301727387382506862e+01
1.341611658999991050e+02,3.070290740223503789e+00,5.052366909413559259e-01,5.911625045563495551e-02,1.012269774092755710e-02,-5.039529326777235640e-01,3.599382612189347408e-02,1.331003332171940778e+00,1.394551407030374390e+00,6.444199469338114383e-01,-8.611591559152456909e+01,-9.022747603486523360e+01,-4.169397056661760104e+01
1.342653809999992518e+02,3.092544541093490196e+00,5.096428192811727209e-01,1.296232600606427587e-01,2.600464493109164513e-02,-5.090299138854134098e-01,2.498699691180757132e-02,1.315796897495807638e+00,1.369091092913424124e+00,6.249093183414344832e-01,-8.513205926797876089e+01,-8.858019371149853782e+01,-4.043163289669081450e+01
1.343713962000001629e+02,3.134833848984445837e+00,5.190399744198112009e-01,2.518792157052013869e-01,5.929995246935217124e-02,-5.190281192182966130e-01,3.508063060430482299e-03,1.300655080733192692e+00,1.343783785660477736e+00,6.063579851818401423e-01,-8.415238372343756623e+01,-8.694281093223291634e+01,-3.923136164126506031e+01
1.344766141999989486e+02,-3.101389196269603854e+00,5.311690421703892939e-01,3.312089255847061597e-01,9.104065748005997494e-02,-5.307398309501079048e-01,-2.134907968179526258e-02,1.285580272952488112e+00,1.318640364998450831e+00,5.887821244933888476e-01,-8.317704366002598704e+01,-8.531603161539976554e+01,-3.809420345472226188e+01
1.345813412999996217e+02,-3.056051434050673699e+00,5.442718266260216931e-01,3.643301357601769763e-01,1.132860709325136245e-01,-5.422817403911401879e-01,-4.650091716495807770e-02,1.270574854640603490e+00,1.293671640198682748e+00,5.721970626879586685e-01,-8.220619309524704477e+01,-8.370055512085477289e+01,-3.702114995591092850e+01
1.346903679000006377e+02,-3.012738505752788676e+00,5.585154033235543158e-01,3.719126158379954528e-01,1.304753470039840824e-01,-5.538851901559975754e-01,-7.176804216033091932e-02,1.255641195327034776e+00,1.268888345429951325e+00,5.566172621860678849e-01,-8.123998533765914942e+01,-8.209707594931785479e+01,-3.601313686343859644e+01
1.347951730000004318e+02,-2.993590942041346459e+00,5.652431609879453589e-01,2.726943281497966054e-01,1.002184418428371665e-01,-5.590637667863780358e-01,-8.335187886467047835e-02,1.240781653209703794e+00,1.244301135143821568e+00,5.420563088054215495e-01,-8.027857296266783749e+01,-8.050628344380525903e+01,-3.507104317971077734e+01
1.348981710999996722e+02,-2.989836992254769843e+00,5.664557523510543868e-01,1.617492717667151081e-01,5.928615808663152686e-02,-5.599455848386013512e-01,-8.563329604397872108e-02,1.225998574782563910e+00,1.219920579494236268e+00,5.285268999138834634e-01,-7.932210778843189303e+01,-7.892886149327709688e+01,-3.419569042442826401e+01
1.350019511999998940e+02,-2.989782672795483265e+00,5.664018756369517682e-01,8.743382505637906088e-02,3.171655726765261474e-02,-5.598876753813316620e-01,-8.565556421590825309e-02,1.211294294465077970e+00,1.195757159793390478e+00,5.160408333571993023e-01,-7.837074085189054529e+01,-7.736548823863236635e+01,-3.338784191821079617e+01
1.351051250999989861e+02,-2.989782672795483265e+00,5.664018756369517682e-01,4.677389862933759718e-02,1.696719814730934806e-02,-5.598876753813316620e-01,-8.565556421590825309e-02,1.196671134233561418e+00,1.171821264005719954e+00,5.046089971710741029e-01,-7.742462238491143012e+01,-7.581683578117008437e+01,-3.264820211696849839e+01
1.352092738999999710e+02,-2.989782672795483265e+00,5.664018756369517682e-01,2.517368292756550635e-02,9.131735408979555282e-03,-5.598876753813316620e-01,-8.565556421590825309e-02,1.182131403254532032e+00,1.148123182282099197e+00,4.942413600866477630e-01,-7.648390179056822546e+01,-7.428356989365181562e+01,-3.197741599760611209e+01
1.353122913999995944e+02,-2.989597108778642376e+00,5.664435057244014970e-01,1.429058527942715130e-02,5.071831898755678990e-03,-5.599129212812377077e-01,-8.576576099855084956e-02,1.167677397520061167e+00,1.124673102536050573e+00,4.849469628376306130e-01,-7.554872761954796090e+01,-7.276634973408248186e+01,-3.137606849559470135e+01
1.354186783000004652e+02,-2.989597108778642376e+00,5.664435057244014970e-01,7.704290260002475202e-03,2.734308240979167141e-03,-5.599129212812377077e-01,-8.576576099855084956e-02,1.153311399485206223e+00,1.101481106063906479e+00,4.767339102766243730e-01,-7.461924754669284710e+01,-7.126582756233474925e+01,-3.084468399489759705e+01
1.355219488000002457e+02,-2.989503184462500851e+00,5.664701902119869681e-01,4.497205032802251146e-03,1.567111661925634251e-03,-5.599312397809153019e-01,-8.582239285997483869e-02,1.139035677707601391e+00,1.078557163210845271e+00,4.696093643075991420e-01,-7.369560834768181223e+01,-6.978264845974169361e+01,-3.038372587070166730e+01
1.356268103000002156e+02,-2.985366651172553176e+00,5.678305817665939559e-01,2.085818462370500961e-02,6.952809309182200574e-03,-5.609152671996348039e-01,-8.834949129310752658e-02,1.124852486489200221e+00,1.055911129084543543e+00,4.635795376405762447e-01,-7.277795587585126214e+01,-6.831745005176996699e+01,-2.999359608534528476e+01
1.357320196999990003e+02,-2.974858953664313965e+00,5.720683802222437109e-01,5.739605721142853473e-02,2.277559474470448528e-02,-5.641349981600332075e-01,-9.494174793567329573e-02,1.110764065520313260e+00,1.033552739318466251e+00,4.586496883740758257e-01,-7.186643503916427278e+01,-6.687086223390477357e+01,-2.967463483780270650e+01
1.358371076000003086e+02,-2.947340854915632136e+00,5.826725928260375609e-01,1.493717766206741071e-01,6.065205728430465154e-02,-5.717139030561835256e-01,-1.124747237510818759e-01,1.096772639525929183e+00,1.011491605886443823e+00,4.548241154099625927e-01,-7.096118977732761834e+01,-6.544350690085292399e+01,-2.942712026702458061e+01
1.359418296000003465e+02,-2.911571235411713587e+00,5.968710739427517398e-01,2.308601067460146761e-01,9.871242849997510782e-02,-5.811503922757267349e-01,-1.360856365210625918e-01,1.082880417914402926e+00,9.897372129704471444e-01,4.521061547047495743e-01,-7.006236303906187857e+01,-6.403599767918792907e+01,-2.925126820939729910e+01
1.360490513999993709e+02,-2.872605691458214761e+00,6.146111143330053039e-01,2.848849230573621827e-01,1.366164655188629173e-01,-5.925100740862798698e-01,-1.633359543025651728e-01,1.069089594428577872e+00,9.682989128833222603e-01,4.504981763605870881e-01,-6.917009675952898817e+01,-6.264893966355095500e+01,-2.914723201052998647e+01
1.361536973000002035e+02,-2.853855579552248667e+00,6.241074161885854510e-01,2.269036577285523104e-01,1.159730709139114579e-01,-5.984494304962548750e-01,-1.771111122439821828e-01,1.055402346799347413e+00,9.471859220481417818e-01,4.500015825585024221e-01,-6.828453183791778258e+01,-6.128292915651477557e+01,-2.911510239153510682e+01
1.362563778000003367e+02,-2.846012877565082366e+00,6.281624175486244521e-01,1.545219826617448555e-01,8.077647192789901009e-02,-6.009211602609862979e-01,-1.829802775468506448e-01,1.041820836401779804e+00,9.264073170360538345e-01,4.506168063356750242e-01,-6.740580811519515692e+01,-5.993855341223268596e+01,-2.915490736991817400e+01
1.363607943000006344e+02,-2.845850394132714900e+00,6.282146058086125473e-01,8.386599477877364206e-02,4.371218117266882641e-02,-6.009413436278960852e-01,-1.830931251302716778e-01,1.028347207913808070e+00,9.059720306642142784e-01,4.523433112078221185e-01,-6.653406435202337832e+01,-5.861639038397466805e+01,-2.926661223514609134e+01
1.364647439000000304e+02,-2.846012877565082366e+00,6.281624175486244521e-01,4.420270137982312830e-02,2.317453441182284329e-02,-6.009211602609862979e-01,-1.829802775468506448e-01,1.014983588977558693e+00,8.858888481555216021e-01,4.551795916370242612e-01,-6.566943820684805644e+01,-5.731700847566224866e+01,-2.945011957891546928e+01
1.365678824000005989e+02,-2.845923883338961957e+00,6.280673426896624667e-01,2.408309176446356281e-02,1.199376092788386784e-02,-6.008139243709593735e-01,-1.830060524551607448e-01,1.001732089863384578e+00,8.661664033618365899e-01,4.591231743445685076e-01,-6.481206621416097846e+01,-5.604096629751082759e+01,-2.970526938009358275e+01
1.366761081999993621e+02,-2.845923883338961957e+00,6.280673426896624667e-01,1.295491023696442728e-02,6.451750370922843675e-03,-6.008139243709593735e-01,-1.830060524551607448e-01,9.885948031366087463e-01,8.468131750522082113e-01,4.641706204676951941e-01,-6.396208376293859033e+01,-5.478881242587787170e+01,-3.003183914425988021e+01
1.367808079999995243e+02,-2.845923883338961957e+00,6.280673426896624667e-01,6.799374329165698561e-03,3.386196048280539894e-03,-6.008139243709593735e-01,-1.830060524551607448e-01,9.755738033270976439e-01,8.278374832678410122e-01,4.703175285583272025e-01,-6.311962507526322241e+01,-5.356108516742931869e+01,-3.042954409772377034e+01
1.368846350000003440e+02,-2.845923883338961957e+00,6.280673426896624667e-01,3.627313156169628509e-03,1.806459371211695340e-03,-6.008139243709593735e-01,-1.830060524551607448e-01,9.626711466016650842e-01,8.092474857452632842e-01,4.775585384212075457e-01,-6.228482318512773475e+01,-5.235831232771853649e+01,-3.089803743585212814e+01
1.369893377999997028e+02,-2.846086395958933313e+00,6.280151566927907325e-01,1.220875573420482927e-03,7.363142904589625032e-04,-6.007937332440410616e-01,-1.828932123687442290e-01,9.498888704393768645e-01,7.910511744092735276e-01,4.858873357880608701e-01,-6.145780991742768862e+01,-5.118101098428000029e+01,-3.143691062548753834e+01
1.370947082000002410e+02,-2.846156742725860944e+00,6.279785568094036208e-01,3.394245451893258760e-04,2.306104829177906793e-04,-6.007715834986897541e-01,-1.828402917108213344e-01,9.372289933098233439e-01,7.732563719371998712e-01,4.952966578237334438e-01,-6.063871586714557083e+01,-5.002968726433683599e+01,-3.204569376119555812e+01
1.372052215000003343e+02,-2.846156742725860944e+00,6.279785568094036208e-01,1.804439510283188609e-04,1.225965160033553225e-04,-6.007715834986897541e-01,-1.828402917108213344e-01,9.246935143543572044e-01,7.558707283958577827e-01,5.057782994594908210e-01,-5.982767037872691418e+01,-4.890483612721200046e+01,-3.272385597502906052e+01
1.373101991000003181e+02,-2.846156742725860944e+00,6.279785568094036208e-01,9.381846736978495158e-05,6.374177228310088468e-05,-6.007715834986897541e-01,-1.828402917108213344e-01,9.122844130704181875e-01,7.389017179527741508e-01,5.173231205479700279e-01,-5.902480152565605920e+01,-4.780694115154449264e+01,-3.347080589945366569e+01
1.374160909999991418e+02,-2.846156742725860944e+00,6.279785568094036208e-01,4.986659274530445905e-05,3.388016334542061874e-05,-6.007715834986897541e-01,-1.828402917108213344e-01,9.000036489989569066e-01,7.223566356630135576e-01,5.299210538335039633e-01,-5.823023609023251623e+01,-4.673647432739697649e+01,-3.428589218302770547e+01
1.375208124000000680e+02,-2.846156742725860944e+00,6.279785568094036208e-01,2.660483373484422967e-05,1.807575098058318246e-05,-6.007715834986897541e-01,-1.828402917108213344e-01,8.878531614149763884e-01,7.062425943329777578e-01,5.435611137309459551e-01,-5.744409954354897252e+01,-4.569389585334366188e+01,-3.516840405839220551e+01
1.376243835000004765e+02,-2.846156742725860944e+00,6.279785568094036208e-01,1.422778615036244234e-05,9.666586230986926514e-06,-6.007715834986897541e-01,-1.828402917108213344e-01,8.758348690213256793e-01,6.905665214626113269e-01,5.582314059052244648e-01,-5.666651602567977619e+01,-4.467965393863095613e+01,-3.611757196206802689e+01
1.377334014999996725e+02,-2.846156742725860944e+00,6.279785568094036208e-01,7.636155181928353818e-06,5.188126371819814795e-06,-6.007715834986897541e-01,-1.828402917108213344e-01,8.639506696456912271e-01,6.753351562672025299e-01,5.739191376434260583e-01,-5.589760832607622376e+01,-4.369418461048800850e+01,-3.713256820552966531e+01
1.378368107999995118e+02,-2.846156742725860944e+00,6.279785568094036208e-01,3.998306242743981960e-06,2.716513424148806904e-06,-6.007715834986897541e-01,-1.828402917108213344e-01,8.522024399409200424e-01,6.605550467801848402e-01,5.906106290101906797e-01,-5.513749786417752574e+01,-4.273791152667796212e+01,-3.821250769695933514e+01
1.379405109999988781e+02,-2.846156742725860944e+00,6.279785568094036208e-01,2.146997133118908203e-06,1.458704306182374937e-06,-6.007715834986897541e-01,-1.828402917108213344e-01,8.405920350886726400e-01,6.462325470381029557e-01,6.082913247768517717e-01,-5.438630467023712356e+01,-4.181124579336526637e+01,-3.935644871306231352e+01
1.380445878999998968e+02,-2.846156742725860944e+00,6.279785568094036208e-01,1.153670494062296704e-06,7.838222471958080094e-07,-6.007715834986897541e-01,-1.828402917108213344e-01,8.291212885064636051e-01,6.323738143489785468e-01,6.269458071137847810e-01,-5.364414736636819470e+01,-4.091458578837891480e+01,-4.056339372026187817e+01
1.381496575999990455e+02,-2.846156742725860944e+00,6.279785568094036208e-01,6.174627524886222866e-07,4.195141027756982476e-07,-6.007715834986897541e-01,-1.828402917108213344e-01,8.177920115581581717e-01,6.189848066452734443e-01,6.465578090349992646e-01,-5.291114314781283667e+01,-4.004831698994919265e+01,-4.183229024456445444e+01
1.382550025000000460e+02,-2.846156742725860944e+00,6.279785568094036208e-01,3.287070400296360345e-07,2.233288379231089651e-07,-6.007715834986897541e-01,-1.828402917108213344e-01,8.066059932679165989e-01,6.060712799225200786e-01,6.671102285831842504e-01,-5.218740776443420515e+01,-3.921281181098704849e+01,-4.316203178933202622e+01
1.383636814000001323e+02,-2.846156742725860944e+00,6.279785568094036208e-01,1.751444622405798347e-07,1.189959582774070444e-07,-6.007715834986897541e-01,-1.828402917108213344e-01,7.955650000376989217e-01,5.936387857648115496e-01,6.885851437428884836e-01,-5.147305550243912364e+01,-3.840842943898331185e+01,-4.455145880016488746e+01
1.384674928999993426e+02,-2.846156742725860944e+00,6.279785568094036208e-01,9.191076383855857667e-08,6.244564789010893229e-08,-6.007715834986897541e-01,-1.828402917108213344e-01,7.846707753683275222e-01,5.816926689581443100e-01,7.109638280687502476e-01,-5.076819916633079544e+01,-3.763551568159194005e+01,-4.599935967604814380e+01
1.385715741000003618e+02,-2.846156742725860944e+00,6.279785568094036208e-01,4.936261591516927319e-08,3.353775339945743876e-08,-6.007715834986897541e-01,-1.828402917108213344e-01,7.739250395841646979e-01,5.702380651926677313e-01,7.342267670152825554e-01,-5.007295006109546165e+01,-3.689440281796560583e+01,-4.750447182588878547e+01
1.386755792000003566e+02,-2.846156742725860944e+00,6.279785568094036208e-01,2.642814207852566746e-08,1.795570383382059323e-08,-6.007715834986897541e-01,-1.828402917108213344e-01,7.633294895614652908e-01,5.592798988548428607e-01,7.583536749537811428e-01,-4.938741797462680694e+01,-3.618540945590833502e+01,-4.906548276950964294e+01
1.387800391000000673e+02,-2.846156742725860944e+00,6.279785568094036208e-01,1.415031482798157004e-08,9.613950971340139149e-09,-6.007715834986897541e-01,-1.828402917108213344e-01,7.528857984604022668e-01,5.488228809104016559e-01,7.833235128617731524e-01,-4.871171116038802751e+01,-3.550884039490298960e+01,-5.068103128215672371e+01
1.388842069000002084e+02,-2.846156742725860944e+00,6.279785568094036208e-01,7.562541132537373317e-09,5.138111805341956702e-09,-6.007715834986897541e-01,-1.828402917108213344e-01,7.425956154608677195e-01,5.388715068790965734e-01,8.091145066692889687e-01,-4.804593632031814110e+01,-3.486498649507755232e+01,-5.234970858150300188e+01
1.389905218999992940e+02,-2.846156742725860944e+00,6.279785568094036208e-01,4.049134297159210501e-09,2.751046819981832867e-09,-6.007715834986897541e-01,-1.828402917108213344e-01,7.324605655020446360e-01,5.294300549020585223e-01,8.357041662462283416e-01,-4.739019858798229023e+01,-3.425412455216319074e+01,-5.407005955613097825e+01
1.390948363999996218e+02,-2.846156742725860944e+00,6.279785568094036208e-01,2.149314242775352423e-09,1.460278587666785059e-09,-6.007715834986897541e-01,-1.828402917108213344e-01,7.224822490258082652e-01,5.205025839025927414e-01,8.630693050140454403e-01,-4.674460151196979751e+01,-3.367651717849775395e+01,-5.584058403440874230e+01
1.391995363999994879e+02,-2.846156742725860944e+00,6.279785568094036208e-01,1.147211560522223660e-09,7.794339440989315435e-10,-6.007715834986897541e-01,-1.828402917108213344e-01,7.126622417240080498e-01,5.120929318412401621e-01,8.911860601648144975e-01,-4.610924703954331960e+01,-3.313241269012824119e+01,-5.765973809266350258e+01
1.393035191999988456e+02,-2.846156742725860944e+00,6.279785568094036208e-01,6.133569318867685918e-10,4.167245423706333514e-10,-6.007715834986897541e-01,-1.828402917108213344e-01,7.030020942896311187e-01,5.042047140658163507e-01,9.200299134699405634e-01,-4.548423550053913544e+01,-3.262204500005832131e+01,-5.952593540150515850e+01
1.394103697999998985e+02,-2.846156742725860944e+00,6.279785568094036208e-01,3.283036934356630255e-10,2.230547977744583350e-10,-6.007715834986897541e-01,-1.828402917108213344e-01,6.935033321719412669e-01,4.968413217571536755e-01,9.495757126604466025e-01,-4.486966559152460121e+01,-3.214563351768784116e+01,-6.143754860913089999e+01
1.395168954999990092e+02,-2.846156742725860944e+00,6.279785568094036208e-01,1.734293790911159600e-10,1.178307032628605185e-10,-6.007715834986897541e-01,-1.828402917108213344e-01,6.841674553355903132e-01,4.900059204712221561e-01,9.797976933600780480e-01,-4.426563436021269382e+01,-3.170338305448807503e+01,-6.339291076039705075e+01
1.396263823999997840e+02,-2.846156742725860944e+00,6.279785568094036208e-01,9.204859903047088495e-11,6.253929533140470199e-11,-6.007715834986897541e-01,-1.828402917108213344e-01,6.749959380237529061e-01,4.837014487782380634e-01,1.010669501552285077e+00,-4.367223719013681205e+01,-3.129548373595200417e+01,-6.539031675043284508e+01
1.397324260999994294e+02,-2.846156742725860944e+00,6.279785568094036208e-01,4.810787147374675262e-11,3.268525989044069326e-11,-6.007715834986897541e-01,-1.828402917108213344e-01,6.659902285253374021e-01,4.779306169993688957e-01,1.042164216561230816e+00,-4.308956778558933109e+01,-3.092211091985916838e+01,-6.742802481151163363e+01
1.398381960999995499e+02,-2.846156742725860944e+00,6.279785568094036208e-01,2.552524262849741727e-11,1.734225945819041824e-11,-6.007715834986897541e-01,-1.828402917108213344e-01,6.571517489462683770e-01,4.726959060415401037e-01,1.074254374527122025e+00,-4.251771815682356248e+01,-3.058342512088764664e+01,-6.950425803190479712e+01
1.399491335000002437e+02,-2.846156742725860944e+00,6.279785568094036208e-01,1.356911284368376815e-11,9.219073016368045923e-12,-6.007715834986897541e-01,-1.828402917108213344e-01,6.484818949849304737e-01,4.679995663308900156e-01,1.106911992355016583e+00,-4.195677860552500249e+01,-3.027957194160858378e+01,-7.161720590536957332e+01
1.400603453000003356e+02,-2.846156742725860944e+00,6.279785568094036208e-01,7.044589844494191220e-12,4.786207388420944207e-12,-6.007715834986897541e-01,-1.828402917108213344e-01,6.399820357117680381e-01,4.638436168453010655e-01,1.140108592116564790e+00,-4.140683771055139317e+01,-3.001068200989098145e+01,-7.376502590994174113e+01
1.401660336000004463e+02,-2.846456143658390392e+00,6.279344016078080015e-01,-1.294876706159918444e-03,-1.908313317023258742e-04,-6.007840530862387229e-01,-1.826475685023685736e-01,6.316535133530918333e-01,4.602298442464292094e-01,1.173815225883140689e+00,-4.086798231394504199e+01,-2.977687092274397074e+01,-7.594584511463921217e+01
1.402777526999998372e+02,-2.846456143658390392e+00,6.279344016078080015e-01,-6.890357270167052524e-04,-1.015460427634251047e-04,-6.007840530862387229e-01,-1.826475685023685736e-01,6.234976430791339119e-01,4.571598021116152211e-01,1.208002500968857307e+00,-4.034029750721996521e+01,-2.957823919662150658e+01,-7.815776181268506662e+01
1.403847067999995488e+02,-2.846456143658390392e+00,6.279344016078080015e-01,-3.569476738837170943e-04,-5.260485390712153216e-05,-6.007840530862387229e-01,-1.826475685023685736e-01,6.155157127963541974e-01,4.546348102659871770e-01,1.242640605561498912e+00,-3.982386661792411786e+01,-2.941487222420937186e+01,-8.039884717982897655e+01
1.404910132999993948e+02,-2.846456143658390392e+00,6.279344016078080015e-01,-1.888062594925224078e-04,-2.782515876707970922e-05,-6.007840530862387229e-01,-1.826475685023685736e-01,6.077089829440738278e-01,4.526559542150672133e-01,1.277699334718775059e+00,-3.931877119648157759e+01,-2.928684023771484846e+01,-8.266714695630474807e+01
1.405970790999999736e+02,-2.846456143658390392e+00,6.279344016078080015e-01,-1.000152345975642180e-04,-1.473965846939605958e-05,-6.007840530862387229e-01,-1.826475685023685736e-01,6.000786862954350376e-01,4.512240846781052639e-01,1.313148116707544499e+00,-3.882509100331464680e+01,-2.919419827867341155e+01,-8.496068315097812729e+01
1.407038799000001745e+02,-2.846456143658390392e+00,6.279344016078080015e-01,-5.309993634122761049e-05,-7.825557072036588656e-06,-6.007840530862387229e-01,-1.826475685023685736e-01,5.926260277627295459e-01,4.503398172223527229e-01,1.348956039662807083e+00,-3.834290399624860157e+01,-2.913698617428622129e+01,-8.727745576618362122e+01
1.408105675000006158e+02,-2.846456143658390392e+00,6.279344016078080015e-01,-2.814951759192984776e-05,-4.148510744916124764e-06,-6.007840530862387229e-01,-1.826475685023685736e-01,5.853521842071378600e-01,4.500035319984259097e-01,1.385091878543255106e+00,-3.787228631820182301e+01,-2.911522852029815667e+01,-8.961544454174861585e+01
1.409152985000000626e+02,-2.845902194594760903e+00,6.266733815913263506e-01,2.431604087159568595e-03,-5.559896600554823688e-03,-5.994764902401366058e-01,-1.826128824712964227e-01,5.782583042528766093e-01,4.502153735768776865e-01,1.421524122360044107e+00,-3.741331228516111906e+01,-2.912893467042398754e+01,-9.197261071669485943e+01
1.410199592999997549e+02,-2.843257913144839666e+00,6.192844259402517926e-01,1.323527407707248207e-02,-3.584116364843459995e-02,-5.919289497116465570e-01,-1.820255990387457112e-01,5.713455081058251839e-01,4.509752508860460640e-01,1.458221001654835591e+00,-3.696605437444689102e+01,-2.917809873232718232e+01,-9.434689880706787335e+01
1.411249760999999125e+02,-2.841172325067587767e+00,6.120511016465318699e-01,1.658265956006252026e-02,-5.123738842184196590e-02,-5.846386726846155568e-01,-1.811192243476771047e-01,5.646148873766312359e-01,4.522828372512071038e-01,1.495150516203183511e+00,-3.653058321326804503e+01,-2.926269957015309942e+01,-9.673623839834597504e+01
1.412313854000003630e+02,-2.862739493151341907e+00,5.869969888509997125e-01,-9.186138502258854588e-02,-1.383658007904061127e-01,-5.643223176162178722e-01,-1.615728527952675631e-01,5.580675049083292372e-01,4.541375705350132463e-01,1.532280462919285657e+00,-3.610696756756890125e+01,-2.938270081361535802e+01,-9.913854595087778421e+01
1.413369562999996560e+02,-2.894131650947131984e+00,5.527131268746873216e-01,-2.031326091485541052e-01,-2.226123111513538810e-01,-5.358760789198891983e-01,-1.353832658087363028e-01,5.517043946085149475e-01,4.565386533791571111e-01,1.569578463937447266e+00,-3.569527433117092130e+01,-2.953805087363146598e+01,-1.015517266167528447e+02
1.414421368000002985e+02,-2.906468375732240705e+00,5.254354383146905283e-01,-1.736978341612539223e-01,-2.380426926119485753e-01,-5.109782906145803327e-01,-1.224074603835585695e-01,5.455265612860658031e-01,4.594850535471628472e-01,1.607011994846185177e+00,-3.529556851520845839e+01,-2.972868296450143788e+01,-1.039736760665481796e+02
1.415464279999996506e+02,-2.899702952584339410e+00,4.997461133282616319e-01,-6.407748569869553545e-02,-2.414469794164236793e-01,-4.851970316764445124e-01,-1.197080541946572707e-01,5.395349804924796100e-01,4.629755043681471616e-01,1.644548413049891966e+00,-3.490791323786343270e+01,-2.995451513261912169e+01,-1.064022823243280129e+02
1.416501619999999093e+02,-2.899074903379209811e+00,4.695572335971646138e-01,-3.336174737083253544e-02,-2.640069396032417859e-01,-4.558163083781704428e-01,-1.127629754836171339e-01,5.337305983678202193e-01,4.670085052813666149e-01,1.682154986233744820e+00,-3.453236971439797287e+01,-3.021545029170442120e+01,-1.088354276093232897e+02
1.417595424999999523e+02,-2.974311786862750218e+00,4.084282022957479996e-01,-4.322734451962974012e-01,-4.073404863559274003e-01,-4.027270151612067361e-01,-6.800402701224092517e-02,5.281143314913099296e-01,4.715823224813184833e-01,1.719798920906707718e+00,-3.416899724748775213e+01,-3.051137626454130825e+01,-1.112709901826639936e+02
1.418625234999999520e+02,-3.065760386959748729e+00,3.582957407425964580e-01,-7.662535487884585272e-01,-4.156527590631507452e-01,-3.572660386491913198e-01,-2.714434493960821149e-02,5.226870667365977052e-01,4.766949896631043071e-01,1.757447390997980197e+00,-3.381785321785787346e+01,-3.084216583120284838e+01,-1.137068461975693197e+02
1.419677983999990829e+02,-3.128616801810763626e+00,3.175807820856003105e-01,-8.253210387981684271e-01,-3.928813405080239796e-01,-3.175540464891912773e-01,-4.120765516516623934e-03,5.174496611317012107e-01,4.823443088677632495e-01,1.795067566481800103e+00,-3.347899307522106938e+01,-3.120767678374428300e+01,-1.161408715513724701e+02
1.420723710999991454e+02,-3.140918889177802154e+00,2.852872573954690627e-01,-5.589794303752998461e-01,-3.506694458336518383e-01,-2.852871926411862380e-01,-1.922163866845635373e-04,5.124029417236795059e-01,4.885278514271782502e-01,1.832626642005751094e+00,-3.315247032952206752e+01,-3.160775198733843538e+01,-1.185709437377720974e+02
1.421767287000002398e+02,3.122889157391448123e+00,2.554317700034354766e-01,-4.447277491969935381e-01,-3.188364788913427006e-01,-2.553870936366138267e-01,4.777188601195535983e-03,5.075477054480310724e-01,4.952429590081737221e-01,1.870091865497454098e+00,-3.283833654248761036e+01,-3.204221944782884179e+01,-1.209949436976852866e+02
1.422810277999997197e+02,2.977413485360216328e+00,2.225164094893609668e-01,-1.123763065115122251e+00,-2.948157272397035622e-01,-2.195241971871248476e-01,3.636865877902693833e-02,5.028847190028453706e-01,5.024867447553433841e-01,1.907430566724942711e+00,-3.253664131948409732e+01,-3.251089238567071504e+01,-1.234107576671037947e+02
1.423847958999995171e+02,2.720054733610885123e+00,1.952698257761000811e-01,-2.159109266941886762e+00,-2.070791298229385236e-01,-1.781760532020312537e-01,7.989742751788325714e-02,4.984147187277405688e-01,5.102560945321228392e-01,1.944610185785483392e+00,-3.224743230168481745e+01,-3.301356931622834878e+01,-1.258162790203207777e+02
1.424879940999999235e+02,2.515089819731494813e+00,1.792101995480914201e-01,-2.353257505031844499e+00,-1.162522268523988739e-01,-1.451751181702860549e-01,1.050736916944970817e-01,4.941384104875747862e-01,5.185476682595759890e-01,1.981598301498421089e+00,-3.197075515854609051e+01,-3.355003413639456511e+01,-1.282094101069478427e+02
1.425920041999997920e+02,2.383392458842229722e+00,1.571907756183689997e-01,-2.151349796809623793e+00,-1.237971893118706562e-01,-1.141322547641560742e-01,1.080868556391303276e-01,4.900564695609948007e-01,5.273579013523006509e-01,2.018362659676822268e+00,-3.170665358059636674e+01,-3.412005621749385398e+01,-1.305880640810904083e+02
1.426967411999994511e+02,2.281091080665495596e+00,1.454745085758580025e-01,-1.776261696465227136e+00,-9.601412497609534968e-02,-9.485771132403308936e-02,1.102943663463995388e-01,4.861695405337904674e-01,5.366830062508698429e-01,2.054871201253686053e+00,-3.145516927253624573e+01,-3.472339050443127917e+01,-1.329501667211135043e+02
1.428023317999995925e+02,2.195945973062910284e+00,1.408307113695692336e-01,-1.391119457295474593e+00,-5.738175794594282259e-02,-8.241675512365521927e-02,1.141961809332797673e-01,4.824782371971130246e-01,5.465189740501192883e-01,2.091092090237866241e+00,-3.121634194665321260e+01,-3.535977762104271704e+01,-1.352936582383899520e+02
1.429060128000000987e+02,2.058745184595606403e+00,1.471974060562690756e-01,-1.316393267380415510e+00,1.819737973183696914e-02,-6.900836800533703685e-02,1.300189274487916213e-01,4.789831424505524016e-01,5.568615762225805899e-01,2.126993741475563304e+00,-3.099020931655074307e+01,-3.602894398160096756e+01,-1.376164950734689398e+02
1.430096646999991208e+02,1.880344544579722665e+00,1.682551564301999480e-01,-1.291445058642179955e+00,1.326062792777125410e-01,-5.125529202095586295e-02,1.602582063583565530e-01,4.756848082100846309e-01,5.677063664363657391e-01,2.162544848193031388e+00,-3.077680709119247737e+01,-3.673060190843286676e+01,-1.399166516780891243e+02
1.431193903999992472e+02,1.774962024338939237e+00,1.850789196712661344e-01,-1.013430651708286723e+00,1.623927184510938759e-01,-3.752479837466214663e-02,1.812349194102061967e-01,4.725837553209215613e-01,5.790486824666516430e-01,2.197714409296584570e+00,-3.057616896926362671e+01,-3.746444975559236212e+01,-1.421921222814890200e+02
1.432233168999991904e+02,1.755413323032412265e+00,1.842524832350303510e-01,-6.081867953266282267e-01,8.329193375494695073e-02,-3.382323788496007649e-02,1.811214127519232275e-01,4.696804734752628718e-01,5.908836481999955037e-01,2.232471756405951080e+00,-3.038832663384950905e+01,-3.823017203853971324e+01,-1.444409226394650432e+02
1.433267070999991120e+02,1.703404063594072149e+00,1.828831513371829420e-01,-5.496560933294585283e-01,4.273571728959873334e-02,-2.418070627389508342e-02,1.812775233919378393e-01,4.669754211349674833e-01,6.032061757306024230e-01,2.266786580597634604e+00,-3.021330974743239750e+01,-3.902743956976998163e+01,-1.466610917646669634e+02
1.434314764999999170e+02,1.645969824162593298e+00,1.824213661062809022e-01,-5.460555934791143651e-01,2.530792028848736011e-02,-1.370034001072815630e-02,1.819061722308294993e-01,4.644690254591592460e-01,6.160109675476221902e-01,2.300628958834644244e+00,-3.005114594720760479e+01,-3.985590960033115948e+01,-1.488506936366014770e+02
1.435349879999994300e+02,1.592865480779813936e+00,1.825549206457676432e-01,-5.230026803004659275e-01,1.805516014430045071e-02,-4.028505623549161890e-03,1.825104659859909384e-01,4.621616822367693445e-01,6.292925188125981784e-01,2.333969380059946364e+00,-2.990186084071897810e+01,-4.071522596717510112e+01,-1.510078188898785356e+02
1.436399667000005138e+02,1.543446342245010428e+00,1.829187252375061579e-01,-4.977421493225760996e-01,1.483560057747821369e-02,5.002200628970976913e-03,1.828503159181897597e-01,4.600537558240405112e-01,6.430451197260071972e-01,2.366778770930443088e+00,-2.976547800181542414e+01,-4.160501924627266845e+01,-1.531305864791996783e+02
1.437447692000005190e+02,1.503991689240975482e+00,1.832187420863033989e-01,-4.379968940429482815e-01,1.178375875409399566e-02,1.223075955878651609e-02,1.828100543523318300e-01,4.581455790869892741e-01,6.572628579819337347e-01,2.399028521169435102e+00,-2.964201896692820881e+01,-4.252490691143111690e+01,-1.552171453196624498e+02
1.438515853999997489e+02,1.495528950228765197e+00,1.847495793570231581e-01,-2.671891501979375416e-01,1.340539538353664045e-02,1.389249024674953786e-02,1.842265067446619276e-01,4.564374533488420038e-01,6.719396213097905690e-01,2.430690508515151560e+00,-2.953150323167007940e+01,-4.347449349874344904e+01,-1.572656759009303187e+02
1.439550877000001492e+02,1.438107106711662198e+00,2.115168945631155095e-01,-3.447122176327984122e-01,1.288185405167238673e-01,2.798372720310024833e-02,2.096575963265976950e-01,4.549296483424549731e-01,6.870691001020161615e-01,2.461737123243812775e+00,-2.943394824775683816e+01,-4.445337077660045111e+01,-1.592743918738746913e+02
1.440596153000005870e+02,1.340629528922453240e+00,2.617553154218981715e-01,-4.752283390253790873e-01,3.020594394987756171e-01,5.971683825021364272e-02,2.548523972440032148e-01,4.536224021677170981e-01,7.026447901266117402e-01,2.492141292245704243e+00,-2.934936942025129625e+01,-4.546111792119177863e+01,-1.612415416082970694e+02
1.441650556999993569e+02,1.253549705412951631e+00,2.949783239521433509e-01,-5.197426049801356918e-01,3.184372983489087150e-01,9.201900939426187198e-02,2.802582978463160068e-01,4.525159212539537901e-01,7.186599953233219207e-01,2.521876502633360939e+00,-2.927778010513081242e+01,-4.649730169741893349e+01,-1.631654097203784488e+02
1.442699926000004780e+02,1.160359479104654312e+00,3.067700619124130723e-01,-6.110277577011159478e-01,2.346010574504691637e-01,1.224043015587430033e-01,2.812917664021861164e-01,4.516103803273276984e-01,7.351078306823209951e-01,2.550916824861146903e+00,-2.921919160717810371e+01,-4.756147664514617190e+01,-1.650443185685162177e+02
1.443769541000001482e+02,1.058586252120722548e+00,3.258379206521976323e-01,-6.915558951471432181e-01,2.265044773876191686e-01,1.596947561778652436e-01,2.840210122231100476e-01,4.509059223832485586e-01,7.519812252041037093e-01,2.579236935336270520e+00,-2.917361317819618449e+01,-4.865318527070551369e+01,-1.668766297162567014e+02
1.444805883999997604e+02,1.015125282186966515e+00,3.381889650448883788e-01,-5.208942410223329489e-01,1.805564284195738112e-01,1.783992455005315725e-01,2.873073011306427338e-01,4.504026586637925877e-01,7.692729249393210900e-01,2.606812138501249265e+00,-2.914105201554738045e+01,-4.977195824357407616e+01,-1.686607453610308482e+02
1.445843323999997665e+02,1.006474980817228193e+00,3.737991040619995098e-01,-2.855505187856432481e-01,2.569238823440037622e-01,1.999236507927496242e-01,3.158422138525061595e-01,4.501006686401345380e-01,7.869754961073203159e-01,2.633618388368899943e+00,-2.912151326101670534e+01,-5.091731459814362637e+01,-1.703951097274678261e+02
1.446879876999992121e+02,1.009803746800180591e+00,4.092743988980410696e-01,-1.273216542525233697e-01,2.959706181672179248e-01,2.177449915737032782e-01,3.465438676963145115e-01,4.500000000000001776e-01,8.050813282919379033e-01,2.659632309490715940e+00,-2.911500000000001265e+01,-5.208876194048838215e+01,-1.720782104240493311e+02
1.447918719999997847e+02,1.010511115600091436e+00,4.201283232716349625e-01,-6.386477943934182333e-02,2.077338415205739752e-01,2.232678801981225480e-01,3.558922051504812001e-01,4.501006686401345380e-01,8.235826377132589027e-01,2.684831217340663656e+00,-2.912151326101670534e+01,-5.328579666004785054e+01,-1.737085797619409391e+02
1.448968127999996796e+02,1.010740621063496825e+00,4.201653270001836638e-01,-3.320574983820834963e-02,1.113111259462451902e-01,2.232058527296166273e-01,3.559747874785740840e-01,4.504026586637928098e-01,8.424714705739047016e-01,2.709193138096384068e+00,-2.914105201554739466e+01,-5.450790414613163648e+01,-1.752847960348360630e+02
1.450018435999991198e+02,1.011237906192828717e+00,4.202049076413850170e-01,-1.558052357635407795e-02,5.958484723010974010e-02,2.230498140500568049e-01,3.561192845917502403e-01,4.509059223832490026e-01,8.617397064783816063e-01,2.732696827800714878e+00,-2.917361317819621291e+01,-5.575455900915129348e+01,-1.768054847587062568e+02
1.451080903999991278e+02,1.009439225864932510e+00,4.208163409485954354e-01,-1.613467340192000637e-02,3.448493228267391492e-02,2.240154853122883483e-01,3.562351121796732967e-01,4.516103803273279205e-01,8.813790619241150814e-01,2.755321790886728905e+00,-2.921919160717811792e+01,-5.702522530649024901e+01,-1.782693198703713620e+02
1.452131284000006417e+02,1.009535493375005366e+00,4.209002058218523357e-01,-8.144389307492238411e-03,1.868294052912207459e-02,2.240258278232449551e-01,3.563276746605397727e-01,4.525159212539540121e-01,9.013810938625386182e-01,2.777048298050193154e+00,-2.927778010513082663e+01,-5.831935677290625364e+01,-1.796750248838474988e+02
1.453169469999993453e+02,1.009555729399036927e+00,4.209780007285618408e-01,-4.244286175831365852e-03,1.028779128560631737e-02,2.240600224413001607e-01,3.563980687953023363e-01,4.536224021677173202e-01,9.217372033288059319e-01,2.797857403453775760e+00,-2.934936942025131046e+01,-5.963639705537374880e+01,-1.810213740034593002e+02
1.454221532999999908e+02,1.010047158821967273e+00,4.210165898145198371e-01,-8.655154203367200710e-05,5.701963273896298000e-03,2.239053733734926721e-01,3.565408148775178754e-01,4.549296483424556392e-01,9.424386391385322082e-01,2.817730961248148702e+00,-2.943394824775688079e+01,-6.097577995226303926e+01,-1.823071931927552214e+02
1.455275622999997722e+02,1.010047158821967273e+00,4.210165898145198371e-01,-4.604444253165714701e-05,3.033380042846618198e-03,2.239053733734926721e-01,3.565408148775178754e-01,4.564374533488426700e-01,9.634765016499398094e-01,2.836651641395375734e+00,-2.953150323167012203e+01,-6.233692965675110997e+01,-1.835313611982808197e+02
1.456325022999990324e+02,1.010445941246278068e+00,4.209707114109626502e-01,1.742947991618924893e-03,1.411193849752808305e-03,2.237387897701999251e-01,3.565912138822524002e-01,4.581455790869897182e-01,9.848417465899007572e-01,2.854602944781031049e+00,-2.964201896692823723e+01,-6.371926100436657947e+01,-1.846928105273327105e+02
1.457378676999996969e+02,1.010940796110549655e+00,4.210087920295565445e-01,3.131111722468730030e-03,9.232950948286053382e-04,2.235825247235658786e-01,3.567341553656201980e-01,4.600537558240409552e-01,1.006525188942068549e+00,2.871569217601618540e+00,-2.976547800181545256e+01,-6.512217972455184167e+01,-1.857905283788247175e+02
1.458427360999994562e+02,1.011154930538553209e+00,4.209687142773487767e-01,2.616055290278606650e-03,3.138249293435674703e-04,2.234848539631442144e-01,3.567480601900958059e-01,4.621616822367697885e-01,1.028517506895587630e+00,2.887535665014957509e+00,-2.990186084071900652e+01,-6.654508269614451876e+01,-1.868235575264677664e+02
1.459472083999989991e+02,1.011154930538553209e+00,4.209687142773487767e-01,1.396972288680177433e-03,1.675823639580985454e-04,2.234848539631442144e-01,3.567480601900958059e-01,4.644690254591603562e-01,1.050809245852575069e+00,2.902488364041481805e+00,-3.005114594720767585e+01,-6.798735820666161089e+01,-1.877909971534838860e+02
1.460515529999993305e+02,1.011154930538553209e+00,4.209687142773487767e-01,7.470000634655413587e-04,8.961096617791580797e-05,2.234848539631442144e-01,3.567480601900958059e-01,4.669754211349688156e-01,1.073390822492668928e+00,2.916414275705282222e+00,-3.021330974743248277e+01,-6.944838621527567568e+01,-1.886920036381317800e+02
1.461550076999992598e+02,1.011154930538553209e+00,4.209687142773487767e-01,3.994565520424266016e-04,4.791925640347954342e-05,2.234848539631442144e-01,3.567480601900958059e-01,4.696804734752635380e-01,1.096252528892986522e+00,2.929301256404317932e+00,-3.038832663384955168e+01,-7.092753861937623583e+01,-1.895257912893593755e+02
1.462599413999996614e+02,1.011154930538553209e+00,4.209687142773487767e-01,2.147032940219240028e-04,2.575604817170576216e-05,2.234848539631442144e-01,3.567480601900958059e-01,4.725837553209220054e-01,1.119384536701575117e+00,2.941138068499791203e+00,-3.057616896926365513e+01,-7.242417952459190644e+01,-1.902916330319364988e+02
1.463672403000000486e+02,1.011154930538553209e+00,4.209687142773487767e-01,1.145175848847706764e-04,1.373765803750721087e-05,2.234848539631442144e-01,3.567480601900958059e-01,4.756848082100852970e-01,1.142776901362672515e+00,2.951914390115536690e+00,-3.077680709119252001e+01,-7.393766551816491983e+01,-1.909888610404752285e+02
1.464716773000000103e+02,1.011154930538553209e+00,4.209687142773487767e-01,6.040809285346482755e-05,7.246622631396797491e-06,2.234848539631442144e-01,3.567480601900958059e-01,4.789831424505539559e-01,1.166419566391925233e+00,2.961620824138868180e+00,-3.099020931655084254e+01,-7.546734594555756814e+01,-1.916168673217847811e+02
1.465771315999991202e+02,1.011154930538553209e+00,4.209687142773487767e-01,3.226732686400410582e-05,3.870824753143291470e-06,2.234848539631442144e-01,3.567480601900958059e-01,4.824782371971145789e-01,1.190302367699684005e+00,2.970248906414974854e+00,-3.121634194665331563e+01,-7.701256319016955842e+01,-1.921751042450488853e+02
1.466815846999998030e+02,1.011154930538553209e+00,4.209687142773487767e-01,1.718499106232389246e-05,2.061530819300566429e-06,2.234848539631442144e-01,3.567480601900958059e-01,4.861695405337909115e-01,1.214415037960641985e+00,2.977791113127813638e+00,-3.145516927253627415e+01,-7.857265295605354538e+01,-1.926630850193695608e+02
1.467864288000000670e+02,1.011154930538553209e+00,4.209687142773487767e-01,9.185569479208377430e-06,1.101911226228708900e-06,2.234848539631442144e-01,3.567480601900958059e-01,4.900564695609954668e-01,1.238747211027771522e+00,2.984240867360980154e+00,-3.170665358059640937e+01,-8.014694455349682300e+01,-1.930803841182554379e+02
1.468901162999991357e+02,1.011154930538553209e+00,4.209687142773487767e-01,4.903514312175509433e-06,5.882310814576731013e-07,2.234848539631442144e-01,3.567480601900958059e-01,4.941384104875754524e-01,1.263288426388786689e+00,2.989592544832875731e+00,-3.197075515854613315e+01,-8.173476118735450768e+01,-1.934266376506870699e+02
1.469962567999991734e+02,1.011154930538553209e+00,4.209687142773487767e-01,2.633245953111118211e-06,3.158871405547867346e-07,2.234848539631442144e-01,3.567480601900958059e-01,4.984147187277412350e-01,1.288028133663173147e+00,2.993841478801164691e+00,-3.224743230168486008e+01,-8.333542024800730985e+01,-1.937015436784353710e+02
1.471010124999993423e+02,1.011154930538553209e+00,4.209687142773487767e-01,1.395135998813486762e-06,1.673620805643147758e-07,2.234848539631442144e-01,3.567480601900958059e-01,5.028847190028462588e-01,1.312955697137812017e+00,2.996983964132243550e+00,-3.253664131948415417e+01,-8.494823360481643704e+01,-1.939048624793561544e+02
1.472052886000001308e+02,1.011154930538553209e+00,4.209687142773487767e-01,7.451355928128305096e-07,8.938730218540598497e-08,2.234848539631442144e-01,3.567480601900958059e-01,5.075477054480304062e-01,1.338060400339371014e+00,2.999017260532175655e+00,-3.283833654248756773e+01,-8.657250790195730872e+01,-1.940364167564317768e+02
1.473088072999998985e+02,1.011154930538553209e+00,4.209687142773487767e-01,3.986972513942941783e-07,4.782816984535662352e-08,2.234848539631442144e-01,3.567480601900958059e-01,5.124029417236790618e-01,1.363331450641336762e+00,2.999939594936265941e+00,-3.315247032952203909e+01,-8.820754485649449350e+01,-1.940960917923764271e+02
1.474131197000006068e+02,1.011154930538553209e+00,4.209687142773487767e-01,2.138825701632630980e-07,2.565759321629561678e-08,2.234848539631442144e-01,3.567480601900958059e-01,5.174496611317005446e-01,1.388757983903805560e+00,2.999750163055197483e+00,-3.347899307522102674e+01,-8.985264155857622370e+01,-1.940838355496712779e+02
1.475178918000001431e+02,1.011154930538553209e+00,4.209687142773487767e-01,1.145112926474185549e-07,1.373690321365092668e-08,2.234848539631442144e-01,3.567480601900958059e-01,5.226870667365983714e-01,1.414329069144059758e+00,2.998449130076388691e+00,-3.381785321785791609e+01,-9.150709077362067490e+01,-1.939996587159423598e+02
1.476249423999997816e+02,1.011154930538553209e+00,4.209687142773487767e-01,6.115354799238057572e-08,7.336048266691421129e-09,2.234848539631442144e-01,3.567480601900958059e-01,5.281143314913125941e-01,1.440033713235796764e+00,2.996037630519942319e+00,-3.416899724748792977e+01,-9.317018124635605147e+01,-1.938436346946402864e+02
1.477286798999994062e+02,1.011154930538553209e+00,4.209687142773487767e-01,3.235433462109313592e-08,3.881262301356535884e-09,2.234848539631442144e-01,3.567480601900958059e-01,5.337305983678213295e-01,1.465860865635179922e+00,2.992517767249331939e+00,-3.453236971439804393e+01,-9.484119800659614441e+01,-1.936158995410317800e+02
1.478331490000000485e+02,1.011154930538553209e+00,4.209687142773487767e-01,1.735252621327382796e-08,2.081628524079514161e-09,2.234848539631442144e-01,3.567480601900958059e-01,5.395349804924809423e-01,1.491799423131483060e+00,2.987892609637668784e+00,-3.490791323786351796e+01,-9.651942267660696473e+01,-1.933166518435571675e+02
1.479362951999992219e+02,1.011154930538553209e+00,4.209687142773487767e-01,9.282238582036790266e-09,1.113507760322451095e-09,2.234848539631442144e-01,3.567480601900958059e-01,5.455265612860669133e-01,1.517838234620420668e+00,2.982166190891168078e+00,-3.529556851520852945e+01,-9.820413377994121618e+01,-1.929461525506585815e+02
1.480392066000003979e+02,1.011154930538553209e+00,4.209687142773487767e-01,4.989516433959921599e-09,5.985479925308770673e-10,2.234848539631442144e-01,3.567480601900958059e-01,5.517043946085176120e-01,1.543966105898066488e+00,2.975343504532124150e+00,-3.569527433117109183e+01,-9.989460705160490761e+01,-1.925047247432284507e+02
1.481420195999999123e+02,1.011154930538553209e+00,4.209687142773487767e-01,2.685746098273657676e-09,3.221851169039052842e-10,2.234848539631442144e-01,3.567480601900958059e-01,5.580675049083321237e-01,1.570171804473257993e+00,2.967430500044502928e+00,-3.610696756756909309e+01,-1.015901157494197946e+02,-1.919927533528793617e+02
1.482457484000005934e+02,1.011154930538553209e+00,4.209687142773487767e-01,1.446573698392511833e-09,1.735326047485585669e-10,2.234848539631442144e-01,3.567480601900958059e-01,5.646148873766323462e-01,1.596444064396548734e+00,2.958434077685877739e+00,-3.653058321326811608e+01,-1.032899309664567085e+02,-1.914106848262763094e+02
1.483492341999990458e+02,1.011154930538553209e+00,4.209687142773487767e-01,7.761886322541535913e-10,9.311245965619411448e-11,2.234848539631442144e-01,3.567480601900958059e-01,5.713455081058265161e-01,1.622771591103456146e+00,2.948362082470326939e+00,-3.696605437444697628e+01,-1.049933219443936139e+02,-1.907590267358301617e+02
1.484554021999992983e+02,1.011154930538553209e+00,4.209687142773487767e-01,4.161138632516452853e-10,4.991748615524066596e-11,2.234848539631442144e-01,3.567480601900958059e-01,5.782583042528779416e-01,1.649143066270055247e+00,2.937223297327444804e+00,-3.741331228516120433e+01,-1.066995563876725726e+02,-1.900383473370856962e+02
1.485585943000005500e+02,1.011154930538553209e+00,4.209687142773487767e-01,2.209621329316557680e-10,2.650686551334159686e-11,2.234848539631442144e-01,3.567480601900958059e-01,5.853521842071411907e-01,1.675547152678785956e+00,2.925027435443511514e+00,-3.787228631820203617e+01,-1.084079007783174546e+02,-1.892492750731952071e+02
1.486632573000006232e+02,1.011154930538553209e+00,4.209687142773487767e-01,1.187107909758217117e-10,1.424067974738358786e-11,2.234848539631442144e-01,3.567480601900958059e-01,5.926260277627328765e-01,1.701972499092339719e+00,2.911785131791442716e+00,-3.834290399624882184e+01,-1.101176206912743822e+02,-1.883924980269063383e+02
1.487672757000000274e+02,1.011154930538553209e+00,4.209687142773487767e-01,6.339590721989030566e-11,7.605044196842881496e-12,2.234848539631442144e-01,3.567480601900958059e-01,6.000786862954363698e-01,1.728407745133662132e+00,2.897507933856940276e+00,-3.882509100331473206e+01,-1.118279811101479453e+02,-1.874687633205440420e+02
1.488715317000005598e+02,1.011154930538553209e+00,4.209687142773487767e-01,3.397949247385100135e-11,4.076218061737109522e-12,2.234848539631442144e-01,3.567480601900958059e-01,6.077089829440751600e-01,1.754841526169798493e+00,2.882208291568898240e+00,-3.931877119648166286e+01,-1.135382467431859652e+02,-1.864788764645077208e+02
1.489750445999998192e+02,1.011154930538553209e+00,4.209687142773487767e-01,1.817632716833782509e-11,2.180452611428444423e-12,2.234848539631442144e-01,3.567480601900958059e-01,6.155157127963555297e-01,1.781262478197593424e+00,2.865899546442904899e+00,-3.982386661792420313e+01,-1.152476823393842977e+02,-1.854237006548559634e+02
1.490837989999999991e+02,1.011154930538553209e+00,4.209687142773487767e-01,9.756849247367139791e-12,1.170442588522179039e-12,2.234848539631442144e-01,3.567480601900958059e-01,6.234976430791376867e-01,1.807659242729158677e+00,2.848595919947208621e+00,-4.034029750722020680e+01,-1.169555530045765721e+02,-1.843041560205844007e+02
1.491875612999992882e+02,1.011154930538553209e+00,4.209687142773487767e-01,5.118631328074821712e-12,6.140367601702247273e-13,2.234848539631442144e-01,3.567480601900958059e-01,6.316535133530953861e-01,1.834020471674907560e+00,2.830312501101436951e+00,-4.086798231394527647e+01,-1.186611245173665310e+02,-1.831212188212629712e+02
1.492928026999998110e+02,1.011154930538553209e+00,4.209687142773487767e-01,2.744220068864889685e-12,3.291997200575247477e-13,2.234848539631442144e-01,3.567480601900958059e-01,6.399820357117695924e-01,1.860334832222164003e+00,2.811065233318684520e+00,-4.140683771055149265e+01,-1.203636636447740216e+02,-1.818759205957188954e+02
1.493965506000004098e+02,1.011154930538553209e+00,4.209687142773487767e-01,1.462989737781187952e-12,1.755018912618814777e-13,2.234848539631442144e-01,3.567480601900958059e-01,6.484818949849320280e-01,1.886591011707199561e+00,2.790870900502674168e+00,-4.195677860552510197e+01,-1.220624384574558121e+02,-1.805693472625230243e+02
1.495005989000001136e+02,1.011154930538553209e+00,4.209687142773487767e-01,7.838862318123814894e-13,9.403587234034224347e-14,2.234848539631442144e-01,3.567480601900958059e-01,6.571517489462699313e-01,1.912777722478585352e+00,2.769747112411902634e+00,-4.251771815682366906e+01,-1.237567186443644829e+02,-1.792026381730501043e+02
1.496053023000004032e+02,1.011154930538553209e+00,4.209687142773487767e-01,4.206156054490819853e-13,5.045752020279441540e-14,2.234848539631442144e-01,3.567480601900958059e-01,6.659902285253413989e-01,1.938883706749818359e+00,2.747712289303699595e+00,-4.308956778558958689e+01,-1.254457758267132590e+02,-1.777769851179493799e+02
1.497137359999996988e+02,1.011154930538553209e+00,4.209687142773487767e-01,2.245336963933429045e-13,2.693531427555818720e-14,2.234848539631442144e-01,3.567480601900958059e-01,6.749959380237571249e-01,1.964897741439060264e+00,2.724785645871474760e+00,-4.367223719013708916e+01,-1.271288838711072060e+02,-1.762936312878844376e+02
1.498180966999989323e+02,1.011154930538553209e+00,4.209687142773487767e-01,1.179233358069169372e-13,1.414621574134324525e-14,2.234848539631442144e-01,3.567480601900958059e-01,6.841674553355918675e-01,1.990808642994044142e+00,2.700987174489226206e+00,-4.426563436021279330e+01,-1.288053192017146671e+02,-1.747538701894529538e+02
1.499223036999992473e+02,1.011154930538553209e+00,4.209687142773487767e-01,6.301118684475364626e-14,7.558892708763500322e-15,2.234848539631442144e-01,3.567480601900958059e-01,6.935033321719430432e-01,2.016605272199899712e+00,2.676337627777871209e+00,-4.486966559152471490e+01,-1.304743611113335078e+02,-1.731590445172282671e+02
1.500268489999998565e+02,1.011154930538553209e+00,4.209687142773487767e-01,3.373481832991087813e-14,4.046866676764651112e-15,2.234848539631442144e-01,3.567480601900958059e-01,7.030020942896326730e-01,2.042276538967961130e+00,2.650858500508693094e+00,-4.548423550053923492e+01,-1.321352920712270986e+02,-1.715105449829124495e+02
1.501313532000003761e+02,1.011154930538553209e+00,4.209687142773487767e-01,1.804198766703278644e-14,2.164337094045548229e-15,2.234848539631442144e-01,3.567480601900958059e-01,7.126622417240124907e-01,2.067811407103455679e+00,2.624572010859527182e+00,-4.610924703954361092e+01,-1.337873980395935973e+02,-1.698098091026114105e+02
1.502353333999999450e+02,1.011154930538553209e+00,4.209687142773487767e-01,9.638736435548151006e-15,1.156273643025726575e-15,2.234848539631442144e-01,3.567480601900958059e-01,7.224822490258129282e-01,2.093198899049978579e+00,2.597501081040253013e+00,-4.674460151197009594e+01,-1.354299687685336266e+02,-1.680583199433043831e+02
1.503392958999993425e+02,1.011154930538553209e+00,4.209687142773487767e-01,5.160079678836395536e-15,6.190089508565203871e-16,2.234848539631442144e-01,3.567480601900958059e-01,7.324605655020465234e-01,2.118428100608849896e+00,2.569669317304199563e+00,-4.739019858798241103e+01,-1.370622981093926001e+02,-1.662576048295817088e+02
1.504450256000000081e+02,1.011154930538553209e+00,4.209687142773487767e-01,2.765281433860028129e-15,3.317262650453314979e-16,2.234848539631442144e-01,3.567480601900958059e-01,7.425956154608693849e-01,2.143488165631138198e+00,2.541100989363216378e+00,-4.804593632031825479e+01,-1.386836843163346487e+02,-1.644092340118000948e+02
1.505482950000005076e+02,1.011154930538553209e+00,4.209687142773487767e-01,1.471636721285275282e-15,1.765391931099307377e-16,2.234848539631442144e-01,3.567480601900958059e-01,7.528857984604041542e-01,2.168368320680488015e+00,2.511821009224066259e+00,-4.871171116038814830e+01,-1.402934303480275844e+02,-1.625148192967970999e+02
1.506528402000003553e+02,1.011154930538553209e+00,4.209687142773487767e-01,7.909555419069791905e-16,9.488391471513035685e-17,2.234848539631442144e-01,3.567480601900958059e-01,7.633294895614701758e-01,2.193057869664652326e+00,2.481854909464830339e+00,-4.938741797462711958e+01,-1.418908441673030154e+02,-1.605760126423745362e+02
1.507563735000003362e+02,1.011154930538553209e+00,4.209687142773487767e-01,4.228470765410703389e-16,5.072520997998598874e-17,2.234848539631442144e-01,3.567480601900958059e-01,7.739250395841694719e-01,2.217546198433807625e+00,2.451228820970095867e+00,-5.007295006109576718e+01,-1.434752390386673540e+02,-1.585945047167652149e+02
1.508610833000002458e+02,1.011154930538553209e+00,4.209687142773487767e-01,2.267639291053205467e-16,2.720285549529348757e-17,2.234848539631442144e-01,3.567480601900958059e-01,7.846707753683294095e-01,2.241822779343614513e+00,2.419969450144447531e+00,-5.076819916633091623e+01,-1.450459338235318683e+02,-1.565720234243457583e+02
1.509644470000002912e+02,1.011154930538553209e+00,4.209687142773487767e-01,1.211882015657433093e-16,1.453787270283307673e-17,2.234848539631442144e-01,3.567480601900958059e-01,7.955650000377006981e-01,2.265877175781112474e+00,2.388104055624058475e+00,-5.147305550243923733e+01,-1.466022532730379737e+02,-1.545103323988765851e+02
1.510689896000003500e+02,1.011154930538553209e+00,4.209687142773487767e-01,6.509233361970555759e-17,7.808549412132839966e-18,2.234848539631442144e-01,3.567480601900958059e-01,8.066059932679184863e-01,2.289699046651457515e+00,2.355660424506804240e+00,-5.218740776443432594e+01,-1.481435283183492970e+02,-1.524112294655902531e+02
1.511732775000000402e+02,1.011154930538553209e+00,4.209687142773487767e-01,3.474129557031481794e-17,4.167604816371035348e-18,2.234848539631442144e-01,3.567480601900958059e-01,8.177920115581635008e-01,2.313278150823615320e+00,2.322666848121432981e+00,-5.291114314781317773e+01,-1.496690963582879306e+02,-1.502765450734567310e+02
1.512767344000003504e+02,1.011154930538553209e+00,4.209687142773487767e-01,1.860415770297801229e-17,2.231775642636313751e-18,2.234848539631442144e-01,3.567480601900958059e-01,8.291212885064688232e-01,2.336604351533039914e+00,2.289152097357199267e+00,-5.364414736636853576e+01,-1.511783015441876898e+02,-1.481081406990107894e+02
1.513815539999995963e+02,1.011154930538553209e+00,4.209687142773487767e-01,1.000614901962059794e-17,1.200348869059728222e-18,2.234848539631442144e-01,3.567480601900958059e-01,8.405920350886745274e-01,2.359667620739561933e+00,2.255145397575111232e+00,-5.438630467023724435e+01,-1.526704950618496639e+02,-1.459079072231097030e+02
1.514864631000000372e+02,1.011154930538553209e+00,4.209687142773487767e-01,5.328976978546997376e-18,6.392700605299153351e-19,2.234848539631442144e-01,3.567480601900958059e-01,8.522024399409221518e-01,2.382458043438458795e+00,2.220676403123074572e+00,-5.513749786417766785e+01,-1.541450354104682958e+02,-1.436777632820629265e+02
1.515916863000002195e+02,1.011154930538553209e+00,4.209687142773487767e-01,2.839888271950527465e-18,3.406761850945384090e-19,2.234848539631442144e-01,3.567480601900958059e-01,8.639506696456932255e-01,2.404965821922965930e+00,2.185775171476789680e+00,-5.589760832607635166e+01,-1.556012886784158979e+02,-1.414196535945482935e+02
1.517010704000003898e+02,1.011154930538553209e+00,4.209687142773487767e-01,1.516978959264244699e-18,1.819784988780112081e-19,2.234848539631442144e-01,3.567480601900958059e-01,8.758348690213312304e-01,2.427181279996364793e+00,2.150472137029233455e+00,-5.666651602568013146e+01,-1.570386288157648096e+02,-1.391355472657914163e+02
1.518059328999988793e+02,1.011154930538553209e+00,4.209687142773487767e-01,7.937875586345214476e-19,9.522364662092137797e-20,2.234848539631442144e-01,3.567480601900958059e-01,8.878531614149818285e-01,2.449094867131793585e+00,2.114798084551427149e+00,-5.744409954354932779e+01,-1.584564379034270587e+02,-1.368274360704773471e+02
1.519108022000000346e+02,1.011154930538553209e+00,4.209687142773487767e-01,4.232373035344496566e-19,5.077202204817140794e-20,2.234848539631442144e-01,3.567480601900958059e-01,9.000036489989590160e-01,2.470697162578104233e+00,2.078784122347587804e+00,-5.823023609023265124e+01,-1.598541064188033545e+02,-1.344973327158889447e+02
1.520150675000004412e+02,1.011154930538553209e+00,4.209687142773487767e-01,2.261988651151724745e-19,2.713506978470789506e-20,2.234848539631442144e-01,3.567480601900958059e-01,9.122844130704204080e-01,2.491978879409873393e+00,2.042461655128276821e+00,-5.902480152565620131e+01,-1.612310334978188280e+02,-1.321472690867995254e+02
1.521193752999988646e+02,1.011154930538553209e+00,4.209687142773487767e-01,1.210036425814652032e-19,1.451573279989755175e-20,2.234848539631442144e-01,3.567480601900958059e-01,9.246935143543558722e-01,2.512930868519869243e+00,2.005862356625042420e+00,-5.982767037872682891e+01,-1.625866271932355573e+02,-1.297792944736402490e+02
1.522240449999990233e+02,1.011154930538553209e+00,4.209687142773487767e-01,6.463412316230437112e-20,7.753581971286793759e-21,2.234848539631442144e-01,3.567480601900958059e-01,9.372289933098254533e-01,2.533544122552320310e+00,1.969018141970385383e+00,-6.063871586714571293e+01,-1.639203047291351254e+02,-1.273954737854839436e+02
1.523281831999993301e+02,1.011154930538553209e+00,4.209687142773487767e-01,3.456006756635109118e-20,4.145864501573285888e-21,2.234848539631442144e-01,3.567480601900958059e-01,9.498888704393790849e-01,2.553809779775205957e+00,1.931961139867384825e+00,-6.145780991742783073e+01,-1.652314927514558462e+02,-1.249978857494198081e+02
1.524323616999990918e+02,1.011154930538553209e+00,4.209687142773487767e-01,1.850887666520668557e-20,2.220345622385030702e-21,2.234848539631442144e-01,3.567480601900958059e-01,9.626711466016636409e-01,2.573719127889979141e+00,1.894723664572913302e+00,-6.228482318512764238e+01,-1.665196275744816603e+02,-1.225886210978675024e+02
1.525358624000000418e+02,1.011154930538553209e+00,4.209687142773487767e-01,9.902441742134278699e-21,1.187908027633135378e-21,2.234848539631442144e-01,3.567480601900958059e-01,9.755738033270962006e-01,2.593263607776986834e+00,1.857338187719140388e+00,-6.311962507526313004e+01,-1.677841554231710575e+02,-1.201697807454283833e+02
1.526393214999989141e+02,1.011154930538553209e+00,4.209687142773487767e-01,5.317058892751624659e-21,6.378403535789423447e-22,2.234848539631442144e-01,3.567480601900958059e-01,9.885948031366073030e-01,2.612434817175090629e+00,1.819837309997796471e+00,-6.396208376293849796e+01,-1.690245326712283713e+02,-1.177434739568574429e+02
1.527440621000005194e+02,1.011154930538553209e+00,4.209687142773487767e-01,2.852584850896197361e-21,3.421992809577403256e-22,2.234848539631442144e-01,3.567480601900958059e-01,1.001732089863387021e+00,2.631224514293867944e+00,1.782253732731892804e+00,-6.481206621416114899e+01,-1.702402260748132505e+02,-1.153118165077534627e+02
1.528480137999995350e+02,1.011154930538553209e+00,4.209687142773487767e-01,1.522464611902495034e-21,1.826365639265596368e-22,2.234848539631442144e-01,3.567480601900958059e-01,1.014983588977564910e+00,2.649624621356719611e+00,1.744620229359701069e+00,-6.566943820684845434e+01,-1.714307130017797647e+02,-1.128769288395726704e+02
1.529521375999993325e+02,1.011154930538553209e+00,4.209687142773487767e-01,8.170285471499656646e-22,9.801166169301770659e-23,2.234848539631442144e-01,3.567480601900958059e-01,1.028347207913810513e+00,2.667627228073636392e+00,1.706969616855745553e+00,-6.653406435202354885e+01,-1.725954816563642851e+02,-1.104409342105667378e+02
1.530557504999997036e+02,1.011154930538553209e+00,4.209687142773487767e-01,4.368128286698916180e-22,5.240055728298224919e-23,2.234848539631442144e-01,3.567480601900958059e-01,1.041820836401782024e+00,2.685224595041789897e+00,1.669334727114012873e+00,-6.740580811519529902e+01,-1.737340312992038207e+02,-1.080059568442766391e+02
1.531609807000004366e+02,1.011154930538553209e+00,4.209687142773487767e-01,2.346847342112588740e-22,2.815304416751022227e-23,2.234848539631442144e-01,3.567480601900958059e-01,1.055402346799350077e+00,2.702409157072795054e+00,1.631748378317980253e+00,-6.828453183791795311e+01,-1.748458724626098615e+02,-1.055741200771733332e+02
1.532658033999996405e+02,1.011154930538553209e+00,4.209687142773487767e-01,1.249871543223339706e-22,1.499359934012816480e-23,2.234848539631442144e-01,3.567480601900958059e-01,1.069089594428584311e+00,2.719173526444975675e+00,1.594243346322689714e+00,-6.917009675952941450e+01,-1.759305271609899251e+02,-1.031475445070780239e+02
1.533691065999992134e+02,1.011154930538553209e+00,4.209687142773487767e-01,6.671790469388701548e-23,8.003554743019275623e-24,2.234848539631442144e-01,3.567480601900958059e-01,1.082880417914409144e+00,2.735510496079402998e+00,1.556852336073768495e+00,-7.006236303906227647e+01,-1.769875290963373686e+02,-1.007283461439728285e+02
1.534730577999998786e+02,1.011154930538553209e+00,4.209687142773487767e-01,3.588260592391216075e-23,4.304517687596566038e-24,2.234848539631442144e-01,3.567480601900958059e-01,1.096772639525931625e+00,2.751413042638242601e+00,1.519607953088158325e+00,-7.096118977732777466e+01,-1.780164238586943100e+02,-9.831863456480384400e+01
1.535807838000000629e+02,1.011154930538553209e+00,4.209687142773487767e-01,1.891576432422863801e-23,2.269156322723759032e-24,2.234848539631442144e-01,3.567480601900958059e-01,1.110764065520315480e+00,2.766874329544139144e+00,1.482542675021629730e+00,-7.186643503916441489e+01,-1.790167691215058028e+02,-9.592051107389944775e+01
1.536877669000004971e+02,1.011154930538553209e+00,4.209687142773487767e-01,1.012332185181438855e-23,1.214405053545144589e-24,2.234848539631442144e-01,3.567480601900958059e-01,1.124852486489202663e+00,2.781887709919260487e+00,1.445688823347835772e+00,-7.277795587585141845e+01,-1.799881348317761649e+02,-9.353606687060498359e+01
1.537932357999998203e+02,1.011154930538553209e+00,4.209687142773487767e-01,5.353988709458720863e-24,6.422704958476636949e-25,2.234848539631442144e-01,3.567480601900958059e-01,1.139035677707607608e+00,2.796446729442841672e+00,1.409078535173426738e+00,-7.369560834768221014e+01,-1.809301033949518569e+02,-9.116738122572071745e+01
1.538982794000003196e+02,1.011154930538553209e+00,4.209687142773487767e-01,2.844945725644263343e-24,3.412828829170172363e-25,2.234848539631442144e-01,3.567480601900958059e-01,1.153311399485212885e+00,2.810545129125919139e+00,1.372743735214121630e+00,-7.461924754669327342e+01,-1.818422698544469824e+02,-8.881651966835367773e+01
1.540027441000002000e+02,1.011154930538553209e+00,4.209687142773487767e-01,1.519761672774554736e-24,1.823123163145165023e-25,2.234848539631442144e-01,3.567480601900958059e-01,1.167677397520063609e+00,2.824176848002113438e+00,1.336716107955757904e+00,-7.554872761954811722e+01,-1.827242420657367461e+02,-8.648553218473753645e+01
1.541067091000004439e+02,1.011666088870958546e+00,4.210854246386431798e-01,2.274394466340738490e-03,5.196904843204129369e-04,2.233643789357322440e-01,3.569611870578663360e-01,1.182131403254534696e+00,2.837336025733242728e+00,1.301027070025053467e+00,-7.648390179056839600e+01,-1.835756408649408229e+02,-8.417645143062095769e+01
1.542116578000004665e+02,8.673961580712373776e-01,4.011341342505886365e-01,-6.723467842234109870e-01,-6.933283171421904256e-02,2.594593948423014607e-01,3.059238730289546848e-01,1.196671134233564082e+00,2.850017005128719028e+00,1.265707742793763080e+00,-7.742462238491160065e+01,-1.843961002318281430e+02,-8.189129095875647124e+01
1.543180520000005345e+02,6.044263344602098798e-01,3.892481196930793752e-01,-1.572838332730217337e+00,1.015211267950857921e-02,3.202843458258631260e-01,2.212058690530085137e-01,1.211294294465084631e+00,2.862214334577620534e+00,1.230788925240440479e+00,-7.837074085189098582e+01,-1.851852674471720661e+02,-7.963204346305650461e+01
1.544221462999994401e+02,5.666846722627121302e-01,3.890216079370174551e-01,-9.996838652510907641e-01,1.784340023855509466e-02,3.282118517388927237e-01,2.088415471596339335e-01,1.225998574782570572e+00,2.873922770392315584e+00,1.196301067093235471e+00,-7.932210778843231935e+01,-1.859428032443828158e+02,-7.740067904093233153e+01
1.545262626000003365e+02,5.659485382535049958e-01,3.888591194749927982e-01,-5.383085545767201108e-01,8.975237882414376436e-03,3.282283448432893880e-01,2.085127536634183709e-01,1.240781653209706459e+00,2.885137279062807369e+00,1.162274242277295588e+00,-8.027857296266800802e+01,-1.866683819553636567e+02,-7.519914347534103172e+01
1.546308884999998554e+02,5.662468512982412605e-01,3.886405109250956613e-01,-2.872913329418181339e-01,3.799893107494665013e-03,3.279816399590030351e-01,2.084933825854487222e-01,1.255641195327037440e+00,2.895853039420611896e+00,1.128738122689822987e+00,-8.123998533765931995e+01,-1.873616916505135919e+02,-7.302935653803154992e+01
1.547354577999994945e+02,5.669530950172179118e-01,3.885252416266515296e-01,-1.504401934894373238e-01,1.475705783317442709e-03,3.277370766233144161e-01,2.086630585116868997e-01,1.270574854640606155e+00,2.906065444711438239e+00,1.095721952325797499e+00,-8.220619309524721530e+01,-1.880224342728300542e+02,-7.089321031547909513e+01
1.548387724000003800e+02,5.674345522855830382e-01,3.885800162074793951e-01,-7.832343836768075607e-02,1.018779653740312357e-03,3.276827667471158279e-01,2.088502654361737432e-01,1.285580272952494996e+00,2.915770104575624799e+00,1.063254521776703543e+00,-8.317704366002642757e+01,-1.886503257660429256e+02,-6.879256755895272590e+01
1.549421970000003057e+02,5.675842274968978529e-01,3.885415260105888335e-01,-4.138419746084092549e-02,3.723242963858903803e-04,3.276190483525366903e-01,2.088786168836228863e-01,1.300655080733195357e+00,2.924962846935590832e+00,1.031364143124802180e+00,-8.415238372343773676e+01,-1.892450961967327316e+02,-6.672926006017470968e+01
1.550474931999997352e+02,5.679559035054593252e-01,3.885361735349721624e-01,-2.058421832179041511e-02,1.730957383758435493e-04,3.275368784054546456e-01,2.089974914433386510e-01,1.315796897495810303e+00,2.933639719789424838e+00,1.000078625254465781e+00,-8.513205926797893142e+01,-1.898064898703757990e+02,-6.470508705396393623e+01
1.551523127000000386e+02,5.681111478880405130e-01,3.884958920548289285e-01,-1.026472010739504746e-02,-8.714311521783087036e-05,3.274704747569051611e-01,2.090266641028470096e-01,1.331003332171943443e+00,2.941796992909881059e+00,9.694252496025078658e-01,-8.611591559152473963e+01,-1.903342654412693093e+02,-6.272181364928226088e+01
1.552562034000002313e+02,5.682940061076111604e-01,3.884253898788906367e-01,-4.665616080711049857e-03,-3.604093936033011679e-04,3.273728263694381524e-01,2.090485973582551504e-01,1.346271983489280899e+00,2.949431159447997608e+00,9.394307463682987080e-01,-8.710379733175648198e+01,-1.908281960162854602e+02,-6.078116929002892732e+01
1.553609488999991299e+02,5.687422806667008501e-01,3.885124428136980668e-01,-4.975896581253240903e-04,1.951790910332503782e-04,3.273524312880123355e-01,2.092422135968126928e-01,1.361600440350784202e+00,2.956538937440735815e+00,9.101212712046847786e-01,-8.809554849069574800e+01,-1.912880692524156245e+02,-5.888484624694310554e+01
1.554654281999992236e+02,5.689252446404720054e-01,3.884419813694289791e-01,5.493441862743578133e-04,-2.096295041162722129e-04,3.272547796320827707e-01,2.092641443204371898e-01,1.376986282215413304e+00,2.963117271221876514e+00,8.815223824098411542e-01,-8.909101245933725011e+01,-1.917136874480554241e+02,-5.703449814191672829e+01
1.555691232999997737e+02,5.694469236646679811e-01,3.883984010283478283e-01,2.617735810151902535e-03,-3.058686930826261686e-04,3.271088630584650936e-01,2.094113407386897496e-01,1.392427079480383245e+00,2.969163332735702099e+00,8.536590186400693225e-01,-9.009003204238079832e+01,-1.921048676279999370e+02,-5.523173850601249057e+01
1.556725888999990275e+02,5.694469236646679811e-01,3.883984010283478283e-01,1.403391591476556245e-03,-1.639789432926663977e-04,3.271088630584650936e-01,2.094113407386897496e-01,1.407920393864811270e+00,2.974674522752763561e+00,8.265554771628920161e-01,-9.109244948305328649e+01,-1.924614416221038198e+02,-5.347813937243911653e+01
1.557778808999992179e+02,5.694469236646679811e-01,3.883984010283478283e-01,7.539957698170530196e-04,-8.810044917801997436e-05,3.271088630584650936e-01,2.094113407386897496e-01,1.423463778794751056e+00,2.979648471987310643e+00,8.002353926695204844e-01,-9.209810648802039168e+01,-1.927832561375790021e+02,-5.177522990571797834e+01
1.558828902999994170e+02,5.694469236646679811e-01,3.883984010283478283e-01,4.013127559349743620e-04,-4.689128967834788693e-05,3.271088630584650936e-01,2.094113407386897496e-01,1.439054779789542327e+00,2.984083042115863726e+00,7.747217166649942310e-01,-9.310684425238339657e+01,-1.930701728248963889e+02,-5.012449506822513001e+01
1.559865183999991132e+02,5.694469236646679811e-01,3.883984010283478283e-01,2.142587748381615627e-04,-2.503501353615597772e-05,3.271088630584650936e-01,2.094113407386897496e-01,1.454690934849382833e+00,2.987976326696474061e+00,7.500366974542026499e-01,-9.411850348475506678e+01,-1.933220683372618680e+02,-4.852737432528691386e+01
1.560901211999989755e+02,5.694469236646679811e-01,3.883984010283478283e-01,1.149709319260599409e-04,-1.343375009591778047e-05,3.271088630584650936e-01,2.094113407386897496e-01,1.470369774844132671e+00,2.991326651988330365e+00,7.262018607409461701e-01,-9.513292443241539331e+01,-1.935388343836449963e+02,-4.698526038993922072e+01
1.561937834999989718e+02,5.665433700404007844e-01,3.865709349514406812e-01,-1.296381891963424744e-02,-8.159606417175226459e-03,3.261735753349805922e-01,2.074798460150448498e-01,1.486088823903201739e+00,2.994132577671291706e+00,7.032379908572743421e-01,-9.614994690653715281e+01,-1.937203777753325937e+02,-4.549949800846565040e+01
1.562986652999989019e+02,5.439549403890731050e-01,3.725805240850757483e-01,-1.123217044206041293e-01,-6.646484916070934112e-02,3.188054559998708681e-01,1.928194185040088271e-01,1.501845599806522547e+00,2.996392897465098848e+00,6.811651126391884414e-01,-9.716941030748201058e+01,-1.938666204659919003e+02,-4.407138278775549622e+01
1.564068628000004537e+02,4.775895837040358138e-01,3.397600930311137635e-01,-3.959993073039452249e-01,-1.762559230204951144e-01,3.017427818143272877e-01,1.561672643016530915e-01,1.517637614376526445e+00,2.998106639647952321e+00,6.600024739647236682e-01,-9.819115365016126873e+01,-1.939774995852225175e+02,-4.270216006551762433e+01
1.565103395000005548e+02,3.898348380553562365e-01,3.064569950635667728e-01,-6.831086747489567568e-01,-2.266113949677854567e-01,2.834640905741570016e-01,1.164645833648886020e-01,1.533462373871036899e+00,2.999273067474264920e+00,6.397685289694929889e-01,-9.921501558945608679e+01,-1.940529674655849419e+02,-4.139302382432619964e+01
1.566139144999997370e+02,2.727538589620652765e-01,2.731558091135630750e-01,-1.047783827024960646e+00,-2.474870260019854940e-01,2.630579769301092385e-01,7.358394407697534112e-02,1.549317379377087578e+00,2.999891679491387020e+00,6.204809219544162868e-01,-1.002408344456975726e+02,-1.940929916630927607e+02,-4.014511565045073382e+01
1.567183234000003722e+02,7.600716058502497707e-02,2.532624710871624329e-01,-1.637373875394810829e+00,-1.653453716960428255e-01,2.525312633602859180e-01,1.923123206749143693e-02,1.565200127205512270e+00,2.999962209755190123e+00,6.021564719996084225e-01,-1.012684482301966540e+02,-1.940975549711608039e+02,-3.895952373837466354e+01
1.568226424000004045e+02,-3.462020608454436932e-01,3.028796710278320314e-01,-2.316222437419273472e+00,3.306884407471304410e-01,2.849092870221336393e-01,-1.027754508161712182e-01,1.581108109286309960e+00,2.999484627944391413e+00,5.848111582979234058e-01,-1.022976946708242565e+02,-1.940666554280021217e+02,-3.783728194187564497e+01
1.569266683999994711e+02,-6.288276385331088569e-01,3.801994200714088334e-01,-1.806786025357768111e+00,6.721401750027232724e-01,3.074739790516378135e-01,-2.236321784287506886e-01,1.597038813564703563e+00,2.998459139373590432e+00,5.684601062208223254e-01,-1.033284112376363311e+02,-1.940003063174713134e+02,-3.677936887248720410e+01
1.570311765000005835e+02,-7.750166836879484045e-01,4.003943545584240371e-01,-1.397785786096319871e+00,5.188366659031141692e-01,2.860454746324810893e-01,-2.801671386949861620e-01,1.612989724397803970e+00,2.996886184905007688e+00,5.531175741288723025e-01,-1.043604351685379186e+02,-1.938985361633540094e+02,-3.578670704613804077e+01
1.571365790999989258e+02,-9.102216280526542747e-01,4.247376175670313225e-01,-1.173589106781116387e+00,4.389719889734198244e-01,2.606065820638951425e-01,-3.353897034219924245e-01,1.628958322951886473e+00,2.994766440758948711e+00,5.387969409381900832e-01,-1.053936034949870617e+02,-1.937613887171039835e+02,-3.486016207870090255e+01
1.572415034000005107e+02,-9.734768409551524115e-01,4.383540851973147801e-01,-8.423707400210359575e-01,3.142459117715447059e-01,2.465426656628127988e-01,-3.624514009036924889e-01,1.644942087600125058e+00,2.992100818223098813e+00,5.255106944538727731e-01,-1.064277530677280907e+02,-1.935889229390344894e+02,-3.400054193116557144e+01
1.573449947999997676e+02,-1.011819779018338750e+00,4.443973103073965425e-01,-5.970259655375639296e-01,2.035189019622089535e-01,2.356722459916594237e-01,-3.767592890396934124e-01,1.660938494320792547e+00,2.988890463260758246e+00,5.132704204804150461e-01,-1.074627205825552778e+02,-1.933812129729710705e+02,-3.320859620508285559e+01
1.574500103999998828e+02,-1.049075942672993200e+00,4.389865615489699779e-01,-4.842899193027190297e-01,9.178165328986374882e-02,2.187787792808189580e-01,-3.805851375933935743e-01,1.676945017095835544e+00,2.985136756018176740e+00,5.020867927187380175e-01,-1.084983426061005645e+02,-1.931383481143760434e+02,-3.248501548890234858e+01
1.575546498000003339e+02,-1.086593261008576228e+00,4.320958877790909702e-01,-4.265756068090322817e-01,2.387383381002758376e-02,2.011420114434026851e-01,-3.824248259045205933e-01,1.692959128309745820e+00,2.980841310231240993e+00,4.919695634585508071e-01,-1.095344556016405591e+02,-1.928604327719613138e+02,-3.183043075576823711e+01
1.576589698999996472e+02,-1.103037248875993193e+00,4.290067939242876993e-01,-3.031033243916562148e-01,8.803011359574765054e-04,1.934336784647558150e-01,-3.829232837903562836e-01,1.708978299148725677e+00,2.976005972531700294e+00,4.829275550742135881e-01,-1.105708959549225625e+02,-1.925475864228010039e+02,-3.124541281330161979e+01
1.577667452999994566e+02,-1.102561011833466331e+00,4.290657580828561302e-01,-1.598636600364070071e-01,7.002636254691993424e-04,1.936426300212120699e-01,-3.828837377033451617e-01,1.724999999999999201e+00,2.970632821653309996e+00,4.749686523314879949e-01,-1.116074999999999591e+02,-1.921999435609691602e+02,-3.073047180584727300e+01
1.578718126000003394e+02,-1.101947981838421242e+00,4.292016316837872769e-01,-8.144419859601312317e-02,9.429441372971776722e-04,1.939387085737839522e-01,-3.828861684061704018e-01,1.741021700851272724e+00,2.964724167538158817e+00,4.680997955119186038e-01,-1.126441040450773556e+02,-1.918176536397188841e+02,-3.028605676962113336e+01
1.579760915999995632e+02,-1.104443840772884933e+00,4.302919889593544989e-01,-5.447201592838631090e-02,5.409713349685724842e-03,1.934727343784836129e-01,-3.843429416741121485e-01,1.757040871690261463e+00,2.958282550343628969e+00,4.623269743607874016e-01,-1.136805443983599275e+02,-1.914008810072328117e+02,-2.991255524114294673e+01
1.580806510999991588e+02,-1.116393512941102450e+00,4.337789845266663002e-01,-8.163390714838501816e-02,1.871812197110160961e-02,1.903967905970672669e-01,-3.897605284624423017e-01,1.773054982904171739e+00,2.951310739350358592e+00,4.576552228639858555e-01,-1.147166573938999221e+02,-1.909498048359682230e+02,-2.961029291929988716e+01
1.581854806999999710e+02,-1.137545812750924590e+00,4.396565809281275938e-01,-1.354049090209037964e-01,3.698664669732187188e-02,1.845780330877316300e-01,-3.990349093185650564e-01,1.789061505679210295e+00,2.943811731771726503e+00,4.540886148582841120e-01,-1.157522794174449103e+02,-1.904646190456307124e+02,-2.937953338133098313e+01
1.582889856999991025e+02,-1.171117400886381388e+00,4.480189779703547814e-01,-2.160889849804410456e-01,5.914225996539666103e-02,1.743343066090184967e-01,-4.127088006824593536e-01,1.805057912399877784e+00,2.935788751465320701e+00,4.516302604789008690e-01,-1.167872469322720974e+02,-1.899455322198062674e+02,-2.922047785298488876e+01
1.583946082000002207e+02,-1.259307520685428505e+00,4.560001334283728669e-01,-4.942024428861079288e-01,7.964622798368781176e-02,1.397531597608446807e-01,-4.340566507076624170e-01,1.821041677048116370e+00,2.927245247547007434e+00,4.502823034474090491e-01,-1.178213965050131407e+02,-1.893927675162913999e+02,-2.913326503304736548e+01
1.584980881999999838e+02,-1.373986720826423147e+00,4.667017873880716650e-01,-7.401527791129665079e-01,1.164841865953828298e-01,9.125957990311583945e-02,-4.576923064976378130e-01,1.837010275602203313e+00,2.918184892908116890e+00,4.500459192023853472e-01,-1.188545648314625538e+02,-1.888065625711551832e+02,-2.911797097239433185e+01
1.586033323999999993e+02,-1.466878299829709853e+00,4.853734626100253968e-01,-7.678086704563638065e-01,1.720740507985475676e-01,5.034832005937611710e-02,-4.827550568075329451e-01,1.852961186435303720e+00,2.908611582636483561e+00,4.509213138744061489e-01,-1.198865887623641555e+02,-1.881871693965804866e+02,-2.917460900767407850e+01
1.587066789999989851e+02,-1.507193247958409810e+00,5.043910109253474383e-01,-5.578210213142378304e-01,1.856651406787258041e-01,3.205919590641535810e-02,-5.033711353068708316e-01,1.868891890713692883e+00,2.898529432341890200e+00,4.529077241063006465e-01,-1.209173053291759317e+02,-1.875348542725203060e+02,-2.930312974967765172e+01
1.588108035999994172e+02,-1.524702289259026733e+00,5.174072369429295604e-01,-3.657949033503277159e-01,1.612878941497280227e-01,2.384094418992779851e-02,-5.168576769489349187e-01,1.884799872794490572e+00,2.887942776386778210e+00,4.560034177188077020e-01,-1.219465517698035484e+02,-1.868498976322245539e+02,-2.950342112640685954e+01
1.589144813000002614e+02,-1.529617629331552431e+00,5.226592273711261338e-01,-2.146084587422340539e-01,1.102259117260508819e-01,2.151634417303105104e-02,-5.222161572467958202e-01,1.900682620622915264e+00,2.876856166022879524e+00,4.602056952210642482e-01,-1.229741655543026297e+02,-1.861325939416803124e+02,-2.977530848080285963e+01
1.590179485999997269e+02,-1.529195234884409116e+00,5.225529040467887798e-01,-1.134494341658312810e-01,5.870270077716017304e-02,2.173250156138759742e-02,-5.221007909432974214e-01,1.916537626128970384e+00,2.865274367434595959e+00,4.655108921646033959e-01,-1.239999844105443856e+02,-1.853832515730183559e+02,-3.011855472304984005e+01
1.591235467999995308e+02,-1.528781782155818281e+00,5.225334923366122819e-01,-5.905825671526405279e-02,3.140170684083695013e-02,2.194754836010124818e-02,-5.220723663769970546e-01,1.932362385623480838e+00,2.853202359690018675e+00,4.719143823387987879e-01,-1.250238463498392179e+02,-1.846021926719442092e+02,-3.053286053732028194e+01
1.592275107000004937e+02,-1.528517287345521725e+00,5.224660439767315756e-01,-3.023882643798203942e-02,1.639161983978155296e-02,2.208278221991799573e-02,-5.219991550166759309e-01,1.948154400193480296e+00,2.840645332600390205e+00,4.794105818049976264e-01,-1.260455896925181776e+02,-1.837897530192452678e+02,-3.101786464278334776e+01
1.593322475999993912e+02,-1.528359330329796872e+00,5.224287460049265031e-01,-1.549024959361805683e-02,8.609119025115869600e-03,2.216365303396593614e-02,-5.219583959823521635e-01,1.963911176096801103e+00,2.827608684488987389e+00,4.879929537658000971e-01,-1.270650530934630353e+02,-1.829462818864375038e+02,-3.157314410864726639e+01
1.594368618999997125e+02,-1.527943339247706422e+00,5.224102707786800748e-01,-6.432509318412779099e-03,4.519070569611520309e-03,2.237998967161350730e-02,-5.219306726734426194e-01,1.979630225155870171e+00,2.814098019870341361e+00,4.976540142652323695e-01,-1.280820755675848091e+02,-1.820721418856111029e+02,-3.219821472296053599e+01
1.595400780999989365e+02,-1.527774798934153244e+00,5.224142295644214062e-01,-2.686914199075427466e-03,2.431617235877038888e-03,2.246812597303984513e-02,-5.219308484527884762e-01,1.995309065150624450e+00,2.800119147040857293e+00,5.083853387148864478e-01,-1.290964965152454056e+02,-1.811677088135434701e+02,-3.289253141485315268e+01
1.596450390999998490e+02,-1.529870829842281399e+00,5.222415651549006110e-01,-1.081740421680752948e-02,5.396413636138030134e-04,2.136702982435920856e-02,-5.218042759617108617e-01,2.010945220210464512e+00,2.785678075581782043e+00,5.201775692402565987e-01,-1.301081557476170474e+02,-1.802333714901413089e+02,-3.365548872984460615e+01
1.597538953999992373e+02,-1.560511138852956003e+00,5.237827275918589542e-01,-1.416282826921687887e-01,8.327178882191007062e-03,5.387108813552999968e-03,-5.237550236343307963e-01,2.026536221205251564e+00,2.770781013775669877e+00,5.330204228409820555e-01,-1.311168935119797823e+02,-1.792695315912858405e+02,-3.448642135781154394e+01
1.598579441000001680e+02,-1.566093894603740821e+00,5.238074905766683109e-01,-9.856619241057690273e-02,4.725470457914161294e-03,2.463160127710171260e-03,-5.238016991442580039e-01,2.042079606135191572e+00,2.755434365937390773e+00,5.469027003577437984e-01,-1.321225505169468875e+02,-1.782766034761491767e+02,-3.538460471314602529e+01
1.599634351000004244e+02,-1.566093894603740821e+00,5.238074905766683109e-01,-5.264285067337768492e-02,2.523808920620726134e-03,2.463160127710171260e-03,-5.238016991442580039e-01,2.057572920519619153e+00,2.739644729660923428e+00,5.618122962381240093e-01,-1.331249679576193614e+02,-1.772550140090617674e+02,-3.634925556660662238e+01
1.600672235000001820e+02,-1.565773727914489877e+00,5.238535532269591455e-01,-2.664966436264228772e-02,1.546046841548700005e-03,2.631095207681931943e-03,-5.238469457451466749e-01,2.073013717784593979e+00,2.723418892982971684e+00,5.777362090928055416e-01,-1.341239875406632223e+02,-1.762052023759982831e+02,-3.737953272830451823e+01
1.601716142000004766e+02,-1.565511756437401703e+00,5.237823205993717979e-01,-1.314129511627660715e-02,5.095987898030861002e-04,2.767951641892288719e-03,-5.237750068647523127e-01,2.088399559649222859e+00,2.706763831464822356e+00,5.946605530329907019e-01,-1.351194515093047244e+02,-1.751276198957740178e+02,-3.847453778123450263e+01
1.602818920999998227e+02,-1.565362702206890111e+00,5.238274045760471509e-01,-6.354451434971443088e-03,4.722840100115696508e-04,2.846267459663381124e-03,-5.238196717825952531e-01,2.103728016510721943e+00,2.689686705193440552e+00,6.125705697790937432e-01,-1.361112026682437204e+02,-1.740227298260156203e+02,-3.963331586470737022e+01
1.603871547999988252e+02,-1.565362702206890111e+00,5.238274045760471509e-01,-3.315684560115288518e-03,2.464327276728542522e-04,2.846267459663381124e-03,-5.238196717825952531e-01,2.118996667828059177e+00,2.672194855703379446e+00,6.314506415301981423e-01,-1.370990844084754485e+02,-1.728910071640086699e+02,-4.085485650700382365e+01
1.604917470999989746e+02,-1.565362702206890111e+00,5.238274045760471509e-01,-1.766433013552536893e-03,1.312871890823039372e-04,2.846267459663381124e-03,-5.238196717825952531e-01,2.134203102504192540e+00,2.654295802820596517e+00,6.512843045829814770e-01,-1.380829407320212567e+02,-1.717329384424926104e+02,-4.213809450651890387e+01
1.605962400999997044e+02,-1.565362702206890111e+00,5.238274045760471509e-01,-9.435069970071655087e-04,7.012458472310611037e-05,2.846267459663381124e-03,-5.238196717825952531e-01,2.149344919266811704e+00,2.635997241429628879e+00,6.720542636883486409e-01,-1.390626162765627214e+02,-1.705490215204970070e+02,-4.348191086063616240e+01
1.607017624000000069e+02,-1.565362702206890111e+00,5.238274045760471509e-01,-5.037430726563586498e-04,3.743986413372655506e-05,2.846267459663381124e-03,-5.238196717825952531e-01,2.164419727047512065e+00,2.617307038165564315e+00,6.937424071330908770e-01,-1.400379563399740448e+02,-1.693397653693120049e+02,-4.488513374151098390e+01
1.608104772999995475e+02,-1.565362702206890111e+00,5.238274045760471509e-01,-2.681728712624727108e-04,1.993150161147250516e-05,2.846267459663381124e-03,-5.238196717825952531e-01,2.179425145359396687e+00,2.598233228032112763e+00,7.163298225336365288e-01,-1.410088069047529586e+02,-1.681056898536777169e+02,-4.634653951792628845e+01
1.609148513999989518e+02,-1.565362702206890111e+00,5.238274045760471509e-01,-1.408608444866440285e-04,1.046924745095125742e-05,2.846267459663381124e-03,-5.238196717825952531e-01,2.194358804672965402e+00,2.578784010947335226e+00,7.397968133278698399e-01,-1.419750146623408682e+02,-1.668473255082925846e+02,-4.786485382231317942e+01
1.610183199000002787e+02,-1.565362702206890111e+00,5.238274045760471509e-01,-7.536685718003407542e-05,5.601516023092513641e-06,2.846267459663381124e-03,-5.238196717825952531e-01,2.209218346790296383e+00,2.558967748218435645e+00,7.641229159508751145e-01,-1.429364270373321801e+02,-1.655652133097327976e+02,-4.943875266202162067e+01
1.611222216999994998e+02,-1.565362702206890111e+00,5.238274045760471509e-01,-4.045489211126063314e-05,3.006742417723341119e-06,2.846267459663381124e-03,-5.238196717825952531e-01,2.224001425217436267e+00,2.538792958947235778e+00,7.892869176794300445e-01,-1.438928922115681246e+02,-1.642599044438861711e+02,-5.106686357385912345e+01
1.612259491000004346e+02,-1.565447979047675631e+00,5.238133867015746237e-01,-4.018682366357282060e-04,-6.088159341760527888e-05,2.801522790507439756e-03,-5.238058949246634510e-01,2.238705705534921986e+00,2.518268316367747950e+00,8.152668751298380867e-01,-1.448442591481094723e+02,-1.629319600689933054e+02,-5.274776682090052304e+01
1.613305602999989787e+02,-1.578750689822759901e+00,5.238150332517378382e-01,-5.978616864704976164e-02,1.837124234981646971e-04,-4.166570995807820400e-03,-5.237984619552219501e-01,2.253328865766438760e+00,2.497402644117525661e+00,8.420401333928737575e-01,-1.457903776150886017e+02,-1.615819510744039178e+02,-5.447999663051893293e+01
1.614342961999991530e+02,-1.640549397058764347e+00,5.293268965915498558e-01,-3.032108432094122175e-01,3.008059875296736213e-02,-3.689224274197040743e-02,-5.280397010459619844e-01,2.267868596745468146e+00,2.476204912444313955e+00,8.695833457892254703e-01,-1.467310982094317922e+02,-1.602104578351471105e+02,-5.626204247256288937e+01
1.615398239999994985e+02,-1.658904386902041450e+00,5.311278466448892122e-01,-2.436615409488470663e-01,2.620354879740816392e-02,-4.673612043976638902e-02,-5.290675992043706310e-01,2.282322602479943008e+00,2.454684234349741256e+00,8.978724942281095522e-01,-1.476662723804523125e+02,-1.588180699624282681e+02,-5.809235037655869149e+01
1.616436625999995158e+02,-1.659369165525962586e+00,5.311473351337521187e-01,-1.315406162043186167e-01,1.404497362832066686e-02,-4.698373858836548539e-02,-5.290652322048260414e-01,2.296688600514793954e+00,2.432849861671569247e+00,9.268829101514268753e-01,-1.485957524533071705e+02,-1.574053860501505255e+02,-5.996932428679732396e+01
1.617483738999999332e+02,-1.659369165525962586e+00,5.311473351337521187e-01,-7.046227345473657366e-02,7.523461581828926568e-03,-4.698373858836548539e-02,-5.290652322048260414e-01,2.310964322292398787e+00,2.410711181106301559e+00,9.565892960450999016e-01,-1.495193916523182054e+02,-1.559730134175777039e+02,-6.189132745411796321e+01
1.618529734999992797e+02,-1.659369165525962586e+00,5.311473351337521187e-01,-3.766277074958875037e-02,4.021363417712911156e-03,-4.698373858836548539e-02,-5.290652322048260414e-01,2.325147513510799957e+00,2.388277710173767776e+00,9.869657474989088630e-01,-1.504370441241487697e+02,-1.545215678482427677e+02,-6.385668386317940559e+01
1.619578209999999672e+02,-1.659369165525962586e+00,5.311473351337521187e-01,-2.010738315354807307e-02,2.146923697601245233e-03,-4.698373858836548539e-02,-5.290652322048260414e-01,2.339235934479686918e+00,2.365559093125554124e+00,1.017985775795473558e+00,-1.513485649608357448e+02,-1.530516733252233621e+02,-6.586367969396714273e+01
1.620626049999991665e+02,-1.659369165525962586e+00,5.311473351337521187e-01,-1.073139242245426880e-02,1.145821936354758262e-03,-4.698373858836548539e-02,-5.290652322048260414e-01,2.353227360474074992e+00,2.342565096798823632e+00,1.049622331008873033e+00,-1.522538102226726551e+02,-1.515639617628839062e+02,-6.791056481627408914e+01
1.621703906000002462e+02,-1.659369165525962586e+00,5.311473351337521187e-01,-5.725348276602215854e-03,6.113120637425544521e-04,-4.698373858836548539e-02,-5.290652322048260414e-01,2.367119582085597251e+00,2.319305606417604082e+00,1.081847825592495260e+00,-1.531526369609381391e+02,-1.500590727352189901e+02,-6.999555431583443976e+01
1.622737118000004557e+02,-1.659369165525962586e+00,5.311473351337521187e-01,-3.022325990130502512e-03,3.227025237713416887e-04,-4.698373858836548539e-02,-5.290652322048260414e-01,2.380910405571421862e+00,2.295790621342974624e+00,1.114634158435892530e+00,-1.540449032404710010e+02,-1.485376532008904746e+02,-7.211683005080224973e+01
1.623781581000002916e+02,-1.659369165525962586e+00,5.311473351337521187e-01,-1.623834075585043864e-03,1.733814803857642477e-04,-4.698373858836548539e-02,-5.290652322048260414e-01,2.394597653200652765e+00,2.272030250774379478e+00,1.147952739369275887e+00,-1.549304681620822350e+02,-1.470003572251023627e+02,-7.427254223719215531e+01
1.624822803000006388e+02,-1.659369165525962586e+00,5.311473351337521187e-01,-8.667150999937205504e-04,9.254168844527173136e-05,-4.698373858836548539e-02,-5.290652322048260414e-01,2.408179163598220374e+00,2.248034709403609277e+00,1.181774514094640072e+00,-1.558091918848048749e+02,-1.454478456984135164e+02,-7.646081106192320931e+01
1.625867170000001352e+02,-1.659369165525962586e+00,5.311473351337521187e-01,-4.649788222880980783e-04,4.964713930349927190e-05,-4.698373858836548539e-02,-5.290652322048260414e-01,2.421652792086195660e+00,2.223814313023421363e+00,1.216069989521486150e+00,-1.566809356479768667e+02,-1.438807860526153775e+02,-7.867972832204016242e+01
1.626913743999994040e+02,-1.659369165525962586e+00,5.311473351337521187e-01,-2.483318446441650667e-04,2.651511228807071723e-05,-4.698373858836548539e-02,-5.290652322048260414e-01,2.435016411022441485e+00,2.199379474092827635e+00,1.250809259485267333e+00,-1.575455617931519612e+02,-1.422998519738059429e+02,-8.092735908869680372e+01
1.627961085999995703e+02,-1.659369165525962586e+00,5.311473351337521187e-01,-1.326970133082682043e-04,1.416844550565786080e-05,-4.698373858836548539e-02,-5.290652322048260414e-01,2.448267910136615377e+00,2.174740697260612254e+00,1.285962030825993363e+00,-1.584029337858390249e+02,-1.407057231127616319e+02,-8.320174339444177747e+01
1.629023048999988532e+02,-1.659369165525962586e+00,5.311473351337521187e-01,-7.075089250124818436e-05,7.554278275667353437e-06,-4.698373858836548539e-02,-5.290652322048260414e-01,2.461405196863391431e+00,2.149908574849436427e+00,1.321497649804349805e+00,-1.592529162370614415e+02,-1.390990847927585321e+02,-8.550089794234143881e+01
1.630057283000005555e+02,-1.659369165525962586e+00,5.311473351337521187e-01,-3.762538134614464410e-05,4.017371242516350794e-06,-4.698373858836548539e-02,-5.290652322048260414e-01,2.474426196672902201e+00,2.124893782302074818e+00,1.357385128832155008e+00,-1.600953749247367739e+02,-1.374806277149442337e+02,-8.782281783544043208e+01
1.631105523000005633e+02,-1.659369165525962586e+00,5.311473351337521187e-01,-2.017734324750241229e-05,2.154393540019325838e-06,-4.698373858836548539e-02,-5.290652322048260414e-01,2.487328853398342421e+00,2.099707073592052886e+00,1.393593173494075410e+00,-1.609301768148727660e+02,-1.358510476614058291e+02,-9.016547832506668669e+01
1.632148875000002590e+02,-1.659369165525962586e+00,5.311473351337521187e-01,-1.078133655994381299e-05,1.151154616968328698e-06,-4.698373858836548539e-02,-5.290652322048260414e-01,2.500111129560626644e+00,2.074359276600430846e+00,1.430090209836716753e+00,-1.617571900825725493e+02,-1.342110451960478770e+02,-9.252683657643558490e+01
1.633184872000001633e+02,-1.659369165525962586e+00,5.311473351337521187e-01,-5.767325071221320208e-06,6.157940480181260853e-07,-4.698373858836548539e-02,-5.290652322048260414e-01,2.512771006690180275e+00,2.048861288460856578e+00,1.466844411901702783e+00,-1.625762841328546813e+02,-1.325613253634174384e+02,-9.490483345004017224e+01
1.634283018999994965e+02,-1.659369165525962586e+00,5.311473351337521187e-01,-3.092000222242457634e-06,3.301418438902767110e-07,-4.698373858836548539e-02,-5.290652322048260414e-01,2.525306485645646415e+00,2.023224070874846348e+00,1.503823729478279692e+00,-1.633873296212733237e+02,-1.309025973856025757e+02,-9.729739529724470515e+01
1.635315506000006280e+02,-1.659369165525962586e+00,5.311473351337521187e-01,-1.615236552950514158e-06,1.724634979241092167e-07,-4.698373858836548539e-02,-5.290652322048260414e-01,2.537715586929581768e+00,1.997458645399266208e+00,1.540995916051655312e+00,-1.641901984743439584e+02,-1.292355743573325242e+02,-9.970243576854210232e+01
1.636352274000000762e+02,-1.659369165525962586e+00,5.311473351337521187e-01,-8.680038582153069964e-07,9.267929290355818821e-08,-4.698373858836548539e-02,-5.290652322048260414e-01,2.549996351001046602e+00,1.971576088708164143e+00,1.578328556922386827e+00,-1.649847639097677359e+02,-1.275609729394182210e+02,-1.021178576328784260e+02
1.637394241999991209e+02,-1.659369165525962586e+00,5.311473351337521187e-01,-4.659164278929416979e-07,4.974725017703615500e-08,-4.698373858836548539e-02,-5.290652322048260414e-01,2.562146838585023900e+00,1.945587527830824115e+00,1.615789097472471125e+00,-1.657709004564510451e+02,-1.258795130506543245e+02,-1.045415546064688925e+02
1.638436554999989312e+02,-1.659369165525962586e+00,5.311473351337521187e-01,-2.495332522845673652e-07,2.664339007111001833e-08,-4.698373858836548539e-02,-5.290652322048260414e-01,2.574165130978674387e+00,1.919504135368222952e+00,1.653344871553527051e+00,-1.665484839743202485e+02,-1.241919175583240360e+02,-1.069714131895131999e+02
1.639487102999992203e+02,-1.659369165525962586e+00,5.311473351337521187e-01,-1.334587381503016356e-07,1.424977707933528986e-08,-4.698373858836548539e-02,-5.290652322048260414e-01,2.586049330354308839e+00,1.893337124689841611e+00,1.690963129972110623e+00,-1.673173916739237939e+02,-1.224989119674327611e+02,-1.094053145091955628e+02
1.640531577000001562e+02,-1.659369165525962586e+00,5.311473351337521187e-01,-7.107447765230158300e-08,7.588828402040503250e-09,-4.698373858836548539e-02,-5.290652322048260414e-01,2.597797560059079913e+00,1.867097745113049934e+00,1.728611069047478077e+00,-1.680775021358224706e+02,-1.208012241088143384e+02,-1.118411361673718432e+02
1.641583281000002899e+02,-1.659369165525962586e+00,5.311473351337521187e-01,-3.793005643643468642e-08,4.049902286780907853e-09,-4.698373858836548539e-02,-5.290652322048260414e-01,2.609407964911330868e+00,1.840797277066892335e+00,1.766255859216957713e+00,-1.688286953297631214e+02,-1.190995838262279420e+02,-1.142767540913371676e+02
1.642621749999998428e+02,-1.658277920237269276e+00,5.293478196020109383e-01,4.873191937917414548e-03,-8.007525080119110711e-03,-4.624914701913339365e-02,-5.273235539186598153e-01,2.620878711493536350e+00,1.814447027242688693e+00,1.803864673663715612e+00,-1.695708526336318016e+02,-1.173947226626019642e+02,-1.167100443860424122e+02
1.643670478999993065e+02,-1.658277920237269276e+00,5.293478196020109383e-01,2.612001676560025531e-03,-4.291985458571122812e-03,-4.624914701913339365e-02,-5.273235539186598153e-01,2.632207988441841895e+00,1.788058323733108690e+00,1.841404716942310671e+00,-1.703038568521871809e+02,-1.156873735455321395e+02,-1.191388851861674993e+02
1.644705878999993729e+02,-1.658277920237269276e+00,5.293478196020109383e-01,1.393716103386781480e-03,-2.290124582534894173e-03,-4.624914701913339365e-02,-5.273235539186598153e-01,2.643394006732083579e+00,1.761642511162282654e+00,1.878843253576792049e+00,-1.710275922355658054e+02,-1.139782704721996964e+02,-1.215611585064184510e+02
1.645751208999990922e+02,-1.658277920237269276e+00,5.293478196020109383e-01,7.484198108823588227e-04,-1.229787474502723769e-03,-4.624914701913339365e-02,-5.273235539186598153e-01,2.654434999962301145e+00,1.735210945808613570e+00,1.916147636606511773e+00,-1.717419444975608940e+02,-1.122681481938172965e+02,-1.239747520884413206e+02
1.646798281999999745e+02,-1.655795331102262180e+00,5.261620080179130188e-01,1.152684782137272310e-02,-1.483514296177846845e-02,-4.466941325516277789e-02,-5.242624363817055544e-01,2.665329224631675764e+00,1.708774990722724985e+00,1.953285336054750632e+00,-1.724468008336694425e+02,-1.105577418997603161e+02,-1.263775612427423738e+02
1.647880661999988661e+02,-1.638486330182568507e+00,5.071827540293653014e-01,8.660387680790009035e-02,-9.201990431051237929e-02,-3.430499111219662695e-02,-5.060212580214430433e-01,2.676074960415835591e+00,1.682346010842397321e+00,1.990223967295325247e+00,-1.731420499389045631e+02,-1.088477869015031132e+02,-1.287674906840075550e+02
1.648926532999994379e+02,-1.650925987673421025e+00,5.005317666370372454e-01,-1.029015256115541239e-02,-7.760977119616607744e-02,-4.006453443751541166e-02,-4.989257284337004772e-01,2.686670510438534887e+00,1.655935368106738137e+00,2.026931319292542000e+00,-1.738275820253732036e+02,-1.071390183165059682e+02,-1.311424563582274629e+02
1.649979167999990750e+02,-1.679417119693314753e+00,5.021177221123694911e-01,-1.343408452426565758e-01,-3.342336040421341192e-02,-5.443323936647955635e-02,-4.991585212248572656e-01,2.697114201539597911e+00,1.629554416571642239e+00,2.063375382689603299e+00,-1.745032888396119972e+02,-1.054321707521852574e+02,-1.335003872600173338e+02
1.651024187999992137e+02,-1.684712863496270474e+00,5.024663355991504377e-01,-9.516412138711691227e-02,-1.603046992113858760e-02,-5.711550637525298485e-02,-4.992096126297414505e-01,2.707404384539132458e+00,1.603214497528593796e+00,2.099524377721311730e+00,-1.751690636796818694e+02,-1.037279779901000296e+02,-1.358392272385688671e+02
1.652074424000002182e+02,-1.684528527543213139e+00,5.024609094146778032e-01,-5.009892464144197893e-02,-8.606984324818812288e-03,-5.702286732334248959e-02,-4.992147414610765832e-01,2.717539434497957984e+00,1.576926934629049537e+00,2.135346781926480197e+00,-1.758248014120178766e+02,-1.020271726704995103e+02,-1.381569367906432717e+02
1.653111986999992951e+02,-1.684368983117159768e+00,5.024934865011905227e-01,-2.600824794217385799e-02,-4.447897959625427868e-03,-5.694691158597263436e-02,-4.992561999984992949e-01,2.727517750974191912e+00,1.550703029016311074e+00,2.170811357635936467e+00,-1.764703984880302130e+02,-1.003304859773553375e+02,-1.404514948390450968e+02
1.654151903999991191e+02,-1.684184652587541242e+00,5.024880886960210180e-01,-1.311453958946077678e-02,-2.409105100467230382e-03,-5.685427172184309014e-02,-4.992613254282361468e-01,2.737337758275992350e+00,1.524554054467131659e+00,2.205887179212303373e+00,-1.771057529604567264e+02,-9.863864732402342383e+01,-1.427209004950360338e+02
1.655200117999993381e+02,-1.684114807608086073e+00,5.024115575711286530e-01,-6.708694621955615771e-03,-1.631034372289269464e-03,-5.681074684393113555e-02,-4.991892549164918536e-01,2.746997905710369281e+00,1.498491252545030239e+00,2.240543660017605188e+00,-1.777307644994608893e+02,-9.695238403966345686e+01,-1.449631748031390543e+02
1.656235213999989355e+02,-1.683953271408446195e+00,5.024467451572048882e-01,-2.865446973645819576e-03,-7.152284256194485837e-04,-5.673408219578277706e-02,-4.992333879424245557e-01,2.756496667828058911e+00,1.472525827767556805e+00,2.274750579085219826e+00,-1.783453344084754235e+02,-9.527242105656092974e+01,-1.471763624668137425e+02
1.657273626999995031e+02,-1.683770919018189538e+00,5.024387980278626209e-01,-7.218467683279610955e-04,-4.193128727467193757e-04,-5.664214893637214976e-02,-4.992358287698842045e-01,2.765832544664412307e+00,1.446668942789337109e+00,2.308478107473088237e+00,-1.789493656397874872e+02,-9.359948059847010882e+01,-1.493585335535088063e+02
1.658320086999992782e+02,-1.679975139131127504e+00,4.975160530622523836e-01,1.673096804443484006e-02,-2.219464676775501771e-02,-5.421036379007584255e-02,-4.945537984005274890e-01,2.775004061976247272e+00,1.420931713603304392e+00,2.341696834274894723e+00,-1.795427628098632056e+02,-9.193428187013380182e+01,-1.515077851775857027e+02
1.659368842999992921e+02,-1.661371289283817942e+00,4.760329924270599311e-01,9.630513819259915731e-02,-1.069701394565751168e-01,-4.305774101536566367e-02,-4.740816815884315583e-01,2.784009771474662998e+00,1.395325204761758142e+00,2.374377792266928466e+00,-1.801254322144106936e+02,-9.027754074808575524e+01,-1.536222431596702904e+02
1.660403869000001578e+02,-1.651712484251472546e+00,4.656112480567837220e-01,9.774833381690258005e-02,-1.032081474929169573e-01,-3.763437363226271315e-02,-4.640878022942458436e-01,2.792848251053731801e+00,1.369860424619768979e+00,2.406492483167839147e+00,-1.806972818431764551e+02,-8.862996947289906302e+01,-1.557000636609591879e+02
1.661473514999997860e+02,-1.651271428590945778e+00,4.654817361689657651e-01,5.449239363924906349e-02,-5.595043828510568029e-02,-3.741927018996148158e-02,-4.639752632687709211e-01,2.801518105015069704e+00,1.344548320602557911e+00,2.438012902489630207e+00,-1.812582213944750151e+02,-8.699227634298550527e+01,-1.577394347910790771e+02
1.662524211999989348e+02,-1.651271428590945778e+00,4.654817361689657651e-01,2.875605758668905998e-02,-2.952547902333553867e-02,-3.741927018996148158e-02,-4.639752632687709211e-01,2.810017964288234360e+00,1.319399774499208533e+00,2.468911563957936650e+00,-1.818081622894487737e+02,-8.536516541009879688e+01,-1.597385781880785203e+02
1.663578882999991038e+02,-1.651267367401124675e+00,4.655698112687574053e-01,1.537440919968531203e-02,-1.537801634148865983e-02,-3.742446574616120625e-02,-4.640632053163025739e-01,2.818346486646908566e+00,1.294425597784502724e+00,2.499161523480493585e+00,-1.823470176860549827e+02,-8.374933617665732299e+01,-1.616957505691879362e+02
1.664627285999995365e+02,-1.651267367401124675e+00,4.655698112687574053e-01,8.189220901995261995e-03,-8.191142255893728297e-03,-3.742446574616120625e-02,-4.640632053163025739e-01,2.826502356920866266e+00,1.269636526971025248e+00,2.528736402642773218e+00,-1.828747024927800453e+02,-8.214548329502534330e+01,-1.636092452509874420e+02
1.665662883999993937e+02,-1.651267367401124675e+00,4.655698112687574053e-01,4.367778604561244928e-03,-4.368803372185656522e-03,-3.742446574616120625e-02,-4.640632053163025739e-01,2.834484287203645980e+00,1.245043218993497458e+00,2.557610411710381282e+00,-1.833911333820759069e+02,-8.055429626887928407e+01,-1.654773936376616632e+02
1.666711433000000397e+02,-1.651072651928206181e+00,4.655671763574605881e-01,3.216184252802538855e-03,-2.356367363090255181e-03,-3.733389345690176636e-02,-4.640678572157390103e-01,2.842291017055925906e+00,1.220656246627279229e+00,2.585758372118040160e+00,-1.838962288035184258e+02,-7.897645915678496920e+01,-1.672985666760372112e+02
1.667769475999994029e+02,-1.650898927437697727e+00,4.656024212858052014e-01,2.487094116075816083e-03,-1.099652706635117832e-03,-3.725609313411355761e-02,-4.641094679400396550e-01,2.849921313704567361e+00,1.196486093943133433e+00,2.613155738425733787e+00,-1.843899089966855058e+02,-7.741265027812073640e+01,-1.690711762761449961e+02
1.668806516999993619e+02,-1.650898927437697727e+00,4.656024212858052014e-01,1.324046903001927520e-03,-5.854188432946019933e-04,-3.725609313411355761e-02,-4.641094679400396550e-01,2.857373972237270632e+00,1.172543151800044203e+00,2.639778619722616071e+00,-1.848720960037514089e+02,-7.586354192146286834e+01,-1.707936766960532680e+02
1.669852241999997204e+02,-1.650898927437697727e+00,4.656024212858052014e-01,7.108321486272693463e-04,-3.142898739331039838e-04,-3.725609313411355761e-02,-4.641094679400396550e-01,2.864647815792862318e+00,1.148837713378154213e+00,2.665603800460332629e+00,-1.853427136817981875e+02,-7.432980005556657943e+01,-1.724645658897835290e+02
1.670912515999989409e+02,-1.650898927437697727e+00,4.656024212858052014e-01,3.756317949506074796e-04,-1.660831881454426413e-04,-3.725609313411355761e-02,-4.641094679400396550e-01,2.871741695747123124e+00,1.125379969753648179e+00,2.690608760697247526e+00,-1.858016877148388630e+02,-7.281208404306103432e+01,-1.740823868171119102e+02
1.671961026999997557e+02,-1.650898927437697727e+00,4.656024212858052014e-01,2.013475429966152502e-04,-8.902452432315158053e-05,-3.725609313411355761e-02,-4.641094679400396550e-01,2.878654491894174772e+00,1.102180005517618522e+00,2.714771695736221346e+00,-1.862489456255531195e+02,-7.131104635698991956e+01,-1.756457287141335257e+02
1.673032038999990618e+02,-1.650898927437697727e+00,4.656024212858052014e-01,1.074662186239860114e-04,-4.751549907896813622e-05,-3.725609313411355761e-02,-4.641094679400396550e-01,2.885385112623370940e+00,1.079247794440582275e+00,2.738071535138590917e+00,-1.866844167867321005e+02,-6.982733230030567029e+01,-1.771532283234668341e+02
1.674068523999994795e+02,-1.650898927437697727e+00,4.656024212858052014e-01,5.677402047191930769e-05,-2.510226889885838809e-05,-3.725609313411355761e-02,-4.641094679400396550e-01,2.891932495091670940e+00,1.056593195184806433e+00,2.760487961097928711e+00,-1.871080324324311164e+02,-6.836157972845697373e+01,-1.786035710830360017e+02
1.675115882999998576e+02,-1.645017016863352000e+00,4.588405239408402392e-01,2.674752398738927672e-02,-3.024489573971369735e-02,-3.402420198195649920e-02,-4.575772941152082551e-01,2.898295605391485452e+00,1.034225947065913198e+00,2.782001426157460156e+00,-1.875197256688291247e+02,-6.691441877516459158e+01,-1.799954922723876791e+02
1.676157356000003347e+02,-1.611073038377695443e+00,4.259111798563071094e-01,1.793437028582132164e-01,-1.612606552832747120e-01,-1.714966413716907667e-02,-4.255657671225140382e-01,2.904473438713933930e+00,1.012155665865997811e+00,2.802593170255757826e+00,-1.879194314847915450e+02,-6.548647158153005421e+01,-1.813277781155475452e+02
1.677202968000001420e+02,-1.564622534609779736e+00,3.888554920092667788e-01,3.417717750690907885e-01,-2.472583767506574270e-01,2.400697746922276447e-03,-3.888480812812336040e-01,2.910465019507520346e+00,9.903918396996918005e-01,2.822245237085759584e+00,-1.883070867621365778e+02,-6.407835202857006607e+01,-1.825992668394486600e+02
1.678250602999996772e+02,-1.561405897172495116e+00,3.855591116326189671e-01,1.997691747622470648e-01,-1.465885441737557193e-01,3.620512492947401424e-03,-3.855421124238216368e-01,2.916269401632181513e+00,9.689438249352304577e-01,2.840940489752975751e+00,-1.886826302856021584e+02,-6.269066547330941575e+01,-1.838088496870175277e+02
1.679332066999995732e+02,-1.561481430028123452e+00,3.853561162577266441e-01,1.065366512647889230e-01,-7.930035489852595154e-02,3.589500532313910641e-03,-3.853393982233935255e-01,2.921885668508690248e+00,9.478208421720784038e-01,2.858662625719063932e+00,-1.890460027525122655e+02,-6.132400848853347242e+01,-1.849554718840234386e+02
1.680369357999989006e+02,-1.561273127864061250e+00,3.853967761861169516e-01,5.689061207964415945e-02,-4.147290323095084719e-02,3.670154691141766339e-03,-3.853793002474251161e-01,2.927312933263402250e+00,9.270319722769660986e-01,2.875396191017947523e+00,-1.893971467821421300e+02,-5.997896860631971094e+01,-1.860381335588612046e+02
1.681412006999998994e+02,-1.561047702623574951e+00,3.854055099037619891e-01,3.158481513940452484e-02,-2.223864989479355098e-02,3.757113958972792527e-03,-3.853871964127481009e-01,2.932550338868298745e+00,9.065861524799554427e-01,2.891126593731847993e+00,-1.897360069247789340e+02,-5.865612406545312041e+01,-1.870558906144505613e+02
1.682458366999999271e+02,-1.561047702623574951e+00,3.854055099037619891e-01,1.687627208043840366e-02,-1.188246645325227377e-02,3.757113958972792527e-03,-3.853871964127481009e-01,2.937597058276320450e+00,8.864921725323260393e-01,2.905840116715695753e+00,-1.900625296704779430e+02,-5.735604356284149929e+01,-1.880078555515055143e+02
1.683495858000005683e+02,-1.561047702623574951e+00,3.854055099037619891e-01,9.006182220984877695e-03,-6.341190613818894171e-03,3.757113958972792527e-03,-3.853871964127481009e-01,2.942452294551971992e+00,8.667586709277934620e-01,2.919523929558654363e+00,-1.903766634575125920e+02,-5.607928600902823746e+01,-1.888931982424449529e+02
1.684540290000004461e+02,-1.561047702623574951e+00,3.854055099037619891e-01,4.838075420900873891e-03,-3.406455443071145818e-03,3.757113958972792527e-03,-3.853871964127481009e-01,2.947115280997156361e+00,8.473941311887873695e-01,2.932166099772446799e+00,-1.906783586805160269e+02,-5.482640028791454512e+01,-1.897111466552773038e+02
1.685574839000000793e+02,-1.561047702623574951e+00,3.854055099037619891e-01,2.584911480131110717e-03,-1.820018295562268523e-03,3.757113958972792527e-03,-3.853871964127481009e-01,2.951585281272261163e+00,8.284068782193536595e-01,2.943755603196653858e+00,-1.909675676983152925e+02,-5.359792502079218224e+01,-1.904609875268235157e+02
1.686632243000003655e+02,-1.561047702623574951e+00,3.854055099037619891e-01,1.387738439542662806e-03,-9.770970374949053058e-04,3.757113958972792527e-03,-3.853871964127481009e-01,2.955861589512425169e+00,8.098050747262138804e-01,2.954282333611959910e+00,-1.912442448414539058e+02,-5.239438833478604352e+01,-1.911420669846938267e+02
1.687665373999989242e+02,-1.561047702623574951e+00,3.854055099037619891e-01,7.386580589496838942e-04,-5.200840306472502301e-04,3.757113958972792527e-03,-3.853871964127481009e-01,2.959943530439005599e+00,7.915967177096261409e-01,2.963737111552904757e+00,-1.915083464194036651e+02,-5.121630763581281087e+01,-1.917537911174729572e+02
1.688710522000001220e+02,-1.561047702623574951e+00,3.854055099037619891e-01,3.967023157250350080e-04,-2.793153568550292825e-04,3.757113958972792527e-03,-3.853871964127481009e-01,2.963830459466210598e+00,7.737896350253803401e-01,2.972111692312537023e+00,-1.917598307274638216e+02,-5.006418938614211100e+01,-1.922956264926211531e+02
1.689747016999990592e+02,-1.561047702623574951e+00,3.854055099037619891e-01,2.119098568704700931e-04,-1.492042646252145395e-04,3.757113958972792527e-03,-3.853871964127481009e-01,2.967521762802887153e+00,7.563914820196422362e-01,2.979398773131896938e+00,-1.919986580533468157e+02,-4.893852888667085210e+01,-1.927671006216337446e+02
1.690796061999990343e+02,-1.561047702623574951e+00,3.854055099037619891e-01,1.136351493989751709e-04,-8.000972277572784440e-05,3.757113958972792527e-03,-3.853871964127481009e-01,2.971016857549447998e+00,7.394097382377994299e-01,2.985591999568156574e+00,-1.922247906834492994e+02,-4.783981006398562386e+01,-1.931678023720597253e+02
1.691842213999989326e+02,-1.561047702623574951e+00,3.854055099037619891e-01,6.065763249467180261e-05,-4.270861952309309599e-05,3.757113958972792527e-03,-3.853871964127481009e-01,2.974315191789915325e+00,7.228517042090425448e-01,2.990685971035766944e+00,-1.924381929088075367e+02,-4.676850526232505700e+01,-1.934973823260141330e+02
1.692898203000004287e+02,-1.561047702623574951e+00,3.854055099037619891e-01,3.241461573332497505e-05,-2.282290675395959249e-05,3.757113958972792527e-03,-3.853871964127481009e-01,2.977416244679078616e+00,7.067244983077820564e-01,2.994676245515862867e+00,-1.926388310307363838e+02,-4.572507504051350224e+01,-1.937555530848763397e+02
1.693927301000003354e+02,-1.561047702623574951e+00,3.854055099037619891e-01,1.726783344237428104e-05,-1.215816210009988812e-05,3.757113958972792527e-03,-3.853871964127481009e-01,2.980319526524738194e+00,6.910350536934668497e-01,2.997559343429761824e+00,-1.928266733661505725e+02,-4.470996797396730926e+01,-1.939420895199056076e+02
1.694957902000005561e+02,-1.561047702623574951e+00,3.854055099037619891e-01,9.275341358672402965e-06,-6.530703701123612368e-06,3.757113958972792527e-03,-3.853871964127481009e-01,2.983024578865032694e+00,6.757901153299641361e-01,2.999332750673210590e+00,-1.930016902525676130e+02,-4.372362046184868234e+01,-1.940568289685567436e+02
1.695999981999993906e+02,-1.561047702623574951e+00,3.854055099037619891e-01,4.994641897984425339e-06,-3.516692816750704043e-06,3.757113958972792527e-03,-3.853871964127481009e-01,2.985530974540840710e+00,6.609962370858799563e-01,2.999994920808721766e+00,-1.931638540527924022e+02,-4.276645653945643488e+01,-1.940996713763242951e+02
1.697074352999989060e+02,-1.561047702623574951e+00,3.854055099037619891e-01,2.669543191019460260e-06,-1.879606897874375278e-06,3.757113958972792527e-03,-3.853871964127481009e-01,2.987838317763230833e+00,6.466597789169998833e-01,2.999545276414091965e+00,-1.933131391592810360e+02,-4.183888769592989121e+01,-1.940705793839917703e+02
1.698145641999999498e+02,-1.576939712957613038e+00,3.745749488296453156e-01,-7.186704762574887273e-02,-4.739175268484665388e-02,-2.301144082822485608e-03,-3.745678803990559746e-01,2.989946244175959666e+00,6.327869041321465549e-01,2.997984209585919491e+00,-1.934495219981845935e+02,-4.094131269734988621e+01,-1.939695783602089989e+02
1.699206919999996899e+02,-1.657810116208312090e+00,3.048909756158513784e-01,-4.906857548893707177e-01,-3.256198120018574116e-01,-2.649625396712066566e-02,-3.037374779932425772e-01,2.991854420913011126e+00,6.193835767435245110e-01,2.995313081597689830e+00,-1.935729810330718408e+02,-4.007411741530603422e+01,-1.937967563793705494e+02
1.700263080999993690e+02,-1.745571229283798154e+00,1.745105872621919851e-01,-1.215051869350745717e+00,-7.352810345351041832e-01,-3.034503064085793470e-02,-1.718520415415555058e-01,2.993562546651157952e+00,6.064555589027689209e-01,2.991534221712730091e+00,-1.936834967683299169e+02,-3.923767466100915158e+01,-1.935522641448136483e+02
1.701339007999995374e+02,-1.745571229283798154e+00,0.000000000000000000e+00,0.000000000000000000e+00,0.000000000000000000e+00,-0.000000000000000000e+00,-0.000000000000000000e+00,2.995070351657544983e+00,5.940084084237740036e-01,2.986650925153052416e+00,-1.937810517522431724e+02,-3.843234402501818181e+01,-1.932363148574025047e+02
1.702433462999997573e+02,1.841255160794835533e+00,1.578663214669702997e-01,-1.335920839650079239e+00,1.273155940955634335e+00,-4.217771649581127796e-02,1.521276295901299314e-01,2.996377597832283080e+00,5.820474763933478624e-01,2.980667450225870763e+00,-1.938656305797487107e+02,-3.765847172264960818e+01,-1.928491840296138378e+02
1.703540214999993623e+02,1.783333827753423861e+00,3.304571638188623650e-01,-3.368321648366134902e-01,1.423351730366046786e+00,-6.970695812916102851e-02,3.230214808764051981e-01,2.997484078746046166e+00,5.705779048707841916e-01,2.973589014610294345e+00,-1.939372198948692017e+02,-3.691639044513974000e+01,-1.923912092452860634e+02
1.704616544999989856e+02,1.867003964619084577e+00,4.289940405139159307e-01,3.271638227119914671e-04,1.161950417265186219e+00,-1.252212619133883376e-01,4.103114943080122257e-01,2.998389619672672701e+00,5.596046246772310440e-01,2.965421790807435620e+00,-1.939958083928219423e+02,-3.620641921661685103e+01,-1.918627898652410977e+02
1.705700799000005645e+02,2.038717492211393534e+00,5.035133552694082137e-01,4.337572785904844630e-01,9.629181402157924730e-01,-2.271005778189259527e-01,4.493896154663203357e-01,2.999094077616751619e+00,5.491323532759559978e-01,2.956172900757903399e+00,-1.940413868218038260e+02,-3.552886325695435232e+01,-1.912643866790363631e+02
1.706777755000002799e+02,2.153402927256197863e+00,5.773225145763060118e-01,5.338762405936562372e-01,8.529315622399333829e-01,-3.176442310822268356e-01,4.820823874576730117e-01,2.999597341336207812e+00,5.391655927442324803e-01,2.945850409631345812e+00,-1.940739479844526443e+02,-3.488401385055184534e+01,-1.905965215031480966e+02
1.707823043999997026e+02,2.159024420094253216e+00,5.955694999161325054e-01,2.929773897473975097e-01,5.315925771810980915e-01,-3.304742501129835364e-01,4.954692717440843941e-01,2.999899331359865862e+00,5.297086278379214974e-01,2.934463318793525843e+00,-1.940934867389833300e+02,-3.427214822111352532e+01,-1.898597767259411171e+02
1.708864818000001833e+02,2.160383459840296005e+00,6.019633528391418187e-01,1.600532764718737011e-01,3.123009739019877440e-01,-3.347024038713095062e-01,5.003340674030781754e-01,3.000000000000000000e+00,5.207655241494040244e-01,2.922021557956978377e+00,-1.941000000000000227e+02,-3.369352941246643951e+01,-1.890547947998165057e+02
1.709912458999988303e+02,2.160065478828848917e+00,6.014300503144891508e-01,8.451116504477823588e-02,1.649551544520594659e-01,-3.342469054310360788e-01,4.999971116227223122e-01,2.999899331359865862e+00,5.123401263597875399e-01,2.908535976522155231e+00,-1.940934867389833300e+02,-3.314840617547825730e+01,-1.881822776809834465e+02
1.710952552999988256e+02,2.160065478828848917e+00,6.014300503144891508e-01,4.512333999133166101e-02,8.807507876289551174e-02,-3.342469054310360788e-01,4.999971116227223122e-01,2.999597341336207368e+00,5.044360565860461776e-01,2.894018334116606805e+00,-1.940739479844526159e+02,-3.263701286111719213e+01,-1.872429862173444803e+02
1.712028389999995852e+02,2.160065478828848917e+00,6.014300503144891508e-01,2.414180117821766031e-02,4.712175651576658991e-02,-3.342469054310360788e-01,4.999971116227223122e-01,2.999094077616751175e+00,4.970567128238632115e-01,2.878481290340390242e+00,-1.940413868218037976e+02,-3.215956931970394805e+01,-1.862377394850232690e+02
1.713105630999998539e+02,2.160065478828848917e+00,6.014300503144891508e-01,1.274411931184947673e-02,2.487491644835033294e-02,-3.342469054310360788e-01,4.999971116227223122e-01,2.998389619672672257e+00,4.902052674868058180e-01,2.861938393726706664e+00,-1.939958083928219139e+02,-3.171628080639633751e+01,-1.851674140741179428e+02
1.714178418999999849e+02,2.160065478828848917e+00,6.014300503144891508e-01,6.704190857880034868e-03,1.308573651601808996e-02,-3.342469054310360788e-01,4.999971116227223122e-01,2.997484078746046166e+00,4.838846660425062396e-01,2.844404069927403800e+00,-1.939372198948692017e+02,-3.130733789295015512e+01,-1.840329433243030337e+02
1.715217412000001787e+02,2.160065478828848917e+00,6.014300503144891508e-01,3.542999630271057802e-03,6.915489224711182312e-03,-3.342469054310360788e-01,4.999971116227223122e-01,2.996377597832282191e+00,4.780976257463811496e-01,2.825893609133558027e+00,-1.938656305797486539e+02,-3.093291638579086111e+01,-1.828353165109412259e+02
1.716275227999994968e+02,2.160065478828848917e+00,6.014300503144891508e-01,1.899675682631078158e-03,3.707927768729688597e-03,-3.342469054310360788e-01,4.999971116227223122e-01,2.995070351657544983e+00,4.728466344734734150e-01,2.806423152742250071e+00,-1.937810517522431724e+02,-3.059317725043372960e+01,-1.815755779824235958e+02
1.717344546999993327e+02,2.160065478828848917e+00,6.014300503144891508e-01,1.009774254401998774e-03,1.970952216885652006e-03,-3.342469054310360788e-01,4.999971116227223122e-01,2.993562546651157508e+00,4.681339496489054230e-01,2.786009679280965212e+00,-1.936834967683298885e+02,-3.028826654228418391e+01,-1.802548262494784694e+02
1.718396919999995589e+02,2.160065478828848917e+00,6.014300503144891508e-01,5.335698409629879542e-04,1.041461154634132358e-03,-3.342469054310360788e-01,4.999971116227223122e-01,2.991854420913010237e+00,4.639615972773953878e-01,2.764670989602120432e+00,-1.935729810330717839e+02,-3.001831534384748323e+01,-1.788742130272572126e+02
1.719445550999989791e+02,2.160065478828848917e+00,6.014300503144891508e-01,2.845422540858259883e-04,5.553906569149196035e-04,-3.342469054310360788e-01,4.999971116227223122e-01,2.989946244175959222e+00,4.603313710722780616e-01,2.742425691360412365e+00,-1.934495219981845651e+02,-2.978343970837639176e+01,-1.774349422310186810e+02
1.720504244000003382e+02,2.160065478828848917e+00,6.014300503144891508e-01,1.516549003821789521e-04,2.960112726253288831e-04,-3.342469054310360788e-01,4.999971116227223122e-01,2.987838317763229945e+00,4.572448316843695792e-01,2.719293182786699958e+00,-1.933131391592809791e+02,-2.958374060997871169e+01,-1.759382689262994859e+02
1.721585111000003963e+02,2.160065478828848917e+00,6.014300503144891508e-01,8.053356317796469491e-05,1.571913763768029810e-04,-3.342469054310360788e-01,4.999971116227223122e-01,2.985530974540839821e+00,4.547033060310474717e-01,2.695293635772441299e+00,-1.931638540527923453e+02,-2.941930390020877439e+01,-1.743854982344769553e+02
1.722658126999995147e+02,2.160065478828848917e+00,6.014300503144891508e-01,4.242415598113608071e-05,8.280661139458469220e-05,-3.342469054310360788e-01,4.999971116227223122e-01,2.983024578865031362e+00,4.527078867257905426e-01,2.670447978279511414e+00,-1.930016902525675278e+02,-2.929020027115864977e+01,-1.727779841946843931e+02
1.723735904999994091e+02,2.160065478828848917e+00,6.014300503144891508e-01,2.234043764487819548e-05,4.360572168523410862e-05,-3.342469054310360788e-01,4.999971116227223122e-01,2.980319526524736418e+00,4.512594316084688195e-01,2.644777876090688373e+00,-1.928266733661504588e+02,-2.919648522506793498e+01,-1.711171285830675401e+02
1.724796028999990085e+02,2.160065478828848917e+00,6.014300503144891508e-01,1.179197009923098333e-05,2.301644105819717831e-05,-3.342469054310360788e-01,4.999971116227223122e-01,2.977416244679078172e+00,4.503585633765494478e-01,2.618305713916808219e+00,-1.926388310307363554e+02,-2.913819905046274883e+01,-1.694043796904174997e+02
1.725877239000001282e+02,2.160065478828848917e+00,6.014300503144891508e-01,6.256497468074757295e-06,1.221189538244281136e-05,-3.342469054310360788e-01,4.999971116227223122e-01,2.974315191789913992e+00,4.500056693173983824e-01,2.591054575876908128e+00,-1.924381929088074514e+02,-2.911536680483567707e+01,-1.676412310592359631e+02
1.726926652999991347e+02,2.160065478828848917e+00,6.014300503144891508e-01,3.295652790732097045e-06,6.432699334194819023e-06,-3.342469054310360788e-01,4.999971116227223122e-01,2.971016857549446222e+00,4.502009011417826834e-01,2.563048225368610211e+00,-1.922247906834491857e+02,-2.912799830387334055e+01,-1.658292201813490863e+02
1.727971412000006239e+02,2.160065478828848917e+00,6.014300503144891508e-01,1.755891259715085275e-06,3.427278677247621440e-06,-3.342469054310360788e-01,4.999971116227223122e-01,2.967521762802885377e+00,4.509441749186497983e-01,2.534311084345992615e+00,-1.919986580533467020e+02,-2.917608811723664175e+01,-1.639699271571857366e+02
1.729033873999997013e+02,2.160065478828848917e+00,6.014300503144891508e-01,9.405258699246799962e-07,1.835788088560603094e-06,-3.342469054310360788e-01,4.999971116227223122e-01,2.963830459466209266e+00,4.522351711112098105e-01,2.504868212023362517e+00,-1.917598307274637364e+02,-2.925961557089527432e+01,-1.620649733179115515e+02
1.730087800999990577e+02,2.160065478828848917e+00,6.014300503144891508e-01,4.987282663714708812e-07,9.734547874866497291e-07,-3.342469054310360788e-01,4.999971116227223122e-01,2.959943530439004711e+00,4.540733347143055543e-01,2.474745283023187969e+00,-1.915083464194036083e+02,-2.937854475601557169e+01,-1.601160198116002675e+02
1.731158586000001378e+02,2.160065478828848917e+00,6.014300503144891508e-01,2.655770593758557813e-07,5.183729845051387130e-07,-3.342469054310360788e-01,4.999971116227223122e-01,2.955861589512423393e+00,4.564578754930124216e-01,2.443968564987491376e+00,-1.912442448414537921e+02,-2.953282454439790428e+01,-1.581247661546906897e+02
1.732246039999990899e+02,2.160065478828848917e+00,6.014300503144891508e-01,1.400336366585572621e-07,2.733280289208736993e-07,-3.342469054310360788e-01,4.999971116227223122e-01,2.951585281272258943e+00,4.593877683223634989e-01,2.412564895672050902e+00,-1.909675676983151504e+02,-2.972238861045692104e+01,-1.560929487499817014e+02
1.733284311999996135e+02,2.160065478828848917e+00,6.014300503144891508e-01,7.357177588552004290e-08,1.436028440511732395e-07,-3.342469054310360788e-01,4.999971116227223122e-01,2.947115280997154141e+00,4.628617536280541511e-01,2.380561659543490194e+00,-1.906783586805158848e+02,-2.994715545973510373e+01,-1.540223393724638186e+02
1.734332739000001311e+02,2.160065478828848917e+00,6.014300503144891508e-01,3.944084867095924910e-08,7.698357111502599087e-08,-3.342469054310360788e-01,4.999971116227223122e-01,2.942452294551969771e+00,4.668783379279437540e-01,2.347986763899586826e+00,-1.903766634575124499e+02,-3.020702846393796293e+01,-1.519147436243032701e+02
1.735396189000002778e+02,2.160065478828848917e+00,6.014300503144891508e-01,2.104806619049102172e-08,4.108317531216120537e-08,-3.342469054310360788e-01,4.999971116227223122e-01,2.937597058276320006e+00,4.714357944741023321e-01,2.314868614533747149e+00,-1.900625296704779146e+02,-3.050189590247442339e+01,-1.497719993603334387e+02
1.736462561999996979e+02,2.160065478828848917e+00,6.014300503144891508e-01,1.115510528922681139e-08,2.177336112853750956e-08,-3.342469054310360788e-01,4.999971116227223122e-01,2.932550338868296969e+00,4.765321639951589638e-01,2.281236090964661400e+00,-1.897360069247788203e+02,-3.083163101048678456e+01,-1.475959750854136132e+02
1.737507124000003387e+02,2.160065478828848917e+00,6.014300503144891508e-01,5.907952422183282098e-09,1.153157933369274241e-08,-3.342469054310360788e-01,4.999971116227223122e-01,2.927312933263400474e+00,4.821652555385831374e-01,2.247118521253030909e+00,-1.893971467821420163e+02,-3.119609203334633207e+01,-1.453885683250711054e+02
1.738547168000004604e+02,2.160065478828848917e+00,6.014300503144891508e-01,3.161081019691883908e-09,6.170032179327604561e-09,-3.342469054310360788e-01,4.999971116227223122e-01,2.921885668508688028e+00,4.883326474126088446e-01,2.212545656426947893e+00,-1.890460027525121234e+02,-3.159512228759579244e+01,-1.431517039708235473e+02
1.739593607000006159e+02,2.160065478828848917e+00,6.014300503144891508e-01,1.692481217579572735e-09,3.303510258143080669e-09,-3.342469054310360788e-01,4.999971116227223122e-01,2.916269401632178848e+00,4.950316882273091412e-01,2.177547644538656790e+00,-1.886826302856019879e+02,-3.202855022830690501e+01,-1.408873326016511101e+02
1.740645211999999447e+02,2.160065478828848917e+00,6.014300503144891508e-01,9.032025851573012980e-10,1.762937735590092302e-09,-3.342469054310360788e-01,4.999971116227223122e-01,2.910465019507519457e+00,5.022594980344590176e-01,2.142155004374928229e+00,-1.883070867621365210e+02,-3.249618952282949635e+01,-1.385974287830578646e+02
1.741718392999991920e+02,2.160065478828848917e+00,6.014300503144891508e-01,4.812913540574129448e-10,9.394201299072819545e-10,-3.342469054310360788e-01,4.999971116227223122e-01,2.904473438713931266e+00,5.100129695656225870e-01,2.106398598844282599e+00,-1.879194314847913745e+02,-3.299783913089578391e+01,-1.362839893452250806e+02
1.742773901000000478e+02,2.160065478828848917e+00,6.014300503144891508e-01,2.544701944612771103e-10,4.966937825145879653e-10,-3.342469054310360788e-01,4.999971116227223122e-01,2.898295605391482788e+00,5.182887695679914142e-01,2.070309608064041296e+00,-1.875197256688289542e+02,-3.353328339104904643e+01,-1.339490316417434883e+02
1.743840949999994336e+02,2.160065478828848917e+00,6.014300503144891508e-01,1.351256467681883240e-10,2.637482505568433107e-10,-3.342469054310360788e-01,4.999971116227223122e-01,2.891932495091667832e+00,5.270833402373598098e-01,2.033919502170816962e+00,-1.871080324324309174e+02,-3.410229211335717991e+01,-1.315945917904518581e+02
1.744886150000002090e+02,2.160065478828848917e+00,6.014300503144891508e-01,7.147566957057780871e-11,1.395115084182301267e-10,-3.342469054310360788e-01,4.999971116227223122e-01,2.885385112623367831e+00,5.363929007476528898e-01,1.997260013878052520e+00,-1.866844167867319015e+02,-3.470462067837314635e+01,-1.292227228979100175e+02
1.745914186999998492e+02,2.160065478828848917e+00,6.014300503144891508e-01,3.827078681015589345e-11,7.469975767019866995e-11,-3.342469054310360788e-01,4.999971116227223122e-01,2.878654491894173884e+00,5.462134488763028539e-01,1.960363110804684394e+00,-1.862489456255530627e+02,-3.534001014229679782e+01,-1.268354932690630790e+02
1.746952464000005421e+02,2.160065478828848917e+00,6.014300503144891508e-01,2.060723049805105051e-11,4.022271954047839408e-11,-3.342469054310360788e-01,4.999971116227223122e-01,2.871741695747120460e+00,5.565407627248355471e-01,1.923260967598823257e+00,-1.858016877148386925e+02,-3.600818734829686463e+01,-1.244349846036438691e+02
1.748024631999996927e+02,2.160065478828848917e+00,6.014300503144891508e-01,1.106612670998828540e-11,2.159968614401398777e-11,-3.342469054310360788e-01,4.999971116227223122e-01,2.864647815792858765e+00,5.673704025338754953e-01,1.885985937881089702e+00,-1.853427136817979601e+02,-3.670886504394174921e+01,-1.220232901809065140e+02
1.749087295999997878e+02,2.160065478828848917e+00,6.014300503144891508e-01,5.841712678383715667e-12,1.140228769319135497e-11,-3.342469054310360788e-01,4.999971116227223122e-01,2.857373972237267523e+00,5.786977125918355558e-01,1.848570526031651395e+00,-1.848720960037512100e+02,-3.744174200469176128e+01,-1.196025130342478491e+02
1.750149619999992865e+02,2.160065478828848917e+00,6.014300503144891508e-01,3.093499383987989579e-12,6.038121334769345217e-12,-3.342469054310360788e-01,4.999971116227223122e-01,2.849921313704563808e+00,5.905178232364052260e-01,1.811047358846026523e+00,-1.843899089966852785e+02,-3.820650316339541774e+01,-1.171747641173379151e+02
1.751195619999998598e+02,2.160065478828848917e+00,6.014300503144891508e-01,1.642431597756896826e-12,3.205819701354021955e-12,-3.342469054310360788e-01,4.999971116227223122e-01,2.842291017055925018e+00,6.028256529480515713e-01,1.773449157083953232e+00,-1.838962288035183690e+02,-3.900281974573893962e+01,-1.147421604633317855e+02
1.752232930999998644e+02,2.160065478828848917e+00,6.014300503144891508e-01,8.780857545047315260e-13,1.713912844293827975e-12,-3.342469054310360788e-01,4.999971116227223122e-01,2.834484287203642427e+00,6.156159105346048488e-01,1.735808706936462942e+00,-1.833911333820756795e+02,-3.983034941158893361e+01,-1.123068233387891581e+02
1.753301888999994844e+02,2.160065478828848917e+00,6.014300503144891508e-01,4.709625610638557348e-13,9.192596263495226000e-13,-3.342469054310360788e-01,4.999971116227223122e-01,2.826502356920862713e+00,6.288830974059191892e-01,1.698158831435798488e+00,-1.828747024927798179e+02,-4.068873640216297360e+01,-1.098708763938961681e+02
1.754366506999995181e+02,2.160065478828848917e+00,6.014300503144891508e-01,2.489024095856548484e-13,4.858261674056551739e-13,-3.342469054310360788e-01,4.999971116227223122e-01,2.818346486646905014e+00,6.426215099378029816e-01,1.660532361833259474e+00,-1.823470176860547554e+02,-4.157761169297585724e+01,-1.074364438106118911e+02
1.755425715000001219e+02,2.160065478828848917e+00,6.014300503144891508e-01,1.317197183859832351e-13,2.571003071514764769e-13,-3.342469054310360788e-01,4.999971116227223122e-01,2.810017964288230807e+00,6.568252419239790640e-01,1.622962108969827844e+00,-1.818081622894485463e+02,-4.249659315248144509e+01,-1.050056484503478629e+02
1.756497700999989320e+02,2.160065478828848917e+00,6.014300503144891508e-01,6.995905151754743108e-14,1.365512609166147040e-13,-3.342469054310360788e-01,4.999971116227223122e-01,2.801518105015068372e+00,6.714881871152313941e-01,1.585480834664688699e+00,-1.812582213944749299e+02,-4.344528570635547027e+01,-1.025806100028053578e+02
1.757576425999995990e+02,2.160065478828848917e+00,6.014300503144891508e-01,3.697627544626944269e-14,7.217303446319166460e-14,-3.342469054310360788e-01,4.999971116227223122e-01,2.792848251053727804e+00,6.866040418444760984e-01,1.548121223146356362e+00,-1.806972818431761993e+02,-4.442328150733760594e+01,-1.001634431375692600e+02
1.758628903999997419e+02,2.160065478828848917e+00,6.014300503144891508e-01,1.948158491112850933e-14,3.802560107038388640e-14,-3.342469054310360788e-01,4.999971116227223122e-01,2.784009771474658557e+00,7.021663077367563677e-01,1.510915852551648841e+00,-1.801254322144104094e+02,-4.543016011056813852e+01,-9.775625566009168210e+01
1.759679586000002018e+02,2.160065478828848917e+00,6.014300503144891508e-01,1.037589216857751208e-14,2.025243521774604361e-14,-3.342469054310360788e-01,4.999971116227223122e-01,2.775004061976243275e+00,7.181682945029124188e-01,1.473897166516942248e+00,-1.795427628098629498e+02,-4.646548865433843645e+01,-9.536114667364616082e+01
1.760750504999996338e+02,2.160065478828848917e+00,6.014300503144891508e-01,5.540097783141666796e-15,1.081357339013645607e-14,-3.342469054310360788e-01,4.999971116227223122e-01,2.765832544664408310e+00,7.346031228157902104e-01,1.437097445886945213e+00,-1.789493656397872314e+02,-4.752882204618163087e+01,-9.298020474888535603e+01
1.761849008999997750e+02,2.160065478828848917e+00,6.014300503144891508e-01,2.925989502091013223e-15,5.711163134324216512e-15,-3.342469054310360788e-01,4.999971116227223122e-01,2.756496667828057134e+00,7.514637272676563118e-01,1.400548780565241680e+00,-1.783453344084753098e+02,-4.861970315421736899e+01,-9.061550610257114613e+01
1.762887940000000526e+02,2.160065478828848917e+00,6.014300503144891508e-01,1.526713407352944386e-15,2.979952362276598738e-15,-3.342469054310360788e-01,4.999971116227223122e-01,2.746997905710364840e+00,7.687428594076999300e-01,1.364283041531471952e+00,-1.777307644994606051e+02,-4.973766300367818616e+01,-8.826911278708624309e+01
1.763936711999995168e+02,2.160065478828848917e+00,6.014300503144891508e-01,8.176777630759104824e-16,1.596004050219101345e-15,-3.342469054310360788e-01,4.999971116227223122e-01,2.737337758275987909e+00,7.864330908581055324e-01,1.328331853049371514e+00,-1.771057529604564138e+02,-5.088222097851942749e+01,-8.594307089229434382e+01
1.764984862000001158e+02,2.160065478828848917e+00,6.014300503144891508e-01,4.362514697219929140e-16,8.515079460778953807e-16,-3.342469054310360788e-01,4.999971116227223122e-01,2.727517750974187472e+00,8.045268165076285838e-01,1.292726565089873825e+00,-1.764703984880299288e+02,-5.205288502804356909e+01,-8.363940876131484004e+01
1.766026464999995369e+02,2.160065478828848917e+00,6.014300503144891508e-01,2.329430480278720316e-16,4.546755028830983136e-16,-3.342469054310360788e-01,4.999971116227223122e-01,2.717539434497953543e+00,8.230162577810027358e-01,1.257498225993522789e+00,-1.758248014120175924e+02,-5.324915187843087949e+01,-8.136013522178092217e+01
1.767087530999997398e+02,2.160065478828848917e+00,6.014300503144891508e-01,1.248037889761365777e-16,2.436012836393010423e-16,-3.342469054310360788e-01,4.999971116227223122e-01,2.707404384539130682e+00,8.418934659830071832e-01,1.222677555395873084e+00,-1.751690636796817557e+02,-5.447050724910056374e+01,-7.910723783411299337e+01
1.768160477999990690e+02,2.160065478828848917e+00,6.014300503144891508e-01,6.606923240589183684e-17,1.289588237278273079e-16,-3.342469054310360788e-01,4.999971116227223122e-01,2.697114201539593026e+00,8.611503257156749580e-01,1.188294917439444820e+00,-1.745032888396116846e+02,-5.571642607380417189e+01,-7.688268115833207617e+01
1.769221570999998221e+02,2.160065478828848917e+00,6.014300503144891508e-01,3.491786775286527495e-17,6.815528179334167343e-17,-3.342469054310360788e-01,4.999971116227223122e-01,2.686670510438530002e+00,8.807785583670666441e-01,1.154380294295831888e+00,-1.738275820253728909e+02,-5.698637272634921658e+01,-7.468840504094032440e+01
1.770275848000001133e+02,2.160065478828848917e+00,6.014300503144891508e-01,1.854115809828146856e-17,3.619000632876783039e-17,-3.342469054310360788e-01,4.999971116227223122e-01,2.676074960415830706e+00,9.007697256703758315e-01,1.120963260020725549e+00,-1.731420499389042504e+02,-5.827980125087331942e+01,-7.252632292334094188e+01
1.771320419000003312e+02,2.160065478828848917e+00,6.014300503144891508e-01,9.882170085423028486e-18,1.928875186963471159e-17,-3.342469054310360788e-01,4.999971116227223122e-01,2.665329224631670879e+00,9.211152333314988061e-01,1.088072954764909728e+00,-1.724468008336691014e+02,-5.959615559654797323e+01,-7.039832017328966174e+01
1.772409396000002744e+02,2.160065478828848917e+00,6.014300503144891508e-01,5.285322501696488999e-18,1.031628411623887746e-17,-3.342469054310360788e-01,4.999971116227223122e-01,2.654434999962299369e+00,9.418063347238220251e-01,1.055738059363662718e+00,-1.717419444975607803e+02,-6.093486985663128763e+01,-6.830625244082898462e+01
1.773453346999995119e+02,2.160065478828848917e+00,6.014300503144891508e-01,2.770911746469111424e-18,5.408470879198688594e-18,-3.342469054310360788e-01,4.999971116227223122e-01,2.643394006732078694e+00,9.628341346483881846e-01,1.023986770326572149e+00,-1.710275922355654927e+02,-6.229536851175071632e+01,-6.625194404012921723e+01
1.774510000999998738e+02,2.160065478828848917e+00,6.014300503144891508e-01,1.481128109175331124e-18,2.890975599293303807e-18,-3.342469054310360788e-01,4.999971116227223122e-01,2.632207988441837010e+00,9.841895931580105783e-01,9.928467752498503218e-01,-1.703038568521868683e+02,-6.367706667732328896e+01,-6.423718635866531201e+01
1.775580449999997654e+02,2.160065478828848917e+00,6.014300503144891508e-01,7.879619348738795063e-19,1.538002494707002897e-18,-3.342469054310360788e-01,4.999971116227223122e-01,2.620878711493531465e+00,1.005863529443574045e+00,9.623452286722342652e-01,-1.695708526336314890e+02,-6.507937035499924150e+01,-6.226373629509355823e+01
1.776624664999999368e+02,2.160065478828848917e+00,6.014300503144891508e-01,4.150546769014801467e-19,8.101344751081916472e-19,-3.342469054310360788e-01,4.999971116227223122e-01,2.609407964911325983e+00,1.027846625780935330e+00,9.325087283959127005e-01,-1.688286953297628088e+02,-6.650167668802652088e+01,-6.033331472721555144e+01
1.777693196999989595e+02,2.160065478828848917e+00,6.014300503144891508e-01,2.223935106624798851e-19,4.340841341026068722e-19,-3.342469054310360788e-01,4.999971116227223122e-01,2.597797560059078137e+00,1.050129431536603430e+00,9.033632922927815612e-01,-1.680775021358223569e+02,-6.794337422041824937e+01,-5.844760501134297215e+01
1.778747471000006044e+02,2.160065478828848917e+00,6.014300503144891508e-01,1.177368405985377377e-19,2.298074901149320718e-19,-3.342469054310360788e-01,4.999971116227223122e-01,2.586049330354303954e+00,1.072702367230679243e+00,8.749343356165232288e-01,-1.673173916739234812e+02,-6.940384315982494456e+01,-5.660825151438905323e+01
1.779796169000001100e+02,2.160065478828848917e+00,6.014300503144891508e-01,6.263844564707640675e-20,1.222623599009162405e-19,-3.342469054310360788e-01,4.999971116227223122e-01,2.574165130978669058e+00,1.095555728655023486e+00,8.472466488400981488e-01,-1.665484839743199075e+02,-7.088245564398002330e+01,-5.481685817995435173e+01
1.780894637999990664e+02,2.160065478828848917e+00,6.014300503144891508e-01,3.340767583900335244e-20,6.520757730635052532e-20,-3.342469054310360788e-01,4.999971116227223122e-01,2.562146838585018571e+00,1.118679691045250113e+00,8.203243760380983796e-01,-1.657709004564507040e+02,-7.237857601062768254e+01,-5.307498712966496868e+01
1.781985908999995445e+02,2.160065478828848917e+00,6.014300503144891508e-01,1.741910256033014254e-20,3.399989518228819323e-20,-3.342469054310360788e-01,4.999971116227223122e-01,2.549996351001041273e+00,1.142064313304350875e+00,7.941909938327290641e-01,-1.649847639097673664e+02,-7.389156107079151070e+01,-5.138415730097757006e+01
1.783032342999995308e+02,2.160065478828848917e+00,6.014300503144891508e-01,9.142186195676899614e-21,1.784439647871764690e-20,-3.342469054310360788e-01,4.999971116227223122e-01,2.537715586929579992e+00,1.165699542276450451e+00,7.688692909218893812e-01,-1.641901984743438447e+02,-7.542076038528634285e+01,-4.974584312264624231e+01
1.784097756999999547e+02,2.160065478828848917e+00,6.014300503144891508e-01,4.875349436390303261e-21,9.516068307204255759e-21,-3.342469054310360788e-01,4.999971116227223122e-01,2.525306485645640642e+00,1.189575217068734814e+00,7.443813482070340548e-01,-1.633873296212729542e+02,-7.696551654434713896e+01,-4.816147322899510641e+01
1.785261704999993526e+02,2.160065478828848917e+00,6.014300503144891508e-01,2.500990416834540055e-21,4.881618426079812750e-21,-3.342469054310360788e-01,4.999971116227223122e-01,2.512771006690174502e+00,1.213681073419577983e+00,7.207485195383700471e-01,-1.625762841328542834e+02,-7.852516545024670336e+01,-4.663242921413254294e+01
1.786396984000002703e+02,2.160065478828848917e+00,6.014300503144891508e-01,1.260682044628619489e-21,2.460692634830749478e-21,-3.342469054310360788e-01,4.999971116227223122e-01,2.500111129560621315e+00,1.238006748111307953e+00,6.979914130938995598e-01,-1.617571900825722082e+02,-8.009903660280163251e+01,-4.516004442717530054e+01
1.787440110999996250e+02,2.160065478828848917e+00,6.014300503144891508e-01,6.754980681690614289e-22,1.318487185780193397e-21,-3.342469054310360788e-01,4.999971116227223122e-01,2.487328853398333095e+00,1.262541783425303432e+00,6.761298734088518891e-01,-1.609301768148721692e+02,-8.168645338761713504e+01,-4.374560280955272162e+01
1.788492296999993414e+02,2.160065478828848917e+00,6.014300503144891508e-01,3.610117272591991282e-22,7.046494412601327049e-22,-3.342469054310360788e-01,4.999971116227223122e-01,2.474426196672900424e+00,1.287275631637888829e+00,6.551829640709028180e-01,-1.600953749247366602e+02,-8.328673336697140428e+01,-4.239033777538741532e+01
1.789546052999994572e+02,2.170467108804800205e+00,5.988674753457648992e-01,4.633476582806424909e-02,-1.122241559753299825e-02,-3.379832727180573371e-01,4.943779529770735981e-01,2.461405196863385214e+00,1.312197659554791063e+00,6.351689510964819707e-01,-1.592529162370610436e+02,-8.489918857319499068e+01,-4.109543113594238406e+01
1.790588933999988512e+02,2.219388422367947200e+00,5.863970496824155720e-01,2.478663465437988267e-01,-5.753978376437368647e-02,-3.542219317074430385e-01,4.673203643900925575e-01,2.448267910136609604e+00,1.337297153082431356e+00,6.161052870025112149e-01,-1.584029337858386555e+02,-8.652312580443330603e+01,-3.986201206906248018e+01
1.791631689999994705e+02,2.291229912511318467e+00,5.682014933681109881e-01,4.701399346650117494e-01,-9.939161095026087522e-02,-3.748485380001443379e-01,4.270146491923969001e-01,2.435016411022435712e+00,1.362563321833945906e+00,5.980085955875622528e-01,-1.575455617931515917e+02,-8.815784692265630440e+01,-3.869115613451528191e+01
1.792670852999999624e+02,2.376613772014895432e+00,5.513886603574910117e-01,6.587716541856335484e-01,-1.066019120802215170e-01,-3.977701158032654338e-01,3.818486476926235551e-01,2.421652792086189887e+00,1.387985303768056955e+00,5.808946574356381731e-01,-1.566809356479764972e+02,-8.980264915379328272e+01,-3.758388433608578794e+01
1.793712900999998965e+02,2.453544355628009654e+00,5.401204381781204988e-01,7.183812309506870664e-01,-8.510097369374483578e-02,-4.172359500775265073e-01,3.429930752954478135e-01,2.408179163598218153e+00,1.413552169858654173e+00,5.647783961552998999e-01,-1.558091918848047328e+02,-9.145682538985492727e+01,-3.654116223124790253e+01
1.794755602000004728e+02,2.517193250245748359e+00,5.370033235663866922e-01,6.756204102790763777e-01,-4.120678758409678649e-02,-4.356785188854830349e-01,3.139375697540789933e-01,2.394597653200646548e+00,1.439252928793310016e+00,5.496738653660218077e-01,-1.549304681620818371e+02,-9.311966449292715708e+01,-3.556389908918161069e+01
1.795829979999998613e+02,2.599375054777001814e+00,5.588647963552000331e-01,7.015241075633249501e-01,9.957608167598062943e-02,-4.787048211967678824e-01,2.883947897728211252e-01,2.380910405571416089e+00,1.465076531698390916e+00,5.355942364432717540e-01,-1.540449032404706315e+02,-9.479045160088590194e+01,-3.465294709787968230e+01
1.796875818999997136e+02,2.638677965230963096e+00,5.783773142057963002e-01,5.206605286317791403e-01,1.482937908846543862e-01,-5.067634796635496208e-01,2.787670950223530841e-01,2.367119582085591034e+00,1.491011876889140719e+00,5.225517870328235670e-01,-1.531526369609377412e+02,-9.646846843472741284e+01,-3.380910062102368840e+01
1.797922878999997920e+02,2.646682052980800393e+00,5.794751933314121750e-01,3.122665377294849276e-01,8.552717127819664533e-02,-5.099446451063350816e-01,2.752234703179425868e-01,2.353227360474068774e+00,1.517047814642249914e+00,5.105578903445113781e-01,-1.522538102226722572e+02,-9.815299360735357936e+01,-3.303309550528988581e+01
1.798950483999997232e+02,2.658894974458286597e+00,5.794197156346274635e-01,2.201998064843307124e-01,4.680577728440360463e-02,-5.132186749946521243e-01,2.689494348438868365e-01,2.339235934479684698e+00,1.543173151989206682e+00,4.996230052345909112e-01,-1.513485649608356027e+02,-9.984330293370167908e+01,-3.232560843867803158e+01
1.799992820999996184e+02,2.674581127057512830e+00,5.791811222006209015e-01,1.882516951034030883e-01,2.551578438304778415e-02,-5.171611007392408199e-01,2.607588314817876896e-01,2.325147513510793740e+00,1.569376657528241514e+00,4.897566670854827109e-01,-1.504370441241483718e+02,-1.015386697420772322e+02,-3.168725636043073379e+01
1.801030117999998765e+02,2.698987546097269430e+00,5.789350806325631593e-01,2.091300016236477266e-01,1.475172058625591302e-02,-5.231483036057664737e-01,2.479549959598336961e-01,2.310964322292392570e+00,1.595647066252659618e+00,4.809674794907656814e-01,-1.495193916523178075e+02,-1.032383651865470853e+02,-3.111859592305254196e+01
1.802077446999992389e+02,2.731988576991096984e+00,5.756015675042283064e-01,2.607773456866727679e-01,-3.442068868030331158e-03,-5.279869825525311811e-01,2.292311295797275494e-01,2.296688600514787737e+00,1.621973084393844022e+00,4.732631067527195423e-01,-1.485957524533067726e+02,-1.049416585602817094e+02,-3.062012300690095401e+01
1.803121611000005942e+02,2.835869233841012971e+00,5.400263137866863072e-01,6.398071251168065965e-01,-1.380161298364062095e-01,-5.149850046926144342e-01,1.625388092849966437e-01,2.282322602479936791e+00,1.648343394276390539e+00,4.666502671989321005e-01,-1.476662723804519146e+02,-1.066478176096824768e+02,-3.019227228777090843e+01
1.804168984999996610e+02,2.954339372224969118e+00,5.174504024579289485e-01,9.196594638766779628e-01,-1.349739802704336966e-01,-5.084049929085313613e-01,9.632903087620496574e-02,2.267868596745465926e+00,1.674746659183709907e+00,4.611347273238306510e-01,-1.467310982094316500e+02,-1.083561088491860289e+02,-2.983541685785184328e+01
1.805200179000003118e+02,3.052912255049488266e+00,5.176738142505370455e-01,9.415814735086800447e-01,-3.460515254169741622e-02,-5.156395993079158080e-01,4.584737273030563970e-02,2.253328865766432099e+00,1.701171528231669283e+00,4.567212967601987916e-01,-1.457903776150881754e+02,-1.100657978765890022e+02,-2.954986790038486433e+01
1.806233677000000171e+02,3.117038433891131000e+00,5.293719704283191829e-01,7.769401016176625818e-01,5.539801723819632456e-02,-5.292123966966743032e-01,1.299700956847373370e-02,2.238705705534915769e+00,1.727606641248427000e+00,4.534138240851199875e-01,-1.448442591481090460e+02,-1.117761496887732307e+02,-2.933587441830726306e+01
1.807266911000006075e+02,-3.114186289483564796e+00,5.383987568551578118e-01,6.354980656180695409e-01,8.479536252344227476e-02,-5.381965714905523335e-01,-1.475370526322754804e-02,2.224001425217429606e+00,1.754040633658202619e+00,4.512151934639463402e-01,-1.438928922115676983e+02,-1.134864289976857208e+02,-2.919362301711732854e+01
1.808408773999999539e+02,-3.014099707862380573e+00,5.310138314433776596e-01,7.902125096042974528e-01,4.273785392947777179e-02,-5.267040048056206292e-01,-6.751726079971467898e-02,2.209218346790294163e+00,1.780462141366997653e+00,4.501273221352746212e-01,-1.429364270373320380e+02,-1.151959005464447472e+02,-2.912323774215226990e+01
1.809455226999998558e+02,-2.925879755868228127e+00,5.237866753630793237e-01,7.862402752337377398e-01,1.870617197210143468e-02,-5.116474221210898232e-01,-1.121133209068005537e-01,2.194358804672962737e+00,1.806859805648006523e+00,4.501511587390789604e-01,-1.419750146623406977e+02,-1.169038294254260251e+02,-2.912477997041840894e+01
1.810491163000006054e+02,-2.882335142925620097e+00,5.218540965358157147e-01,6.135747458695687273e-01,1.314006197961397476e-02,-5.044140412042382726e-01,-1.337840540095173170e-01,2.179425145359390026e+00,1.833222278024868146e+00,4.512866824894870010e-01,-1.410088069047525323e+02,-1.186094813882089767e+02,-2.919824835706981148e+01
1.811533982999990258e+02,-2.882405957189874357e+00,5.220346685185986990e-01,3.296420621300775733e-01,7.865995666533917227e-03,-5.045980544104368137e-01,-1.337946135706705730e-01,2.164419727047505404e+00,1.859538225150318080e+00,4.535329031929034027e-01,-1.400379563399736185e+02,-1.203121231672255789e+02,-2.934357883658084987e+01
1.812582743999992090e+02,-2.881758808140996386e+00,5.220251669971904818e-01,1.790784191280696547e-01,4.222163027983961633e-03,-5.045021811154594138e-01,-1.341186945514634687e-01,2.149344919266805043e+00,1.885796333678572800e+00,4.568878621114722538e-01,-1.390626162765622951e+02,-1.220110227890036612e+02,-2.956064467861225609e+01
1.813614139999990584e+02,-2.881114479861948130e+00,5.220161024447060871e-01,9.850789668756289308e-02,2.247260528128927799e-03,-5.044069011521229440e-01,-1.344413972021801240e-01,2.134203102504190319e+00,1.911985315128890139e+00,4.613486336711298819e-01,-1.380829407320211146e+02,-1.237054498888391976e+02,-2.984925659852210345e+01
1.814660834999995132e+02,-2.880733730963705330e+00,5.220081264557699940e-01,5.466315514912341994e-02,1.183081446449357407e-03,-5.043479700258987064e-01,-1.346313827330699320e-01,2.118996667828056957e+00,1.938093910738574399e+00,4.669113280127423771e-01,-1.370990844084752780e+02,-1.253946760247857668e+02,-3.020916292242443291e+01
1.815715958000000683e+02,-2.880088135907392211e+00,5.219985123953462258e-01,3.205980138413511149e-02,5.992475961768521523e-04,-5.042516603698962152e-01,-1.349544736463275107e-01,2.103728016510714838e+00,1.964110896303196130e+00,4.735710943841309195e-01,-1.361112026682432656e+02,-1.270779749908167986e+02,-3.064004980665327338e+01
1.816761587999990297e+02,-2.879727779266564536e+00,5.219046221230370097e-01,1.865107341862456275e-02,-9.406110359593840677e-05,-5.041123064425752087e-01,-1.351118687848598954e-01,2.088399559649216197e+00,1.990025087001875859e+00,4.813221253699824231e-01,-1.351194515093042980e+02,-1.287546231290213825e+02,-3.114154151143786464e+01
1.817806571000000986e+02,-2.879440678220235306e+00,5.219907298774983939e-01,1.125395601888016552e-02,3.350900795629550388e-04,-5.041566607487997231e-01,-1.352789100364988895e-01,2.073013717784586873e+00,2.015825342205725512e+00,4.901576619560243930e-01,-1.341239875406627675e+02,-1.304238996407104594e+02,-3.171320072855477790e+01
1.818854516999999760e+02,-2.878793432887297943e+00,5.219820665908353474e-01,8.886231422666687751e-03,1.428463582389948592e-04,-5.040606306631556510e-01,-1.356029441343402087e-01,2.057572920519616932e+00,2.041500570267237524e+00,5.000699994229651502e-01,-1.331249679576192193e+02,-1.320850868962902780e+02,-3.235452896266584588e+01
1.819889356999992742e+02,-2.878510411937255320e+00,5.219382274225418117e-01,6.009804337023121751e-03,-1.181016866441407292e-04,-5.039799012075165674e-01,-1.357341976947844253e-01,2.042079606135189351e+00,2.067039733288669190e+00,5.110504940651414696e-01,-1.321225505169467453e+02,-1.337374707437768961e+02,-3.306496696601465146e+01
1.820947164999997767e+02,-2.878147776745696440e+00,5.219729959748535819e-01,4.852105535640094565e-03,9.297767812655411085e-05,-5.039642150638502516e-01,-1.359260036271273953e-01,2.026536221205244903e+00,2.092431851867234904e+00,5.230895707279461515e-01,-1.311168935119793559e+02,-1.353803408158101149e+02,-3.384389522609811962e+01
1.822005599000003713e+02,-2.878147776745696440e+00,5.219729959748535819e-01,2.577690799280445751e-03,4.939457802078909844e-05,-5.039642150638502516e-01,-1.359260036271273953e-01,2.010945220210457851e+00,2.117666009815233341e+00,5.361767311574987538e-01,-1.301081557476166211e+02,-1.370129908350455992e+02,-3.469063450589017350e+01
1.823043600000000879e+02,-2.878147776745696440e+00,5.219729959748535819e-01,1.369988081201834471e-03,2.625217236425914221e-05,-5.039642150638502516e-01,-1.359260036271273953e-01,1.995309065150617567e+00,2.142731358852952628e+00,5.503005631553041788e-01,-1.290964965152449508e+02,-1.386347189177860457e+02,-3.560444643614818006e+01
1.824083654000005481e+02,-2.878147776745696440e+00,5.219729959748535819e-01,7.342434178569616889e-04,1.406981931258417588e-05,-5.039642150638502516e-01,-1.359260036271273953e-01,1.979630225155867729e+00,2.167617123272425950e+00,5.654487505298420036e-01,-1.280820755675846385e+02,-1.402448278757259743e+02,-3.658453415928077845e+01
1.825116999000001670e+02,-2.878147776745696440e+00,5.219729959748535819e-01,3.937025356197899006e-04,7.544260396973412631e-06,-5.039642150638502516e-01,-1.359260036271273953e-01,1.963911176096798661e+00,2.192312604569901513e+00,5.816080838364612315e-01,-1.270650530934628790e+02,-1.418426255156726370e+02,-3.763004302421904157e+01
1.826162304999998014e+02,-2.878147776745696440e+00,5.219729959748535819e-01,2.112841780469962598e-04,4.048698478504058793e-06,-5.039642150638502516e-01,-1.359260036271273953e-01,1.948154400193473190e+00,2.216807186045250955e+00,5.987644718962403800e-01,-1.260455896925177228e+02,-1.434274249371277392e+02,-3.874006133168675348e+01
1.827201134000006277e+02,-2.878147776745696440e+00,5.219729959748535819e-01,1.128066258423241218e-04,2.161638503340298234e-06,-5.039642150638502516e-01,-1.359260036271273953e-01,1.932362385623473955e+00,2.241090337366038465e+00,6.169029540836636905e-01,-1.250238463498387773e+02,-1.449985448275826911e+02,-3.991362112921304117e+01
1.828245072999998229e+02,-2.878147776745696440e+00,5.219729959748535819e-01,6.051789970613494842e-05,1.159664347455254628e-06,-5.039642150638502516e-01,-1.359260036271273953e-01,1.916537626128963501e+00,2.265151619094676327e+00,6.360077133725434706e-01,-1.239999844105439450e+02,-1.465553097554255544e+02,-4.114969905520356264e+01
1.829300096999995731e+02,-2.878147776745696440e+00,5.219729959748535819e-01,3.237252503564438363e-05,6.203332122104983827e-07,-5.039642150638502516e-01,-1.359260036271273953e-01,1.900682620622912822e+00,2.288980687176284334e+00,6.560620901286959850e-01,-1.229741655543024592e+02,-1.480970504603056099e+02,-4.244721723132663271e+01
1.830334418999991613e+02,-2.878147776745696440e+00,5.219729959748535819e-01,1.722148165841999657e-05,3.300038234406817168e-07,-5.039642150638502516e-01,-1.359260036271273953e-01,1.884799872794488129e+00,2.312567297385723641e+00,6.770485966373864795e-01,-1.219465517698033921e+02,-1.496231041408563271e+02,-4.380504420243890706e+01
1.831389944999991712e+02,-2.878147776745696440e+00,5.219729959748535819e-01,9.249681874889831651e-06,1.772455149253208492e-07,-5.039642150638502516e-01,-1.359260036271273953e-01,1.868891890713685999e+00,2.335901309731575282e+00,6.989489323528694786e-01,-1.209173053291754911e+02,-1.511328147396329200e+02,-4.522199592323065787e+01
1.832437872999998945e+02,-2.878147776745696440e+00,5.219729959748535819e-01,4.918423697260636362e-06,9.424848904354819885e-08,-5.039642150638502516e-01,-1.359260036271273953e-01,1.852961186435296614e+00,2.358972692815405114e+00,7.217439998567274362e-01,-1.198865887623637008e+02,-1.526255332251567154e+02,-4.669683679073026639e+01
1.833473541999992449e+02,-2.878147776745696440e+00,5.219729959748535819e-01,2.629541494590182428e-06,5.038815848265977330e-08,-5.039642150638502516e-01,-1.359260036271273953e-01,1.837010275602196208e+00,2.381771528144296379e+00,7.454139215111494909e-01,-1.188545648314620991e+02,-1.541006178709359915e+02,-4.822828072177137670e+01
1.834507969000005687e+02,-2.878147776745696440e+00,5.219729959748535819e-01,1.410360895219964082e-06,2.702580980459679042e-08,-5.039642150638502516e-01,-1.359260036271273953e-01,1.821041677048113927e+00,2.404288014394849515e+00,7.699380567924698493e-01,-1.178213965050129701e+02,-1.555574345313467575e+02,-4.981499227447280020e+01
1.835552012999996805e+02,-2.878147776745696440e+00,5.219729959748535819e-01,7.578863937136101808e-07,1.452287396751829813e-08,-5.039642150638502516e-01,-1.359260036271273953e-01,1.805057912399875342e+00,2.426512471626845358e+00,7.952950202900542775e-01,-1.167872469322719411e+02,-1.569953569142568881e+02,-5.145558781276651672e+01
1.836609054000000469e+02,-2.878147776745696440e+00,5.219729959748535819e-01,4.052133469821903166e-07,7.764834435597982889e-09,-5.039642150638502516e-01,-1.359260036271273953e-01,1.789061505679203412e+00,2.448435345444649691e+00,8.214627003546871586e-01,-1.157522794174444698e+02,-1.584137668502688427e+02,-5.314863671294826020e+01
1.837659733000000415e+02,-2.878147776745696440e+00,5.219729959748535819e-01,2.151178372738015195e-07,4.122160345938436764e-09,-5.039642150638502516e-01,-1.359260036271273953e-01,1.773054982904164634e+00,2.470047211104724028e+00,8.484182783802199923e-01,-1.147166573938994532e+02,-1.598120545584756655e+02,-5.489266261120023671e+01
1.838696019999988494e+02,-2.878147776745696440e+00,5.219729959748535819e-01,1.148515621395238372e-07,2.200824260417051033e-09,-5.039642150638502516e-01,-1.359260036271273953e-01,1.757040871690249917e+00,2.491338777567347229e+00,8.761382487017835841e-01,-1.136805443983591744e+02,-1.611896189086073718e+02,-5.668614469100540276e+01
1.839737769000003027e+02,-2.878147776745696440e+00,5.219729959748535819e-01,6.164684316596966953e-08,1.181297541717123809e-09,-5.039642150638502516e-01,-1.359260036271273953e-01,1.741021700851270282e+00,2.512300891490909294e+00,9.045984390930748020e-01,-1.126441040450771851e+02,-1.625458676794618498e+02,-5.852751900932194218e+01
1.840783073999991757e+02,-2.878147776745696440e+00,5.219729959748535819e-01,3.296274493272373670e-08,6.316432043801741392e-10,-5.039642150638502516e-01,-1.359260036271273953e-01,1.724999999999996758e+00,2.532924541166921006e+00,9.337740318448549681e-01,-1.116074999999997885e+02,-1.638802178134997973e+02,-6.041517986036211596e+01
1.841874375999996118e+02,-2.878147776745696440e+00,5.219729959748535819e-01,1.760946408476469607e-08,3.374384731799478858e-10,-5.039642150638502516e-01,-1.359260036271273953e-01,1.708978299148718571e+00,2.553200860394253091e+00,9.636395854064244704e-01,-1.105708959549220936e+02,-1.651920956675081698e+02,-6.234748117579566440e+01
1.842916920999996364e+02,-2.878147776745696440e+00,5.219729959748535819e-01,9.233860310531642354e-09,1.769423367880054838e-10,-5.039642150638502516e-01,-1.359260036271273953e-01,1.692959128309738936e+00,2.573121132290674851e+00,9.941690565709475624e-01,-1.095344556016401185e+02,-1.664809372592066836e+02,-6.432273796014031575e+01
1.843960549999992509e+02,-2.878147776745696440e+00,5.219729959748535819e-01,4.944388783765634343e-09,9.474604076369500223e-11,-5.039642150638502516e-01,-1.359260036271273953e-01,1.676945017095828661e+00,2.592676793040375571e+00,1.025335823185616668e+00,-1.084983426061001239e+02,-1.677461885097123115e+02,-6.633922776010939515e+01
1.845008983999996417e+02,-2.878147776745696440e+00,5.219729959748535819e-01,2.638878022649457600e-09,5.056706817337838136e-11,-5.039642150638502516e-01,-1.359260036271273953e-01,1.660938494320789882e+00,2.611859435575506705e+00,1.057112707366478777e+00,-1.074627205825551073e+02,-1.689873054817352909e+02,-6.839519216661118151e+01
1.846049272000000201e+02,-2.878147776745696440e+00,5.219729959748535819e-01,1.409673379046647580e-09,2.701263538845940073e-11,-5.039642150638502516e-01,-1.359260036271273953e-01,1.644942087600122615e+00,2.630660813190481839e+00,1.089471999198020402e+00,-1.064277530677279344e+02,-1.702037546134241950e+02,-7.048883834811192628e+01
1.847094240999995236e+02,-2.878147776745696440e+00,5.219729959748535819e-01,7.556426370768917415e-10,1.447987834822877260e-11,-5.039642150638502516e-01,-1.359260036271273953e-01,1.628958322951879367e+00,2.649072843087221685e+00,1.122385480896573418e+00,-1.053936034949865928e+02,-1.713950129477432540e+02,-7.261834061400830365e+01
1.848178365999992820e+02,-2.878147776745696440e+00,5.219729959748535819e-01,4.034183830331755179e-10,7.730438732727480082e-12,-5.039642150638502516e-01,-1.359260036271273953e-01,1.612989724397797087e+00,2.667087609850017138e+00,1.155824451416673115e+00,-1.043604351685374780e+02,-1.725605683572961198e+02,-7.478184200665874926e+01
1.849224183000005723e+02,-2.878147776745696440e+00,5.219729959748535819e-01,2.119983550121771634e-10,4.062383777701751676e-12,-5.039642150638502516e-01,-1.359260036271273953e-01,1.597038813564696680e+00,2.684697368848393495e+00,1.189759751478779437e+00,-1.033284112376358763e+02,-1.736999197644910566e+02,-7.697745592067703058e+01
1.850272604999991017e+02,-2.878147776745696440e+00,5.219729959748535819e-01,1.133881139514579582e-10,2.172781174052704754e-12,-5.039642150638502516e-01,-1.359260036271273953e-01,1.581108109286307517e+00,2.701894549566556947e+00,1.224161788996636080e+00,-1.022976946708241002e+02,-1.748125773569562398e+02,-7.920326774808235371e+01
1.851309210999988863e+02,-2.878147776745696440e+00,5.219729959748535819e-01,6.041984683070131113e-11,1.157785425279205811e-12,-5.039642150638502516e-01,-1.359260036271273953e-01,1.565200127205509606e+00,2.718671758858017817e+00,1.259000564881952000e+00,-1.012684482301964692e+02,-1.758980627981137559e+02,-8.145733654786229749e+01
1.852353884000003745e+02,-2.878147776745696440e+00,5.219729959748535819e-01,3.244356847797053401e-11,6.216945705455738011e-13,-5.039642150638502516e-01,-1.359260036271273953e-01,1.549317379377080695e+00,2.735021784123902400e+00,1.294245699204127353e+00,-1.002408344456971321e+02,-1.769559094328164974e+02,-8.373769673850704010e+01
1.853400213000004442e+02,-2.878147776745696440e+00,5.219729959748535819e-01,1.735066939602518923e-11,3.324793623168937956e-13,-5.039642150638502516e-01,-1.359260036271273953e-01,1.533462373871029794e+00,2.750937596413705055e+00,1.329866457681903480e+00,-9.921501558945563204e+01,-1.779856624879667208e+02,-8.604235981201915706e+01
1.854463563999997859e+02,-2.878147776745696440e+00,5.219729959748535819e-01,9.270661836110564622e-12,1.776475399981808428e-13,-5.039642150638502516e-01,-1.359260036271273953e-01,1.517637614376519561e+00,2.766412353447056383e+00,1.365831778484232206e+00,-9.819115365016081398e+01,-1.789868792680245519e+02,-8.836931606792983018e+01
1.855512742999999318e+02,-2.878147776745696440e+00,5.219729959748535819e-01,4.909569226801077548e-12,9.407881670268072919e-14,-5.039642150638502516e-01,-1.359260036271273953e-01,1.501845599806520104e+00,2.781439402555270668e+00,1.402110299316551512e+00,-9.716941030748185426e+01,-1.799591293453260334e+02,-9.071653636578088253e+01
1.856554111999994348e+02,-2.799411657830923605e+00,5.136001682449801153e-01,3.557030517415864512e-01,-3.006149108765747424e-02,-4.838242446901697136e-01,-1.723346542958167082e-01,1.486088823903199074e+00,2.796012283541323473e+00,1.438670384769251021e+00,-9.614994690653698228e+01,-1.809019947451236305e+02,-9.308197389457053816e+01
1.857606546999995771e+02,-2.613326795449751661e+00,5.054099048426299312e-01,1.035960998683117529e+00,5.302867670228741601e-03,-4.365136594441179629e-01,-2.547449646837810500e-01,1.470369774844125565e+00,2.810124731457162461e+00,1.475480153904157987e+00,-9.513292443241492435e+01,-1.818150701252784245e+02,-9.546356595759903030e+01
1.858657800000000861e+02,-2.523354829217729467e+00,5.093464522650257287e-01,9.384062694512533831e-01,5.429351986198389241e-02,-4.150669732699784342e-01,-2.952172354986529745e-01,1.454690934849375950e+00,2.823770679296981445e+00,1.512507508055224825e+00,-9.411850348475462624e+01,-1.826979629505147216e+02,-9.785923577117304717e+01
1.859702151000001322e+02,-2.525823861232291634e+00,5.090192652609448754e-01,4.907486528869687281e-01,2.692286430481779722e-02,-4.155275157362403604e-01,-2.940025443305901987e-01,1.439054779789535665e+00,2.836944260605520185e+00,1.549720158819025695e+00,-9.310684425238295603e+01,-1.835502936611771645e+02,-1.002668942755909711e+02
1.860762102999997296e+02,-2.525671110710547840e+00,5.090906161207935376e-01,2.626164592451001312e-01,1.471013436704116800e-02,-4.155408413729954065e-01,-2.941072331196094014e-01,1.423463778794748613e+00,2.849639812000023475e+00,1.587085656210759588e+00,-9.209810648802023536e+01,-1.843716958364015284e+02,-1.026844419568361531e+02
1.861804625000004307e+02,-2.525671110710547840e+00,5.090906161207935376e-01,1.394157183648304377e-01,7.809198082707339943e-03,-4.155408413729954065e-01,-2.941072331196094014e-01,1.407920393864808606e+00,2.861851875604996209e+00,1.624571416961057224e+00,-9.109244948305311596e+01,-1.851618163516432674e+02,-1.051097706773804106e+02
1.862841246999996656e+02,-2.525671110710547840e+00,5.090906161207935376e-01,7.463444799713370159e-02,4.180555786958994359e-03,-4.155408413729954065e-01,-2.941072331196094014e-01,1.392427079480376584e+00,2.873575201398537615e+00,1.662144752929157754e+00,-9.009003204238037199e+01,-1.859203155304853965e+02,-1.075407655145165080e+02
1.863892338000005111e+02,-2.525671110710547840e+00,5.090906161207935376e-01,4.007923433360036786e-02,2.244988467478896150e-03,-4.155408413729954065e-01,-2.941072331196094014e-01,1.376986282215406421e+00,2.884804749469368712e+00,1.699772899607344456e+00,-8.909101245933679536e+01,-1.866468672906681547e+02,-1.099753066045951897e+02
1.864933492000000115e+02,-2.525671110710547840e+00,5.090906161207935376e-01,2.134873019786186904e-02,1.195822572122797953e-03,-4.155408413729954065e-01,-2.941072331196094014e-01,1.361600440350777541e+00,2.895535692183506704e+00,1.737423044692210095e+00,-8.809554849069530746e+01,-1.873411592842728908e+02,-1.124112709915859938e+02
1.865967295999998896e+02,-2.525671110710547840e+00,5.090906161207935376e-01,1.143643683243870078e-02,6.405977864789554402e-04,-4.155408413729954065e-01,-2.941072331196094014e-01,1.346271983489278679e+00,2.905763416259684817e+00,1.775062356697364008e+00,-8.710379733175633987e+01,-1.880028930320016229e+02,-1.148465344783194553e+02
1.867013272000003781e+02,-2.525671110710547840e+00,5.090906161207935376e-01,6.148183977436608855e-03,3.443828794332113230e-04,-4.155408413729954065e-01,-2.941072331196094014e-01,1.331003332171941000e+00,2.915483524752636946e+00,1.812658013583059002e+00,-8.611591559152458331e+01,-1.886317840514956288e+02,-1.172789734788239286e+02
1.868070917000004556e+02,-2.525671110710547840e+00,5.090906161207935376e-01,3.285504628862354840e-03,1.840334558352809031e-04,-4.155408413729954065e-01,-2.941072331196094014e-01,1.315796897495803641e+00,2.924691838943343392e+00,1.850177231377433174e+00,-8.513205926797850509e+01,-1.892275619796343165e+02,-1.197064668701199253e+02
1.869117998000001535e+02,-2.525671110710547840e+00,5.090906161207935376e-01,1.744287276817627812e-03,9.770408256384413332e-05,-4.155408413729954065e-01,-2.941072331196094014e-01,1.300655080733188695e+00,2.933384400135493841e+00,1.887587292764658864e+00,-8.415238372343731044e+01,-1.897899706887664593e+02,-1.221268978418734292e+02
1.870167498999999225e+02,-2.525671110710547840e+00,5.090906161207935376e-01,9.317724140473035866e-04,5.219207299320825679e-05,-4.155408413729954065e-01,-2.941072331196094014e-01,1.285580272952488334e+00,2.941557471357344689e+00,1.924855575614908831e+00,-8.317704366002600125e+01,-1.903187683968202180e+02,-1.245381557422846015e+02
1.871215637000004790e+02,-2.525671110710547840e+00,5.090906161207935376e-01,4.974338781025447031e-04,2.786314005847424224e-05,-4.155408413729954065e-01,-2.941072331196094014e-01,1.270574854640603935e+00,2.949207538968271258e+00,1.961949581431375655e+00,-8.220619309524707319e+01,-1.908137277712471587e+02,-1.269381379186100105e+02
1.872260289999994711e+02,-2.525671110710547840e+00,5.090906161207935376e-01,2.650768175357000474e-04,1.484794827691499968e-05,-4.155408413729954065e-01,-2.941072331196094014e-01,1.255641195327034998e+00,2.956331314169275970e+00,1.998836963689381463e+00,-8.123998533765916363e+01,-1.912746360267521766e+02,-1.293247515507029846e+02
1.873331350999997085e+02,-2.525671110710547840e+00,5.090906161207935376e-01,1.418232204535241835e-04,7.944051318164921236e-06,-4.155408413729954065e-01,-2.941072331196094014e-01,1.240781653209699797e+00,2.962925734416885781e+00,2.035485556043107103e+00,-8.027857296266758169e+01,-1.917012950167725194e+02,-1.316959154759890396e+02
1.874383861999995133e+02,-2.525671110710547840e+00,5.090906161207935376e-01,7.495086868809238507e-05,4.198279698452937256e-06,-4.155408413729954065e-01,-2.941072331196094014e-01,1.225998574782564132e+00,2.968987964739720820e+00,2.071863400375020259e+00,-7.932210778843190724e+01,-1.920935213186599526e+02,-1.340495620042638052e+02
1.875435703999992256e+02,-2.525671110710547840e+00,5.090906161207935376e-01,3.987803617594564841e-05,2.233718602893828372e-06,-4.155408413729954065e-01,-2.941072331196094014e-01,1.211294294465078192e+00,2.974515398957295886e+00,2.107938774663950188e+00,-7.837074085189055950e+01,-1.924511463125370483e+02,-1.363836387207575740e+02
1.876469928999995318e+02,-2.525671110710547840e+00,5.090906161207935376e-01,2.129316584179703236e-05,1.192710203819297792e-06,-4.155408413729954065e-01,-2.941072331196094014e-01,1.196671134233561862e+00,2.979505660800402467e+00,2.143680220647058654e+00,-7.742462238491145854e+01,-1.927740162537860442e+02,-1.386961102758646973e+02
1.877514575000004697e+02,-2.525671110710547840e+00,5.090906161207935376e-01,1.142433243239440813e-05,6.399197735638633206e-07,-4.155408413729954065e-01,-2.941072331196094014e-01,1.182131403254532254e+00,2.983956604932695100e+00,2.179056571251989372e+00,-7.648390179056823968e+01,-1.930619923391453767e+02,-1.409849601600037090e+02
1.878562101999996230e+02,-2.525671110710547840e+00,5.090906161207935376e-01,6.105013670906472456e-06,3.419647484007919471e-07,-4.155408413729954065e-01,-2.941072331196094014e-01,1.167677397520057170e+00,2.987866317872969635e+00,2.214036977774958892e+00,-7.554872761954770510e+01,-1.933149507663811448e+02,-1.432481924620398388e+02
1.879612778999999136e+02,-2.525671110710547840e+00,5.090906161207935376e-01,3.263059851173704315e-06,1.827762395260384978e-07,-4.155408413729954065e-01,-2.941072331196094014e-01,1.153311399485206667e+00,2.991233118817784309e+00,2.248590936781321048e+00,-7.461924754669287552e+01,-1.935327827875106550e+02,-1.454838336097514855e+02
1.880660377999993216e+02,-2.525671110710547840e+00,5.090906161207935376e-01,1.740157054513728176e-06,9.747273329795729872e-08,-4.155408413729954065e-01,-2.941072331196094014e-01,1.139035677707601391e+00,2.994055560364041746e+00,2.282688316704994946e+00,-7.369560834768181223e+01,-1.937153947555535183e+02,-1.476899340908131819e+02
1.881696248999996897e+02,-2.525671110710547840e+00,5.090906161207935376e-01,9.283090320642810274e-07,5.199807595859312315e-08,-4.155408413729954065e-01,-2.941072331196094014e-01,1.124852486489200443e+00,2.996332429131235653e+00,2.316299384123675864e+00,-7.277795587585127635e+01,-1.938627081647909449e+02,-1.498645701528018321e+02
1.882744681999993190e+02,-2.525671110710547840e+00,5.090906161207935376e-01,4.982963269950835815e-07,2.791144906062289096e-08,-4.155408413729954065e-01,-2.941072331196094014e-01,1.110764065520313260e+00,2.998062746283089552e+00,2.349394829686760833e+00,-7.186643503916427278e+01,-1.939746596845158990e+02,-1.520058454807334272e+02
1.883795085000001563e+02,-2.525671110710547840e+00,5.090906161207935376e-01,2.657953705461679008e-07,1.488819713018263835e-08,-4.155408413729954065e-01,-2.941072331196094014e-01,1.096772639525925630e+00,2.999245767948360175e+00,2.381945793673613032e+00,-7.096118977732739097e+01,-1.940512011862589077e+02,-1.541118928506827785e+02
1.884845222000003560e+02,-2.525671110710547840e+00,5.090906161207935376e-01,1.417409630144458523e-07,7.939443770012720878e-09,-4.155408413729954065e-01,-2.941072331196094014e-01,1.082880417914402926e+00,2.999880985540631428e+00,2.413923891159578616e+00,-7.006236303906187857e+01,-1.940922997644788666e+02,-1.561808757580247402e+02
1.885907320999995136e+02,-2.525671110710547840e+00,5.090906161207935376e-01,7.559239175533348638e-08,4.234213815247447087e-09,-4.155408413729954065e-01,-2.941072331196094014e-01,1.069089594428578316e+00,2.999968125976961719e+00,2.445301236768135045e+00,-6.917009675952901659e+01,-1.940979377507094341e+02,-1.582109900188983431e+02
1.886953849999990780e+02,-2.525671110710547840e+00,5.090906161207935376e-01,4.012835558304778825e-08,2.247739933178057520e-09,-4.155408413729954065e-01,-2.941072331196094014e-01,1.055402346799347857e+00,2.999507151795279380e+00,2.476050468987338604e+00,-6.828453183791781100e+01,-1.940681127211545913e+02,-1.602004653434808006e+02
1.887996487000000343e+02,-2.525671110710547840e+00,5.090906161207935376e-01,2.140849764028190779e-08,1.199170371081402063e-09,-4.155408413729954065e-01,-2.941072331196094014e-01,1.041820836401779804e+00,2.998498261170489343e+00,2.506144774029459121e+00,-6.740580811519515692e+01,-1.940028374977306669e+02,-1.621475668797060052e+02
1.889045336999988649e+02,-2.525671110710547840e+00,5.090906161207935376e-01,1.146818781630576225e-08,6.423762783538091291e-10,-4.155408413729954065e-01,-2.941072331196094014e-01,1.028347207913804517e+00,2.996941887829276840e+00,2.535557909212996730e+00,-6.653406435202315095e+01,-1.939021401425542308e+02,-1.640505967260808973e+02
1.890089711000000534e+02,-2.525671110710547840e+00,5.090906161207935376e-01,6.115420983562692731e-09,3.425477010763892571e-10,-4.155408413729954065e-01,-2.941072331196094014e-01,1.014983588977555140e+00,2.994838700863647674e+00,2.564264225846676126e+00,-6.566943820684781485e+01,-1.937660639458780167e+02,-1.659078954122799416e+02
1.891191591000006156e+02,-2.525671110710547840e+00,5.090906161207935376e-01,3.269736558951085250e-09,1.831502270088380281e-10,-4.155408413729954065e-01,-2.941072331196094014e-01,1.001732089863381248e+00,2.992189604443279194e+00,2.592238691595551536e+00,-6.481206621416076530e+01,-1.935946674074801592e+02,-1.677178433462322005e+02
1.892240062000000762e+02,-2.532721889742490795e+00,5.021475807080250098e-01,-3.106309471614798062e-02,-3.011650976368589541e-02,-4.119088473023552743e-01,-2.871990500070768504e-01,9.885948031366054156e-01,2.988995737426817456e+00,2.619456912309494179e+00,-6.396208376293837006e+01,-1.933880242115151020e+02,-1.694788622264242690e+02
1.893288424000002124e+02,-2.533176863994056838e+00,5.016003855978814485e-01,-1.862474067854266030e-02,-1.849089635601530723e-02,-4.115904694105369521e-01,-2.866988530189076845e-01,9.755738033270942022e-01,2.985258472872272861e+00,2.645895153295314106e+00,-6.311962507526299504e+01,-1.931462231948360682e+02,-1.711894164182068323e+02
1.894333824999994249e+02,-2.534985182919336388e+00,4.999916005777820249e-01,-1.809102960706898688e-02,-1.702507574332569329e-02,-4.107864826524695867e-01,-2.850369560571832661e-01,9.626711466016579788e-01,2.980979417446738999e+00,2.671530360013746108e+00,-6.228482318512727289e+01,-1.928693683088040132e+02,-1.728480142928893883e+02
1.895365951000003406e+02,-2.535501177018739227e+00,4.995326795319139368e-01,-1.200346500769137494e-02,-1.115524750092619817e-02,-4.105563269431754536e-01,-2.845635259959755636e-01,9.498888704393736448e-01,2.976160410735679385e+00,2.696340178183316727e+00,-6.145780991742747545e+01,-1.925575785745984660e+02,-1.744532095284606044e+02
1.896401268999998138e+02,-2.535423180905264751e+00,4.994015263431784146e-01,-6.092365081465778327e-03,-6.571990416685690936e-03,-4.104263443830154512e-01,-2.845208258639264076e-01,9.372289933098199022e-01,2.970803524452080957e+00,2.720302973273660996e+00,-6.063871586714535056e+01,-1.922109880320496416e+02,-1.760036023708058792e+02
1.897446655000003375e+02,-2.535576929237968624e+00,4.993294864712318759e-01,-3.963108193454716564e-03,-3.853035363304786742e-03,-4.104108728370962078e-01,-2.844166864245432635e-01,9.246935143543539848e-01,2.964911061545810078e+00,2.743397849371143948e+00,-5.982767037872670812e+01,-1.918297456820139075e+02,-1.774978408543130115e+02
1.898500626000004559e+02,-2.535497504873822194e+00,4.991985538920632459e-01,-1.762701435957750784e-03,-2.639806097336380025e-03,-4.102806712268760037e-01,-2.843746947700361294e-01,9.122844130704184096e-01,2.958485555213571594e+00,2.765604667400376471e+00,-5.902480152565607341e+01,-1.914140154223181014e+02,-1.789346219808043656e+02
1.899543904000001930e+02,-2.535653689935718269e+00,4.991277206605916894e-01,-1.632967457063624504e-03,-1.720536751432318436e-03,-4.102668586743316026e-01,-2.842702696472736434e-01,9.000036489989536870e-01,2.951529767809874194e+00,2.786904062685837680e+00,-5.823023609023230307e+01,-1.909639759772988725e+02,-1.803126928557737187e+02
1.900588618000001588e+02,-2.535529313311933652e+00,4.990946196056277873e-01,-3.192443636431433157e-04,-1.069196398519014785e-03,-4.102042932720759150e-01,-2.843024394908405528e-01,8.878531614149766105e-01,2.944046689659476357e+00,2.807277461838094013e+00,-5.744409954354898673e+01,-1.904798208209681150e+02,-1.816308517809247007e+02
1.901632822999999917e+02,-2.535448779560458110e+00,4.989646328748689741e-01,1.881174087343603647e-04,-1.149865819349948264e-03,-4.100745662794297863e-01,-2.842614200884290288e-01,8.758348690213260124e-01,2.936039537771842234e+00,2.826707098950148822e+00,-5.666651602567979751e+01,-1.899617580938381991e+02,-1.828879493020746452e+02
1.902670010000001639e+02,-2.535602627098137773e+00,4.988925957383679721e-01,-5.853232799006050872e-04,-9.359866024932750848e-04,-4.100590842422625060e-01,-2.841572971312961160e-01,8.639506696456914492e-01,2.927511754458116844e+00,2.845176031089510893e+00,-5.589760832607623797e+01,-1.894100105134401701e+02,-1.840828892114913629e+02
1.903768750999988697e+02,-2.535602627098137773e+00,4.988925957383679721e-01,-3.136950218728838864e-04,-5.016276437727087935e-04,-4.100590842422625060e-01,-2.841572971312961160e-01,8.522024399409203754e-01,2.918467005851285379e+00,2.862668153072730703e+00,-5.513749786417755416e+01,-1.888248152785781713e+02,-1.852146295038056962e+02
1.904816811000000598e+02,-2.535525729929547722e+00,4.987604951513051055e-01,1.708180469787291648e-04,-8.363821119481211182e-04,-4.099286593522267208e-01,-2.841135789878074802e-01,8.405920350886694203e-01,2.908909180330056632e+00,2.879168211509326003e+00,-5.438630467023691040e+01,-1.882064239673546808e+02,-1.862821832846533994e+02
1.905857696999992186e+02,-2.535525729929547722e+00,4.987604951513051055e-01,9.125951916381282582e-05,-4.468370334611330118e-04,-4.099286593522267208e-01,-2.841135789878074802e-01,8.291212885064639382e-01,2.898842386847269914e+00,2.894661818102983730e+00,-5.364414736636821601e+01,-1.875551024290183761e+02,-1.872846196312630696e+02
1.906904161000002205e+02,-2.535525729929547722e+00,4.987604951513051055e-01,4.886729962751186636e-05,-2.392705922504165467e-04,-4.099286593522267208e-01,-2.841135789878074802e-01,8.177920115581585048e-01,2.888270953163391219e+00,2.909135462198361388e+00,-5.291114314781285799e+01,-1.868711306696714303e+02,-1.882210644042339993e+02
1.907948240000005171e+02,-2.535525729929547722e+00,4.987604951513051055e-01,2.612560960591839231e-05,-1.279196953987601882e-04,-4.099286593522267208e-01,-2.841135789878074802e-01,8.066059932679168210e-01,2.877199423986031235e+00,2.922576522562590817e+00,-5.218740776443421936e+01,-1.861548027318962397e+02,-1.890907010097996306e+02
1.908981285999998363e+02,-2.535525729929547722e+00,4.987604951513051055e-01,1.397008000727880712e-05,-6.840216960229644045e-05,-4.099286593522267208e-01,-2.841135789878074802e-01,7.955650000376990327e-01,2.865632559016120240e+00,2.934973278391159290e+00,-5.147305550243913075e+01,-1.854064265683429937e+02,-1.898927711119080186e+02
1.910019221999991714e+02,-2.535525729929547722e+00,4.987604951513051055e-01,7.499204190985735734e-06,-3.671860409437819521e-05,-4.099286593522267208e-01,-2.841135789878074802e-01,7.846707753683247466e-01,2.853575330901720442e+00,2.946314919528652432e+00,-5.076819916633061069e+01,-1.846263239093413233e+02,-1.906265752935038336e+02
1.911091223000003083e+02,-2.536687558069673720e+00,4.978745733245796279e-01,-5.200339926906260082e-03,-3.979574106453051714e-03,-4.095297533811687596e-01,-2.831333111074910702e-01,7.739250395841648089e-01,2.841032923100241803e+00,2.956591555895338175e+00,-5.007295006109546875e+01,-1.838148301245856544e+02,-1.912914736664284021e+02
1.912140450000006240e+02,-2.536687558069673720e+00,4.978745733245796279e-01,-2.743446454547876848e-03,-2.099429773132974620e-03,-4.095297533811687596e-01,-2.831333111074910702e-01,7.633294895614654019e-01,2.828010727650064116e+00,2.965794226111497345e+00,-4.938741797462681404e+01,-1.829722940789591519e+02,-1.918868864294138916e+02
1.913180073999992601e+02,-2.536687558069673720e+00,4.978745733245796279e-01,-1.464052476671964462e-03,-1.120370092829362993e-03,-4.095297533811687596e-01,-2.831333111074910702e-01,7.528857984604023779e-01,2.814514342852453055e+00,2.973914905311854540e+00,-4.871171116038803461e+01,-1.820990779825537231e+02,-1.924122943736769855e+02
1.914213271999997232e+02,-2.536687558069673720e+00,4.978745733245796279e-01,-7.858406028114343390e-04,-6.013666334708840265e-04,-4.095297533811687596e-01,-2.831333111074910702e-01,7.425956154608678306e-01,2.800549570864852456e+00,2.980946512143395566e+00,-4.804593632031814820e+01,-1.811955572349559702e+02,-1.928672393356777093e+02
1.915264552999997250e+02,-2.536687558069673720e+00,4.978745733245796279e-01,-4.210303957804598638e-04,-3.221946420095627393e-04,-4.095297533811687596e-01,-2.831333111074910702e-01,7.324605655020419714e-01,2.786122415206493841e+00,2.986882914940401257e+00,-4.739019858798211970e+01,-1.802621202638601687e+02,-1.932513245966439683e+02
1.916314103999993677e+02,-2.536687558069673720e+00,4.978745733245796279e-01,-2.247662190517885853e-04,-1.720029532523241467e-04,-4.095297533811687596e-01,-2.831333111074910702e-01,7.224822490258084873e-01,2.771239078177460513e+00,2.991718937071358386e+00,-4.674460151196981172e+01,-1.792991683580817153e+02,-1.935642152285169004e+02
1.917368497999996180e+02,-2.536687558069673720e+00,4.978745733245796279e-01,-1.200052958973829039e-04,-9.183437523373076726e-05,-4.095297533811687596e-01,-2.831333111074910702e-01,7.126622417240082719e-01,2.755905958192292449e+00,2.995450361453055876e+00,-4.610924703954333381e+01,-1.783071154950413302e+02,-1.938056383860127312e+02
1.918413717999992514e+02,-2.536687558069673720e+00,4.978745733245796279e-01,-6.376279298657904718e-05,-4.879464871356480022e-05,-4.095297533811687596e-01,-2.831333111074910702e-01,7.030020942896313407e-01,2.740129647029262649e+00,2.998073934227948989e+00,-4.548423550053914965e+01,-1.772863881627933154e+02,-1.939753835445483219e+02
1.919457567999997991e+02,-2.533440582133243524e+00,4.956375970902352490e-01,1.451967693695364707e-02,-9.996155533078416103e-03,-4.067723710364549716e-01,-2.831834490410112259e-01,6.935033321719414889e-01,2.723916926996574173e+00,2.999587367601563415e+00,-4.486966559152461542e+01,-1.762374251766783573e+02,-1.940733026838211686e+02
1.920503155999995215e+02,-2.521450843490937288e+00,4.841816244208342335e-01,6.275933638301976758e-02,-5.617948816384330663e-02,-3.940250943202120437e-01,-2.813824274412775051e-01,6.841674553355878707e-01,2.707274768016569411e+00,2.999989341837493662e+00,-4.426563436021253750e+01,-1.751606774906720432e+02,-1.940993104168858565e+02
1.921545977000005223e+02,-2.503826884191319380e+00,4.484056406739516665e-01,1.220724276182929557e-01,-1.886274397720457130e-01,-3.602616592540450191e-01,-2.669815638948491721e-01,6.749959380237531281e-01,2.690210324629393579e+00,2.999279506408227824e+00,-4.367223719013682626e+01,-1.740566080035217738e+02,-1.940533840646123451e+02
1.922592884000005142e+02,-2.544541120087109309e+00,3.444188591038394032e-01,-1.632845355705823120e-01,-5.641777010117863256e-01,-2.848333130773140764e-01,-1.936345379001151723e-01,6.659902285253376242e-01,2.672730932917146252e+00,2.997458480300815964e+00,-4.308956778558934531e+01,-1.729256913597393748e+02,-1.939355636754627881e+02
1.923667181000000710e+02,-2.597995528261273890e+00,1.887243574658524214e-01,-6.774821430500094221e-01,-9.889887129755610129e-01,-1.615204442751309588e-01,-9.761162421588505389e-02,6.571517489462685990e-01,2.654844107350135651e+00,2.994527851477103653e+00,-4.251771815682357669e+01,-1.717684137455537723e+02,-1.937459519905686136e+02
1.924732100000001083e+02,-2.597995528261273890e+00,0.000000000000000000e+00,0.000000000000000000e+00,0.000000000000000000e+00,-0.000000000000000000e+00,-0.000000000000000000e+00,6.484818949849304737e-01,2.636557537556320163e+00,2.990490175489001423e+00,-4.195677860552500249e+01,-1.705852726798939329e+02,-1.934847143541383900e+02
1.925773222999996506e+02,-2.597995528261273890e+00,0.000000000000000000e+00,0.000000000000000000e+00,0.000000000000000000e+00,-0.000000000000000000e+00,-0.000000000000000000e+00,6.399820357117658176e-01,2.617879085015544671e+00,2.985348973250011362e+00,-4.140683771055125106e+01,-1.693767768005057519e+02,-1.931520785692757443e+02
1.926821878999999171e+02,-2.597995528261273890e+00,0.000000000000000000e+00,0.000000000000000000e+00,0.000000000000000000e+00,-0.000000000000000000e+00,-0.000000000000000000e+00,6.316535133530918333e-01,2.598816779679829825e+00,2.979108727964937309e+00,-4.086798231394504199e+01,-1.681434456452849986e+02,-1.927483346993314512e+02
1.927857162000000244e+02,2.477583169619639036e-01,2.176166149951849760e-01,3.194083223559245899e-01,1.161865568027780515e+00,2.109716020079489829e-01,5.336641517061215673e-02,6.234976430791341340e-01,2.579378816521271656e+00,2.971774881220460962e+00,-4.034029750721997942e+01,-1.668858094289262795e+02,-1.922738348149638341e+02
1.928904361999993853e+02,4.022161416086000862e-01,2.956704082024687041e-01,3.064707879878167396e-01,9.820425621846438080e-01,2.720746461462943411e-01,1.157427199048959299e-01,6.155157127963544195e-01,2.559573552008959751e+00,2.963353828239994492e+00,-3.982386661792413207e+01,-1.656044088149797062e+02,-1.917289926871276577e+02
1.929959767999989708e+02,4.088812583677619017e-01,3.195108505508144625e-01,1.679831170914114491e-01,6.309727541443774790e-01,2.931723536909476846e-01,1.270321008683032715e-01,6.077089829440740498e-01,2.539409500516532248e+00,2.953852912306962786e+00,-3.931877119648159180e+01,-1.642997946834196341e+02,-1.911142834262604993e+02
1.930994553000000451e+02,4.035546315362696923e-01,3.237357428070772314e-01,7.041300496789498764e-02,3.542552524983372808e-01,2.977303546445908000e-01,1.271277589437344591e-01,6.000786862954330392e-01,2.518895330661781173e+00,2.943280418361330586e+00,-3.882509100331451890e+01,-1.629725278938172437e+02,-1.904302430679780969e+02
1.932037805999989359e+02,4.037417990685985281e-01,3.236563116086403902e-01,3.853874056431418060e-02,1.898322225270019925e-01,2.976335105153077309e-01,1.271522766703118146e-01,5.926260277627297679e-01,2.498039861579981036e+00,2.931645565775041540e+00,-3.834290399624861578e+01,-1.616231790442247700e+02,-1.896774681056452039e+02
1.933072979999997187e+02,4.045146776780534914e-01,3.235006481669196465e-01,2.382415494903221062e-02,1.008347389007552136e-01,2.973920479634142300e-01,1.273210083707455587e-01,5.853521842071380821e-01,2.476852059132510053e+00,2.918958500312553994e+00,-3.787228631820183722e+01,-1.602523282258734127e+02,-1.888566149702222390e+02
1.934104716999991069e+02,4.048487107899019222e-01,3.233695572365812287e-01,1.423997873162159006e-02,5.356967242914358052e-02,2.972290081389774019e-01,1.273687059999523696e-01,5.782583042528768313e-01,2.455341032052354766e+00,2.905230285283613600e+00,-3.741331228516113327e+01,-1.588605647737873596e+02,-1.879683994578498130e+02
1.935164368999994622e+02,4.051900918106046134e-01,3.232381276619680222e-01,9.157338065669562779e-03,2.820877630333110120e-02,2.970647221704170171e-01,1.274183582386293478e-01,5.713455081058254059e-01,2.433516028028277045e+00,2.890472891895857988e+00,-3.696605437444690523e+01,-1.574484870134295420e+02,-1.870135961056620317e+02
1.936244704999990063e+02,4.058696209643546382e-01,3.229744447084482717e-01,7.841897236826095643e-03,1.380910120913152010e-02,2.967358079087743516e-01,1.275160861987908734e-01,5.646148873766292375e-01,2.411386429729122760e+00,2.874699188815767137e+00,-3.653058321326791003e+01,-1.560167020034742507e+02,-1.859930375163801557e+02
1.937279722000002948e+02,4.062995793712191883e-01,3.229518405166086903e-01,6.005563798862540575e-03,7.171567325250686846e-03,2.966601898945808169e-01,1.276347249958892927e-01,5.580675049083292372e-01,2.388961750770259407e+00,2.857922930946982909e+00,-3.610696756756890125e+01,-1.545658252748357882e+02,-1.849076136322698005e+02
1.938313594999999623e+02,4.066419613667586752e-01,3.228205627739855199e-01,4.758998355250108371e-03,3.266851586052885777e-03,2.964959000821210666e-01,1.276843646818419664e-01,5.517043946085149475e-01,2.366251631623525586e+00,2.840158747435832964e+00,-3.569527433117092130e+01,-1.530964805660421177e+02,-1.837582709590984109e+02
1.939354509999993752e+02,4.073204612662468249e-01,3.225584889022217738e-01,5.595179947884020011e-03,5.826666214120554063e-04,2.961685655524574634e-01,1.277816870348972844e-01,5.455265612860660251e-01,2.343265835472836844e+00,2.821422128914485405e+00,-3.529556851520847260e+01,-1.516092995550925480e+02,-1.825460117407672271e+02
1.940399452999990899e+02,4.074149796142373936e-01,3.226668438136359729e-01,3.413650040886207025e-03,7.949235294533751363e-04,2.962559723792669297e-01,1.278526140767892172e-01,5.395349804924798320e-01,2.320014244016880056e+00,2.801729413992913642e+00,-3.490791323786344691e+01,-1.501049215878921359e+02,-1.812718930853415316e+02
1.941435939999992115e+02,4.077540303987272630e-01,3.225347446768832005e-01,3.338953076079649064e-03,-1.633817495886182947e-04,2.960913379958926561e-01,1.279006688316534635e-01,5.337305983678171106e-01,2.296506853220981803e+00,2.781097775011344808e+00,-3.453236971439776681e+01,-1.485839934033975283e+02,-1.799370260432340274e+02
1.942517946999996639e+02,4.077540303987272630e-01,3.225347446768832005e-01,1.792699212316811513e-03,-8.772041029649727830e-05,2.960913379958926561e-01,1.279006688316534635e-01,5.281143314913083753e-01,2.272753769019764114e+00,2.759545203065783880e+00,-3.416899724748765266e+01,-1.470471688555787466e+02,-1.785425746383562284e+02
1.943562197999999626e+02,4.081886759249666596e-01,3.225132880691898296e-01,2.844512164300883657e-03,-1.397353022301998948e-04,2.960160248145158879e-01,1.280208343755505074e-01,5.226870667365961509e-01,2.248765202972574428e+00,2.737090492319440571e+00,-3.381785321785777398e+01,-1.454951086323255822e+02,-1.770897548530678023e+02
1.944606755000004341e+02,3.996873783401162505e-01,3.292171388179102598e-01,-3.560798956584094316e-02,2.983376038902124314e-02,3.032691293989488446e-01,1.281083902211515024e-01,5.174496611316998784e-01,2.224551467873455035e+00,2.713753223613996290e+00,-3.347899307522098411e+01,-1.439284799714125427e+02,-1.755798335678255739e+02
1.945637217000003147e+02,3.879724888156088070e-01,3.410168074517493930e-01,-6.818155223354627203e-02,6.865990962103171724e-02,3.156717544246138152e-01,1.290108771502226637e-01,5.124029417236783956e-01,2.200122973317677921e+00,2.689553747394778149e+00,-3.315247032952199646e+01,-1.423479563736537727e+02,-1.740141274564421678e+02
1.946685190999996848e+02,3.734695238078629131e-01,3.572935233237537478e-01,-9.555994336637063657e-02,1.102455198561235333e-01,3.326642457848212331e-01,1.303578205767410292e-01,5.075477054480281858e-01,2.175490221226576537e+00,2.664513165964894625e+00,-3.283833654248742562e+01,-1.407542173133595043e+02,-1.723940018379286983e+02
1.947729294000000664e+02,3.599219139537877532e-01,3.738076842304907665e-01,-1.043279373084079475e-01,1.328352335022878472e-01,3.498557058615363591e-01,1.316554969072254444e-01,5.028847190028442604e-01,2.150663801332739489e+00,2.638653315083725470e+00,-3.253664131948402627e+01,-1.391479479462282427e+02,-1.707208694859170350e+02
1.948758864999999787e+02,3.525659370895866673e-01,3.845564318060595843e-01,-8.472597007913316991e-02,1.191189605857566475e-01,3.609022761539887325e-01,1.327900459758886431e-01,4.984147187277392366e-01,2.125654386627404246e+00,2.611996744925762393e+00,-3.224743230168473218e+01,-1.375298388147930666e+02,-1.689961893966968205e+02
1.949819714000004751e+02,3.514406108087539948e-01,3.860744670910005727e-01,-5.022811499638633187e-02,7.089319294370442781e-02,3.624767292968750776e-01,1.329064139078321716e-01,4.941384104875750083e-01,2.100472728772136310e+00,2.584566700416561336e+00,-3.197075515854610472e+01,-1.359005855515572136e+02,-1.672214655169515254e+02
1.950865295000003243e+02,3.515879760430457579e-01,3.859894224558869102e-01,-2.605817973429553139e-02,3.729370932339578365e-02,3.623772973753155990e-01,1.329305404893519060e-01,4.900564695609948007e-01,2.075129653476619929e+00,2.556387100962832282e+00,-3.170665358059636674e+01,-1.342608885799373013e+02,-1.653982454322952549e+02
1.951913719999993191e+02,3.520677230271758162e-01,3.860373706000380101e-01,-1.179805499718609291e-02,2.011658144916689955e-02,3.623584897359004020e-01,1.331209090117268234e-01,4.861695405337893572e-01,2.049636055844597404e+00,2.527482519594309363e+00,-3.145516927253617112e+01,-1.326114528131454620e+02,-1.635281190177518340e+02
1.952953653000004124e+02,3.522171771587440658e-01,3.859515150787312110e-01,-5.647545628640720551e-03,1.037278677858337501e-02,3.622580053563885238e-01,1.331454450846099868e-01,4.824782371971130246e-01,2.024002895690112602e+00,2.497878161535778130e+00,-3.121634194665321260e+01,-1.309529873511502842e+02,-1.616127170513648537e+02
1.954002846000003046e+02,3.525594626573904655e-01,3.859545943312621685e-01,-1.500428992130140460e-03,5.563261612765260308e-03,3.622153002351318207e-01,1.332704962134622639e-01,4.789831424505526236e-01,1.998241192825713997e+00,2.467599842227683471e+00,-3.099020931655075728e+01,-1.292862051758237101e+02,-1.596537097921311386e+02
1.955038843000002089e+02,3.527071027218040555e-01,3.858696043628246364e-01,-1.451668636595799004e-04,2.588406213720583025e-03,3.621158621508283049e-01,1.332946133565986457e-01,4.756848082100846309e-01,1.972362022325091280e+00,2.436673964814686677e+00,-3.077680709119247737e+01,-1.276118228444334051e+02,-1.576528055235102386e+02
1.956117008999990503e+02,3.527071027218040555e-01,3.858696043628246364e-01,-7.797672446839974052e-05,1.390368525236539707e-03,3.621158621508283049e-01,1.332946133565986457e-01,4.725837553209215613e-01,1.946376509761771789e+00,2.405127497121774649e+00,-3.057616896926362671e+01,-1.259305601815866424e+02,-1.556117490637788308e+02
1.957172962000004190e+02,3.527071027218040555e-01,3.858696043628246364e-01,-4.091417542376492566e-05,7.295225868106607449e-04,3.621158621508283049e-01,1.332946133565986457e-01,4.696804734752622057e-01,1.920295826426247965e+00,2.372987948137850189e+00,-3.038832663384946642e+01,-1.242431399697782552e+02,-1.535323202445189281e+02
1.958209461999995256e+02,3.527071027218040555e-01,3.858696043628246364e-01,-2.183714039179191247e-05,3.893684030575452555e-04,3.621158621508283049e-01,1.332946133565986457e-01,4.669754211349674833e-01,1.894131184523352829e+00,2.340283344027572543e+00,-3.021330974743239750e+01,-1.225502876386609330e+02,-1.514163323585839578e+02
1.959245756000000256e+02,3.527071027218040555e-01,3.858696043628246364e-01,-1.171096324655085947e-05,2.088130119495440235e-04,3.621158621508283049e-01,1.332946133565986457e-01,4.644690254591592460e-01,1.867893832352099714e+00,2.307042203692021509e+00,-3.005114594720760479e+01,-1.208527309531808527e+02,-1.492656305788738109e+02
1.960287291000004188e+02,3.527071027218040555e-01,3.858696043628246364e-01,-6.289473649355503228e-06,1.121448260616834415e-04,3.621158621508283049e-01,1.332946133565986457e-01,4.621616822367695665e-01,1.841595049469951340e+00,2.273293513899881546e+00,-2.990186084071899231e+01,-1.191511997007058596e+02,-1.470820903493223284e+02
1.961333063999991282e+02,3.527071027218040555e-01,3.858696043628246364e-01,-3.367483211038862007e-06,6.004410544057061836e-05,3.621158621508283049e-01,1.332946133565986457e-01,4.600537558240407332e-01,1.815246141843740668e+00,2.239066704010478581e+00,-2.976547800181543835e+01,-1.174464253772900264e+02,-1.448676157494779773e+02
1.962371225999995659e+02,3.527071027218040555e-01,3.858696043628246364e-01,-1.799373067526386196e-06,3.208382623536425610e-05,3.621158621508283049e-01,1.332946133565986457e-01,4.581455790869888300e-01,1.788858436989147371e+00,2.204391620310997890e+00,-2.964201896692817684e+01,-1.157391408731978402e+02,-1.426241378341215693e+02
1.963428475000000617e+02,3.527071027218040555e-01,3.858696043628246364e-01,-9.648742415920803865e-07,1.720424633718444250e-05,3.621158621508283049e-01,1.332946133565986457e-01,4.564374533488420038e-01,1.762443279100966542e+00,2.169298499990044427e+00,-2.953150323167007940e+01,-1.140300801578325434e+02,-1.403536129493558917e+02
1.964478509000000486e+02,3.527071027218040555e-01,3.858696043628246364e-01,-5.126199711026270357e-07,9.140300238151088428e-06,3.621158621508283049e-01,1.332946133565986457e-01,4.549296483424549731e-01,1.736012024176150081e+00,2.133817944770381558e+00,-2.943394824775683816e+01,-1.123199779641969087e+02,-1.380580210266437007e+02
1.965526305000003049e+02,3.527071027218040555e-01,3.858696043628246364e-01,-2.736315465240866465e-07,4.879003220416950732e-06,3.621158621508283049e-01,1.332946133565986457e-01,4.536224021677173202e-01,1.709576035131866734e+00,2.097980894223741011e+00,-2.934936942025131046e+01,-1.106095694730317831e+02,-1.357393638562760430e+02
1.966561495000005380e+02,3.527071027218040555e-01,3.858696043628246364e-01,-1.460378180779664731e-07,2.603935817182332712e-06,3.621158621508283049e-01,1.332946133565986457e-01,4.525159212539537901e-01,1.683146676920504792e+00,2.061818598791113288e+00,-2.927778010513081242e+01,-1.088995899967566601e+02,-1.333996633417850433e+02
1.967605143000000680e+02,3.527071027218040555e-01,3.858696043628246364e-01,-7.847441787148662536e-08,1.399242676434701644e-06,3.621158621508283049e-01,1.332946133565986457e-01,4.516103803273276984e-01,1.656735311643791064e+00,2.025362592531824379e+00,-2.921919160717810371e+01,-1.071907746633532810e+02,-1.310409597368090431e+02
1.968690934999995079e+02,3.527071027218040555e-01,3.858696043628246364e-01,-4.187716272265398448e-08,7.466931879061258217e-07,3.621158621508283049e-01,1.332946133565986457e-01,4.509059223832487806e-01,1.630353293668270753e+00,1.988644665625468155e+00,-2.917361317819619870e+01,-1.054838581003371161e+02,-1.286653098659677994e+02
1.969745574999997189e+02,3.527071027218040555e-01,3.858696043628246364e-01,-2.198558050841194980e-08,3.920151731987371159e-07,3.621158621508283049e-01,1.332946133565986457e-01,4.504026586637925877e-01,1.604011964743887297e+00,1.951696836650276934e+00,-2.914105201554738045e+01,-1.037795741189295171e+02,-1.262747853312729234e+02
1.970789726000002702e+02,3.527071027218040555e-01,3.858696043628246364e-01,-1.171847123340709600e-08,2.089468835462792589e-07,3.621158621508283049e-01,1.332946133565986457e-01,4.501006686401345380e-01,1.577722649128220134e+00,1.914551324662549847e+00,-2.912151326101670534e+01,-1.020786553985958420e+02,-1.238714707056669795e+02
1.971840524999988702e+02,3.527071027218040555e-01,3.858696043628246364e-01,-6.261204976182721227e-09,1.116407798389469781e-07,3.621158621508283049e-01,1.332946133565986457e-01,4.500000000000001776e-01,1.551496648718054150e+00,1.877240521101076531e+00,-2.911500000000001265e+01,-1.003818331720581085e+02,-1.214574617152396598e+02
1.972889175000000250e+02,3.527071027218040555e-01,3.858696043628246364e-01,-3.342070613651862453e-09,5.959098464340598411e-08,3.621158621508283049e-01,1.332946133565986457e-01,4.501006686401345380e-01,1.525345238190705111e+00,1.839796961541384057e+00,-2.912151326101670534e+01,-9.868983691093862376e+01,-1.190348634117275566e+02
1.973936995000003662e+02,3.527071027218040555e-01,3.858696043628246364e-01,-1.782097873948070096e-09,3.177579989054897200e-08,3.621158621508283049e-01,1.332946133565986457e-01,4.504026586637928098e-01,1.499279660156948468e+00,1.802253297324194703e+00,-2.914105201554739466e+01,-9.700339401215457258e+01,-1.166057883368754062e+02
1.974996374999991531e+02,3.527071027218040555e-01,3.858696043628246364e-01,-9.513557760123416924e-10,1.696320454965484990e-08,3.621158621508283049e-01,1.332946133565986457e-01,4.509059223832490026e-01,1.473311120327787993e+00,1.764642267082989768e+00,-2.917361317819621291e+01,-9.532322948520788941e+01,-1.141723546802694500e+02
1.976033050000005460e+02,3.527071027218040555e-01,3.858696043628246364e-01,-5.051082294568317477e-10,9.006361691421600242e-09,3.621158621508283049e-01,1.332946133565986457e-01,4.516103803273279205e-01,1.447450782697033311e+00,1.726996668195398321e+00,-2.921919160717811792e+01,-9.365006564049805604e+01,-1.117366844322422708e+02
1.977077989999997953e+02,3.527071027218040555e-01,3.858696043628246364e-01,-2.714471775996183106e-10,4.840054703140922141e-09,3.621158621508283049e-01,1.332946133565986457e-01,4.525159212539540121e-01,1.421709764741911020e+00,1.689349328183458843e+00,-2.927778010513082663e+01,-9.198462177880165314e+01,-1.093009015334697978e+02
1.978125755000000936e+02,3.527071027218040555e-01,3.858696043628246364e-01,-1.448302107202024400e-10,2.582403503885950975e-09,3.621158621508283049e-01,1.332946133565986457e-01,4.536224021677177642e-01,1.396099132643529916e+00,1.651733076087451568e+00,-2.934936942025133888e+01,-9.032761388203638830e+01,-1.068671300228581202e+02
1.979169588000004296e+02,3.527071027218040555e-01,3.858696043628246364e-01,-7.728939314210950385e-11,1.378113024008469811e-09,3.621158621508283049e-01,1.332946133565986457e-01,4.549296483424554172e-01,1.370629896529585112e+00,1.614180713838594405e+00,-2.943394824775686658e+01,-8.867975430546415794e+01,-1.044374921853570584e+02
1.980204997999990155e+02,3.527071027218040555e-01,3.858696043628246364e-01,-4.136187904430727568e-11,7.375053922808824090e-10,3.621158621508283049e-01,1.332946133565986457e-01,4.564374533488426700e-01,1.345313005740931267e+00,1.576724987655145682e+00,-2.953150323167012203e+01,-8.704175147143826052e+01,-1.020141067012879290e+02
1.981254546999989543e+02,3.527071027218040555e-01,3.858696043628246364e-01,-2.219141679946465596e-11,3.956853491696066406e-10,3.621158621508283049e-01,1.332946133565986457e-01,4.581455790869897182e-01,1.320159344124507639e+00,1.539398559487322737e+00,-2.964201896692823723e+01,-8.541430956485564252e+01,-9.959908679882978788e+01
1.982298843999997189e+02,3.527071027218040555e-01,3.858696043628246364e-01,-1.183413368744469673e-11,2.110092096665646580e-10,3.621158621508283049e-01,1.332946133565986457e-01,4.600537558240409552e-01,1.295179725354286049e+00,1.502233978535514325e+00,-2.976547800181545256e+01,-8.379812823042230718e+01,-9.719453841124777682e+01
1.983340888999991876e+02,3.527071027218040555e-01,3.858696043628246364e-01,-6.331644455323003382e-12,1.128967550725613949e-10,3.621158621508283049e-01,1.332946133565986457e-01,4.621616822367702326e-01,1.270384888282390712e+00,1.465263652866957589e+00,-2.990186084071903494e+01,-8.219390227187068376e+01,-9.480255834049215480e+01
1.984389040000005480e+02,3.527071027218040555e-01,3.858696043628246364e-01,-3.393437015490736148e-12,6.050687626181279610e-11,3.621158621508283049e-01,1.332946133565986457e-01,4.644690254591601342e-01,1.245785492322509569e+00,1.428519821155384895e+00,-3.005114594720766164e+01,-8.060232135326637604e+01,-9.242523242875340372e+01
1.985433168999988993e+02,3.527071027218040555e-01,3.858696043628246364e-01,-1.810205575009776209e-12,3.227697589068719971e-11,3.621158621508283049e-01,1.332946133565986457e-01,4.669754211349688156e-01,1.221392112867244695e+00,1.392034524568438680e+00,-3.021330974743248277e+01,-7.902406970251072948e+01,-9.006463373957798524e+01
1.986469502999989345e+02,3.527071027218040555e-01,3.858696043628246364e-01,-9.682185331278935060e-13,1.726387692210970976e-11,3.621158621508283049e-01,1.332946133565986457e-01,4.696804734752633159e-01,1.197215236741804745e+00,1.355839578827262581e+00,-3.038832663384953747e+01,-7.745982581719476912e+01,-8.772282075012388702e+01
1.987502024999994319e+02,3.527071027218040555e-01,3.858696043628246364e-01,-5.195334375311289045e-13,9.263571203788602481e-12,3.621158621508283049e-01,1.332946133565986457e-01,4.725837553209220054e-01,1.173265257695595087e+00,1.319966546462779222e+00,-3.057616896926365513e+01,-7.591026217290500711e+01,-8.540183555614181898e+01
1.988595113999999739e+02,3.527071027218040555e-01,3.858696043628246364e-01,-2.789983043856338584e-13,4.974695508905997206e-12,3.621158621508283049e-01,1.332946133565986457e-01,4.756848082100861852e-01,1.149552471933955378e+00,1.284446709292617728e+00,-3.077680709119257685e+01,-7.437604493412690942e+01,-8.310370209123236407e+01
1.989643276999995578e+02,3.527071027218040555e-01,3.858696043628246364e-01,-1.458715508941045926e-13,2.600971180480833151e-12,3.621158621508283049e-01,1.332946133565986457e-01,4.789831424505539559e-01,1.126087073691741436e+00,1.249311041143005063e+00,-3.099020931655084254e+01,-7.285783366785567239e+01,-8.083042436195242431e+01
1.990677261000000726e+02,3.527071027218040555e-01,3.858696043628246364e-01,-7.801556384806960100e-14,1.391061053056867090e-12,3.621158621508283049e-01,1.332946133565986457e-01,4.824782371971145789e-01,1.102879150850792911e+00,1.214590180839010269e+00,-3.121634194665331563e+01,-7.135628106004629956e+01,-7.858398470028396332e+01
1.991723406999990402e+02,3.527071027218040555e-01,3.858696043628246364e-01,-4.186872418329021431e-14,7.465427240387286094e-13,3.621158621508283049e-01,1.332946133565986457e-01,4.861695405337909115e-01,1.079938680603075074e+00,1.180314405487134621e+00,-3.145516927253627415e+01,-6.987203263501895378e+01,-7.636634203501760965e+01
1.992772253000002820e+02,3.527071027218040555e-01,3.858696043628246364e-01,-2.237246408281148915e-14,3.989135232954247403e-13,3.621158621508283049e-01,1.332946133565986457e-01,4.900564695609952448e-01,1.057275525161494256e+00,1.146513604073150283e+00,-3.170665358059639516e+01,-6.840572647794867578e+01,-7.417943018353282980e+01
1.993825493000003917e+02,3.527071027218040555e-01,3.858696043628246364e-01,-1.194016383652003443e-14,2.128997864124522334e-13,3.621158621508283049e-01,1.332946133565986457e-01,4.941384104875778949e-01,1.034899427520016069e+00,1.113217251398516794e+00,-3.197075515854628946e+01,-6.695799296054504168e+01,-7.202515616548403443e+01
1.994980230000001029e+02,3.527071027218040555e-01,3.858696043628246364e-01,-6.342820401987519192e-15,1.130960284401976011e-13,3.621158621508283049e-01,1.332946133565986457e-01,4.984147187277423452e-01,1.012820007265202271e+00,1.080454382377884048e+00,-3.224743230168493113e+01,-6.552945447005859592e+01,-6.990539853984910224e+01
1.996063924999998562e+02,3.527071027218040555e-01,3.858696043628246364e-01,-3.233924659616260830e-15,5.766268191399700881e-14,3.621158621508283049e-01,1.332946133565986457e-01,5.028847190028473690e-01,9.910467564405968099e-01,1.048253566720229513e+00,-3.253664131948422522e+01,-6.412072514170661464e+01,-6.782200576679885273e+01
1.997178607000005286e+02,3.527071027218040555e-01,3.858696043628246364e-01,-1.699815591259090521e-15,3.030866085880193838e-14,3.621158621508283049e-01,1.332946133565986457e-01,5.075477054480317385e-01,9.695890354661392818e-01,1.016642884015618531e+00,-3.283833654248765299e+01,-6.273241059465921410e+01,-6.577679459581052868e+01
1.998260023999991972e+02,3.527071027218040555e-01,3.858696043628246364e-01,-8.817740059882193653e-16,1.572252274836946241e-14,3.621158621508283049e-01,1.332946133565986457e-01,5.124029417236803940e-01,9.484560691140455635e-01,9.856498992494355793e-01,-3.315247032952212436e+01,-6.136510767167875002e+01,-6.377154848143848653e+01
1.999323681999994733e+02,3.527071027218040555e-01,3.858696043628246364e-01,-4.614300616017645897e-16,8.227555576652088450e-15,3.621158621508283049e-01,1.332946133565986457e-01,5.174496611317034311e-01,9.276569425430076787e-01,9.553016387652412122e-01,-3.347899307522121148e+01,-6.001940418253259679e+01,-6.180801602811111195e+01
2.000417498000006162e+02,3.527071027218040555e-01,3.858696043628246364e-01,-2.460506501778342509e-16,4.387220442426800653e-15,3.621158621508283049e-01,1.332946133565986457e-01,5.226870667365999257e-01,9.072005973925221234e-01,9.256245666974859398e-01,-3.381785321785801557e+01,-5.869587865129618365e+01,-5.988790946532733983e+01
2.001466787999997905e+02,3.527071027218040555e-01,3.858696043628246364e-01,-1.286137534428009461e-16,2.293255018321130665e-15,3.621158621508283049e-01,1.332946133565986457e-01,5.281143314913123721e-01,8.870958279387379797e-01,8.966445618942896489e-01,-3.416899724748790845e+01,-5.739510006763634919e+01,-5.801290315456054003e+01
2.002595347999995283e+02,3.527071027218040555e-01,3.858696043628246364e-01,-6.865173031352413901e-17,1.224098674081039122e-15,3.621158621508283049e-01,1.332946133565986457e-01,5.337305983678211074e-01,8.673512773138419840e-01,8.683868953507879462e-01,-3.453236971439802971e+01,-5.611762764220557642e+01,-5.618463212919598249e+01
2.003645053000000189e+02,3.527071027218040555e-01,3.858696043628246364e-01,-3.536731468331110412e-17,6.306189634541426174e-16,3.621158621508283049e-01,1.332946133565986457e-01,5.395349804924807202e-01,8.479754337902750683e-01,8.408762081723850645e-01,-3.490791323786350375e+01,-5.486401056623079597e+01,-5.440469066875331805e+01
2.004725598999993963e+02,3.527071027218040555e-01,3.858696043628246364e-01,-1.885841059919195571e-17,3.362559880766634332e-16,3.621158621508283049e-01,1.332946133565986457e-01,5.455265612860684676e-01,8.289766271316315605e-01,8.141364900873854227e-01,-3.529556851520862892e+01,-5.363478777541656228e+01,-5.267463090865383890e+01
2.005797882000006211e+02,3.527071027218040555e-01,3.858696043628246364e-01,-9.922284983240477090e-18,1.769198800433756848e-16,3.621158621508283049e-01,1.332946133565986457e-01,5.517043946085176120e-01,8.103630250116303779e-01,7.881910585275985204e-01,-3.569527433117109183e+01,-5.243048771825248622e+01,-5.099596148673562368e+01
2.006842837999993208e+02,3.527071027218040555e-01,3.858696043628246364e-01,-5.241114070060302278e-18,9.345198955028280435e-17,3.621158621508283049e-01,1.332946133565986457e-01,5.580675049083321237e-01,7.921426295028058950e-01,7.630625382951402580e-01,-3.610696756756909309e+01,-5.125162812883154118e+01,-4.937014622769557803e+01
2.007892943999995623e+02,3.527071027218040555e-01,3.858696043628246364e-01,-2.805964657215302572e-18,5.003191617646476809e-17,3.621158621508283049e-01,1.332946133565986457e-01,5.646148873766321241e-01,7.743232736363576674e-01,7.387728418333089353e-01,-3.653058321326810187e+01,-5.009871580427234505e+01,-4.779860286661509150e+01
2.008931190000002971e+02,3.527071027218040555e-01,3.858696043628246364e-01,-1.497136627286714925e-18,2.669478179224861514e-17,3.621158621508283049e-01,1.332946133565986457e-01,5.713455081058262941e-01,7.569126180347357513e-01,7.153431501186193753e-01,-3.696605437444696207e+01,-4.897224638684740228e+01,-4.628270181267467365e+01
2.009987158999992971e+02,3.527071027218040555e-01,3.858696043628246364e-01,-8.008040975935047055e-19,1.427878408287930439e-17,3.621158621508283049e-01,1.332946133565986457e-01,5.782583042528797179e-01,7.399181476182512540e-01,6.927938941906304215e-01,-3.741331228516131802e+01,-4.787270415090085862e+01,-4.482376495413379303e+01
2.011024345999994694e+02,3.527071027218040555e-01,3.858696043628246364e-01,-4.272611061328206046e-19,7.618304026935077933e-18,3.621158621508283049e-01,1.332946133565986457e-01,5.853521842071411907e-01,7.233471683873446967e-01,6.711447373358350177e-01,-3.787228631820203617e+01,-4.680056179466120625e+01,-4.342306450562852405e+01
2.012055784999993193e+02,3.512918483911158241e-01,3.851472957489400772e-01,-6.328562224040086212e-03,-3.222162010041186835e-03,3.616259487441091380e-01,1.325334396205140597e-01,5.926260277627326545e-01,7.072068042816226363e-01,6.504145579409335021e-01,-3.834290399624880763e+01,-4.575628023702098801e+01,-4.208182189877840074e+01
2.013085876999994071e+02,3.366876356406325321e-01,3.789777427638870710e-01,-7.013018474799220803e-02,-2.921706767303147365e-02,3.576997048182673500e-01,1.252000426650701770e-01,6.000786862954361478e-01,6.915039941173057869e-01,6.306214330306112448e-01,-3.882509100331471785e+01,-4.474030841938968450e+01,-4.080120671708054658e+01
2.014122153999996954e+02,3.165800311213979867e-01,3.699282728761086880e-01,-1.316635620517224159e-01,-5.557869042227502748e-02,3.515449361769541481e-01,1.151654675735827443e-01,6.077089829440751600e-01,6.762454886041773250e-01,6.117826225041094190e-01,-3.931877119648166286e+01,-4.375308311269027683e+01,-3.958233567601588021e+01
2.015166786999998294e+02,2.916623925686847585e-01,3.606704774126412438e-01,-1.887975700313095917e-01,-7.005630975172563724e-02,3.454383485136648946e-01,1.037089227270939495e-01,6.155157127963575281e-01,6.614378474434077226e-01,5.939145540843415727e-01,-3.982386661792433102e+01,-4.279502872958848059e+01,-3.842627164925690408e+01
2.016226528999995935e+02,2.389274853807203947e-01,3.446435474636756480e-01,-3.568388798693449271e-01,-1.046145941884499414e-01,3.348530361522377707e-01,8.156358861633661306e-02,6.234976430791374646e-01,6.470874365075383050e-01,5.770328089926806125e-01,-4.034029750722019259e+01,-4.186655714203772760e+01,-3.733402274182643765e+01
2.017301532000001316e+02,1.440252088874625080e-01,3.208229172911049032e-01,-6.688924586240854175e-01,-1.475247614601001844e-01,3.175012084528435752e-01,4.604700739634553369e-02,6.316535133530953861e-01,6.332004251037455234e-01,5.611521083618657979e-01,-4.086798231394527647e+01,-4.096806750421233545e+01,-3.630654141101271648e+01
2.018365164999995613e+02,4.626962245924959305e-02,3.025761448935029296e-01,-8.519707142128554178e-01,-1.398155813303633144e-01,3.022523133730413147e-01,1.399508911221762804e-02,6.399820357117693703e-01,6.197827833216347226e-01,5.462863003990008348e-01,-4.140683771055147844e+01,-4.009994608090976698e+01,-3.534472363581535603e+01
2.019427971000004618e+02,-4.646671706124605450e-02,2.889779968880600292e-01,-9.242925481336705662e-01,-1.156407125671356367e-01,2.886660787592144062e-01,-1.342302720010101098e-02,6.484818949849318059e-01,6.068402794666551969e-01,5.324483483096806857e-01,-4.195677860552508776e+01,-3.926256608149259364e+01,-3.444940813563633952e+01
2.020475508999988961e+02,-1.214728363517743048e-01,2.800211599561390208e-01,-8.617142614005662837e-01,-8.644349365019542153e-02,2.779577519625701654e-01,-3.393137408204861816e-02,6.571517489462721517e-01,5.943784775803053755e-01,5.196503189938916911e-01,-4.251771815682381117e+01,-3.845628749944575731e+01,-3.362137563890479441e+01
2.021520115999992413e+02,-1.659648022582049798e-01,2.751523565980883435e-01,-6.775756145431708344e-01,-6.089382314925095852e-02,2.713716050747806419e-01,-4.545625700185672996e-02,6.659902285253411769e-01,5.824027350481089105e-01,5.079033725235138075e-01,-4.308956778558957268e+01,-3.768145695761264591e+01,-3.286134820227134412e+01
2.022582602999991650e+02,-1.747966957638817931e-01,2.743502303400564557e-01,-4.041361013676815217e-01,-3.522855011417470178e-02,2.701696583409406993e-01,-4.771168200327256803e-02,6.749959380237569029e-01,5.709182002964572344e-01,4.972177524105454438e-01,-4.367223719013707495e+01,-3.693840755918078145e+01,-3.216998858096228986e+01
2.023633319999989908e+02,-1.741732436625351710e-01,2.743684669565634171e-01,-2.112360182475132853e-01,-1.861411701122775778e-02,2.702173124801424686e-01,-4.754639519568076844e-02,6.841674553355918675e-01,5.599298105792629432e-01,4.876027766746158232e-01,-4.426563436021279330e+01,-3.622745874447831227e+01,-3.154789965084764347e+01
2.024701927999994950e+02,-1.741732436625351710e-01,2.743684669565634171e-01,-1.126647678602869102e-01,-9.928018854894702164e-03,2.702173124801424686e-01,-4.754639519568076844e-02,6.935033321719428212e-01,5.494422898554387480e-01,4.790668297175457724e-01,-4.486966559152470069e+01,-3.554891615364688562e+01,-3.099562388272521218e+01
2.025843664000003628e+02,-1.741460993631345211e-01,2.742963447172439562e-01,-5.949173763272301574e-02,-5.569987522605400129e-03,2.701475716144805528e-01,-4.752656389894221317e-02,7.030020942896353375e-01,5.394601467580122378e-01,4.716173550120057456e-01,-4.548423550053940545e+01,-3.490307149524339536e+01,-3.051364286927677227e+01
2.026904515999995056e+02,-1.741460993631345211e-01,2.742963447172439562e-01,-3.045875600050444373e-02,-2.851738705705153532e-03,2.701475716144805528e-01,-4.752656389894221317e-02,7.126622417240122687e-01,5.299876726558867546e-01,4.652608486107203678e-01,-4.610924703954359671e+01,-3.429020242083587533e+01,-3.010237690511360853e+01
2.027951348000005964e+02,-1.741460993631345211e-01,2.742963447172439562e-01,-1.617914075158421658e-02,-1.514792065230115411e-03,2.701475716144805528e-01,-4.752656389894221317e-02,7.224822490258124841e-01,5.210289398089136270e-01,4.600028534817874881e-01,-4.674460151197006752e+01,-3.371057240563671087e+01,-2.976218462027165046e+01
2.028988386999990325e+02,-1.741460993631345211e-01,2.742963447172439562e-01,-8.647199443945699157e-03,-8.096047438655616050e-04,2.701475716144805528e-01,-4.752656389894221317e-02,7.324605655020463013e-01,5.125877996172465423e-01,4.558479546751488254e-01,-4.739019858798239682e+01,-3.316443063523585266e+01,-2.949336266748213120e+01
2.030046148000001267e+02,-1.741460993631345211e-01,2.742963447172439562e-01,-4.639134307860753002e-03,-4.343446878287509608e-04,2.701475716144805528e-01,-4.752656389894221317e-02,7.425956154608692739e-01,5.046678809655935627e-01,4.527997753243451218e-01,-4.804593632031824768e+01,-3.265201189847390140e+01,-2.929614546348513215e+01
2.031130672999988747e+02,-1.735391461464930174e-01,2.743866969039874815e-01,2.226366378401641098e-04,1.688421182898263329e-04,2.702653633353704343e-01,-4.737818927608895836e-02,7.528857984604068188e-01,4.972725886631341741e-01,4.508609734870978603e-01,-4.871171116038832594e+01,-3.217353648650477993e+01,-2.917070498461523442e+01
2.032196975999995630e+02,-1.707619308293275573e-01,2.736050540537719455e-01,1.232203322752922769e-02,-3.331925225271274629e-03,2.696256260267615446e-01,-4.649459531434154552e-02,7.633294895614698428e-01,4.904051019797945887e-01,4.500332398274389245e-01,-4.938741797462709826e+01,-3.172921009809271098e+01,-2.911715061683529981e+01
2.033256999999994150e+02,-1.707619308293275573e-01,2.736050540537719455e-01,6.527915377568575817e-03,-1.765173450949891450e-03,2.696256260267615446e-01,-4.649459531434154552e-02,7.739250395841693608e-01,4.840683732794515137e-01,4.503172961414281250e-01,-5.007295006109576008e+01,-3.131922375118051605e+01,-2.913552906035040024e+01
2.034332302999991953e+02,-1.707174879626056629e-01,2.735065448163890300e-01,3.660874303289588481e-03,-1.371825592397308636e-03,2.695306148924821454e-01,-4.646587665244133331e-02,7.846707753683291875e-01,4.782651267507054271e-01,4.517128947277355699e-01,-5.076819916633090202e+01,-3.094375370077064247e+01,-2.922582428888449257e+01
2.035414277999989281e+02,-1.707174879626056629e-01,2.735065448163890300e-01,1.930661829420870926e-03,-7.234696109298919837e-04,2.695306148924821454e-01,-4.646587665244133331e-02,7.955650000377005870e-01,4.729978572357278477e-01,4.542188186036411057e-01,-5.147305550243923022e+01,-3.060296136315159288e+01,-2.938795756365557921e+01
2.036464897000005294e+02,-1.700882071800902118e-01,2.735267714238574510e-01,3.770380902287277704e-03,-2.911569276947259858e-04,2.695797363417661296e-01,-4.629968077063829901e-02,8.066059932679213729e-01,4.682688291577328243e-01,4.578328825662636437e-01,-5.218740776443451779e+01,-3.029699324650531622e+01,-2.962178750203725741e+01
2.037501209000001836e+02,-1.700882071800902118e-01,2.735267714238574510e-01,2.011250611344870577e-03,-1.553131007183035112e-04,2.695797363417661296e-01,-4.629968077063829901e-02,8.177920115581631677e-01,4.640800755474805417e-01,4.625519350980831224e-01,-5.291114314781315642e+01,-3.002598088792199249e+01,-2.992711020084598061e+01
2.038588230999994266e+02,-1.700882071800902118e-01,2.735267714238574510e-01,1.079907170345918103e-03,-8.339275581485154566e-05,2.695797363417661296e-01,-4.629968077063829901e-02,8.291212885064687121e-01,4.604333971692720073e-01,4.683718611151228561e-01,-5.364414736636852865e+01,-2.979004079685190121e+01,-3.030365941414844855e+01
2.039679032999993069e+02,-1.700644009533718304e-01,2.734545889051497869e-01,6.709689844273567742e-04,-3.594066967163238964e-04,2.695096972818101788e-01,-4.628104649153377131e-02,8.405920350886743053e-01,4.573303617467880944e-01,4.752875855553504447e-01,-5.438630467023723014e+01,-2.958927440501719275e+01,-3.075110678543117615e+01
2.040764633999988291e+02,-1.700644009533718304e-01,2.734545889051497869e-01,3.515882599874854881e-04,-1.883293834128379834e-04,2.695096972818101788e-01,-4.628104649153377131e-02,8.522024399409219297e-01,4.547723032891255457e-01,4.832930778042201503e-01,-5.513749786417765364e+01,-2.942376802280642423e+01,-3.126906213393304412e+01
2.041816435999990063e+02,-1.700644009533718304e-01,2.734545889051497869e-01,1.841013184442077347e-04,-9.861446394519060273e-05,2.695096972818101788e-01,-4.628104649153377131e-02,8.639506696456963342e-01,4.527603215172910645e-01,4.923813569534483126e-01,-5.589760832607655772e+01,-2.929359280216873174e+01,-3.185707379488810886e+01
2.042882061000000249e+02,-1.700644009533718304e-01,2.734545889051497869e-01,9.828460607390769100e-05,-5.264646567417112993e-05,2.695096972818101788e-01,-4.628104649153377131e-02,8.758348690213310084e-01,4.512952813914365979e-01,5.025444978884732183e-01,-5.666651602568011725e+01,-2.919880470602594968e+01,-3.251462901338421574e+01
2.043973702000002959e+02,-1.700644009533718304e-01,2.734545889051497869e-01,5.194927382002400776e-05,-2.782679577417644738e-05,2.695096972818101788e-01,-4.628104649153377131e-02,8.878531614149816065e-01,4.503778127389987951e-01,5.137736381992710211e-01,-5.744409954354931358e+01,-2.913944448421322164e+01,-3.324115439149283446e+01
2.045057844000002660e+02,-1.700644009533718304e-01,2.734545889051497869e-01,2.724902856078440986e-05,-1.459602987777237923e-05,2.695096972818101788e-01,-4.628104649153377131e-02,9.000036489989587940e-01,4.500083099839407019e-01,5.260589859085185171e-01,-5.823023609023263703e+01,-2.911553765596096355e+01,-3.403601638828114773e+01
2.046119600999991235e+02,-1.700644009533718304e-01,2.734545889051497869e-01,1.432868559331253850e-05,-7.675206569755821281e-06,2.695096972818101788e-01,-4.628104649153377131e-02,9.122844130704237386e-01,4.501869319771831801e-01,5.393898280103239795e-01,-5.902480152565642157e+01,-2.912709449892375346e+01,-3.489852187226796332e+01
2.047166935000004742e+02,-1.700644009533718304e-01,2.734545889051497869e-01,7.610933337565551578e-06,-4.076820945929631934e-06,2.695096972818101788e-01,-4.628104649153377131e-02,9.246935143543627555e-01,4.509136019283159769e-01,5.537545398121548335e-01,-5.982767037872726945e+01,-2.917411004476204539e+01,-3.582791872584641624e+01
2.048260004000003391e+02,-1.700644009533718304e-01,2.734545889051497869e-01,4.057427867578156607e-06,-2.173374300297340083e-06,2.695096972818101788e-01,-4.628104649153377131e-02,9.372289933098287840e-01,4.521880074386102066e-01,5.691405950717025597e-01,-6.063871586714592610e+01,-2.925656408127808206e+01,-3.682339650113915752e+01
2.049315607999997155e+02,-1.700644009533718304e-01,2.734545889051497869e-01,2.119083116232055602e-06,-1.135093693670953893e-06,2.695096972818101788e-01,-4.628104649153377131e-02,9.498888704393825266e-01,4.540096006353180336e-01,5.855345769200004380e-01,-6.145780991742805099e+01,-2.937442116110507939e+01,-3.788408712672403311e+01
2.050369169000005058e+02,-1.700644009533718304e-01,2.734545889051497869e-01,1.131209324887687365e-06,-6.059359168435657701e-07,2.695096972818101788e-01,-4.628104649153377131e-02,9.626711466016670826e-01,4.563775984072080405e-01,6.029221895610903381e-01,-6.228482318512786264e+01,-2.952763061694636093e+01,-3.900906566460254510e+01
2.051414951999995537e+02,-1.700644009533718304e-01,2.734545889051497869e-01,6.020577543268115538e-07,-3.224941744508823860e-07,2.695096972818101788e-01,-4.628104649153377131e-02,9.755738033270995313e-01,4.592909827412281487e-01,6.212882707382034742e-01,-6.311962507526334321e+01,-2.971612658335746104e+01,-4.019735111676176587e+01
2.052488401999999041e+02,-1.700644009533718304e-01,2.734545889051497869e-01,3.215271721773037486e-07,-1.722270649446041728e-07,2.695096972818101788e-01,-4.628104649153377131e-02,9.885948031366145194e-01,4.627485011601526477e-01,6.406168049554452626e-01,-6.396208376293895981e+01,-2.993982802506187824e+01,-4.144790728061730789e+01
2.053533793000005971e+02,-1.700644009533718304e-01,2.734545889051497869e-01,1.697065558960545019e-07,-9.090386304183738976e-08,2.695096972818101788e-01,-4.628104649153377131e-02,1.001732089863390351e+00,4.667486672610277054e-01,6.608909374435627537e-01,-6.481206621416136215e+01,-3.019863877178849521e+01,-4.275964365259851263e+01
2.054577200999992783e+02,-1.700644009533718304e-01,2.734545889051497869e-01,9.064750418482378637e-08,-4.855562745937016568e-08,2.695096972818101788e-01,-4.628104649153377131e-02,1.014983588977564466e+00,4.712897613541835451e-01,6.820929888575442135e-01,-6.566943820684842592e+01,-3.049244755961567677e+01,-4.413141637908311310e+01
2.055648839999994379e+02,-1.700644009533718304e-01,2.734545889051497869e-01,4.847434194762233895e-08,-2.596543732906136955e-08,2.695096972818101788e-01,-4.628104649153377131e-02,1.028347207913810291e+00,4.763698312025406167e-01,7.042044706932919507e-01,-6.653406435202353464e+01,-3.082112807880437799e+01,-4.556202925385598945e+01
2.056702941999992618e+02,-1.700644009533718304e-01,2.734545889051497869e-01,2.562302427008855019e-08,-1.372505544448419998e-08,2.695096972818101788e-01,-4.628104649153377131e-02,1.041820836401781802e+00,4.819866928608755874e-01,7.272061014098369913e-01,-6.740580811519528481e+01,-3.118453902809865141e+01,-4.705023476121645842e+01
2.057750880999992660e+02,-1.700644009533718304e-01,2.734545889051497869e-01,1.363789468076178465e-08,-7.305182193422820675e-09,2.695096972818101788e-01,-4.628104649153377131e-02,1.055402346799353630e+00,4.881379316147245184e-01,7.510778232431762902e-01,-6.828453183791818049e+01,-3.158252417547267754e+01,-4.859473516383350500e+01
2.058800637999993342e+02,-1.700644009533718304e-01,2.734545889051497869e-01,7.288623181247241233e-09,-3.904174473009054384e-09,2.695096972818101788e-01,-4.628104649153377131e-02,1.069089594428584089e+00,4.948209030184564927e-01,7.757988196968752526e-01,-6.917009675952940029e+01,-3.201491242529413483e+01,-5.019418363438783359e+01
2.059846321000004536e+02,-1.700644009533718304e-01,2.734545889051497869e-01,3.887642366030065391e-09,-2.082428149762821721e-09,2.695096972818101788e-01,-4.628104649153377131e-02,1.082880417914408921e+00,5.020327340321615317e-01,8.013475336944425598e-01,-7.006236303906226226e+01,-3.248151789188085559e+01,-5.184718543003043578e+01
2.060902497000006406e+02,-1.700644009533718304e-01,2.734545889051497869e-01,2.074257402693433901e-09,-1.111082655896059106e-09,2.695096972818101788e-01,-4.628104649153377131e-02,1.096772639525931403e+00,5.097703242567572790e-01,8.277016863773497546e-01,-7.096118977732776045e+01,-3.298213997941219588e+01,-5.355229910861453391e+01
2.061969955000004120e+02,-1.700644009533718304e-01,2.734545889051497869e-01,1.102425355130950317e-09,-5.905176907723852650e-10,2.695096972818101788e-01,-4.628104649153377131e-02,1.110764065520315258e+00,5.180303472668872367e-01,8.548382965325834748e-01,-7.186643503916440068e+01,-3.351656346816760390e+01,-5.530803778565815065e+01
2.063029499000003852e+02,-1.700644009533718304e-01,2.734545889051497869e-01,5.836721447114577436e-10,-3.126458634673133579e-10,2.695096972818101788e-01,-4.628104649153377131e-02,1.124852486489206438e+00,5.268092520409466406e-01,8.827337006325604030e-01,-7.277795587585166004e+01,-3.408455860704924589e+01,-5.711287043092666238e+01
2.064088157000005594e+02,-1.700644009533718304e-01,2.734545889051497869e-01,3.102693007954196057e-10,-1.661967498937923647e-10,2.695096972818101788e-01,-4.628104649153377131e-02,1.139035677707607608e+00,5.361032644876948527e-01,9.113635734701002189e-01,-7.369560834768221014e+01,-3.468588121235385557e+01,-5.896522320351548530e+01
2.065124037999994471e+02,-1.700644009533718304e-01,2.734545889051497869e-01,1.650353258918462733e-10,-8.840170365089696684e-11,2.695096972818101788e-01,-4.628104649153377131e-02,1.153311399485212441e+00,5.459083890687503882e-01,9.407029493703545908e-01,-7.461924754669324500e+01,-3.532027277274815447e+01,-6.086348082426194139e+01
2.066154667999999219e+02,-1.700644009533718304e-01,2.734545889051497869e-01,8.855049766381007944e-11,-4.743235916500426585e-11,2.695096972818101788e-01,-4.628104649153377131e-02,1.167677397520063387e+00,5.562204105162886769e-01,9.707262439612756033e-01,-7.554872761954810301e+01,-3.598746056040388197e+01,-6.280598798429453211e+01
2.067205890999994153e+02,-1.700644009533718304e-01,2.734545889051497869e-01,4.764070751224495599e-11,-2.551889835983662030e-11,2.695096972818101788e-01,-4.628104649153377131e-02,1.182131403254534252e+00,5.670348956452189171e-01,1.001407276483518682e+00,-7.648390179056836757e+01,-3.668715774824566722e+01,-6.479105078848365906e+01
2.068259992999992392e+02,-1.700644009533718304e-01,2.734545889051497869e-01,2.540120855442525688e-11,-1.360623914224579155e-11,2.695096972818101788e-01,-4.628104649153377131e-02,1.196671134233567857e+00,5.783471952590086840e-01,1.032719292620519314e+00,-7.742462238491184223e+01,-3.741906353325786228e+01,-6.681693823254759934e+01
2.069300449000002118e+02,-1.700644009533718304e-01,2.734545889051497869e-01,1.352151818185144380e-11,-7.242844747103336864e-12,2.695096972818101788e-01,-4.628104649153377131e-02,1.211294294465084409e+00,5.901524461484097817e-01,1.064634987828573465e+00,-7.837074085189097161e+01,-3.818286326580211210e+01,-6.888188371250871000e+01
2.070359862000004796e+02,-1.700644009533718304e-01,2.734545889051497869e-01,7.242871798607835686e-12,-3.879667597600100238e-12,2.695096972818101788e-01,-4.628104649153377131e-02,1.225998574782570127e+00,6.024455731821654059e-01,1.097126531146872086e+00,-7.932210778843229093e+01,-3.897822858488610365e+01,-7.098408656520263094e+01
2.071405894999988959e+02,-1.703995821536410382e-01,2.727316400153004250e-01,-1.486939245575402300e-03,-3.198617121253764795e-03,2.687816911229227723e-01,-4.624878357899972481e-02,1.240781653209706015e+00,6.152212914888499640e-01,1.130165589466499920e+00,-8.027857296266797960e+01,-3.980481755932859755e+01,-7.312171363848254657e+01
2.072439942999990308e+02,-1.718185588619802751e-01,2.699652256501575698e-01,-7.194659667868331769e-03,-1.402559418244412465e-02,2.659901143911880816e-01,-4.615714577942586078e-02,1.255641195327036996e+00,6.284741087288294725e-01,1.163723352237318931e+00,-8.123998533765929153e+01,-4.066227483475526583e+01,-7.529290088975453443e+01
2.073483813999991980e+02,-1.754473769682736162e-01,2.645133205556693401e-01,-2.062633013076732580e-02,-3.192688695253970144e-02,2.604526571155329484e-01,-4.617044674729627041e-02,1.270574854640610152e+00,6.421983274554827759e-01,1.197770556591188473e+00,-8.220619309524748530e+01,-4.155023178636973569e+01,-7.749575501144990142e+01
2.074519381999998586e+02,-1.757003335134719180e-01,2.642332271036462177e-01,-1.217943105523381850e-02,-1.830981861936812477e-02,2.601651884310687279e-01,-4.618736877365482718e-02,1.285580272952494552e+00,6.563880475645047508e-01,1.232277512859604851e+00,-8.317704366002639915e+01,-4.246830667742345611e+01,-7.972835508201643506e+01
2.075561097999998310e+02,-1.757003335134719180e-01,2.642332271036462177e-01,-6.541803191717076790e-03,-9.834550509029805349e-03,2.601651884310687279e-01,-4.618736877365482718e-02,1.300655080733195135e+00,6.710371688304539450e-01,1.267214130463607979e+00,-8.415238372343772255e+01,-4.341610482333037169e+01,-8.198875424099543352e+01
2.076662538000000495e+02,-1.757003335134719180e-01,2.642332271036462177e-01,-3.450204406083031469e-03,-5.186828234310512931e-03,2.601651884310687279e-01,-4.618736877365482718e-02,1.315796897495809858e+00,6.861393935292099400e-01,1.302549944153121864e+00,-8.513205926797890299e+01,-4.439321876133988809e+01,-8.427498138670698324e+01
2.077712904999989405e+02,-1.757003335134719180e-01,2.642332271036462177e-01,-1.826372262005540028e-03,-2.745657387205804184e-03,2.601651884310687279e-01,-4.618736877365482718e-02,1.331003332171943221e+00,7.016882291454389353e-01,1.338254140573173823e+00,-8.611591559152472541e+01,-4.539922842570990014e+01,-8.658504289508435647e+01
2.078761410999995860e+02,-1.757003335134719180e-01,2.642332271036462177e-01,-9.734733346122041373e-04,-1.463460822324818243e-03,2.601651884310687279e-01,-4.618736877365482718e-02,1.346271983489284896e+00,7.176769911637179700e-01,1.374295585133580744e+00,-8.710379733175673778e+01,-4.643370132829255681e+01,-8.891692435814267981e+01
2.079813384999997652e+02,-1.757003335134719180e-01,2.642332271036462177e-01,-5.193688271184119338e-04,-7.807876228344496142e-04,2.601651884310687279e-01,-4.618736877365482718e-02,1.361600440350783980e+00,7.340988059422619560e-01,1.410642849158723067e+00,-8.809554849069573379e+01,-4.749619274446435213e+01,-9.126859234056938419e+01
2.080864822000003187e+02,-1.757003335134719180e-01,2.642332271036462177e-01,-2.766331503637843906e-04,-4.158735152976359220e-04,2.601651884310687279e-01,-4.618736877365482718e-02,1.376986282215412860e+00,7.509466136679262549e-01,1.447264237293886646e+00,-8.909101245933722169e+01,-4.858624590431482915e+01,-9.363799615291446798e+01
2.081948455999990983e+02,-1.756291361290469588e-01,2.640641318856906672e-01,1.689717746931276735e-04,-9.728075602778063664e-04,2.600019821980530943e-01,-4.613929996897118274e-02,1.392427079480383023e+00,7.682131713912476734e-01,1.484127815144074436e+00,-9.009003204238078411e+01,-4.970339218901372647e+01,-9.602306963982161392e+01
2.082987768000002688e+02,-1.796685995362569954e-01,2.582634949455697715e-01,-1.800932485439548161e-02,-2.591155527099608252e-02,2.541062195244732647e-01,-4.615259494850248306e-02,1.407920393864810826e+00,7.858910561402453476e-01,1.521201437121220801e+00,-9.109244948305325806e+01,-5.084715133227387440e+01,-9.842173298174299134e+01
2.084032754999989265e+02,-1.920689448647907582e-01,2.417722061606320527e-01,-7.011339411783976128e-02,-8.733647787148474118e-02,2.373263525628118431e-01,-4.615194525706473733e-02,1.423463778794755275e+00,8.039726681115544338e-01,1.558452774475703739e+00,-9.209810648802067590e+01,-5.201703162681757675e+01,-1.008318945085780314e+02
2.085080918000003294e+02,-2.088320032330717169e-01,2.222476758715614120e-01,-1.256107430892850763e-01,-1.334505904063648385e-01,2.174190624219841383e-01,-4.607581497766464335e-02,1.439054779789542104e+00,8.224502339376398297e-01,1.595849343487385941e+00,-9.310684425238338235e+01,-5.321253013576529867e+01,-1.032514525236338727e+02
2.086137244000001374e+02,-2.121237647799216752e-01,2.188920714539045187e-01,-8.392552011961212921e-02,-8.601411876932106571e-02,2.139858222923398945e-01,-4.608477843336530877e-02,1.454690934849382611e+00,8.413158100285902385e-01,1.633358533792028666e+00,-9.411850348475505257e+01,-5.443313290884979239e+01,-1.056782971363442556e+02
2.087176469000005454e+02,-2.128613319379480118e-01,2.187085553415746009e-01,-4.813046238841085789e-02,-4.658273676777568290e-02,2.137723992374361281e-01,-4.620382564105283280e-02,1.470369774844132227e+00,8.605612859871288878e-01,1.670947636817905702e+00,-9.513292443241536489e+01,-5.567831520336724083e+01,-1.081103121021184990e+02
2.088252709999997023e+02,-2.125090848940165422e-01,2.187118461973165118e-01,-2.420274560803009276e-02,-2.497493862240272519e-02,2.137918779631374500e-01,-4.612921616539325531e-02,1.486088823903201295e+00,8.801783880952666062e-01,1.708583874308246431e+00,-9.614994690653712439e+01,-5.694754170976375462e+01,-1.105453766677435539e+02
2.089302417999988393e+02,-2.125090848940165422e-01,2.187118461973165118e-01,-1.274455882665588569e-02,-1.315117630124271707e-02,2.137918779631374500e-01,-4.612921616539325531e-02,1.501845599806526765e+00,9.001586828712685451e-01,1.746234426904298198e+00,-9.716941030748228059e+01,-5.824026678177107641e+01,-1.129813674207080965e+02
2.090341229000005114e+02,-2.125090848940165422e-01,2.187118461973165118e-01,-6.795932160946854123e-03,-7.012757616447750156e-03,2.137918779631374500e-01,-4.612921616539325531e-02,1.517637614376526223e+00,9.204935806951665134e-01,1.783866462764333249e+00,-9.819115365016125452e+01,-5.955593467097727256e+01,-1.154161601408523694e+02
2.091377711000004638e+02,-2.125090848940165422e-01,2.187118461973165118e-01,-3.649425159289368999e-03,-3.765860734827707577e-03,2.137918779631374500e-01,-4.612921616539325531e-02,1.533462373871036455e+00,9.411743395015709224e-01,1.821447166193483236e+00,-9.921501558945605836e+01,-6.089397976575163796e+01,-1.178476316527183769e+02
2.092416799999991781e+02,-2.128613319379480118e-01,2.187085553415746009e-01,-3.530846528784056717e-03,-2.031884533124771186e-03,2.137723992374361281e-01,-4.620382564105283280e-02,1.549317379377087134e+00,9.621920685378424487e-01,1.858943766259550712e+00,-1.002408344456975442e+02,-6.225382683439841003e+01,-1.202736616769929299e+02
2.093462178999998287e+02,-2.128613319379480118e-01,2.187085553415746009e-01,-1.895120579025547048e-03,-1.090578749752273103e-03,2.137723992374361281e-01,-4.620382564105283280e-02,1.565200127205511826e+00,9.835377321863297828e-01,1.896323565369684827e+00,-1.012684482301966256e+02,-6.363489127245554045e+01,-1.226921346794186150e+02
2.094522306999988359e+02,-2.128613319379480118e-01,2.187085553415746009e-01,-1.010537401425469842e-03,-5.815306044490183143e-04,2.137723992374361281e-01,-4.620382564105283280e-02,1.581108109286314178e+00,1.005202153848772983e+00,1.933553967783250060e+00,-1.022976946708245265e+02,-6.503657935401561474e+01,-1.251009417155762833e+02
2.095566944999991392e+02,-2.128613319379480118e-01,2.187085553415746009e-01,-5.375861394755394613e-04,-3.093629114485392387e-04,2.137723992374361281e-01,-4.620382564105283280e-02,1.597038813564703341e+00,1.027176019891394176e+00,1.970602508035689482e+00,-1.033284112376363169e+02,-6.645828848697320268e+01,-1.274979822699091159e+02
2.096610760000003211e+02,-2.128613319379480118e-01,2.187085553415746009e-01,-2.874860089704153851e-04,-1.654386194230651514e-04,2.137723992374361281e-01,-4.620382564105283280e-02,1.612989724397803748e+00,1.049449883648855941e+00,2.007436879249016926e+00,-1.043604351685379044e+02,-6.789940747208098060e+01,-1.298811660874114011e+02
2.097647643999989668e+02,-2.120720545644205757e-01,2.187202668807234074e-01,3.357865437920600632e-03,-3.594006706709878700e-05,2.138202494461821646e-01,-4.603755066407532598e-02,1.628958322951890691e+00,1.072014169485456803e+00,2.044024961303789301e+00,-1.053936034949873317e+02,-6.935931676570905324e+01,-1.322484149963551658e+02
2.098692356999999902e+02,-2.120720545644205757e-01,2.187202668807234074e-01,1.802903358748545425e-03,-1.929692205565164184e-05,2.138202494461821646e-01,-4.603755066407532598e-02,1.644942087600129277e+00,1.094859176911694210e+00,2.080334848848407248e+00,-1.064277530677283750e+02,-7.083738874618661896e+01,-1.345976647204919630e+02
2.099726807999995799e+02,-2.120720545644205757e-01,2.187202668807234074e-01,9.641847533824291243e-04,-1.031990868672147347e-05,2.138202494461821646e-01,-4.603755066407532598e-02,1.660938494320801206e+00,1.117975084754580628e+00,2.116334879120993495e+00,-1.074627205825558462e+02,-7.233298798362136495e+01,-1.369268666791282953e+02
2.100771428999996715e+02,-2.126685557191922982e-01,2.181001076338503486e-01,-2.157086692394214345e-03,-2.779846556969787445e-03,2.131865621857578774e-01,-4.603419004734529002e-02,1.676945017095839763e+00,1.141351955379802607e+00,2.151993659559830352e+00,-1.084983426061008345e+02,-7.384547151307323531e+01,-1.392339897735210172e+02
2.101820028000001912e+02,-2.126685557191922982e-01,2.181001076338503486e-01,-1.153618944396764051e-03,-1.486673512911551327e-03,2.131865621857578774e-01,-4.603419004734529002e-02,1.692959128309750039e+00,1.164979738963946687e+00,2.187280095178119055e+00,-1.095344556016408291e+02,-7.537418911096735030e+01,-1.415170221580243037e+02
2.102868429999998625e+02,-2.126685557191922982e-01,2.181001076338503486e-01,-6.153572448040490724e-04,-7.930134307102448864e-04,2.131865621857578774e-01,-4.603419004734529002e-02,1.708978299148729896e+00,1.188848277814998022e+00,2.222163415679308418e+00,-1.105708959549228325e+02,-7.691848357463037189e+01,-1.437739729944512703e+02
2.103911401999994268e+02,-2.126685557191922982e-01,2.181001076338503486e-01,-3.285648023796434612e-04,-4.234228220205399199e-04,2.131865621857578774e-01,-4.603419004734529002e-02,1.725000000000003419e+00,1.212947310739119988e+00,2.256613202289188269e+00,-1.116075000000002291e+02,-7.847769100482106808e+01,-1.460028741881104963e+02
2.104962949999990087e+02,-2.201954696690991142e-01,2.108579184340717005e-01,-3.481299762379155838e-02,-3.240613328731788839e-02,2.057667062162248373e-01,-4.605566609306018661e-02,1.741021700851281384e+00,1.237266477452063640e+00,2.290599414281591084e+00,-1.126441040450779099e+02,-8.005114109114852283e+01,-1.482017821040189460e+02
2.106008817999991152e+02,-2.447582566342507704e-01,1.907065234043787694e-01,-1.437274000749668990e-01,-1.066744609008208472e-01,1.850226934048440353e-01,-4.621234677228530652e-02,1.757040871690261241e+00,1.261795323033000127e+00,2.324092415174251247e+00,-1.136805443983599133e+02,-8.163815740023511580e+01,-1.503687792617740513e+02
2.107062929000003351e+02,-2.792813136932306151e-01,1.667451287697056528e-01,-2.752139750892967363e-01,-1.625629534987942382e-01,1.602843891810683541e-01,-4.596577589117294138e-02,1.773054982904171517e+00,1.286523302419257053e+00,2.357062998572372781e+00,-1.147166573938999079e+02,-8.323805766652593263e+01,-1.525019760076325213e+02
2.108118684999990364e+02,-2.792813136932306151e-01,1.667451287697056528e-01,-1.464902152340038788e-01,-8.652860756575680989e-02,1.602843891810683541e-01,-4.596577589117294138e-02,1.789061505679210073e+00,1.311439784939588238e+00,2.389482413636943914e+00,-1.157522794174448961e+02,-8.485015408559135608e+01,-1.545995121623102762e+02
2.109207807999991928e+02,-2.792813136932306151e-01,1.667451287697056528e-01,-7.786037890216403190e-02,-4.599044489206695341e-02,1.602843891810683541e-01,-4.596577589117294138e-02,1.805057912399877562e+00,1.336534058884422782e+00,2.421322390155966620e+00,-1.167872469322720832e+02,-8.647375360982215398e+01,-1.566595586430910600e+02
2.110254328999999416e+02,-2.792719886545933505e-01,1.666525899067211325e-01,-4.080948930877995734e-02,-2.452122092224581426e-02,1.601958642348804696e-01,-4.593877234599887116e-02,1.821041677048120588e+00,1.361795336110819710e+00,2.452555163196447285e+00,-1.178213965050134107e+02,-8.810815824637003857e+01,-1.586803190588101415e+02
2.111302013000004081e+02,-2.792830948335436325e-01,1.665732231788583650e-01,-2.185669495390591202e-02,-1.344976590834391639e-02,1.601190624907442017e-01,-4.591867275171300500e-02,1.837010275602202869e+00,1.387212756680373360e+00,2.483153497315862879e+00,-1.188545648314625254e+02,-8.975266535722016670e+01,-1.606600312763363263e+02
2.112335172000002785e+02,-2.792830948335436325e-01,1.665732231788583650e-01,-1.168181999941545271e-02,-7.188540843292973853e-03,1.601190624907442017e-01,-4.591867275171300500e-02,1.852961186435303498e+00,1.412775393527932799e+00,2.513090710311856490e+00,-1.198865887623641413e+02,-9.140656796125725236e+01,-1.625969689571771255e+02
2.113405862999989040e+02,-2.792646899535773386e-01,1.664807127426640165e-01,-6.202648477172632846e-03,-4.280363650793090127e-03,1.600309811587409259e-01,-4.589022537181659811e-02,1.868891890713692661e+00,1.438472257159232992e+00,2.542340696489542751e+00,-1.209173053291759174e+02,-9.306915503820238200e+01,-1.644894430628734199e+02
2.114445471999988513e+02,-2.792646899535773386e-01,1.664807127426640165e-01,-3.275976078255329188e-03,-2.260706692929285912e-03,1.600309811587409259e-01,-4.589022537181659811e-02,1.884799872794490350e+00,1.464292300375275024e+00,2.570877949426013220e+00,-1.219465517698035342e+02,-9.473971183428029974e+01,-1.663358033278630614e+02
2.115488961999999447e+02,-2.792646899535773386e-01,1.664807127426640165e-01,-1.755710631611943689e-03,-1.211592112066353861e-03,1.600309811587409259e-01,-4.589022537181659811e-02,1.900682620622919483e+00,1.490224423021603739e+00,2.598677584212377933e+00,-1.229741655543028997e+02,-9.641752016949776305e+01,-1.681344396985408594e+02
2.116533230000004551e+02,-2.757432582437928659e-01,1.662254611964255613e-01,1.476518894383927784e-02,-1.778337802444871678e-03,1.599459789552906130e-01,-4.525690848918109688e-02,1.916537626128970162e+00,1.516257476760304312e+00,2.625715359153695694e+00,-1.239999844105443714e+02,-9.810185874639169867e+01,-1.698837837372441300e+02
2.117567325999989407e+02,-1.872204791726077566e-01,1.699566885624931023e-01,3.944173718721831756e-01,1.873998604884115002e-02,1.669867597283991589e-01,-3.163381201401686826e-02,1.932362385623480616e+00,1.542380269862716036e+00,2.651967696908185346e+00,-1.250238463498392036e+02,-9.979200346011772638e+01,-1.715823099899596116e+02
2.118594030000003841e+02,-6.041167108582756740e-02,1.777246261254960547e-01,7.347497045189056442e-01,5.538682878795787856e-02,1.774004155137501315e-01,-1.073011216139671542e-02,1.948154400193479852e+00,1.568581572020842918e+00,2.677411705046939261e+00,-1.260455896925181491e+02,-1.014872277097485380e+02,-1.732285373165369720e+02
2.119628221000002668e+02,7.197078660677691531e-02,1.894926392014102123e-01,9.024099854682414712e-01,9.861149289499798742e-02,1.890020845743125844e-01,1.362616373306230026e-02,1.963911176096800881e+00,1.594850119175251102e+00,2.702025196016519804e+00,-1.270650530934630211e+02,-1.031868027106387444e+02,-1.748210301822688280e+02
2.120698694999991858e+02,8.828271290453225395e-02,1.907720332747653569e-01,5.494932107931050913e-01,6.030930415445844017e-02,1.900290928888810071e-01,1.682000403142687797e-02,1.979630225155874390e+00,1.621174618357621888e+00,2.725786706486792443e+00,-1.280820755675850648e+02,-1.048899978077381405e+02,-1.763583999096954926e+02
2.121744209999997111e+02,8.828271290453225395e-02,1.907720332747653569e-01,2.902573536737612092e-01,3.185702513141720066e-02,1.900290928888810071e-01,1.682000403142687797e-02,1.995309065150624006e+00,1.647543752545539864e+00,2.748675516067293323e+00,-1.290964965152453772e+02,-1.065960807896964297e+02,-1.778393058895538843e+02
2.122776393999993161e+02,8.845519958807333827e-02,1.906833410132127149e-01,1.560628991923988518e-01,1.664777544976563453e-02,1.899378433260313359e-01,1.684494620404420814e-02,2.010945220210464512e+00,1.673946185527861452e+00,2.770671665375705306e+00,-1.301081557476170474e+02,-1.083043182036526417e+02,-1.792624567498081376e+02
2.123806896999994933e+02,8.860502531803282622e-02,1.906115340650431089e-01,8.466171304304523360e-02,8.637314880253290500e-03,1.898637921281158270e-01,1.686704945628325972e-02,2.026536221205251564e+00,1.700370566778093284e+00,2.791755973442759498e+00,-1.311168935119797823e+02,-1.100139756705426350e+02,-1.806266114817465507e+02
2.124851137999994535e+02,8.860502531803282622e-02,1.906115340650431089e-01,4.553067658796541156e-02,4.645107880126214846e-03,1.898637921281158270e-01,1.686704945628325972e-02,2.042079606135191128e+00,1.726805536334117708e+00,2.811910054438287787e+00,-1.321225505169468590e+02,-1.117243182008174216e+02,-1.819305805221572143e+02
2.125900676000001113e+02,8.860502531803282622e-02,1.906115340650431089e-01,2.430822163473941519e-02,2.479961211409449987e-03,1.898637921281158270e-01,1.686704945628325972e-02,2.057572920519623594e+00,1.753239729681829173e+00,2.831116333703983301e+00,-1.331249679576196456e+02,-1.134346105104143589e+02,-1.831732267906477318e+02
2.126949120999997831e+02,8.878582813559177112e-02,1.905230943088618567e-01,1.380493810044243312e-02,9.321916842121145573e-04,1.897726480115737857e-01,1.689353520429605696e-02,2.073013717784593535e+00,1.779661782640826750e+00,2.849358063078711645e+00,-1.341239875406631938e+02,-1.151441173368614983e+02,-1.843534666811926570e+02
2.128005928000002314e+02,8.878582813559177112e-02,1.905230943088618567e-01,7.355389412239802562e-03,4.966797239034364143e-04,1.897726480115737857e-01,1.689353520429605696e-02,2.088399559649222414e+00,1.806060336249908804e+00,2.866619335503215460e+00,-1.351194515093046959e+02,-1.168521037553691002e+02,-1.854702710070580451e+02
2.129048948999989079e+02,8.893300197377929095e-02,1.904527552830087289e-01,4.564923344334089264e-03,-4.746207063220326606e-05,1.897000986192295402e-01,1.691521737206469478e-02,2.103728016510721499e+00,1.832424041650378310e+00,2.882885098891257769e+00,-1.361112026682436920e+02,-1.185578354947794821e+02,-1.865226658982643926e+02
2.130085880999995425e+02,8.893300197377929095e-02,1.904527552830087289e-01,2.441511932405646124e-03,-2.538470047455040969e-05,1.897000986192295402e-01,1.691521737206469478e-02,2.118996667828058733e+00,1.858741564964915938e+00,2.898141169255296301e+00,-1.370990844084754201e+02,-1.202605792532300626e+02,-1.875097336508176795e+02
2.131123473999996349e+02,8.893300197377929095e-02,1.904527552830087289e-01,1.310985059143933863e-03,-1.363047323720814860e-05,1.897000986192295402e-01,1.691521737206469478e-02,2.134203102504196536e+00,1.885001592170099993e+00,2.912374243075121605e+00,-1.380829407320215125e+02,-1.219596030134054701e+02,-1.884306135269603715e+02
2.132170451000001776e+02,8.893300197377929095e-02,1.904527552830087289e-01,7.027743064431324566e-04,-7.306831080154160158e-06,1.897000986192295402e-01,1.691521737206469478e-02,2.149344919266811260e+00,1.911192833960349446e+00,2.925571908898703555e+00,-1.390626162765626930e+02,-1.236541763572346184e+02,-1.892845025057461328e+02
2.133217488999998750e+02,8.893300197377929095e-02,1.904527552830087289e-01,3.753708479323389596e-04,-3.902776969945724066e-06,1.897000986192295402e-01,1.691521737206469478e-02,2.164419727047511621e+00,1.937304030601238125e+00,2.937722658165206724e+00,-1.400379563399740164e+02,-1.253435707799001051e+02,-1.900706559832888729e+02
2.134294998999994277e+02,8.893300197377929095e-02,1.904527552830087289e-01,2.004224368464227913e-04,-2.083816777709955107e-06,1.897000986192295402e-01,1.691521737206469478e-02,2.179425145359396243e+00,1.963323956770141265e+00,2.948815895240577412e+00,-1.410088069047529302e+02,-1.270270600030281400e+02,-1.907883884220653670e+02
2.135329123999999865e+02,8.893300197377929095e-02,1.904527552830087289e-01,1.056440982296414689e-04,-1.098394709798153971e-06,1.897000986192295402e-01,1.691521737206469478e-02,2.194358804672964958e+00,1.989241426381991751e+00,2.958841946657135402e+00,-1.419750146623408398e+02,-1.287039202869148653e+02,-1.914370739487166588e+02
2.136372792000001937e+02,8.893300197377929095e-02,1.904527552830087289e-01,5.674842537653733827e-05,-5.900203728131672579e-07,1.897000986192295402e-01,1.691521737206469478e-02,2.209218346790300380e+00,2.015045297398307955e+00,2.967792069548962353e+00,-1.429364270373324359e+02,-1.303734307416705178e+02,-1.920161468998178691e+02
2.137409468000005290e+02,8.893300197377929095e-02,1.904527552830087289e-01,3.036950159706079252e-05,-3.157554511081881093e-07,1.897000986192295402e-01,1.691521737206469478e-02,2.224001425217435823e+00,2.040724476617101324e+00,2.975658459275798862e+00,-1.438928922115680962e+02,-1.320348736371264522e+02,-1.925251023151441814e+02
2.138449225000003935e+02,8.893300197377929095e-02,1.904527552830087289e-01,1.626605728942209723e-05,-1.691202024095839859e-07,1.897000986192295402e-01,1.691521737206469478e-02,2.238705705534921986e+00,2.066267924442017900e+00,2.982434256228834180e+00,-1.448442591481094723e+02,-1.336875347113985697e+02,-1.929634963780055728e+02
2.139497986000005767e+02,8.893300197377929095e-02,1.904527552830087289e-01,8.733012043383572761e-06,-9.079820254800279661e-08,1.897000986192295402e-01,1.691521737206469478e-02,2.253328865766438316e+00,2.091664659628206024e+00,2.988113551812372037e+00,-1.457903776150885733e+02,-1.353307034779449225e+02,-1.933309468022604847e+02
2.140534127999999328e+02,8.893300197377929095e-02,1.904527552830087289e-01,4.648992356857230050e-06,-4.833614651680827586e-08,1.897000986192295402e-01,1.691521737206469478e-02,2.267868596745467702e+00,2.116903764003282173e+00,2.992691393596206950e+00,-1.467310982094317637e+02,-1.369636735310123754e+02,-1.936271331656745929e+02
2.141589972999991005e+02,8.893300197377929095e-02,1.904527552830087289e-01,2.500981031118311630e-06,-2.600300802335893915e-08,1.897000986192295402e-01,1.691521737206469478e-02,2.282322602479942564e+00,2.141974387161042159e+00,2.996163789634235020e+00,-1.476662723804522841e+02,-1.385857428493194448e+02,-1.938517971893350023e+02
2.142640572999989672e+02,8.893300197377929095e-02,1.904527552830087289e-01,1.328492392858882092e-06,-1.381249914359972740e-08,1.897000986192295402e-01,1.691521737206469478e-02,2.296688600514793510e+00,2.166865751126133777e+00,2.998527711945472962e+00,-1.485957524533071421e+02,-1.401962140978608602e+02,-1.940047429628721147e+02
2.143679233999991993e+02,8.893300197377929095e-02,1.904527552830087289e-01,7.085821836643636620e-07,-7.367216295437001440e-09,1.897000986192295402e-01,1.691521737206469478e-02,2.310964322292398343e+00,2.191567154987543287e+00,2.999781099154516184e+00,-1.495193916523181770e+02,-1.417943949276940430e+02,-1.940858371152972097e+02
2.144728627000004053e+02,8.893300197377929095e-02,1.904527552830087289e-01,3.799701047967674054e-07,-3.950596010417914182e-09,1.897000986192295402e-01,1.691521737206469478e-02,2.325147513510799513e+00,2.216067979498997254e+00,2.999922858289080452e+00,-1.504370441241487413e+02,-1.433795982735851169e+02,-1.940950089313035107e+02
2.145777335000002495e+02,8.893300197377929095e-02,1.904527552830087289e-01,2.024101693168454868e-07,-2.104483477190512015e-09,1.897000986192295402e-01,1.691521737206469478e-02,2.339235934479686918e+00,2.240357691644175198e+00,2.998952865733091500e+00,-1.513485649608357448e+02,-1.449511426493781414e+02,-1.940322504129310346e+02
2.146872743000003538e+02,8.891350818677112855e-02,1.899810043093300149e-01,-8.680638817711646294e-05,-2.098132256153246999e-03,1.892305408630474139e-01,1.686962960649129178e-02,2.353227360474074548e+00,2.264425849164934945e+00,2.996871967334482356e+00,-1.522538102226726267e+02,-1.465083524409712936e+02,-1.938976162865410231e+02
2.147909643999992113e+02,9.631194481010707520e-02,1.764544886968418269e-01,3.471952158169792912e-02,-6.003822826928698064e-02,1.756367260208282211e-01,1.696841341871429751e-02,2.367119582085597251e+00,2.288262105050479889e+00,2.993681977667598915e+00,-1.531526369609381391e+02,-1.480505581967660476e+02,-1.936912239550936476e+02
2.148952374999989843e+02,1.121745259738262668e-01,1.509655610152493832e-01,1.081750070219008042e-01,-1.461902160336170930e-01,1.500167473536054563e-01,1.689899778369990252e-02,2.380910405571425414e+00,2.311856211985575893e+00,2.989385678450867445e+00,-1.540449032404712284e+02,-1.495770969154667682e+02,-1.934132533957711360e+02
2.149996762999999191e+02,1.134050875893670707e-01,1.491638049445600800e-01,6.474417019485952107e-02,-8.619836676596009939e-02,1.482056559693792075e-01,1.687969917459378882e-02,2.394597653200656318e+00,2.335198026755952672e+00,2.983986816121091401e+00,-1.549304681620824624e+02,-1.510873123311101551e+02,-1.930639470030346274e+02
2.151036272999990615e+02,1.132161157145947783e-01,1.487790598816097765e-01,3.374921461051791360e-02,-4.772601503321024369e-02,1.478265612255490191e-01,1.680822582798765369e-02,2.408179163598223926e+00,2.358277514608861480e+00,2.977490098566502041e+00,-1.558091918848051023e+02,-1.525805551951933410e+02,-1.926436093772526874e+02
2.152089538000000175e+02,1.134543499091442698e-01,1.486931324864920190e-01,1.923462989026998235e-02,-2.600334103038201908e-02,1.477371777723569535e-01,1.683371475653745730e-02,2.421652792086199213e+00,2.381084753567132228e+00,2.969901191021410369e+00,-1.566809356479770940e+02,-1.540561835557934671e+02,-1.921526070590852555e+02
2.153121873999989475e+02,1.139045450366285017e-01,1.485348195365638335e-01,1.229298584812448317e-02,-1.454592554969803136e-02,1.475722972805950661e-01,1.688223000931048101e-02,2.435016411022445038e+00,2.403609938694582837e+00,2.961226711126049516e+00,-1.575455617931521886e+02,-1.555135630335395263e+02,-1.915913682098554034e+02
2.154178627000001143e+02,1.137758942415842967e-01,1.483426421171857579e-01,6.026215731539628917e-03,-8.670647475161778056e-03,1.473835330749901085e-01,1.684142656192610249e-02,2.448267910136618930e+00,2.425843386311315353e+00,2.951474223155869936e+00,-1.584029337858392523e+02,-1.569520670943421123e+02,-1.909603822381847920e+02
2.155230833000005077e+02,1.142132708347478598e-01,1.481820880949879238e-01,5.161511307683658636e-03,-5.321559055638963066e-03,1.472166449595064541e-01,1.688758949813094767e-02,2.461405196863394540e+00,2.447775538156681030e+00,2.940652231425410879e+00,-1.592529162370616405e+02,-1.583710773187372638e+02,-1.902601993732240828e+02
2.156278932000004716e+02,1.146653526870604622e-01,1.480240628730218611e-01,4.769110160986630292e-03,-3.535280471227710084e-03,1.470520078524860386e-01,1.693606140720783915e-02,2.474426196672905753e+00,2.469396965498488861e+00,2.928770172872379618e+00,-1.600953749247370013e+02,-1.597699836677522285e+02,-1.894914301848429830e+02
2.157323791999988316e+02,1.148435293785028538e-01,1.477467716950084387e-01,3.348689821620216920e-03,-3.122224728645069027e-03,1.467735233216659607e-01,1.693048723579219580e-02,2.487328853398341977e+00,2.490698373186408077e+00,2.915838408828514083e+00,-1.609301768148727376e+02,-1.611481847451606200e+02,-1.886547450512048556e+02
2.158353592999992543e+02,1.151741068045399885e-01,1.473951726114658412e-01,3.276826596707011537e-03,-3.237731223707436459e-03,1.464186487989078689e-01,1.693860068204822850e-02,2.500111129560626644e+00,2.511670603648026301e+00,2.901868215984369392e+00,-1.617571900825725493e+02,-1.625050880560273185e+02,-1.877508735741887165e+02
2.159390564000004815e+02,1.151741068045399885e-01,1.473951726114658412e-01,1.764918224389836659e-03,-1.743861224802000995e-03,1.464186487989078689e-01,1.693860068204822850e-02,2.512771006690180275e+00,2.532304640825714159e+00,2.886871776555835378e+00,-1.625762841328546813e+02,-1.638401102614237175e+02,-1.867806039431625607e+02
2.160468132999994850e+02,1.156213125554437227e-01,1.472366875676685005e-01,2.949428858576978642e-03,-1.642429086061937896e-03,1.462536322316218829e-01,1.698579479908794362e-02,2.525306485645645971e+00,2.552591614052703406e+00,2.870862167661084374e+00,-1.633873296212732953e+02,-1.651526774292099162e+02,-1.857447822476721626e+02
2.161499604999989970e+02,1.156213125554437227e-01,1.472366875676685005e-01,1.554357778939237898e-03,-8.655650123082319052e-04,1.462536322316218829e-01,1.698579479908794362e-02,2.537715586929581768e+00,2.572522801866579112e+00,2.853853349917150783e+00,-1.641901984743439584e+02,-1.664422252807676728e+02,-1.846443117396396758e+02
2.162540616000005684e+02,1.156213125554437227e-01,1.472366875676685005e-01,8.354490220308738056e-04,-4.652310123416713368e-04,1.462536322316218829e-01,1.698579479908794362e-02,2.549996351001046158e+00,2.592089635758707544e+00,2.835860155266011873e+00,-1.649847639097677074e+02,-1.677081994335883905e+02,-1.834801520457109802e+02
2.163598459999993793e+02,1.156213125554437227e-01,1.472366875676685005e-01,4.468838697141807432e-04,-2.488532868240150571e-04,1.462536322316218829e-01,1.698579479908794362e-02,2.562146838585023456e+00,2.611283703857862903e+00,2.816898274040980699e+00,-1.657709004564510167e+02,-1.689500556396037325e+02,-1.822533183304514637e+02
2.164650039999996807e+02,1.156213125554437227e-01,1.472366875676685005e-01,2.375998148224100245e-04,-1.323106490846290479e-04,1.462536322316218829e-01,1.698579479908794362e-02,2.574165130978673943e+00,2.630096754546555449e+00,2.796984241284439676e+00,-1.665484839743202201e+02,-1.701672600191621427e+02,-1.809648804111032518e+02
2.165696731999996700e+02,1.156213125554437227e-01,1.472366875676685005e-01,1.267194506814846896e-04,-7.056542861300878612e-05,1.462536322316218829e-01,1.698579479908794362e-02,2.586049330354308395e+00,2.648520700008399231e+00,2.776135422329075286e+00,-1.673173916739237654e+02,-1.713592892905434439e+02,-1.796159618246911691e+02
2.166772667000004731e+02,1.156213125554437227e-01,1.472366875676685005e-01,6.774958813245593567e-05,-3.772726838074983390e-05,1.462536322316218829e-01,1.698579479908794362e-02,2.597797560059079913e+00,2.666547619705123218e+00,2.754369997655027547e+00,-1.680775021358224706e+02,-1.725256309949214710e+02,-1.782077388482802860e+02
2.167823499000005540e+02,1.156213125554437227e-01,1.472366875676685005e-01,3.564529591439424735e-05,-1.984956193157078982e-05,1.462536322316218829e-01,1.698579479908794362e-02,2.609407964911330424e+00,2.684169763781668383e+00,2.731706947036286248e+00,-1.688286953297630930e+02,-1.736657837166739569e+02,-1.767414394732477376e+02
2.168856644999996206e+02,1.156213125554437227e-01,1.472366875676685005e-01,1.903353784286856179e-05,-1.059908126716799268e-05,1.462536322316218829e-01,1.698579479908794362e-02,2.620878711493536350e+00,2.701379556397821347e+00,2.708166032989967942e+00,-1.695708526336318016e+02,-1.747792572989390578e+02,-1.752183423344509379e+02
2.169903988000005484e+02,1.156213125554437227e-01,1.472366875676685005e-01,1.022672523148471249e-05,-5.694889343239811420e-06,1.462536322316218829e-01,1.698579479908794362e-02,2.632207988441841451e+00,2.718169598985186397e+00,2.683767783543198338e+00,-1.703038568521871525e+02,-1.758655730543415814e+02,-1.736397755952449415e+02
2.170941349000004266e+02,1.156213125554437227e-01,1.472366875676685005e-01,5.454229215775484082e-06,-3.037260817458922636e-06,1.462536322316218829e-01,1.698579479908794362e-02,2.643394006732083135e+00,2.734532673427791494e+00,2.658533474332286151e+00,-1.710275922355657769e+02,-1.769242639707781279e+02,-1.720071157892989220e+02
2.171982802999991691e+02,1.156213125554437227e-01,1.472366875676685005e-01,2.927927752783554854e-06,-1.630455906429237151e-06,1.462536322316218829e-01,1.698579479908794362e-02,2.654434999962301145e+00,2.750461745165241112e+00,2.632485110050097443e+00,-1.717419444975608940e+02,-1.779548749121911158e+02,-1.703217866202413120e+02
2.173044733999995515e+02,1.156213125554437227e-01,1.472366875676685005e-01,1.565837247731404496e-06,-8.719575087340962382e-07,1.462536322316218829e-01,1.698579479908794362e-02,2.665329224631675320e+00,2.765949966216869171e+00,2.605645405257613234e+00,-1.724468008336694140e+02,-1.789569628142314457e+02,-1.685852577201675899e+02
2.174099544999990030e+02,1.156213125554437227e-01,1.472366875676685005e-01,8.305962319048047492e-07,-4.625286709617692702e-07,1.462536322316218829e-01,1.698579479908794362e-02,2.676074960415835147e+00,2.780990678125736082e+00,2.578037764576545321e+00,-1.731420499389045347e+02,-1.799300968747351419e+02,-1.667990433681025024e+02
2.175144356000000698e+02,1.156213125554437227e-01,0.000000000000000000e+00,0.000000000000000000e+00,0.000000000000000000e+00,0.000000000000000000e+00,0.000000000000000000e+00,2.686670510438534443e+00,2.795577414821121653e+00,2.549686262280066451e+00,-1.738275820253731752e+02,-1.808738587389265717e+02,-1.649647011695203105e+02
2.176176596999994217e+02,1.156213125554437227e-01,0.000000000000000000e+00,0.000000000000000000e+00,0.000000000000000000e+00,0.000000000000000000e+00,0.000000000000000000e+00,2.697114201539597467e+00,2.809703905398337476e+00,2.520615621299794551e+00,-1.745032888396119688e+02,-1.817878426792724440e+02,-1.630838306980967047e+02
2.177225538000002416e+02,1.156213125554437227e-01,0.000000000000000000e+00,0.000000000000000000e+00,0.000000000000000000e+00,0.000000000000000000e+00,0.000000000000000000e+00,2.707404384539132014e+00,2.823364076814582013e+00,2.490851191666931363e+00,-1.751690636796818410e+02,-1.826716557699034524e+02,-1.611580721008504611e+02
2.178270659999998315e+02,1.156213125554437227e-01,0.000000000000000000e+00,0.000000000000000000e+00,0.000000000000000000e+00,0.000000000000000000e+00,0.000000000000000000e+00,2.717539434497957984e+00,2.836552056499813901e+00,2.460418928406700179e+00,-1.758248014120178766e+02,-1.835249180555379667e+02,-1.591891046679135115e+02
2.179350493999991158e+02,1.156213125554437227e-01,0.000000000000000000e+00,0.000000000000000000e+00,0.000000000000000000e+00,0.000000000000000000e+00,0.000000000000000000e+00,2.727517750974191468e+00,2.849262174881341814e+00,2.429345368905220681e+00,-1.764703984880301846e+02,-1.843472627148228185e+02,-1.571786453681677926e+02
2.180394113000002108e+02,1.156213125554437227e-01,0.000000000000000000e+00,0.000000000000000000e+00,0.000000000000000000e+00,0.000000000000000000e+00,0.000000000000000000e+00,2.737337758275991906e+00,2.861488967821260054e+00,2.397657609768428344e+00,-1.771057529604566980e+02,-1.851383362180355334e+02,-1.551284473520173322e+02
2.181486844999999448e+02,1.156213125554437227e-01,0.000000000000000000e+00,0.000000000000000000e+00,0.000000000000000000e+00,0.000000000000000000e+00,0.000000000000000000e+00,2.746997905710368837e+00,2.873227178965460205e+00,2.365383283193472685e+00,-1.777307644994608609e+02,-1.858977984790652727e+02,-1.530402984226176955e+02
2.182540057999995042e+02,1.156213125554437227e-01,0.000000000000000000e+00,0.000000000000000000e+00,0.000000000000000000e+00,0.000000000000000000e+00,0.000000000000000000e+00,2.756496667828058911e+00,2.884471762003379069e+00,2.332550532873076676e+00,-1.783453344084754235e+02,-1.866253230016186251e+02,-1.509160194768880672e+02
2.183616055999991659e+02,1.156213125554437227e-01,0.000000000000000000e+00,0.000000000000000000e+00,0.000000000000000000e+00,0.000000000000000000e+00,0.000000000000000000e+00,2.765832544664411863e+00,2.895217882837443746e+00,2.299187989453713499e+00,-1.789493656397874588e+02,-1.873205970195826069e+02,-1.487574629176552605e+02
2.184665015999999014e+02,1.156213125554437227e-01,0.000000000000000000e+00,0.000000000000000000e+00,0.000000000000000000e+00,0.000000000000000000e+00,0.000000000000000000e+00,2.775004061976247272e+00,2.905460921661234153e+00,2.265324745569377018e+00,-1.795427628098632056e+02,-1.879833216314818571e+02,-1.465665110383386889e+02
2.185700777999991260e+02,1.156213125554437227e-01,0.000000000000000000e+00,0.000000000000000000e+00,0.000000000000000000e+00,0.000000000000000000e+00,0.000000000000000000e+00,2.784009771474662553e+00,2.915196474945607186e+00,2.230990330472265804e+00,-1.801254322144106652e+02,-1.886132119289808031e+02,-1.443450743815556052e+02
2.186745833999993920e+02,1.156213125554437227e-01,0.000000000000000000e+00,0.000000000000000000e+00,0.000000000000000000e+00,0.000000000000000000e+00,0.000000000000000000e+00,2.792848251053731801e+00,2.924420357331753983e+00,2.196214684282898677e+00,-1.806972818431764551e+02,-1.892099971193644876e+02,-1.420950900731035631e+02
2.187793796000005386e+02,1.156213125554437227e-01,0.000000000000000000e+00,0.000000000000000000e+00,0.000000000000000000e+00,0.000000000000000000e+00,0.000000000000000000e+00,2.801518105015069260e+00,2.933128603430532610e+00,2.161028131881848946e+00,-1.812582213944749867e+02,-1.897734206419554823e+02,-1.398185201327556229e+02
2.188836759000005259e+02,1.156213125554437227e-01,0.000000000000000000e+00,0.000000000000000000e+00,0.000000000000000000e+00,0.000000000000000000e+00,0.000000000000000000e+00,2.810017964288234360e+00,2.941317469527185757e+00,2.125461356466052720e+00,-1.818081622894487737e+02,-1.903032402784089356e+02,-1.375173497633536215e+02
2.189871824999991077e+02,1.156213125554437227e-01,0.000000000000000000e+00,0.000000000000000000e+00,0.000000000000000000e+00,0.000000000000000000e+00,0.000000000000000000e+00,2.818346486646908566e+00,2.948983435190793312e+00,2.089545372792567690e+00,-1.823470176860549827e+02,-1.907992282568443443e+02,-1.351935856196791406e+02
2.190939058999992994e+02,1.156213125554437227e-01,0.000000000000000000e+00,0.000000000000000000e+00,0.000000000000000000e+00,0.000000000000000000e+00,0.000000000000000000e+00,2.826502356920865822e+00,2.956123204787716841e+00,2.053311500133211620e+00,-1.828747024927800169e+02,-1.912611713497652772e+02,-1.328492540586188113e+02
2.191972258000005240e+02,1.156213125554437227e-01,0.000000000000000000e+00,0.000000000000000000e+00,0.000000000000000000e+00,0.000000000000000000e+00,0.000000000000000000e+00,2.834484287203645536e+00,2.962733708898416030e+00,2.016791334963742077e+00,-1.833911333820758784e+02,-1.916888709657275172e+02,-1.304863993721541249e+02
2.193014994000004663e+02,1.156213125554437227e-01,0.000000000000000000e+00,0.000000000000000000e+00,0.000000000000000000e+00,0.000000000000000000e+00,0.000000000000000000e+00,2.842291017055925906e+00,2.968812105636990051e+00,1.980016723411242241e+00,-1.838962288035184258e+02,-1.920821432347132713e+02,-1.281070820047073653e+02
2.194067040999998426e+02,1.156213125554437227e-01,0.000000000000000000e+00,0.000000000000000000e+00,0.000000000000000000e+00,0.000000000000000000e+00,0.000000000000000000e+00,2.849921313704567361e+00,2.974355781872937143e+00,1.943019733483806855e+00,-1.843899089966855058e+02,-1.924408190871790509e+02,-1.257133767564023117e+02
2.195116061999997328e+02,1.156213125554437227e-01,0.000000000000000000e+00,0.000000000000000000e+00,0.000000000000000000e+00,0.000000000000000000e+00,0.000000000000000000e+00,2.857373972237270188e+00,2.979362354354526232e+00,1.905832627106816224e+00,-1.848720960037513805e+02,-1.927647443267378549e+02,-1.233073709738110182e+02
2.196161097000003792e+02,1.156213125554437227e-01,0.000000000000000000e+00,0.000000000000000000e+00,0.000000000000000000e+00,0.000000000000000000e+00,0.000000000000000000e+00,2.864647815792862318e+00,2.983829670733397776e+00,1.868487831990022219e+00,-1.853427136817981875e+02,-1.930537796964508459e+02,-1.208911627297544413e+02
2.197212798999989900e+02,1.156213125554437227e-01,0.000000000000000000e+00,0.000000000000000000e+00,0.000000000000000000e+00,0.000000000000000000e+00,0.000000000000000000e+00,2.871741695747123124e+00,2.987755810489842734e+00,1.831017913350066362e+00,-1.858016877148388630e+02,-1.933078009386928215e+02,-1.184668589937492982e+02
2.198283320999998978e+02,1.156213125554437227e-01,0.000000000000000000e+00,0.000000000000000000e+00,0.000000000000000000e+00,0.000000000000000000e+00,0.000000000000000000e+00,2.878654491894174772e+00,2.991139085758454996e+00,1.793455545513181093e+00,-1.862489456255531195e+02,-1.935266988485720390e+02,-1.160365737947028180e+02
2.199329044000005524e+02,1.156213125554437227e-01,0.000000000000000000e+00,0.000000000000000000e+00,0.000000000000000000e+00,0.000000000000000000e+00,0.000000000000000000e+00,2.885385112623370496e+00,2.993978042053754063e+00,1.755833483422655217e+00,-1.866844167867320721e+02,-1.937103793208779052e+02,-1.136024263774457950e+02
2.200369754000003013e+02,1.156213125554437227e-01,0.000000000000000000e+00,0.000000000000000000e+00,0.000000000000000000e+00,0.000000000000000000e+00,0.000000000000000000e+00,2.891932495091670496e+00,2.996271458895463535e+00,1.718184534076108161e+00,-1.871080324324310880e+02,-1.938587633905364953e+02,-1.111665393547242076e+02
2.201403797000002669e+02,1.156213125554437227e-01,0.000000000000000000e+00,0.000000000000000000e+00,0.000000000000000000e+00,0.000000000000000000e+00,0.000000000000000000e+00,2.898295605391486784e+00,2.998018350333215842e+00,1.680541527917174927e+00,-1.875197256688292100e+02,-1.939717872665590619e+02,-1.087310368562412179e+02
2.202454359000003024e+02,1.156213125554437227e-01,0.000000000000000000e+00,0.000000000000000000e+00,0.000000000000000000e+00,0.000000000000000000e+00,0.000000000000000000e+00,2.904473438713935707e+00,2.999217965370406080e+00,1.642937290207014289e+00,-1.879194314847916587e+02,-1.940494023594652901e+02,-1.062980426763938340e+02
2.203556004000001849e+02,1.156213125554437227e-01,0.000000000000000000e+00,0.000000000000000000e+00,0.000000000000000000e+00,0.000000000000000000e+00,0.000000000000000000e+00,2.910465019507522122e+00,2.999869788287052863e+00,1.605404612400066933e+00,-1.883070867621366915e+02,-1.940915753021723162e+02,-1.038696784222843377e+02
2.204595054000001255e+02,1.156213125554437227e-01,0.000000000000000000e+00,0.000000000000000000e+00,0.000000000000000000e+00,0.000000000000000000e+00,0.000000000000000000e+00,2.916269401632182845e+00,2.999973538861508970e+00,1.567976223549474302e+00,-1.886826302856022437e+02,-1.940982879643396473e+02,-1.014480616636509893e+02
2.205647436999988713e+02,1.156213125554437227e-01,0.000000000000000000e+00,0.000000000000000000e+00,0.000000000000000000e+00,0.000000000000000000e+00,0.000000000000000000e+00,2.921885668508691580e+00,2.999529172490928097e+00,1.530684761766910595e+00,-1.890460027525123508e+02,-1.940695374601630476e+02,-9.903530408631911541e+01
2.206690939999989496e+02,1.156213125554437227e-01,0.000000000000000000e+00,0.000000000000000000e+00,0.000000000000000000e+00,0.000000000000000000e+00,0.000000000000000000e+00,2.927312933263404027e+00,2.998536880210442845e+00,1.493562745761557231e+00,-1.893971467821422436e+02,-1.940053361496156583e+02,-9.663350965077275134e+01
2.207783524999995279e+02,1.156213125554437227e-01,0.000000000000000000e+00,0.000000000000000000e+00,0.000000000000000000e+00,0.000000000000000000e+00,0.000000000000000000e+00,2.932550338868300521e+00,2.996997088611033533e+00,1.456642546483357670e+00,-1.897360069247790477e+02,-1.939057116331338761e+02,-9.424477275747324256e+01
2.208828811999992467e+02,1.156213125554437227e-01,0.000000000000000000e+00,0.000000000000000000e+00,0.000000000000000000e+00,0.000000000000000000e+00,0.000000000000000000e+00,2.937597058276321782e+00,2.994910459656139334e+00,1.419956358895122506e+00,-1.900625296704780283e+02,-1.937707067397522280e+02,-9.187117642051443056e+01
2.209866134000003512e+02,1.156213125554437227e-01,0.000000000000000000e+00,0.000000000000000000e+00,0.000000000000000000e+00,0.000000000000000000e+00,0.000000000000000000e+00,2.942452294551971548e+00,2.992277890397072149e+00,1.383536173897917276e+00,-1.903766634575125636e+02,-1.936003795086905654e+02,-8.951479045119525324e+01
2.210906586000000971e+02,1.156213125554437227e-01,0.000000000000000000e+00,0.000000000000000000e+00,0.000000000000000000e+00,0.000000000000000000e+00,0.000000000000000000e+00,2.947115280997155917e+00,2.989100512587377967e+00,1.347413750434663493e+00,-1.906783586805159985e+02,-1.933948031644033563e+02,-8.717766965312273442e+01
2.211953931999996712e+02,1.156213125554437227e-01,0.000000000000000000e+00,0.000000000000000000e+00,0.000000000000000000e+00,0.000000000000000000e+00,0.000000000000000000e+00,2.951585281272261163e+00,2.985379692196280743e+00,1.311620587795744530e+00,-1.909675676983152925e+02,-1.931540660850993731e+02,-8.486185203038466796e+01
2.213007920000000013e+02,1.156213125554437227e-01,0.000000000000000000e+00,0.000000000000000000e+00,0.000000000000000000e+00,0.000000000000000000e+00,0.000000000000000000e+00,2.955861589512425169e+00,2.981117028821453907e+00,1.276187898151226463e+00,-1.912442448414539058e+02,-1.928782717647480638e+02,-8.256935701038435127e+01
2.214084896999993362e+02,1.156213125554437227e-01,0.000000000000000000e+00,0.000000000000000000e+00,0.000000000000000000e+00,0.000000000000000000e+00,0.000000000000000000e+00,2.959943530439005599e+00,2.976314355001344225e+00,1.241146579333347377e+00,-1.915083464194036651e+02,-1.925675387685869850e+02,-8.030218368286757880e+01
2.215135584999989078e+02,1.156213125554437227e-01,0.000000000000000000e+00,0.000000000000000000e+00,0.000000000000000000e+00,0.000000000000000000e+00,0.000000000000000000e+00,2.963830459466210598e+00,2.970973735427350437e+00,1.206527187893215114e+00,-1.917598307274638216e+02,-1.922220006821495701e+02,-7.806230905669102071e+01
2.216171144999989338e+02,1.156213125554437227e-01,0.000000000000000000e+00,0.000000000000000000e+00,0.000000000000000000e+00,0.000000000000000000e+00,0.000000000000000000e+00,2.967521762802887153e+00,2.965097466056209718e+00,1.172359912454922881e+00,-1.919986580533468157e+02,-1.918418060538367911e+02,-7.585168633583352005e+01
2.217215453999997408e+02,1.156213125554437227e-01,0.000000000000000000e+00,0.000000000000000000e+00,0.000000000000000000e+00,0.000000000000000000e+00,0.000000000000000000e+00,2.971016857549447554e+00,2.958688073122952567e+00,1.138674547390754022e+00,-1.922247906834492710e+02,-1.914271183310550271e+02,-7.367224321618178351e+01
2.218263568000002124e+02,1.156213125554437227e-01,0.000000000000000000e+00,0.000000000000000000e+00,0.000000000000000000e+00,0.000000000000000000e+00,0.000000000000000000e+00,2.974315191789915325e+00,2.951748312054863987e+00,1.105500466839929974e+00,-1.924381929088075367e+02,-1.909781157899496975e+02,-7.152588020454346918e+01
2.219296565999993618e+02,1.156213125554437227e-01,0.000000000000000000e+00,0.000000000000000000e+00,0.000000000000000000e+00,0.000000000000000000e+00,0.000000000000000000e+00,2.977416244679078616e+00,2.944281166286905282e+00,1.072866599093989626e+00,-1.926388310307363838e+02,-1.904949914587627688e+02,-6.941446896138113232e+01
2.220338455000000977e+02,1.156213125554437227e-01,0.000000000000000000e+00,0.000000000000000000e+00,0.000000000000000000e+00,0.000000000000000000e+00,0.000000000000000000e+00,2.980319526524738194e+00,2.936289845979133339e+00,1.040801401370858859e+00,-1.928266733661505725e+02,-1.899779530348499463e+02,-6.733985066869456659e+01
2.221395236999996996e+02,1.156213125554437227e-01,0.000000000000000000e+00,0.000000000000000000e+00,0.000000000000000000e+00,0.000000000000000000e+00,0.000000000000000000e+00,2.983024578865032694e+00,2.927777786636633017e+00,1.009332834999792761e+00,-1.930016902525676130e+02,-1.894272227953901506e+02,-6.530383442448659537e+01
2.222427986999991845e+02,1.156213125554437227e-01,0.000000000000000000e+00,0.000000000000000000e+00,0.000000000000000000e+00,0.000000000000000000e+00,0.000000000000000000e+00,2.985530974540840710e+00,2.918748647632577686e+00,9.784883410385750713e-01,-1.931638540527924022e+02,-1.888430375018277800e+02,-6.330819566519581088e+01
2.223471298000004026e+02,1.156213125554437227e-01,0.000000000000000000e+00,0.000000000000000000e+00,0.000000000000000000e+00,0.000000000000000000e+00,0.000000000000000000e+00,2.987838317763230833e+00,2.909206310635041426e+00,9.482948163446275336e-01,-1.933131391592810360e+02,-1.882256482980871795e+02,-6.135467461749740181e+01
2.224510802000004333e+02,1.156213125554437227e-01,0.000000000000000000e+00,0.000000000000000000e+00,0.000000000000000000e+00,0.000000000000000000e+00,0.000000000000000000e+00,2.989946244175959222e+00,2.899154877938268982e+00,9.187785901204468253e-01,-1.934495219981845651e+02,-1.875753206026060127e+02,-5.944497478079291142e+01
2.225549209999990126e+02,1.156213125554437227e-01,0.000000000000000000e+00,0.000000000000000000e+00,0.000000000000000000e+00,0.000000000000000000e+00,0.000000000000000000e+00,2.991854420913011126e+00,2.888598670699054516e+00,8.899654009541930755e-01,-1.935729810330718408e+02,-1.868923339942288351e+02,-5.758076144173629274e+01
2.226584937999996328e+02,1.156213125554437227e-01,0.000000000000000000e+00,0.000000000000000000e+00,0.000000000000000000e+00,0.000000000000000000e+00,0.000000000000000000e+00,2.993562546651157952e+00,2.877542227079097348e+00,8.618803743753001845e-01,-1.936834967683299169e+02,-1.861769820920175960e+02,-5.576366022208192419e+01
2.227619082000001072e+02,1.156213125554437227e-01,0.000000000000000000e+00,0.000000000000000000e+00,0.000000000000000000e+00,0.000000000000000000e+00,0.000000000000000000e+00,2.995070351657544983e+00,2.865990300293974613e+00,8.345480009445550573e-01,-1.937810517522431724e+02,-1.854295724290201690e+02,-5.399525566111271502e+01
2.228677064999992581e+02,1.156213125554437227e-01,0.000000000000000000e+00,0.000000000000000000e+00,0.000000000000000000e+00,0.000000000000000000e+00,0.000000000000000000e+00,2.996377597832283080e+00,2.853947856569754471e+00,8.079921148980099277e-01,-1.938656305797487107e+02,-1.846504263200631328e+02,-5.227708983390124331e+01
2.229723389999999199e+02,1.156213125554437227e-01,0.000000000000000000e+00,0.000000000000000000e+00,0.000000000000000000e+00,0.000000000000000000e+00,0.000000000000000000e+00,2.997484078746046166e+00,2.841420073007974612e+00,7.822358733632094330e-01,-1.939372198948692017e+02,-1.838398787236159535e+02,-5.061066100659964917e+01
2.230775278999990405e+02,1.156213125554437227e-01,0.000000000000000000e+00,0.000000000000000000e+00,0.000000000000000000e+00,0.000000000000000000e+00,0.000000000000000000e+00,2.998389619672672701e+00,2.828412335359973717e+00,7.573017361657429225e-01,-1.939958083928219423e+02,-1.829982780977903190e+02,-4.899742232992356605e+01
2.231822222999999212e+02,1.156213125554437227e-01,0.000000000000000000e+00,0.000000000000000000e+00,0.000000000000000000e+00,0.000000000000000000e+00,0.000000000000000000e+00,2.999094077616751619e+00,2.814930235711556428e+00,7.332114462440413316e-01,-1.940413868218038260e+02,-1.821259862505377214e+02,-4.743878057198947573e+01
2.232866799999992509e+02,1.156213125554437227e-01,0.000000000000000000e+00,0.000000000000000000e+00,0.000000000000000000e+00,0.000000000000000000e+00,0.000000000000000000e+00,2.999597341336207812e+00,2.800979570078910186e+00,7.099860106891275890e-01,-1.940739479844526443e+02,-1.812233781841054849e+02,-4.593609489158655634e+01
2.233897686999989673e+02,1.156213125554437227e-01,0.000000000000000000e+00,0.000000000000000000e+00,0.000000000000000000e+00,0.000000000000000000e+00,0.000000000000000000e+00,2.999899331359865862e+00,2.786566335916886850e+00,6.876456824261678591e-01,-1.940934867389833300e+02,-1.802908419338225769e+02,-4.449067565297306004e+01
2.234973532000003615e+02,1.156213125554437227e-01,0.000000000000000000e+00,0.000000000000000000e+00,0.000000000000000000e+00,0.000000000000000000e+00,0.000000000000000000e+00,3.000000000000000000e+00,2.771696729540642501e+00,6.662099425535985553e-01,-1.941000000000000227e+02,-1.793287784012795782e+02,-4.310378328321782959e+01
2.236025983999988966e+02,1.156213125554437227e-01,0.000000000000000000e+00,0.000000000000000000e+00,0.000000000000000000e+00,0.000000000000000000e+00,0.000000000000000000e+00,2.999899331359865862e+00,2.756377143461848256e+00,6.456974833553592585e-01,-1.940934867389833300e+02,-1.783376011819815972e+02,-4.177662717309174667e+01
2.237074109999994107e+02,1.156213125554437227e-01,0.000000000000000000e+00,0.000000000000000000e+00,0.000000000000000000e+00,0.000000000000000000e+00,0.000000000000000000e+00,2.999597341336207368e+00,2.740614163640499257e+00,6.261261920008713844e-01,-1.940739479844526159e+02,-1.773177363875403216e+02,-4.051036462245637892e+01
2.238164715999992040e+02,1.156213125554437227e-01,0.000000000000000000e+00,0.000000000000000000e+00,0.000000000000000000e+00,0.000000000000000000e+00,0.000000000000000000e+00,2.999094077616751175e+00,2.724414566653588388e+00,6.075131349472400188e-01,-1.940413868218037976e+02,-1.762696224624871775e+02,-3.930609983108642780e+01
2.239252090999998472e+02,1.156213125554437227e-01,0.000000000000000000e+00,0.000000000000000000e+00,0.000000000000000000e+00,0.000000000000000000e+00,0.000000000000000000e+00,2.998389619672672257e+00,2.707785316781806451e+00,5.898745430569833914e-01,-1.939958083928219139e+02,-1.751937099957828821e+02,-3.816488293578682800e+01
2.240441663000001427e+02,1.156213125554437227e-01,0.000000000000000000e+00,0.000000000000000000e+00,0.000000000000000000e+00,0.000000000000000000e+00,0.000000000000000000e+00,2.997484078746046166e+00,2.690733563015602403e+00,5.732257974445158499e-01,-1.939372198948692017e+02,-1.740904615271094826e+02,-3.708770909466017685e+01
2.241497352000005776e+02,-2.406485484689524501e+00,2.951962531454321859e-01,0.000000000000000000e+00,1.315228747319233227e+00,-2.189644430150098353e-01,-1.979782830671803495e-01,2.996377597832282191e+00,2.673266635981749850e+00,5.575814160635710337e-01,-1.938656305797486539e+02,-1.729603513480192305e+02,-3.607551761931304668e+01
2.242539959999994608e+02,-2.476176438787547340e+00,4.377988955167105845e-01,-9.680797253649550682e-02,1.332594640774757089e+00,-3.443988300393923674e-01,-2.702911740755686854e-01,2.995070351657544983e+00,2.655392044791947459e+00,5.429550410473604760e-01,-1.937810517522431724e+02,-1.718038652980389998e+02,-3.512919115576422513e+01
2.243593746000005922e+02,-2.457367291854685831e+00,5.322744760773614470e-01,1.185416059031269139e-03,1.133911016452157750e+00,-4.124642327026143973e-01,-3.364362861292954920e-01,2.993562546651157508e+00,2.637117473814531987e+00,5.293594268123789082e-01,-1.936834967683298885e+02,-1.706215005558002247e+02,-3.424955491476091396e+01
2.244641805999999633e+02,-2.421822134397581205e+00,5.818853209754114575e-01,1.080627106776578111e-01,8.259109748443005383e-01,-4.375527551259942305e-01,-3.835858616376642827e-01,2.991854420913010237e+00,2.618450779371009229e+00,5.168064289364189268e-01,-1.935729810330717839e+02,-1.694137654253042911e+02,-3.343737595218630787e+01
2.245683155999995506e+02,-2.405487847062701245e+00,6.100106783587360137e-01,1.123746878479071065e-01,5.660879607602610220e-01,-4.520724669852042577e-01,-4.095650281769632750e-01,2.989946244175959222e+00,2.599399986358527315e+00,5.053069938202852107e-01,-1.934495219981845651e+02,-1.681811791173967379e+02,-3.269336250017245504e+01
2.246719312999994145e+02,-2.402624405049849976e+00,6.143930267378543419e-01,7.106850920233388769e-02,3.230259093784764723e-01,-4.541371230988239804e-01,-4.138094546136245611e-01,2.987838317763229945e+00,2.579973284799982114e+00,4.948711491423909425e-01,-1.933131391592809791e+02,-1.669242715265588402e+02,-3.201816334951269738e+01
2.247800411999996868e+02,-2.402547218950071617e+00,6.139574215470396945e-01,3.848295375714212013e-02,1.713759700166684607e-01,-4.537832204392596713e-01,-4.135510903388645021e-01,2.985530974540839821e+00,2.560179026323062601e+00,4.855079951144867234e-01,-1.931638540527923453e+02,-1.656435830031021510e+02,-3.141236728390729382e+01
2.248841302000000724e+02,-2.402686593863889719e+00,6.136724395476704785e-01,1.967089509422832727e-02,8.893899447893738319e-02,-4.536301943473505238e-01,-4.132959107428649803e-01,2.983024578865031806e+00,2.540025720569855316e+00,4.772256965461092459e-01,-1.930016902525675562e+02,-1.643396641208696565e+02,-3.087650256653326863e+01
2.249883217000005970e+02,-2.402703138839779928e+00,6.134645636770337251e-01,1.044748019617982963e-02,4.662196202459755606e-02,-4.534833669015382873e-01,-4.131484077557339152e-01,2.980319526524736862e+00,2.519522031538517837e+00,4.700314757247652242e-01,-1.928266733661504873e+02,-1.630130754405421101e+02,-3.041103647939231180e+01
2.250934815000000526e+02,-2.402609371129778015e+00,6.132368327412653919e-01,6.011437605265465903e-03,2.394997793835420066e-02,-4.532762967556426270e-01,-4.130375428820354244e-01,2.977416244679078172e+00,2.498676773858556466e+00,4.639316061179963313e-01,-1.926388310307363554e+02,-1.616643872686485963e+02,-3.001637491583436557e+01
2.251987050999996427e+02,-2.402627738197248952e+00,6.130292697711765548e-01,3.120864544516018316e-03,1.183165860509536628e-02,-4.531304594548292153e-01,-4.128894189858071107e-01,2.974315191789914437e+00,2.477498909001420113e+00,4.589314069027985443e-01,-1.924381929088074799e+02,-1.602941794123918839e+02,-2.969286202661106699e+01
2.253025625999998738e+02,-2.402646127207149984e+00,6.128217072677759614e-01,1.584742982142782995e-03,5.392073174202390191e-03,-4.529846262672896917e-01,-4.127412909609063929e-01,2.971016857549445334e+00,2.455997541427895392e+00,4.550352383272451284e-01,-1.922247906834491289e+02,-1.589030409303848330e+02,-2.944077991977276199e+01
2.254088530999997602e+02,-2.402543056842873614e+00,6.124478945635049021e-01,1.311023314291835749e-03,1.221367684398636183e-03,-4.526657941056024814e-01,-4.125361831427812320e-01,2.967521762802884489e+00,2.434181914674070413e+00,4.522464979082678749e-01,-1.919986580533466451e+02,-1.574915698794123671e+02,-2.926034841466493219e+01
2.255123125999998592e+02,-2.402570994931659598e+00,6.123872209483636198e-01,5.715738902461960135e-04,3.793645314919854412e-04,-4.526324738403774695e-01,-4.124826687340935050e-01,2.963830459466207934e+00,2.412061407377466882e+00,4.505676174689807745e-01,-1.917598307274636511e+02,-1.560603730573221242e+02,-2.915172485024305615e+01
2.256169759000003978e+02,-2.402559619984351524e+00,6.122400153572385983e-01,3.578043754627764075e-04,-4.548765499159123944e-04,-4.525189792125243193e-01,-4.123886635894429276e-01,2.959943530439003823e+00,2.389645529245175037e+00,4.500000610180914240e-01,-1.915083464194035514e+02,-1.546100657421628455e+02,-2.911500394787051604e+01
2.257216231000002153e+02,-2.402591367349193430e+00,6.121783832935160374e-01,4.978335938834638793e-05,-5.171605894293878009e-04,-4.524865164149699526e-01,-4.123327848164733966e-01,2.955861589512422505e+00,2.366943916965516426e+00,4.505443234732660063e-01,-1.912442448414537353e+02,-1.531412714276689258e+02,-2.915021772872031036e+01
2.258250620999988314e+02,-2.402591367349193430e+00,6.121783832935160374e-01,2.660485498969021337e-05,-2.763771400162353818e-04,-4.524865164149699526e-01,-4.123327848164733966e-01,2.951585281272257610e+00,2.343966330065281323e+00,4.521999302295491852e-01,-1.909675676983150652e+02,-1.516546215552237129e+02,-2.925733548585183286e+01
2.259287260999990394e+02,-2.402591367349193430e+00,6.121783832935160374e-01,1.427216139430160117e-05,-1.482623810404436074e-04,-4.524865164149699526e-01,-4.123327848164733966e-01,2.947115280997152809e+00,2.320722646713955672e+00,4.549654375732308242e-01,-1.906783586805157995e+02,-1.501507552423929326e+02,-2.943626381098803435e+01
2.260377539000000979e+02,-2.402591367349193430e+00,6.121783832935160374e-01,7.657800246420481575e-06,-7.955092902184467845e-05,-4.524865164149699526e-01,-4.123327848164733966e-01,2.942452294551968439e+00,2.297222859477142443e+00,4.588384339407836077e-01,-1.903766634575123646e+02,-1.486303190081711136e+02,-2.968684667596870241e+01
2.261426221000001533e+02,-2.402591367349193430e+00,6.121783832935160374e-01,4.015133736724431156e-06,-4.171010063270863327e-05,-4.524865164149699526e-01,-4.123327848164733966e-01,2.937597058276320006e+00,2.273477071020643780e+00,4.638155420217842106e-01,-1.900625296704779146e+02,-1.470939664950356587e+02,-3.000886556880944056e+01
2.262463284000004933e+02,-2.402591367349193430e+00,6.121783832935160374e-01,2.143150612944651026e-06,-2.226352435520576368e-05,-4.524865164149699526e-01,-4.123327848164733966e-01,2.932550338868296969e+00,2.249495489767332046e+00,4.698924217039788243e-01,-1.897360069247788203e+02,-1.455423581879463768e+02,-3.040203968424743053e+01
2.263513064999988273e+02,-2.402591367349193430e+00,6.121783832935160374e-01,1.148839040064594806e-06,-1.193439499501469452e-05,-4.524865164149699526e-01,-4.123327848164733966e-01,2.927312933263400474e+00,2.225288425508472390e+00,4.770637738579193154e-01,-1.893971467821420163e+02,-1.439761611303981681e+02,-3.086602616860738024e+01
2.264557528000004822e+02,-2.402591367349193430e+00,6.121783832935160374e-01,6.133536781376861825e-07,-6.371654175443650255e-06,-4.524865164149699526e-01,-4.123327848164733966e-01,2.921885668508688028e+00,2.200866284971502829e+00,4.853233449578853165e-01,-1.890460027525121234e+02,-1.423960486376562358e+02,-3.140042041877518031e+01
2.265661569999992935e+02,-2.402591367349193430e+00,6.121783832935160374e-01,3.275110447951464893e-07,-3.402257442082971548e-06,-4.524865164149699526e-01,-4.123327848164733966e-01,2.916269401632178848e+00,2.176239567346144099e+00,4.946639325350605798e-01,-1.886826302856019879e+02,-1.408027000072955275e+02,-3.200475643501842171e+01
2.266712268999999651e+02,-2.402591367349193430e+00,6.121783832935160374e-01,1.705034078935855825e-07,-1.771227253631405623e-06,-4.524865164149699526e-01,-4.123327848164733966e-01,2.910465019507519457e+00,2.151418859770715564e+00,5.050773914581836443e-01,-1.883070867621365210e+02,-1.391968002271653120e+02,-3.267850722734448254e+01
2.267750384999999369e+02,-2.402591367349193430e+00,6.121783832935160374e-01,9.092630071705713718e-08,-9.445625978482005619e-07,-4.524865164149699526e-01,-4.123327848164733966e-01,2.904473438713931710e+00,2.126414832780726627e+00,5.165546410362302776e-01,-1.879194314847914029e+02,-1.375790396809130129e+02,-3.342108527504409921e+01
2.268796770999997534e+02,-2.402591367349193430e+00,6.121783832935160374e-01,4.886636704757890951e-08,-5.076346694175589694e-07,-4.524865164149699526e-01,-4.123327848164733966e-01,2.898295605391482788e+00,2.101238235721532899e+00,5.290856729368909050e-01,-1.875197256688289542e+02,-1.359501138511831755e+02,-3.423184303901684444e+01
2.269832728000001225e+02,-2.402591367349193430e+00,6.121783832935160374e-01,2.609894893975530566e-08,-2.711216756563624391e-07,-4.524865164149699526e-01,-4.123327848164733966e-01,2.891932495091667832e+00,2.075899892127157642e+00,5.426595599140235926e-01,-1.871080324324309174e+02,-1.343107230206271083e+02,-3.511007352643732560e+01
2.270880118999994011e+02,-2.402591367349193430e+00,6.121783832935160374e-01,1.399087372672955612e-08,-1.453403023027278417e-07,-4.524865164149699526e-01,-4.123327848164733966e-01,2.885385112623368276e+00,2.050410695067173439e+00,5.572644653363272305e-01,-1.866844167867319300e+02,-1.326615719708461256e+02,-3.605501090726037461e+01
2.271965135999998893e+02,-2.402591367349193430e+00,6.121783832935160374e-01,7.451450084698494957e-09,-7.740731773132251400e-08,-4.524865164149699526e-01,-4.123327848164733966e-01,2.878654491894173884e+00,2.024781602463779695e+00,5.728876535091047550e-01,-1.862489456255530627e+02,-1.310033696794065463e+02,-3.706583118203907645e+01
2.273013310999995156e+02,-2.402591367349193430e+00,6.121783832935160374e-01,3.918864653964003437e-09,-4.071003602887519780e-08,-4.524865164149699526e-01,-4.123327848164733966e-01,2.871741695747120460e+00,1.999023632380866111e+00,5.895155007799601776e-01,-1.858016877148386925e+02,-1.293368290150420421e+02,-3.814165290046342704e+01
2.274061576999993122e+02,-2.402591367349193430e+00,6.121783832935160374e-01,2.093482364173252190e-09,-2.174755956042025720e-08,-4.524865164149699526e-01,-4.123327848164733966e-01,2.864647815792859209e+00,1.973147858287400469e+00,6.071335074188015657e-01,-1.853427136817979886e+02,-1.276626664311948218e+02,-3.928153792999646043e+01
2.275111164999998437e+02,-2.402591367349193430e+00,6.121783832935160374e-01,1.116613256624924408e-09,-1.159962640239165841e-08,-4.524865164149699526e-01,-4.123327848164733966e-01,2.857373972237267523e+00,1.947165404296770319e+00,6.257263102618673134e-01,-1.848720960037512100e+02,-1.259816016580010398e+02,-4.048449227394281991e+01
2.276159530999993876e+02,-2.402591367349193430e+00,6.121783832935160374e-01,5.960722776419989446e-10,-6.192131150555000713e-09,-4.524865164149699526e-01,-4.123327848164733966e-01,2.849921313704564252e+00,1.921087440384582568e+00,6.452776961086124086e-01,-1.843899089966853069e+02,-1.242943573928825032e+02,-4.174946693822722210e+01
2.277248466999990342e+02,-2.402591367349193430e+00,6.121783832935160374e-01,3.181303096095029242e-10,-3.304808282414093195e-09,-4.524865164149699526e-01,-4.123327848164733966e-01,2.842291017055925018e+00,1.894925177586559872e+00,6.657706158598304391e-01,-1.838962288035183690e+02,-1.226016589898504350e+02,-4.307535884613103150e+01
2.278275558999994246e+02,-2.402591367349193430e+00,6.121783832935160374e-01,1.669003618328966197e-10,-1.733798011262458536e-09,-4.524865164149699526e-01,-4.123327848164733966e-01,2.834484287203642872e+00,1.868689863178927490e+00,6.871871993847882276e-01,-1.833911333820757079e+02,-1.209042341476766182e+02,-4.446101180019579857e+01
2.279308839999994234e+02,-2.402591367349193430e+00,6.121783832935160374e-01,8.992678274938983052e-11,-9.341793833031215099e-10,-4.524865164149699526e-01,-4.123327848164733966e-01,2.826502356920863157e+00,1.842392775843122443e+00,7.095087711041658807e-01,-1.828747024927798464e+02,-1.192028125970500270e+02,-4.590521749043953292e+01
2.280350658999996085e+02,-2.402591367349193430e+00,6.121783832935160374e-01,4.828962068905328522e-11,-5.016433002052166382e-10,-4.524865164149699526e-01,-4.123327848164733966e-01,2.818346486646905014e+00,1.816045220817045003e+00,7.327158662755125507e-01,-1.823470176860547554e+02,-1.174981257868628148e+02,-4.740671654802566337e+01
2.281398358999995253e+02,-2.402591367349193430e+00,6.121783832935160374e-01,2.583277786867205670e-11,-2.683566314789162924e-10,-4.524865164149699526e-01,-4.123327848164733966e-01,2.810017964288230807e+00,1.789658525034895531e+00,7.567882479667604745e-01,-1.818081622894485463e+02,-1.157909065697577518e+02,-4.896419964344940468e+01
2.282443356000003405e+02,-2.402591367349193430e+00,6.121783832935160374e-01,1.381753395509677376e-11,-1.435396102728896990e-10,-4.524865164149699526e-01,-4.123327848164733966e-01,2.801518105015068372e+00,1.763244032257636817e+00,7.817049247030949388e-01,-1.812582213944749299e+02,-1.140818888870691126e+02,-5.057630862829024210e+01
2.283485719000000245e+02,-2.402591367349193430e+00,6.121783832935160374e-01,7.375881556529759269e-12,-7.662229508419270731e-11,-4.524865164149699526e-01,-4.123327848164733966e-01,2.792848251053728248e+00,1.736813098196313909e+00,8.074441687719146055e-01,-1.806972818431762278e+02,-1.123718074533015141e+02,-5.224163771954287938e+01
2.284546534999990399e+02,-2.402591367349193430e+00,6.121783832935160374e-01,3.944952810119466766e-12,-4.098104558669228562e-11,-4.524865164149699526e-01,-4.123327848164733966e-01,2.784009771474659001e+00,1.710377085630145455e+00,8.339835351696236465e-01,-1.801254322144104378e+02,-1.106613974402704201e+02,-5.395873472547464900e+01
2.285589015999994444e+02,-2.402591367349193430e+00,6.121783832935160374e-01,2.096284727999704991e-12,-2.177667113798532499e-11,-4.524865164149699526e-01,-4.123327848164733966e-01,2.775004061976243275e+00,1.683947359521632325e+00,8.612998811740945060e-01,-1.795427628098629498e+02,-1.089513941610496204e+02,-5.572610231196392050e+01
2.286637941999997565e+02,-2.402591367349193430e+00,6.121783832935160374e-01,1.120177227575524573e-12,-1.163664972384216882e-11,-4.524865164149699526e-01,-4.123327848164733966e-01,2.765832544664408310e+00,1.657535282130670584e+00,8.893693865254167497e-01,-1.789493656397872314e+02,-1.072425327538543911e+02,-5.754219930819446915e+01
2.287672199999997247e+02,-2.402591367349193430e+00,6.121783832935160374e-01,5.984646614848662435e-13,-6.216983765033409235e-12,-4.524865164149699526e-01,-4.123327848164733966e-01,2.756496667828057134e+00,1.631152208129929004e+00,9.181675741975443561e-01,-1.783453344084753098e+02,-1.055355478660064108e+02,-5.940544205058112226e+01
2.288714689999997063e+02,-2.402591367349193430e+00,6.121783832935160374e-01,3.216913461111897179e-13,-3.341801120157838580e-12,-4.524865164149699526e-01,-4.123327848164733966e-01,2.746997905710364840e+00,1.604809479723340981e+00,9.476693317425696206e-01,-1.777307644994606051e+02,-1.038311733381001716e+02,-6.131420576374425480e+01
2.289754441999994015e+02,-2.402591367349193430e+00,6.121783832935160374e-01,1.718724356161358602e-13,-1.785449017542846490e-12,-4.524865164149699526e-01,-4.123327848164733966e-01,2.737337758275987909e+00,1.578518421770147562e+00,9.778489331892501468e-01,-1.771057529604564138e+02,-1.021301418885285557e+02,-6.326682597734448876e+01
2.290792691999995441e+02,-2.402591367349193430e+00,6.121783832935160374e-01,9.208627652436362214e-14,-9.566126840537305371e-13,-4.524865164149699526e-01,-4.123327848164733966e-01,2.727517750974187472e+00,1.552290336916163582e+00,1.008680061476324052e+00,-1.764703984880299288e+02,-1.004331847984757928e+02,-6.526159997751817343e+01
2.291845051000000240e+02,-2.402591367349193430e+00,6.121783832935160374e-01,4.943802697525052778e-14,-5.135731996569824083e-13,-4.524865164149699526e-01,-4.123327848164733966e-01,2.717539434497953987e+00,1.526136500734825541e+00,1.040135831401480360e+00,-1.758248014120176208e+02,-9.874103159754321268e+01,-6.729678829167578158e+01
2.292892097000003560e+02,-2.402591367349193430e+00,6.121783832935160374e-01,2.634211588563659944e-14,-2.736477478742034456e-13,-4.524865164149699526e-01,-4.123327848164733966e-01,2.707404384539131126e+00,1.500068156879690973e+00,1.072188813065596324e+00,-1.751690636796817842e+02,-9.705440975011600813e+01,-6.937061620534409201e+01
2.293936689999991358e+02,-2.402591367349193430e+00,6.121783832935160374e-01,1.402230536016700473e-14,-1.456668210888231478e-13,-4.524865164149699526e-01,-4.123327848164733966e-01,2.697114201539593470e+00,1.474096512250802737e+00,1.104811055792048080e+00,-1.745032888396117130e+02,-9.537404434262694508e+01,-7.148127530974551291e+01
2.295007193999990704e+02,-2.402591367349193430e+00,6.121783832935160374e-01,7.506553964451171073e-15,-7.797974906747296498e-14,-4.524865164149699526e-01,-4.123327848164733966e-01,2.686670510438530446e+00,1.448232732176756077e+00,1.137974112500053980e+00,-1.738275820253729194e+02,-9.370065777183611999e+01,-7.362692507875350145e+01
2.296149992999999085e+02,-2.402591367349193430e+00,6.121783832935160374e-01,3.964127259447083138e-15,-4.118023402311126728e-14,-4.524865164149699526e-01,-4.123327848164733966e-01,2.676074960415831150e+00,1.422487935614681787e+00,1.171649064511060434e+00,-1.731420499389042789e+02,-9.203496943426991095e+01,-7.580569447386561421e+01
2.297208542999997007e+02,-2.402591367349193430e+00,6.121783832935160374e-01,2.028652479166452774e-15,-2.107409232247793558e-14,-4.524865164149699526e-01,-4.123327848164733966e-01,2.665329224631671323e+00,1.396873190370164108e+00,1.205806546766135190e+00,-1.724468008336691298e+02,-9.037769541694962072e+01,-7.801568357576894641e+01
2.298294719000004989e+02,-2.402591367349193430e+00,6.121783832935160374e-01,1.080962151408873750e-15,-1.122927480672051694e-14,-4.524865164149699526e-01,-4.123327848164733966e-01,2.654434999962299813e+00,1.371399508339105955e+00,1.240416773432845288e+00,-1.717419444975608087e+02,-8.872954818954015366e+01,-8.025496524110509711e+01
2.299345004000006156e+02,-2.402591367349193430e+00,6.121783832935160374e-01,5.663799802603305565e-16,-5.883680973546420451e-15,-4.524865164149699526e-01,-4.123327848164733966e-01,2.643394006732078694e+00,1.346077840773717282e+00,1.275449563878899406e+00,-1.710275922355654927e+02,-8.709123629805951339e+01,-8.252158678296478911e+01
2.300412102999998751e+02,-2.402591367349193430e+00,6.121783832935160374e-01,3.026409779869776859e-16,-3.143901666826231695e-15,-4.524865164149699526e-01,-4.123327848164733966e-01,2.632207988441837010e+00,1.320919073574486013e+00,1.310874368990057270e+00,-1.703038568521868683e+02,-8.546346406026924569e+01,-8.481357167365671046e+01
2.301451842000005854e+02,-2.402591367349193430e+00,6.121783832935160374e-01,1.602679833922913994e-16,-1.664899391607123452e-15,-4.524865164149699526e-01,-4.123327848164733966e-01,2.620878711493531465e+00,1.295934022610298220e+00,1.346660297809510576e+00,-1.695708526336314890e+02,-8.384693126288630083e+01,-8.712892126827533446e+01
2.302485058999991452e+02,-2.402591367349193430e+00,6.121783832935160374e-01,8.584240427805493984e-17,-8.917499529946705677e-16,-4.524865164149699526e-01,-4.123327848164733966e-01,2.609407964911325983e+00,1.271133429068611154e+00,1.382776144475209357e+00,-1.688286953297628088e+02,-8.224233286073913973e+01,-8.946561654754604831e+01
2.303543513000004168e+02,-2.402591367349193430e+00,6.121783832935160374e-01,4.610568326044619669e-17,-4.789560733540728944e-16,-4.524865164149699526e-01,-4.123327848164733966e-01,2.597797560059078581e+00,1.246527954837828300e+00,1.419190415431782704e+00,-1.680775021358223853e+02,-8.065035867800749259e+01,-9.182161987843635131e+01
2.304589696000002732e+02,-2.402591367349193430e+00,6.121783832935160374e-01,2.446169242033830321e-17,-2.541134914552163111e-16,-4.524865164149699526e-01,-4.123327848164733966e-01,2.586049330354300402e+00,1.222128177923628378e+00,1.455871356893511104e+00,-1.673173916739232538e+02,-7.907169311165876024e+01,-9.419487679101017363e+01
2.305638099999996484e+02,-2.402591367349193430e+00,6.121783832935160374e-01,1.307586295726139378e-17,-1.358349672934720472e-16,-4.524865164149699526e-01,-4.123327848164733966e-01,2.574165130978665950e+00,1.197944587901534019e+00,1.492786982533958140e+00,-1.665484839743196801e+02,-7.750701483722924934e+01,-9.658331776994710083e+01
2.306699499999995169e+02,-2.403001416110685629e+00,6.119186466290145177e-01,-1.824970095263051548e-03,-1.155269091023792671e-03,-4.524635010207055386e-01,-4.119723417128517418e-01,2.562146838585015018e+00,1.173987581407276215e+00,1.529905101378647103e+00,-1.657709004564504767e+02,-7.595699651705076860e+01,-9.898486005919846775e+01
2.307737348999999085e+02,-2.403001416110685629e+00,6.119186466290145177e-01,-9.685636736341421502e-04,-6.131342523049370221e-04,-4.524635010207055386e-01,-4.119723417128517418e-01,2.549996351001038164e+00,1.150267457667335513e+00,1.567193345875998123e+00,-1.649847639097671674e+02,-7.442230451107661793e+01,-1.013974094781770816e+02
2.308784787999993569e+02,-2.403001416110685629e+00,6.119186466290145177e-01,-5.192452132505253042e-04,-3.287001508065394775e-04,-4.524635010207055386e-01,-4.119723417128517418e-01,2.537715586929576439e+00,1.126794414071181194e+00,1.604619200122351153e+00,-1.641901984743435889e+02,-7.290359859040542290e+01,-1.038188622479161296e+02
2.309836856999991141e+02,-2.403152781391246773e+00,6.117793288379280714e-01,-9.517311663248802320e-04,-7.959506595142783886e-04,-4.524228259042572531e-01,-4.118100700495214705e-01,2.525306485645637533e+00,1.103578541787426204e+00,1.642150028216261992e+00,-1.633873296212727553e+02,-7.140153165364647236e+01,-1.062471068255921551e+02
2.310889855999994325e+02,-2.406693568125958471e+00,6.054748444128601470e-01,-1.641496709722390160e-02,-2.842448468626023253e-02,-4.492008313985033086e-01,-4.059783248988431126e-01,2.512771006690171394e+00,1.080629821425552972e+00,1.679753102717530755e+00,-1.625762841328540844e+02,-6.991674944623328258e+01,-1.086800257458242385e+02
2.311985389999990730e+02,-2.411701438642740669e+00,5.969548400481833328e-01,-3.153360246433457165e-02,-5.288571078170713896e-02,-4.448787698842012195e-01,-3.980426624914370493e-01,2.500111129560617762e+00,1.057958118745222054e+00,1.717395633186052040e+00,-1.617571900825719808e+02,-6.844989028281587196e+01,-1.111154974671375726e+02
2.313046515000005456e+02,-2.411297352515701764e+00,5.970038425095322010e-01,-1.468053218189835189e-02,-2.739257045292883830e-02,-4.447543957778822277e-01,-3.982550883634723982e-01,2.487328853398333095e+00,1.035573180414903760e+00,1.755044794775511896e+00,-1.609301768148721692e+02,-6.700158477284428216e+01,-1.135513982219756315e+02
2.314086913999999524e+02,-2.411304870674436884e+00,5.969065057450818612e-01,-7.821845768642770105e-03,-1.496036631738437324e-02,-4.446848757282694797e-01,-3.981868128144589458e-01,2.474426196672900868e+00,1.013484629821788996e+00,1.792667756857161176e+00,-1.600953749247366886e+02,-6.557245554946975119e+01,-1.159856038686583304e+02
2.315141720999999961e+02,-2.411325320463836963e+00,5.966987842921103180e-01,-4.283111575395083179e-03,-8.941295131497401655e-03,-4.445382667995302350e-01,-3.980391545144171261e-01,2.461405196863385658e+00,9.917019629346188747e-01,1.830231711648628190e+00,-1.592529162370610720e+02,-6.416311700186984979e+01,-1.184159917436662539e+02
2.316189118000002054e+02,-2.411190575664011515e+00,5.966299657471658691e-01,-1.680941002339570193e-03,-5.063754768023683017e-03,-4.444333656965476775e-01,-3.980531365070535954e-01,2.448267910136610048e+00,9.702345442213335946e-01,1.867703902822740236e+00,-1.584029337858386839e+02,-6.277417501112028475e+01,-1.208404425126312987e+02
2.317270382999995491e+02,-2.411349863585783293e+00,5.964925235524695113e-01,-1.608540232988895204e-03,-3.317594427870996978e-03,-4.443943689658196305e-01,-3.978906577006606771e-01,2.435016411022435712e+00,9.490916026232513181e-01,1.905051654071563405e+00,-1.575455617931515917e+02,-6.140622668972436315e+01,-1.232568420184301630e+02
2.318313646999995399e+02,-2.411370919252827871e+00,5.962837938657699066e-01,-9.391149835840460324e-04,-2.660934975344083492e-03,-4.442472375692236852e-01,-3.977420706174664700e-01,2.421652792086190331e+00,9.282822275874750284e-01,1.942242397600664860e+00,-1.566809356479765256e+02,-6.005986012490964043e+01,-1.256630831247630198e+02
2.319364989000005153e+02,-2.411370919252827871e+00,5.962837938657699066e-01,-5.026767696577543821e-04,-1.424309292319573834e-03,-4.442472375692236852e-01,-3.977420706174664700e-01,2.408179163598218597e+00,9.078153651593486861e-01,1.979243702528660664e+00,-1.558091918848047612e+02,-5.873565412580986589e+01,-1.280570675536043552e+02
2.320416726000003109e+02,-2.411278291677179109e+00,5.960563939209053697e-01,1.437254905236660756e-04,-1.769917603968804197e-03,-4.440409888418785367e-01,-3.976315190755383977e-01,2.394597653200646548e+00,8.876998141364470518e-01,2.016023303167461034e+00,-1.549304681620818371e+02,-5.743417797462812757e+01,-1.304367077149347267e+02
2.321454567999990104e+02,-2.412456717839446707e+00,5.940965265309257060e-01,-5.175494314994768218e-03,-9.644868501182915499e-03,-4.430476880242829041e-01,-3.958022599385311313e-01,2.380910405571416533e+00,8.679442222860170864e-01,2.052549127158359799e+00,-1.540449032404706600e+02,-5.615599118190530703e+01,-1.327999285271458803e+02
2.322502105999992636e+02,-2.421654108591758892e+00,5.802521242450693340e-01,-4.491614853914227545e-02,-6.678046932108729072e-02,-4.362603837885933866e-01,-3.825825469458121741e-01,2.367119582085591478e+00,8.485570826271653377e-01,2.088789323439733003e+00,-1.531526369609377696e+02,-5.490164324597760270e+01,-1.351446692265507181e+02
2.323561047000002873e+02,-2.459830840300604837e+00,5.313983187785977780e-01,-2.143310214311580641e-01,-2.507838473045491123e-01,-4.126115029823501645e-01,-3.348670195874270394e-01,2.353227360474068774e+00,8.295467297797531891e-01,2.124712290021496308e+00,-1.522538102226722572e+02,-5.367167341675003200e+01,-1.374688851643908265e+02
2.324605363999999099e+02,-2.465534428050270233e+00,5.244526073302174796e-01,-1.425941276455045537e-01,-1.638123309510811365e-01,-4.090967556644617975e-01,-3.281621273704126707e-01,2.339235934479685142e+00,8.109213363812456388e-01,2.160286701542632137e+00,-1.513485649608356312e+02,-5.246661046386659422e+01,-1.397705495898082972e+02
2.325648984999988897e+02,-2.465590436328219948e+00,5.243914225003997176e-01,-7.651616668458746662e-02,-8.786456307633910834e-02,-4.090674057394931284e-01,-3.281009319608123587e-01,2.325147513510794184e+00,7.926889095733020696e-01,2.195481536587319038e+00,-1.504370441241484002e+02,-5.128697244939264266e+01,-1.420476554171995360e+02
2.326709902999991755e+02,-2.465779461717008125e+00,5.242568647539646021e-01,-4.173933736095037511e-02,-4.752680208618362268e-02,-4.090244360810491031e-01,-3.279394318014173249e-01,2.310964322292393014e+00,7.748572875594446074e-01,2.230266104736016164e+00,-1.495193916523178359e+02,-5.013326650509606708e+01,-1.442982169764202638e+02
2.327755144000002474e+02,-2.465918882988924477e+00,5.241814232880257496e-01,-2.279952746740410152e-02,-2.557902528885725932e-02,-4.090112879384122935e-01,-3.278352190647331188e-01,2.296688600514787737e+00,7.574341362353901319e-01,2.264610073328068296e+00,-1.485957524533067726e+02,-4.900598861442974652e+01,-1.465202717443260383e+02
2.328807204000004276e+02,-2.465974129851606023e+00,5.241212511371567961e-01,-1.242334137917313307e-02,-1.392625004913480846e-02,-4.089824456314423151e-01,-3.277749915092713628e-01,2.282322602479936791e+00,7.404269458934232828e-01,2.298483493912183651e+00,-1.476662723804519146e+02,-4.790562339930448843e+01,-1.487118820561182986e+02
2.329851263000000472e+02,-2.465966858873680945e+00,5.239762600155285499e-01,-6.592389941181484893e-03,-8.068338971115711702e-03,-4.088669235214138498e-01,-3.276872898206383833e-01,2.267868596745465926e+00,7.238430280023218089e-01,2.331856828361881906e+00,-1.467310982094316500e+02,-4.683264391175022467e+01,-1.508711367950137685e+02
2.330883116000004520e+02,-2.466159035712571779e+00,5.238411974174216335e-01,-4.381737749323703045e-03,-4.913054960465582967e-03,-4.088244821765961712e-01,-3.275242630474207717e-01,2.253328865766432543e+00,7.076895120640980252e-01,2.364700974633293207e+00,-1.457903776150882038e+02,-4.578751143054714134e+01,-1.529961530587740697e+02
2.331917230999988533e+02,-2.466159035712571779e+00,5.238411974174216335e-01,-2.359443228522970209e-03,-2.645542686716219338e-03,-4.088244821765961712e-01,-3.275242630474207717e-01,2.238705705534916213e+00,6.919733425490002254e-01,2.396987292142443771e+00,-1.448442591481090744e+02,-4.477067526292031374e+01,-1.550850778016161087e+02
2.332968650999991951e+02,-2.474326412364292516e+00,5.230285994624930268e-01,-3.783823457907427995e-02,-4.965729779273865378e-03,-4.108475220117362436e-01,-3.236714839347341055e-01,2.224001425217430050e+00,6.767012759100574648e-01,2.428687626740384076e+00,-1.438928922115677267e+02,-4.378257255138071713e+01,-1.571360894501028440e+02
2.334012901999994938e+02,-2.474699352823556353e+00,5.228621024940780515e-01,-2.186124285532301328e-02,-3.386523185481925182e-03,-4.108373791199522174e-01,-3.234152534163725057e-01,2.209218346790294163e+00,6.618798776784295956e-01,2.459774335263959610e+00,-1.429364270373320380e+02,-4.282362808579439672e+01,-1.591473994915781986e+02
2.335057104999996227e+02,-2.474521227015662905e+00,5.228926446970680875e-01,-1.088061669946678231e-02,-1.673636972023093139e-03,-4.108037590810998951e-01,-3.235073251151076024e-01,2.194358804672963181e+00,6.475155196408910463e-01,2.490220309641093088e+00,-1.419750146623407261e+02,-4.189425412076565181e+01,-1.611172540337787211e+02
2.336125018999991880e+02,-2.474570219273492189e+00,5.226889609735556608e-01,-6.035639760069069944e-03,-1.801438100431898949e-03,-4.106595803185530968e-01,-3.233611897185638684e-01,2.179425145359390026e+00,6.336143771005258163e-01,2.519999000529365318e+00,-1.410088069047525323e+02,-4.099485019840402344e+01,-1.630439353342499373e+02
2.337179360999998607e+02,-2.474713163850115194e+00,5.226143936935201406e-01,-3.827392255613025745e-03,-1.282617594665040519e-03,-4.106472071904025412e-01,-3.232563622303020190e-01,2.164419727047505848e+00,6.201824262219941541e-01,2.549084440467541679e+00,-1.400379563399736469e+02,-4.012580297656302264e+01,-1.649257632982499615e+02
2.338224267999994481e+02,-2.474893746503874947e+00,5.225826539350779676e-01,-2.837964142714348697e-03,-8.230676446084667823e-04,-4.106806317471722867e-01,-3.231625734851932830e-01,2.149344919266805487e+00,6.072254414622864083e-01,2.577451266519466877e+00,-1.390626162765623235e+02,-3.928748606260992915e+01,-1.667610969438095196e+02
2.339276286000003893e+02,-2.474767606684378229e+00,5.225541835080947939e-01,-9.559862275898076004e-04,-5.674145211602857428e-04,-4.106174930541006685e-01,-3.231967652990623274e-01,2.134203102504190319e+00,5.947489930883125275e-01,2.605074742391022102e+00,-1.380829407320211146e+02,-3.848025985281382333e+01,-1.685483358326991379e+02
2.340345455000006041e+02,-2.474767606684378229e+00,5.225541835080947939e-01,-5.090823485908711234e-04,-3.021599147773356190e-04,-4.106174930541006685e-01,-3.231967652990623274e-01,2.118996667828057401e+00,5.827584447821787528e-01,2.631930780000486525e+00,-1.370990844084753064e+02,-3.770447137740696775e+01,-1.702859214660314819e+02
2.341432153000005201e+02,-2.474767606684378229e+00,5.225541835080947939e-01,-2.690520480881619637e-04,-1.596927179777775613e-04,-4.106174930541006685e-01,-3.231967652990623274e-01,2.103728016510715282e+00,5.712589513353476534e-01,2.657995960483726439e+00,-1.361112026682432941e+02,-3.696045415139699486e+01,-1.719723386432971211e+02
2.342481447999998636e+02,-2.474767606684378229e+00,5.225541835080947939e-01,-1.412240451315123122e-04,-8.382189160469656348e-05,-4.106174930541006685e-01,-3.231967652990623274e-01,2.088399559649216197e+00,5.602554564325508135e-01,2.683247554615746377e+00,-1.351194515093042980e+02,-3.624852803118604072e+01,-1.736061167836388108e+02
2.343530535999998392e+02,-2.474767606684378229e+00,5.225541835080947939e-01,-7.546132448820143314e-05,-4.478919263151346351e-05,-4.106174930541006685e-01,-3.231967652990623274e-01,2.073013717784587318e+00,5.497526905264848995e-01,2.707663542630995845e+00,-1.341239875406627959e+02,-3.556899907706357311e+01,-1.751858312082254372e+02
2.344571156000001793e+02,-2.476997565661614331e+00,5.201896701670689627e-01,-9.997723717932284829e-03,-1.052830111372703853e-02,-4.094759211741776928e-01,-3.208220112883194419e-01,2.057572920519617377e+00,5.397551688041544171e-01,2.731222633424835511e+00,-1.331249679576192477e+02,-3.492215942162879116e+01,-1.767101043825868771e+02
2.345614948999991611e+02,-2.506052807406194738e+00,4.913680869740463253e-01,-1.431991875510174317e-01,-1.331497610101892437e-01,-3.954291335794800633e-01,-2.916820138663261397e-01,2.042079606135189351e+00,5.302671892457935243e-01,2.753904283119781304e+00,-1.321225505169467453e+02,-3.430828714420284342e+01,-1.781776071178498455e+02
2.346668405999989773e+02,-2.589013833827061628e+00,4.457151682839987639e-01,-5.045577868497193030e-01,-2.637997215337593016e-01,-3.793810613034226398e-01,-2.339487584124395614e-01,2.026536221205245347e+00,5.212928307771305114e-01,2.775688712980032946e+00,-1.311168935119793844e+02,-3.372764615128034649e+01,-1.795870597298081464e+02
2.347721000999990792e+02,-2.781114414826417303e+00,4.301973024485020725e-01,-1.211861511983906903e+00,-1.473218173372381201e-01,-4.025477670239573924e-01,-1.517399561684189269e-01,2.010945220210458295e+00,5.128359515158418258e-01,2.796556926658796627e+00,-1.301081557476166495e+02,-3.318048606307496584e+01,-1.809372331548241561e+02
2.348765550999996776e+02,-2.964632613660519667e+00,4.417853853361641825e-01,-1.441237449679551030e+00,5.710518782174508340e-02,-4.348861946876380613e-01,-7.777097380596968701e-02,1.995309065150617789e+00,5.049001871129323860e-01,2.816490726763444030e+00,-1.290964965152449793e+02,-3.266704210620672910e+01,-1.822269500215948312e+02
2.349821665999988909e+02,3.020777598599783786e+00,4.418163912010105721e-01,-2.022817807902033138e+00,2.157623220432683120e-01,-4.385958740307145387e-01,5.324831281005992789e-02,1.979630225155867951e+00,4.974889491897438454e-01,2.835472730723877177e+00,-1.280820755675846669e+02,-3.218753501257642569e+01,-1.834550856778348589e+02
2.350874320999992051e+02,2.676690470723494641e+00,4.764894579289116194e-01,-2.243523690609690036e+00,5.366755877523211593e-01,-4.259174517070262178e-01,2.136270765815537764e-01,1.963911176096799105e+00,4.906054238712989068e-01,2.853486385950362081e+00,-1.270650530934629074e+02,-3.174217092447304012e+01,-1.846205691709884320e+02
2.351912121000004845e+02,2.470038960208913004e+00,5.442601958321138245e-01,-1.712509402103962408e+00,7.419849075904332292e-01,-4.260773045678289961e-01,3.386403568676131792e-01,1.948154400193473634e+00,4.842525704165507872e-01,2.870515984267694165e+00,-1.260455896925177512e+02,-3.133114130595083680e+01,-1.857223841821198107e+02
2.352991196000002674e+02,2.410629428671018815e+00,6.046359013885460598e-01,-1.026827190171909487e+00,7.022501548503481406e-01,-4.501706023784491917e-01,4.036471255963106075e-01,1.932362385623474177e+00,4.784331199462110717e-01,2.886546675612894575e+00,-1.250238463498387915e+02,-3.095462286051985856e+01,-1.867595699121542907e+02
2.354047479999990173e+02,2.393341349459491063e+00,6.325960330398501252e-01,-5.793202134472472675e-01,4.986399150732072072e-01,-4.636168088948038335e-01,4.303919092268744251e-01,1.916537626128963723e+00,4.731495742685987160e-01,2.901564480984742289e+00,-1.239999844105439593e+02,-3.061277745517833893e+01,-1.877312219197128229e+02
2.355096100999999180e+02,2.390316376604137538e+00,6.382116771489801943e-01,-3.169983774307989499e-01,2.902957380399771026e-01,-4.664167814417647939e-01,4.356254478778978645e-01,1.900682620622913044e+00,4.684042048041250350e-01,2.915556304633637019e+00,-1.229741655543024734e+02,-3.030575205082688939e+01,-1.886364929097963170e+02
2.356136172000005899e+02,2.390785744563415527e+00,6.385723091574948551e-01,-1.670764281502000181e-01,1.564491675329383602e-01,-4.668848706699867401e-01,4.356525124020346751e-01,1.884799872794483910e+00,4.641990516087839413e-01,2.928509945481305277e+00,-1.219465517698031078e+02,-3.003367863908832192e+01,-1.894745934726404641e+02
2.357175399999996444e+02,2.391544729579259787e+00,6.390492467991749637e-01,-8.619705576216529774e-02,8.594343168299230229e-02,-4.675643442739403355e-01,4.356231442408369237e-01,1.868891890713681780e+00,4.605359224971339316e-01,2.940414107760294549e+00,-1.209173053291752211e+02,-2.979667418556456582e+01,-1.902447927720910741e+02
2.358274153000002116e+02,2.392301502402256475e+00,6.395256714909933748e-01,-4.285633318145175286e-02,4.818607333981694135e-02,-4.682427028654513324e-01,4.355936818977780844e-01,1.852961186435292618e+00,4.574163922651031111e-01,2.951258410864093129e+00,-1.198865887623634308e+02,-2.959484057955217295e+01,-1.909464191829068227e+02
2.359329481999993732e+02,2.392766293136384448e+00,6.398872725094880698e-01,-2.035764022192943640e-02,2.672198130588339035e-02,-4.687099807261035922e-01,4.356221705645472175e-01,1.837010275602191989e+00,4.548418020129809669e-01,2.961033398399129712e+00,-1.188545648314618290e+02,-2.942826459023986985e+01,-1.915788608764237040e+02
2.360402974999997241e+02,2.393401128529045963e+00,6.402181203961851974e-01,-8.012041090836500776e-03,1.565218240292298724e-02,-4.692289197953209978e-01,4.355496097017427792e-01,1.821041677048109708e+00,4.528132585688686707e-01,2.969730546430924711e+00,-1.178213965050127001e+02,-2.929701782940580301e+01,-1.921415663540808509e+02
2.361442274999990332e+02,2.393864125856978831e+00,6.405783664604739469e-01,-2.200837606384556475e-03,9.861604717402303738e-03,-4.696946729323797087e-01,4.355772696045032144e-01,1.805057912399871123e+00,4.513316340128554760e-01,2.977342270917068046e+00,-1.167872469322716711e+02,-2.920115672063175083e+01,-1.926340449283343048e+02
2.362489440999997896e+02,2.394277613588365661e+00,6.408421860804268677e-01,6.626917718948392537e-04,6.455515827872481717e-03,-4.700682546503897052e-01,4.355623301322978369e-01,1.789061505679199193e+00,4.503975653021015102e-01,2.983861934320623632e+00,-1.157522794174441998e+02,-2.914072247504596902e+01,-1.930558671505443442e+02
2.363560794000004535e+02,2.394742508963353167e+00,6.412021433497928635e-01,2.419487075683842119e-03,5.050898058294062132e-03,-4.705348430290555162e-01,4.355882805264512103e-01,1.773054982904160415e+00,4.500114539970101468e-01,2.989283851398150560e+00,-1.147166573938991831e+02,-2.911574107360655717e+01,-1.934066651854603549e+02
2.364611750999993092e+02,2.395082801614401902e+00,6.414181180857907449e-01,2.775940688561438947e-03,3.622189051221378752e-03,-4.708415824282173867e-01,4.355748000805482190e-01,1.757040871690250361e+00,4.501734660885936545e-01,2.993603294157337835e+00,-1.136805443983592028e+02,-2.912622325593201111e+01,-1.936861331319797728e+02
2.365658617999997659e+02,2.395423320006313972e+00,6.416333260494062607e-01,2.986581749933881792e-03,2.883679829231718984e-03,-4.711479024090345358e-01,4.355605344298201231e-01,1.741021700851270504e+00,4.508835319271147224e-01,2.996816495979865103e+00,-1.126441040450772135e+02,-2.917216451568432234e+01,-1.938940272898972808e+02
2.366712212999991607e+02,2.395423320006313972e+00,6.416333260494062607e-01,1.595178941937607170e-03,1.540217453944634244e-03,-4.711479024090345358e-01,4.355605344298201231e-01,1.724999999999996980e+00,4.521413462520271764e-01,2.998920654905965044e+00,-1.116074999999998028e+02,-2.925354510250615903e+01,-1.940301663724159482e+02
2.367755005999988498e+02,2.395423320006313972e+00,6.416333260494062607e-01,8.489939310038659408e-04,8.197420593058248311e-04,-4.711479024090345358e-01,4.355605344298201231e-01,1.708978299148718794e+00,4.539463683232118907e-01,2.999913936077765797e+00,-1.105708959549221078e+02,-2.937033003051180913e+01,-1.940944316642314504e+02
2.368839573000004748e+02,2.395423320006313972e+00,6.416333260494062607e-01,4.549335354704489359e-04,4.392589152820777104e-04,-4.711479024090345358e-01,4.355605344298201231e-01,1.692959128309739159e+00,4.562978221534372825e-01,2.999795473339314622e+00,-1.095344556016401327e+02,-2.952246909332739477e+01,-1.940867671250536546e+02
2.369876506000000518e+02,2.395423320006313972e+00,6.416333260494062607e-01,2.387724439801019202e-04,2.305455996632350252e-04,-4.711479024090345358e-01,4.355605344298201231e-01,1.676945017095828883e+00,4.591946968419688968e-01,2.998565369991880836e+00,-1.084983426061001381e+02,-2.970989688567538778e+01,-1.940071794384747079e+02
2.370928014000000985e+02,2.395423320006313972e+00,6.416333260494062607e-01,1.282298615369841909e-04,1.238117340091440311e-04,-4.711479024090345358e-01,4.355605344298201231e-01,1.660938494320790326e+00,4.626357470091511104e-01,2.996224698703874978e+00,-1.074627205825551357e+02,-2.993253283149207888e+01,-1.938557380061407116e+02
2.371967709999989893e+02,2.395423320006313972e+00,6.416333260494062607e-01,6.835304756033928062e-05,6.599796055160064671e-05,-4.711479024090345358e-01,4.355605344298201231e-01,1.644942087600122838e+00,4.666194933318095206e-01,2.992775500575467262e+00,-1.064277530677279486e+02,-3.019028121856807800e+01,-1.936325748872327495e+02
2.373006876999988890e+02,2.395423320006313972e+00,6.416333260494062607e-01,3.662903615837697664e-05,3.536699195876670732e-05,-4.711479024090345358e-01,4.355605344298201231e-01,1.628958322951879811e+00,4.711442231792120072e-01,2.988220783358712218e+00,-1.053936034949866354e+02,-3.048303123969501982e+01,-1.933378846833086868e+02
2.374048203000002104e+02,2.395423320006313972e+00,6.416333260494062607e-01,1.963808403014755648e-05,1.896145879942772347e-05,-4.711479024090345358e-01,4.355605344298201231e-01,1.612989724397797309e+00,4.762079913493402206e-01,2.982564518834756040e+00,-1.043604351685374922e+02,-3.081065704030231345e+01,-1.929719243686087111e+02
2.375095008999996935e+02,2.395423320006313972e+00,6.416333260494062607e-01,1.050667312676327987e-05,1.014466835493418990e-05,-4.711479024090345358e-01,4.355605344298201231e-01,1.597038813564696902e+00,4.818086209051377633e-01,2.975811639350370630e+00,-1.033284112376358905e+02,-3.117301777256241380e+01,-1.925350130659689967e+02
2.376165146999992430e+02,2.395423320006313972e+00,6.416333260494062607e-01,5.614081036354476924e-06,5.420649290636734256e-06,-4.711479024090345358e-01,4.355605344298201231e-01,1.581108109286307739e+00,4.879437041103942274e-01,2.967968033516881210e+00,-1.022976946708241144e+02,-3.156995765594250614e+01,-1.920275317685422181e+02
2.377222199999996519e+02,2.395423320006313972e+00,6.416333260494062607e-01,2.965118392472870550e-06,2.862955986336985446e-06,-4.711479024090345358e-01,4.355605344298201231e-01,1.565200127205510050e+00,4.946106034648287686e-01,2.959040541075205422e+00,-1.012684482301964977e+02,-3.200130604417442015e+01,-1.914499230075657863e+02
2.378260484999991604e+02,2.395423320006313972e+00,6.416333260494062607e-01,1.574090596837437626e-06,1.519855702454462272e-06,-4.711479024090345358e-01,4.355605344298201231e-01,1.549317379377080917e+00,5.018064528379724276e-01,2.949036946931506975e+00,-1.002408344456971463e+02,-3.246687749861681738e+01,-1.908026904664685048e+02
2.379316890999998577e+02,2.395423320006313972e+00,6.416333260494062607e-01,8.447218504659570565e-07,8.156171722250363308e-07,-4.711479024090345358e-01,4.355605344298201231e-01,1.533462373871030238e+00,5.095281587013251734e-01,2.937965974368639266e+00,-9.921501558945566046e+01,-3.296647186797574136e+01,-1.900863985416509649e+02
2.380371682000004512e+02,2.395423320006313972e+00,6.416333260494062607e-01,4.495142054031420624e-07,4.340263068649842983e-07,-4.711479024090345358e-01,4.355605344298201231e-01,1.517637614376519783e+00,5.177724014582900658e-01,2.925837277439297335e+00,-9.819115365016082819e+01,-3.349987437435137139e+01,-1.893016718503225491e+02
2.381431450999989465e+02,2.395423320006313972e+00,6.416333260494062607e-01,2.391626673659015757e-07,2.309223780007273659e-07,-4.711479024090345358e-01,4.355605344298201231e-01,1.501845599806520326e+00,5.265356368712652557e-01,2.912661432547557716e+00,-9.716941030748186847e+01,-3.406685570557086606e+01,-1.884491946858269955e+02
2.382473740999994334e+02,2.395423320006313972e+00,6.416333260494062607e-01,1.270640284311028989e-07,1.226860693887950344e-07,-4.711479024090345358e-01,4.355605344298201231e-01,1.486088823903199518e+00,5.358140975853362686e-01,2.898449929226091903e+00,-9.614994690653701070e+01,-3.466717211377125807e+01,-1.875297104209281542e+02
2.383503134000002319e+02,2.395423320006313972e+00,6.416333260494062607e-01,6.799758565954368789e-08,6.565474600091664156e-08,-4.711479024090345358e-01,4.355605344298201231e-01,1.470369774844126010e+00,5.456037947478926675e-01,2.883215160117112319e+00,-9.513292443241495278e+01,-3.530056552018865546e+01,-1.865440208595771878e+02
2.384542975999993359e+02,2.395423320006313972e+00,6.416333260494062607e-01,3.663411358316537783e-08,3.537189444216502230e-08,-4.711479024090345358e-01,4.355605344298201231e-01,1.454690934849376172e+00,5.559005197234179185e-01,2.866970410165831318e+00,-9.411850348475464045e+01,-3.596676362610514133e+01,-1.854929855377292824e+02
2.385580131999995501e+02,2.395423320006313972e+00,6.416333260494062607e-01,1.960128391013881311e-08,1.892592661826949478e-08,-4.711479024090345358e-01,4.355605344298201231e-01,1.439054779789535887e+00,5.666998459028469437e-01,2.849729845035773756e+00,-9.310684425238297024e+01,-3.666548002991419963e+01,-1.843775209738145691e+02
2.386633454000002530e+02,2.395423320006313972e+00,6.416333260494062607e-01,1.053236012051821700e-08,1.016947030979993393e-08,-4.711479024090345358e-01,4.355605344298201231e-01,1.423463778794748835e+00,5.779971306065456726e-01,2.831508498756093228e+00,-9.209810648802024957e+01,-3.739641435024350358e+01,-1.831985998695192279e+02
2.387724416000000929e+02,2.395423320006313972e+00,6.416333260494062607e-01,5.592193277941176026e-09,5.399515669417448467e-09,-4.711479024090345358e-01,4.355605344298201231e-01,1.407920393864809050e+00,5.897875170802517886e-01,2.812322260611697544e+00,-9.109244948305314438e+01,-3.815925235509229196e+01,-1.819572502615768315e+02
2.388757700000005570e+02,2.395423320006313972e+00,6.416333260494062607e-01,2.935842754080471741e-09,2.834689032679376434e-09,-4.711479024090345358e-01,4.355605344298201231e-01,1.392427079480376806e+00,6.020659365829890142e-01,2.792187861287538375e+00,-9.009003204238038620e+01,-3.895366609691939175e+01,-1.806545546253037458e+02
2.389806241000005684e+02,2.395423320006313972e+00,6.416333260494062607e-01,1.575573767686758409e-09,1.521287771026362208e-09,-4.711479024090345358e-01,4.355605344298201231e-01,1.376986282215406643e+00,6.148271105661584635e-01,2.771122858279244205e+00,-8.909101245933680957e+01,-3.977931405363045769e+01,-1.792916489306670940e+02
2.390871688999995968e+02,2.395423320006313972e+00,6.416333260494062607e-01,8.312410487215017245e-10,8.026008481035826303e-10,-4.711479024090345358e-01,4.355605344298201231e-01,1.361600440350777763e+00,6.280655529428009753e-01,2.749145620582655436e+00,-8.809554849069532168e+01,-4.063584127539922264e+01,-1.778697216516978017e+02
2.391917720999990706e+02,2.395423320006313972e+00,6.416333260494062607e-01,4.456110782848352383e-10,4.302576610068095410e-10,-4.711479024090345358e-01,4.355605344298201231e-01,1.346271983489278901e+00,6.417755724461098321e-01,2.726275312675866314e+00,-8.710379733175635408e+01,-4.152287953726330727e+01,-1.763900127301285465e+02
2.392952284999992116e+02,2.395423320006313972e+00,6.416333260494062607e-01,2.382124239353897503e-10,2.300048749678745382e-10,-4.711479024090345358e-01,4.355605344298201231e-01,1.331003332171941445e+00,6.559512750761007371e-01,2.702531877807443195e+00,-8.611591559152461173e+01,-4.244004749742371985e+01,-1.748538124941415788e+02
2.394024804999990010e+02,2.395423320006313972e+00,6.416333260494062607e-01,1.279386141164883440e-10,1.235305214450418287e-10,-4.711479024090345358e-01,4.355605344298201231e-01,1.315796897495803863e+00,6.705865666335106834e-01,2.677936020605644618e+00,-8.513205926797851930e+01,-4.338695086118814004e+01,-1.732624605331852194e+02
2.395070154999993974e+02,2.395423320006313972e+00,6.416333260494062607e-01,6.756289287703159511e-11,6.523503044855631580e-11,-4.711479024090345358e-01,4.355605344298201231e-01,1.300655080733188917e+00,6.856751553396642773e-01,2.652509189023714686e+00,-8.415238372343732465e+01,-4.436318255047628156e+01,-1.716173445298343552e+02
2.396104317999997875e+02,2.395423320006313972e+00,6.416333260494062607e-01,3.610231376392937540e-11,3.485841765153175015e-11,-4.711479024090345358e-01,4.355605344298201231e-01,1.285580272952488556e+00,7.012105545414077934e-01,2.626273555636879031e+00,-8.317704366002601546e+01,-4.536832287882908332e+01,-1.699198990497060890e+02
2.397151758999989397e+02,2.395423320006313972e+00,6.416333260494062607e-01,1.937001261608199141e-11,1.870262371830141613e-11,-4.711479024090345358e-01,4.355605344298201231e-01,1.270574854640604157e+00,7.171860854996945367e-01,2.599251998307561706e+00,-8.220619309524708740e+01,-4.640193973183023957e+01,-1.681716042904992605e+02
2.398197003000004770e+02,2.395423320006313972e+00,6.416333260494062607e-01,1.035090135668440313e-11,9.994263661893351435e-12,-4.711479024090345358e-01,4.355605344298201231e-01,1.255641195327035220e+00,7.335948802608263097e-01,2.571468080235590925e+00,-8.123998533765917784e+01,-4.746358875287546653e+01,-1.663739847912427479e+02
2.399239680999999109e+02,2.395423320006313972e+00,6.416333260494062607e-01,5.526532891126515639e-12,5.336117594664872370e-12,-4.711479024090345358e-01,4.355605344298201231e-01,1.240781653209700020e+00,7.504298846090410313e-01,2.542946029410646513e+00,-8.027857296266759590e+01,-4.855281353420495805e+01,-1.645286081028688443e+02
2.400281388999992487e+02,2.395423320006313972e+00,6.416333260494062607e-01,2.956365129440879734e-12,2.854504314774380420e-12,-4.711479024090345358e-01,4.355605344298201231e-01,1.225998574782564354e+00,7.676838610990887046e-01,2.513710717485198476e+00,-7.932210778843192145e+01,-4.966914581311104371e+01,-1.626370834212923455e+02
2.401334120999999868e+02,2.395423320006313972e+00,6.416333260494062607e-01,1.583888653655204556e-12,1.529316169696548066e-12,-4.711479024090345358e-01,4.355605344298201231e-01,1.211294294465078636e+00,7.853493921677239253e-01,2.483787638085961369e+00,-7.837074085189058792e+01,-5.081210567325174310e+01,-1.607010601841617188e+02
2.402371342000005825e+02,2.395423320006313972e+00,6.416333260494062607e-01,8.429468244398877978e-13,8.139033042728695936e-13,-4.711479024090345358e-01,4.355605344298201231e-01,1.196671134233561862e+00,8.034188833224785720e-01,2.453202884583128629e+00,-7.742462238491145854e+01,-5.198120175096436668e+01,-1.587222266325284181e+02
2.403418404000003648e+02,2.395423320006313972e+00,6.416333260494062607e-01,4.524095545712670716e-13,4.368218975079961117e-13,-4.711479024090345358e-01,4.355605344298201231e-01,1.182131403254532476e+00,8.218845664066248835e-01,2.421983127336535091e+00,-7.648390179056825389e+01,-5.317593144650863479e+01,-1.567023083386738165e+02
2.404464542999994592e+02,2.395423320006313972e+00,6.416333260494062607e-01,2.419342321967258604e-13,2.335984492645502520e-13,-4.711479024090345358e-01,4.355605344298201231e-01,1.167677397520057614e+00,8.407385029386964526e-01,2.390155590438768130e+00,-7.554872761954773352e+01,-5.439578114013366417e+01,-1.546430667013883067e+02
2.405504708999997092e+02,2.395423320006313972e+00,6.416333260494062607e-01,1.289700288118469739e-13,1.245263990072899571e-13,-4.711479024090345358e-01,4.355605344298201231e-01,1.153311399485206667e+00,8.599725875253038110e-01,2.357748027975247851e+00,-7.461924754669287552e+01,-5.564022641288715931e+01,-1.525462974099985445e+02
2.406539840999994340e+02,2.395423320006313972e+00,6.416333260494062607e-01,6.911805524710688231e-14,6.673661009152626080e-14,-4.711479024090345358e-01,4.355605344298201231e-01,1.139035677707601835e+00,8.795785513456663152e-01,2.324788699822375015e+00,-7.369560834768184066e+01,-5.690873227206461138e+01,-1.504138288785076725e+02
2.407580921999997372e+02,2.395423320006313972e+00,6.416333260494062607e-01,3.717458495278801487e-14,3.589374400710410920e-14,-4.711479024090345358e-01,4.355605344298201231e-01,1.124852486489200665e+00,8.995479657064434642e-01,2.291306347004388400e+00,-7.277795587585129056e+01,-5.820075338120689423e+01,-1.482475206511839474e+02
2.408639468000001216e+02,2.395423320006313972e+00,6.416333260494062607e-01,1.988170761889659325e-14,1.919668839889078844e-14,-4.711479024090345358e-01,4.355605344298201231e-01,1.110764065520309707e+00,9.198722456652205226e-01,2.257330166630829638e+00,-7.186643503916404541e+01,-5.951573429453976871e+01,-1.460492617810146783e+02
2.409672632000001613e+02,2.395423320006313972e+00,6.416333260494062607e-01,1.057099524031877560e-14,1.020677426629511004e-14,-4.711479024090345358e-01,4.355605344298201231e-01,1.096772639525921855e+00,9.405426537212773219e-01,2.222889786436193837e+00,-7.096118977732714939e+01,-6.085310969576664775e+01,-1.438209691824217487e+02
2.410710798999989493e+02,2.395423320006313972e+00,6.416333260494062607e-01,5.670402155826266725e-15,5.475029880146511355e-15,-4.711479024090345358e-01,4.355605344298201231e-01,1.082880417914399374e+00,9.615503035717948288e-01,2.188015238944172047e+00,-7.006236303906163698e+01,-6.221230464109513036e+01,-1.415645859596879461e+02
2.411759022000005643e+02,2.395423320006313972e+00,6.416333260494062607e-01,3.041600270252069372e-15,2.936802700313097140e-15,-4.711479024090345358e-01,4.355605344298201231e-01,1.069089594428574763e+00,9.828861639322169497e-01,2.152736935278730002e+00,-6.917009675952878922e+01,-6.359273480641444110e+01,-1.392820797125338288e+02
2.412801046999993559e+02,2.395423320006313972e+00,6.416333260494062607e-01,1.626064070240871278e-15,1.570038442944291839e-15,-4.711479024090345358e-01,4.355605344298201231e-01,1.055402346799344304e+00,1.004541062418762287e+00,2.117085638645285872e+00,-6.828453183791758363e+01,-6.499380673849391599e+01,-1.369754408203500020e+02
2.413838598000002094e+02,2.395423320006313972e+00,6.416333260494062607e-01,8.685048899518373981e-16,8.385807730857099638e-16,-4.711479024090345358e-01,4.355605344298201231e-01,1.041820836401776473e+00,1.026505689491701734e+00,2.081092437504623582e+00,-6.740580811519494375e+01,-6.641491811011310631e+01,-1.346466807065491480e+02
2.414915737999999692e+02,2.395423320006313972e+00,6.416333260494062607e-01,4.667664214634689590e-16,4.506841021735550688e-16,-4.711479024090345358e-01,4.355605344298201231e-01,1.028347207913800965e+00,1.048770602457603562e+00,2.044788718463338650e+00,-6.653406435202292357e+01,-6.785545797900695675e+01,-1.322978300845780097e+02
2.415959820999996737e+02,2.395423320006313972e+00,6.416333260494062607e-01,2.458026993720161116e-16,2.373336293793006135e-16,-4.711479024090345358e-01,4.355605344298201231e-01,1.014983588977555362e+00,1.071326229528706930e+00,2.008206138904307547e+00,-6.566943820684782906e+01,-6.931480705050734059e+01,-1.299309371871086967e+02
2.417007080000003043e+02,2.395423320006313972e+00,6.416333260494062607e-01,1.313242109863691079e-16,1.267994684289311282e-16,-4.711479024090345358e-01,4.355605344298201231e-01,1.001732089863381470e+00,1.094162873937982505e+00,1.971376599380872063e+00,-6.481206621416077951e+01,-7.079233794378747291e+01,-1.275480659799424217e+02
2.418054879999999685e+02,2.395423320006313972e+00,6.416333260494062607e-01,7.017015806017614195e-17,6.775246296760875665e-17,-4.711479024090345358e-01,4.355605344298201231e-01,9.885948031366056377e-01,1.117270718107726379e+00,1.934332215799134280e+00,-6.396208376293838427e+01,-7.228741546156990694e+01,-1.251512943622039984e+02
2.419099303000002692e+02,2.395423320006313972e+00,6.416333260494062607e-01,3.748022134137972858e-17,3.618884977103662883e-17,-4.711479024090345358e-01,4.355605344298201231e-01,9.755738033270943133e-01,1.140639827870250755e+00,1.897105291412463979e+00,-6.311962507526300215e+01,-7.379939686320523151e+01,-1.227427123543864269e+02
2.420149418999990303e+02,2.395423320006313972e+00,6.416333260494062607e-01,1.999828618055228691e-17,1.930925027561652090e-17,-4.711479024090345358e-01,4.355605344298201231e-01,9.626711466016583119e-01,1.164260156738573304e+00,1.859728288652455319e+00,-6.228482318512729421e+01,-7.532763214098569904e+01,-1.203244202758138641e+02
2.421216242999998940e+02,2.395423320006313972e+00,6.416333260494062607e-01,1.067196608540488378e-17,1.030426618638795127e-17,-4.711479024090345358e-01,4.355605344298201231e-01,9.498888704393737559e-01,1.188121550225478495e+00,1.822233800821347671e+00,-6.145780991742748256e+01,-7.687146429958846738e+01,-1.178985269131411968e+02
2.422266674999991665e+02,2.395423320006313972e+00,6.416333260494062607e-01,5.653954368959908377e-18,5.459148797626983522e-18,-4.711479024090345358e-01,4.355605344298201231e-01,9.372289933098202352e-01,1.212213750208962937e+00,1.784654523670055726e+00,-6.063871586714537187e+01,-7.843022963851990426e+01,-1.154671476814526159e+02
2.423312516000005417e+02,2.395423320006313972e+00,6.416333260494062607e-01,3.017517040713167274e-18,2.913549252371942360e-18,-4.711479024090345358e-01,4.355605344298201231e-01,9.246935143543542068e-01,1.236526399342281257e+00,1.747023226887059577e+00,-5.982767037872672233e+01,-8.000325803744560460e+01,-1.130324027795927577e+02
2.424356697999992321e+02,2.395423320006313972e+00,6.416333260494062607e-01,1.611893511857038320e-18,1.556356127574449971e-18,-4.711479024090345358e-01,4.355605344298201231e-01,9.122844130704187426e-01,1.261049045506559052e+00,1.709372725522714243e+00,-5.902480152565609473e+01,-8.158987324427437215e+01,-1.105964153413196129e+02
2.425396289999989676e+02,2.395423320006313972e+00,6.416333260494062607e-01,8.615102162905672089e-19,8.318270991407359716e-19,-4.711479024090345358e-01,4.355605344298201231e-01,9.000036489989539090e-01,1.285771146304281576e+00,1.671735851374108739e+00,-5.823023609023231728e+01,-8.318939316588702582e+01,-1.081613095839048384e+02
2.426474170999990747e+02,2.395423320006313972e+00,6.416333260494062607e-01,4.621935107462474059e-19,4.462687499413850237e-19,-4.711479024090345358e-01,4.355605344298201231e-01,8.878531614149767215e-01,1.310682073591417307e+00,1.634145424355125886e+00,-5.744409954354899384e+01,-8.480113016136469639e+01,-1.057292089557766559e+02
2.427508199000003515e+02,2.395423320006313972e+00,6.416333260494062607e-01,2.430712556642962799e-19,2.346962968754078094e-19,-4.711479024090345358e-01,4.355605344298201231e-01,8.758348690213261234e-01,1.335771118046624295e+00,1.596634223877132719e+00,-5.666651602567980461e+01,-8.642439133761659775e+01,-1.033022342848504849e+02
2.428555507000000944e+02,2.395423320006313972e+00,6.416333260494062607e-01,1.306306215709842913e-19,1.261297764618660476e-19,-4.711479024090345358e-01,4.355605344298201231e-01,8.639506696456916712e-01,1.361027493775142982e+00,1.559234960264719749e+00,-5.589760832607625218e+01,-8.805847884725174879e+01,-1.008825019291273719e+02
2.429605683999998291e+02,2.395423320006313972e+00,6.416333260494062607e-01,6.968750483873646320e-20,6.728643944114405268e-20,-4.711479024090345358e-01,4.355605344298201231e-01,8.522024399409204864e-01,1.386440342945734816e+00,1.521980246231884770e+00,-5.513749786417756127e+01,-8.970269018858904531e+01,-9.847212193120294899e+01
2.430640686000006099e+02,2.395423320006313972e+00,6.416333260494062607e-01,3.722462385078357748e-20,3.594205882749366223e-20,-4.711479024090345358e-01,4.355605344298201231e-01,8.405920350886697534e-01,1.411998740458541235e+00,1.484902568443225102e+00,-5.438630467023693882e+01,-9.135631850766762341e+01,-9.607319617827667457e+01
2.431691283000000112e+02,2.395423320006313972e+00,6.416333260494062607e-01,1.995875444890398718e-20,1.927108059980860616e-20,-4.711479024090345358e-01,4.355605344298201231e-01,8.291212885064640492e-01,1.437691698641779592e+00,1.448034259185153827e+00,-5.364414736636822312e+01,-9.301865290212315074e+01,-9.368781656927946244e+01
2.432755273000002489e+02,2.395423320006313972e+00,6.416333260494062607e-01,1.065044394679526554e-20,1.028348558763425452e-20,-4.711479024090345358e-01,4.355605344298201231e-01,8.177920115581588378e-01,1.463508171975430372e+00,1.411407468171540502e+00,-5.291114314781287931e+01,-9.468897872681034755e+01,-9.131806319069868039e+01
2.433804841999990458e+02,2.395423320006313972e+00,6.416333260494062607e-01,5.640300934225143422e-21,5.445965788541345768e-21,-4.711479024090345358e-01,4.355605344298201231e-01,8.066059932679169320e-01,1.489437061839737453e+00,1.375054134508825410e+00,-5.218740776443422646e+01,-9.636657790103102172e+01,-8.896600250272101107e+01
2.434851583999989089e+02,2.395423320006313972e+00,6.416333260494062607e-01,3.013584951156120013e-21,2.909752641968545784e-21,-4.711479024090345358e-01,4.355605344298201231e-01,7.955650000376992548e-01,1.515467221286592059e+00,1.339005958844519784e+00,-5.147305550243914496e+01,-9.805072921724250534e+01,-8.663368553724043863e+01
2.435898555999992823e+02,2.395423320006313972e+00,6.416333260494062607e-01,1.607999995284864791e-21,1.552596761133465977e-21,-4.711479024090345358e-01,4.355605344298201231e-01,7.846707753683248576e-01,1.541587459831602613e+00,1.303294375723822451e+00,-5.076819916633061780e+01,-9.974070865110469697e+01,-8.432314610933131860e+01
2.436941982999996981e+02,2.395423320006313972e+00,6.416333260494062607e-01,8.589976821567590325e-22,8.294011337366150155e-22,-4.711479024090345358e-01,4.355605344298201231e-01,7.739250395841650310e-01,1.567786548264971103e+00,1.267950526178280857e+00,-5.007295006109548297e+01,-1.014357896727436383e+02,-8.203639904373477520e+01
2.437984161000003951e+02,2.395423320006313972e+00,6.416333260494062607e-01,4.580779421575891705e-22,4.422949822301223410e-22,-4.711479024090345358e-01,4.355605344298201231e-01,7.633294895614656239e-01,1.594053223478963499e+00,1.233005230570245470e+00,-4.938741797462682825e+01,-1.031352435590889485e+02,-7.977543841789488965e+01
2.439049298999998427e+02,2.395423320006313972e+00,6.416333260494062607e-01,2.457095446513075364e-22,2.372436842809918335e-22,-4.711479024090345358e-01,4.355605344298201231e-01,7.528857984604027109e-01,1.620376193310006929e+00,1.198488961717106394e+00,-4.871171116038805593e+01,-1.048383397071574592e+02,-7.754223582309678875e+01
2.440095062999989750e+02,2.395423320006313972e+00,6.416333260494062607e-01,1.301972460143871819e-22,1.257113327507341429e-22,-4.711479024090345358e-01,4.355605344298201231e-01,7.425956154608681636e-01,1.646744141393180039e+00,1.164431818318594880e+00,-4.804593632031816952e+01,-1.065443459481387549e+02,-7.533873864521309827e+01
2.441133991999995487e+02,2.395423320006313972e+00,6.416333260494062607e-01,6.945773241226823560e-23,6.706458376565994981e-23,-4.711479024090345358e-01,4.355605344298201231e-01,7.324605655020423045e-01,1.673145732027250476e+00,1.130863498710151793e+00,-4.739019858798214102e+01,-1.082525288621631177e+02,-7.316686836654682224e+01
2.442166030999997020e+02,2.395423320006313972e+00,6.416333260494062607e-01,3.734216421307971823e-23,3.605554936626142939e-23,-4.711479024090345358e-01,4.355605344298201231e-01,7.224822490258087093e-01,1.699569615047836324e+00,1.097813274965669494e+00,-4.674460151196982594e+01,-1.099621540935950179e+02,-7.102851889027881782e+01
2.443213752999999997e+02,2.395423320006313972e+00,6.416333260494062607e-01,2.006660584919033930e-23,1.937521600730817577e-23,-4.711479024090345358e-01,4.355605344298201231e-01,7.126622417240082719e-01,1.726004430707020365e+00,1.065309967371694366e+00,-4.610924703954333381e+01,-1.116724866667442200e+02,-6.892555488894862492e+01
2.444256764000001567e+02,2.395423320006313972e+00,6.416333260494062607e-01,1.069510724858981780e-23,1.032661002663368436e-23,-4.711479024090345358e-01,4.355605344298201231e-01,7.030020942896315628e-01,1.752438814556848801e+00,1.033381919295757623e+00,-4.548423550053916387e+01,-1.133827913018281208e+02,-6.685981017843552365e+01
2.445305272999994486e+02,2.395423320006313972e+00,6.416333260494062607e-01,5.724132367452171568e-24,5.526908830886568255e-24,-4.711479024090345358e-01,4.355605344298201231e-01,6.935033321719417110e-01,1.778861402335040864e+00,1.002056972470583229e+00,-4.486966559152462963e+01,-1.150923327310771498e+02,-6.483308611884673667e+01
2.446359864000005473e+02,2.395423320006313972e+00,6.416333260494062607e-01,3.056862178680098845e-24,2.951538763536701829e-24,-4.711479024090345358e-01,4.355605344298201231e-01,6.841674553355880928e-01,1.805260834850473950e+00,9.713624427155744812e-01,-4.426563436021255171e+01,-1.168003760148256731e+02,-6.284715004369767399e+01
2.447416288000003988e+02,2.395423320006313972e+00,6.416333260494062607e-01,1.626785164744763309e-24,1.570734692318978611e-24,-4.711479024090345358e-01,4.355605344298201231e-01,6.749959380237533502e-01,1.831625762866587070e+00,9.413250961171359954e-01,-4.367223719013684047e+01,-1.185061868574681938e+02,-6.090373371877870312e+01
2.448460109999996348e+02,2.396638276525858480e+00,6.376093911599916009e-01,5.423008505152687037e-03,-1.784626263158381118e-02,-4.687186713358918455e-01,4.322598094162021232e-01,6.659902285253376242e-01,1.857944851980461776e+00,9.119711256881423145e-01,-4.308956778558934531e+01,-1.202090319231358819e+02,-5.900453183202281338e+01
2.449509634000005462e+02,2.396811637959659791e+00,6.378550178669363246e-01,3.671828286722560869e-03,-8.444104236994473545e-03,-4.689741951558450972e-01,4.323450336200901911e-01,6.571517489462685990e-01,1.884206787495523505e+00,8.833261285273017460e-01,-4.251771815682357669e+01,-1.219081791509603789e+02,-5.715120051571642534e+01
2.450549107999995613e+02,2.396741842553746338e+00,6.381744031750885560e-01,1.647824816154294311e-03,-3.086051679970240082e-03,-4.691788268945997764e-01,4.325942640184768928e-01,6.484818949849306957e-01,1.910400279285817682e+00,8.554150834980766005e-01,-4.195677860552501670e+01,-1.236028980697924027e+02,-5.534535590232555791e+01
2.451583709999995335e+02,2.396741842553746338e+00,6.381744031750885560e-01,8.832123920991812212e-04,-1.654083043104866884e-03,-4.691788268945997764e-01,4.325942640184768928e-01,6.399820357117660397e-01,1.936514066649632770e+00,8.282623294467971187e-01,-4.140683771055126527e+01,-1.252924601122312396e+02,-5.358857271520777488e+01
2.452644865000002028e+02,2.396741842553746338e+00,6.381744031750885560e-01,4.736311617433140199e-04,-8.870179815566932736e-04,-4.691788268945997764e-01,4.325942640184768928e-01,6.316535133530920554e-01,1.962536923150562718e+00,8.018915439787317467e-01,-4.086798231394505621e+01,-1.269761389278414185e+02,-5.188238289542394455e+01
2.453691978999995627e+02,2.391367085230188039e+00,6.345479870267638489e-01,-2.367689062101606054e-02,-1.648264770788657185e-02,-4.641941214155781981e-01,4.326372215643697339e-01,6.234976430791341340e-01,1.988457661443785884e+00,7.763257228109681218e-01,-4.034029750721997942e+01,-1.286532106954129517e+02,-5.022827426586963639e+01
2.454740868999997474e+02,2.379000263604513776e+00,6.257782154065545388e-01,-6.872674618846791317e-02,-4.746373273721434666e-02,-4.524674518398806855e-01,4.322864558402650381e-01,6.155157127963544195e-01,2.014265138085591378e+00,7.515871597197156806e-01,-3.982386661792413207e+01,-1.303229544341377562e+02,-4.862768923386560971e+01
2.455784478000005038e+02,2.365386683340259033e+00,6.120094080298330574e-01,-9.995631667103997697e-02,-8.598257613098271579e-02,-4.367156402721967257e-01,4.287597987902689867e-01,6.077089829440740498e-01,2.039948258323932784e+00,7.276974270998530780e-01,-3.931877119648159180e+01,-1.319846523135584562e+02,-4.708202353336049839e+01
2.456828377999991062e+02,2.369272226371406553e+00,5.544940169332476243e-01,-3.961815148462619063e-02,-3.028143641283822518e-01,-3.971804086351802821e-01,3.869254938759656426e-01,6.000786862954332612e-01,2.065495980868194081e+00,7.046773571534543645e-01,-3.882509100331453311e+01,-1.336375899621721715e+02,-4.559262500782850225e+01
2.457875313999993523e+02,2.362413493636493556e+00,4.882262540674345841e-01,-6.068006358507865849e-02,-4.543373134301726401e-01,-3.473683798768178455e-01,3.430744581318667108e-01,5.926260277627297679e-01,2.090897322635785205e+00,6.825470237238442373e-01,-3.834290399624861578e+01,-1.352810567745353012e+02,-4.416079243493272344e+01
2.458914869000000181e+02,2.287355669378813516e+00,4.317272568977558733e-01,-4.588261969438663934e-01,-4.890152205498568549e-01,-2.835559014033411929e-01,3.255525689159886604e-01,5.853521842071380821e-01,2.116141363473940551e+00,6.613257247908299608e-01,-3.787228631820183722e+01,-1.369143462167639598e+02,-4.278777439396669990e+01
2.459956791000004159e+02,2.220879201775107781e+00,3.926348618515973499e-01,-6.403987209132592229e-01,-4.248222739850604501e-01,-2.376431842480671575e-01,3.125505586647737144e-01,5.782583042528748329e-01,2.141217250854238419e+00,6.410319656426630708e-01,-3.741331228516100538e+01,-1.385367561302692252e+02,-4.147476817708029984e+01
2.461007623999994394e+02,2.138729871890937773e+00,3.473495456569326012e-01,-8.529048464580666344e-01,-4.113263472711083946e-01,-1.868362456607938205e-01,2.928206348184106411e-01,5.713455081058234075e-01,2.166114204538232002e+00,6.216834427390787177e-01,-3.696605437444677733e+01,-1.401475890336236034e+02,-4.022291874521839361e+01
2.462051934999999503e+02,2.032889057836098523e+00,2.544653007109111686e-01,-1.348234769531265975e+00,-6.050963664691202393e-01,-1.134463133517570332e-01,2.277773545653505038e-01,5.646148873766276832e-01,2.190821521211861356e+00,6.032970282797529560e-01,-3.653058321326781055e+01,-1.417461524224074481e+02,-3.903331772970001623e+01
2.463111195999990741e+02,1.836171013864208668e+00,1.683335889672099017e-01,-2.762703873669100751e+00,-6.437834874297539978e-01,-4.414899471388783470e-02,1.624409537042142415e-01,5.580675049083276829e-01,2.215328579086890404e+00,5.858887554915181983e-01,-3.610696756756880177e+01,-1.433317590669218191e+02,-3.790700248030123021e+01
2.464159688999989157e+02,1.836171013864208668e+00,0.000000000000000000e+00,0.000000000000000000e+00,0.000000000000000000e+00,-0.000000000000000000e+00,0.000000000000000000e+00,5.517043946085133932e-01,2.239624842467256460e+00,5.694738046470984028e-01,-3.569527433117081472e+01,-1.449037273076314989e+02,-3.684495516066726850e+01
2.465222087999991345e+02,1.836171013864208668e+00,0.000000000000000000e+00,0.000000000000000000e+00,0.000000000000000000e+00,-0.000000000000000000e+00,0.000000000000000000e+00,5.455265612860644708e-01,2.263699866278403139e+00,5.540664898277130046e-01,-3.529556851520837313e+01,-1.464613813482126830e+02,-3.584810189185303386e+01
2.466272350999988703e+02,1.836171013864208668e+00,0.000000000000000000e+00,0.000000000000000000e+00,0.000000000000000000e+00,-0.000000000000000000e+00,0.000000000000000000e+00,5.395349804924782777e-01,2.287543300557700388e+00,5.396802464410064282e-01,-3.490791323786334743e+01,-1.480040515460832182e+02,-3.491731194473311461e+01
2.467319239999997080e+02,1.836171013864208668e+00,0.000000000000000000e+00,0.000000000000000000e+00,0.000000000000000000e+00,-0.000000000000000000e+00,0.000000000000000000e+00,5.337305983678173327e-01,2.311144894903889746e+00,5.263276195051218576e-01,-3.453236971439778102e+01,-1.495310747002816640e+02,-3.405339698198138620e+01
2.468364213000004384e+02,1.836171013864208668e+00,0.000000000000000000e+00,0.000000000000000000e+00,0.000000000000000000e+00,-0.000000000000000000e+00,0.000000000000000000e+00,5.281143314913085973e-01,2.334494502883812661e+00,5.140202527093140628e-01,-3.416899724748766687e+01,-1.510417943365826829e+02,-3.325711035029262064e+01
2.469410439999992377e+02,-1.206885709440390420e+00,1.680411239284397562e-01,3.563649971921187265e-02,7.958610857103389780e-01,5.981112336270233421e-02,-1.570364570831399298e-01,5.226870667365963730e-01,2.357582086394391929e+00,5.027688782604329276e-01,-3.381785321785778820e+01,-1.525355609897171689e+02,-3.252914642345001539e+01
2.470447927999994135e+02,-1.368209720571609722e+00,2.045392725109386467e-01,-2.379148600507494660e-01,5.907262176522467545e-01,4.115406040370844093e-02,-2.003563258586859297e-01,5.174496611316998784e-01,2.380397719978089910e+00,4.925833075243057912e-01,-3.347899307522098411e+01,-1.540117324825824312e+02,-3.187013999682258714e+01
2.471500180000002729e+02,-1.488774758660300845e+00,2.464784828702221431e-01,-3.966296197406325441e-01,5.117742764799230182e-01,2.019389136481001060e-02,-2.456498509455127821e-01,5.124029417236783956e-01,2.402931595089851768e+00,4.834724224700703843e-01,-3.315247032952199646e+01,-1.554696742023134277e+02,-3.128066573381355653e+01
2.472592924000000494e+02,-1.526920535717596339e+00,2.667087353011931006e-01,-3.129192532255103409e-01,3.653988161560631776e-01,1.169830253420761114e-02,-2.664520579837582059e-01,5.075477054480284078e-01,2.425174024313915933e+00,4.754441679249816755e-01,-3.283833654248743983e+01,-1.569087593731103709e+02,-3.076123766474631438e+01
2.473630778000006103e+02,-1.541496745098324350e+00,2.737476858403888325e-01,-2.110451732954942983e-01,2.224120210634991102e-01,8.019545153475492183e-03,-2.736301927757600061e-01,5.028847190028442604e-01,2.447115445528384114e+00,4.685055446463757267e-01,-3.253664131948402627e+01,-1.583283693256864524e+02,-3.031230873862051212e+01
2.474667984999996406e+02,-1.540368956088212560e+00,2.733953585791705776e-01,-1.087316101031507859e-01,1.176242258116032557e-01,8.317418374180676061e-03,-2.732688102294553723e-01,4.984147187277394586e-01,2.468746426016128481e+00,4.626626032169351976e-01,-3.224743230168474639e+01,-1.597278937632435145e+02,-2.993427042813570793e+01
2.475718849000004411e+02,-1.540174549514305546e+00,2.732325503299527503e-01,-5.753112674628921286e-02,6.235994571652481860e-02,8.365558770982467474e-03,-2.731044561816218241e-01,4.941384104875750083e-01,2.490057666519871038e+00,4.579204387684678856e-01,-3.197075515854610472e+01,-1.611067310238356640e+02,-2.962745238831987393e+01
2.476807776000005106e+02,-1.539674018116594212e+00,2.730837540370540939e-01,-2.854040966791538195e-02,3.259928527910443269e-02,8.497624935913300481e-03,-2.729515105095020600e-01,4.900564695609948007e-01,2.511040005240039896e+00,4.542831865388887724e-01,-3.170665358059636674e+01,-1.624642883390305883e+02,-2.939212216906610564e+01
2.477849872999995569e+02,-1.539108275690475036e+00,2.728500992692292626e-01,-1.255440490192000214e-02,1.608976797279488766e-02,8.644640992374982846e-03,-2.727131218943107949e-01,4.861695405337893572e-01,2.531684421773420901e+00,4.517540182662271864e-01,-3.145516927253617112e+01,-1.637999820887403359e+02,-2.922848498182489863e+01
2.478896320000003470e+02,-1.538783864213393082e+00,2.726104142843917555e-01,-5.279972008231049486e-03,7.531514377909122836e-03,8.725440206477360489e-03,-2.724707409420521476e-01,4.824782371971132466e-01,2.551982040991097378e+00,4.503351394228281013e-01,-3.121634194665322681e+01,-1.651132380521240179e+02,-2.913668352065698031e+01
2.479943279999988590e+02,-1.538582885051023696e+00,2.724479190778727467e-01,-1.931371883421319690e-03,3.302201069301760779e-03,8.774967346572888280e-03,-2.723065709047978178e-01,4.789831424505526236e-01,2.571924136853903420e+00,4.500277872921405464e-01,-3.099020931655075728e+01,-1.664034916544475493e+02,-2.911679783780149577e+01
2.480992790000000241e+02,-1.538133127020264279e+00,2.723838100318337063e-01,9.669368294758864685e-04,1.477397848741509234e-03,8.895344887772585821e-03,-2.722385219008978674e-01,4.756848082100848529e-01,2.591502136163776893e+00,4.508322298897926572e-01,-3.077680709119249158e+01,-1.676701882097963789e+02,-2.916884527386958581e+01
2.482040648000001966e+02,-1.537643367170239861e+00,2.722594795662170997e-01,2.692307002929919882e-03,2.355869968926451786e-04,9.024554145391990717e-03,-2.721098705231845827e-01,4.725837553209215613e-01,2.610707622249448967e+00,4.527477657298770719e-01,-3.057616896926362671e+01,-1.689127831595393445e+02,-2.929278044272304626e+01
2.483098155999996379e+02,-1.537587894725308324e+00,2.721737471859368429e-01,1.682953839511344826e-03,-2.553641035682129284e-04,9.036802216637029525e-03,-2.720236843786431047e-01,4.696804734752624277e-01,2.629532338584764872e+00,4.557727244366589492e-01,-3.038832663384948063e+01,-1.701307423064342856e+02,-2.948849527105183554e+01
2.484147572000001674e+02,-1.537587894725308324e+00,2.721737471859368429e-01,8.950898161060580121e-04,-1.358170397408687896e-04,9.036802216637029525e-03,-2.720236843786431047e-01,4.669754211349674833e-01,2.647968192338230775e+00,4.599044682011617091e-01,-3.021330974743239750e+01,-1.713235420442835277e+02,-2.975581909261516245e+01
2.485178751999992528e+02,-1.537587894725308324e+00,2.721737471859368429e-01,4.783274732955871463e-04,-7.257933257732259900e-05,9.036802216637029525e-03,-2.720236843786431047e-01,4.644690254591592460e-01,2.666007257852146317e+00,4.651393940813850492e-01,-3.005114594720760479e+01,-1.724906695830338776e+02,-3.009451879706561428e+01
2.486225623999998788e+02,-1.537587894725308324e+00,2.721737471859368429e-01,2.569464662723141375e-04,-3.898794042010159859e-05,9.036802216637029525e-03,-2.720236843786431047e-01,4.621616822367695665e-01,2.683641780049904835e+00,4.714729371441208627e-01,-2.990186084071899231e+01,-1.736316231692288454e+02,-3.050429903322462266e+01
2.487263151999995898e+02,-1.537587894725308324e+00,2.721737471859368429e-01,1.373722657502111965e-04,-2.084427075470034977e-05,9.036802216637029525e-03,-2.720236843786431047e-01,4.600537558240407332e-01,2.700864177769894070e+00,4.788995744456328030e-01,-2.976547800181543835e+01,-1.747459123017121669e+02,-3.098480246663244486e+01
2.488302256999995734e+02,-1.525869758007519561e+00,2.787458714651261937e-01,5.122638792082414433e-02,2.945576549328766947e-02,1.251888323148878795e-02,-2.784646089209344977e-01,4.581455790869888300e-01,2.717667047024725946e+00,4.874128298477669041e-01,-2.964201896692817684e+01,-1.758330579424997779e+02,-3.153561009115052016e+01
2.489384520000003249e+02,-1.421745998131143107e+00,3.609896842864253608e-01,3.745027234515930226e-01,3.900597186097560232e-01,5.360662794751377275e-02,-3.569872289050546321e-01,4.564374533488420038e-01,2.734043164184174035e+00,4.970052796652117966e-01,-2.953150323167007940e+01,-1.768925927227160741e+02,-3.215624159433920681e+01
2.490422073999998247e+02,-1.365374935652885258e+00,4.092167829152080771e-01,3.631543876542583926e-01,4.228171675479824865e-01,8.347192047913261359e-02,-4.006130476045405842e-01,4.549296483424549731e-01,2.749985489080725820e+00,5.076685591390908137e-01,-2.943394824775683816e+01,-1.779240611435229766e+02,-3.284615577629917738e+01
2.491466469999995752e+02,-1.309042928225343294e+00,4.133753386622275872e-01,4.105325459850258651e-01,2.522660944701979879e-01,1.069710472727512240e-01,-3.992948355031432084e-01,4.536224021677173202e-01,2.765487168036115051e+00,5.193933697311396980e-01,-2.934936942025131046e+01,-1.789270197719366422e+02,-3.360475102160474137e+01
2.492510615999999573e+02,-1.232305307696153429e+00,4.244514256850255851e-01,5.215357341153789017e-01,1.962437092811029349e-01,1.409450866982261963e-01,-4.003667010400344117e-01,4.525159212539537901e-01,2.780541536807799918e+00,5.321694872321800496e-01,-2.927778010513081242e+01,-1.799010374314646583e+02,-3.443136582392205014e+01
2.493556258999997226e+02,-1.165987256021873142e+00,4.355830619852070207e-01,5.430736783834798631e-01,1.663512067548657269e-01,1.715514573494232309e-01,-4.003781979200387586e-01,4.516103803273276984e-01,2.795142123453911331e+00,5.459857706777648811e-01,-2.921919160717810371e+01,-1.808456953874680835e+02,-3.532527936285138992e+01
2.494591731000000436e+02,-1.123224491904303513e+00,4.433032001859267268e-01,4.635661878558455795e-01,1.304230605652152708e-01,1.918517924639029648e-01,-3.996381075716770592e-01,4.509059223832487806e-01,2.809282651115593499e+00,5.608301720632735687e-01,-2.917361317819619870e+01,-1.817605875271788989e+02,-3.628571213249379923e+01
2.495657828999992489e+02,-1.106540371082243013e+00,4.458725305843144193e-01,3.189139864534903945e-01,8.360059903316635621e-02,1.996428296067475627e-01,-3.986791367958342769e-01,4.504026586637925877e-01,2.822957040715448507e+00,5.766897468499680990e-01,-2.914105201554738045e+01,-1.826453205342895387e+02,-3.731182662119293525e+01
2.496709790999993857e+02,-1.106412226612310423e+00,4.456726957311457626e-01,1.693099987584231469e-01,4.334739479304004078e-02,1.996044160163961689e-01,-3.984748785394380266e-01,4.501006686401345380e-01,2.836159413570955135e+00,5.935506652528022009e-01,-2.912151326101670534e+01,-1.834995140580408020e+02,-3.840272804185630662e+01
2.497755703000002541e+02,-1.106146540108365883e+00,4.455483608184316879e-01,9.145684630171005414e-02,2.256828655757030927e-02,1.996545626814467123e-01,-3.983106795310309978e-01,4.500000000000001776e-01,2.848884093921758343e+00,6.113982243002062944e-01,-2.911500000000001265e+01,-1.843228008767377730e+02,-3.955746511222334760e+01
2.498790740000004007e+02,-1.106012095548023488e+00,4.453505988384787728e-01,4.944686913182098215e-02,1.117263238054780859e-02,1.996194687421878888e-01,-3.981070504084024964e-01,4.501006686401345380e-01,2.861125611369677912e+00,6.302168606553073538e-01,-2.912151326101670534e+01,-1.851148270556181785e+02,-4.077503088439839019e+01
2.499844479999992473e+02,-1.105746115330527246e+00,4.452263077013309256e-01,2.777193348839979495e-02,5.451534171107717472e-03,1.996696097216648091e-01,-3.979428501970581622e-01,4.504026586637928098e-01,2.872878703230476560e+00,6.499901641873615521e-01,-2.914105201554739466e+01,-1.858752520990118455e+02,-4.205436362292229546e+01
2.500871226999988721e+02,-1.105481317335563318e+00,4.451018518925538014e-01,1.597127247340605558e-02,2.353209921256328371e-03,1.997191333273453662e-01,-3.977787404338685162e-01,4.509059223832490026e-01,2.884138316796303947e+00,6.707008922816493079e-01,-2.917361317819621291e+01,-1.866037490967208612e+02,-4.339434773062271233e+01
2.501898275999992620e+02,-1.105351194526095426e+00,4.449022633145399142e-01,9.192629156900075302e-03,3.722439370734869149e-04,1.996813122531421181e-01,-3.975743923333888152e-01,4.516103803273279205e-01,2.894899611507890214e+00,6.923309848753129714e-01,-2.921919160717811792e+01,-1.873000048645604920e+02,-4.479381472143275289e+01
2.502963777000004484e+02,-1.105175673057607000e+00,4.448464709275100626e-01,5.748401791823805514e-03,-4.958286503689405839e-05,1.997260424933865741e-01,-3.974894849509732486e-01,4.525159212539540121e-01,2.905157961035502723e+00,7.148615802059707924e-01,-2.927778010513082663e+01,-1.879637200789970279e+02,-4.625154423932631431e+01
2.504013130000003002e+02,-1.104909184502550268e+00,4.447222684908476165e-01,4.209089599103103992e-03,-5.722674208167046177e-04,1.997761681301367109e-01,-3.973252807699063638e-01,4.536224021677177642e-01,2.914908955267858648e+00,7.382730312594759647e-01,-2.934936942025133888e+01,-1.885946094058304539e+02,-4.776626512248810030e+01
2.505062146999989636e+02,-1.104776203086639708e+00,4.445233221384111144e-01,2.843994110723320565e-03,-1.192097486366386653e-03,1.997396098067330261e-01,-3.971209792987820397e-01,4.549296483424554172e-01,2.924148402208006203e+00,7.625449229023583131e-01,-2.943394824775686658e+01,-1.891924016228580001e+02,-4.933665651178258571e+01
2.506100551999988966e+02,-1.104776203086639708e+00,4.445233221384111144e-01,1.516131782578013665e-03,-6.355065505222739098e-04,1.997396098067330261e-01,-3.971209792987820397e-01,4.564374533488426700e-01,2.932872329775534581e+00,7.876560896842053072e-01,-2.953150323167012203e+01,-1.897568397364771045e+02,-5.096134900256808464e+01
2.507137523999990663e+02,-1.104776203086639708e+00,4.445233221384111144e-01,8.135576410412784535e-04,-3.410133710343067224e-04,1.997396098067330261e-01,-3.971209792987820397e-01,4.581455790869897182e-01,2.941076987514149366e+00,8.135846342941555065e-01,-2.964201896692823723e+01,-1.902876810921654851e+02,-5.263892583883186660e+01
2.508231904999993276e+02,-1.104776203086639708e+00,4.445233221384111144e-01,4.361726791022349200e-04,-1.828275074195649056e-04,1.997396098067330261e-01,-3.971209792987820397e-01,4.600537558240409552e-01,2.948758848204036553e+00,8.403079466557630273e-01,-2.976547800181545256e+01,-1.907846974788011778e+02,-5.436792414862787126e+01
2.509269184000004316e+02,-1.104776203086639708e+00,4.445233221384111144e-01,2.279081356174432471e-04,-9.553068853680020888e-05,1.997396098067330261e-01,-3.971209792987820397e-01,4.621616822367702326e-01,2.955914609378213598e+00,8.678027236432859226e-01,-2.990186084071903494e+01,-1.912476752267704398e+02,-5.614683621972060479e+01
2.510311251000002812e+02,-1.104776203086639708e+00,4.445233221384111144e-01,1.224278612109786825e-04,-5.131724607323524421e-05,1.997396098067330261e-01,-3.971209792987820397e-01,4.644690254591601342e-01,2.962541194742282169e+00,8.960449894023165829e-01,-3.005114594720766164e+01,-1.916764152998256634e+02,-5.797411081432988311e+01
2.511362811999988480e+02,-1.104776203086639708e+00,4.445233221384111144e-01,6.551475595094643611e-05,-2.746137046998565551e-05,1.997396098067330261e-01,-3.971209792987820397e-01,4.669754211349694817e-01,2.968635755496940032e+00,9.250101162571634505e-01,-3.021330974743252540e+01,-1.920707333806520296e+02,-5.984815452183848095e+01
2.512416107999997621e+02,-1.104776203086639708e+00,4.445233221384111144e-01,3.490979986941403072e-05,-1.463290114313837101e-05,1.997396098067330261e-01,-3.971209792987820397e-01,4.696804734752642041e-01,2.974195671562699594e+00,9.546728461865114923e-01,-3.038832663384959432e+01,-1.924304599501066662e+02,-6.176733314826729782e+01
2.513467523999988771e+02,-1.104776203086639708e+00,4.445233221384111144e-01,1.860459408176104275e-05,-7.798359974132849093e-06,1.997396098067330261e-01,-3.971209792987820397e-01,4.725837553209228936e-01,2.979218552706258460e+00,9.850073128487485397e-01,-3.057616896926371197e+01,-1.927554403600949229e+02,-6.372997314131403357e+01
2.514539009000000078e+02,-1.104776203086639708e+00,4.445233221384111144e-01,9.913149439886731145e-06,-4.155226793440076536e-06,1.997396098067330261e-01,-3.971209792987820397e-01,4.756848082100868513e-01,2.983702239568082781e+00,1.015987064137900298e+00,-3.077680709119261948e+01,-1.930455349000549745e+02,-6.573436304972214828e+01
2.515592443999994430e+02,-1.104776203086639708e+00,4.445233221384111144e-01,5.231567717368558134e-06,-2.192880323526562359e-06,1.997396098067330261e-01,-3.971209792987820397e-01,4.789831424505548441e-01,2.987644804590719794e+00,1.047585085250143155e+00,-3.099020931655089939e+01,-1.933006188570195718e+02,-6.777875501568426841e+01
2.516647300999993604e+02,-1.104776203086639708e+00,4.445233221384111144e-01,2.784817648572247058e-06,-1.167292894993864926e-06,1.997396098067330261e-01,-3.971209792987820397e-01,4.824782371971154671e-01,2.991044552847467841e+00,1.079773822241219206e+00,-3.121634194665337247e+01,-1.935205825692311805e+02,-6.986136629900688888e+01
2.517692685000001802e+02,-1.104776203086639708e+00,4.445233221384111144e-01,1.482873367678916681e-06,-6.215658490798013068e-07,1.997396098067330261e-01,-3.971209792987820397e-01,4.861695405337920217e-01,2.993900022771030844e+00,1.112525206053824878e+00,-3.145516927253634520e+01,-1.937053314732856961e+02,-7.198038083168246715e+01
2.518738534999993135e+02,-1.104776203086639708e+00,4.445233221384111144e-01,7.933923098260782495e-07,-3.325608075909627349e-07,1.997396098067330261e-01,-3.971209792987820397e-01,4.900564695609963550e-01,2.996209986781852130e+00,1.145810676994278410e+00,-3.170665358059646621e+01,-1.938547861447858338e+02,-7.413395080152982075e+01
2.519817892999999458e+02,-1.104776203086639708e+00,4.445233221384111144e-01,4.236601838385257705e-07,-1.775827306825816422e-07,1.997396098067330261e-01,-3.971209792987820397e-01,4.941384104875778949e-01,2.997973451815858503e+00,1.179601209636932158e+00,-3.197075515854628946e+01,-1.939688823324860607e+02,-7.632019826350951064e+01
2.520871683999994275e+02,-1.104776203086639708e+00,4.445233221384111144e-01,2.231891159868981720e-07,-9.355264947600354647e-08,1.997396098067330261e-01,-3.971209792987820397e-01,4.984147187277423452e-01,2.999189659751379189e+00,1.213867338134888119e+00,-3.224743230168493113e+01,-1.940475709859142341e+02,-7.853721677732725936e+01
2.521927971000004618e+02,-1.104776203086639708e+00,4.445233221384111144e-01,1.188116214220170602e-07,-4.980145166766145050e-08,1.997396098067330261e-01,-3.971209792987820397e-01,5.028847190028473690e-01,2.999858087735072232e+00,1.248579181914525105e+00,-3.253664131948422522e+01,-1.940908182764591743e+02,-8.078307306986977210e+01
2.522977246999998897e+02,-1.104776203086639708e+00,4.445233221384111144e-01,6.319430956988575133e-08,-2.648872489112160891e-08,1.997396098067330261e-01,-3.971209792987820397e-01,5.075477054480315164e-01,2.999978448406694920e+00,1.283706471731918430e+00,-3.283833654248763878e+01,-1.940986056119131717e+02,-8.305580872105512924e+01
