time_s,segment,k,phi_rad,theta_rad,phi_dot_rad_s,theta_dot_rad_s,phi_deg,theta_deg,bx_rad,by_rad,bx_deg,by_deg,T1_N,T2_N,T3_N,I1_mA,I2_mA,I3_mA
0.39596890000029816,circle_tension,0,-2.393890258112588,0.4168383467542796,-0.3342036368904788,0.09261655149458745,-137.15980840733457,23.88307800823096,-0.30564799849624336,-0.2834316643215459,-17.512340330455675,-16.239438145993255,2.6,0.35,0.35,-168.22000000000003,-22.645,-22.645
0.5072592000005898,circle_tension,1,-2.697742348106246,0.5200273148691541,-0.5121621649204589,0.2673995906166538,-154.56925076020045,29.79537037352329,-0.4696392493790017,-0.22331006169169856,-26.908346883108766,-12.794724057740373,2.6,0.35,0.35,-168.22000000000003,-22.645,-22.645
0.6161793000001126,circle_tension,2,-2.9127063010843446,0.6657137673031308,-0.8776027576998159,0.8455182308067026,-166.88577801329419,38.14258923022358,-0.6483517377423106,-0.1510458345782933,-37.1478182126072,-8.654288834367398,2.6,0.35,0.35,-168.22000000000003,-22.645,-22.645
0.7206128000007084,circle_tension,3,-3.0056950538278477,0.7774151978000675,-0.6874836045850199,0.9714494409655929,-172.21364108768248,44.54260976327195,-0.7702475259299475,-0.1053239695858117,-44.13193241617943,-6.034618938831255,2.6,0.35,0.35,-168.22000000000003,-22.645,-22.645
0.8294875999999931,circle_tension,4,-3.051601378931831,0.8427718889637001,-0.4991012910654902,0.8269191686402713,-174.84387976909616,48.28727232988806,-0.8393616270066112,-0.07573979097051878,-48.09187871271284,-4.339570363813787,2.6,0.35,0.35,-168.22000000000003,-22.645,-22.645
0.934939800000393,circle_tension,5,-3.0606477437039104,0.8454581659483915,-0.2955384741558929,0.4473303072154466,-175.36219829047215,48.441184663714004,-0.842689923812978,-0.0683608270348972,-48.28257607268453,-3.916786873123427,2.6,0.35,0.35,-168.22000000000003,-22.645,-22.645
1.043077500000436,circle_tension,6,-3.06137657515597,0.8454645466742374,-0.16057263512829828,0.2385833968153976,-175.40395725665155,48.44155025237521,-0.8427458837210323,-0.06774714130005861,-48.28578233923798,-3.8816252705697916,2.6,0.35,0.35,-168.22000000000003,-22.645,-22.645
1.1478801000002932,circle_tension,7,-3.0604105975356135,0.8441176169759302,-0.08045538512554452,0.11945936186661409,-175.34861081590103,48.36437686536137,-0.8413375546727455,-0.06845195677559705,-48.20509102860547,-3.92200822265365,2.6,0.35,0.35,-168.22000000000003,-22.645,-22.645
1.2527313000000504,circle_tension,8,-3.059181576807744,0.8422737833093322,-0.03761060175361861,0.05545810552493941,-175.27819311526002,48.258732978141175,-0.839415214471068,-0.06933414573431221,-48.09494904826102,-3.9725539267210697,2.6,0.35,0.35,-168.22000000000003,-22.645,-22.645
1.358259900000121,circle_tension,9,-3.0580573406691722,0.8406916053492139,-0.015161403110530285,0.02257546202615968,-175.21377912934378,48.16808085858778,-0.8377600752308011,-0.07014578856867268,-48.00011655528724,-4.0190576356019605,2.6,0.35,0.35,-168.22000000000003,-22.645,-22.645
1.4636930000006032,circle_tension,10,-3.05717764977062,0.8393108405162557,-0.0041857172393697266,0.005884754651393928,-175.16337655358063,48.08896886115919,-0.8363221963116437,-0.0707663123567426,-47.91773216176869,-4.054611029745837,2.6,0.35,0.35,-168.22000000000003,-22.645,-22.645
1.571463300000687,circle_tension,11,-3.0561047243585695,0.8378272482439144,0.0025313468903820757,-0.00344785360039782,-175.10190245573781,48.00396528543581,-0.8347676135883925,-0.07153690798399213,-47.82866113282244,-4.098762906898472,2.6,0.35,0.35,-168.22000000000003,-22.645,-22.645
1.6894720999998754,circle_tension,12,-3.0555787365606086,0.8367666503106953,0.0034575453763096542,-0.006132803851777989,-175.07176557483928,47.94319750010206,-0.8336731935838507,-0.07188486191045218,-47.76595548554751,-4.1186991983496375,2.6,0.35,0.35,-168.22000000000003,-22.645,-22.645
1.7978587000006883,circle_tension,13,-3.0548055490999797,0.8356469211448536,0.005282032119159771,-0.00823187857096513,-175.02746519657282,47.879041744701624,-0.8325018490116839,-0.07243236991153054,-47.69884238520679,-4.150069096061072,2.6,0.35,0.35,-168.22000000000003,-22.645,-22.645
1.9024341000003915,circle_tension,14,-3.05433006377482,0.8348521175490041,0.004868738661239888,-0.007810869316224564,-175.00022189422074,47.83350285311763,-0.8316755349789168,-0.07275893548966125,-47.6514980785768,-4.1687799254222115,2.6,0.35,0.35,-168.22000000000003,-22.645,-22.645
2.0081495000003997,circle_tension,15,-3.0538270310400177,0.8340737321948106,0.004845641782259673,-0.007633586166874771,-174.97140024155965,47.78890465748754,-0.8308634402268382,-0.07310905847980728,-47.60496847671798,-4.18884049506808,2.6,0.35,0.35,-168.22000000000003,-22.645,-22.645
2.113568700000542,circle_tension,16,-3.0533105132406018,0.8334696679971947,0.004864042219718671,-0.00672396304680929,-174.94180595160975,47.754294328409195,-0.8302238554976936,-0.07348494562764982,-47.568322971096975,-4.210377242212667,2.6,0.35,0.35,-168.22000000000003,-22.645,-22.645
2.2177447000003667,circle_tension,17,-3.053044821214683,0.8329583860363573,0.003774199509472968,-0.005851151651773053,-174.9265829198743,47.72500002991204,-0.8296950229689914,-0.07366031311892404,-47.538023099133106,-4.220425059326478,2.6,0.35,0.35,-168.22000000000003,-22.645,-22.645
2.3256578000000445,circle_tension,18,-3.052663843940661,0.832311293055425,0.0037244738929446976,-0.006018339083770705,-174.90475452998245,47.687924333152075,-0.8290223638985762,-0.07391893332300124,-47.49948257334712,-4.2352429055169125,2.6,0.35,0.35,-168.22000000000003,-22.645,-22.645
2.4316572000007,circle_tension,19,-3.052447658763673,0.8318378496973898,0.0029111804827007693,-0.005244104659298019,-174.89236803174774,47.66079802689816,-0.8285348009318803,-0.07405600471229078,-47.47154727310856,-4.243096517615198,2.6,0.35,0.35,-168.22000000000003,-22.645,-22.645
2.5356359000006705,circle_tension,20,-3.052236223443823,0.8316077918930721,0.0024827490532628653,-0.0038021432810203216,-174.88025368028036,47.647616685666705,-0.8282899843984012,-0.07421065477791858,-47.45752031898519,-4.251957313677092,2.6,0.35,0.35,-168.22000000000003,-22.645,-22.645
2.6393744000006336,circle_tension,21,-3.052236223443823,0.8316077918930721,0.00133103528159261,-0.0020383803373350898,-174.88025368028036,47.647616685666705,-0.8282899843984012,-0.07421065477791858,-47.45752031898519,-4.251957313677092,2.6,0.35,0.35,-168.22000000000003,-22.645,-22.645
2.7446491999999125,circle_tension,22,-3.052236223443823,0.8316077918930721,0.0007142145761350372,-0.0010937658593766445,-174.88025368028036,47.647616685666705,-0.8282899843984012,-0.07421065477791858,-47.45752031898519,-4.251957313677092,2.6,0.35,0.35,-168.22000000000003,-22.645,-22.645
2.853708700000425,circle_tension,23,-3.052236223443823,0.8316077918930721,0.00038049994932637106,-0.000582707029475468,-174.88025368028036,47.647616685666705,-0.8282899843984012,-0.07421065477791858,-47.45752031898519,-4.251957313677092,2.6,0.35,0.35,-168.22000000000003,-22.645,-22.645
2.9600405000001047,circle_tension,24,-3.052236223443823,0.8316077918930721,0.00019920872294889254,-0.00030507316334905374,-174.88025368028036,47.647616685666705,-0.8282899843984012,-0.07421065477791858,-47.45752031898519,-4.251957313677092,2.6,0.35,0.35,-168.22000000000003,-22.645,-22.645
3.0651959000006173,circle_tension,25,-3.052236223443823,0.8316077918930721,0.00010562475230420174,-0.00016175635703297007,-174.88025368028036,47.647616685666705,-0.8282899843984012,-0.07421065477791858,-47.45752031898519,-4.251957313677092,2.6,0.35,0.35,-168.22000000000003,-22.645,-22.645
3.1699922000007064,circle_tension,26,-3.052236223443823,0.8316077918930721,5.631312872702986e-05,-8.623931755862387e-05,-174.88025368028036,47.647616685666705,-0.8282899843984012,-0.07421065477791858,-47.45752031898519,-4.251957313677092,2.6,0.35,0.35,-168.22000000000003,-22.645,-22.645
3.275154500000099,circle_tension,27,-3.052236223443823,0.8316077918930721,3.0003944746524783e-05,-4.594878277052588e-05,-174.88025368028036,47.647616685666705,-0.8282899843984012,-0.07421065477791858,-47.45752031898519,-4.251957313677092,2.6,0.35,0.35,-168.22000000000003,-22.645,-22.645
3.382292899999811,circle_tension,28,-3.052236223443823,0.8316077918930721,1.600514839969659e-05,-2.451067995360405e-05,-174.88025368028036,47.647616685666705,-0.8282899843984012,-0.07421065477791858,-47.45752031898519,-4.251957313677092,2.6,0.3806461372257847,0.35,-168.22000000000003,-24.627805078508274,-22.645
3.4890054000006785,circle_tension,29,-3.052236223443823,0.8316077918930721,8.44941444140528e-06,-1.2939642169926458e-05,-174.88025368028036,47.647616685666705,-0.8282899843984012,-0.07421065477791858,-47.45752031898519,-4.251957313677092,2.6,0.4123646986527576,0.35,-168.22000000000003,-26.679996002833416,-22.645
3.5964096000006975,circle_tension,30,-3.052236223443823,0.8316077918930721,4.468247170988015e-06,-6.842784185853604e-06,-174.88025368028036,47.647616685666705,-0.8282899843984012,-0.07421065477791858,-47.45752031898519,-4.251957313677092,2.6,0.44453469246162475,0.35,-168.22000000000003,-28.76139460226712,-22.645
3.7012832999998864,circle_tension,31,-3.052236223443823,0.8316077918930721,2.363158957094794e-06,-3.6190000511298754e-06,-174.88025368028036,47.647616685666705,-0.8282899843984012,-0.07421065477791858,-47.45752031898519,-4.251957313677092,2.6,0.4771807938786606,0.35,-168.22000000000003,-30.87359736394934,-22.645
3.8069265000003725,circle_tension,32,-3.052236223443823,0.8316077918930721,1.2592399546493459e-06,-1.9284311986626812e-06,-174.88025368028036,47.647616685666705,-0.8282899843984012,-0.07421065477791858,-47.45752031898519,-4.251957313677092,2.6,0.5103288527839493,0.35,-168.22000000000003,-33.01827677512152,-22.645
3.912454600000274,circle_tension,33,-3.052236223443823,0.8316077918930721,6.705399576322259e-07,-1.0268814688365073e-06,-174.88025368028036,47.647616685666705,-0.8282899843984012,-0.07421065477791858,-47.45752031898519,-4.251957313677092,2.6,0.5440059830328756,0.35,-168.22000000000003,-35.197187102227055,-22.645
4.016158500000529,circle_tension,34,-3.052236223443823,0.8316077918930721,3.566264023253498e-07,-5.461464893738561e-07,-174.88025368028036,47.647616685666705,-0.8282899843984012,-0.07421065477791858,-47.45752031898519,-4.251957313677092,2.6,0.5782406591140934,0.35,-168.22000000000003,-37.412170644681844,-22.645
4.1232661000003645,circle_tension,35,-3.052236223443823,0.8316077918930721,1.9124528716570857e-07,-2.928777609111482e-07,-174.88025368028036,47.647616685666705,-0.8282899843984012,-0.07421065477791858,-47.45752031898519,-4.251957313677092,2.5870219441080233,0.6129780558919762,0.35,-167.3803197837891,-39.65968021621086,-22.645
4.228284599999824,circle_tension,36,-3.052236223443823,0.8316077918930721,1.0106508249634437e-07,-1.5477356596077845e-07,-174.88025368028036,47.647616685666705,-0.8282899843984012,-0.07421065477791858,-47.45752031898519,-4.251957313677092,2.5526444784601288,0.6473555215398715,0.35,-165.15609775637034,-41.88390224362969,-22.645
4.3347239000004265,circle_tension,37,-3.052236223443823,0.8316077918930721,5.3921244314187915e-08,-8.257632663438513e-08,-174.88025368028036,47.647616685666705,-0.8282899843984012,-0.07421065477791858,-47.45752031898519,-4.251957313677092,2.518835760926025,0.6811642390739747,0.35,-162.96867373191384,-44.07132626808617,-22.645
4.439870900000642,circle_tension,38,-3.052236223443823,0.8316077918930721,2.859276888719642e-08,-4.378767317113564e-08,-174.88025368028036,47.647616685666705,-0.8282899843984012,-0.07421065477791858,-47.45752031898519,-4.251957313677092,2.485566782977449,0.7144332170225509,0.35,-160.81617085864096,-46.22382914135905,-22.645
4.543966799999907,circle_tension,39,-3.052236223443823,0.8316077918930721,1.5239533790645808e-08,-2.333819881306036e-08,-174.88025368028036,47.647616685666705,-0.8282899843984012,-0.07421065477791858,-47.45752031898519,-4.251957313677092,2.452809940466201,0.7471900595337989,0.35,-158.6968031481632,-48.343196851836794,-22.645
4.647902499999873,circle_tension,40,-3.052236223443823,0.8316077918930721,8.15309116234949e-09,-1.2485845374398049e-08,-174.88025368028036,47.647616685666705,-0.8282899843984012,-0.07421065477791858,-47.45752031898519,-4.251957313677092,2.4205389336007905,0.7794610663992095,0.35,-156.60886900397117,-50.43113099602886,-22.645
4.751457700000174,circle_tension,41,-3.052236223443823,0.8316077918930721,4.366629902766939e-09,-6.6871649890223184e-09,-174.88025368028036,47.647616685666705,-0.8282899843984012,-0.07421065477791858,-47.45752031898519,-4.251957313677092,2.3887286745914977,0.811271325408502,0.35,-154.5507452460699,-52.48925475393008,-22.645
4.855413100000078,circle_tension,42,-3.052236223443823,0.8316077918930721,2.344411164551058e-09,-3.590289218127867e-09,-174.88025368028036,47.647616685666705,-0.8282899843984012,-0.07421065477791858,-47.45752031898519,-4.251957313677092,2.3573552022495643,0.8426447977504355,0.35,-152.52088158554682,-54.51911841445318,-22.645
4.96054550000008,circle_tension,43,-3.052236223443823,0.8316077918930721,1.254989948397299e-09,-1.921922634015652e-09,-174.88025368028036,47.647616685666705,-0.8282899843984012,-0.07421065477791858,-47.45752031898519,-4.251957313677092,2.3263956028989803,0.8736043971010197,0.35,-150.51779550756402,-56.522204492435975,-22.645
5.069747500000631,circle_tension,44,-3.052236223443823,0.8316077918930721,6.697777654566482e-10,-1.0257142288951973e-09,-174.88025368028036,47.647616685666705,-0.8282899843984012,-0.07421065477791858,-47.45752031898519,-4.251957313677092,2.2958279370237653,0.9041720629762344,0.35,-148.54006752543762,-58.49993247456237,-22.645
5.1774756000004345,circle_tension,45,-3.052236223443823,0.8316077918930721,3.507251460200011e-10,-5.371091595714453e-10,-174.88025368028036,47.647616685666705,-0.8282899843984012,-0.07421065477791858,-47.45752031898519,-4.251957313677092,2.2656311711306754,0.9343688288693245,0.35,-146.5863367721547,-60.4536632278453,-22.645
5.283020900000338,circle_tension,46,-3.052178017104004,0.8316207760853698,0.00025561508994948883,5.702726779355774e-05,-174.87691870266784,47.64836062508575,-0.828298595787408,-0.07426002581093542,-47.45801371523103,-4.254786065499158,2.235785114357883,0.9642148856421171,0.35,-144.65529689895504,-62.38470310104498,-22.645
5.3887353999998595,circle_tension,47,-3.052091726978754,0.8315946610126134,0.0005182977600222739,-8.537274761653583e-05,-174.87197464267734,47.64686434163513,-0.828266174250475,-0.07432916531998082,-47.45615609799944,-4.258747467565066,2.206270359405198,0.9937296405948022,0.35,-142.74569225351632,-64.29430774648371,-22.645
5.495914600000106,circle_tension,48,-3.052091726978754,0.8315946610126134,0.0002756595061310278,-4.54059640234829e-05,-174.87197464267734,47.64686434163513,-0.828266174250475,-0.07432916531998082,-47.45615609799944,-4.258747467565066,2.177068227401336,1.0229317725986637,0.35,-140.85631431286646,-66.18368568713355,-22.645
5.600478199999998,circle_tension,49,-3.052091726978754,0.8315946610126134,0.00014560801171114378,-2.398419787541981e-05,-174.87197464267734,47.64686434163513,-0.828266174250475,-0.07432916531998082,-47.45615609799944,-4.258747467565066,2.1481607163594214,1.0518392836405783,0.35,-138.98599834845456,-68.05400165154542,-22.645
5.706802200000311,circle_tension,50,-3.0509023299402287,0.8312553487036209,0.0053687885720857375,-0.0015189234122571337,-174.80382721220448,47.62742317839303,-0.8278392636343311,-0.07528351966896112,-47.431695921465064,-4.313427943921592,2.1195304529036187,1.0804695470963814,0.35,-137.13362030286413,-69.90637969713588,-22.645
5.812200200000007,circle_tension,51,-3.039529643361674,0.8291467479005052,0.05330394502676941,-0.009869265340040019,-174.15222026952821,47.5066092516966,-0.8248319434203986,-0.0844783680436154,-47.25938916556235,-4.840253949052007,2.0911606469781354,1.1088393530218648,0.35,-135.29809385948536,-71.74190614051466,-22.645
5.918077500000436,circle_tension,52,-3.0342134293988074,0.8276731408200679,0.05209535429158772,-0.011616111696027194,-173.84762364646744,47.42217778532695,-0.8229060650532575,-0.08870420583895623,-47.14904446326962,-5.082376619631906,2.063035049275124,1.136964950724876,0.35,-133.47836768810055,-73.56163231189949,-22.645
6.022703399999955,circle_tension,53,-3.0339406064126613,0.8274560230686128,0.02888483827749505,-0.007123839208752507,-173.8319920408071,47.4097378545112,-0.822665973000653,-0.08890538217348498,-47.13528820196075,-5.093903174538315,2.035137911140582,1.164862088859418,0.35,-131.67342285079565,-75.36657714920436,-22.645
6.129970699999831,circle_tension,54,-3.033907060883596,0.8270541084883059,0.015593876560525076,-0.005596660415266367,-173.83007002357016,47.38670984533484,-0.8222634036666322,-0.08888978207843459,-47.11222267815997,-5.093009354931925,2.0074539467375616,1.1925460532624381,0.35,-129.88227035392023,-77.15772964607974,-22.645
6.237418000000616,circle_tension,55,-3.0338347676887953,0.8267847270875717,0.008555877106434451,-0.004140381945767874,-173.82592792862056,47.371275427993446,-0.8219891564744142,-0.08892025406931463,-47.09650947150256,-5.094755271402712,1.979968297264029,1.2200317027359708,0.35,-128.10394883298267,-78.93605116701731,-22.645
6.342493500000273,circle_tension,56,-3.029208225042726,0.8253235115738536,0.024884731511061003,-0.008543531620649804,-173.56084656126347,47.28755394609836,-0.8201169698573499,-0.092558384323601,-46.989241079883904,-5.3032047802921785,1.9526664970388414,1.2473335029611587,0.35,-126.33752235841304,-80.70247764158698,-22.645
6.446995799999968,circle_tension,57,-3.0131260516422294,0.8213227809292102,0.08531049626733396,-0.02170305592341006,-172.63940590001747,47.05832896519164,-0.8145546776528435,-0.10522256215832994,-46.67054521214717,-6.028808721225272,1.9255344412837307,1.2744655587162694,0.35,-124.58207835105739,-82.45792164894263,-22.645
6.553964700000506,circle_tension,58,-2.9925123596416614,0.8165115642773912,0.1384593498437506,-0.031469015939700674,-171.45832834820234,46.782666556719356,-0.8074548987520264,-0.12127539354736123,-46.26375784565431,-6.948568209051896,1.8985583554420389,1.301441644557961,0.35,-122.83672559709991,-84.20327440290008,-22.645
6.660977100000309,circle_tension,59,-2.992575070149707,0.8162448513777668,0.07295174780240436,-0.01781699843257158,-171.46192139564448,46.767385033229175,-0.8071987453756172,-0.12118515942450284,-46.24908133827804,-6.943398174644045,1.8717247658864355,1.3282752341135642,0.35,-121.10059235285239,-85.9394076471476,-22.645
6.7656142000005275,circle_tension,60,-2.9925243693913632,0.8161403390789854,0.038806662455412255,-0.009880782977654835,-171.45901645617326,46.76139691960179,-0.8070892469135383,-0.12121056302360271,-46.24280753853775,-6.94485369365691,1.8450204718780538,1.3549795281219463,0.35,-119.37282453051009,-87.66717546948993,-22.645
6.86976709999999,circle_tension,61,-2.992632921878414,0.8159357519134672,0.02027795604321509,-0.006198923758411983,-171.46523605553693,46.74967493847506,-0.8069000782993879,-0.12109258809289995,-46.231968975330595,-6.938094228039294,1.8184325186485792,1.3815674813514205,0.35,-117.65258395656308,-89.38741604343691,-22.645
6.973417500000323,circle_tension,62,-2.9927258897147966,0.8157867402182217,0.010438296793663478,-0.003982545833886213,-171.4705627201921,46.7411371972394,-0.8067639689334073,-0.12099547076931676,-46.2241704831077,-6.93252981528037,1.7919481714848584,1.4080518285151415,0.35,-115.93904669507035,-91.10095330492966,-22.645
7.076942000000599,circle_tension,63,-2.992620075099716,0.8155733516707514,0.006075859259574454,-0.0030905469325921355,-171.46449998933718,46.72891093407292,-0.8065401362521568,-0.12104916591953638,-46.21134581515495,-6.935606320768275,1.7655548907026648,1.4344451092973354,0.35,-114.23140142846242,-92.8085985715376,-22.645
7.182386399999814,circle_tension,64,-2.9913928662442975,0.8137094394483736,0.008767071192892887,-0.00998325430995065,-171.39418610134064,46.622116630347826,-0.8045480495278367,-0.12175995995539726,-46.09720765342737,-6.976331819126174,1.7392403074025342,1.4607596925974657,0.35,-112.52884788894397,-94.51115211105603,-22.645
7.286907200000314,circle_tension,65,-2.991021654794366,0.8130365925666438,0.0063128958761295125,-0.00828643343122845,-171.37291725195263,46.583565343766175,-0.8038375613903307,-0.1219576801617068,-46.05649968175416,-6.987660352472167,1.7129921999059365,1.4870078000940632,0.35,-110.8305953339141,-96.20940466608589,-22.645
7.390459400000509,circle_tension,66,-2.9905601780384377,0.8124370571826294,0.005444518951507261,-0.007108661159977644,-171.34647658149453,46.549214496593386,-0.803188484735866,-0.12223841405742533,-46.01931032887287,-7.003745219863105,1.686798470774777,1.5132015292252228,0.35,-109.13586105912808,-97.90413894087192,-22.645
7.494081400000141,circle_tension,67,-2.990492952301824,0.8121761527763017,0.0032239342818250268,-0.004981702662089914,-171.34262483051194,46.53426577525445,-0.802922333654746,-0.12225313597994743,-46.004060995211844,-7.004588723889939,1.660647124321153,1.5393528756788468,0.35,-107.4438689435786,-99.5961310564214,-22.645
7.599502699999903,circle_tension,68,-2.990298848744973,0.8117386920977543,0.002599576632255441,-0.004628320596675669,-171.3315035159159,46.50920112467075,-0.8024661252364611,-0.12234305087152691,-45.97792217826578,-7.00974046769282,1.634526244517648,1.5654737554823521,0.35,-105.75384802029184,-101.2861519797082,-22.645
7.703895300000113,circle_tension,69,-2.9902472404109544,0.8115694089194226,0.0016135851038921575,-0.0032153241218968163,-171.3285465761889,46.49950191300979,-0.8022924621229485,-0.12235894211098093,-45.96797201480441,-7.010650968644767,1.6084239732211132,1.591576026778887,0.35,-104.06503106740603,-102.974968932594,-22.645
7.809299999999894,circle_tension,70,-2.990071816617484,0.8113911627801567,0.0016439755436338955,-0.0025114563757386472,-171.31849553319688,46.489289161515345,-0.8020947811953233,-0.12247277663612081,-45.95664573196125,-7.017173206498159,1.5823284886250213,1.6176715113749789,0.35,-102.37665321403888,-104.66334678596114,-22.645
7.913193600000341,circle_tension,71,-2.989955766570266,0.8113191136542701,0.0013921717353299094,-0.0016587107858208575,-171.31184635527902,46.48516105068444,-0.802009340450435,-0.12255497546411065,-45.9517503378807,-7.021882852422897,1.5562279838569875,1.6437720161430125,0.35,-100.68795055554709,-106.35204944445292,-22.645
8.016368700000385,circle_tension,72,-2.9898118585611204,0.8111753841261513,0.0013897942630713039,-0.0015313739647970657,-171.30360103371683,46.47692595533182,-0.8018496183773376,-0.12264865804535817,-45.94259893719714,-7.027250468942272,1.5301106456390556,1.6698893543609445,0.35,-98.9981587728469,-108.04184122715311,-22.645
8.122065999999904,circle_tension,73,-2.9880751282560234,0.8104585519416799,0.008539542760117128,-0.004029336964820148,-171.2040937170823,46.43585449654247,-0.8009269998180442,-0.12393145435228002,-45.889736787649184,-7.100749283303863,1.503964632928763,1.6960353670712371,0.35,-97.30651175049097,-109.73348824950905,-22.645
8.227268100000401,circle_tension,74,-2.940017773501923,0.80099839581933,0.21974536545652143,-0.03967257187980954,-168.45061011510938,45.89382747719697,-0.7847801665373626,-0.16036994829059892,-44.964591388164756,-9.188521197782569,1.4777780554589075,1.7222219445410927,0.35,-95.61224018819132,-111.4277598118087,-22.645
8.33395130000008,circle_tension,75,-2.8761766750243196,0.7918113072451308,0.4062248105311981,-0.048630287995512333,-164.79278461286364,45.3674460758825,-0.764084821856053,-0.20770058086208343,-43.778835482357195,-11.900366685813058,1.4515389520932782,1.7484610479067215,0.35,-93.91457020043511,-113.12542979956488,-22.645
8.440393200000472,circle_tension,76,-2.855873482330705,0.7942274961917802,0.3040098907082248,-0.010892473005177752,-163.62949736087867,45.50588350503167,-0.7620288814059123,-0.22385106568948537,-43.66103877163391,-12.82572130351326,1.425235268914432,1.7747647310855679,0.35,-92.21272189876376,-114.82727810123625,-22.645
8.544391200000064,circle_tension,77,-2.844442929502481,0.8007849517036727,0.21050988448810967,0.024947922117238605,-162.97457492632012,45.881598030207904,-0.7656904883359682,-0.23446666062977906,-43.87083339496196,-13.433950090612521,1.3988548369578164,1.8011451630421837,0.35,-90.50590795117073,-116.5340920488293,-22.645
8.650613599999815,circle_tension,78,-2.8345088589481344,0.8076325140572513,0.15531705754610506,0.044919978267479725,-162.40539461017087,46.27393445302063,-0.7698507646826356,-0.24413127181907168,-44.10919967123411,-13.987691522393899,1.3723853495042375,1.8276146504957627,0.35,-88.79333211292418,-118.24666788707584,-22.645
8.756741300000613,circle_tension,79,-2.8258936177388194,0.8135246597415584,0.11936083134684014,0.050586153334935,-161.91177764938993,46.61152953300765,-0.7733199243388043,-0.2525839793578452,-44.30796787798963,-14.471995989824036,1.3458143388397077,1.8541856611602925,0.35,-87.0741877229291,-119.96581227707092,-22.645
8.86638000000039,circle_tension,80,-2.8215962107893064,0.8162713929736031,0.08203208323563727,0.03929635474542218,-161.66555436833266,46.76890575465214,-0.7748346303612438,-0.25676892837728843,-44.394754140278465,-14.711775906115545,1.319129152388149,1.8808708476118507,0.35,-85.34765615951325,-121.69234384048674,-22.645
8.971880699999929,circle_tension,81,-2.8215997378482665,0.8160863653451784,0.04282331242250121,0.019711438557739804,-161.66575645392516,46.75830445245009,-0.774659900805025,-0.25670799322781684,-44.38474287415094,-14.708284579226824,1.2923169281182156,1.9076830718817845,0.35,-83.61290524924856,-123.42709475075146,-22.645
9.076186500000404,circle_tension,82,-2.8214556664767656,0.8158883016822929,0.02345253235265909,0.009622599374420275,-161.6575017723895,46.74695624049185,-0.7744349079856471,-0.25675726691815065,-44.37185173517983,-14.711107753723986,1.265364569120496,1.9346354308795037,0.35,-81.86908762209609,-125.1709123779039,-22.645
9.180582800000593,circle_tension,83,-2.821506150662645,0.8156715684939988,0.012308795099429528,0.0041756013103304195,-161.66039430317252,46.73453834352218,-0.7742421442600259,-0.25664997506545256,-44.36080718725852,-14.704960383388245,1.2382587172457145,1.9617412827542857,0.35,-80.11533900579772,-126.9246609942023,-22.645
9.285337700000127,circle_tension,84,-2.8214351049415587,0.815571574707101,0.006909261198367376,0.0017902571903041767,-161.65632368320183,46.72880912155541,-0.7741289957362165,-0.25667351135373734,-44.35432425438611,-14.706308913372366,1.2109857256879435,1.9890142743120567,0.35,-78.35077645200995,-128.68922354799008,-22.645
9.394694200000231,circle_tension,85,-2.821234068821885,0.8153424575629677,0.004577447785163863,-6.278924003582013e-05,-161.64480516201485,46.715681676182484,-0.7738599191964197,-0.2567569834807434,-44.33890730428977,-14.711091513956793,1.1835316303894599,2.01646836961054,0.35,-76.57449648619806,-130.46550351380196,-22.645
9.499517100000048,circle_tension,86,-2.8212078602093933,0.81521167168399,0.002510229702153414,-0.0006031781546096305,-161.64330351913216,46.70818819729715,-0.773729058937769,-0.25673607655543845,-44.33140956376309,-14.709893635374225,1.155882120135433,2.044117879864567,0.35,-74.78557317276253,-132.2544268272375,-22.645
9.604459500000303,circle_tension,87,-2.8212078602093933,0.81521167168399,0.0013395905473179703,-0.00032188757609337545,-161.64330351913216,46.70818819729715,-0.773729058937769,-0.25673607655543845,-44.33140956376309,-14.709893635374225,1.1280225051971642,2.071977494802836,0.35,-72.98305608625652,-134.05694391374348,-22.645
9.710852100000011,circle_tension,88,-2.8212078602093933,0.81521167168399,0.0007159929273124745,-0.00017204453131894757,-161.64330351913216,46.70818819729715,-0.773729058937769,-0.25673607655543845,-44.33140956376309,-14.709893635374225,1.0999376843719497,2.1000623156280502,0.35,-71.16596817886516,-135.87403182113485,-22.645
9.816480600000432,circle_tension,89,-2.8212078602093933,0.81521167168399,0.0003787195225286727,-9.100176868974205e-05,-161.64330351913216,46.70818819729715,-0.773729058937769,-0.25673607655543845,-44.33140956376309,-14.709893635374225,1.0716121102556513,2.128387889744349,0.35,-69.33330353354064,-137.7066964664594,-22.645
9.923352900000282,circle_tension,90,-2.8212078602093933,0.81521167168399,0.00020145673453157042,-4.840764224253785e-05,-161.64330351913216,46.70818819729715,-0.773729058937769,-0.25673607655543845,-44.33140956376309,-14.709893635374225,1.0430297525707006,2.1569702474292995,0.35,-67.48402499132433,-139.5559750086757,-22.645
10.027501100000336,circle_tension,91,-2.8212078602093933,0.81521167168399,0.00010661554435568308,-2.5618439317324223e-05,-161.64330351913216,46.70818819729715,-0.773729058937769,-0.25673607655543845,-44.33140956376309,-14.709893635374225,1.0141740593572441,2.185825940642756,0.35,-65.6170616404137,-141.4229383595863,-22.645
10.132283100000677,circle_tension,92,-2.8212078602093933,0.81521167168399,5.7127890405871366e-05,-1.3727148349091101e-05,-161.64330351913216,46.70818819729715,-0.773729058937769,-0.25673607655543845,-44.33140956376309,-14.709893635374225,0.985027915818375,2.2149720841816247,0.35,-63.73130615344886,-143.30869384655114,-22.645
10.23638960000062,circle_tension,93,-2.8212078602093933,0.81521167168399,3.0523258609094e-05,-7.33437373667911e-06,-161.64330351913216,46.70818819729715,-0.773729058937769,-0.25673607655543845,-44.33140956376309,-14.709893635374225,0.9555736005916405,2.2444263994083595,0.35,-61.82561195827915,-145.21438804172087,-22.645
10.361239599999863,circle_tension,94,-2.8212078602093933,0.81521167168399,1.6326752632195288e-05,-3.923123256412498e-06,-161.64330351913216,46.70818819729715,-0.773729058937769,-0.25673607655543845,-44.33140956376309,-14.709893635374225,0.9257927391980199,2.2742072608019797,0.35,-59.898790226111885,-147.14120977388808,-22.645
10.467273100000057,circle_tension,95,-2.8212078602093933,0.81521167168399,7.968039819921415e-06,-1.914624605992539e-06,-161.64330351913216,46.70818819729715,-0.773729058937769,-0.25673607655543845,-44.33140956376309,-14.709893635374225,0.8956662543961393,2.30433374560386,0.35,-57.949606659430216,-149.09039334056976,-22.645
10.570593299999928,circle_tension,96,-2.8212078602093933,0.81521167168399,4.2551131700189696e-06,-1.022452768902149e-06,-161.64330351913216,46.70818819729715,-0.773729058937769,-0.25673607655543845,-44.33140956376309,-14.709893635374225,0.8651743131431544,2.334825686856845,0.35,-55.97677806036209,-151.06322193963788,-22.645
10.676374700000451,circle_tension,97,-2.8212078602093933,0.81521167168399,2.28309224414147e-06,-5.485997418656345e-07,-161.64330351913216,46.70818819729715,-0.773729058937769,-0.25673607655543845,-44.33140956376309,-14.709893635374225,0.8342962698343779,2.3657037301656225,0.35,-53.97896865828425,-153.0610313417158,-22.645
10.780664300000353,circle_tension,98,-2.8212078602093933,0.81521167168399,1.2130299787172726e-06,-2.9147658615511314e-07,-161.64330351913216,46.70818819729715,-0.773729058937769,-0.25673607655543845,-44.33140956376309,-14.709893635374225,0.8030106054606945,2.3969893945393057,0.35,-51.954786173306935,-155.0852138266931,-22.645
10.884750900000654,circle_tension,99,-2.8212078602093933,0.81521167168399,6.496431756837636e-07,-1.561014800866714e-07,-161.64330351913216,46.70818819729715,-0.773729058937769,-0.25673607655543845,-44.33140956376309,-14.709893635374225,0.7712948622858444,2.4287051377141555,0.35,-49.902777589894136,-157.13722241010586,-22.645
10.988744100000076,circle_tension,100,-2.7956377689567757,0.8126165465216918,0.11439201127948237,-0.01038554475127217,-160.1782452085928,46.559498478189255,-0.7644707102890173,-0.2755543227587735,-43.80094526092897,-15.788099720663409,0.7391255736040754,2.460874426395925,0.35,-47.82142461218368,-159.21857538781634,-22.645
11.093306300000222,circle_tension,101,-2.6786931729806613,0.80496080715096,0.5885061125370542,-0.009120825298581468,-153.47781342229885,46.12085692319418,-0.7202479503986878,-0.3594506795036202,-41.267167760792674,-20.595006878667043,0.7064781880919592,2.4935218119080407,0.35,-45.70913876954976,-161.33086123045024,-22.645
11.207645800000137,circle_tension,102,-2.5644379167041835,0.808350907868482,0.8168840640045714,0.06244953139660454,-146.93146945047107,46.31509538643247,-0.6774130430167106,-0.4410700164402918,-38.8129083519716,-25.271450411794554,0.6733269882155798,2.5266730117844207,0.35,-43.564256137548014,-163.47574386245202,-22.645
11.311530500000117,circle_tension,103,-2.53024320435794,0.8081550077563971,0.5631036888020146,0.04473019910279091,-144.9722567513674,46.30387113680386,-0.6617772985699106,-0.4638591636038398,-37.91704618562485,-26.577172362968383,0.6396450020949758,2.560354997905024,0.35,-41.385031635544934,-165.65496836445507,-22.645
11.415934700000435,circle_tension,104,-2.4827040979244854,0.7941801825489936,0.520632971382696,-0.022771665459378546,-142.24846659090727,45.503172632986605,-0.6279369773119016,-0.486227636892377,-35.97813860017409,-27.858791476552685,0.6054039081608747,2.5945960918391258,0.35,-39.1696328580086,-167.87036714199144,-22.645
11.51978120000058,circle_tension,105,-2.4472034724245164,0.7694886184985147,0.4516040977944728,-0.11228261724932628,-140.21443057968452,44.08845022331722,-0.5913094644273822,-0.492408216094487,-33.87953669783008,-28.21291257977992,0.5710006010083656,2.6,0.35,-36.94373888524125,-168.22000000000003,-22.645
11.624023000000307,circle_tension,106,-2.3941190786285524,0.743734516625762,0.499521956659504,-0.16038778311258625,-137.17291885716534,42.612848880858515,-0.545461321217339,-0.5055818215446345,-31.25263159338323,-28.96770457304391,0.5371620784723432,2.6,0.35,-34.75438647716061,-168.22000000000003,-22.645
11.727793200000633,circle_tension,107,-2.234305453436572,0.7510418479644186,0.982752363870255,0.021763548840247435,-128.01627262497925,43.03152812606723,-0.462555599390536,-0.5916977056456032,-26.502483635221786,-33.901781281067166,0.5038736905458593,2.6,0.35,-32.6006277783171,-168.22000000000003,-22.645
11.835117800000262,circle_tension,108,-2.026077939883564,0.7607685199597253,1.4162203854448392,0.2089645468045333,-116.08571491988876,43.588825380106385,-0.3345215263664228,-0.683274534399746,-19.166671617070314,-39.148747069871824,0.4711075813173869,2.6,0.35,-30.480660511234934,-168.22000000000003,-22.645
11.939205399999992,circle_tension,109,-1.9351672662736277,0.7288343993229548,1.1805672101264377,0.03483769114405705,-110.87691700934803,41.75913504515781,-0.25972859523602254,-0.6809850500952093,-14.881352325885752,-39.017569281960434,0.43883722771636124,2.6,0.35,-28.392768633248572,-168.22000000000003,-22.645
12.042470700000194,circle_tension,110,-1.822424284025183,0.6841351682044916,1.199993732435227,-0.1083547166768113,-104.4172199567938,39.19805775459004,-0.17033664374249696,-0.6625906399676422,-9.75957078286856,-37.96364721501814,0.40703734546016257,2.6,0.35,-26.33531625127252,-168.22000000000003,-22.645
12.146735000000263,circle_tension,111,-1.6939991293461045,0.6284135623115846,1.3359467831428575,-0.22613069464677324,-97.05900061036783,36.00544490923517,-0.07722659598540194,-0.6236502691169493,-4.424758016125478,-35.73252831259918,0.37568380213894537,2.6,0.35,-24.306741998389768,-168.22000000000003,-22.645
12.25182820000009,circle_tension,112,-1.5606990902711302,0.5897049508114056,1.4109121942791685,-0.20754023198141852,-89.42147096244284,33.787604839463356,0.005954289188924664,-0.5896748896228641,0.3411556405257573,-33.78588246023278,0.35,2.6,0.35,-22.645,-168.22000000000003,-22.645
12.356613200000538,circle_tension,113,-1.436923877611993,0.6297088373584083,1.2341237662906817,0.14270597388332887,-82.32967366874004,36.07965870272678,0.08404908613917968,-0.6240744915204011,4.815657907706503,-35.75683446589186,0.35,2.6,0.35,-22.645,-168.22000000000003,-22.645
12.461453599999913,circle_tension,114,-1.3378201177729094,0.749451604269612,0.9102093170386422,0.6629977988817517,-76.65144649608244,42.94041387395752,0.1730291477016858,-0.7292041011869882,9.913839896052345,-41.78031740164505,0.35,2.6,0.35,-22.645,-168.22000000000003,-22.645
12.568129400000544,circle_tension,115,-1.2453895884735864,0.8299939813816023,0.7698803108055741,0.7601499926487999,-71.35556726907093,47.55515215442564,0.26534426628110114,-0.7864365387502209,15.203106575902575,-45.05949452526428,0.35,2.6,0.35,-22.645,-168.22000000000003,-22.645
12.673031100000117,circle_tension,116,-1.2143122857831359,0.8331032733026151,0.5262413588623283,0.4272708647443166,-69.57496898625756,47.7333014587738,0.2907376198135176,-0.7807257523693594,16.65803856099366,-44.732290567940126,0.35,2.6,0.35,-22.645,-168.22000000000003,-22.645
12.777760200000557,circle_tension,117,-1.1837813208493257,0.8388278346877768,0.40608049580890865,0.2627309956629122,-67.82567355108833,48.06129466570712,0.31659533149825786,-0.7767879584033808,18.13957630839539,-44.506671593097465,0.35,2.6,0.35,-22.645,-168.22000000000003,-22.645
12.881922100000338,circle_tension,118,-1.1746929232781225,0.8404792001413895,0.2548343712955788,0.14920024639864382,-67.30494672772143,48.15591093663284,0.3242790573456707,-0.7754020755951799,18.579821370387727,-44.42726635728782,0.35,2.6,0.35,-22.645,-168.22000000000003,-22.645
12.986874600000192,circle_tension,119,-1.1733058421251024,0.84077256752173,0.14244602316771413,0.08135370727898067,-67.22547283181125,48.172719649373164,0.3254678548360632,-0.7752220235297068,18.647934449282964,-44.4169501338436,0.35,2.6,0.35,-22.645,-168.22000000000003,-22.645
13.092790200000309,circle_tension,120,-1.1733243652355758,0.8408426307140012,0.07598337883107371,0.04375635890601739,-67.22653412786482,48.17673397458952,0.3254806159216516,-0.7752926533157041,18.648665605629184,-44.42099692248915,0.35,2.6,0.35,-22.645,-168.22000000000003,-22.645
13.19609440000022,circle_tension,121,-1.1733133194417862,0.8408469709382183,0.04041793009751151,0.023267097295013837,-67.2259012504993,48.176982651119296,0.32549085972018926,-0.7752930599293333,18.649252532051573,-44.421020219734,0.35,2.6,0.35,-22.645,-168.22000000000003,-22.645
13.301084200000332,circle_tension,122,-1.173518823447887,0.8406449560705681,0.020800273438400744,0.011590881931910787,-67.23767576272192,48.16540805180404,0.3252533655841287,-0.7751736517342965,18.635645120396198,-44.41417863411912,0.35,2.6,0.35,-22.645,-168.22000000000003,-22.645
13.404706199999964,circle_tension,123,-1.1733923203252379,0.8406781127959245,0.011648252626235192,0.0063270779772693336,-67.23042766769889,48.167307792229444,0.3253642573824941,-0.7751630727479576,18.64199875242515,-44.41357250285037,0.35,2.6,0.35,-22.645,-168.22000000000003,-22.645
13.507857000000513,circle_tension,124,-1.1733810462994976,0.8406813932000534,0.006302488706216317,0.0034107544869314264,-67.22978171360586,48.167495745541125,0.3253742662059243,-0.7751624292777218,18.64257221576559,-44.41353563472162,0.35,2.6,0.35,-22.645,-168.22000000000003,-22.645
13.610972600000423,circle_tension,125,-1.1733923203252379,0.8406781127959245,0.0033369927322098748,0.001818481998094853,-67.23042766769889,48.167307792229444,0.3253642573824941,-0.7751630727479576,18.64199875242515,-44.41357250285037,0.35,2.6,0.35,-22.645,-168.22000000000003,-22.645
13.7143786000006,circle_tension,126,-1.1733923203252379,0.8406781127959245,0.0017935035645593677,0.000977363215145605,-67.23042766769889,48.167307792229444,0.3253642573824941,-0.7751630727479576,18.64199875242515,-44.41357250285037,0.35,2.6,0.35,-22.645,-168.22000000000003,-22.645
13.81938369999989,circle_tension,127,-1.1735524945113622,0.8405695850708071,0.0002468825529885149,3.9167485454407406e-05,-67.23960497255077,48.16108961162006,0.32519810507669195,-0.7751151010015466,18.63247892654632,-44.41082392424515,0.35,2.6,0.35,-22.645,-168.22000000000003,-22.645
13.924649100000352,circle_tension,128,-1.1737572612179774,0.8403673666577296,-0.0007766052551532641,-0.0008755706197306002,-67.25133724062461,48.14950335001088,0.3249611847691235,-0.7749951866538879,18.618904392841706,-44.40395333822124,0.35,2.6,0.35,-22.645,-168.22000000000003,-22.645
14.028812399999879,circle_tension,129,-1.173682193471755,0.8403096288398227,-8.05608229711296e-05,-0.0007239762364348979,-67.2470361755885,48.146195216726525,0.3249970303940745,-0.7749175456498283,18.62095819586541,-44.39950483637147,0.35,2.6,0.35,-22.645,-168.22000000000003,-22.645
14.132639600000402,circle_tension,130,-1.1738051710708641,0.8403554894238051,-0.000592501283146537,-0.0001831733257439914,-67.25408227299211,48.14882283463472,0.3249194622146713,-0.7749998010831047,18.61651386656109,-44.40421772554023,0.35,2.6,0.35,-22.645,-168.22000000000003,-22.645
14.238353400000051,circle_tension,131,-1.1740444387905091,0.8400792600740242,-0.0013861577309859572,-0.0013312233428331723,-67.26779130350148,48.13299605871463,0.3246272786690462,-0.7748227495049752,18.599772982553606,-44.394073417357276,0.35,2.6,0.35,-22.645,-168.22000000000003,-22.645
14.341946200000166,circle_tension,132,-1.1740046893525293,0.840014059270823,-0.0005606932680362818,-0.0009963472620220296,-67.26551382846722,48.12926032787034,0.3246328795977926,-0.7747497100720275,18.600093892132126,-44.389888566111345,0.35,2.6,0.35,-22.645,-168.22000000000003,-22.645
14.445928200000708,circle_tension,133,-1.1740556791548542,0.8400750476155162,-0.0005292760915168872,-0.00026210299910768233,-67.26843532893865,48.13275470262075,0.3246169416046762,-0.774822513127644,18.59918071239265,-44.39405987393383,0.35,2.6,0.35,-22.645,-168.22000000000003,-22.645
14.549526800000422,circle_tension,134,-1.1740556791548542,0.8400750476155162,-0.0002835860864465717,-0.00014043476543562208,-67.26843532893865,48.13275470262075,0.3246169416046762,-0.774822513127644,18.59918071239265,-44.39405987393383,0.35,2.6,0.35,-22.645,-168.22000000000003,-22.645
14.65471239999988,circle_tension,135,-1.1740556791548542,0.8400750476155162,-0.00015205695075639743,-7.530017597091728e-05,-67.26843532893865,48.13275470262075,0.3246169416046762,-0.774822513127644,18.59918071239265,-44.39405987393383,0.35,2.6,0.35,-22.645,-168.22000000000003,-22.645
14.759151100000054,circle_tension,136,-1.1740556791548542,0.8400750476155162,-8.109740083625613e-05,-4.0160272341231186e-05,-67.26843532893865,48.13275470262075,0.3246169416046762,-0.774822513127644,18.59918071239265,-44.39405987393383,0.35,2.6,0.35,-22.645,-168.22000000000003,-22.645
14.863682300000619,circle_tension,137,-1.1740556791548542,0.8400750476155162,-4.33209718611551e-05,-2.1452993685255065e-05,-67.26843532893865,48.13275470262075,0.3246169416046762,-0.774822513127644,18.59918071239265,-44.39405987393383,0.35,2.6,0.35,-22.645,-168.22000000000003,-22.645
14.969509900000048,circle_tension,138,-1.1740556791548542,0.8400750476155162,-2.3158678755994858e-05,-1.1468417437714455e-05,-67.26843532893865,48.13275470262075,0.3246169416046762,-0.774822513127644,18.59918071239265,-44.39405987393383,0.35,2.6,0.35,-22.645,-168.22000000000003,-22.645
15.074770300000637,circle_tension,139,-1.1740556791548542,0.8400750476155162,-1.2289498277200833e-05,-6.085886756666883e-06,-67.26843532893865,48.13275470262075,0.3246169416046762,-0.774822513127644,18.59918071239265,-44.39405987393383,0.35,2.6,0.35,-22.645,-168.22000000000003,-22.645
15.182114799999908,circle_tension,140,-1.1740556791548542,0.8400750476155162,-6.55192973167078e-06,-3.2445834227879757e-06,-67.26843532893865,48.13275470262075,0.3246169416046762,-0.774822513127644,18.59918071239265,-44.39405987393383,0.35,2.6,0.35,-22.645,-168.22000000000003,-22.645
15.287855900000068,circle_tension,141,-1.1740556791548542,0.8400750476155162,-3.4577107891885186e-06,-1.7122941739082614e-06,-67.26843532893865,48.13275470262075,0.3246169416046762,-0.774822513127644,18.59918071239265,-44.39405987393383,0.35,2.6,0.35,-22.645,-168.22000000000003,-22.645
15.39201420000063,circle_tension,142,-1.1740556791548542,0.8400750476155162,-1.8417966685557805e-06,-9.120767748860342e-07,-67.26843532893865,48.13275470262075,0.3246169416046762,-0.774822513127644,18.59918071239265,-44.39405987393383,0.35,2.6,0.35,-22.645,-168.22000000000003,-22.645
15.496204699999907,circle_tension,143,-1.1740556791548542,0.8400750476155162,-9.855341830306085e-07,-4.88046728797347e-07,-67.26843532893865,48.13275470262075,0.3246169416046762,-0.774822513127644,18.59918071239265,-44.39405987393383,0.35,2.6,0.35,-22.645,-168.22000000000003,-22.645
15.599923300000228,circle_tension,144,-1.1740556791548542,0.8400750476155162,-5.275502371519048e-07,-2.612483381616559e-07,-67.26843532893865,48.13275470262075,0.3246169416046762,-0.774822513127644,18.59918071239265,-44.39405987393383,0.35,2.6,0.35,-22.645,-168.22000000000003,-22.645
15.709842500000377,circle_tension,145,-1.1740556791548542,0.8400750476155162,-2.8252626935455364e-07,-1.399099330413845e-07,-67.26843532893865,48.13275470262075,0.3246169416046762,-0.774822513127644,18.59918071239265,-44.39405987393383,0.35,2.6,0.35,-22.645,-168.22000000000003,-22.645
15.813426900000195,circle_tension,146,-1.1740556791548542,0.8400750476155162,-1.4770851899347056e-07,-7.3146787550874e-08,-67.26843532893865,48.13275470262075,0.3246169416046762,-0.774822513127644,18.59918071239265,-44.39405987393383,0.35,2.6,0.35,-22.645,-168.22000000000003,-22.645
15.918652100000145,circle_tension,147,-1.1740556791548542,0.8400750476155162,-7.91924581139454e-08,-3.9216924986894745e-08,-67.26843532893865,48.13275470262075,0.3246169416046762,-0.774822513127644,18.59918071239265,-44.39405987393383,0.35,2.6,0.35,-22.645,-168.22000000000003,-22.645
16.022964100000536,circle_tension,148,-1.1740556791548542,0.8400750476155162,-4.2179981392259146e-08,-2.0887963394554005e-08,-67.26843532893865,48.13275470262075,0.3246169416046762,-0.774822513127644,18.59918071239265,-44.39405987393383,0.35,2.6,0.35,-22.645,-168.22000000000003,-22.645
16.126569900000504,circle_tension,149,-1.1740556791548542,0.8400750476155162,-2.2584360167778656e-08,-1.118400892800199e-08,-67.26843532893865,48.13275470262075,0.3246169416046762,-0.774822513127644,18.59918071239265,-44.39405987393383,0.35,2.6,0.35,-22.645,-168.22000000000003,-22.645
16.229364599999826,circle_tension,150,-1.1740556791548542,0.8400750476155162,-1.2127502224650842e-08,-6.005664634607166e-09,-67.26843532893865,48.13275470262075,0.3246169416046762,-0.774822513127644,18.59918071239265,-44.39405987393383,0.35,2.6,0.35,-22.645,-168.22000000000003,-22.645
16.334157300000697,circle_tension,151,-1.1740556791548542,0.8400750476155162,-6.523023615433939e-09,-3.230268814817459e-09,-67.26843532893865,48.13275470262075,0.3246169416046762,-0.774822513127644,18.59918071239265,-44.39405987393383,0.35,2.6,0.35,-22.645,-168.22000000000003,-22.645
16.442260400000123,circle_tension,152,-1.1740556791548542,0.8400750476155162,-3.4796403097921127e-09,-1.723153899505771e-09,-67.26843532893865,48.13275470262075,0.3246169416046762,-0.774822513127644,18.59918071239265,-44.39405987393383,0.35,2.6,0.35,-22.645,-168.22000000000003,-22.645
16.545978400000422,circle_tension,153,-1.1740556791548542,0.8400750476155162,-1.830540201849747e-09,-9.065024560564201e-10,-67.26843532893865,48.13275470262075,0.3246169416046762,-0.774822513127644,18.59918071239265,-44.39405987393383,0.35,2.6,0.35,-22.645,-168.22000000000003,-22.645
16.651504400000704,circle_tension,154,-1.1740556791548542,0.8400750476155162,-9.835246635654715e-10,-4.870515939574787e-10,-67.26843532893865,48.13275470262075,0.3246169416046762,-0.774822513127644,18.59918071239265,-44.39405987393383,0.35,2.6,0.35,-22.645,-168.22000000000003,-22.645
16.755980300000374,circle_tension,155,-1.1740556791548542,0.8400750476155162,-5.233404781784463e-10,-2.5916362194237296e-10,-67.26843532893865,48.13275470262075,0.3246169416046762,-0.774822513127644,18.59918071239265,-44.39405987393383,0.35,2.6,0.35,-22.645,-168.22000000000003,-22.645
16.86000140000033,circle_tension,156,-1.1740556791548542,0.8400750476155162,-2.7968722390806243e-10,-1.3850400834904533e-10,-67.26843532893865,48.13275470262075,0.3246169416046762,-0.774822513127644,18.59918071239265,-44.39405987393383,0.35,2.6,0.35,-22.645,-168.22000000000003,-22.645
16.96708630000012,circle_tension,157,-1.1740556791548542,0.8400750476155162,-1.4969771343714283e-10,-7.413185722972647e-11,-67.26843532893865,48.13275470262075,0.3246169416046762,-0.774822513127644,18.59918071239265,-44.39405987393383,0.35,2.6,0.35,-22.645,-168.22000000000003,-22.645
17.071753300000637,circle_tension,158,-1.1740556791548542,0.8400750476155162,-7.921474434702822e-11,-3.922796136020433e-11,-67.26843532893865,48.13275470262075,0.3246169416046762,-0.774822513127644,18.59918071239265,-44.39405987393383,0.35,2.6,0.35,-22.645,-168.22000000000003,-22.645
17.17613700000038,circle_tension,159,-1.1740556791548542,0.8400750476155162,-4.2282253217800904e-11,-2.093860946118794e-11,-67.26843532893865,48.13275470262075,0.3246169416046762,-0.774822513127644,18.59918071239265,-44.39405987393383,0.35,2.6,0.35,-22.645,-168.22000000000003,-22.645
17.28072830000019,circle_tension,160,-1.1740556791548542,0.8400750476155162,-2.2631041206710636e-11,-1.1207125861681101e-11,-67.26843532893865,48.13275470262075,0.3246169416046762,-0.774822513127644,18.59918071239265,-44.39405987393383,0.35,2.6,0.35,-22.645,-168.22000000000003,-22.645
17.384864300000118,circle_tension,161,-1.1740556791548542,0.8400750476155162,-1.2064430159187243e-11,-5.974430694924481e-12,-67.26843532893865,48.13275470262075,0.3246169416046762,-0.774822513127644,18.59918071239265,-44.39405987393383,0.35,2.6,0.35,-22.645,-168.22000000000003,-22.645
17.490046700000676,circle_tension,162,-1.1740556791548542,0.8400750476155162,-6.469343209117479e-12,-3.2036857219584193e-12,-67.26843532893865,48.13275470262075,0.3246169416046762,-0.774822513127644,18.59918071239265,-44.39405987393383,0.35,2.6,0.35,-22.645,-168.22000000000003,-22.645
17.598045300000194,circle_tension,163,-1.1740556791548542,0.8400750476155162,-3.4429209839250807e-12,-1.7049701092510878e-12,-67.26843532893865,48.13275470262075,0.3246169416046762,-0.774822513127644,18.59918071239265,-44.39405987393383,0.35,2.6,0.35,-22.645,-168.22000000000003,-22.645
17.705506799999966,circle_tension,164,-1.1740556791548542,0.8400750476155162,-1.813586133577816e-12,-8.981066259549433e-13,-67.26843532893865,48.13275470262075,0.3246169416046762,-0.774822513127644,18.59918071239265,-44.39405987393383,0.35,2.6,0.35,-22.645,-168.22000000000003,-22.645
17.81530710000061,circle_tension,165,-1.1740556791548542,0.8400750476155162,-9.352102083117201e-13,-4.631257756081757e-13,-67.26843532893865,48.13275470262075,0.3246169416046762,-0.774822513127644,18.59918071239265,-44.39405987393383,0.35,2.6,0.35,-22.645,-168.22000000000003,-22.645
17.920297600000595,circle_tension,166,-1.1740556791548542,0.8400750476155162,-5.003066029524935e-13,-2.4775700850458884e-13,-67.26843532893865,48.13275470262075,0.3246169416046762,-0.774822513127644,18.59918071239265,-44.39405987393383,0.35,2.6,0.35,-22.645,-168.22000000000003,-22.645
18.02643160000025,circle_tension,167,-1.1740556791548542,0.8400750476155162,-2.6635312020768016e-13,-1.3190082217400625e-13,-67.26843532893865,48.13275470262075,0.3246169416046762,-0.774822513127644,18.59918071239265,-44.39405987393383,0.35,2.6,0.35836116634306914,-22.645,-168.22000000000003,-23.185967462396576
18.13014629999998,circle_tension,168,-1.1740556791548542,0.8400750476155162,-1.4157258100944675e-13,-7.010820754749202e-14,-67.26843532893865,48.13275470262075,0.3246169416046762,-0.774822513127644,18.59918071239265,-44.39405987393383,0.35,2.6,0.38909065310529806,-22.645,-168.22000000000003,-25.174165255912786
18.234933400000045,circle_tension,169,-1.1740556791548542,0.8400750476155162,-7.589246182348393e-14,-3.758273266527429e-14,-67.26843532893865,48.13275470262075,0.3246169416046762,-0.774822513127644,18.59918071239265,-44.39405987393383,0.35,2.6,0.4202290066560659,-22.645,-168.22000000000003,-27.188816730647464
18.340720300000612,circle_tension,170,-1.1740556791548542,0.8400750476155162,-4.0468047901845996e-14,-2.0040196209710646e-14,-67.26843532893865,48.13275470262075,0.3246169416046762,-0.774822513127644,18.59918071239265,-44.39405987393383,0.35,2.6,0.45179829609383415,-22.645,-168.22000000000003,-29.231349757271072
18.44525109999995,circle_tension,171,-1.1739794719008247,0.8398712649604121,0.0003376038248072894,-0.0009025425813807555,-67.26406897491448,48.121078816545314,0.32459722891979215,-0.7746098248045882,18.59805125874592,-44.38187373067101,0.35,2.6,0.48382157970322803,-22.645,-168.22000000000003,-31.303256206798856
18.553369300000668,circle_tension,172,-1.1705285146785698,0.8378809063947417,0.0156155796879569,-0.009340005818405113,-67.06634369079907,48.00703967101469,0.3264928630841301,-0.7716520094291217,18.706663095863295,-44.21240339307788,0.35,2.6,0.5163229781293663,-22.645,-168.22000000000003,-33.40609668497
18.66066460000002,circle_tension,173,-1.1678858864123618,0.83623533233918,0.019704946085351675,-0.012005468433639276,-66.91493224432338,47.912755222754775,0.32788568481467767,-0.7692727141567083,18.786465902637776,-44.07607981575316,0.35,2.6,0.5493277532623512,-22.645,-168.22000000000003,-35.54150563607412
18.766048899999987,circle_tension,174,-1.1616387473910104,0.832866553128246,0.038331584221160814,-0.021167517962192923,-66.55699754436846,47.71973839185684,0.33134478539428297,-0.7641186612769917,18.984657766760417,-43.78077433835815,0.35,2.6,0.5828623934002074,-22.645,-168.22000000000003,-37.71119685299342
18.870361700000103,circle_tension,175,-1.1538492142887418,0.8286063770060232,0.055415708756535224,-0.02995861373203623,-66.11069017323102,47.47564828007108,0.3355615526019158,-0.7576192793418338,19.226260730946944,-43.40838718403003,0.35,2.583187817478653,0.6168121825213471,-22.645,-167.13225179086885,-39.90774820913116
18.983074900000247,circle_tension,176,-1.1459689128910344,0.8245375959858817,0.0635741690629848,-0.032988447542425935,-65.65918216185135,47.24252429985403,0.339844336886015,-0.7512443503153163,19.471646194990786,-43.04313065611514,0.35,2.549665567897806,0.6503344321021937,-22.645,-164.96336224298807,-42.07663775701193
19.092077100000097,circle_tension,177,-1.1416144287910914,0.8238229517051618,0.0522633262947327,-0.020175252925507557,-65.4096886009678,47.20157819871562,0.34281500334049986,-0.7491075551887448,19.641852845173858,-42.92070131367847,0.35,2.516690316933834,0.6833096830661665,-22.645,-162.82986350561907,-44.210136494380976
19.20806679999987,circle_tension,178,-1.1324638339552093,0.8211255550283615,0.06700077695008817,-0.021771959918993476,-64.88539813683754,47.04702875346234,0.3485104783802402,-0.7434968887492475,19.968179527273087,-42.59923380643958,0.35,2.484234808671522,0.7157651913284777,-22.645,-160.72999212104747,-46.31000787895251
19.31912840000041,circle_tension,179,-1.121377470588329,0.8173189701963149,0.0815726561347292,-0.026676704880295922,-64.25019630576686,46.828927508227565,0.35507782817592987,-0.736158973986346,20.344460953152208,-42.178802260098585,0.35,2.4522730915514224,0.7477269084485774,-22.645,-158.66206902337703,-48.377930976622956
19.42351310000049,circle_tension,180,-1.1082673502885596,0.8134841699130327,0.10214039285705216,-0.03039166215621115,-63.49904174368128,46.60920963671992,0.3629870334155501,-0.7280088655169483,20.797625032685204,-41.71183544222827,0.35,2.420780427333924,0.779219572666076,-22.645,-156.62449364850488,-50.41550635149512
19.52779989999999,circle_tension,181,-1.0956583351713873,0.8120710035151689,0.11120685395575743,-0.021691682145539005,-62.77659839365066,46.52824116637262,0.37149094146010375,-0.7221175771044624,21.28486307300548,-41.37428948029851,0.35,2.3897332069517403,0.8102667930482594,-22.645,-154.6157384897776,-52.42426151022239
19.63483069999984,circle_tension,182,-1.0843117264163014,0.8134254748394542,0.110068205085412,-0.004784881579521878,-62.126485600198045,46.60584665672566,0.3802936817315636,-0.7190533490311019,21.78922293870997,-41.198722144229436,0.35,2.359108872620536,0.8408911273794636,-22.645,-152.63434405854866,-54.40565594145129
19.7415160999999,circle_tension,183,-1.071706566825851,0.8128492446055674,0.11370894193357844,-0.004182037009316337,-61.40426315557638,46.57283109629611,0.38905121281029187,-0.7136967481127279,22.290992508475753,-40.89181151907071,0.35,2.328885845640637,0.8711141543593623,-22.645,-150.67891421294922,-56.36108578705075
19.85577860000012,circle_tension,184,-1.0486717751169028,0.8066689258455466,0.1576753881235599,-0.026489660899650953,-60.08446680869071,46.218724915301394,0.4023041383924316,-0.6991896281818911,23.05032921053332,-40.060614774143644,0.35,2.29904345937902,0.9009565406209797,-22.645,-148.7481118218226,-58.291888178177395
19.964303400000063,circle_tension,185,-1.0162770827165648,0.799417757125398,0.22713051322911404,-0.04162628219779432,-58.228387655526824,45.8032635510996,0.4209211446783891,-0.6796279426053908,24.117005097887205,-38.93981275044824,0.35,2.269561896970549,0.930438103029451,-22.645,-146.8406547339945,-60.19934526600548
20.06839790000049,circle_tension,186,-1.0025923347741603,0.7990118181917771,0.18137056695695739,-0.02221677188626675,-57.444309354726705,45.780004963463085,0.42996353515446284,-0.6734621326010888,24.635095908875524,-38.586537859922196,0.35,2.2404221333217924,0.9595778666782074,-22.645,-144.95531202591997,-62.084687974080026
20.17325930000061,circle_tension,187,-0.9977916756412211,0.8016010362402166,0.11827948291913497,7.110037860019374e-05,-57.16925184752836,45.928356229877764,0.4345953988005426,-0.6735659289503785,24.90048214707597,-38.59248495266536,0.35,2.2116058810402093,0.9883941189597905,-22.645,-143.09090050330155,-63.949099496698445
20.280298700000458,circle_tension,188,-0.9931162590541525,0.8014753637061528,0.08385789628231512,-0.0002452176021797839,-56.90137020962386,45.92115572407519,0.43767121112952123,-0.6714213800411244,25.07671321210075,-38.469611351205714,0.35,2.1830955399466245,1.0169044600533756,-22.645,-141.2462814345466,-65.7937185654534
20.3856495,circle_tension,189,-0.9865549090457445,0.7995765141931457,0.07331065767258128,-0.008174560245083305,-56.525432546233965,45.81235966104941,0.44101984675088624,-0.6669513451677614,25.268575900332134,-38.213497218685724,0.35,2.154874149860351,1.0451258501396485,-22.645,-139.42035749596474,-67.61964250403527
20.49070970000048,circle_tension,190,-0.9746140779941959,0.7944171128795294,0.09279037906892196,-0.02665227179979295,-55.84127332310146,45.51674774096495,0.4460552311024563,-0.6573684507504002,25.557082171903318,-37.66443781305144,0.35,2.1269253463743243,1.073074653625676,-22.645,-137.6120699104188,-69.42793008958124
20.59480580000036,circle_tension,191,-0.9602803094023256,0.7900578767275995,0.11404576172628118,-0.03265461663975068,-55.02000887827012,45.26698190755852,0.45293254596008264,-0.6473357377663005,25.951123287627922,-37.08960570199643,0.35,2.099233319362641,1.100766680637359,-22.645,-135.8203957627629,-71.21960423723714
20.699387399999978,circle_tension,192,-0.9565133738743268,0.7894233313199501,0.07804117669604799,-0.0201149613327138,-54.804179370817906,45.230625133790795,0.45500206401866544,-0.6451064391021392,26.069697938010822,-36.96187629726583,0.35,2.071782773985427,1.1282172260145726,-22.645,-134.04434547685713,-72.99565452314285
20.80424270000003,circle_tension,193,-0.9553011989191376,0.7898779627327212,0.047100894261398074,-0.008683807416013139,-54.7347268618541,45.25667359497665,0.4560461987055502,-0.6449256241280942,26.129522448812533,-36.95151636238029,0.35,2.044558893975911,1.155441106024089,-22.645,-132.28296044024145,-74.75703955975857
20.910220000000663,circle_tension,194,-0.9551689837530661,0.7893968687349641,0.025749525815962376,-0.006773477126471355,-54.72715149085059,45.22910893935609,0.4558536459291843,-0.6444725516743409,26.118489987393243,-36.92555722296659,0.35,2.017547307012679,1.1824526929873214,-22.645,-130.53531076372033,-76.5046892362797
21.01811429999998,circle_tension,195,-0.9546176438211642,0.7893371957805263,0.016098190935276445,-0.0038499307995218694,-54.69556203967558,45.22568993091573,0.4561744138358684,-0.6441724247467961,26.136868634649485,-36.908361216700044,0.35,1.990734051996184,1.2092659480038161,-22.645,-128.80049316415312,-78.23950683584691
21.123660100000052,circle_tension,196,-0.946497654523375,0.7866830506567526,0.04431813772773836,-0.013517807155489923,-54.23032092322086,45.07361861710827,0.45983856773537385,-0.6382935953099441,26.346809188577552,-36.57152910149116,0.35,1.9641055480630154,1.2358944519369848,-22.645,-127.0776289596771,-79.96237104032292
21.234639799999968,circle_tension,197,-0.9286986351162381,0.7820868154589594,0.10323683538278765,-0.026682511598128848,-53.21051223172047,44.81027373862524,0.4683735522314701,-0.6263273924113577,26.835827778413456,-35.885916178604944,0.35,1.9376485651844595,1.2623514348155405,-22.645,-125.36586216743453,-81.67413783256548
21.364222000000154,circle_tension,198,-0.8983965539002892,0.779012448018067,0.17288820032195606,-0.022619129243906903,-51.474330867583944,44.63412545958967,0.48521973731870094,-0.6094441735577365,27.80104308480801,-34.91857899369675,0.35,1.9113501962074366,1.288649803792563,-22.645,-123.66435769462116,-83.37564230537883
21.47339230000034,circle_tension,199,-0.8856529587092079,0.7824948605287888,0.14376781343826067,0.0044682735039057765,-50.744176647311775,44.833652998977584,0.49515025285701525,-0.6059079417284465,28.370019713542508,-34.715967834498606,0.35,1.8851978302063763,1.3148021697936236,-22.645,-121.97229961435255,-85.06770038564746
21.578307400000085,circle_tension,200,-0.8779224944459187,0.786102860687419,0.10855270580980311,0.018652023303331697,-50.3012536713486,45.04037618054963,0.502123974505918,-0.6048381781991973,28.769584531523645,-34.654674899195605,0.35,1.8591791270238556,1.3408208729761446,-22.645,-120.28888951844345,-86.75111048155657
21.68492690000039,circle_tension,201,-0.8732907557595859,0.7880867584415517,0.07830621769453626,0.019033324683844045,-50.03587459281426,45.15404514884692,0.5061943039364866,-0.6040265436991727,29.002797229123114,-34.608171667836984,0.35,1.833281992886186,1.3667180071138136,-22.645,-118.61334493973625,-88.42665506026374
21.789641100000154,circle_tension,202,-0.8679497993437173,0.7875997302703227,0.06487403611347352,0.008137151249084104,-49.72986033162167,45.12614049013152,0.5090983370370606,-0.6009427746033598,29.1691860693523,-34.43148471365403,0.35,1.8074945569875602,1.39250544301244,-22.645,-116.94489783709516,-90.09510216290487
21.89899349999996,circle_tension,203,-0.8496458714347872,0.7827028807043501,0.11697567227508657,-0.01639729069647683,-48.68112251392826,44.845571677090824,0.516778915090869,-0.5878463680081664,29.609250776056324,-33.68111588896215,0.35,1.7818051489429472,1.418194851057053,-22.645,-115.28279313660869,-91.75720686339133
22.003982900000665,circle_tension,204,-0.8298697771757508,0.7774997131086727,0.1485442696633371,-0.02963501101272392,-47.54803577763258,44.54745213375927,0.5247904196194525,-0.5736730945056665,30.0682761730941,-32.86904713538431,0.35,1.7562022770158272,1.443797722984173,-22.645,-113.62628732292403,-93.41371267707599
22.108358299999963,circle_tension,205,-0.8215706422060993,0.7754826251050809,0.1166603835605712,-0.024156778178187427,-47.072530370262115,44.431881504246995,0.5281595007158013,-0.5678211370171975,30.261310300752196,-32.533754669405056,0.35,1.730674607031998,1.469325392968002,-22.645,-111.97464707497028,-95.06535292502973
22.21247080000012,circle_tension,206,-0.8220435921217293,0.7750745925036859,0.060231936104122884,-0.014741868135444357,-47.09962840434878,44.40850295828332,0.5276131324516573,-0.5677719669104003,30.230005705156856,-32.530937429807366,0.35,1.705210941895213,1.494789058104787,-22.645,-110.32714794062029,-96.71285205937971
22.31813349999993,circle_tension,207,-0.8221630170250419,0.7746214337045962,0.03177988204835607,-0.009932351975832171,-47.10647094727735,44.38253887164626,0.5272368854186962,-0.5675029799116097,30.208448338113865,-32.515525610032775,0.35,1.6798002016244036,1.5201997983755962,-22.645,-108.68307304509892,-98.35692695490107
22.43602550000014,circle_tension,208,-0.822370664204183,0.7743130082767249,0.015907413313639,-0.0066191128013110565,-47.11836825426993,44.364867396334716,0.5269091544772678,-0.5673864447751658,30.18967073835417,-32.50884863854956,0.35,1.6544314038355457,1.5455685961644545,-22.645,-107.0417118281598,-99.99828817184022
22.56303939999998,circle_tension,209,-0.822370664204183,0.7743130082767249,0.008040530990620286,-0.003345684214021221,-47.11836825426993,44.364867396334716,0.5269091544772678,-0.5673864447751658,30.18967073835417,-32.50884863854956,0.35,1.629093644594195,1.5709063554058051,-22.645,-105.40235880524442,-101.6376411947556
22.689949700000398,circle_tension,210,-0.8223640108298342,0.7741648861561157,0.003927303634935923,-0.0022212913592467806,-47.11798704400022,44.35638062397128,0.5268121337499067,-0.567274401582675,30.184111860151088,-32.502429036496665,0.35,1.6037760795670764,1.5962239204329238,-22.645,-103.76431234798984,-103.27568765201018
22.80484770000021,circle_tension,211,-0.8222759122798715,0.7740267929343341,0.00227006471565621,-0.0016416253319765696,-47.11293936890614,44.348468465183835,0.5267681276673816,-0.567126807560718,30.181590497349493,-32.49397252195717,0.35,1.5784679054029915,1.6215320945970086,-22.645,-102.12687347957356,-104.91312652042646
22.909551000000647,circle_tension,212,-0.8221381161680328,0.773991971102652,0.0017458207501055642,-0.000986325041035732,-47.105044233264465,44.346473321193535,0.5268225688333589,-0.5670287050045963,30.184709746391764,-32.48835165953195,0.35,1.5531583412748766,1.6468416587251231,-22.645,-100.48934468048452,-106.55065531951547
23.026708600000347,circle_tension,213,-0.81819640710036,0.7730950058112771,0.018502900398574752,-0.0044900345906996675,-46.87920093961837,44.29508099562803,0.5284404220327305,-0.5642930164127572,30.277405906587493,-32.33160824915748,0.35,1.52783661051582,1.6721633894841799,-22.645,-98.85102870037356,-108.18897129962644
23.13437520000025,circle_tension,214,-0.8156609607444185,0.7723952338584521,0.02008387154889748,-0.005195037961954271,-46.7339305642411,44.25498701610953,0.529389841865053,-0.5624418126502928,30.331803655965594,-32.22554208654953,0.35,1.502491922282508,1.697508077717492,-22.645,-97.21122737167826,-109.82877262832174
23.24030810000022,circle_tension,215,-0.8017877409066752,0.7698584106205867,0.07189166188781149,-0.01345707856275087,-45.93905361928124,44.10963775120913,0.535377360859053,-0.5532206195387617,30.67486322407621,-31.69720663918369,0.35,1.4771134531797914,1.7228865468202086,-22.645,-95.56924042073251,-111.4707595792675
23.345660699999826,circle_tension,216,-0.7832186961857857,0.7672134516708928,0.1207728616197556,-0.017694019844412344,-44.87512572718459,43.95809276640632,0.5436829098557613,-0.5413181818076478,31.15073612812671,-31.0152471912736,0.35,1.4516903287798395,1.7483096712201602,-22.645,-93.92436427205563,-113.11563572794437
23.450419100000545,circle_tension,217,-0.757010768544863,0.7699113752449384,0.1804593998814734,0.005020810072920555,-43.373522083575466,44.11267240064797,0.5596425078700751,-0.528737921012334,32.06515373707226,-30.294451342528223,0.35,1.4262116049687763,1.7737883950312239,-22.645,-92.27589084147984,-114.76410915852018
23.554598100000476,circle_tension,218,-0.7378002756172877,0.7788845681425459,0.17994810772905967,0.0447383091975863,-42.272841916459484,44.62679848243766,0.5763356505660443,-0.5239259378740613,33.021600360360935,-30.018745017617082,0.35,1.4006662490526303,1.79933375094737,-22.645,-90.62310631370518,-116.41689368629484
23.66008690000035,circle_tension,219,-0.7153896801609738,0.7926958814422345,0.19183670229720223,0.08795463075797845,-40.98880938043764,45.41812844404271,0.5983567381564553,-0.5199384332382521,34.28331573957939,-29.790277831196363,0.35,1.3750431205529665,1.8249568794470337,-22.645,-88.96528989977693,-118.07471010022309
23.767263900000216,circle_tension,220,-0.6889774037239387,0.7998499361234687,0.21594501460688978,0.08198596099417477,-39.475497413262694,45.82802558368324,0.6174013919649949,-0.5085031381578717,35.37449402509646,-29.135083685603856,0.35,1.3493309516207412,1.8506690483792587,-22.645,-87.30171256986196,-119.73828743013804
23.873965800000406,circle_tension,221,-0.6333317059018162,0.804400304235522,0.35302459785095214,0.07365599780988251,-36.28723377999476,46.08874247173481,0.6483950461580633,-0.4760711223881189,37.150299602047234,-27.27686606089529,0.35,1.3235183269944333,1.876481673005567,-22.645,-85.63163575653984,-121.40836424346018
23.978492000000188,circle_tension,222,-0.5837580817962995,0.8118992942660503,0.3997977869978477,0.08397376229960556,-33.44687434358065,46.518402951094764,0.677446521552137,-0.44748930095212397,38.814826530755816,-25.639248321816236,0.35,1.2975936634258072,1.9024063365741926,-22.645,-83.95431002364973,-123.08568997635027
24.0814704000004,circle_tension,223,-0.5672386390652195,0.8191402690641985,0.28383747595423986,0.08050161543270044,-32.5003799951817,46.93328024658924,0.6908529768602067,-0.44012832761134346,39.58295983813897,-25.217495616281198,0.35,1.2715451884931706,1.9284548115068296,-22.645,-82.26897369550814,-124.77102630449188
24.18792140000005,circle_tension,224,-0.5596333840560703,0.8253060815830296,0.18499992969862586,0.07200869138816283,-32.06463098103673,47.2865552811872,0.699405469979743,-0.4381348158504973,40.07298159820307,-25.10327580597502,0.35,1.2453609187182018,1.9546390812817984,-22.645,-80.57485144106765,-126.46514855893237
24.292022200000247,circle_tension,225,-0.5577823052881707,0.8276826442665861,0.10580880523676231,0.048804968806562224,-31.958571980089804,47.42272229270327,0.7022316428564874,-0.4380973400868885,40.23490937621487,-25.101128602886206,0.35,1.2190286368978973,1.9809713631021024,-22.645,-78.87115280729395,-128.16884719270604
24.39542580000034,circle_tension,226,-0.5577046744501634,0.8269655171600098,0.05707339011693336,0.022946318703090485,-31.954124060711916,47.381633936122014,0.7016571882452802,-0.43766329153294303,40.20199555147087,-25.076259452641374,0.35,1.1925358685580731,2.007464131441927,-22.645,-77.15707069570733,-129.88292930429267
24.49990600000001,circle_tension,227,-0.5584357993435747,0.8257942067924928,0.027396688554056702,0.007055373528638323,-31.99601443140134,47.31452279556338,0.7003436435117729,-0.4375555427196612,40.12673498203927,-25.07008590039278,0.35,1.1658698574291013,2.034130142570899,-22.645,-75.43177977566286,-131.60822022433717
24.602805000000444,circle_tension,228,-0.5586649950510663,0.8250279865491248,0.013668784630328862,0.00035639504564461745,-32.00914637812312,47.2706216094409,0.6995936124725012,-0.4373099083910386,40.083761368985186,-25.056012090059177,0.35,1.1390175398380438,2.060982460161956,-22.645,-73.69443482752143,-133.34556517247856
24.706839700000273,circle_tension,229,-0.5590994840105923,0.8239756873306812,0.005409408423712019,-0.004525474077200976,-32.03404076174899,47.21032930543917,0.6985114712283875,-0.4370556690793771,40.02175924286044,-25.041445250514663,0.35,1.1119655179040124,2.0880344820959875,-22.645,-71.94416900838961,-135.0958309916104
24.810354300000654,circle_tension,230,-0.5594241270649492,0.823427361449072,0.0014505241111123454,-0.004879275516754819,-32.05264143861188,47.17891254662517,0.6979048077751855,-0.4369914173839825,39.98699998740713,-25.037763899541993,0.35,1.0847000314153772,2.1152999685846225,-22.645,-70.1800920325749,-136.85990796742507
24.917223899999954,circle_tension,231,-0.5598069693944301,0.8225764451828133,-0.000934693293185946,-0.00641577409780363,-32.07457668831009,47.13015863584952,0.6970164274306715,-0.43680671705157803,39.9360995430641,-25.02718135002055,0.35,1.0572069282583005,2.1427930717416994,-22.645,-68.40128825831205,-138.63871174168796
25.024842499999977,circle_tension,232,-0.5599633903024595,0.8223772275714714,-0.0011830479948322723,-0.004265230665700459,-32.08353894616778,47.118744307514945,0.6967793011871121,-0.4368099241836653,39.922513210096355,-25.027365105153493,0.35,1.029471633255828,2.170528366744172,-22.645,-66.60681467165207,-140.43318532834792
25.130625700000564,circle_tension,233,-0.5602256777936683,0.8219541700523346,-0.0017769701654020175,-0.004105430679980536,-32.098566912433114,47.09450489717714,0.6963063205205275,-0.4367678624505088,39.895413414109775,-25.024955145364622,0.35,1.001479115265316,2.198520884734684,-22.645,-64.79569875766595,-142.24430124233405
25.23696150000069,circle_tension,234,-0.5469542619660577,0.8220672307074327,0.057900181540063225,-0.0013716720666108692,-31.33817079734791,47.100982795543246,0.7021379253272659,-0.4275475010102504,40.22953975732409,-24.49666734925265,0.35,0.9732138523692877,2.2267861476307123,-22.645,-62.96693624829292,-144.07306375170708
25.3420528000006,circle_tension,235,-0.5066881377736943,0.8245459414048784,0.2082908983324554,0.014208822635292113,-29.031091823775864,47.243002457140804,0.7209470985998885,-0.40013908895240385,41.30722600197563,-22.926281015182568,0.35,0.9446597949806144,2.255340205019386,-22.645,-61.11948873524575,-145.92051126475428
25.44830060000004,circle_tension,236,-0.47389512462996874,0.8308551767752028,0.2542939323824291,0.04055553636361276,-27.152190573123356,47.604495015815054,0.7392928431249608,-0.37916542152254035,42.358359735287515,-21.72457839054039,0.35,0.9158003266670764,2.2841996733329233,-22.645,-59.25228113535985,-147.78771886464014
25.553974200000084,circle_tension,237,-0.46884718809268794,0.8379640340347203,0.1554640198110913,0.05345444939905692,-26.862965114287285,48.011802533946344,0.7475391577636632,-0.3786408984060423,42.83083876062211,-21.694525429708005,0.35,0.8866182224827865,2.313381777517214,-22.645,-57.36419899463629,-149.67580100536375
25.658067700000174,circle_tension,238,-0.46194606479337086,0.8462568111532793,0.11194316928232896,0.06576008625418203,-26.467559875337017,48.48694366328244,0.7575579686777155,-0.3771690794805568,43.404874341736914,-21.610196417070203,0.35,0.85709560457426,2.34290439542574,-22.645,-55.454085615954625,-151.5859143840454
25.76390950000041,circle_tension,239,-0.4576962940588936,0.8524476319067152,0.07810037944259408,0.06304155147347708,-26.22406594835326,48.84165156417632,0.7647076222068421,-0.37668185207429944,43.81451931393668,-21.58228034302855,0.35,0.8272138948070359,2.3727861051929646,-22.645,-53.520738994015225,-153.51926100598482
25.869812400000228,circle_tension,240,-0.4564383495773576,0.8546293448252295,0.04703210865130919,0.043327459412654284,-26.151991038699475,48.96665450651635,0.767139228494052,-0.37668119297617125,43.953840091631285,-21.58224257948752,0.35,0.7969537641342848,2.403046235865715,-22.645,-51.56290853948823,-155.4770914605118
25.975826800000505,circle_tension,241,-0.45651588209015426,0.8541701679186988,0.0245925286004906,0.020927623667520146,-26.156433324457765,48.94034560772227,0.766697866793802,-0.37653825412046976,43.92855192896824,-21.574052786327396,0.35,0.766295078401416,2.433704921598584,-22.645,-49.57929157257161,-157.46070842742841
26.07977100000062,circle_tension,242,-0.456713873418213,0.8535511962994071,0.012205150376280973,0.008379185263652224,-26.167777391935722,48.90488114629848,0.7660677693897565,-0.37641707905772787,43.892450007034284,-21.567109966650055,0.35,0.7352168402502768,2.4647831597497234,-22.645,-47.56852956419291,-159.4714704358071
26.184674400000404,circle_tension,243,-0.4564450534188534,0.8532094797992412,0.00774333100470468,0.0029661481033215614,-26.152375140523706,48.88530223304899,0.7658621968593528,-0.3760605161952765,43.88067156865832,-21.546680419500486,0.35,0.7036971267521444,2.496302873247856,-22.645,-45.529204100863744,-161.51079589913627
26.288780700000643,circle_tension,244,-0.4387839546231924,0.8556861141150396,0.08231858551624108,0.013237992874819977,-25.14046871796875,49.02720292674151,0.774626075061567,-0.36352877427241986,44.3828048018119,-20.82866449737364,0.35,0.6717130223604706,2.52828697763953,-22.645,-43.45983254672245,-163.5801674532776
26.392511600000034,circle_tension,245,-0.391509338009421,0.8650629992035161,0.2520598254591716,0.055038164986956205,-22.431832707900607,49.56445886729037,0.7996072925944486,-0.3300941838638762,45.814123133544236,-18.913003577215505,0.35,0.6392405467312433,2.5607594532687568,-22.645,-41.35886337351145,-165.68113662648858
26.502555900000516,circle_tension,246,-0.3543690645618902,0.8790343323528252,0.2949727992880195,0.09893502606428661,-20.303851789395296,50.364957290917005,0.8244160696683578,-0.3050237720695792,47.235561354760144,-17.47657479074729,0.35,0.606254576910524,2.593745423089476,-22.645,-39.224671126110906,-167.81532887388911
26.60944810000001,circle_tension,247,-0.34789777337778016,0.8914587441328858,0.17900256462632075,0.10652209750561088,-19.933074116545573,51.076823648847096,0.8380527750384396,-0.3039181448044071,48.01688701892921,-17.413227014738336,0.35,0.5730956211754443,2.6,-22.645,-37.07928669005125,-168.22000000000003
26.71436790000007,circle_tension,248,-0.34016713953819266,0.9048653252305391,0.12629328472230725,0.11614023446618094,-19.490141424576194,51.8449641634425,0.8530155589421954,-0.301903482933045,48.87419138638071,-17.29779539236336,0.35,0.5404621946674607,2.6,-22.645,-34.96790399498471,-168.22000000000003
26.81841010000062,circle_tension,249,-0.3354550381366655,0.914131170436563,0.08719406104060973,0.10358494038496298,-19.22015790163101,52.375857987369194,0.8631780560247209,-0.3009309561362946,49.45645957852343,-17.242073711446185,0.35,0.5083473452819931,2.6,-22.645,-32.89007323974496,-168.22000000000003
26.923082799999975,circle_tension,250,-0.31382804366488815,0.9024139306141836,0.14381472212452556,0.005049103137469589,-17.981022394845404,51.704509598004236,0.8583389669187746,-0.2785769553199822,49.179200196064976,-15.961283809439488,0.35,0.47672577122841536,2.6,-22.645,-30.844157398478476,-168.22000000000003
27.031246999999894,circle_tension,251,-0.22057033908879833,0.8397151949709406,0.5275003200667187,-0.25256010720445693,-12.637749515557593,48.112136664839944,0.8193712686050127,-0.18371807981169627,46.94651554534736,-10.526270593457811,0.35,0.4455733547900385,2.6,-22.645,-28.828596054915494,-168.22000000000003
27.136554700000488,circle_tension,252,-0.044690529831071135,0.8192004533589515,1.0931523852584768,-0.12300897322802821,-2.56057874352388,46.93672855267157,0.8183825181346451,-0.0365983168343695,46.889864316403724,-2.096929091891964,0.35,0.41486708144469564,2.6,-22.645,-26.84190016947181,-168.22000000000003
27.24020329999985,circle_tension,253,0.15433929777800204,0.8283312510515378,1.4487595150769195,0.14246365558162968,8.842990375692361,47.45988472404455,0.818485137892991,0.12733711366642933,46.895743995451596,7.295879188464037,0.35,0.3845849649770278,2.6,-22.645,-24.8826472340137,-168.22000000000003
27.346701200000098,circle_tension,254,0.3167410342130248,0.8395770873263517,1.4552423551047318,0.2785338790436294,18.147924459015133,48.10422367968651,0.7978127760404731,0.2615042254916627,45.71130490873507,14.983088445509667,0.35,0.3547059780456493,2.6,-22.645,-22.94947677955351,-168.22000000000003
27.45225010000013,circle_tension,255,0.44709732431581,0.8345847811400079,1.3221626635380097,0.23964727571238556,25.61678971488771,47.818185605171955,0.7525499970774863,0.3608327296812061,43.1179387051224,20.67419252091802,0.35,0.35,2.6,-22.645,-22.645,-168.22000000000003
27.55789730000015,circle_tension,256,0.5549920707994245,0.7972926471869389,1.2147864153990737,0.04616349375211454,31.7987033200328,45.68150372062459,0.677622703126105,0.4201226457433914,38.824920991372146,24.07125447896615,0.35,0.35,2.6,-22.645,-22.645,-168.22000000000003
27.664441300000362,circle_tension,257,0.6556044190193382,0.7676710514139944,1.1247229757438413,-0.03718012722541027,37.56336623993444,43.98431130039231,0.6085171787671869,0.46800180162504834,34.865466104567645,26.814528037634062,0.35,0.35,2.6,-22.645,-22.645,-168.22000000000003
27.768960600000355,circle_tension,258,0.6887323824278125,0.7686500075443231,0.7432523937890723,0.0016491971199143916,39.46145872710384,44.0404013549886,0.5934379915066071,0.48852245018472995,34.00149231604898,27.99027459297503,0.35,0.35,2.6,-22.645,-22.645,-168.22000000000003
27.875020000000404,circle_tension,259,0.7085785237022004,0.826742454071214,0.45073465157171305,0.26595205431271984,40.59855886174665,47.36885336256887,0.627735356406461,0.5380068844177988,35.96658657323074,30.825523826122563,0.35,0.35,2.6,-22.645,-22.645,-168.22000000000003
27.982249600000614,circle_tension,260,0.7315735427564771,0.8860713623200778,0.3147490179988851,0.4095253143271455,41.91607640337962,50.768149408347654,0.6593470836908633,0.591932329199979,37.77780512974554,33.915224220507255,0.35,0.35,2.6,-22.645,-22.645,-168.22000000000003
28.089061499999843,circle_tension,261,0.7389305333292672,0.8948750089341297,0.19477705325065886,0.2560887155536824,42.337600913118024,51.272561203657474,0.6614819998748965,0.6026963127947327,37.90012681670482,34.5319550512347,0.35,0.35,2.6,-22.645,-22.645,-168.22000000000003
28.194650400000683,circle_tension,262,0.7404279898174844,0.8939223110600155,0.10974929338175336,0.13167880456091266,42.423398849897346,51.21797563631964,0.6598754846385947,0.6030434834934035,37.808080273941265,34.55184646703915,0.35,0.35,2.6,-22.645,-22.645,-168.22000000000003
28.30208860000039,circle_tension,263,0.7417086803086184,0.8920091186418699,0.06392841964329744,0.0614752566933536,42.49677700990186,51.108357785363474,0.6576920055253901,0.6025956302598251,37.68297613609967,34.52618636691382,0.35,0.35,2.6,-22.645,-22.645,-168.22000000000003
28.40761509999993,circle_tension,264,0.7423858455529713,0.8905961747372482,0.03677248890684609,0.026266953573289783,42.53557572043623,51.027402062939906,0.6562426593338565,0.6020856405255378,37.599934716271434,34.49696610754416,0.35,0.35,2.6,-22.645,-22.645,-168.22000000000003
28.512361500000225,circle_tension,265,0.7431290780501318,0.8893325473511408,0.02291490215971479,0.00839922278837273,42.578159805720496,50.95500154683881,0.6548645101046606,0.6017182506650866,37.52097258189931,34.4759162191044,0.35,0.35,2.6,-22.645,-22.645,-168.22000000000003
28.618346799999927,circle_tension,266,0.7435491289541654,0.8879556303722871,0.0141116880057957,-0.0016355708401950752,42.60222694970227,50.876110015210585,0.6535981916919889,0.601061232593492,37.448417881333505,34.43827185653821,0.35,0.35,2.6,-22.645,-22.645,-168.22000000000003
28.722902800000156,circle_tension,267,0.7439858652106057,0.8868787578256025,0.009443055632496514,-0.005633541807143103,42.62725009395665,50.814409763212055,0.6525432881513633,0.6006173392193157,37.38797636066226,34.412838639644086,0.35,0.35,2.6,-22.645,-22.645,-168.22000000000003
28.82706380000036,circle_tension,268,0.7445559864511146,0.8858558404936128,0.007594573669761715,-0.0075613382016309644,42.65991563484857,50.75580091729826,0.651448515407458,0.6002960951980815,37.32525050291052,34.39443271303355,0.35,0.35,2.6,-22.645,-22.645,-168.22000000000003
28.93223410000064,circle_tension,269,0.7449585066016144,0.8849156203201903,0.005869554297817686,-0.008240731910206077,42.682978340641185,50.70193026954809,0.650515660440621,0.5999208536200169,37.27180185041295,34.372932954312624,0.35,0.35,2.6,-22.645,-22.645,-168.22000000000003
29.03793339999993,circle_tension,270,0.7453115392895744,0.8840803038239335,0.004693996221307837,-0.008086261592995041,42.703205623691446,50.65407015975493,0.6496899736459355,0.5995839572181384,37.224493481877786,34.353630212351845,0.35,0.35,2.6,-22.645,-22.645,-168.22000000000003
29.160638800000015,circle_tension,271,0.7457464146244641,0.8831605512632102,0.004431838728585179,-0.008378052108556324,42.72812214499497,50.60137221982913,0.6487535345931359,0.5992423638732914,37.17083947638114,34.33405835538235,0.35,0.35,2.6,-22.645,-22.645,-168.22000000000003
29.27097860000049,circle_tension,272,0.7457348931226359,0.8824779203046288,0.002141933884713088,-0.006943863655195971,42.72746201156656,50.56226034693744,0.6482589852099724,0.5987717160318443,37.14250388396507,34.30709222043049,0.35,0.35,2.6,-22.645,-22.645,-168.22000000000003
29.38009240000065,circle_tension,273,0.7459062440751786,0.8820258575351978,0.001867603668555613,-0.005598373437763686,42.7372796979628,50.53635905817406,0.6478243476042098,0.598576000197035,37.11760098353721,34.295878529112045,0.35,0.35,2.6,-22.645,-22.645,-168.22000000000003
29.486134700000548,circle_tension,274,0.7460835489472215,0.8819979574723353,0.0017520886673726354,-0.003052704028852735,42.747438518817965,50.534760502323884,0.6476977184899825,0.5986719155332433,37.1103456697285,34.30137407306735,0.35,0.35,2.6,-22.645,-22.645,-168.22000000000003
29.59120239999993,circle_tension,275,0.7460835489472215,0.8819979574723353,0.000928795260507663,-0.0016182611568299398,42.747438518817965,50.534760502323884,0.6476977184899825,0.5986719155332433,37.1103456697285,34.30137407306735,0.35,0.35,2.6,-22.645,-22.645,-168.22000000000003
29.69603300000017,circle_tension,276,0.7460835489472215,0.8819979574723353,0.0004953024386668064,-0.000862976730673168,42.747438518817965,50.534760502323884,0.6476977184899825,0.5986719155332433,37.1103456697285,34.30137407306735,0.35,0.35,2.6,-22.645,-22.645,-168.22000000000003
29.80426990000069,circle_tension,277,0.7460835489472215,0.8819979574723353,0.0002642315274906405,-0.0004603766142327533,42.747438518817965,50.534760502323884,0.6476977184899825,0.5986719155332433,37.1103456697285,34.30137407306735,0.35,0.35,2.6,-22.645,-22.645,-168.22000000000003
29.909697900000538,circle_tension,278,0.7460835489472215,0.8819979574723353,0.00013912927025887777,-0.00024240809940715593,42.747438518817965,50.534760502323884,0.6476977184899825,0.5986719155332433,37.1103456697285,34.30137407306735,0.35,0.35,2.6,-22.645,-22.645,-168.22000000000003
30.01490300000023,circle_tension,279,0.7460835489472215,0.8819979574723353,7.396306448462541e-05,-0.00012886753344343733,42.747438518817965,50.534760502323884,0.6476977184899825,0.5986719155332433,37.1103456697285,34.30137407306735,0.35,0.35,2.6,-22.645,-22.645,-168.22000000000003
30.121265600000697,circle_tension,280,0.7460835489472215,0.8819979574723353,3.9466595778820495e-05,-6.876354957524758e-05,42.747438518817965,50.534760502323884,0.6476977184899825,0.5986719155332433,37.1103456697285,34.30137407306735,0.35,0.35,2.6,-22.645,-22.645,-168.22000000000003
30.228412400000707,circle_tension,281,0.7460835489472215,0.8819979574723353,2.0933336280548974e-05,-3.647262903468685e-05,42.747438518817965,50.534760502323884,0.6476977184899825,0.5986719155332433,37.1103456697285,34.30137407306735,0.35,0.35,2.6,-22.645,-22.645,-168.22000000000003
30.333500100000492,circle_tension,282,0.7460835489472215,0.8819979574723353,1.1061607480633484e-05,-1.9272890893332645e-05,42.747438518817965,50.534760502323884,0.6476977184899825,0.5986719155332433,37.1103456697285,34.30137407306735,0.35,0.35,2.6,-22.645,-22.645,-168.22000000000003
30.438388000000486,circle_tension,283,0.7460835489472215,0.8819979574723353,5.889660771095722e-06,-1.0261690232527454e-05,42.747438518817965,50.534760502323884,0.6476977184899825,0.5986719155332433,37.1103456697285,34.30137407306735,0.35,0.35,2.6,-22.645,-22.645,-168.22000000000003
30.543514300000425,circle_tension,284,0.7460835489472215,0.8819979574723353,3.145424596837202e-06,-5.480344983690969e-06,42.747438518817965,50.534760502323884,0.6476977184899825,0.5986719155332433,37.1103456697285,34.30137407306735,0.35,0.35,2.6,-22.645,-22.645,-168.22000000000003
30.64762830000018,circle_tension,285,0.7460835489472215,0.8819979574723353,1.6762843188680476e-06,-2.9206283842841737e-06,42.747438518817965,50.534760502323884,0.6476977184899825,0.5986719155332433,37.1103456697285,34.30137407306735,0.35,0.35,2.6,-22.645,-22.645,-168.22000000000003
30.75130630000058,circle_tension,286,0.7460835489472215,0.8819979574723353,8.980940537865006e-07,-1.5647697444410483e-06,42.747438518817965,50.534760502323884,0.6476977184899825,0.5986719155332433,37.1103456697285,34.30137407306735,0.35,0.35,2.6,-22.645,-22.645,-168.22000000000003
30.85806070000035,circle_tension,287,0.7460835489472215,0.8819979574723353,4.818310095457089e-07,-8.395051525971299e-07,42.747438518817965,50.534760502323884,0.6476977184899825,0.5986719155332433,37.1103456697285,34.30137407306735,0.35,0.35,2.6,-22.645,-22.645,-168.22000000000003
30.964038600000094,circle_tension,288,0.7460835489472215,0.8819979574723353,2.5507458892329433e-07,-4.4442227140921754e-07,42.747438518817965,50.534760502323884,0.6476977184899825,0.5986719155332433,37.1103456697285,34.30137407306735,0.35,0.35,2.6,-22.645,-22.645,-168.22000000000003
31.06879570000001,circle_tension,289,0.7460835489472215,0.8819979574723353,1.3537284388149617e-07,-2.3586319209175313e-07,42.747438518817965,50.534760502323884,0.6476977184899825,0.5986719155332433,37.1103456697285,34.30137407306735,0.35,0.35,2.6,-22.645,-22.645,-168.22000000000003
31.175379799999973,circle_tension,290,0.7460835489472215,0.8819979574723353,7.226330894164451e-08,-1.259060106102901e-07,42.747438518817965,50.534760502323884,0.6476977184899825,0.5986719155332433,37.1103456697285,34.30137407306735,0.35,0.35,2.6,-22.645,-22.645,-168.22000000000003
31.288943300000028,circle_tension,291,0.7460835489472215,0.8819979574723353,3.8214217887550954e-08,-6.658150302388345e-08,42.747438518817965,50.534760502323884,0.6476977184899825,0.5986719155332433,37.1103456697285,34.30137407306735,0.35,0.35,2.6,-22.645,-22.645,-168.22000000000003
31.395900999999867,circle_tension,292,0.7460835489472215,0.8819979574723353,1.9627171749258147e-08,-3.4196868794198965e-08,42.747438518817965,50.534760502323884,0.6476977184899825,0.5986719155332433,37.1103456697285,34.30137407306735,0.35,0.35,2.6,-22.645,-22.645,-168.22000000000003
31.49960790000023,circle_tension,293,0.7460835489472215,0.8819979574723353,1.0396445250174022e-08,-1.8113963574997094e-08,42.747438518817965,50.534760502323884,0.6476977184899825,0.5986719155332433,37.1103456697285,34.30137407306735,0.35,0.35,2.6,-22.645,-22.645,-168.22000000000003
31.60354880000068,circle_tension,294,0.7460835489472215,0.8819979574723353,5.5734331087596835e-09,-9.710719567158385e-09,42.747438518817965,50.534760502323884,0.6476977184899825,0.5986719155332433,37.1103456697285,34.30137407306735,0.35,0.35,2.6,-22.645,-22.645,-168.22000000000003
31.706862600000022,circle_tension,295,0.7460835489472215,0.8819979574723353,2.985953025873739e-09,-5.202494030007413e-09,42.747438518817965,50.534760502323884,0.6476977184899825,0.5986719155332433,37.1103456697285,34.30137407306735,0.35,0.35,2.6,-22.645,-22.645,-168.22000000000003
31.811971699999958,circle_tension,296,0.7460835489472215,0.8819979574723353,1.6037337036266515e-09,-2.794221793357888e-09,42.747438518817965,50.534760502323884,0.6476977184899825,0.5986719155332433,37.1103456697285,34.30137407306735,0.35,0.35,2.6,-22.645,-22.645,-168.22000000000003
31.916574500000024,circle_tension,297,0.7460835489472215,0.8819979574723353,8.551281524863625e-10,-1.4899092750796962e-09,42.747438518817965,50.534760502323884,0.6476977184899825,0.5986719155332433,37.1103456697285,34.30137407306735,0.35,0.35,2.6,-22.645,-22.645,-168.22000000000003
32.023418600000696,circle_tension,298,0.7460835489472215,0.8819979574723353,4.5722563688337996e-10,-7.966346508602795e-10,42.747438518817965,50.534760502323884,0.6476977184899825,0.5986719155332433,37.1103456697285,34.30137407306735,0.35,0.35,2.6,-22.645,-22.645,-168.22000000000003
32.12829169999986,circle_tension,299,0.7460835489472215,0.8819979574723353,2.418054198942135e-10,-4.2130309570257637e-10,42.747438518817965,50.534760502323884,0.6476977184899825,0.5986719155332433,37.1103456697285,34.30137407306735,0.35,0.35,2.6,-22.645,-22.645,-168.22000000000003
32.231954900000346,circle_tension,300,0.7460835489472215,0.8819979574723353,1.291408179593675e-10,-2.2500499125142394e-10,42.747438518817965,50.534760502323884,0.6476977184899825,0.5986719155332433,37.1103456697285,34.30137407306735,0.35,0.35,2.6,-22.645,-22.645,-168.22000000000003
32.33782400000018,circle_tension,301,0.7460835489472215,0.8819979574723353,6.914014011530472e-11,-1.2046444236291845e-10,42.747438518817965,50.534760502323884,0.6476977184899825,0.5986719155332433,37.1103456697285,34.30137407306735,0.35,0.35,2.6,-22.645,-22.645,-168.22000000000003
32.44273780000003,circle_tension,302,0.7460835489472215,0.8819979574723353,3.67492386615902e-11,-6.402903632025354e-11,42.747438518817965,50.534760502323884,0.6476977184899825,0.5986719155332433,37.1103456697285,34.30137407306735,0.35,0.35,2.6,-22.645,-22.645,-168.22000000000003
32.548280400000294,circle_tension,303,0.7460835489472215,0.8819979574723353,1.9609389932491726e-11,-3.416588712946133e-11,42.747438518817965,50.534760502323884,0.6476977184899825,0.5986719155332433,37.1103456697285,34.30137407306735,0.35,0.35,2.6,-22.645,-22.645,-168.22000000000003
32.65292090000003,circle_tension,304,0.7460835489472215,0.8819979574723353,1.0443831334342036e-11,-1.81965254297394e-11,42.747438518817965,50.534760502323884,0.6476977184899825,0.5986719155332433,37.1103456697285,34.30137407306735,0.35,0.35,2.6,-22.645,-22.645,-168.22000000000003
32.76031320000038,circle_tension,305,0.7460835489472215,0.8819979574723353,5.575648763879284e-12,-9.714579953585232e-12,42.747438518817965,50.534760502323884,0.6476977184899825,0.5986719155332433,37.1103456697285,34.30137407306735,0.35,0.35,2.6,-22.645,-22.645,-168.22000000000003
32.86876670000038,circle_tension,306,0.7460835489472215,0.8819979574723353,2.9372057721631883e-12,-5.117560578539541e-12,42.747438518817965,50.534760502323884,0.6476977184899825,0.5986719155332433,37.1103456697285,34.30137407306735,0.35,0.35,2.6,-22.645,-22.645,-168.22000000000003
32.97383700000046,circle_tension,307,0.7460835489472215,0.8819979574723353,1.5459296426715993e-12,-2.6935084601530416e-12,42.747438518817965,50.534760502323884,0.6476977184899825,0.5986719155332433,37.1103456697285,34.30137407306735,0.35,0.35,2.6,-22.645,-22.645,-168.22000000000003
33.07864430000063,circle_tension,308,0.7460835489472215,0.8819979574723353,8.240489917495553e-13,-1.435759344792844e-12,42.747438518817965,50.534760502323884,0.6476977184899825,0.5986719155332433,37.1103456697285,34.30137407306735,0.35,0.35,2.6,-22.645,-22.645,-168.22000000000003
33.18493530000069,circle_tension,309,0.7460835489472215,0.8819979574723353,4.4026668659721567e-13,-7.670866851506904e-13,42.747438518817965,50.534760502323884,0.6476977184899825,0.5986719155332433,37.1103456697285,34.30137407306735,0.35,0.35,2.6,-22.645,-22.645,-168.22000000000003
33.296953200000644,circle_tension,310,0.7460835489472215,0.8819979574723353,2.3312624608013e-13,-4.0618117330061455e-13,42.747438518817965,50.534760502323884,0.6476977184899825,0.5986719155332433,37.1103456697285,34.30137407306735,0.35,0.35,2.6,-22.645,-22.645,-168.22000000000003
33.40187440000045,circle_tension,311,0.7460835489472215,0.8819979574723353,1.2079904211783313e-13,-2.1047092502895096e-13,42.747438518817965,50.534760502323884,0.6476977184899825,0.5986719155332433,37.1103456697285,34.30137407306735,0.35,0.35,2.6,-22.645,-22.645,-168.22000000000003
33.508214899999984,circle_tension,312,0.7460835489472215,0.8819979574723353,6.429174319179298e-14,-1.1201696987051535e-13,42.747438518817965,50.534760502323884,0.6476977184899825,0.5986719155332433,37.1103456697285,34.30137407306735,0.36476273633252,0.35,2.6,-23.600149040714044,-22.645,-168.22000000000003
33.61287960000027,circle_tension,313,0.7460835489472215,0.8819979574723353,3.4156554079355e-14,-5.951174286523547e-14,42.747438518817965,50.534760502323884,0.6476977184899825,0.5986719155332433,37.1103456697285,34.30137407306735,0.3941257922182473,0.35,2.6,-25.4999387565206,-22.645,-168.22000000000003
33.71806319999996,circle_tension,314,0.7460835489472215,0.8819979574723353,1.825710807991545e-14,-3.180977562872637e-14,42.747438518817965,50.534760502323884,0.6476977184899825,0.5986719155332433,37.1103456697285,34.30137407306735,0.42385950041903153,0.35,2.6,-27.42370967711134,-22.645,-168.22000000000003
33.82763650000015,circle_tension,315,0.7460835489472215,0.8819979574723353,9.71072408741008e-15,-1.6919215960209942e-14,42.747438518817965,50.534760502323884,0.6476977184899825,0.5986719155332433,37.1103456697285,34.30137407306735,0.4539829508646003,0.35,2.6,-29.37269692093964,-22.645,-168.22000000000003
33.934149000000616,circle_tension,316,0.7460835489472215,0.8819979574723353,5.077743955978561e-15,-8.84706905566763e-15,42.747438518817965,50.534760502323884,0.6476977184899825,0.5986719155332433,37.1103456697285,34.30137407306735,0.4845160417141202,0.35,2.6,-31.34818789890358,-22.645,-168.22000000000003
34.039933400000336,circle_tension,317,0.7460835489472215,0.8819979574723353,2.689352453388707e-15,-4.685720090739352e-15,42.747438518817965,50.534760502323884,0.6476977184899825,0.5986719155332433,37.1103456697285,34.30137407306735,0.5154795362834007,0.35,2.6,-33.35152599753603,-22.645,-168.22000000000003
34.14381779999985,circle_tension,318,0.7460835489472215,0.8819979574723353,1.4308269111949732e-15,-2.492962347017363e-15,42.747438518817965,50.534760502323884,0.6476977184899825,0.5986719155332433,37.1103456697285,34.30137407306735,0.5468951241690589,0.35,2.6,-35.38411453373811,-22.645,-168.22000000000003
34.25297600000067,circle_tension,319,0.7460835489472215,0.8819979574723353,7.668088165273078e-16,-1.3360284825555916e-15,42.747438518817965,50.534760502323884,0.6476977184899825,0.5986719155332433,37.1103456697285,34.30137407306735,0.5787854869659731,0.35,2.6,-37.44742100669846,-22.645,-168.22000000000003
34.36026300000049,circle_tension,320,0.7460835489472215,0.8819979574723353,4.0046121961833877e-16,-6.977327125580816e-16,42.747438518817965,50.534760502323884,0.6476977184899825,0.5986719155332433,37.1103456697285,34.30137407306735,0.6111122826424304,0.35,2.5888877173575695,-39.53896468696525,-22.645,-167.50103531303475
34.4646616,circle_tension,321,0.7460835489472215,0.8819979574723353,2.1175679696362975e-16,-3.6894869492945587e-16,42.747438518817965,50.534760502323884,0.6476977184899825,0.5986719155332433,37.1103456697285,34.30137407306735,0.643135797195558,0.35,2.556864202804442,-41.6108860785526,-22.645,-165.42911392144742
34.5704138000001,circle_tension,322,0.7460835489472215,0.8819979574723353,1.1335743890729433e-16,-1.9750525010337723e-16,42.747438518817965,50.534760502323884,0.6476977184899825,0.5986719155332433,37.1103456697285,34.30137407306735,0.674653802443807,0.35,2.525346197556193,-43.65010101811431,-22.645,-163.3898989818857
34.676250399999844,circle_tension,323,0.7460835489472215,0.8819979574723353,6.019850070730072e-17,-1.0488522017304233e-16,42.747438518817965,50.534760502323884,0.6476977184899825,0.5986719155332433,37.1103456697285,34.30137407306735,0.7056903185785478,0.35,2.494309681421452,-45.65816361203205,-22.645,-161.38183638796795
34.78401209999993,circle_tension,324,0.7499332518059783,0.8790672195020417,0.01712128614430835,-0.01296200445028234,42.96801024500417,50.366841585767325,0.6432436940063035,0.5991633554584055,36.85514886496576,34.32953150666337,0.7362682541801119,0.35,2.463731745819888,-47.63655604545324,-22.645,-159.40344395454676
34.88976510000066,circle_tension,325,0.7543952453162981,0.8758409413750795,0.028696866370510162,-0.0208809256966317,43.22366364136027,50.18198946555702,0.6382128933989777,0.5998180201428518,36.56690522259414,34.36704103007841,0.7664094805713886,0.35,2.4335905194286114,-49.58669339296884,-22.645,-157.45330660703115
34.99390470000071,circle_tension,326,0.7549298020414866,0.8749582454736183,0.01768506857942534,-0.015034543459879694,43.2542914856239,50.1314147158098,0.6372492807051571,0.5995542390501735,36.51169428215299,34.351927486752594,0.7961349007395858,0.35,2.403865099260414,-51.50992807785121,-22.645,-155.53007192214878
35.09913580000011,circle_tension,327,0.7550880957464363,0.8744200466325266,0.010177064415417467,-0.010443759356761603,43.26336104684101,50.100578193676405,0.6367624446525824,0.599286247992474,36.483800631025645,34.336572730199165,0.8254645133041476,0.35,2.374535486695853,-53.407554010778355,-22.645,-153.63244598922168
35.204786199999944,circle_tension,328,0.7582395713764898,0.8716451423189235,0.019466838236159696,-0.017823357699636017,43.443927299681405,49.941587887954306,0.6328559368271504,0.599381862714252,36.25997421999356,34.34205105021636,0.8544174719622686,0.35,2.3455825280377316,-55.28081043595878,-22.645,-151.75918956404124
35.316908100000546,circle_tension,329,0.7631714433763728,0.8671485412971818,0.0324317651060335,-0.02931626824435242,43.72650275037344,49.68395162725429,0.6266427201494209,0.5993875991022541,35.90398312715937,34.34237972103853,0.8830121408023294,0.35,2.3169878591976705,-57.13088550991071,-22.645,-149.90911449008928
35.42097400000057,circle_tension,330,0.7687933327757399,0.8622085425553585,0.041377678179823345,-0.036348032284565304,44.04861328584652,49.40091054854788,0.6197125195756286,0.5994663993391636,35.50691188310193,34.34689464203807,0.9112661458387149,0.35,2.2887338541612854,-58.95891963576486,-22.645,-148.08108036423516
35.52601010000035,circle_tension,331,0.7756864319556485,0.8564605936710551,0.05345640982426123,-0.0449138690905824,44.44355877662037,49.071577336620365,0.6114619544126465,0.5996991135704993,35.03418932066539,34.36022818532624,0.9391964230886025,0.35,2.2608035769113974,-60.766008573832586,-22.645,-146.2739914261674
35.63028250000025,circle_tension,332,0.7812068631195581,0.851842472748118,0.05345411038377323,-0.0442581674697256,44.759856183404885,48.806978498455,0.6048628937666192,0.5998137028460584,34.65609099689715,34.36679366719324,0.9668192634819193,0.35,2.233180736518081,-62.55320634728018,-22.645,-144.48679365271985
35.73835710000003,circle_tension,333,0.781777529840272,0.8513400707616283,0.03114301923777896,-0.025875722192985794,44.79255297801036,48.77819298501016,0.6041639658193804,0.5998048169945062,34.616045375336626,34.36628454540192,0.9941503548693602,0.35,2.2058496451306393,-64.3215279600476,-22.645,-142.71847203995236
35.842935200000284,circle_tension,334,0.7818955665806886,0.8510353064363427,0.016903500321379373,-0.014942135098212656,44.799315985063714,48.760731275425144,0.6038769081947826,0.5996613815732259,34.59959818497012,34.35806630112988,1.0212048213697331,0.35,2.178795178630267,-66.07195194262174,-22.645,-140.9680480573783
35.949788400000216,circle_tension,335,0.7819715335731061,0.8508922224045155,0.00938878153521412,-0.008635438738674422,44.80366857311154,48.75253316428572,0.6037298301945685,0.599606426151132,34.59117123629863,34.35491758738254,1.0479972602767946,0.35,2.1520027397232053,-67.80542273990862,-22.645,-139.23457726009138
36.05374910000046,circle_tension,336,0.7876097810173892,0.8461154626767126,0.03000626907318653,-0.02553004169996758,45.126716355519385,48.47884499213456,0.5969693216903058,0.5996157145549501,34.203822631642076,34.35544977371973,1.074541776726663,0.35,2.1254582232733368,-69.5228529542151,-22.645,-137.5171470457849
36.158720899999935,circle_tension,337,0.7966803721485207,0.839079957870403,0.05721234230871495,-0.044823941211338966,45.64642294502202,48.07574025998902,0.5865875590456154,0.599975175547042,33.60899144819474,34.376045371466184,1.1008520163098692,0.35,2.0991479836901306,-71.22512545524854,-22.645,-135.81487454475146
36.267134100000476,circle_tension,338,0.8004802836504945,0.8360173616324291,0.04764554605742866,-0.0373632650042753,45.86414183660833,47.90026642120047,0.5821708010707249,0.6000018227734963,33.355929857102765,34.37757214507774,1.1269411957967526,0.35,2.073058804203247,-72.9130953680499,-22.645,-134.1269046319501
36.37854380000044,circle_tension,339,0.8003654667031603,0.8359521985744586,0.02451271586616296,-0.01990473189626338,45.857563310109505,47.89653285299859,0.5821943051580261,0.599888214039111,33.357276542106426,34.371062844081635,1.1528221321309793,0.35,2.0471778678690207,-74.58759194887436,-22.645,-132.45240805112564
36.48373290000018,circle_tension,340,0.8006080550602448,0.8357140966767422,0.013762660960473449,-0.011344837540908575,45.87146259912946,47.88289061916539,0.5818829788315231,0.5998585252627293,33.3394388575465,34.36936180249606,1.1785072698336414,0.35,2.0214927301663588,-76.2494203582366,-22.645,-130.79057964176343
36.5909615999999,circle_tension,341,0.8006623009166018,0.835425118088034,0.007594093103735447,-0.007344164602133066,45.87457065775479,47.86633336566276,0.5816492421538956,0.5996826552721067,33.32604673240103,34.35928519429038,1.204008706949052,0.35,1.995991293050948,-77.89936333960367,-22.645,-129.14063666039635
36.695337300000574,circle_tension,342,0.8019053979870128,0.8344699176495051,0.00948829226729442,-0.00806709892911014,45.945794873414414,47.81160441194601,0.5802391414531183,0.599718752573004,33.24525391355805,34.36135341728361,1.2293382196533187,0.35,1.9706617803466813,-79.53818281156973,-22.645,-127.50181718843028
36.8012091999999,circle_tension,343,0.8113091053925152,0.8272603273700021,0.04746024943633985,-0.03625514997859612,46.48458761952562,47.39852531691194,0.5696098288566038,0.5999202381235972,32.63623916265253,34.372897688965466,1.2545072856376125,0.35,1.9454927143623872,-81.16662138075353,-22.645,-125.87337861924647
36.90519640000002,circle_tension,344,0.8286928506626636,0.8145769868649748,0.10424002993918631,-0.07454440542574547,47.48060285563563,46.671823435846555,0.5505235232381267,0.6003828094570174,31.54267440421696,34.399401074094186,1.2795271063698457,0.35,1.920472893630154,-82.78540378212902,-22.645,-124.25459621787097
37.008105500000056,circle_tension,345,0.8375794298036889,0.8108093533628589,0.09654710425230607,-0.0562942414700348,47.989766334725374,46.45595393742322,0.5426449675344212,0.602451862566848,31.09126641373591,34.517949084875895,1.3044086283310696,0.35,1.8955913716689303,-84.39523825302021,-22.645,-122.6447617469798
37.113005900000644,circle_tension,346,0.8609603307085446,0.8127808965548484,0.1571541737557817,-0.019450908391771653,49.32939327778721,46.568915041451966,0.5296969406232402,0.6164689261421719,30.34939911870343,35.32106766890851,1.3291625633162287,0.35,1.8708374366837712,-85.99681784656,-22.645,-121.04318215344
37.220506800000294,circle_tension,347,0.9131960486888869,0.8104919840756302,0.3173307863944835,-0.012049194299335556,52.32227945789646,46.437770016717934,0.49538836486117677,0.6414730112880986,28.383662526432364,36.75369621835587,1.3537994078829207,0.35,1.846200592117079,-87.59082169002498,-22.645,-119.44917830997501
37.32676950000041,circle_tension,348,0.9905358907349263,0.7977436953138969,0.5149363563142552,-0.041220083157929396,56.75352599534294,45.70734687465656,0.43735641013318105,0.667168924582439,25.058676443623945,38.22596360085568,1.3783294620264108,0.35,1.8216705379735894,-89.17791619310879,-22.645,-117.86208380689123
37.43182060000072,circle_tension,349,1.0682531063423664,0.7905128223425929,0.6240988357877323,-0.026234445568864815,61.20639444515751,45.29304837120562,0.3807551425071451,0.6927741650367856,21.815662693561624,39.69303581230737,1.4027628471543325,0.35,1.7972371528456672,-90.75875621088532,-22.645,-116.28124378911467
37.53723429999991,circle_tension,350,1.1265308163382723,0.7938311238270194,0.5893097085982992,0.022055292286134027,64.54546126761029,45.483173041415256,0.3411844939845956,0.7167712286503581,19.54843154062395,41.067966278072035,1.4271095234301696,0.35,1.7728904765698306,-92.33398616593198,-22.645,-114.70601383406805
37.64681830000063,circle_tension,351,1.164855040012851,0.8033008343829793,0.4760818995355863,0.06571548986904281,66.741277537279,46.02574748948224,0.31721042547666733,0.7380174635395171,18.17481859736216,42.28528586776444,1.4513793065507548,0.35,1.748620693449245,-93.90424113383384,-22.645,-113.13575886616616
37.753138000000035,circle_tension,352,1.190073777061337,0.8061377134489237,0.3565194444714134,0.05288592081831522,68.18620473480745,46.18828868694987,0.29955382453576784,0.7484153387328812,17.163169882901904,42.88104023224798,1.4755818840196482,0.35,1.7244181159803516,-95.47014789607124,-22.645,-111.56985210392875
37.86043190000055,circle_tension,353,1.2095593859014464,0.804567373255861,0.2747282367457662,0.024722937827852776,69.30264788258853,46.09831482148762,0.28435954412638986,0.7526408889849578,16.292601742706236,43.123146427812415,1.4997268309751655,0.35,1.7002731690248347,-97.0323259640932,-22.645,-110.00767403590682
37.96864550000009,circle_tension,354,1.2138986344043374,0.803714949794639,0.16449989617984492,0.009857566879666713,69.55126850806265,46.04947455480166,0.2807931709949132,0.75306899793181,16.08826361410377,43.14767526363884,1.5238236256292446,0.35,1.6761763743707552,-98.59138857821213,-22.645,-108.44861142178786
38.076503300000695,circle_tension,355,1.213822149035992,0.8036323306746125,0.08605908212850116,0.004809690590589377,69.54688621926195,46.04474082791706,0.2808218984445169,0.7529701084767756,16.089909575722235,43.142009315227014,1.5478816643710012,0.35,1.652118335628999,-100.14794368480378,-22.645,-106.89205631519624
38.18363219999992,circle_tension,356,1.2152622238197575,0.803162947524405,0.05173585445084305,0.0005298119792267965,69.62939642655492,46.017847154435614,0.2795738862625066,0.7529337038519188,16.018403744912135,43.13992348386796,1.5719102765868507,0.35,1.628089723413149,-101.70259489516924,-22.645,-105.33740510483075
38.28952870000012,circle_tension,357,1.2197702770538763,0.801801415896312,0.04725883758047412,-0.005579578629659467,69.88768885069024,45.93983713847231,0.27570861345199116,0.7529078768360119,15.796939926202928,43.13844370485908,1.5959187392474579,0.35,1.604081260752542,-103.25594242931052,-22.645,-103.78405757068948
38.39598079999996,circle_tension,358,1.221571922625837,0.8011306051830596,0.03314234272921749,-0.005896430213770555,69.99091553814202,45.90140251575079,0.2741221628598598,0.7527730643361303,15.706043002867771,43.13071951759026,1.619916291310346,0.35,1.5800837086896538,-104.80858404777939,-22.645,-102.2314159522206
38.50273990000005,circle_tension,359,1.2226249100377018,0.8006229338797026,0.022211307964817868,-0.005345003367519303,70.05124727272228,45.87231509268853,0.2731561434261733,0.7525840840482095,15.650694166389915,43.119891744681226,1.643912147985981,0.35,1.556087852014019,-106.36111597469298,-22.645,-100.67888402530703
38.60889970000062,circle_tension,360,1.2374914845653153,0.7966343786090694,0.077730399109495,-0.019882207521022145,70.90303924897123,45.64378770932658,0.26063309617965236,0.7527926157698853,14.93317641252134,43.131839732227846,1.6679155149142746,0.35,1.5320844850857251,-107.91413381495357,-22.645,-99.12586618504642
38.71346210000047,circle_tension,361,1.260570665790259,0.7925350513894742,0.1443367789582737,-0.026979310590871396,72.22537892777805,45.408913560800684,0.24193997534193873,0.7547031575476935,13.862139482592296,43.241305712679676,1.6919356022979444,0.35,1.5080643977020558,-109.468233468677,-22.645,-97.57176653132302
38.8197639,circle_tension,362,1.261271899661021,0.7922813799079949,0.08026745897275382,-0.01549840175065793,72.26555666902435,45.39437925552908,0.241333422705758,0.7546310118422384,13.827386576486605,43.237172068247105,1.7159816390388984,0.35,1.4840183609611013,-111.02401204581673,-22.645,-96.01598795418326
38.92750109999997,circle_tension,363,1.2618462852705008,0.7921123829878616,0.04515351843500587,-0.008952380546661972,72.29846654026059,45.38469644525474,0.24084854876589967,0.7546085103151625,13.799605346136843,43.23588282571306,1.7400628869237655,0.35,1.4599371130762346,-112.58206878396764,-22.645,-94.45793121603239
39.03323910000017,circle_tension,364,1.2617753842026076,0.7920310489892446,0.023430037918396738,-0.00506421595473664,72.29440420830734,45.38003635040306,0.24087731491781908,0.7545139506470274,13.801253525234657,43.230464955816764,1.7641886549049115,0.35,1.4358113450950885,-114.14300597234778,-22.645,-92.89699402765223
39.14003529999991,circle_tension,365,1.2618908943463865,0.7919863120950602,0.012972716198111075,-0.0028901552444712737,72.30102245203682,45.37747311517777,0.2407765585617982,0.754499150028064,13.795480611275543,43.22961694281597,1.7883683135238537,0.35,1.4116316864761462,-115.70742988499335,-22.645,-91.33257011500666
39.24618410000039,circle_tension,366,1.261921510863199,0.7919103331040668,0.007007430549713289,-0.001866105582336081,72.30277664923356,45.37311983966219,0.240730361695636,0.7544341380365036,13.792833725817719,43.22589203008182,1.8126113095246494,0.35,1.3873886904753507,-117.27595172624483,-22.645,-89.7640482737552
39.3585063999999,circle_tension,367,1.261921510863199,0.7919103331040668,0.0037137560316149025,-0.000988987448803815,72.30277664923356,45.37311983966219,0.240730361695636,0.7544341380365036,13.792833725817719,43.22589203008182,1.8369271807059362,0.35,1.3630728192940638,-118.84918859167408,-22.645,-88.19081140832593
39.46466169999985,circle_tension,368,1.261921510863199,0.7919103331040668,0.001919092599002895,-0.0005110617060865039,72.30277664923356,45.37311983966219,0.240730361695636,0.7544341380365036,13.792833725817719,43.22589203008182,1.8613255710616006,0.35,1.3386744289383994,-120.42776444768556,-22.645,-86.61223555231444
39.571219700000256,circle_tension,369,1.261966153568503,0.7917842667309223,0.001215273053827823,-0.0008281434527648237,72.30533448783353,45.365896768542484,0.24065836431142965,0.75432478199352,13.788708579566713,43.21962639035461,1.8858162462616224,0.35,1.3141837537383776,-122.01231113312697,-22.645,-85.02768886687304
39.676666500000465,circle_tension,370,1.2619972777732231,0.7917070289885453,0.000783457624328665,-0.0007818322480908095,72.3071177734047,45.361471371885166,0.24061141274979136,0.7542586875896219,13.78601845324329,43.21583945996182,1.910409109526594,0.35,1.2895908904734061,-123.60346938637063,-22.645,-83.43653061362939
39.79402459999983,circle_tension,371,1.2619972777732231,0.7917070289885453,0.0003989670722737511,-0.0003981393675213515,72.3071177734047,45.361471371885166,0.24061141274979136,0.7542586875896219,13.78601845324329,43.21583945996182,1.9351142179515826,0.35,1.2648857820484172,-125.2018899014674,-22.645,-81.8381100985326
39.91647009999997,circle_tension,372,1.2798019038736141,0.7871223704329839,0.07394195847067211,-0.0185559687520463,73.32724770476557,45.09878978614296,0.2258293304937589,0.7540309937428171,12.939067527557407,43.20279356351881,1.9599417993376593,0.35,1.2400582006623404,-126.80823441714656,-22.645,-80.23176558285343
40.03242440000031,circle_tension,373,1.3179739934735615,0.7813739060573143,0.20932146495489054,-0.03144675988808544,75.51434733403778,44.76942703873578,0.19545096549825078,0.7565342696488151,11.198515424806837,43.34622070788928,1.9849022695922387,0.35,1.215097730407761,-128.42317684261786,-22.645,-78.61682315738214
40.15415570000005,circle_tension,374,1.3341177513774092,0.7789686404385877,0.17531461666609366,-0.02435281774714599,76.43931652740922,44.63161547017482,0.18264874626597047,0.7572526515465039,10.465002294395962,43.38738095870544,2.0100062507627867,0.35,1.1899937492372135,-130.0474044243523,-22.645,-76.99259557564771
40.277640400000564,circle_tension,375,1.3344967142870638,0.7788498893672259,0.08844250521953766,-0.012529866823449707,76.46102950272443,44.624811534973134,0.18233396207020736,0.7572063631818741,10.446966488521316,43.38472883077159,2.0352645897721504,0.35,1.1647354102278493,-131.68161895825813,-22.645,-75.35838104174185
40.39376859999993,circle_tension,376,1.3346532530838342,0.7787348846408665,0.04416089833712982,-0.006630511670927969,76.46999851510942,44.618222249528685,0.18218852179174355,0.7571230831799827,10.438633374394133,43.37995723814537,2.0606883779279475,0.35,1.1393116220720523,-133.3265380519382,-22.645,-73.71346194806179
40.501245700000254,circle_tension,377,1.3347710092247462,0.778696118485319,0.022995662753950624,-0.003539839186186178,76.47674544499543,44.61600111242787,0.18209029955854555,0.7571068403803926,10.433005654977537,43.379026594281385,2.0862889712831683,0.35,1.1137110287168315,-134.982896442021,-22.645,-72.057103557979
40.60994810000011,circle_tension,378,1.334875843038004,0.7787177261240238,0.012628898614195477,-0.0017766116450061342,76.48275198004536,44.61723913893089,0.18201597868874905,0.7571469345389619,10.428747382808456,43.38132382035053,2.112078011930346,0.35,1.087921988069654,-136.6514473718934,-22.645,-70.38855262810662
40.71764170000006,circle_tension,379,1.3349153031675396,0.7786402223141513,0.006792649440347834,-0.0012695595049759766,76.4850128789268,44.61279849772902,0.1819679888135738,0.7570787586853656,10.425997765501554,43.37741763167477,2.1380674503174584,0.35,1.0619325496825411,-138.33296403553956,-22.645,-68.70703596446042
40.82247780000034,circle_tension,380,1.335032443283814,0.7786027448113739,0.004098960746154696,-0.0008342116929151211,76.49172451320099,44.61065119499318,0.1818705490588282,0.7570636285100782,10.420414878797843,43.37655073648751,2.1642695686801963,0.35,1.035730431319804,-140.0282410936087,-22.645,-67.01175890639132
40.928113300000405,circle_tension,381,1.3351512884458376,0.7785656120500544,0.0027203598498189065,-0.0006110345285699844,76.4985338394005,44.6085236444879,0.18177190503013943,0.7570491310401126,10.414762992279808,43.37572009264486,2.1906970056923485,0.35,1.0093029943076517,-141.73809626829495,-22.645,-65.30190373170507
41.03201220000028,circle_tension,382,1.337223457634174,0.7782450542985795,0.010619677938547846,-0.0017332963335020318,76.61726038832921,44.59015703823819,0.1801285873714484,0.757112314357497,10.320607826037493,43.379340230066624,2.217362782444061,0.35,0.982637217555939,-143.46337202413076,-22.645,-63.57662797586926
41.13615730000038,circle_tension,383,1.3626860668777363,0.7743788802194665,0.12024223803509597,-0.016986951226147868,78.07616043337613,44.36864158064214,0.1599954306248376,0.757670187026735,9.167062916181354,43.41130397951966,2.2442803298664593,0.35,0.9557196701335403,-145.20493734235993,-22.645,-61.83506265764006
41.2413618999999,circle_tension,384,1.3818158626894705,0.773145082604751,0.14990319625128146,-0.01298858098510479,79.17221699633554,44.297950184545634,0.14524118618647444,0.7593802187251477,8.321706979958778,43.509281578672294,2.271463517730908,0.35,0.9285364822690919,-146.96368959718976,-22.645,-60.07631040281025
41.34747479999987,circle_tension,385,1.3865895377378052,0.7773104318984205,0.1006086611808912,0.011913148250391298,79.44572842937202,44.5366071192707,0.14237746437979212,0.7641597772553134,8.157627806736302,43.78313011038654,2.29892668536198,0.35,0.9010733146380202,-148.7405565429201,-22.645,-58.29944345707991
41.451009800000065,circle_tension,386,1.4017910756903147,0.7884771899483075,0.11897491722161478,0.05682630668229045,80.31671239615876,45.17641522637296,0.1326233268933492,0.7772434189058915,7.598756895972778,44.532767557626244,2.326684674215193,0.35,0.8733153257848072,-150.536498421723,-22.645,-56.503501578277024
41.55639800000063,circle_tension,387,1.423643801350881,0.804256706488515,0.15737155013206705,0.1028786156186051,81.56878134736645,46.08051492688372,0.1179217509159902,0.7955647746052238,6.756418640279188,45.582503914155936,2.354752862483837,0.35,0.8452471375161632,-152.35251020270428,-22.645,-54.68748979729576
41.661974999999984,circle_tension,388,1.4801399418284964,0.8192825803393211,0.3243618015103815,0.13088565145205283,84.80577175551203,46.941434082030895,0.07417150209431726,0.8159182157082466,4.249714030150126,46.74867018792724,2.3831472019139817,0.35,0.8168527980860186,-154.18962396383463,-22.645,-52.85037603616541
41.771705699999984,circle_tension,389,1.5832943381234736,0.848239465554319,0.5979849535680906,0.2313975521100631,90.71608330143415,48.60054139269505,-0.010601030464147487,0.8481732187925853,-0.6073943040852632,48.5967457328413,2.4118842570230856,0.35,0.7881157429769146,-156.04891142939366,-22.645,-50.99108857060637
41.87718670000049,circle_tension,390,1.6143306495532324,0.8691357231494605,0.4325601735702286,0.22194941857420486,92.49433295801298,49.79780876051485,-0.03782528446862642,0.8683122440167494,-2.167229158934037,49.750626881693414,2.440981246935818,0.35,0.7590187530641823,-157.93148667674743,-22.645,-49.108513323252595
41.98190010000053,circle_tension,391,1.625509187160712,0.884937120060881,0.27317075487986126,0.19059289801045984,93.13481598404982,50.7031621139503,-0.0483932884529163,0.8836129220956193,-2.7727311851112852,50.62729115930099,2.470456090070967,0.35,0.7295439099290328,-159.83850902759158,-22.645,-47.20149097240843
42.08737850000034,circle_tension,392,1.6344637819041665,0.8932380843903341,0.18313060600149975,0.14014960597319528,93.6478764700998,51.178772335916605,-0.05683178244477041,0.8914283055352595,-3.2562212762910283,51.075079645668815,2.500327451935675,0.35,0.6996725480643253,-161.77118614023817,-22.645,-45.26881385976185
42.193097400000624,circle_tension,393,1.6428971546111226,0.8904149956852386,0.1344273847551983,0.06286761120621545,94.1310731332692,51.01702126792358,-0.064144048777027,0.8881015738909789,-3.6751832758049363,50.88447196287891,2.5306147963084733,0.35,0.6693852036915269,-163.73077732115823,-22.645,-43.30922267884179
42.29808140000023,circle_tension,394,1.6569266502308881,0.8865782953792894,0.13368683721805294,0.01770595821446805,94.93490402097905,50.79719453313614,-0.0762668968502607,0.8832918171716968,-4.36977130607953,50.60889320237936,2.5613384401204264,0.35,0.6386615598795736,-165.7185970757916,-22.645,-41.321402924208414
42.404475000000275,circle_tension,395,1.7067208262895415,0.8729176246947618,0.2962405374446192,-0.04321956578140473,97.78790015347124,50.01449575759462,-0.11828587343872228,0.8648662507275814,-6.777281324057393,49.55318600999368,2.5925196123749226,0.35,0.6074803876250774,-167.7360189206575,-22.645,-39.303981079342506
42.50868580000042,circle_tension,396,1.7496772260952769,0.8409063908126393,0.3610952286967347,-0.15491428395585577,100.24912056541648,48.18038715914282,-0.14962116346683327,0.8274884081075519,-8.572661192486526,47.411593380561776,2.6,0.35,0.5761083388830854,-168.22000000000003,-22.645,-37.27420952573563
42.6132034000002,circle_tension,397,1.8477546445595436,0.8066597176123795,0.6662529632181164,-0.20144449501119582,105.8685427089574,46.218197322404144,-0.22056589377827177,0.7759191881377056,-12.637494818025795,44.456894723507816,2.6,0.35,0.5451994487645813,-168.22000000000003,-22.645,-35.27440433506841
42.717286400000376,circle_tension,398,1.9907529769455126,0.7796392179326804,1.0410197810917134,-0.14929777548498704,114.06174363208234,44.670036730422794,-0.3178751805400462,0.7118937278381617,-18.212906256903725,40.78850606696155,2.6,0.35,0.5147591034995326,-168.22000000000003,-22.645,-33.30491399641976
42.82214560000011,circle_tension,399,2.1529634815715575,0.7680538349460683,1.3065127327669992,-0.014732440039827474,123.35572093984203,44.00624318124725,-0.42230318178878884,0.6415346569176348,-24.196189991443568,36.75722825275371,2.6,0.35,0.4847656416218157,-168.22000000000003,-22.645,-31.364337012931475
42.92943480000031,circle_tension,400,2.3442962726391263,0.7672211753851931,1.5341441599816925,0.15277740495278797,134.31828235047212,43.958535302637884,-0.5360141779845694,0.5489236130455344,-30.711350157689953,31.451006302581458,2.6,0.35,0.45519836939881564,-168.22000000000003,-22.645,-29.451334500103375
43.03351730000031,circle_tension,401,2.4640985346170057,0.7690405926554368,1.3129861581731384,0.1863639633137338,141.1824463379252,44.06278023339606,-0.5991948679607895,0.48206736392466715,-34.33133704005187,27.620425393880545,2.6,0.35,0.4260374979886201,-168.22000000000003,-22.645,-27.56462611986372
43.13857100000041,circle_tension,402,2.5656788722230557,0.7812015185636529,1.1213820052325074,0.2261277039527628,147.0025709642659,44.759549962908146,-0.6551898123225882,0.4254434421105218,-37.5396110260528,24.37611365445126,2.6,0.35,0.39726408504141875,-168.22000000000003,-22.645,-25.702986302179795
43.24434090000068,circle_tension,403,2.650056564724226,0.8032740523306372,0.9308010757957222,0.2698880821145023,151.8370566296356,46.02421299091634,-0.7081735494528112,0.3791298286907665,-40.575355546445174,21.72253907149883,2.6,0.35,0.3688599803656485,-168.22000000000003,-22.645,-23.865240729657458
43.34892940000009,circle_tension,404,2.719126272482355,0.8284262612448949,0.7629623867430632,0.2904005343534285,155.79445937637843,47.465328407134635,-0.7555914149419936,0.3396640752068887,-43.29219911249436,19.461317961568906,2.6,0.35,0.35,-168.22000000000003,-22.645,-22.645
43.4521050000003,circle_tension,405,2.7668958240190102,0.837910480770979,0.6053225960133742,0.2180439527453334,158.53145306866145,48.00873415795482,-0.7797750970983854,0.306667200285679,-44.67782203314145,17.57073629146252,2.6,0.35,0.35,-168.22000000000003,-22.645,-22.645
43.55576689999998,circle_tension,406,2.799904658880992,0.833572897044752,0.4710822835092551,0.10880610490124516,160.4227199928973,47.760208917157385,-0.7853843798297068,0.27931192349609363,-44.99921025974178,16.0033943840071,2.6,0.35,0.35,-168.22000000000003,-22.645,-22.645
43.6623524000006,circle_tension,407,2.8245843232104786,0.8315718166702466,0.3616762839060471,0.05567449539447092,161.83676059877644,47.645555457231765,-0.7901364624481619,0.2592220225794069,-45.271484537676734,14.852327850644945,2.6,0.35,0.35,-168.22000000000003,-22.645,-22.645
43.76770250000027,circle_tension,408,2.8323983658574186,0.8323871269499195,0.22498986162472592,0.034357444547509525,162.28447226338133,47.69226929525065,-0.7929145388141299,0.25328810325223927,-45.43065658861174,14.51233931722713,2.6,0.35,0.35,-168.22000000000003,-22.645,-22.645
43.87218110000049,circle_tension,409,2.8319666147273796,0.8309794013658591,0.1183936311630829,0.012035650537368835,162.2597347458301,47.6116125605714,-0.7914643226589231,0.2532014839064211,-45.3475653235367,14.507376394287567,2.6,0.35,0.35,-168.22000000000003,-22.645,-22.645
43.97896760000003,circle_tension,410,2.831456770133464,0.8293223306322242,0.06116797028935108,-0.0009746486325159846,162.23052280239116,47.51666940117947,-0.7897571110064098,0.25309925661699095,-45.24974930111213,14.501519202052156,2.6,0.35,0.35,-168.22000000000003,-22.645,-22.645
44.08500780000031,circle_tension,411,2.830825815680475,0.8275866447513022,0.029586953515150678,-0.008169172487182599,162.1943717751699,47.417221925642195,-0.7879447142961521,0.2530667536115189,-45.145906618810976,14.499656917017118,2.6,0.35,0.35,-168.22000000000003,-22.645,-22.645
44.19139619999987,circle_tension,412,2.8302895902997687,0.8261894000550323,0.013363941886942166,-0.010532069925857106,162.16364832398764,47.33716570159889,-0.7864788137241399,0.2530612580510179,-45.06191670284886,14.499342044594352,2.6,0.35,0.35,-168.22000000000003,-22.645,-22.645
44.29650560000027,circle_tension,413,2.830012229244428,0.8248340822305545,0.005863346876009887,-0.01156497140235581,162.14775670611533,47.259511710357465,-0.7851185345140843,0.25286389614094323,-44.98397844515329,14.488034040110431,2.6,0.35,0.35,-168.22000000000003,-22.645,-22.645
44.40166210000007,circle_tension,414,2.8296322575346196,0.8241017765615355,0.001437976685017931,-0.009431179664277924,162.12598593080895,47.21755368620917,-0.784325436725082,0.2529374377941872,-44.9385372891023,14.492247666459726,2.6,0.35,0.35,-168.22000000000003,-22.645,-22.645
44.50813830000061,circle_tension,415,2.8292799527168624,0.8233101669667287,-0.0007995866197933015,-0.008524637571501422,162.10580035164932,47.17219779740468,-0.7834829610864786,0.25297051353457395,-44.89026699066774,14.494142766788157,2.6,0.35,0.35,-168.22000000000003,-22.645,-22.645
44.61329530000057,circle_tension,416,2.8290955876491903,0.8225325071607821,-0.001242312776554662,-0.007965866522882933,162.09523701138207,47.12764117262698,-0.7826963119981123,0.2528758757192065,-44.84519531794653,14.488720419385263,2.6,0.35,0.35,-168.22000000000003,-22.645,-22.645
44.717983300000014,circle_tension,417,2.8287067042553504,0.8219422122629902,-0.0023923264246839275,-0.006864797147244257,162.0729556341923,47.0938197663154,-0.7820362779671718,0.2529985380254815,-44.80737815363863,14.495748451840162,2.6,0.35,0.35,-168.22000000000003,-22.645,-22.645
44.82284510000045,circle_tension,418,2.8326235628328824,0.8315652459609444,0.015995600480481865,0.03921197521300934,162.29737509963454,47.64517898332034,-0.7921885955108103,0.25285962001216344,-45.389063101165746,14.487789035978695,2.6,0.35,0.35,-168.22000000000003,-22.645,-22.645
44.928698600000644,circle_tension,419,2.8345877470958047,0.8365590749838031,0.01711192487392126,0.043137422934893165,162.40991456808598,47.93130430994008,-0.7974440623788811,0.25281228869345607,-45.69017917207704,14.485077151177974,2.6,0.35,0.35,-168.22000000000003,-22.645,-22.645
45.03329870000016,circle_tension,420,2.834823365899263,0.83730279800703,0.010108699781136255,0.026186139404202356,162.42341453109808,47.9739165002977,-0.7982126092571005,0.25284897858874705,-45.73421366455696,14.487179327328924,2.6,0.35,0.35,-168.22000000000003,-22.645,-22.645
45.14213000000018,circle_tension,421,2.8351167961664085,0.8379170331921046,0.006698145195907654,0.01672858606057894,162.4402268469869,48.00910958403091,-0.7988723819344196,0.2528000630852086,-45.772015854405396,14.484376675423412,2.6,0.35,0.35,-168.22000000000003,-22.645,-22.645
45.248643700000684,circle_tension,422,2.8349523955545584,0.8375334401130827,0.0027961856811606262,0.007093469900032592,162.4308073857785,47.987131319552525,-0.7984651109983927,0.25281560439573175,-45.74868094865271,14.485267126924493,2.6,0.35,0.35,-168.22000000000003,-22.645,-22.645
45.354217699999936,circle_tension,423,2.8347860001354874,0.8370372914360522,0.0007493784546564701,0.0015704136931665108,162.42127363053544,47.95870409434768,-0.79795005262842,0.25279861701541095,-45.71917027785039,14.484293821727126,2.6,0.35,0.35,-168.22000000000003,-22.645,-22.645
45.46089550000033,circle_tension,424,2.8347641803500148,0.836724253336702,0.0003019338511527725,-0.0005521001418581097,162.420023448918,47.940768332428114,-0.7976461183711626,0.2527214790422028,-45.7017561276601,14.479874141422108,2.6,0.35,0.35,-168.22000000000003,-22.645,-22.645
45.56556100000034,circle_tension,425,2.834596731318454,0.836339896123032,-0.0005788510471109852,-0.0019866761002850526,162.410429326126,47.91874628625941,-0.7972374023639541,0.2527388892099089,-45.67833842542761,14.48087167055228,2.6,0.35,0.35,-168.22000000000003,-22.645,-22.645
45.67330740000034,circle_tension,426,2.834220126480596,0.835972553118322,-0.0019852314583706527,-0.0026936849162219416,162.38885145837253,47.89769908245587,-0.7967920368364396,0.2529279731488858,-45.652820860360414,14.491705382229368,2.6,0.35,0.35,-168.22000000000003,-22.645,-22.645
45.77901810000003,circle_tension,427,2.835008294504865,0.8353294270936874,0.00241966210214929,-0.00424581257537055,162.4340101597103,47.86085067554929,-0.7963780020221509,0.2521057906194839,-45.62909841293019,14.444597793305247,2.6,0.35,0.35,-168.22000000000003,-22.645,-22.645
45.886392700000215,circle_tension,428,2.834995657498421,0.8350625297987156,0.0012303644606228839,-0.003438589741654102,162.4332861125754,47.84555858698395,-0.7961203652443314,0.25203530053757023,-45.61433691291378,14.440559009114063,2.6,0.35,0.35,-168.22000000000003,-22.645,-22.645
45.99033270000018,circle_tension,429,2.834997335303436,0.8348389870962514,0.0006575227990532434,-0.0028005612954494913,162.43338224372158,47.8327505335918,-0.7959076699461569,0.2519664963775428,-45.60215037000611,14.43661682113155,2.6,0.35,0.35,-168.22000000000003,-22.645,-22.645
46.09951869999986,circle_tension,430,2.83498466038969,0.8345702610938917,0.0002954015908678581,-0.0026969541497259297,162.43265602465826,47.81735366781116,-0.7956482828410729,0.2518954757719529,-45.58728858362468,14.432547640172785,2.6,0.35,0.35,-168.22000000000003,-22.645,-22.645
46.203828100000464,circle_tension,431,2.83498466038969,0.8345702610938917,0.00015483927301790216,-0.0014136498678945163,162.43265602465826,47.81735366781116,-0.7956482828410729,0.2518954757719529,-45.58728858362468,14.432547640172785,2.6,0.35,0.35,-168.22000000000003,-22.645,-22.645
46.30801169999995,circle_tension,432,2.83498466038969,0.8345702610938917,8.270246309543546e-05,-0.0007550560251977952,162.43265602465826,47.81735366781116,-0.7956482828410729,0.2518954757719529,-45.58728858362468,14.432547640172785,2.6,0.35,0.35,-168.22000000000003,-22.645,-22.645
46.41206790000069,circle_tension,433,2.8359987006250584,0.8342948379320593,0.004575682615562107,-0.0016329696797574044,162.49075625040132,47.80157308305802,-0.7956406434984568,0.25100566330950125,-45.58685088153452,14.38156514151616,2.6,0.35,0.35,-168.22000000000003,-22.645,-22.645
46.51716889999989,circle_tension,434,2.8389058399758706,0.8338358872815653,0.01544310000813817,-0.002902385109757851,162.65732306565926,47.77527714777993,-0.7959289024412177,0.24855476092272652,-45.60336690236162,14.24113877875543,2.6,0.35,0.35,-168.22000000000003,-22.645,-22.645
46.62149000000045,circle_tension,435,2.8396603683134423,0.8337541564414689,0.011595441777972598,-0.0019054636920890183,162.70055435492512,47.770594315586344,-0.7960381838302611,0.24792983537211666,-45.60962826473314,14.205333182195595,2.6,0.35,0.35,-168.22000000000003,-22.645,-22.645
46.72863490000054,circle_tension,436,2.8398752476527553,0.8337389149516257,0.007161558365429998,-0.0010861167732150374,162.71286603417232,47.76972104254484,-0.7960768874568434,0.24775424832228088,-45.61184581918815,14.195272785302851,2.6,0.35,0.35,-168.22000000000003,-22.645,-22.645
46.832762,circle_tension,437,2.8398752476527553,0.8337389149516257,0.00378002093623849,-0.0005732752471544125,162.71286603417232,47.76972104254484,-0.7960768874568434,0.24775424832228088,-45.61184581918815,14.195272785302851,2.6,0.35,0.35,-168.22000000000003,-22.645,-22.645
46.93741620000037,circle_tension,438,2.8398752476527553,0.8337389149516257,0.002022664383378492,-0.0003067558206292893,162.71286603417232,47.76972104254484,-0.7960768874568434,0.24775424832228088,-45.61184581918815,14.195272785302851,2.6,0.35,0.35,-168.22000000000003,-22.645,-22.645
47.04134350000004,circle_tension,439,2.8398752476527553,0.8337389149516257,0.001081293214266889,-0.0001639881485080035,162.71286603417232,47.76972104254484,-0.7960768874568434,0.24775424832228088,-45.61184581918815,14.195272785302851,2.6,0.35,0.35,-168.22000000000003,-22.645,-22.645
47.14700280000034,circle_tension,440,2.8398752476527553,0.8337389149516257,0.0005796060342365084,-8.790263285149153e-05,162.71286603417232,47.76972104254484,-0.7960768874568434,0.24775424832228088,-45.61184581918815,14.195272785302851,2.6,0.35,0.35,-168.22000000000003,-22.645,-22.645
47.255117800000335,circle_tension,441,2.8398752476527553,0.8337389149516257,0.000307967314273402,-4.67061006231491e-05,162.71286603417232,47.76972104254484,-0.7960768874568434,0.24775424832228088,-45.61184581918815,14.195272785302851,2.6,0.35,0.35,-168.22000000000003,-22.645,-22.645
47.360071200000675,circle_tension,442,2.8398752476527553,0.8337389149516257,0.000162205944025201,-2.460003640707218e-05,162.71286603417232,47.76972104254484,-0.7960768874568434,0.24775424832228088,-45.61184581918815,14.195272785302851,2.6,0.35,0.35,-168.22000000000003,-22.645,-22.645
47.465148400000544,circle_tension,443,2.8398752476527553,0.8337389149516257,8.634723537515074e-05,-1.3095359400323349e-05,162.71286603417232,47.76972104254484,-0.7960768874568434,0.24775424832228088,-45.61184581918815,14.195272785302851,2.6,0.35,0.35,-168.22000000000003,-22.645,-22.645
47.56869760000063,circle_tension,444,2.8398752476527553,0.8337389149516257,4.608813535020903e-05,-6.98969334547361e-06,162.71286603417232,47.76972104254484,-0.7960768874568434,0.24775424832228088,-45.61184581918815,14.195272785302851,2.6,0.35,0.35,-168.22000000000003,-22.645,-22.645
47.67269160000069,circle_tension,445,2.8398752476527553,0.8337389149516257,2.4755375864374953e-05,-3.754382437672972e-06,162.71286603417232,47.76972104254484,-0.7960768874568434,0.24775424832228088,-45.61184581918815,14.195272785302851,2.6,0.35,0.35,-168.22000000000003,-22.645,-22.645
47.77609290000055,circle_tension,446,2.8398752476527553,0.8337389149516257,1.3263620404053933e-05,-2.0115510981435986e-06,162.71286603417232,47.76972104254484,-0.7960768874568434,0.24775424832228088,-45.61184581918815,14.195272785302851,2.6,0.35,0.35,-168.22000000000003,-22.645,-22.645
47.885914100000264,circle_tension,447,2.8399811784324775,0.8335443152710782,0.000481764201518354,-0.0008727779694018419,162.71893542077095,47.75857130215488,-0.7959173125296619,0.24761211023754695,-45.602702849344546,14.187128872939525,2.6,0.35,0.35,-168.22000000000003,-22.645,-22.645
47.99069490000056,circle_tension,448,2.8412714096733467,0.8332410410307972,0.005866397563659541,-0.0017714151688720172,162.79286022546867,47.74119496815174,-0.7959464266989718,0.24649527030599422,-45.60437096837003,14.123138658469873,2.6,0.35,0.35,-168.22000000000003,-22.645,-22.645
48.094536399999924,circle_tension,449,2.8412714096733467,0.8332410410307972,0.003131501088245027,-0.000945586873180831,162.79286022546867,47.74119496815174,-0.7959464266989718,0.24649527030599422,-45.60437096837003,14.123138658469873,2.6,0.35,0.35,-168.22000000000003,-22.645,-22.645
48.20006410000042,circle_tension,450,2.8412714096733467,0.8332410410307972,0.001677505993402581,-0.0005065390693932706,162.79286022546867,47.74119496815174,-0.7959464266989718,0.24649527030599422,-45.60437096837003,14.123138658469873,2.6,0.35,0.35,-168.22000000000003,-22.645,-22.645
48.305538600000546,circle_tension,451,2.8412714096733467,0.8332410410307972,0.0008919594955622692,-0.00026933574878153856,162.79286022546867,47.74119496815174,-0.7959464266989718,0.24649527030599422,-45.60437096837003,14.123138658469873,2.6,0.35,0.35,-168.22000000000003,-22.645,-22.645
48.41530909999983,circle_tension,452,2.8412714096733467,0.8332410410307972,0.00047380555855928795,-0.0001430701455910585,162.79286022546867,47.74119496815174,-0.7959464266989718,0.24649527030599422,-45.60437096837003,14.123138658469873,2.6,0.35,0.35,-168.22000000000003,-22.645,-22.645
48.52095770000051,circle_tension,453,2.8412714096733467,0.8332410410307972,0.0002479729099101208,-7.48778052147737e-05,162.79286022546867,47.74119496815174,-0.7959464266989718,0.24649527030599422,-45.60437096837003,14.123138658469873,2.6,0.35,0.35,-168.22000000000003,-22.645,-22.645
48.626788900000065,circle_tension,454,2.8412714096733467,0.8332410410307972,0.00013181879840940577,-3.980395404692615e-05,162.79286022546867,47.74119496815174,-0.7959464266989718,0.24649527030599422,-45.60437096837003,14.123138658469873,2.6,0.35,0.35,-168.22000000000003,-22.645,-22.645
48.73406669999986,circle_tension,455,2.8412714096733467,0.8332410410307972,7.013242305925649e-05,-2.117715969447831e-05,162.79286022546867,47.74119496815174,-0.7959464266989718,0.24649527030599422,-45.60437096837003,14.123138658469873,2.6,0.35,0.35,-168.22000000000003,-22.645,-22.645
48.84029520000058,circle_tension,456,2.8412714096733467,0.8332410410307972,3.69963577593194e-05,-1.1171406065938722e-05,162.79286022546867,47.74119496815174,-0.7959464266989718,0.24649527030599422,-45.60437096837003,14.123138658469873,2.6,0.35,0.35,-168.22000000000003,-22.645,-22.645
48.94512810000015,circle_tension,457,2.8412714096733467,0.8332410410307972,1.9639773444050403e-05,-5.93041849183813e-06,162.79286022546867,47.74119496815174,-0.7959464266989718,0.24649527030599422,-45.60437096837003,14.123138658469873,2.6,0.35,0.35,-168.22000000000003,-22.645,-22.645
49.052026500000466,circle_tension,458,2.8412714096733467,0.8332410410307972,1.0474331694933086e-05,-3.162825200109166e-06,162.79286022546867,47.74119496815174,-0.7959464266989718,0.24649527030599422,-45.60437096837003,14.123138658469873,2.6,0.35,0.35,-168.22000000000003,-22.645,-22.645
49.156691900000624,circle_tension,459,2.8412714096733467,0.8332410410307972,5.543123148941031e-06,-1.6737993500110529e-06,162.79286022546867,47.74119496815174,-0.7959464266989718,0.24649527030599422,-45.60437096837003,14.123138658469873,2.6,0.35,0.35,-168.22000000000003,-22.645,-22.645
49.26120750000064,circle_tension,460,2.8412714096733467,0.8332410410307972,2.957383860366431e-06,-8.93010501518477e-07,162.79286022546867,47.74119496815174,-0.7959464266989718,0.24649527030599422,-45.60437096837003,14.123138658469873,2.6,0.35,0.35,-168.22000000000003,-22.645,-22.645
49.369254100000035,circle_tension,461,2.8412714096733467,0.8332410410307972,1.5825126741752491e-06,-4.778549229823296e-07,162.79286022546867,47.74119496815174,-0.7959464266989718,0.24649527030599422,-45.60437096837003,14.123138658469873,2.6,0.35,0.35,-168.22000000000003,-22.645,-22.645
49.474647500000174,circle_tension,462,2.8412714096733467,0.8332410410307972,8.312822300983284e-07,-2.510136648651106e-07,162.79286022546867,47.74119496815174,-0.7959464266989718,0.24649527030599422,-45.60437096837003,14.123138658469873,2.6,0.35,0.35,-168.22000000000003,-22.645,-22.645
49.58216320000065,circle_tension,463,2.8412714096733467,0.8332410410307972,4.4276607150459614e-07,-1.336974739291011e-07,162.79286022546867,47.74119496815174,-0.7959464266989718,0.24649527030599422,-45.60437096837003,14.123138658469873,2.6,0.35,0.35,-168.22000000000003,-22.645,-22.645
49.68747590000021,circle_tension,464,2.8412714096733467,0.8332410410307972,2.3369969109709885e-07,-7.056786951068137e-08,162.79286022546867,47.74119496815174,-0.7959464266989718,0.24649527030599422,-45.60437096837003,14.123138658469873,2.6,0.35,0.35,-168.22000000000003,-22.645,-22.645
49.79666470000029,circle_tension,465,2.8412714096733467,0.8332410410307972,1.2450448504303168e-07,-3.759532677499679e-08,162.79286022546867,47.74119496815174,-0.7959464266989718,0.24649527030599422,-45.60437096837003,14.123138658469873,2.6,0.3666384850359271,0.35,-168.22000000000003,-23.721509981824486,-22.645
49.90401110000039,circle_tension,466,2.8412714096733467,0.8332410410307972,6.50858357376431e-08,-1.9653294113338506e-08,162.79286022546867,47.74119496815174,-0.7959464266989718,0.24649527030599422,-45.60437096837003,14.123138658469873,2.6,0.3943730360682823,0.35,-168.22000000000003,-25.515935433617866,-22.645
50.008831200000714,circle_tension,467,2.8412714096733467,0.8332410410307972,3.441937621142439e-08,-1.0393261701478557e-08,162.79286022546867,47.74119496815174,-0.7959464266989718,0.24649527030599422,-45.60437096837003,14.123138658469873,2.6,0.4224387856386613,0.35,-168.22000000000003,-27.331789430821384,-22.645
50.11249790000056,circle_tension,468,2.8412714096733467,0.8332410410307972,1.835551588881561e-08,-5.542624570714541e-09,162.79286022546867,47.74119496815174,-0.7959464266989718,0.24649527030599422,-45.60437096837003,14.123138658469873,2.6,0.45085184752707075,0.35,-168.22000000000003,-29.170114535001478,-22.645
50.21757880000041,circle_tension,469,2.841272262695065,0.8333529376760699,3.824046402117125e-06,0.0005003983674616822,162.79290910001296,47.747606173667535,-0.796053525312658,0.24652769331380361,-45.61050726692595,14.124996359976471,2.6,0.4796289799660049,0.35,-168.22000000000003,-31.031995003800517,-22.645
50.324518700000226,circle_tension,470,2.8417463778714076,0.8348917134365605,0.002101540019750632,0.007094015881173287,162.8200738986205,47.83577153036068,-0.7976404368782299,0.2466047579057271,-45.70143060209372,14.129411835843586,2.6,0.5087876285103358,0.35,-168.22000000000003,-32.918559564618725,-22.645
50.43185050000011,circle_tension,471,2.8418986051661266,0.8347853398713448,0.0017827010193766457,0.003284678856789889,162.82879588013458,47.82967677402206,-0.7975763354500005,0.24645192795810103,-45.69775786079541,14.120655324861406,2.6,0.5383459718881562,0.35,-168.22000000000003,-34.83098438116371,-22.645
50.5365881000007,circle_tension,472,2.8420993396385814,0.8347252918946783,0.0018237796666315535,0.0014699825892369165,162.84029711820904,47.826236278390766,-0.7975684157713258,0.24627410560729593,-45.69730409663225,14.110466854657178,2.6,0.568322971097949,0.35,-168.22000000000003,-36.7704962300373,-22.645
50.64185429999998,circle_tension,473,2.842468169501668,0.8344923140522497,0.0026147586616782816,-0.00025114991645002306,162.86142951272228,47.812887631299546,-0.7974365623374323,0.24591126704512103,-45.68974945135585,14.089677736399961,2.6,0.5987384220438354,0.35,-168.22000000000003,-38.73837590623615,-22.645
50.75316400000065,circle_tension,474,2.8439301009515097,0.8334750814178429,0.007910874991696536,-0.0046546116664957626,162.94519201473565,47.754604494565065,-0.7968227160018682,0.24444686663544282,-45.65457864705845,14.00577377340817,2.5708190557960786,0.6291809442039211,0.35,-166.3319929100063,-40.7080070899937,-22.645
50.85771870000008,circle_tension,475,2.849382053032633,0.829227471627033,0.02781429799839102,-0.02069306876601659,163.25756585909159,47.51123438053321,-0.7940760286406892,0.23887540777399677,-45.49720505362097,13.68655269491655,2.5408352102397807,0.6591647897602191,0.35,-164.39203810251382,-42.64796189748618,-22.645
50.9626889000001,circle_tension,476,2.859097703080314,0.8229395984127053,0.058684320889750265,-0.038752608798321354,163.8142316020498,47.150965783238874,-0.7903207038458532,0.22939652941633568,-45.28204079217603,13.143452970504672,2.5112901582304423,0.6887098417695574,0.35,-162.4804732375096,-44.559526762490364,-22.645
51.06631160000052,circle_tension,477,2.8647628985621143,0.8201736092286508,0.05683929581142385,-0.03277356223184411,164.13882339327353,46.992486276813715,-0.788946911750003,0.2241595853745374,-45.20332830315539,12.843398179363447,2.4821641333168336,0.7178358666831663,0.35,-160.59601942559914,-46.44398057440087,-22.645
51.17087790000005,circle_tension,478,2.8724523723417015,0.8202133255627827,0.06505495169788976,-0.017109956681067077,164.57939778752038,46.994761855137206,-0.7906855262440219,0.21809699222816795,-45.30294357586295,12.49603717917154,2.4534382238849,0.7465617761150996,0.35,-158.73745308535305,-48.302546914646946,-22.645
51.276063899999826,circle_tension,479,2.8841201436983672,0.8200347711792304,0.08670211703992674,-0.009338552220706989,165.24791184258095,46.9845314425461,-0.7930036855876337,0.20881135167275314,-45.43576432249072,11.964009165270758,2.4250943191427425,0.7749056808572574,0.35,-156.90360244853545,-50.136397551464555,-22.645
51.38316080000004,circle_tension,480,2.9077530752144796,0.8127912991514253,0.1528077019850044,-0.03527272318916598,166.6019790759759,46.5695110663318,-0.7906702756704482,0.18833536881711635,-45.30206978236202,10.790821766260539,2.3971150588116736,0.8028849411883263,0.35,-155.0933443051153,-51.94665569488472,-22.645
51.487281200000325,circle_tension,481,2.9344606023521553,0.8035153510379627,0.20125318116258034,-0.05645930492364759,168.13220766219584,46.03803838844805,-0.7863400047122825,0.1652462294357966,-45.05396353231105,9.467911527121615,2.3694837862156737,0.8305162137843259,0.35,-153.3056009681541,-53.73439903184589,-22.645
51.59174390000044,circle_tension,482,2.9624330532050545,0.7978858316016103,0.2354326124670312,-0.051561286867638126,169.73491103870407,45.715490684058196,-0.7851147127799198,0.14218540026000256,-44.98375947591524,8.146623343276465,2.34218450448958,0.8578154955104199,0.35,-151.53933744047583,-55.50066255952417,-22.645
51.69524640000054,circle_tension,483,2.979054229512422,0.8000673062417388,0.1996680605485955,-0.01566283151555124,170.68723429165908,45.84047997405238,-0.7895221679185285,0.12946984545499077,-45.23628805375076,7.418075718781995,2.3152018356515818,0.884798164348418,0.35,-149.79355876665736,-57.246441233342644,-22.645
51.800045100000716,circle_tension,484,2.9936014249809313,0.8016969329268878,0.17196725529711096,0.0005088170904858697,171.52072719575648,45.93385070529331,-0.7929338000942675,0.11821150930617154,-45.431760178671645,6.773020573115083,2.2885209823082944,0.9114790176917056,0.35,-148.06730755534664,-58.972692444653354,-22.645
51.9042244000002,circle_tension,485,3.0031146256265373,0.8010480920789256,0.1343957009670248,-0.0017555684885680043,172.06579344241084,45.896674863129384,-0.7933798429198252,0.11057337234524525,-45.457316550058195,6.335387561911126,2.2621276917808752,0.9378723082191246,0.35,-146.35966165822265,-60.680338341777365,-22.645
52.01009849999991,circle_tension,486,3.028813299697746,0.7908008706479676,0.18908678684804311,-0.04401218962348651,173.53821900577339,45.30955232339949,-0.7857770286040693,0.08899706925367398,-45.02170737734374,5.0991564572690224,2.2360082224591316,0.9639917775408686,0.35,-144.6697319931058,-62.3702680068942,-22.645
52.11516389999997,circle_tension,487,3.05033141794258,0.7828882738372186,0.19815088962657335,-0.05584275516585867,174.77111636426582,44.85619392115489,-0.7796303491662034,0.07134821631129523,-44.669528587534174,4.087951670423675,2.210149312206918,0.9898506877930824,0.35,-142.9966604997876,-64.04333950021244,-22.645
52.21838040000057,circle_tension,488,3.053248546272557,0.7828177522665372,0.1187765650930774,-0.029842429629431164,174.93825550587155,44.852153332790216,-0.7797649170401302,0.06906741212056877,-44.677238758768226,3.957271216399298,2.184538148657062,1.015461851342938,0.35,-141.33961821811192,-65.7003817818881,-22.645
52.32284720000007,circle_tension,489,3.055007784463717,0.7825622187457981,0.07186565665105155,-0.01711150117754745,175.03905242938325,44.837512340527745,-0.7796306400929723,0.06767341602556026,-44.66954525641018,3.8774011234975925,2.159162341247483,1.0408376587525172,0.35,-139.69780347871216,-67.34219652128786,-22.645
52.42799330000071,circle_tension,490,3.0561409718321215,0.782478523104007,0.04339205610063989,-0.009463955899616879,175.10397928299037,44.83271693348948,-0.7796234359143517,0.06678276193845858,-44.66913248738036,3.826370403300589,2.1340098948622424,1.0659901051377578,0.35,-138.0704401975871,-68.96955980241293,-22.645
52.5331999,circle_tension,491,3.056624991909607,0.782360197510438,0.02529103245901911,-0.005562063107455398,175.1317115906299,44.82593737636959,-0.7795377700629328,0.06639535897848284,-44.664224195645666,3.8041738487231034,2.1090691849522583,1.090930815047742,0.35,-136.4567762664111,-70.58322373358891,-22.645
52.642200300000695,circle_tension,492,3.0570309102948956,0.7822903746530702,0.015258819257618255,-0.0032643324310487553,175.15496900093368,44.82193682132887,-0.7794950835716429,0.06607302749593374,-44.661778439852526,3.7857056151688457,2.084328934020368,1.1156710659796318,0.35,-134.8560820311178,-72.18391796888218,-22.645
52.74628230000053,circle_tension,493,3.057201139565888,0.7822642967157949,0.008749317007925523,-0.001825292734055287,175.16472241971113,44.820442665584594,-0.7794803347110009,0.06593813551415616,-44.66093339238512,3.7779768739228343,2.059778189364288,1.140221810635712,0.35,-133.26764885186944,-73.77235114813057,-22.645
52.849821599999814,circle_tension,494,3.0576062576033127,0.7821938394429321,0.006506518630591048,-0.0012925377741729986,175.1879339734602,44.81640576121355,-0.7794367745477786,0.06561643807027882,-44.65843757887758,3.7595449681085165,2.0354063019792337,1.1645936980207663,0.35,-131.69078773805643,-75.34921226194358,-22.645
52.953614500000185,circle_tension,495,3.057799417790231,0.7820566889699334,0.004355889296502444,-0.0013062167449699462,175.19900123694057,44.808547617952506,-0.7793127652235041,0.06545440185587716,-44.65133236797638,3.750260976895024,2.011202906529334,1.188797093470666,0.35,-130.12482805244792,-76.9151719475521,-22.645
53.057854900000166,circle_tension,496,3.0596790533081037,0.78112203591667,0.010743206359619728,-0.004864509931819754,175.30669641913758,44.754995942691494,-0.7785028997814747,0.06391298793233334,-44.604930496174596,3.661944464593262,1.9871579023035442,1.212842097696456,0.35,-128.56911627903932,-78.47088372096071,-22.645
53.161318700000265,circle_tension,497,3.07098627246632,0.7761976641778018,0.05660980332242563,-0.024308395414804035,175.95455235493284,44.472850225300846,-0.7742636938304578,0.054758983656480444,-44.362041886694584,3.137458653942182,1.9632614350779054,1.2367385649220946,0.35,-127.02301484954049,-80.01698515045952,-22.645
53.27055400000063,circle_tension,498,3.0958394321316973,0.7675946789892752,0.14366407746884635,-0.049909008863459246,177.37853351132372,43.97993548278472,-0.7667913941818244,0.03510767752703778,-43.933910653570805,2.0115217508055516,1.9395038798114692,1.260496120188531,0.35,-125.48590102380206,-81.55409897619796,-22.645
53.37592039999981,circle_tension,499,3.115030655378737,0.765257074482133,0.15961700578983182,-0.0345019764858596,178.47810960707244,43.84600061035471,-0.7649871307119196,0.020324366905200685,-43.83053397161563,1.1645004449433658,1.9158758241080451,1.2841241758919548,0.35,-123.95716581979053,-83.08283418020947,-22.645
53.47976160000053,circle_tension,500,3.123537116951997,0.7685017893997765,0.12268935807260357,-0.003304186277490569,178.96549395381047,44.031909080858824,-0.7683765260877096,0.013874958307753489,-44.02473202174956,0.7949765519542538,1.8923680523806459,1.3076319476193539,0.35,-122.4362129890278,-84.6037870109722,-22.645
53.58400160000019,circle_tension,501,3.1355043164286194,0.7719534474653673,0.11870401600656982,0.01449713983899877,179.65116397641208,44.229674520339465,-0.7719391401824998,0.004699883825009809,-44.22885477341485,0.269283507374864,1.8689715306592976,1.3310284693407026,0.35,-120.92245803365655,-86.11754196634347,-22.645
53.689571400000204,circle_tension,502,-3.140212712881939,0.7745370052378939,0.09627838553395791,0.01971071129460312,-179.92093522146166,44.37770147683346,-0.7745362677872483,-0.0010688148040546796,-44.377659224023866,-0.06123857735343521,1.8456773919868277,1.3543226080131725,0.35,-119.41532726154776,-87.62467273845226,-22.645
53.79573330000039,circle_tension,503,-3.138033682197456,0.774981927917628,0.060864720991941006,0.012563238428769684,-179.79608595981128,44.40319366859187,-0.7749770198547802,-0.002758132688483037,-44.402912457305106,-0.15802936238714907,1.8224769223503259,1.3775230776496743,0.35,-117.91425687606609,-89.12574312393393,-22.645
53.900289400000474,circle_tension,504,-3.138033682197456,0.774981927917628,0.032286207633010294,0.00666427641240612,-179.79608595981128,44.40319366859187,-0.7749770198547802,-0.002758132688483037,-44.402912457305106,-0.15802936238714907,1.799361547099135,1.400638452900865,0.35,-116.41869209731405,-90.62130790268597,-22.645
54.005554200000006,circle_tension,505,-3.138033682197456,0.774981927917628,0.017273295544003486,0.003565423891430546,-179.79608595981128,44.40319366859187,-0.7749770198547802,-0.002758132688483037,-44.402912457305106,-0.15802936238714907,1.7763228178027752,1.4236771821972245,0.35,-114.92808631183956,-92.11191368816043,-22.645
54.1092376000006,circle_tension,506,-3.1376316390176067,0.7743643215840174,0.010992606066421228,-0.000839105150384007,-179.7730505824239,44.367807432275434,-0.7743582468446206,-0.0030672603412610425,-44.36745937534636,-0.17574107222211433,1.7533523995047182,1.4466476004952815,0.35,-113.44190024795527,-93.59809975204472,-22.645
54.21433690000049,circle_tension,507,-3.1374006046453724,0.773519079262754,0.00693144277820576,-0.0042238786364464384,-179.75981328797243,44.3193786146012,-0.7735122826412089,-0.0032426203424505157,-44.31898919687172,-0.18578846018568024,1.7304420583300044,1.4695579416699958,0.35,-111.95960117395128,-95.08039882604874,-22.645
54.317554199999904,circle_tension,508,-3.137262362253795,0.7732802213678052,0.004308716833337903,-0.0033106724072906333,-179.75189258238524,44.30569306531726,-0.7732729713268489,-0.0033485181779512813,-44.30527766856916,-0.19185595921944476,1.7075836494065544,1.4924163505934456,0.35,-110.48066211660408,-96.55933788339593,-22.645
54.42153159999998,circle_tension,509,-3.1369936575616735,0.7727417326074331,0.0035309241952367985,-0.004200788605711935,-179.7364969375913,44.2748399320327,-0.7727335605826468,-0.0035538236313119574,-44.27437170950237,-0.20361909520803148,1.6847691050618567,1.5152308949381434,0.35,-109.00456109750213,-98.03543890249789,-22.645
54.52833350000037,circle_tension,510,-3.1366082104718105,0.7720790774485474,0.003607167151343828,-0.005194393082957469,-179.71441244611657,44.23687258815598,-0.7720694864422241,-0.0038483683088385325,-44.23632306397237,-0.22049526210834605,1.6619904232579374,1.5380095767420623,0.35,-107.53078038478856,-99.50921961521144,-22.645
54.63366219999989,circle_tension,511,-3.136585599335573,0.7718679318601852,0.0020131311170972273,-0.0036870844304763583,-179.71311692344017,44.22477483708002,-0.7718582562872832,-0.003864768463197142,-44.22422046758837,-0.22143492173645746,1.639239656228987,1.5607603437710127,0.35,-106.05880575801547,-100.98119424198453,-22.645
54.73936760000015,circle_tension,512,-3.1365101712280334,0.77191210301236,0.0014059182217745533,-0.0017661631151927601,-179.70879521122149,44.22730565767587,-0.771902133161077,-0.003923212757843591,-44.226734427274984,-0.22478353315631805,1.6165088992869623,1.583491100713038,0.35,-104.58812578386646,-102.45187421613356,-22.645
54.84335890000057,circle_tension,513,-3.1149336724531698,0.7628943192661187,0.09742639304571155,-0.04005338828960588,-178.4725528947526,43.71062470845457,-0.7626232403385786,-0.020335576313479087,-43.69509302999159,-1.1651426967285572,1.5937902797613648,1.6062097202386352,0.35,-103.11823110056031,-103.9217688994397,-22.645
54.946782500000154,circle_tension,514,-3.044410711666106,0.7441997460109452,0.37830656423740117,-0.09369627651085342,-174.43188488288726,42.639504561134984,-0.7406882770064672,-0.07220899021552754,-42.43831220728739,-4.1372703822511845,1.5710759460401844,1.6289240539598158,0.35,-101.64861370879994,-105.39138629120008,-22.645
55.05689799999982,circle_tension,515,-2.990321288928247,0.7453913792469486,0.4479777117347341,-0.031882839515226476,-171.332789243709,42.7077801162855,-0.736879224754482,-0.11232682841112361,-42.22006958930383,-6.43585319404757,1.5483580566794104,1.6516419433205898,0.35,-100.17876626715785,-106.86123373284217,-22.645
55.16335260000051,circle_tension,516,-2.964635060517343,0.7567936268120584,0.33977374823320333,0.03838724436969723,-169.86107676415514,43.36108077872961,-0.7449754008733247,-0.1332225419250746,-42.68394631110813,-7.63308938831144,1.525628769548972,1.6743712304510279,0.35,-98.70818138981849,-108.33181861018151,-22.645
55.270826599999964,circle_tension,517,-2.9414790896268337,0.7678680399475845,0.277260313908605,0.0732110041383265,-168.5343373616012,43.99559791197949,-0.7525444729019884,-0.1526372925520286,-43.117622193181084,-8.745472659534872,1.502880230983171,1.6971197690168287,0.35,-97.23635094461117,-109.80364905538882,-22.645
55.38121760000013,circle_tension,518,-2.9238373893074208,0.7758812630550553,0.2207860609971068,0.07641224917737433,-167.52354238986422,44.454721776334274,-0.7575587168955648,-0.167620180215431,-43.40491721146183,-9.60392888756646,1.480104564903617,1.7198954350963827,0.35,-95.76276534926403,-111.27723465073596,-22.645
55.485626600000614,circle_tension,519,-2.9190494026690694,0.7772686429370961,0.13543169169339048,0.04633516665009551,-167.24921096312167,44.534212788156566,-0.7581006394450807,-0.17155163585997882,-43.43596708637206,-9.829184703341934,1.4572938618826514,1.7427061381173483,0.35,-94.28691286380756,-112.75308713619243,-22.645
55.59033550000004,circle_tension,520,-2.9182295538615466,0.7768352172325769,0.07607186171993575,0.02288757864995015,-167.20223708661177,44.509379324555134,-0.7575370797324839,-0.17207709772995708,-43.40367749333666,-9.85929145078674,1.4344401681149868,1.765559831885013,0.35,-92.80827887703964,-114.23172112296035,-22.645
55.69455420000031,circle_tension,521,-2.9179127662208013,0.7766393817178763,0.04204865575912161,0.011363631987768259,-167.18408649179517,44.49815877608402,-0.7572915730066002,-0.17227362737318264,-43.38961099410145,-9.870551769892776,1.4115354742646726,1.788464525735327,0.35,-91.32634518492432,-115.71365481507567,-22.645
55.79927850000058,circle_tension,522,-2.9176501219593316,0.7766081053995533,0.023681980410802803,0.005948854498764113,-167.1690380840996,44.4963667750454,-0.7572158048750407,-0.17246557401327348,-43.3852697999415,-9.881549502261697,1.388571704154136,1.8114282958458636,0.35,-89.84058925877261,-117.19941074122738,-22.645
55.90376449999985,circle_tension,523,-2.917456608732879,0.7766176110307447,0.013497002745632659,0.003218723401633279,-167.1579505929439,44.496911407594276,-0.7571916841897582,-0.17261421481725767,-43.38388778647585,-9.890065992993422,1.365540703261014,1.8344592967389861,0.35,-88.35048350098761,-118.68951649901241,-22.645
56.0076138000004,circle_tension,524,-2.904382054844755,0.7748913656908804,0.06571656732980326,-0.0056127696432721275,-166.40883383613806,44.39800483521592,-0.753192271173357,-0.1820934684907672,-43.154738300106374,-10.433187221419402,1.3424342269877094,1.8575657730122903,0.35,-86.8554944861048,-120.18450551389519,-22.645
56.111240300000645,circle_tension,525,-2.8573698214133607,0.7695403932634353,0.2470630144320334,-0.021806244496569503,-163.71523127503534,44.09141669883245,-0.738666332142934,-0.2157880131576991,-42.32246330019878,-12.363742423449635,1.3192439286673552,1.880756071332645,0.35,-85.35508218477788,-121.68491781522214,-22.645
56.2170270000006,circle_tension,526,-2.8172485784142154,0.7666598639290179,0.3128838182470517,-0.017670108621132264,-161.4164533823655,43.926374525206704,-0.7266861918686511,-0.24432463139662786,-41.636051824507675,-13.9987702101163,1.2959613472685656,1.9040386527314341,0.35,-83.8486991682762,-123.1913008317238,-22.645
56.32250180000028,circle_tension,527,-2.811529596750194,0.7684949888961923,0.19126759300223345,-0.0004788489074133674,-161.08877986990436,44.03151944070488,-0.7270130960823451,-0.24907128715153304,-41.65478205625738,-14.270733551673851,1.272577894759787,1.927422105240213,0.35,-82.33578979095822,-124.70421020904179,-22.645
56.42762000000039,circle_tension,528,-2.8066559991195916,0.7712105743551309,0.12303426298668678,0.012216606710881706,-160.80954329462588,44.187111026409156,-0.7283552771329704,-0.25350412278644424,-41.73168336580064,-14.524716324829457,1.2490848430923167,1.950915156907683,0.35,-80.8157893480729,-126.2242106519271,-22.645
56.531395599999996,circle_tension,529,-2.802923689918029,0.7737553091968218,0.08188346930352386,0.018033630791938916,-160.59569772953853,44.33291359281794,-0.7298042386075473,-0.25706624014196694,-41.81470274297095,-14.72881061543121,1.225473310758996,1.9745266892410043,0.35,-79.28812320610704,-127.75187679389298,-22.645
56.6386222000001,circle_tension,530,-2.7970568631155373,0.7762054470267523,0.0699126790815341,0.020902366615225536,-160.2595533146215,44.4732961496983,-0.7305896733579648,-0.26217098462015725,-41.859704839252785,-15.021290929524227,1.2017342488834526,1.9982657511165471,0.35,-77.75220590275939,-129.2877940972406,-22.645
56.744482099999914,circle_tension,531,-2.7945395139424662,0.7762577115081031,0.04790336707895907,0.011338035590204182,-160.1153198314438,44.47629068389814,-0.7299765316805771,-0.26402707791321856,-41.8245744088949,-15.127637241599178,1.1778584267921013,2.022141573207899,0.35,-76.20744021344896,-130.83255978655106,-22.645
56.85051770000064,circle_tension,532,-2.7937744183871636,0.7759030801576685,0.02884558593920083,0.004469862020183765,-160.07148308520073,44.45597180423521,-0.7294409165745974,-0.2644646271715154,-41.79388592387881,-15.152706967428667,1.1538364170184447,2.046163582981555,0.35,-74.65321618109338,-132.38678381890662,-22.645
56.9550878,circle_tension,533,-2.7930267395690738,0.7755860825493343,0.01862350343804386,0.0009802428107349485,-160.02864424449285,44.437809179161924,-0.7289450436267941,-0.2649016700894011,-41.76547449679497,-15.1777476820896,1.1296585796860392,2.0703414203139605,0.35,-73.08891010568674,-133.95108989431324,-22.645
57.06957920000059,circle_tension,534,-2.792352332504825,0.775342057708982,0.012949742467530594,-0.0005564770297887705,-159.99000356603761,44.42382758571338,-0.7285369325348215,-0.26530971407988674,-41.74209145365246,-15.201126880600103,1.1053150462130097,2.0946849537869903,0.35,-71.51388348998174,-135.52611651001828,-22.645
57.17319889999999,circle_tension,535,-2.791832476729236,0.7750776857711364,0.008853155671272976,-0.0014100429866379983,-159.96021802414083,44.408680189453136,-0.728150545792395,-0.26559781934831067,-41.71995312405162,-15.217634096536278,1.0807957022772698,2.11920429772273,0.35,-69.92748193733937,-137.11251806266063,-22.645
57.283005199999934,circle_tension,536,-2.7914386264915154,0.7749578407396347,0.006514716059879542,-0.0012911251386019571,-159.93765206775922,44.40181357495248,-0.727933310734834,-0.26584346906866185,-41.70750647209109,-15.23170878875097,1.0560901699772849,2.143909830022715,0.35,-68.32903399753033,-138.71096600246966,-22.645
57.388511900000594,circle_tension,537,-2.790460171002068,0.7744180475471493,0.007662921444348294,-0.003017785268586177,-159.88159069777248,44.37088570321317,-0.7271659892672291,-0.26636992401498866,-41.663542190467545,-15.261872435279281,1.0311877891186567,2.168812210881343,0.35,-66.71784995597709,-140.3221500440229,-22.645
57.49423250000018,circle_tension,538,-2.7902350406129415,0.7742806914287192,0.005080962437141119,-0.0022157214755534563,-159.8686916766354,44.36301577733683,-0.7269770383470192,-0.2664863501861439,-41.65271610020441,-15.268543163511346,1.0060775975515304,2.19392240244847,0.35,-65.09322056158402,-141.946779438416,-22.645
57.59879920000003,circle_tension,539,-2.7901569582942316,0.7742907562247824,0.003044371125566495,-0.0011321303866851427,-159.86421788931872,44.36359244767291,-0.726965677888952,-0.266546578193384,-41.65206519390382,-15.271993974134688,0.9807483104783431,2.219251689521657,0.35,-63.4544156879488,-143.58558431205122,-22.645
57.70435380000072,circle_tension,540,-2.790029884332364,0.7740576402269476,0.002192900485499658,-0.0016424610932262611,-159.8569370876177,44.35023588485999,-0.7267129432698499,-0.2665586773635076,-41.63758456689242,-15.272687205518379,0.9551882986449898,2.2448117013550104,0.35,-61.80068292233084,-145.23931707766917,-22.645
57.80915580000055,circle_tension,541,-2.790029884332364,0.7740576402269476,0.0011687667088900171,-0.0008753948750084564,-159.8569370876177,44.35023588485999,-0.7267129432698499,-0.2665586773635076,-41.63758456689242,-15.272687205518379,0.9293855653217441,2.2706144346782553,0.35,-60.13124607631685,-146.90875392368312,-22.645
57.912922999999864,circle_tension,542,-2.7899268350373734,0.7740463917161164,0.0010814246671629994,-0.0005168063328441145,-159.85103279793293,44.34959139266356,-0.7266749106233177,-0.2666296885182386,-41.63540545676241,-15.276755844982816,0.9033277219725728,2.2966722780274273,0.35,-58.44530361162546,-148.59469638837456,-22.645
58.01668030000019,circle_tension,543,-2.789852322460147,0.7738883836709425,0.000912711632403065,-0.0009827690980059262,-159.8467635417372,44.34053819854598,-0.7265067074116729,-0.2666293953536889,-41.62576812263462,-15.276739047891416,0.8770019625031467,2.322998037496853,0.35,-56.74202697395359,-150.29797302604638,-22.645
58.122526500000276,circle_tension,544,-2.7897208497864825,0.7738533162615653,0.0010782530693652836,-0.0006843705598246455,-159.83923071241495,44.33852898399021,-0.7264387278512225,-0.2667128226518545,-41.62187318072766,-15.281519079972483,0.8503950359685917,2.3496049640314087,0.35,-55.02055882716788,-152.01944117283216,-22.645
58.2260595000007,circle_tension,545,-2.7897208497864825,0.7738533162615653,0.0005727163485248045,-0.0003635048387030048,-159.83923071241495,44.33852898399021,-0.7264387278512225,-0.2667128226518545,-41.62187318072766,-15.281519079972483,0.8234932176117855,2.3765067823882147,0.35,-53.28001117948253,-153.7599888205175,-22.645
58.330441500000234,circle_tension,546,-2.7897208497864825,0.7738533162615653,0.0003073202311262871,-0.00019505710171095772,-159.83923071241495,44.33852898399021,-0.7264387278512225,-0.2667128226518545,-41.62187318072766,-15.281519079972483,0.7962822780917209,2.4037177219082793,0.35,-51.51946339253435,-155.5205366074657,-22.645
58.43356279999989,circle_tension,547,-2.7897208497864825,0.7738533162615653,0.00016434105134301825,-0.0001043077738475607,-159.83923071241495,44.33852898399021,-0.7264387278512225,-0.2667128226518545,-41.62187318072766,-15.281519079972483,0.7687474507490653,2.4312525492509347,0.35,-49.73796006346453,-157.3020399365355,-22.645
58.537274100000104,circle_tension,548,-2.7897208497864825,0.7738533162615653,8.837777556201776e-05,-5.6093647637876446e-05,-159.83923071241495,44.33852898399021,-0.7264387278512225,-0.2667128226518545,-41.62187318072766,-15.281519079972483,0.7408733967420198,2.4591266032579804,0.35,-47.93450876920868,-159.10549123079133,-22.645
58.64136320000034,circle_tension,549,-2.7897208497864825,0.7738533162615653,4.745387238034791e-05,-3.011911964776792e-05,-159.83923071241495,44.33852898399021,-0.7264387278512225,-0.2667128226518545,-41.62187318072766,-15.281519079972483,0.7126441678705432,2.487355832129457,0.35,-46.108077661224144,-160.93192233877588,-22.645
58.75196770000002,circle_tension,550,-2.7897208497864825,0.7738533162615653,2.5406246757044238e-05,-1.6125423437372194e-05,-159.83923071241495,44.33852898399021,-0.7264387278512225,-0.2667128226518545,-41.62187318072766,-15.281519079972483,0.6840431668899003,2.5159568331101,0.35,-44.257592897776554,-162.7824071022235,-22.645
58.85723710000002,circle_tension,551,-2.78744540143236,0.7736927447079235,0.009865729723004169,-0.000694798917681344,-159.70885712522374,44.329328911656674,-0.7256793496009047,-0.26830941984300116,-41.578364011930425,-15.372997360607629,0.6550531050956602,2.54494689490434,0.35,-42.38193589968922,-164.6580641003108,-22.645
58.96076710000034,circle_tension,552,-2.7179036394767597,0.7699469784664311,0.31565815568714123,-0.008423870536707992,-155.7244076652644,44.11471231497658,-0.7018671091161883,-0.3165452744718701,-40.21402313140562,-18.136708252048393,0.6256559569415431,2.5743440430584568,0.35,-40.47994041411784,-166.56005958588216,-22.645
59.06601170000067,circle_tension,553,-2.6035542661750224,0.7713057495354764,0.6781344226021322,0.03896031490492898,-149.17267118510892,44.19256416255735,-0.6623322533874327,-0.3952575684148357,-37.94884275448932,-22.64659049077348,0.5958415756892799,2.6,0.35,-38.550949947096406,-168.22000000000003,-22.645
59.172485200000665,circle_tension,554,-2.519354670435723,0.761958120954118,0.7396010915770909,0.014739645609256839,-144.34838971253936,43.656984496389654,-0.6191489374598095,-0.4441112150467709,-35.47462100645644,-25.445698256606875,0.5661471922029228,2.6,0.35,-36.62972333552911,-168.22000000000003,-22.645
59.280627000000095,circle_tension,555,-2.4367286495518443,0.7214758563012721,0.7967298877039011,-0.13489371989996948,-139.6142674379333,41.33752158664995,-0.5495479250506853,-0.4674660301007339,-31.486776745575952,-26.783830590507552,0.5368862145024917,2.6,0.35,-34.73653807831122,-168.22000000000003,-22.645
59.38584400000036,circle_tension,556,-2.346650716681582,0.684581492556307,0.864594253261588,-0.19233023308841635,-134.45318205720454,39.22363025624297,-0.4794303648486176,-0.4886699757625205,-27.469336476243008,-27.99872718595266,0.5080395324006872,2.6,0.35,-32.870157746324466,-168.22000000000003,-22.645
59.49139070000001,circle_tension,557,-2.136819408042332,0.6848815645679301,1.4075911420435183,0.03350187106939286,-122.43073366246854,39.24082311605898,-0.3672880241030589,-0.578067699180197,-21.044053646804528,-33.12083943586337,0.47958885370206145,2.6,0.35,-31.029398834523377,-168.22000000000003,-22.645
59.59769190000043,circle_tension,558,-1.9322405596302912,0.7085287708401111,1.5724117308597982,0.2894600972597847,-110.70922907081196,40.59570823273024,-0.250553853847334,-0.6627486593199925,-14.3556783661899,-37.9727010569892,0.4515166533635659,2.6,0.35,-29.213127472622713,-168.22000000000003,-22.645
59.703231600000436,circle_tension,559,-1.794402621156974,0.6998167951468014,1.4224009858738482,0.22466605576749837,-102.81169693950697,40.09654879428303,-0.15518267366132216,-0.6823942295805729,-8.891312254349721,-39.098309319048184,0.4238061260995625,2.6,0.35,-27.420256358641694,-168.22000000000003,-22.645
59.8095573999999,circle_tension,560,-1.657682837789889,0.6630853930930863,1.403053023006486,0.056641052803052414,-94.97823037663008,37.991994481007,-0.05754071412464627,-0.6605840633495774,-3.2968400695110347,-37.84867884353339,0.3964411421494719,2.6,0.35,-25.649741897070832,-168.22000000000003,-22.645
59.91416759999993,circle_tension,561,-1.538050521114446,0.630217074123407,1.327956068641112,-0.035642837729723896,-88.12380353775467,36.108778524354584,0.020633277915730247,-0.629879217278297,1.182199742091831,-36.08942075305018,0.3694062059516643,2.6,0.35,-23.90058152507268,-168.22000000000003,-22.645
60.01891330000035,circle_tension,562,-1.4446583568533995,0.6136702151108752,1.1504706409713152,-0.03856226245577996,-82.77282668600418,35.1607133387385,0.0772020103584159,-0.6087946965199736,4.423349363462495,-34.88136670054227,0.35,2.6,0.35,-22.645,-168.22000000000003,-22.645
60.12257760000011,circle_tension,563,-1.3703749430949181,0.6462499837190765,0.9008289856649815,0.16050497965985253,-78.51670058981917,37.02739657750125,0.12865693134064068,-0.6333138522683017,7.371499170923119,-36.28621084214541,0.35,2.6,0.35,-22.645,-168.22000000000003,-22.645
60.22838480000064,circle_tension,564,-1.301151953701105,0.7271107535720088,0.6955704998331217,0.47621278014218404,-74.55051545227481,41.660377418252956,0.1936940716525687,-0.700837109866982,11.097852822396744,-40.15500852152445,0.35,2.6,0.35,-22.645,-168.22000000000003,-22.645
60.33684979999998,circle_tension,565,-1.241654695933087,0.7765313054374575,0.5719111231893442,0.4924856187013489,-71.14157368956542,44.49196646135055,0.2509988782306664,-0.7348472164003542,14.38117638513526,-42.10364408667699,0.35,2.6,0.35,-22.645,-168.22000000000003,-22.645
60.44188639999993,circle_tension,566,-1.218033013279807,0.7802633366329975,0.3934897343743544,0.2810807175873513,-69.78815096853509,44.705796097866155,0.26957495628592965,-0.7322159636590133,15.44550725760743,-41.95288440976593,0.35,2.6,0.35,-22.645,-168.22000000000003,-22.645
60.546010000000024,circle_tension,567,-1.19864213372121,0.7835126372932761,0.2911812761446972,0.16821949291577767,-68.677135408781,44.89196731206919,0.2849032192170217,-0.729878214826311,16.323752030825833,-41.81894126809045,0.35,2.6,0.35,-22.645,-168.22000000000003,-22.645
60.65294580000045,circle_tension,568,-1.1910870059229528,0.7852910567839333,0.18839107813314146,0.0990640605534318,-68.24425847225888,44.99386324308765,0.29106853094663043,-0.7293566714285934,16.676998372314916,-41.78905903256832,0.35,2.6,0.35,-22.645,-168.22000000000003,-22.645
60.757546300000286,circle_tension,569,-1.1899673326174296,0.7854491581273881,0.10453084007451446,0.053207847037478995,-68.18010591741894,45.002921782802964,0.29194375423940516,-0.7291770871082173,16.72714497312245,-41.77876960894404,0.35,2.6,0.35,-22.645,-168.22000000000003,-22.645
60.86545110000043,circle_tension,570,-1.1899330119465,0.7853113240187981,0.05596934604661881,0.027795458087621565,-68.17813948782461,44.99502447010781,0.2919175439353858,-0.729039109496116,16.725643233322387,-41.77086407410334,0.35,2.6,0.35,-22.645,-168.22000000000003,-22.645
60.97042150000016,circle_tension,571,-1.1896439955960318,0.7852747070821549,0.030754341736001937,0.014491026658785853,-68.16158007073251,44.99292647417945,0.2921146148160693,-0.7289207209250013,16.73693456305048,-41.76408090863588,0.35,2.6,0.35,-22.645,-168.22000000000003,-22.645
61.07434069999999,circle_tension,572,-1.1896503619555114,0.7853460575250947,0.0163576339133173,0.008038226403119015,-68.16194483626157,44.99701455342629,0.2921365154935576,-0.7289888108781174,16.738189379439035,-41.767982175576684,0.35,2.6,0.35,-22.645,-168.22000000000003,-22.645
61.177829100000054,circle_tension,573,-1.1895674792374116,0.7852081246208064,0.009155441956002397,0.003699594896882835,-68.15719600631986,44.989111580154585,0.29214561555796414,-0.728836564862646,16.738710774722826,-41.75925912144249,0.35,2.6,0.35,-22.645,-168.22000000000003,-22.645
61.28451020000011,circle_tension,574,-1.1891309762060032,0.7853843330495955,0.006865637738253045,0.002776612171220266,-68.1321862248755,44.99920757943884,0.29252935882375275,-0.7288725024487631,16.76069764426908,-41.76131819345289,0.35,2.6,0.35,-22.645,-168.22000000000003,-22.645
61.39326400000027,circle_tension,575,-1.1889901931035973,0.7852633079431932,0.0042447615701729545,0.0009339467433016576,-68.12411994728089,44.992273351626864,0.2925868752461687,-0.7287190015606627,16.763993092526206,-41.752523240413225,0.35,2.6,0.35,-22.645,-168.22000000000003,-22.645
61.49893969999994,circle_tension,576,-1.1888367265382196,0.7852805577258938,0.0028992913401156284,0.0005660080418217082,-68.11532696078838,44.99326169137313,0.2927051354790675,-0.728690097370941,16.770768904755542,-41.75086715233193,0.35,2.6,0.35,-22.645,-168.22000000000003,-22.645
61.60335050000049,circle_tension,577,-1.1887771912961318,0.7851446717830277,0.0018091661057466084,-0.00030165225205534314,-68.11191584268445,44.985476000351746,0.2926978601271647,-0.7285465793662456,16.770352057797037,-41.74264417637874,0.35,2.6,0.35,-22.645,-168.22000000000003,-22.645
61.70748850000018,circle_tension,578,-1.1888960200399348,0.7851413084446875,0.00043787917723076155,-0.00017635421725408537,-68.11872422818921,44.98528329525978,0.2926100323218305,-0.7285782341045148,16.765319895227496,-41.74445785928316,0.35,2.6,0.35,-22.645,-168.22000000000003,-22.645
61.812036700000135,circle_tension,579,-1.188978600835021,0.7851250320328123,-0.00013377945188664943,-0.00016674318469784262,-68.12345575921648,44.9843507255537,0.29254380003443586,-0.7285872912602418,16.761525064692282,-41.74497679608071,0.35,2.6,0.35,-22.645,-168.22000000000003,-22.645
61.92244449999998,circle_tension,580,-1.188812225636233,0.7852824566351433,0.0006695207935827734,0.0006121819234721735,-68.11392316251028,44.9933704908588,0.2927236967976498,-0.7286846876612979,16.771832389972506,-41.75055719880098,0.35,2.6,0.35,-22.645,-168.22000000000003,-22.645
62.02650950000043,circle_tension,581,-1.1885780877554992,0.7854403222004961,0.0013643170412043955,0.0010040018446543797,-68.1005080501201,45.00241552148396,0.29295318208930915,-0.7287626038993543,16.784980928644913,-41.75502147039715,0.35,2.6,0.35,-22.645,-168.22000000000003,-22.645
62.13159390000055,circle_tension,582,-1.1885780877554992,0.7854403222004961,0.000732089789589517,0.0005387453773586594,-68.1005080501201,45.00241552148396,0.29295318208930915,-0.7287626038993543,16.784980928644913,-41.75502147039715,0.35,2.6,0.35,-22.645,-168.22000000000003,-22.645
62.23712000000069,circle_tension,583,-1.1885780877554992,0.7854403222004961,0.00038970899951781547,0.000286787119545831,-68.1005080501201,45.00241552148396,0.29295318208930915,-0.7287626038993543,16.784980928644913,-41.75502147039715,0.35,2.6,0.35,-22.645,-168.22000000000003,-22.645
62.341073399999914,circle_tension,584,-1.1885780877554992,0.7854403222004961,0.00020732317463542202,0.00015256926615078562,-68.1005080501201,45.00241552148396,0.29295318208930915,-0.7287626038993543,16.784980928644913,-41.75502147039715,0.35,2.6,0.35,-22.645,-168.22000000000003,-22.645
62.449963000000025,circle_tension,585,-1.1885780877554992,0.7854403222004961,0.00011109242045649674,8.17529882694859e-05,-68.1005080501201,45.00241552148396,0.29295318208930915,-0.7287626038993543,16.784980928644913,-41.75502147039715,0.35,2.6,0.35,-22.645,-168.22000000000003,-22.645
62.556535200000326,circle_tension,586,-1.1885780877554992,0.7854403222004961,5.8271826345721286e-05,4.2882276901589264e-05,-68.1005080501201,45.00241552148396,0.29295318208930915,-0.7287626038993543,16.784980928644913,-41.75502147039715,0.35,2.6,0.35,-22.645,-168.22000000000003,-22.645
62.660724299999856,circle_tension,587,-1.1885780877554992,0.7854403222004961,3.0859724526662465e-05,2.2709692406204694e-05,-68.1005080501201,45.00241552148396,0.29295318208930915,-0.7287626038993543,16.784980928644913,-41.75502147039715,0.35,2.6,0.35,-22.645,-168.22000000000003,-22.645
62.7650919000007,circle_tension,588,-1.1885780877554992,0.7854403222004961,1.6536291765088098e-05,1.2169068430923581e-05,-68.1005080501201,45.00241552148396,0.29295318208930915,-0.7287626038993543,16.784980928644913,-41.75502147039715,0.35,2.6,0.35,-22.645,-168.22000000000003,-22.645
62.86906160000035,circle_tension,589,-1.1885780877554992,0.7854403222004961,8.842984061454224e-06,6.507558024864696e-06,-68.1005080501201,45.00241552148396,0.29295318208930915,-0.7287626038993543,16.784980928644913,-41.75502147039715,0.35,2.6,0.35,-22.645,-168.22000000000003,-22.645
62.972600400000374,circle_tension,590,-1.1885780877554992,0.7854403222004961,4.734816542591907e-06,3.4843547352203457e-06,-68.1005080501201,45.00241552148396,0.29295318208930915,-0.7287626038993543,16.784980928644913,-41.75502147039715,0.35,2.6,0.35,-22.645,-168.22000000000003,-22.645
63.075961200000165,circle_tension,591,-1.1885780877554992,0.7854403222004961,2.543169923691292e-06,1.8715204879369858e-06,-68.1005080501201,45.00241552148396,0.29295318208930915,-0.7287626038993543,16.784980928644913,-41.75502147039715,0.35,2.6,0.35,-22.645,-168.22000000000003,-22.645
63.183268300000236,circle_tension,592,-1.1885780877554992,0.7854403222004961,1.3651030528609098e-06,1.0045802711705245e-06,-68.1005080501201,45.00241552148396,0.29295318208930915,-0.7287626038993543,16.784980928644913,-41.75502147039715,0.35,2.6,0.35,-22.645,-168.22000000000003,-22.645
63.28903580000042,circle_tension,593,-1.1885780877554992,0.7854403222004961,7.204134559506598e-07,5.301527554400301e-07,-68.1005080501201,45.00241552148396,0.29295318208930915,-0.7287626038993543,16.784980928644913,-41.75502147039715,0.35,2.6,0.35,-22.645,-168.22000000000003,-22.645
63.39323349999995,circle_tension,594,-1.1885780877554992,0.7854403222004961,3.829620115677602e-07,2.818220064942955e-07,-68.1005080501201,45.00241552148396,0.29295318208930915,-0.7287626038993543,16.784980928644913,-41.75502147039715,0.35,2.6,0.35,-22.645,-168.22000000000003,-22.645
63.49767880000036,circle_tension,595,-1.1885780877554992,0.7854403222004961,2.0486308959427136e-07,1.507588878847915e-07,-68.1005080501201,45.00241552148396,0.29295318208930915,-0.7287626038993543,16.784980928644913,-41.75502147039715,0.35,2.6,0.35,-22.645,-168.22000000000003,-22.645
63.60084410000036,circle_tension,596,-1.1885780877554992,0.7854403222004961,1.0978783278803953e-07,8.079294131112783e-08,-68.1005080501201,45.00241552148396,0.29295318208930915,-0.7287626038993543,16.784980928644913,-41.75502147039715,0.35,2.6,0.35,-22.645,-168.22000000000003,-22.645
63.70733340000061,circle_tension,597,-1.1885780877554992,0.7854403222004961,5.900184618225708e-08,4.3419498999078564e-08,-68.1005080501201,45.00241552148396,0.29295318208930915,-0.7287626038993543,16.784980928644913,-41.75502147039715,0.35,2.6,0.35,-22.645,-168.22000000000003,-22.645
63.81216450000011,circle_tension,598,-1.1885780877554992,0.7854403222004961,3.123849954831065e-08,2.2988433203950697e-08,-68.1005080501201,45.00241552148396,0.29295318208930915,-0.7287626038993543,16.784980928644913,-41.75502147039715,0.35,2.6,0.35,-22.645,-168.22000000000003,-22.645
63.91718050000054,circle_tension,599,-1.1885780877554992,0.7854403222004961,1.6682487245613555e-08,1.2276653785129903e-08,-68.1005080501201,45.00241552148396,0.29295318208930915,-0.7287626038993543,16.784980928644913,-41.75502147039715,0.35,2.6,0.35,-22.645,-168.22000000000003,-22.645
64.02421709999999,circle_tension,600,-1.1885780877554992,0.7854403222004961,8.889120884757616e-09,6.541510144719627e-09,-68.1005080501201,45.00241552148396,0.29295318208930915,-0.7287626038993543,16.784980928644913,-41.75502147039715,0.35,2.6,0.35,-22.645,-168.22000000000003,-22.645
64.13088630000038,circle_tension,601,-1.1885780877554992,0.7854403222004961,4.6978530175708e-09,3.457153251851525e-09,-68.1005080501201,45.00241552148396,0.29295318208930915,-0.7287626038993543,16.784980928644913,-41.75502147039715,0.35,2.6,0.35,-22.645,-168.22000000000003,-22.645
64.23682210000061,circle_tension,602,-1.1885780877554992,0.7854403222004961,2.4879950663531946e-09,1.8309172726483393e-09,-68.1005080501201,45.00241552148396,0.29295318208930915,-0.7287626038993543,16.784980928644913,-41.75502147039715,0.35,2.6,0.35,-22.645,-168.22000000000003,-22.645
64.34360629999992,circle_tension,603,-1.1885780877554992,0.7854403222004961,1.3221720579087624e-09,9.729873225940308e-10,-68.1005080501201,45.00241552148396,0.29295318208930915,-0.7287626038993543,16.784980928644913,-41.75502147039715,0.35,2.6,0.35,-22.645,-168.22000000000003,-22.645
64.44816080000055,circle_tension,604,-1.1885780877554992,0.7854403222004961,6.983761124706825e-10,5.139354592860162e-10,-68.1005080501201,45.00241552148396,0.29295318208930915,-0.7287626038993543,16.784980928644913,-41.75502147039715,0.35,2.6,0.35,-22.645,-168.22000000000003,-22.645
64.55621280000014,circle_tension,605,-1.1885780877554992,0.7854403222004961,3.738148208774244e-10,2.7509058260297234e-10,-68.1005080501201,45.00241552148396,0.29295318208930915,-0.7287626038993543,16.784980928644913,-41.75502147039715,0.35,2.6,0.35,-22.645,-168.22000000000003,-22.645
64.66110579999986,circle_tension,606,-1.1885780877554992,0.7854403222004961,1.967228132373437e-10,1.4476845294077218e-10,-68.1005080501201,45.00241552148396,0.29295318208930915,-0.7287626038993543,16.784980928644913,-41.75502147039715,0.35,2.6,0.35,-22.645,-168.22000000000003,-22.645
64.76600700000017,circle_tension,607,-1.1885780877554992,0.7854403222004961,1.0495059877474573e-10,7.723321748910139e-11,-68.1005080501201,45.00241552148396,0.29295318208930915,-0.7287626038993543,16.784980928644913,-41.75502147039715,0.35,2.6,0.35,-22.645,-168.22000000000003,-22.645
64.87190460000056,circle_tension,608,-1.1885780877554992,0.7854403222004961,5.598609403411485e-11,4.1200204928631186e-11,-68.1005080501201,45.00241552148396,0.29295318208930915,-0.7287626038993543,16.784980928644913,-41.75502147039715,0.35,2.6,0.35,-22.645,-168.22000000000003,-22.645
64.97552260000066,circle_tension,609,-1.1885780877554992,0.7854403222004961,2.977009862941185e-11,2.1907835962443606e-11,-68.1005080501201,45.00241552148396,0.29295318208930915,-0.7287626038993543,16.784980928644913,-41.75502147039715,0.35,2.6,0.35,-22.645,-168.22000000000003,-22.645
65.07950040000014,circle_tension,610,-1.1885780877554992,0.7854403222004961,1.596097177144248e-11,1.1745690053727007e-11,-68.1005080501201,45.00241552148396,0.29295318208930915,-0.7287626038993543,16.784980928644913,-41.75502147039715,0.35,2.6,0.35,-22.645,-168.22000000000003,-22.645
65.18611070000043,circle_tension,611,-1.1885780877554992,0.7854403222004961,8.536473519783007e-12,6.281996707407095e-12,-68.1005080501201,45.00241552148396,0.29295318208930915,-0.7287626038993543,16.784980928644913,-41.75502147039715,0.35,2.6,0.35,-22.645,-168.22000000000003,-22.645
65.29492000000027,circle_tension,612,-1.1885780877554992,0.7854403222004961,4.521263627208201e-12,3.3272009985879223e-12,-68.1005080501201,45.00241552148396,0.29295318208930915,-0.7287626038993543,16.784980928644913,-41.75502147039715,0.35,2.6,0.35,-22.645,-168.22000000000003,-22.645
65.40030790000037,circle_tension,613,-1.1886778234417106,0.7853550568906837,-0.0004360917023363173,-0.00037276280610837944,-68.10622248400685,44.99753017909284,0.2928487026671756,-0.7287127024623088,16.778994698710697,-41.752162328662806,0.35,2.6,0.35,-22.645,-168.22000000000003,-22.645
65.50562880000052,circle_tension,614,-1.188749934559397,0.7852714466480512,-0.000552859119733532,-0.0005700823769234396,-68.11035414670626,44.992739665065926,0.29276498203905116,-0.728656235966177,16.77419786006098,-41.748927036750565,0.35,2.6,0.35,-22.645,-168.22000000000003,-22.645
65.61080370000036,circle_tension,615,-1.188749934559397,0.7852714466480512,-0.00029422841760865545,-0.0003033945352110853,-68.11035414670626,44.992739665065926,0.29276498203905116,-0.728656235966177,16.77419786006098,-41.748927036750565,0.35,2.6,0.35,-22.645,-168.22000000000003,-22.645
65.71707539999989,circle_tension,616,-1.188749934559397,0.7852714466480512,-0.0001569749849197905,-0.00016186523713984703,-68.11035414670626,44.992739665065926,0.29276498203905116,-0.728656235966177,16.77419786006098,-41.748927036750565,0.35,2.6,0.35,-22.645,-168.22000000000003,-22.645
65.8247123000001,circle_tension,617,-1.188749934559397,0.7852714466480512,-8.294312818676948e-05,-8.552706101505446e-05,-68.11035414670626,44.992739665065926,0.29276498203905116,-0.728656235966177,16.77419786006098,-41.748927036750565,0.35,2.6,0.35,-22.645,-168.22000000000003,-22.645
65.93028140000024,circle_tension,618,-1.188749934559397,0.7852714466480512,-4.388776862176819e-05,-4.5255007217431025e-05,-68.11035414670626,44.992739665065926,0.29276498203905116,-0.728656235966177,16.77419786006098,-41.748927036750565,0.35,2.6,0.35,-22.645,-168.22000000000003,-22.645
66.03460330000053,circle_tension,619,-1.188749934559397,0.7852714466480512,-2.3325099516278652e-05,-2.4051747903923384e-05,-68.11035414670626,44.992739665065926,0.29276498203905116,-0.728656235966177,16.77419786006098,-41.748927036750565,0.35,2.6,0.35,-22.645,-168.22000000000003,-22.645
66.13957829999981,circle_tension,620,-1.188749934559397,0.7852714466480512,-1.2482053799493623e-05,-1.2870908057610156e-05,-68.11035414670626,44.992739665065926,0.29276498203905116,-0.728656235966177,16.77419786006098,-41.748927036750565,0.35,2.6,0.35,-22.645,-168.22000000000003,-22.645
66.24467210000057,circle_tension,621,-1.188749934559397,0.7852714466480512,-6.645181288037312e-06,-6.852199065825968e-06,-68.11035414670626,44.992739665065926,0.29276498203905116,-0.728656235966177,16.77419786006098,-41.748927036750565,0.35,2.6,0.35,-22.645,-168.22000000000003,-22.645
66.35202260000005,circle_tension,622,-1.188749934559397,0.7852714466480512,-3.5469799875707965e-06,-3.6574792927153536e-06,-68.11035414670626,44.992739665065926,0.29276498203905116,-0.728656235966177,16.77419786006098,-41.748927036750565,0.35,2.6,0.35,-22.645,-168.22000000000003,-22.645
66.45772970000053,circle_tension,623,-1.188749934559397,0.7852714466480512,-1.8742760654070464e-06,-1.9326655132196334e-06,-68.11035414670626,44.992739665065926,0.29276498203905116,-0.728656235966177,16.77419786006098,-41.748927036750565,0.35,2.6,0.35,-22.645,-168.22000000000003,-22.645
66.56269010000051,circle_tension,624,-1.188749934559397,0.7852714466480512,-9.970030828131776e-07,-1.0280627866355515e-06,-68.11035414670626,44.992739665065926,0.29276498203905116,-0.728656235966177,16.77419786006098,-41.748927036750565,0.35,2.6,0.35,-22.645,-168.22000000000003,-22.645
66.6679522000004,circle_tension,625,-1.188749934559397,0.7852714466480512,-5.306639796633279e-07,-5.471957901679036e-07,-68.11035414670626,44.992739665065926,0.29276498203905116,-0.728656235966177,16.77419786006098,-41.748927036750565,0.35,2.6,0.35,-22.645,-168.22000000000003,-22.645
66.77544670000043,circle_tension,626,-1.188749934559397,0.7852714466480512,-2.8323844216114966e-07,-2.9206218832230814e-07,-68.11035414670626,44.992739665065926,0.29276498203905116,-0.728656235966177,16.77419786006098,-41.748927036750565,0.35,2.6,0.3725509242143841,-22.645,-168.22000000000003,-24.104044796670653
66.8808269000001,circle_tension,627,-1.188749934559397,0.7852714466480512,-1.4937725320724497e-07,-1.5403081278233227e-07,-68.11035414670626,44.992739665065926,0.29276498203905116,-0.728656235966177,16.77419786006098,-41.748927036750565,0.35,2.6,0.3993460173541288,-22.645,-168.22000000000003,-25.837687322812133
66.98595220000061,circle_tension,628,-1.188749934559397,0.7852714466480512,-7.951107254205574e-08,-8.198808631094728e-08,-68.11035414670626,44.992739665065926,0.29276498203905116,-0.728656235966177,16.77419786006098,-41.748927036750565,0.35,2.6,0.4264577436066301,-22.645,-168.22000000000003,-27.591816011348968
67.09063940000033,circle_tension,629,-1.188749934559397,0.7852714466480512,-4.2362394469651624e-08,-4.3682112982177533e-08,-68.11035414670626,44.992739665065926,0.29276498203905116,-0.728656235966177,16.77419786006098,-41.748927036750565,0.35,2.6,0.45390088558358316,-22.645,-168.22000000000003,-29.36738729725783
67.1942794000006,circle_tension,630,-1.188749934559397,0.7852714466480512,-2.2640137103181742e-08,-2.334544681088957e-08,-68.11035414670626,44.992739665065926,0.29276498203905116,-0.728656235966177,16.77419786006098,-41.748927036750565,0.35,2.6,0.481690810126188,-22.645,-168.22000000000003,-31.16539541516436
67.29889430000003,circle_tension,631,-1.188749934559397,0.7852714466480512,-1.2154288254484081e-08,-1.25329316106218e-08,-68.11035414670626,44.992739665065926,0.29276498203905116,-0.728656235966177,16.77419786006098,-41.748927036750565,0.35,2.6,0.5098435058811581,-22.645,-168.22000000000003,-32.986874830510935
67.40777770000022,circle_tension,632,-1.188749934559397,0.7852714466480512,-6.48438801079504e-09,-6.686396584847148e-09,-68.11035414670626,44.992739665065926,0.29276498203905116,-0.728656235966177,16.77419786006098,-41.748927036750565,0.35,2.6,0.5383756234419803,-22.645,-168.22000000000003,-34.83290283669613
67.51466820000041,circle_tension,633,-1.1873280337673695,0.7839055508634278,0.00622351212885626,-0.005964525569080386,-68.02888523243676,44.914479601352305,0.29328972757513805,-0.726972522433548,16.80426356459709,-41.65245735742186,0.35,2.6,0.5673045182773944,-22.645,-168.22000000000003,-36.70460233254742
67.6205103000002,circle_tension,634,-1.1856379194437718,0.7826602242017986,0.010760647319136042,-0.008630873187178504,-67.93204881480001,44.84312763952583,0.29405009814561006,-0.7253216985091282,16.84782958915109,-41.55787211383338,0.35,2.6,0.5966482966906103,-22.645,-168.22000000000003,-38.603144795882486
67.73341789999995,circle_tension,635,-1.181862248285226,0.7803759679437555,0.022469111653553052,-0.014623282956333241,-67.71571879258606,44.712249396613615,0.2959203766452238,-0.7220926408919441,16.954988653693018,-41.372860740564164,0.35,2.573918744789227,0.6260812552107725,-22.645,-166.532542787863,-40.507457212136984
67.83763530000033,circle_tension,636,-1.1762641979032131,0.7777552406141769,0.03589326794762254,-0.018739278104165254,-67.39497413219513,44.56209278137417,0.2989506842443557,-0.7180053639720582,17.1286124897497,-41.138677023353466,0.35,2.544903809196719,0.6550961908032811,-22.645,-164.65527645502775,-42.38472354497229
67.94305390000045,circle_tension,637,-1.166097768111544,0.775147749049424,0.06485804865588966,-0.021313464031323236,-66.81248061241642,44.41269451959786,0.30520798241335545,-0.7125321889764403,17.487129265988322,-40.82508719556803,0.35,2.5162940539620506,0.683705946037949,-22.645,-162.8042252913447,-44.2357747086553
68.04804440000044,circle_tension,638,-1.1507188549289527,0.7723117674474282,0.10325813601463642,-0.023087615445794577,-65.93133379355584,44.25020474302676,0.3149728275859907,-0.705164933912809,18.046613681979018,-40.402974573825574,0.35,2.4880717880308865,0.7119282119691132,-22.645,-160.97824468559836,-46.06175531440162
68.15288380000038,circle_tension,639,-1.133497179532613,0.770857357809919,0.13239116949408933,-0.017569734248837336,-64.94460447720128,44.16687320911433,0.3264537075529435,-0.6983187258799715,18.70441964918171,-40.010715747875416,0.35,2.4602200504725817,0.7397799495274179,-22.645,-159.17623726557605,-47.863762734423936
68.26163890000043,circle_tension,640,-1.1072783768809575,0.7680597799127987,0.18814081687535142,-0.01920070595911249,-63.44237774137501,44.00658380275025,0.34339770048331325,-0.6870180818744652,19.675238932191398,-39.3632365405801,0.35,2.4327225658907445,0.7672774341092551,-22.645,-157.39715001313118,-49.642849986868804
68.36797190000016,circle_tension,641,-1.0813813265003693,0.7646620847203864,0.2131690233439013,-0.021836170562483263,-61.95858605272965,43.81191020815314,0.35947501982281116,-0.6748968913340149,20.596401476228685,-38.6687434799384,0.35,2.405563702765054,0.7944362972349458,-22.645,-155.639971568899,-51.40002843110099
68.47362980000071,circle_tension,642,-1.0559604917932104,0.762160219261918,0.2262285480182193,-0.019323472460905013,-60.502079512309756,43.668563876473335,0.3752815724250826,-0.6633641090860527,21.502050228990367,-38.00796373108677,0.35,2.378728434489542,0.8212715655104577,-22.645,-153.90372971147337,-53.13627028852661
68.58010650000051,circle_tension,643,-1.0388662337432155,0.7633198271532377,0.1958804082512723,-0.0030733819720726676,-59.522650672137516,43.735004514536016,0.3871540580108359,-0.6578517263722813,22.18229354538394,-37.69212746652679,0.35,2.3522023028931165,0.8477976971068835,-22.645,-152.18748899718463,-54.85251100281536
68.68839500000013,circle_tension,644,-1.0229303111641341,0.7644543446842561,0.17376401097229563,0.005067262299407018,-58.60958956570892,43.80000758084697,0.39817886240606876,-0.6525672675208621,22.81396830718806,-37.389350277329925,0.35,2.3259713840467744,0.8740286159532255,-22.645,-150.4903485478263,-56.54965145217369
68.79403330000059,circle_tension,645,-1.0130180922886973,0.7627354828607366,0.13525130098663224,-0.0040160391241128805,-58.04166125853648,43.70152405279314,0.4037177874431684,-0.64713009891118,23.131325334853212,-37.07782346349413,0.35,2.3000222561785835,0.8999777438214163,-22.645,-148.81143997475436,-58.228560025245635
68.89818819999982,circle_tension,646,-1.00507255209261,0.7600355695633713,0.10754825913009292,-0.013559364593822204,-57.58641533934913,43.54683041580286,0.4073995616074402,-0.6416226805557794,23.34227545558629,-36.76227163571679,0.35,2.2743419695325757,0.925658030467424,-22.645,-147.14992542875765,-59.89007457124234
69.00210020000031,circle_tension,647,-0.9964970958509429,0.7573074132708084,0.0963250983561747,-0.018942983223744242,-57.09507788930249,43.39051857438695,0.4114046601488547,-0.6358150075318515,23.571750698543344,-36.42951648265374,0.35,2.2489180180214983,0.9510819819785014,-22.645,-145.50499576599094,-61.535004234009044
69.1072107,circle_tension,648,-0.9876124467086287,0.7543929487777042,0.0916889308929864,-0.022666386542318024,-56.58602499099335,43.223532059391346,0.4154323916863425,-0.6297020319986948,23.802522716653133,-36.079268784337124,0.35,2.2237383125354206,0.9762616874645789,-22.645,-143.87586882104173,-63.16413117895826
69.21213870000065,circle_tension,649,-0.9881034813971761,0.7532496865728308,0.04677041209771849,-0.01718357358638878,-56.61415920624164,43.158027960175275,0.41449402813690717,-0.6289513422840503,23.748758445621572,-36.03625743196412,0.35,2.198791155779711,1.0012088442202898,-22.645,-142.2617877789473,-64.77821222105275
69.3185297,circle_tension,650,-0.9883784669487032,0.7526597098572434,0.02372829048398093,-0.011787252004118207,-56.62991471777122,43.12422478436113,0.4139965463217965,-0.6285725880723836,23.720254837231224,-36.01455641416281,0.35,2.174065218525638,1.0259347814743618,-22.645,-140.6620196386088,-66.37798036139121
69.42579900000055,circle_tension,651,-0.9889084290025565,0.7520177708404734,0.010248623270347389,-0.00909497617385066,-56.6602793067591,43.08744438799543,0.41331055753867085,-0.6282556093557365,23.68095057516481,-35.99639487150346,0.35,2.149549517166231,1.050450482833769,-22.645,-139.07585376065515,-67.96414623934486
69.53116330000012,circle_tension,652,-0.9853265033782934,0.7503080983818472,0.021217566283337513,-0.012274248981968428,-56.455050085959066,42.989487371766394,0.4146135165226296,-0.6253462036457268,23.7556046258243,-35.82969820342864,0.35,2.1252333924783273,1.0747666075216729,-22.645,-137.50260049334779,-69.53739950665224
69.63632589999997,circle_tension,653,-0.9786487088012853,0.7481664927627809,0.041207712476960354,-0.015947749000112303,-56.07244064024115,42.8667824084124,0.4175848496605597,-0.6207865931436728,23.925849474155058,-35.568451765437416,0.35,2.1011064894991325,1.0988935105008677,-22.645,-135.94158987059387,-71.09841012940615
69.74472390000028,circle_tension,654,-0.9742880507573758,0.7458331602708211,0.04146528784960081,-0.018740028284407705,-55.822593338425364,42.73309230442236,0.41897714256889795,-0.6170293809571483,24.005621981648837,-35.353179364414444,0.35,2.0771587384326455,1.1228412615673546,-22.645,-134.39217037659216,-72.64782962340784
69.85153160000027,circle_tension,655,-0.9732428629077798,0.7449910570220878,0.02642546286329295,-0.013524391792571965,-55.76270848584516,42.684843342355684,0.4191480397605704,-0.6158949551731683,24.015413669462305,-35.28818155482157,0.35,2.053380336507346,1.146619663492654,-22.645,-132.8537077720253,-74.18629222797472
69.9567635000003,circle_tension,656,-0.9732815992792201,0.7447080723717434,0.013794743806586683,-0.008391079301839284,-55.76492791644234,42.668629516223966,0.41896497770387625,-0.6156772372868988,24.004924986224744,-35.27570723881382,0.35,2.0297617307123184,1.1702382692876814,-22.645,-131.325583977087,-75.71441602291299
70.06149670000013,circle_tension,657,-0.973564843522059,0.7445670151152485,0.006097718237958576,-0.005103525665139918,-55.781156616128385,42.66054753075711,0.4187112495632574,-0.6156792423712255,23.99038743462358,-35.27582212168331,0.35,2.0062936013439767,1.193706398656023,-22.645,-129.8071960069553,-77.2328039930447
70.16734129999986,circle_tension,658,-0.9737025031281106,0.7442487781451322,0.0026400848055902234,-0.0041352584220718394,-55.789043930564574,42.64231389548442,0.4184475653959676,-0.6154737027564294,23.975279444713458,-35.26404556923275,0.35,1.982966846300413,1.2170331536995869,-22.645,-128.29795495563673,-78.74204504436328
70.27121510000052,circle_tension,659,-0.9737655776728547,0.7441965058002327,0.001125816904111833,-0.0024339837936227207,-55.79265783577312,42.63931891073642,0.41837935688391964,-0.6154568652461954,23.97137138484624,-35.26308085095883,0.35,1.9597725660643674,1.2402274339356323,-22.645,-126.79728502436458,-80.24271497563541
70.3787138000007,circle_tension,660,-0.9721728936947965,0.7431361110273738,0.007730460589590277,-0.00603551115302497,-55.70140376573228,42.57856276563387,0.4187615155042745,-0.6139137338791603,23.993267460897115,-35.17466593639347,0.35,1.9367020493199245,1.2632979506800754,-22.645,-125.30462259099912,-81.73537740900089
70.4822936999999,circle_tension,661,-0.9704531542440744,0.7423081020988533,0.011650035800563131,-0.006808905692303598,-55.602869953343756,42.5311213486305,0.41934890390620827,-0.6125094409348016,24.026922337262857,-35.09420587748171,0.35,1.9137467591513029,1.2862532408486973,-22.645,-123.8194153170893,-83.22058468291073
70.58757960000003,circle_tension,662,-0.9521559266968467,0.7364954854644254,0.0888142640653174,-0.02899270973398583,-54.5545160380971,42.19808294755025,0.4271144089719167,-0.5999990681309847,24.47185300331541,-34.37741431568776,0.35,1.8908983197754026,1.3091016802245974,-22.645,-122.34112128946855,-84.69887871053146
70.69375790000049,circle_tension,663,-0.9179786742003437,0.7292908033547348,0.20144382156617407,-0.0442702729506583,-52.59630371469453,41.78528506993157,0.4429909889959474,-0.5793306996234421,25.38151403179408,-33.193204030784464,0.35,1.8681485037626033,1.3318514962373966,-22.645,-120.86920819344044,-86.17079180655956
70.80166400000053,circle_tension,664,-0.8909278928204012,0.7319449528673301,0.22679215251292315,-0.008468645402930623,-51.046408109092745,41.937356635199976,0.46016699680148276,-0.5692009742460585,26.365626787935014,-32.61281351903382,0.35,1.845489219702864,1.354510780297136,-22.645,-119.40315251477531,-87.63684748522469
70.90831100000014,circle_tension,665,-0.8727057301767323,0.7392878966301434,0.19698635905203118,0.02981289816303872,-50.002355096009566,42.358076322011094,0.47518182112111335,-0.5663469175159725,27.225912851580237,-32.449288113908985,0.35,1.8229125002765563,1.377087499723444,-22.645,-117.9424387678932,-89.09756123210683
71.01392040000064,circle_tension,666,-0.8508376632211072,0.7471152174749783,0.19819833009601612,0.0527860884458939,-48.74940715334275,42.80654877131491,0.4926131041074987,-0.5617058641711504,28.224651798198312,-32.1833753447556,0.35,1.8004104906914433,1.3995895093085566,-22.645,-116.48655874773638,-90.55344125226362
71.11905770000067,circle_tension,667,-0.8158851068984219,0.7500664119643461,0.25822982957831114,0.04597096579732611,-46.74677319285958,42.97563976007795,0.513963514522905,-0.5462976552176769,29.44794020587325,-31.300550001865883,0.35,1.777975437449348,1.422024562550652,-22.645,-115.03501080297282,-92.00498919702719
71.2235940999999,circle_tension,668,-0.7697925379120241,0.7507925448461236,0.3402785552059591,0.035993406450799986,-44.105863523023395,43.01724410956947,0.5391103977223847,-0.5225413136433623,30.88875048111187,-29.939411892986485,0.35,1.7555996774073548,1.444400322592645,-22.645,-113.58729912825586,-93.45270087174413
71.32839839999997,circle_tension,669,-0.7400014957911267,0.7544308763286689,0.31250496200117733,0.041027482502070695,-42.39896254219951,43.22570514798889,0.5571227209885479,-0.5087044534072411,31.92078058348832,-29.14661819974435,0.35,1.7332756271002525,1.4667243728997472,-22.645,-112.14293307338635,-94.89706692661365
71.4350355000006,circle_tension,670,-0.729167058715457,0.7612259386909105,0.21254047945216042,0.05362875888921381,-41.778195024363576,43.615033542873526,0.5676687201235607,-0.5071658051654668,32.525021824673175,-29.058460149335456,0.35,1.710995772291986,1.4890042277080138,-22.645,-110.7014264672915,-96.3385735327085
71.54092500000024,circle_tension,671,-0.7243014015701057,0.7642152665871521,0.13347558345650148,0.042097369962057464,-41.499413405377275,43.78630941490889,0.5723685801616067,-0.50637849690588,32.79430396915541,-29.01335070888534,0.35,1.6887526577250438,1.5112473422749564,-22.645,-109.26229695481034,-97.77770304518968
71.64476720000039,circle_tension,672,-0.7241630389074203,0.7638797683121319,0.07158720373094776,0.02089768752975103,-41.49148580876321,43.767086779716315,0.5721873321750477,-0.5060770270769045,32.78391922448033,-28.996077760034513,0.35,1.6665388770378868,1.5334611229621133,-22.645,-107.82506534435129,-99.21493465564873
71.74845100000039,circle_tension,673,-0.7243546375141658,0.7634190540365056,0.03750798251281138,0.00912986297910293,-41.50246360029031,43.740689796161504,0.5717453165541267,-0.5058813547309431,32.7585935949227,-28.9848665604435,0.35,1.6443470628209922,1.555652937179008,-22.645,-106.3892549645182,-100.65074503548182
71.85277870000027,circle_tension,674,-0.7250770564764064,0.7621847947877718,0.01691902037767082,-0.0006299740292749948,-41.54385515786692,43.66997195038407,0.5704559298465542,-0.5054757101074007,32.68471717841853,-28.961624835532348,0.35,1.6221698767831714,1.5778301232168284,-22.645,-104.9543910278712,-102.0856089721288
71.96002649999991,circle_tension,675,-0.7253546291604414,0.7614672130398689,0.007824885385323525,-0.0035396131771622723,-41.55975890117024,43.62885754477361,0.5697786608848607,-0.5051579892815315,32.64591252531828,-28.943420773146634,0.35,1.6000000000000005,1.5999999999999994,-22.645,-103.52000000000004,-103.51999999999997
72.06463070000063,circle_tension,676,-0.7255033656723358,0.7609707498068473,0.0034769080496819425,-0.004051344949668324,-41.568280875561285,43.60041229683806,0.5693320824687422,-0.5049133212081067,32.62032546685305,-28.929402325157795,0.35,1.5778301232168266,1.6221698767831736,-22.645,-102.08560897212868,-104.95439102787134
72.17054510000071,circle_tension,677,-0.7258247793042765,0.7604071486578516,0.00042628794589780406,-0.004677298493683318,-41.58669652014946,43.56812032967188,0.5687482203046759,-0.5047221945092448,32.58687262903468,-28.91845157196074,0.35,1.5556529371790058,1.644347062820994,-22.645,-100.65074503548168,-106.38925496451832
72.27683909999996,circle_tension,678,-0.724112958043106,0.7597100227893299,0.007815464646296658,-0.005564299809148613,-41.48861638660364,43.528177959616194,0.5690891725819855,-0.5032860343547346,32.6064077555399,-28.83616565640245,0.35,1.5334611229621142,1.666538877037886,-22.645,-99.21493465564879,-107.82506534435123
72.38726940000015,circle_tension,679,-0.7090881578538973,0.7572359274766398,0.07075411568241045,-0.01344363256327747,-40.62775874773462,43.38642274008595,0.5747086976738612,-0.4930681116026683,32.92838282617224,-28.25072180731835,0.35,1.511247342274951,1.6887526577250487,-22.645,-97.77770304518934,-109.26229695481065
72.4909533,circle_tension,680,-0.676228122225381,0.7547434887636062,0.1803144573649669,-0.015124094328009036,-38.74501739157111,43.24361652113411,0.5886538156753477,-0.47236047582531027,33.727379232469325,-27.06426167358163,0.35,1.4890042277080147,1.710995772291985,-22.645,-96.33857353270855,-110.70142646729144
72.59578590000001,circle_tension,681,-0.6536242908610923,0.75378847194726,0.1983737850781342,-0.009875304928980389,-37.449913253571935,43.18889808819345,0.5984215143150965,-0.4583543952504566,34.28702714008261,-26.26177236912235,0.35,1.4667243728997452,1.7332756271002547,-22.645,-94.89706692661352,-112.14293307338649
72.70118710000042,circle_tension,682,-0.6516797388882924,0.7558599660258775,0.1143612901222418,0.004109130383855279,-37.33849863248666,43.30758595618457,0.600958651058263,-0.4584462759788474,34.43239436751361,-26.26703674707773,0.35,1.444400322592646,1.755599677407354,-22.645,-93.4527008717442,-113.58729912825581
72.81063110000014,circle_tension,683,-0.6463307091460235,0.7596222039777749,0.08400475836272732,0.019133163086714533,-37.03202180376471,43.52314631235224,0.6064056757429677,-0.4574910372922808,34.74448589285077,-26.212305601909843,0.35,1.4220245625506562,1.777975437449344,-22.645,-92.00498919702746,-115.03501080297256
72.91658950000055,circle_tension,684,-0.6413888141294928,0.764273536963948,0.06495301898035662,0.030457628104189918,-36.74887207652076,43.789648061569935,0.6123860873888245,-0.45727160339998163,35.08713823990925,-26.199732965998972,0.35,1.3995895093085544,1.8004104906914455,-22.645,-90.55344125226347,-116.48655874773654
73.02086710000003,circle_tension,685,-0.6384940817724476,0.7669865308692082,0.0472158790048451,0.028355571104841697,-36.58301612964211,43.94509116218606,0.6158857170154656,-0.457113904963663,35.28765224737473,-26.190697511162103,0.35,1.3770874997234448,1.8229125002765554,-22.645,-89.09756123210688,-117.94243876789314
73.12634969999999,circle_tension,686,-0.6371294090969535,0.7682305974692694,0.03124647301677267,0.02073273147463895,-36.50482614491948,44.016370927802754,0.6175089433222128,-0.45701308056233425,35.38065626394596,-26.184920698494032,0.35,1.3545107802971335,1.8454892197028663,-22.645,-87.63684748522454,-119.40315251477546
73.23060280000027,circle_tension,687,-0.636869534741658,0.767984815381893,0.017776173240977747,0.00994304434249895,-36.489936441157354,44.002288651516174,0.6174300891564773,-0.4567064283118695,35.37613825305229,-26.167350818764213,0.35,1.3318514962373977,1.8681485037626024,-22.645,-86.17079180655963,-120.86920819344039
73.33411290000004,circle_tension,688,-0.636760666652314,0.7675872392402867,0.010012395626775356,0.0035521986794779265,-36.4836987591143,43.97950921656704,0.6171601446744446,-0.45640281076034545,35.36067157352896,-26.149954814475787,0.35,1.3091016802245985,1.8908983197754017,-22.645,-84.69887871053153,-122.34112128946849
73.44305720000011,circle_tension,689,-0.6365104644169817,0.7674468930556639,0.0064878303223128144,0.0012788382704402093,-36.46936322700501,43.97146797251739,0.61716145549361,-0.45616496085714475,35.36074667793485,-26.136327018864794,0.35,1.286253240848695,1.913746759151305,-22.645,-83.22058468291057,-123.81941531708945
73.54912390000027,circle_tension,690,-0.6365251747433893,0.7672989062619369,0.003335122758455545,2.385764627278493e-05,-36.47020606662343,43.96298895381316,0.6170357391343593,-0.45608607540866614,35.35354366113403,-26.131807215601974,0.35,1.263297950680076,1.9367020493199236,-22.645,-81.73537740900093,-125.30462259099906
73.65371890000006,circle_tension,691,-0.6323618785533154,0.7666948602198986,0.0202084675136677,-0.0026250436182043077,-36.2316667660693,43.92837966497278,0.618441963591102,-0.453156205250675,35.43411438755347,-25.963938021027754,0.35,1.2402274339356334,1.9597725660643666,-22.645,-80.24271497563548,-126.79728502436453
73.76127830000041,circle_tension,692,-0.6110821774869546,0.7662941922618263,0.10580424236341852,-0.0022408875009093713,-35.01242970566679,43.90542308198911,0.6276160883927869,-0.4396644569268047,35.959753019416304,-25.190917783817284,0.35,1.2170331536995875,1.9829668463004126,-22.645,-78.74204504436332,-128.2979549556367
73.87020260000008,circle_tension,693,-0.5675518620585658,0.7688779189874162,0.24555871533485885,0.015183729889123457,-32.5183263507469,44.05345971878057,0.6483328887175884,-0.4133251984981399,37.146738243042684,-23.68178944035041,0.35,1.1937063986560208,2.0062936013439794,-22.645,-77.23280399304456,-129.80719600695548
73.97647980000056,circle_tension,694,-0.5604387720846713,0.7753046760586783,0.15850228940963068,0.0368476594139113,-32.11077631594592,44.421685774919744,0.6567000861482619,-0.41211932443324867,37.62614334217298,-23.612697945807856,0.35,1.1702382692876792,2.029761730712321,-22.645,-75.71441602291284,-131.32558397708718
74.08320840000033,circle_tension,695,-0.5512506405423818,0.7843784453032414,0.12285700573455755,0.060319685915519484,-31.584335156961707,44.941574456908825,0.6681885930132563,-0.41082058081758166,38.28438629844423,-23.538285417960576,0.35,1.1466196634926513,2.0533803365073484,-22.645,-74.18629222797455,-132.85370777202544
74.18760070000008,circle_tension,696,-0.5445296220823668,0.7913704865067033,0.09368653166859671,0.06327078845026829,-31.19924916517333,45.34218890804876,0.6769154028685191,-0.40994241580154483,38.78439567176397,-23.487970268825627,0.35,1.1228412615673522,2.0771587384326478,-22.645,-72.64782962340769,-134.3921703765923
74.29169439999987,circle_tension,697,-0.5407737267551957,0.7957893737544853,0.06629932812594043,0.05369477261910634,-30.98405221463352,45.59537249749085,0.6822386845032646,-0.40967194771891674,39.08939724259439,-23.472473589198042,0.35,1.0988935105008686,2.1011064894991316,-22.645,-71.0984101294062,-135.94158987059382
74.39643179999985,circle_tension,698,-0.5397745978081123,0.7965813548390817,0.03992004931531317,0.03234526954031029,-30.926806342776292,45.640749671092415,0.6833270398267214,-0.40939713179126835,39.15175540923905,-23.456727796400816,0.35,1.0747666075216737,2.125233392478326,-22.645,-69.53739950665229,-137.5026004933477
74.50064950000069,circle_tension,699,-0.5392280760129946,0.7963560084715153,0.02373103372815872,0.016270368527778165,-30.895492950504135,45.62783827530226,0.6833573113085591,-0.4089079081037944,39.153489837387966,-23.428697343870734,0.35,1.0504504828337664,2.1495495171662338,-22.645,-67.96414623934469,-139.07585376065532
74.6057350000001,circle_tension,700,-0.5388913023625315,0.7961796917723583,0.014214457969622167,0.007931908615961663,-30.876197241681382,45.61773607258288,0.6833436531880227,-0.40858726514463795,39.152707284725146,-23.41032585558048,0.35,1.0259347814743625,2.1740652185256377,-22.645,-66.37798036139125,-140.66201963860877
74.71214730000065,circle_tension,701,-0.5385540450540249,0.796005230122457,0.009056691965043212,0.0034482664222321687,-30.856873821294016,45.607740156356655,0.683331646551088,-0.4082672987199498,39.15201935510264,-23.391993129859962,0.35,1.0012088442202836,2.1987911557797166,-22.645,-64.77821222105234,-142.26178777894768
74.8169897000007,circle_tension,702,-0.5340677741081574,0.7958818274412797,0.024645842459547523,0.0013371184843130029,-30.599829430343643,45.60066970354459,0.685050143497518,-0.40513477281677607,39.2504819772392,-23.2125126163927,0.35,0.9762616874645833,2.2237383125354167,-22.645,-63.16413117895854,-143.87586882104145
74.92047900000034,circle_tension,703,-0.5021954109994189,0.7986421000019658,0.1543771754739545,0.01512735733459174,-28.773677541104462,45.75882167157768,0.7000320921397631,-0.38442720230230326,40.108884403321596,-22.02605622194386,0.35,0.9510819819785059,2.2489180180214943,-22.645,-61.535004234009335,-145.50499576599069
75.02741839999999,circle_tension,704,-0.4440423370208495,0.8076298193700936,0.33832626966990803,0.05819806012952768,-25.441751836420384,46.27378005881938,0.7293078864547773,-0.34695234815552933,41.786263859464995,-19.878905241465382,0.35,0.925658030467418,2.2743419695325824,-22.645,-59.890074571241946,-147.14992542875808
75.13181570000052,circle_tension,705,-0.425906348692179,0.8163196466262882,0.25557534468461407,0.07233155512946446,-24.402636247889046,46.771670485297086,0.7433934472498698,-0.33725946695982184,42.59330704509873,-19.323544057629626,0.35,0.8999777438214208,2.3000222561785795,-22.645,-58.228560025245926,-148.8114399747541
75.23626650000006,circle_tension,706,-0.4167374610283221,0.828877471767087,0.17421218728491178,0.09570888695946213,-23.87729768192048,47.49118086572814,0.7579375066233737,-0.335512442774544,43.42662026418819,-19.223446945105923,0.35,0.8740286159532229,2.325971384046777,-22.645,-56.54965145217352,-150.49034854782647
75.34042940000018,circle_tension,707,-0.4096998923112718,0.8388609656125482,0.12266582872995484,0.09634889263372429,-23.4740746964002,48.063192927867895,0.7694371737152415,-0.33414690681423065,44.0855026543577,-19.145207497806624,0.35,0.8477976971068846,2.3522023028931156,-22.645,-54.85251100281543,-152.18748899718457
75.4467351000003,circle_tension,708,-0.40638093909197703,0.8448414700219464,0.07974868450719624,0.07850890459911557,-23.283912684533252,48.405850589885794,0.7760353883979264,-0.3339553644170474,44.463552507996795,-19.134232926850203,0.35,0.8212715655104585,2.3787284344895414,-22.645,-53.13627028852667,-153.90372971147335
75.55662630000006,circle_tension,709,-0.40586993858164533,0.844574809508329,0.044448774971242756,0.04039269856026428,-23.254634511962216,48.39057206789272,0.7759609416116,-0.3334534839363194,44.45928702134198,-19.105477293484494,0.35,0.7944362972349431,2.405563702765057,-22.645,-51.40002843110082,-155.6399715688992
75.6612866000005,circle_tension,710,-0.40592154349477294,0.8440008391863791,0.022976240178824704,0.018572294185793016,-23.257591255686567,48.35768599087923,0.775416403877225,-0.33326688576188396,44.42808730737668,-19.0947860056245,0.35,0.7672774341092562,2.432722565890744,-22.645,-49.642849986868875,-157.39715001313115
75.7653835000001,circle_tension,711,-0.4060870575267965,0.8430398193509128,0.011561208875151515,0.005645918956818165,-23.26707451117171,48.30262361027865,0.7744783694225815,-0.3330156037001255,44.37434189208775,-19.080388604018392,0.35,0.7397799495274154,2.460220050472585,-22.645,-47.86376273442378,-159.17623726557625
75.8699316000002,circle_tension,712,-0.40610808239327273,0.8423886827532012,0.006113885999004668,0.0001178128189891223,-23.268279147285625,48.26531623134327,0.7738731910919723,-0.3327746639090802,44.33966772789107,-19.066583770874733,0.35,0.7119282119691104,2.4880717880308896,-22.645,-46.061755314401445,-160.97824468559855
75.97543290000067,circle_tension,713,-0.39906268736659145,0.8428420176630975,0.03454831021948909,0.0021895561118647567,-22.864607747254325,48.291290408386274,0.7766162085265207,-0.3274903531285967,44.49683105002149,-18.763815065517548,0.35,0.683705946037946,2.516294053962054,-22.645,-44.23577470865511,-162.80422529134492
76.08466409999983,circle_tension,714,-0.3535844258138154,0.8521268175670783,0.2175840960381338,0.046922238994720235,-20.25889530068818,48.82327025650785,0.7994121982841308,-0.2950597404789923,45.802945052956005,-16.905677833671636,0.35,0.6550961908032742,2.5449038091967258,-22.645,-42.38472354497184,-164.65527645502817
76.19020920000003,circle_tension,715,-0.31650869659780945,0.8645738752889821,0.27046247201278106,0.08498386237119294,-18.13461249424116,49.536434131328654,0.8216286562348799,-0.2690991213026787,47.07585432926379,-15.418243921322475,0.35,0.6260812552107698,2.57391874478923,-22.645,-40.50745721213681,-166.5325427878632
76.29523680000057,circle_tension,716,-0.30778559849570986,0.8741277044859693,0.18032698175394773,0.08890487890389434,-17.634815788712274,50.08382822250488,0.8330496086103534,-0.26481615008161247,47.73022669839833,-15.172847746579386,0.35,0.5966482966906071,2.6,-22.645,-38.60314479588229,-168.22000000000003
76.40488689999984,circle_tension,717,-0.30156670273904007,0.8855333521652072,0.1219247391968755,0.09873754736440539,-17.278499308623278,50.73732369713839,0.8455712904342665,-0.2630180803486297,48.44766621931423,-15.06982593960926,0.35,0.5673045182773953,2.6,-22.645,-36.70460233254747,-168.22000000000003
76.51075350000065,circle_tension,718,-0.2960308618463974,0.8964577601474795,0.086250796694718,0.09933287409859883,-16.961318989418917,51.36324616820162,0.8574635700081245,-0.26152006010544965,49.129043647685926,-14.98399570204988,0.35,0.5383756234419813,2.6,-22.645,-34.83290283669619,-168.22000000000003
76.61686980000013,circle_tension,719,-0.26946328775749784,0.8809337073473279,0.16456569110512928,-0.013471936345270252,-15.43910912222385,50.47378346181469,0.8491442592108246,-0.23451700106816908,48.65238225054303,-13.436834385271107,0.35,0.5098435058811593,2.6,-22.645,-32.98687483051101,-168.22000000000003
76.72182060000068,circle_tension,720,-0.20807080964769264,0.8426170120147854,0.37564710767483955,-0.16467008604204736,-11.92157923268272,48.278398534371384,0.8244428191151468,-0.17406167569627295,47.237093985165465,-9.972999392371296,0.35,0.481690810126189,2.6,-22.645,-31.16539541516443,-168.22000000000003
76.82958850000068,circle_tension,721,-0.06836670481509799,0.8244193293579634,0.8501148796036468,-0.10784799052606762,-3.917123645121838,47.235748121217064,0.8224934090993883,-0.05631893648765341,47.125401018721966,-3.2268373674078767,0.35,0.4539008855835803,2.6,-22.645,-29.367387297257647,-168.22000000000003
76.93430320000061,circle_tension,722,0.10259103541974035,0.8271626747246916,1.195718207804652,0.07161736930008561,5.878033345428262,47.39293023247736,0.8228135805060705,0.08471069703695226,47.14374548904562,4.853565419828733,0.35,0.4264577436066308,2.6,-22.645,-27.591816011349014,-168.22000000000003
77.03963300000032,circle_tension,723,0.2827144124515826,0.8329816224784918,1.4091665265892956,0.21799004332834984,16.19834264099649,47.726331379977246,0.7999137143449796,0.23237132566157784,45.83167980660067,13.313896240268413,0.35,0.39934601735412945,2.6,-22.645,-25.837687322812176,-168.22000000000003
77.14527710000038,circle_tension,724,0.38823831182307966,0.8229778421014641,1.2148330598839006,0.15761230106755347,22.244416712746474,47.15315698519776,0.7617296894558921,0.31154519542341275,43.643896335633464,17.85022482534,0.35,0.37255092421438496,2.6,-22.645,-24.104044796670706,-168.22000000000003
77.25038769999992,circle_tension,725,0.4838747301508626,0.7999751066467842,1.086323664432043,0.04890444879647159,27.72397985067603,45.835197326388666,0.7081371637136166,0.3721584724578609,40.573270797154855,21.323109781871118,0.35,0.35,2.6,-22.645,-22.645,-168.22000000000003
77.35908130000007,circle_tension,726,0.5700389289298453,0.8081192214341723,0.9443830256019236,0.11490898660227435,32.660824785838024,46.301820731576086,0.6803393836558408,0.4361135162984098,38.980575320011376,24.98746387250872,0.35,0.35,2.6,-22.645,-22.645,-168.22000000000003
77.46946790000038,circle_tension,727,0.6526488554692653,0.8577993555481204,0.800473119426541,0.32286613456645286,37.39402492243256,49.14828274194922,0.6815026788850063,0.5209355363683021,39.047227226970264,29.847407632287517,0.35,0.35,2.6,-22.645,-22.645,-168.22000000000003
77.57583740000064,circle_tension,728,0.6990733308445582,0.897174078454844,0.5821701224325824,0.35954488639627047,40.05395142754586,51.404288184001565,0.6867318818247493,0.5773392845950612,39.34683848563494,33.07910435439931,0.35,0.35,2.6,-22.645,-22.645,-168.22000000000003
77.68135220000022,circle_tension,729,0.7142534061469669,0.8998075842187394,0.37113927925060775,0.2067686430878424,40.92370567506465,51.555176949596145,0.6798788735894624,0.5894220948219431,38.95419003678461,33.771398385057154,0.35,0.35,2.6,-22.645,-22.645,-168.22000000000003
77.78512930000034,circle_tension,730,0.7200450320302494,0.8996321399152213,0.2231271654755173,0.11065085597705018,41.25554139469547,51.545124731464945,0.6763218830573605,0.5932341002219834,38.75038949152717,33.989810205960545,0.35,0.35,2.6,-22.645,-22.645,-168.22000000000003
77.88868940000066,circle_tension,731,0.7208359414474667,0.8990367838609667,0.12312054129337296,0.05671858122881435,41.30085716627917,51.511013342248596,0.675405213365682,0.5933758812873406,38.69786818698644,33.99793366262038,0.35,0.35,2.6,-22.645,-22.645,-168.22000000000003
77.99702750000051,circle_tension,732,0.7214738376887966,0.898507206082235,0.0689664260965041,0.028117408894927084,41.337405928674634,51.48067077060335,0.6746289392134756,0.5934568170957384,38.65339095431991,34.00257094285305,0.35,0.35,2.6,-22.645,-22.645,-168.22000000000003
78.10508690000006,circle_tension,733,0.7222865841580655,0.8980543155187415,0.03976403222265946,0.012806113544985806,41.383972871177896,51.45472205273388,0.673806584528221,0.5937055164542845,38.606273501592014,34.01682036646535,0.35,0.35,2.6,-22.645,-22.645,-168.22000000000003
78.2137788,circle_tension,734,0.7223801773341267,0.8979361358194726,0.021340291469978075,0.006223285679182769,41.389335365157436,51.44795085474165,0.6736623523461444,0.5936904404164393,38.59800960628906,34.015956573125045,0.35,0.35,2.6,-22.645,-22.645,-168.22000000000003
78.31904339999983,circle_tension,735,0.7231247601510331,0.8973709964157738,0.014443446319264194,0.0008019778819312894,41.43199681806413,51.415570752073165,0.6727964054009373,0.5938179031385095,38.54839450104645,34.02325964914491,0.35,0.35,2.6,-22.645,-22.645,-168.22000000000003
78.42383580000023,circle_tension,736,0.7239274727406344,0.8968784228372234,0.011271472469510664,-0.0017538648775172008,41.4779888616103,51.38734836492257,0.6719504824277995,0.5940315265337629,38.4999266848925,34.03549936809819,0.35,0.35,2.6,-22.645,-22.645,-168.22000000000003
78.52879920000032,circle_tension,737,0.7245097836357859,0.8965342186368512,0.00861935610137548,-0.00246593804925001,41.511352818266964,51.36762691695057,0.6713467089849902,0.594194582205032,38.46533301483744,34.04484176988758,0.35,0.35,2.6,-22.645,-22.645,-168.22000000000003
78.63413209999999,circle_tension,738,0.7244730642664483,0.8965128160476248,0.004437100548406266,-0.0014114739331578415,41.50924895337754,51.36640063891724,0.6713524996805732,0.5941557460046045,38.465664797254796,34.04261661951077,0.35,0.35,2.6,-22.645,-22.645,-168.22000000000003
78.73933040000065,circle_tension,739,0.7246552137090392,0.8964310089840011,0.0031672938691154695,-0.0011127040381915766,41.51968534767866,51.361713439437246,0.6711830121654545,0.5942237945829681,38.45595387795833,34.04651551585287,0.35,0.35,2.6,-22.645,-22.645,-168.22000000000003
78.8458070000006,circle_tension,740,0.724762699923791,0.8963407668307155,0.0021613149056795497,-0.00099161909819279,41.52584385413978,51.35654294491981,0.6710515770236342,0.594236107331731,38.44842319905232,34.04722098439118,0.35,0.35,2.6,-22.645,-22.645,-168.22000000000003
78.95184080000035,circle_tension,741,0.7247771397507682,0.8963984633797133,0.0012111735690806726,-0.0002711575322291495,41.52667119528247,51.359848713669855,0.6710861906463756,0.5942840481396481,38.45040641354907,34.049967790351275,0.35,0.35,2.6,-22.645,-22.645,-168.22000000000003
79.05544160000045,circle_tension,742,0.7249338535496324,0.8962620056729078,0.0013369570530679987,-0.0007477473812935175,41.53565023454885,51.35203026298787,0.6708909053952619,0.5942987261224352,38.43921739285909,34.050808776816744,0.35,0.35,2.6,-22.645,-22.645,-168.22000000000003
79.1609526000002,circle_tension,743,0.7248561760389931,0.8962210126973229,0.00037010803386700096,-0.0005846850184356186,41.531199641026134,51.349681538497165,0.6709063798889193,0.59421943171236,38.44010401603577,34.04626554178046,0.35,0.35,2.6,-22.645,-22.645,-168.22000000000003
79.26511590000064,circle_tension,744,0.724959578434134,0.8962560643847294,0.0006554854539486271,-0.00015565522481806893,41.53712416185925,51.35168985225037,0.6708711696971672,0.5943120448178372,38.43808662065253,34.0515718818519,0.35,0.35,2.6,-22.645,-22.645,-168.22000000000003
79.36965650000002,circle_tension,745,0.724959578434134,0.8962560643847294,0.0003509099479507277,-8.332902966821328e-05,41.53712416185925,51.35168985225037,0.6708711696971672,0.5943120448178372,38.43808662065253,34.0515718818519,0.35,0.35,2.6,-22.645,-22.645,-168.22000000000003
79.47379450000062,circle_tension,746,0.724959578434134,0.8962560643847294,0.0001876535493269925,-4.456125644351958e-05,41.53712416185925,51.35168985225037,0.6708711696971672,0.5943120448178372,38.43808662065253,34.0515718818519,0.35,0.35,2.6,-22.645,-22.645,-168.22000000000003
79.58232709999993,circle_tension,747,0.724959578434134,0.8962560643847294,0.00010039158987439157,-2.383954578642183e-05,41.53712416185925,51.35168985225037,0.6708711696971672,0.5943120448178372,38.43808662065253,34.0515718818519,0.35,0.35,2.6,-22.645,-22.645,-168.22000000000003
79.68696020000061,circle_tension,748,0.724959578434134,0.8962560643847294,5.272778308080123e-05,-1.25210328927356e-05,41.53712416185925,51.35168985225037,0.6708711696971672,0.5943120448178372,38.43808662065253,34.0515718818519,0.35,0.35,2.6,-22.645,-22.645,-168.22000000000003
79.79015810000055,circle_tension,749,0.724959578434134,0.8962560643847294,2.818232054569707e-05,-6.692330720704543e-06,41.53712416185925,51.35168985225037,0.6708711696971672,0.5943120448178372,38.43808662065253,34.0515718818519,0.35,0.35,2.6,-22.645,-22.645,-168.22000000000003
79.89460010000039,circle_tension,750,0.724959578434134,0.8962560643847294,1.5151846335777786e-05,-3.598041777429232e-06,41.53712416185925,51.35168985225037,0.6708711696971672,0.5943120448178372,38.43808662065253,34.0515718818519,0.35,0.35,2.6,-22.645,-22.645,-168.22000000000003
79.99909740000021,circle_tension,751,0.724959578434134,0.8962560643847294,8.097882293475034e-06,-1.9229682082920865e-06,41.53712416185925,51.35168985225037,0.6708711696971672,0.5943120448178372,38.43808662065253,34.0515718818519,0.35,0.35,2.6,-22.645,-22.645,-168.22000000000003
80.10327229999984,circle_tension,752,0.724959578434134,0.8962560643847294,4.3304183387534454e-06,-1.0283252450752086e-06,41.53712416185925,51.35168985225037,0.6708711696971672,0.5943120448178372,38.43808662065253,34.0515718818519,0.35,0.35,2.6,-22.645,-22.645,-168.22000000000003
80.20686699999987,circle_tension,753,0.724959578434134,0.8962560643847294,2.3176827581288517e-06,-5.503698497049833e-07,41.53712416185925,51.35168985225037,0.6708711696971672,0.5943120448178372,38.43808662065253,34.0515718818519,0.35,0.35,2.6,-22.645,-22.645,-168.22000000000003
80.31112759999996,circle_tension,754,0.724959578434134,0.8962560643847294,1.2436466827335009e-06,-2.9532326435164547e-07,41.53712416185925,51.35168985225037,0.6708711696971672,0.5943120448178372,38.43808662065253,34.0515718818519,0.35,0.35,2.6,-22.645,-22.645,-168.22000000000003
80.41804260000026,circle_tension,755,0.724959578434134,0.8962560643847294,6.650591112996616e-07,-1.579286387867994e-07,41.53712416185925,51.35168985225037,0.6708711696971672,0.5943120448178372,38.43808662065253,34.0515718818519,0.35,0.35,2.6,-22.645,-22.645,-168.22000000000003
80.5265459000002,circle_tension,756,0.724959578434134,0.8962560643847294,3.5164172283813237e-07,-8.350280100658397e-08,41.53712416185925,51.35168985225037,0.6708711696971672,0.5943120448178372,38.43808662065253,34.0515718818519,0.35,0.35,2.6,-22.645,-22.645,-168.22000000000003
80.63262180000038,circle_tension,757,0.724959578434134,0.8962560643847294,1.8469345819491596e-07,-4.385833672521036e-08,41.53712416185925,51.35168985225037,0.6708711696971672,0.5943120448178372,38.43808662065253,34.0515718818519,0.35,0.35,2.6,-22.645,-22.645,-168.22000000000003
80.74126990000059,circle_tension,758,0.724959578434134,0.8962560643847294,9.7962858117843e-08,-2.3262805623370128e-08,41.53712416185925,51.35168985225037,0.6708711696971672,0.5943120448178372,38.43808662065253,34.0515718818519,0.35,0.35,2.6,-22.645,-22.645,-168.22000000000003
80.84668760000022,circle_tension,759,0.724959578434134,0.8962560643847294,5.137934595043323e-08,-1.2200825505346479e-08,41.53712416185925,51.35168985225037,0.6708711696971672,0.5943120448178372,38.43808662065253,34.0515718818519,0.35,0.35,2.6,-22.645,-22.645,-168.22000000000003
80.95207730000038,circle_tension,760,0.724959578434134,0.8962560643847294,2.7418317952079442e-08,-6.510906411812923e-09,41.53712416185925,51.35168985225037,0.6708711696971672,0.5943120448178372,38.43808662065253,34.0515718818519,0.35,0.35,2.6,-22.645,-22.645,-168.22000000000003
81.05590260000008,circle_tension,761,0.724959578434134,0.8962560643847294,1.4585259022352478e-08,-3.463496799933524e-09,41.53712416185925,51.35168985225037,0.6708711696971672,0.5943120448178372,38.43808662065253,34.0515718818519,0.35,0.35,2.6,-22.645,-22.645,-168.22000000000003
81.16143999999986,circle_tension,762,0.724959578434134,0.8962560643847294,7.823541561138503e-09,-1.8578217308052752e-09,41.53712416185925,51.35168985225037,0.6708711696971672,0.5943120448178372,38.43808662065253,34.0515718818519,0.35,0.35,2.6,-22.645,-22.645,-168.22000000000003
81.2665203000006,circle_tension,763,0.724959578434134,0.8962560643847294,4.164228892254665e-09,-9.888609739745634e-10,41.53712416185925,51.35168985225037,0.6708711696971672,0.5943120448178372,38.43808662065253,34.0515718818519,0.35,0.35,2.6,-22.645,-22.645,-168.22000000000003
81.38036860000011,circle_tension,764,0.724959578434134,0.8962560643847294,2.218538872111093e-09,-5.268265906220125e-10,41.53712416185925,51.35168985225037,0.6708711696971672,0.5943120448178372,38.43808662065253,34.0515718818519,0.35,0.35,2.6,-22.645,-22.645,-168.22000000000003
81.49547729999995,circle_tension,765,0.724959578434134,0.8962560643847294,1.134233924737102e-09,-2.6934150176438724e-10,41.53712416185925,51.35168985225037,0.6708711696971672,0.5943120448178372,38.43808662065253,34.0515718818519,0.35,0.35,2.6,-22.645,-22.645,-168.22000000000003
81.6002782000005,circle_tension,766,0.724959578434134,0.8962560643847294,5.805008942358697e-10,-1.3784897384840526e-10,41.53712416185925,51.35168985225037,0.6708711696971672,0.5943120448178372,38.43808662065253,34.0515718818519,0.35,0.35,2.6,-22.645,-22.645,-168.22000000000003
81.70539610000014,circle_tension,767,0.724959578434134,0.8962560643847294,3.104955320470624e-10,-7.373199749079288e-11,41.53712416185925,51.35168985225037,0.6708711696971672,0.5943120448178372,38.43808662065253,34.0515718818519,0.35,0.35,2.6,-22.645,-22.645,-168.22000000000003
81.8121740000006,circle_tension,768,0.724959578434134,0.8962560643847294,1.6535898570219033e-10,-3.926706525691955e-11,41.53712416185925,51.35168985225037,0.6708711696971672,0.5943120448178372,38.43808662065253,34.0515718818519,0.35,0.35,2.6,-22.645,-22.645,-168.22000000000003
81.92113490000065,circle_tension,769,0.724959578434134,0.8962560643847294,8.74479956150726e-11,-2.0765887839855007e-11,41.53712416185925,51.35168985225037,0.6708711696971672,0.5943120448178372,38.43808662065253,34.0515718818519,0.35,0.35,2.6,-22.645,-22.645,-168.22000000000003
82.02593470000011,circle_tension,770,0.724959578434134,0.8962560643847294,4.581503414525766e-11,-1.0879493048958638e-11,41.53712416185925,51.35168985225037,0.6708711696971672,0.5943120448178372,38.43808662065253,34.0515718818519,0.35,0.35,2.6,-22.645,-22.645,-168.22000000000003
82.13062280000031,circle_tension,771,0.724959578434134,0.8962560643847294,2.449578280328668e-11,-5.816904946359048e-12,41.53712416185925,51.35168985225037,0.6708711696971672,0.5943120448178372,38.43808662065253,34.0515718818519,0.35,0.35,2.6,-22.645,-22.645,-168.22000000000003
82.23805679999987,circle_tension,772,0.724959578434134,0.8962560643847294,1.3072086452451249e-11,-3.1041704180318882e-12,41.53712416185925,51.35168985225037,0.6708711696971672,0.5943120448178372,38.43808662065253,34.0515718818519,0.35,0.35,2.6,-22.645,-22.645,-168.22000000000003
82.34488000000056,circle_tension,773,0.724959578434134,0.8962560643847294,6.886049653361969e-12,-1.6351996836018998e-12,41.53712416185925,51.35168985225037,0.6708711696971672,0.5943120448178372,38.43808662065253,34.0515718818519,0.35,0.35,2.6,-22.645,-22.645,-168.22000000000003
82.45139759999984,circle_tension,774,0.724959578434134,0.8962560643847294,3.651134955203826e-12,-8.670188314169708e-13,41.53712416185925,51.35168985225037,0.6708711696971672,0.5943120448178372,38.43808662065253,34.0515718818519,0.35,0.35,2.6,-22.645,-22.645,-168.22000000000003
82.55648870000005,circle_tension,775,0.724959578434134,0.8962560643847294,1.9326158762433098e-12,-4.589297243615082e-13,41.53712416185925,51.35168985225037,0.6708711696971672,0.5943120448178372,38.43808662065253,34.0515718818519,0.35,0.35,2.6,-22.645,-22.645,-168.22000000000003
82.6637438000007,circle_tension,776,0.724959578434134,0.8962560643847294,1.031002484879659e-12,-2.4482758939225587e-13,41.53712416185925,51.35168985225037,0.6708711696971672,0.5943120448178372,38.43808662065253,34.0515718818519,0.35,0.35,2.6,-22.645,-22.645,-168.22000000000003
82.76770900000065,circle_tension,777,0.724959578434134,0.8962560643847294,5.446591142382436e-13,-1.2933778524795223e-13,41.53712416185925,51.35168985225037,0.6708711696971672,0.5943120448178372,38.43808662065253,34.0515718818519,0.35,0.35,2.6,-22.645,-22.645,-168.22000000000003
82.87892790000024,circle_tension,778,0.724959578434134,0.8962560643847294,2.91589791844533e-13,-6.92425351787774e-14,41.53712416185925,51.35168985225037,0.6708711696971672,0.5943120448178372,38.43808662065253,34.0515718818519,0.35,0.35,2.6,-22.645,-22.645,-168.22000000000003
82.98229050000009,circle_tension,779,0.724959578434134,0.8962560643847294,1.5140482313131612e-13,-3.595343213351001e-14,41.53712416185925,51.35168985225037,0.6708711696971672,0.5943120448178372,38.43808662065253,34.0515718818519,0.35,0.35,2.6,-22.645,-22.645,-168.22000000000003
83.08720910000011,circle_tension,780,0.724959578434134,0.8962560643847294,8.130096542161033e-14,-1.9306179831137206e-14,41.53712416185925,51.35168985225037,0.6708711696971672,0.5943120448178372,38.43808662065253,34.0515718818519,0.35,0.35,2.6,-22.645,-22.645,-168.22000000000003
83.19313870000042,circle_tension,781,0.724959578434134,0.8962560643847294,4.3355081054767154e-14,-1.0295338894147726e-14,41.53712416185925,51.35168985225037,0.6708711696971672,0.5943120448178372,38.43808662065253,34.0515718818519,0.35,0.35,2.6,-22.645,-22.645,-168.22000000000003
83.2966108999999,circle_tension,782,0.724959578434134,0.8962560643847294,2.304667634983522e-14,-5.4727920611096046e-15,41.53712416185925,51.35168985225037,0.6708711696971672,0.5943120448178372,38.43808662065253,34.0515718818519,0.35,0.35,2.6,-22.645,-22.645,-168.22000000000003
83.4098426999999,circle_tension,783,0.724959578434134,0.8962560643847294,1.2382852612880597e-14,-2.9405011136951978e-15,41.53712416185925,51.35168985225037,0.6708711696971672,0.5943120448178372,38.43808662065253,34.0515718818519,0.35,0.35,2.6,-22.645,-22.645,-168.22000000000003
83.51504730000033,circle_tension,784,0.724959578434134,0.8962560643847294,6.3521842082751965e-15,-1.508425023116309e-15,41.53712416185925,51.35168985225037,0.6708711696971672,0.5943120448178372,38.43808662065253,34.0515718818519,0.35,0.35,2.6,-22.645,-22.645,-168.22000000000003
83.62537100000009,circle_tension,785,0.724959578434134,0.8962560643847294,3.389110402075682e-15,-8.047970224060699e-16,41.53712416185925,51.35168985225037,0.6708711696971672,0.5943120448178372,38.43808662065253,34.0515718818519,0.35,0.35,2.6,-22.645,-22.645,-168.22000000000003
83.73070020000068,circle_tension,786,0.724959578434134,0.8962560643847294,1.7670583410446866e-15,-4.196155104358903e-16,41.53712416185925,51.35168985225037,0.6708711696971672,0.5943120448178372,38.43808662065253,34.0515718818519,0.35,0.35,2.6,-22.645,-22.645,-168.22000000000003
83.83808860000045,circle_tension,787,0.724959578434134,0.8962560643847294,9.397130474397733e-16,-2.2314949139233583e-16,41.53712416185925,51.35168985225037,0.6708711696971672,0.5943120448178372,38.43808662065253,34.0515718818519,0.35,0.35,2.6,-22.645,-22.645,-168.22000000000003
83.94369090000055,circle_tension,788,0.724959578434134,0.8962560643847294,4.966320255168786e-16,-1.1793300540539712e-16,41.53712416185925,51.35168985225037,0.6708711696971672,0.5943120448178372,38.43808662065253,34.0515718818519,0.35,0.35,2.6,-22.645,-22.645,-168.22000000000003
84.04818130000058,circle_tension,789,0.724959578434134,0.8962560643847294,2.642658907018314e-16,-6.275404950811408e-17,41.53712416185925,51.35168985225037,0.6708711696971672,0.5943120448178372,38.43808662065253,34.0515718818519,0.3694062059516663,0.35,2.6,-23.90058152507281,-22.645,-168.22000000000003
84.15438989999984,circle_tension,790,0.724959578434134,0.8962560643847294,1.4141823068069433e-16,-3.358196029732522e-17,41.53712416185925,51.35168985225037,0.6708711696971672,0.5943120448178372,38.43808662065253,34.0515718818519,0.3964411421494717,0.35,2.6,-25.649741897070818,-22.645,-168.22000000000003
84.26340979999986,circle_tension,791,0.724959578434134,0.8962560643847294,7.494791986140517e-17,-1.7797550266596678e-17,41.53712416185925,51.35168985225037,0.6708711696971672,0.5943120448178372,38.43808662065253,34.0515718818519,0.4238061260995644,0.35,2.6,-27.42025635864182,-22.645,-168.22000000000003
84.36976760000016,circle_tension,792,0.724959578434134,0.8962560643847294,3.924938972073249e-17,-9.320378574612017e-18,41.53712416185925,51.35168985225037,0.6708711696971672,0.5943120448178372,38.43808662065253,34.0515718818519,0.45151665336357333,0.35,2.6,-29.213127472623196,-22.645,-168.22000000000003
84.47492229999989,circle_tension,793,0.724959578434134,0.8962560643847294,2.083368211411741e-17,-4.9472821307111445e-18,41.53712416185925,51.35168985225037,0.6708711696971672,0.5943120448178372,38.43808662065253,34.0515718818519,0.47958885370206317,0.35,2.6,-31.029398834523487,-22.645,-168.22000000000003
84.58102420000068,circle_tension,794,0.724959578434134,0.8962560643847294,1.1074637616027598e-17,-2.6298450980370954e-18,41.53712416185925,51.35168985225037,0.6708711696971672,0.5943120448178372,38.43808662065253,34.0515718818519,0.508039532400689,0.35,2.6,-32.87015774632458,-22.645,-168.22000000000003
84.68966369999998,circle_tension,795,0.7251552472738005,0.8959207158506735,0.00086703460148491,-0.0014853418796787643,41.548335160554366,51.33247579658307,0.6705038948503623,0.5942208815591029,38.41704332200929,34.046348611879765,0.5368862145024917,0.35,2.6,-34.73653807831122,-22.645,-168.22000000000003
84.79414369999995,circle_tension,796,0.72574091085488,0.8953531349589245,0.0030221209460077007,-0.0032644651896697684,41.58189121196474,51.299955806953584,0.6697312113622249,0.5942367716727575,38.372771819239574,34.04725904832816,0.5661471922029311,0.35,2.6,-36.62972333552964,-22.645,-168.22000000000003
84.89773070000047,circle_tension,797,0.7292975512026709,0.8923266794125047,0.0175002147333611,-0.015174787215888117,41.7856716931391,51.12655267725976,0.665356839033241,0.5945983346285463,38.122138746769984,34.067975079723126,0.5958415756892796,0.35,2.6,-38.55094994709639,-22.645,-168.22000000000003
85.00166160000026,circle_tension,798,0.7349307511571248,0.887486652073292,0.034881317134122014,-0.02972705493943124,42.10843027568259,50.84923953799495,0.6584061027224124,0.5950915572465675,37.72389089165117,34.096234654096136,0.6256559569415455,0.35,2.5743440430584545,-40.479940414118,-22.645,-166.56005958588202
85.10590950000005,circle_tension,799,0.738042654145223,0.884493418138986,0.03271848549912321,-0.029193323546284906,42.28672918315477,50.67773986646387,0.6543366951094087,0.595123597385017,37.490731010307655,34.098070418804305,0.6550531050956603,0.35,2.54494689490434,-42.381935899689225,-22.645,-164.6580641003108
85.20987650000006,circle_tension,800,0.7401664769785978,0.8829161354638966,0.027105378148831447,-0.022647579706029847,42.40841526794066,50.58736822608214,0.6519066866498571,0.595448212831063,37.351501781394255,34.1166695138275,0.6840431668899003,0.35,2.5159568331101,-44.257592897776554,-22.645,-162.7824071022235
85.31489349999993,circle_tension,801,0.7405200133028984,0.8824833581890967,0.01611987605069213,-0.014066958640111562,42.428671407227654,50.56257191476694,0.6513766927228186,0.5953866656704603,37.32113536620739,34.113143121283954,0.7126441678705471,0.35,2.4873558321294533,-46.1080776612244,-22.645,-160.93192233877565
85.42153760000019,circle_tension,802,0.744529604223021,0.8790376564124618,0.026484678954178595,-0.02269406182436421,42.65840404452465,50.36514774550503,0.6464502138278753,0.5956587298386615,37.03886891766686,34.12873124987862,0.7408733967420177,0.35,2.459126603257982,-47.93450876920855,-22.645,-159.10549123079144
85.52630560000034,circle_tension,803,0.7503016593783025,0.8743333256326737,0.039875766711537426,-0.03271345866879134,42.989118444039015,50.09560944638968,0.6395601501453301,0.5961724403710508,36.644097348080656,34.15816469527594,0.7687474507490728,0.35,2.431252549250927,-49.73796006346501,-22.645,-157.30203993653498
85.63009580000016,circle_tension,804,0.7550164928994603,0.8704833344070806,0.042459638415043764,-0.034392222055723745,43.259258505908164,49.875021198000795,0.6339384026289083,0.596542820887803,36.321994941901536,34.17938593569972,0.7962822780917207,0.35,2.4037177219082793,-51.519463392534334,-22.645,-155.5205366074657
85.73513869999988,circle_tension,805,0.7569217214192236,0.8686981682841691,0.0313728299095236,-0.02636297353152185,43.36842005909856,49.77273871342824,0.6315029700138953,0.5965236847300363,36.18245493177278,34.17828951462359,0.8234932176117817,0.35,2.3765067823882178,-53.28001117948228,-22.645,-153.7599888205177
85.84089440000025,circle_tension,806,0.7571232555627674,0.8686785912359024,0.017645611607214656,-0.014155540304191808,43.3799671149514,49.77161703118723,0.6313685084106485,0.5966374958539773,36.174750849400176,34.18481041168705,0.850395035968599,0.35,2.3496049640314007,-55.02055882716836,-22.645,-152.01944117283165
85.94864200000029,circle_tension,807,0.7591368577940312,0.8669017367795695,0.018356038383548257,-0.015372668572557938,43.49533802442094,49.669810770030345,0.6288768544589486,0.5966846094523072,36.03198959396068,34.18750982202903,0.8770019625031467,0.35,2.322998037496853,-56.74202697395359,-22.645,-150.29797302604638
86.05291860000034,circle_tension,808,0.7642690642129675,0.8626378055391607,0.032411167171223255,-0.02672678505465867,43.78939179181594,49.42550550582094,0.6227281948227136,0.5969535818790799,35.67969734714197,34.20292080688849,0.9033277219725779,0.35,2.2966722780274225,-58.445303611625796,-22.645,-148.59469638837425
86.15701609999996,circle_tension,809,0.7732000208133866,0.8555736904148392,0.05780719824196749,-0.04552917433996798,44.30109791203446,49.02076152320278,0.6123164229865419,0.5975574766254987,35.083146763676154,34.23752142712842,0.929385565321746,0.35,2.270614434678254,-60.13124607631697,-22.645,-146.90875392368304
86.26077900000018,circle_tension,810,0.7803785895334014,0.8500311813507335,0.06359754574200105,-0.04881897246542576,44.71239960263594,48.70319914591652,0.6040723068578803,0.5980381738283289,34.61079370368812,34.265063348074335,0.9551882986449913,0.35,2.244811701355008,-61.80068292233094,-22.645,-145.23931707766903
86.36699520000002,circle_tension,811,0.7820689288967979,0.8485634651933922,0.04172792828094319,-0.03264123744668042,44.80924891410339,48.61910520457771,0.6020192754054677,0.598024035053185,34.49316366625726,34.2642532559311,0.9807483104783465,0.35,2.219251689521653,-63.45441568794902,-22.645,-143.58558431205094
86.47243660000004,circle_tension,812,0.7911076247439266,0.8482920444807338,0.06243375978666004,-0.018231951493478935,45.32712803844629,48.603553943269944,0.5963985753945559,0.6032479854890918,34.171121277722875,34.563563568294086,1.0060775975515335,0.35,2.193922402448466,-65.09322056158422,-22.645,-141.94677943841575
86.57835220000015,circle_tension,813,0.819772386964758,0.8434011230897422,0.16115521016625017,-0.028959892984134296,46.969497934445975,48.323324789635876,0.5755264749153501,0.6165182325775528,32.975238010691406,35.32389271955867,1.0311877891186585,0.35,2.1688122108813412,-66.7178499559772,-22.645,-140.32215004402278
86.68594910000047,circle_tension,814,0.8576023189836146,0.8341371608617867,0.2569017923909993,-0.051064581706975365,49.13699337839328,47.792538852405414,0.5457364527618623,0.63083795641786,31.26839546969533,36.14435245940114,1.05609016997729,0.35,2.14390983002271,-68.32903399753067,-22.645,-138.71096600246935
86.79234020000058,circle_tension,815,0.9007211453317252,0.8236850706448742,0.3294179310612959,-0.06438329506306563,51.60752014569751,47.19367819588635,0.5115454239780554,0.6455837473251343,29.309393823172876,36.989224043970346,1.0807957022772694,0.35,2.1192042977227303,-69.92748193733934,-22.645,-137.11251806266066
86.89716150000004,circle_tension,816,0.939623695400817,0.8180598339402797,0.3510858969864807,-0.050718896345147105,53.83647207695284,46.871375873951,0.48273045807560744,0.6604492385887898,27.658417890149234,37.8409539537664,1.1053150462130161,0.35,2.094684953786984,-71.51388348998215,-22.645,-135.52611651001789
87.00460310000017,circle_tension,817,0.9770092724953354,0.8158383811252415,0.3561032208227114,-0.028692212816453032,55.97850785912971,46.74409600326186,0.45646470972138464,0.6761894948134191,26.15350136369958,38.742804203892184,1.1296585796860423,0.35,2.070341420313958,-73.08891010568694,-22.645,-133.95108989431307
87.11080070000025,circle_tension,818,0.9983442288833954,0.8143787392365662,0.2822933462671219,-0.01745093825547245,57.200910816261214,46.66046468344026,0.4411447673190303,0.6845465836505049,25.275733321661164,39.221630123273094,1.1538364170184496,0.35,2.04616358298155,-74.6532161810937,-22.645,-132.3867838189063
87.21579810000003,circle_tension,819,1.0128946882802108,0.8130451703708328,0.21445576186578955,-0.01298907956468018,58.03459072967521,46.584056815743686,0.43043195272399104,0.6897613958011484,24.661934258659265,39.5204168504585,1.1778584267920982,0.35,2.022141573207902,-76.20744021344875,-22.645,-130.83255978655126
87.32066180000038,circle_tension,820,1.0192329460395753,0.8122375805510413,0.14286667027997013,-0.009863426382781133,58.39774614875284,46.53778532749191,0.42562825778374513,0.6917878818217208,24.386702812514827,39.63652594667956,1.2017342488834508,0.35,1.998265751116549,-77.75220590275927,-22.645,-129.28779409724072
87.42717390000053,circle_tension,821,1.01912828029565,0.8123016083758748,0.0755718462714012,-0.004972390405828858,58.39174924336633,46.54145385162627,0.42573421947608026,0.691797858725456,24.39277397027569,39.6370975811562,1.225473310758999,0.35,1.9745266892410007,-79.28812320610724,-22.645,-127.75187679389275
87.53754070000014,circle_tension,822,1.0192329460395753,0.8122375805510413,0.04061052099405586,-0.0029213233101974987,58.39774614875284,46.53778532749191,0.42562825778374513,0.6917878818217208,24.386702812514827,39.63652594667956,1.2490848430923154,0.35,1.9509151569076848,-80.81578934807281,-22.645,-126.22421065192721
87.64243669999996,circle_tension,823,1.0192329460395753,0.8122375805510413,0.021123881310799206,-0.0015195492538526017,58.39774614875284,46.53778532749191,0.42562825778374513,0.6917878818217208,24.386702812514827,39.63652594667956,1.2725778947597948,0.35,1.927422105240205,-82.33578979095873,-22.645,-124.70421020904126
87.7467228000005,circle_tension,824,1.0192329460395753,0.8122375805510413,0.01129002998491405,-0.0008121498311382325,58.39774614875284,46.53778532749191,0.42562825778374513,0.6917878818217208,24.386702812514827,39.63652594667956,1.29596134726857,0.35,1.9040386527314297,-83.84869916827648,-22.645,-123.19130083172351
87.85207010000067,circle_tension,825,1.0275506169166473,0.8082783528855083,0.04330064357091393,-0.017904450732327333,58.874313585387945,46.31093829212543,0.41781294435081756,0.6919149075400898,23.938918337236178,39.643803984231724,1.3192439286673565,0.35,1.8807560713326437,-85.35508218477797,-22.645,-121.68491781522205
87.96041990000049,circle_tension,826,1.0570527292461138,0.7964224574634858,0.15661270468857103,-0.06003905735917504,60.56466010858724,45.63164552209507,0.39139466697283437,0.6936129651451175,22.425262541471803,39.7410955183699,1.3424342269877125,0.35,1.8575657730122872,-86.855494486105,-22.645,-120.18450551389499
88.06552670000019,circle_tension,827,1.0707887458973637,0.7925120767616051,0.14366450897967684,-0.04743326149538277,61.351675890025284,45.4075972115879,0.3799558017155017,0.6954918982674942,21.76986383980781,39.848750456269435,1.365540703261014,0.35,1.8344592967389857,-88.35048350098761,-22.645,-118.68951649901238
88.1701608000003,circle_tension,828,1.0772455985425449,0.7948676405063808,0.10507580941490395,-0.014344248618254214,61.72162629553205,45.54256107253758,0.3765731859633587,0.700005143936519,21.576054233495547,40.10734038501025,1.3885717041541406,0.35,1.8114282958458592,-89.8405892587729,-22.645,-117.1994107412271
88.27730760000031,circle_tension,829,1.084338452536242,0.796813791137579,0.0877096206895255,0.001408998949130665,62.128016894073404,45.654067290001954,0.3725085416877645,0.7043788782442986,21.343167271281988,40.357936901557586,1.4115354742646757,0.35,1.788464525735324,-91.32634518492452,-22.645,-115.71365481507547
88.38811270000042,circle_tension,830,1.0897345974138535,0.798646529860044,0.06975370444373552,0.009040862050346904,62.43719322120168,45.7590754837494,0.36955025232674343,0.7080034538494361,21.17366977631703,40.565609786258044,1.434440168114988,0.35,1.765559831885012,-92.80827887703974,-22.645,-114.23172112296028
88.49549130000014,circle_tension,831,1.089847239808699,0.7985901855739689,0.0367884895160183,0.004463591902835482,62.44364715502057,45.755847193957614,0.3694444327389718,0.7079951240038631,21.1676067605479,40.56513252126272,1.4572938618826559,0.35,1.7427061381173439,-94.28691286380784,-22.645,-112.75308713619215
88.59956899999997,circle_tension,832,1.0899415209583658,0.7985919025942164,0.019853875072242747,0.0023676026439040407,62.449049066984124,45.75594557197114,0.3693784746886009,0.7080314748129302,21.163827642636736,40.56721526920415,1.4801045649036166,0.35,1.719895435096383,-95.762765349264,-22.645,-111.27723465073599
88.70337400000062,circle_tension,833,1.0900290858160844,0.7986720809637878,0.011022774557576597,0.0016266274171871597,62.45406616376506,45.76053945415582,0.36935355385219376,0.7081349060509459,21.16239978388867,40.57314144261226,1.5028802309831755,0.35,1.6971197690168243,-97.23635094461146,-22.645,-109.80364905538853
88.8161914000002,circle_tension,834,1.090140290848752,0.798614462445558,0.006414819278005528,0.0006159739462363737,62.46043774279753,45.75723815623945,0.36924816284881545,0.7081248857793251,21.156361324196446,40.572567323338816,1.5256287695489763,0.35,1.6743712304510234,-98.70818138981878,-22.645,-108.33181861018122
88.9236761000002,circle_tension,835,1.0909799552469783,0.7982635686161164,0.006902013608431579,-0.0011839178582631078,62.50854696902329,45.737133420755264,0.36849146718810494,0.7081234098582639,21.11300585646187,40.57248275929111,1.54835805667941,0.35,1.6516419433205898,-100.17876626715783,-22.645,-106.86123373284217
89.03185080000003,circle_tension,836,1.1098803719203794,0.7913127843010174,0.08755010414316919,-0.03051645699915728,63.59146107544786,45.33888281519436,0.3519511300960204,0.708735722693842,20.165314349361736,40.60756570051143,1.5710759460401873,0.35,1.6289240539598127,-101.64861370880013,-22.645,-105.39138629119988
89.1427177000005,circle_tension,837,1.151617040722516,0.778690934480509,0.23314091243174048,-0.06672693924476134,65.98279604874561,44.61570409083127,0.31693572220834276,0.7112744332748117,18.159079259468715,40.75302310220619,1.5937902797613663,0.35,1.6062097202386338,-103.11823110056041,-22.645,-103.92176889943961
89.2480802,circle_tension,838,1.158474930352856,0.7765270882213522,0.1514795746959364,-0.04329132429676553,66.37572418093065,44.49172483266642,0.3111833322593813,0.7114486998129094,17.829491593279748,40.76300783934955,1.6165088992869663,0.35,1.5834911007130335,-104.58812578386673,-22.645,-102.45187421613326
89.35354220000045,circle_tension,839,1.1588029579669676,0.776434323716128,0.08223577260402568,-0.02347143330676533,66.39451877878298,44.486409818028456,0.31091279439013647,0.7114657358784313,17.81399091517356,40.76398393400346,1.6392396562289901,0.35,1.5607603437710096,-106.05880575801567,-22.645,-100.98119424198433
89.45968450000055,circle_tension,840,1.1588213014101179,0.7763594303411654,0.04380030672204983,-0.012807980241904323,66.39556978065723,44.48211874372961,0.31086975480986384,0.711402811790981,17.811524928871922,40.76037864936285,1.6619904232579388,0.35,1.5380095767420612,-107.53078038478864,-22.645,-99.50921961521136
89.56596710000031,circle_tension,841,1.158939863086248,0.7763082980432108,0.02377149722280823,-0.007021084738244392,66.40236286431148,44.47918907886,0.3107649386816819,0.7113928074537421,17.805519407102196,40.759805443062234,1.6847691050618567,0.35,1.5152308949381434,-109.00456109750213,-22.645,-98.03543890249789
89.67273990000012,circle_tension,842,1.159119649551772,0.7763974755942957,0.013442018457559718,-0.0033378458627753333,66.41266386999958,44.484298576164484,0.3106727189448572,0.7115303941593815,17.80023560539433,40.76768858061248,1.707583649406554,0.35,1.492416350593446,-110.48066211660405,-22.645,-96.55933788339595
89.77716599999985,circle_tension,843,1.159119649551772,0.7763974755942957,0.007108020196753583,-0.0017650233022046165,66.41266386999958,44.484298576164484,0.3106727189448572,0.7115303941593815,17.80023560539433,40.76768858061248,1.7304420583300066,0.35,1.469557941669993,-111.95960117395144,-22.645,-95.08039882604855
89.88541450000048,circle_tension,844,1.1592349781550597,0.7763458654400741,0.004310979012768211,-0.0011722755004045192,66.41927171222511,44.48134153214757,0.3105700109056975,0.7115189183092271,17.794350868228417,40.76703106283231,1.7533523995047222,0.35,1.4466476004952775,-113.44190024795553,-22.645,-93.59809975204446
89.99109510000017,circle_tension,845,1.1592349781550597,0.7763458654400741,0.002265539999827276,-0.0006160635505572969,66.41927171222511,44.48134153214757,0.3105700109056975,0.7115189183092271,17.794350868228417,40.76703106283231,1.7763228178027748,0.35,1.423677182197225,-114.92808631183954,-22.645,-92.11191368816046
90.09957740000027,circle_tension,846,1.1661615587223206,0.7740923380451558,0.032008174927912365,-0.01022917242429157,66.81613554518648,44.35222392340163,0.30474703150722865,0.7115814743286589,17.460718724504524,40.77061525872889,1.799361547099139,0.35,1.4006384529008609,-116.4186920973143,-22.645,-90.6213079026857
90.20324130000063,circle_tension,847,1.1833846923166584,0.7688211910073105,0.09296458806718567,-0.027723320574817845,67.80294841013203,44.050209444940215,0.2904553730129709,0.7118438733527145,16.64186701054126,40.785649615355624,1.8224769223503268,0.35,1.3775230776496732,-117.91425687606615,-22.645,-89.12574312393386
90.30785340000057,circle_tension,848,1.1937957917385091,0.766268626031964,0.09702173691356342,-0.025720622719947524,68.39946046709517,43.90395824491994,0.2820890041372459,0.7124558940634647,16.16250938411261,40.82071581905621,1.8456773919868286,0.35,1.3543226080131714,-119.41532726154782,-22.645,-87.62467273845219
90.41106219999983,circle_tension,849,1.1954647804514584,0.7672635574084298,0.05924775672231558,-0.009245416652538987,68.49508647640212,43.96096361369657,0.2812642539151436,0.7138513752852175,16.11525467723367,40.9006710034524,1.8689715306592967,0.35,1.331028469340703,-120.9224580336565,-22.645,-86.1175419663435
90.51777080000011,circle_tension,850,1.2032037414317633,0.7707053708422335,0.06626423489902329,0.010739666820608278,68.93849627839003,44.15816499732495,0.27696830259863153,0.7192185537099953,15.869114797803858,41.208187675085846,1.8923680523806485,0.35,1.3076319476193512,-122.43621298902796,-22.645,-84.60378701097203
90.6214643000003,circle_tension,851,1.2215305673412118,0.7775687962543691,0.11459675899074324,0.036976095299222016,69.98854605487243,44.55141030644317,0.266090254506035,0.7306224807418549,15.245848552757742,41.86158456388655,1.9158758241080496,0.35,1.2841241758919504,-123.95716581979082,-22.645,-83.08283418020919
90.7302324000002,circle_tension,852,1.250246147366597,0.7887970959192736,0.18645143059929128,0.07285653905387239,71.63382759659717,45.194744488350345,0.24854110103779786,0.7486175122354531,14.240356125000382,42.89262392067473,1.93950387981147,0.35,1.2604961201885296,-125.48590102380211,-22.645,-81.55409897619788
90.83643399999983,circle_tension,853,1.3015096069150838,0.7921299299372461,0.31773539498537773,0.06119859788844837,74.57100747196509,45.3857018113978,0.21074135984821438,0.7635822844669143,12.074590488150431,43.75004221091203,1.9632614350779116,0.35,1.2367385649220886,-127.02301484954089,-22.645,-80.01698515045913
90.94039299999986,circle_tension,854,1.3734017102526783,0.7973836221521561,0.4799695939875005,0.07430953252696534,78.69012157352763,45.68671620217288,0.15637905662760673,0.7818991185087448,8.95985994899917,44.79951949555047,1.9871579023035468,0.35,1.2128420976964533,-128.5691162790395,-22.645,-78.47088372096053
91.04536310000003,circle_tension,855,1.4116126706536871,0.8104147618855929,0.41835374805735887,0.10828737351445475,80.87944833564696,46.43334551114404,0.12846065655108824,0.8001686984633588,7.360253453856946,45.84628932042666,2.0112029065293355,0.35,1.1887970934706642,-130.124828052448,-22.645,-76.91517194755198
91.14982920000057,circle_tension,856,1.4251786548136671,0.8224310047141953,0.2787257374203508,0.1141122632523866,81.65672197295513,47.1218255108273,0.1193376931056361,0.8137267800185918,6.837546151780411,46.62311017183568,2.0354063019792394,0.35,1.1645936980207603,-131.6907877380568,-22.645,-75.3492122619432
91.29729899999984,circle_tension,857,1.4427938403701965,0.8350757176239324,0.1938298592561779,0.10447929122901539,82.66599776068408,47.84631419370982,0.10660011011853092,0.8282438473588818,6.107736405421644,47.4548768613415,2.0597781893642892,0.35,1.140221810635711,-133.26764885186952,-22.645,-73.7723511481305
91.41507690000071,circle_tension,858,1.4646478622981336,0.8370090050449056,0.19035210938316324,0.06430314013811791,83.91814098254122,47.95708340351732,0.08868046700316769,0.832297933013391,5.081016484530668,47.68715885912941,2.0843289340203706,0.35,1.1156710659796292,-134.85608203111798,-22.645,-72.18391796888201
91.52278569999999,circle_tension,859,1.4876358823140512,0.8382572928494649,0.19145744814654006,0.040455554132601115,85.23525750881556,48.02860502633622,0.0696295285775352,0.8353604118973941,3.9894781169783213,47.86262597403072,2.109069184952258,0.35,1.0909308150477421,-136.45677626641108,-22.645,-70.58322373358892
91.63219500000014,circle_tension,860,1.4874308170102406,0.838246885211833,0.10016168493896016,0.02129063114905206,85.22350813238265,48.02800871262521,0.06979996391558921,0.835335744239837,3.9992433425287017,47.86121262136223,2.1340098948622384,0.35,1.0659901051377616,-138.07044019758683,-22.645,-68.96955980241317
91.73864020000019,circle_tension,861,1.4874308170102406,0.838246885211833,0.05239273750280949,0.01113673806247577,85.22350813238265,48.02800871262521,0.06979996391558921,0.835335744239837,3.9992433425287017,47.86121262136223,2.1591623412474874,0.35,1.0408376587525123,-139.69780347871244,-22.645,-67.34219652128755
91.84438959999989,circle_tension,862,1.4884658089480158,0.8383028231973206,0.03230395076445376,0.006170643847444027,85.28280880224723,48.03121372310812,0.06893996112643688,0.8354632877275241,3.949968812340794,47.868520324911074,2.184538148657065,0.35,1.0154618513429352,-141.33961821811212,-22.645,-65.70038178188791
91.95192029999998,circle_tension,863,1.4890919944256797,0.8383025214427064,0.019946697580746336,0.0032891090342293304,85.31868658730976,48.031196433842275,0.06841676803952838,0.8355059923831933,3.919992056590516,47.87096712144648,2.210149312206919,0.35,0.9898506877930812,-142.99666049978765,-22.645,-64.04333950021235
92.05682070000057,circle_tension,864,1.4897740810792888,0.838254739721673,0.013517228500835228,0.0015315714462173391,85.35776727382375,48.028458742889185,0.06784299753406925,0.8355048392148557,3.8871174282186196,47.870901049767674,2.2360082224591293,0.35,0.9639917775408708,-144.66973199310567,-22.645,-62.37026800689435
92.16464700000051,circle_tension,865,1.4904600339884775,0.83818053655323,0.010268840186586699,0.0004925827729741055,85.39706948046499,48.0242072145109,0.06726390984544058,0.8354772159005683,3.8539381476922103,47.86931835044284,2.2621276917808766,0.35,0.9378723082191234,-146.35966165822273,-22.645,-60.680338341777286
92.26900579999983,circle_tension,866,1.4909754644651239,0.8382074532004237,0.007677277518794483,0.0003807463306337201,85.42660147140924,48.025749424793744,0.06683541673916057,0.8355386057328789,3.829387301151916,47.87283572873925,2.2885209823082953,0.35,0.9114790176917045,-148.0673075553467,-22.645,-58.97269244465328
92.37270919999992,circle_tension,867,1.4914483128740166,0.8381505846533224,0.00621982982860963,-4.782522996586767e-05,85.45369368958828,48.0224910970578,0.06643581850921654,0.835513425729184,3.806492009075224,47.87139302079941,2.315201835651585,0.35,0.8847981643484153,-149.79355876665755,-22.645,-57.24644123334247
92.47948330000054,circle_tension,868,1.4919661787284966,0.8381791677215409,0.005643931858868139,0.00010393321973720671,85.48336521740391,48.024128786232254,0.06600537662044619,0.8355762128373259,3.7818295055230435,47.87499045710377,2.342184504489585,0.35,0.8578154955104151,-151.53933744047615,-22.645,-55.50066255952386
92.5849375000007,circle_tension,869,1.4921739759730244,0.838188512230564,0.003907480661893529,9.691947837384977e-05,85.4952711225098,48.0246641871609,0.06583247869262136,0.8355992261751275,3.7719231839721235,47.87630902423231,2.3694837862156732,0.35,0.8305162137843265,-153.30560096815407,-22.645,-53.734399031845925
92.69018589999996,circle_tension,870,1.5063396917264988,0.8380659046798259,0.06488815948340132,-9.449413863593123e-05,86.30690684896588,48.01763929196717,0.05398151093762088,0.8363255688209625,3.092912748464968,47.91792539231903,2.3971150588116727,0.35,0.802884941188327,-155.09334430511524,-22.645,-51.94665569488476
92.7948266000003,circle_tension,871,1.535008224870145,0.8394061242402825,0.16168864104058417,0.008265735940759569,87.94949280292772,48.094428216402214,0.030034339700925276,0.8388686308658955,1.7208409053252296,48.06363211453359,2.425094319142742,0.35,0.774905680857258,-156.90360244853542,-22.645,-50.13639755146459
92.8993988000002,circle_tension,872,1.559876658775936,0.8398370143296581,0.19676855409573124,0.00928867529691818,89.37434910882958,48.11911639995745,0.009170559135700702,0.8397869441014744,0.5254343342507902,48.11624758720326,2.4534382238849033,0.35,0.7465617761150968,-158.73745308535325,-22.645,-48.30254691464676
93.00672699999996,circle_tension,873,1.5638988190373295,0.8392482978624372,0.1231619858649462,0.002728312229100496,89.60480191633266,48.08538543105584,0.0057886757448099456,0.83922833406536,0.33166668914735825,48.08424158974026,2.4821641333168367,0.35,0.7178358666831637,-160.59601942559934,-22.645,-46.44398057440069
93.11143040000024,circle_tension,874,1.5703844177224902,0.8429072806186719,0.09300017742825885,0.017943264009100724,89.97639934860797,48.29502970029924,0.0003472011462660749,0.8429072091110199,0.01989316032315047,48.29502560321257,2.5112901582304437,0.35,0.6887098417695563,-162.4804732375097,-22.645,-44.55952676249029
93.21790640000017,circle_tension,875,1.5768035472697965,0.8485584620762571,0.07768254092797043,0.03509783287217974,90.34418837981634,48.61881854708145,-0.005097447109066084,0.8485431512858924,-0.2920622056406493,48.61794130341255,2.54083521023978,0.35,0.6591647897602197,-164.3920381025138,-22.645,-42.64796189748622
93.32290960000046,circle_tension,876,1.5843480877630283,0.8476668320985534,0.07435449339447754,0.015023370959178866,90.77645870844407,48.56773191247169,-0.011487026682506403,0.8475889961874167,-0.6581581480617804,48.563272243269,2.57081905579608,0.35,0.6291809442039202,-166.3319929100064,-22.645,-40.70800708999364
93.42917209999996,circle_tension,877,1.602199411882407,0.8320033061123978,0.12087000419657884,-0.06031309572755238,91.79926423920456,47.67027798117148,-0.02612317654280653,0.8315930982333088,-1.496747763377967,47.64677480097667,2.6,0.35,0.5987384220438327,-168.22000000000003,-22.645,-38.73837590623597
93.53504290000001,circle_tension,878,1.6856110714253099,0.8029701734500797,0.450728953334592,-0.14286361023096328,96.57840029319502,46.006802013577236,-0.09199039472160393,0.7976834376677345,-5.270661373290431,45.703894365848065,2.6,0.35,0.5683229710979424,-168.22000000000003,-22.645,-36.770496230036876
93.64090260000012,circle_tension,879,1.8230845217535876,0.7697689106810446,0.8960834080671055,-0.16269387606455843,104.4550487921067,44.10450978240669,-0.19215000041846306,0.7454009345246803,-11.009384057414936,42.70832759337159,2.6,0.35,0.5383459718881514,-168.22000000000003,-22.645,-34.8309843811634
93.7462159000006,circle_tension,880,2.0187135185008778,0.7235371001179661,1.4366456609340286,-0.15333729586553535,115.66376465610493,41.455622157893956,-0.3133560556110119,0.6521609599316907,-17.9539794713777,37.366070567286265,2.6,0.35,0.5087876285103348,-168.22000000000003,-22.645,-32.91855956461866
93.85102730000017,circle_tension,881,2.181475718665693,0.6994087355857359,1.5414706027012732,-0.055432319153461966,124.98935178981235,40.07316870364402,-0.4010578877155506,0.5729966405789642,-22.978924306532715,32.83028918034921,2.6,0.35,0.47962897996600007,-168.22000000000003,-22.645,-31.031995003800205
93.95622430000003,circle_tension,882,2.3512844643148982,0.7046284965486329,1.5591947725988793,0.13614034479521372,134.7186762399223,40.37223897688516,-0.495795183452964,0.500687980895516,-28.406971514769225,28.687308158239862,2.6,0.35,0.45085184752706975,-168.22000000000003,-22.645,-29.170114535001414
94.06315059999997,circle_tension,883,2.5022026050798996,0.7297203092816468,1.4224426351586161,0.3066323679268893,143.36564875771813,41.80989394681947,-0.5855712637233732,0.43542855312842527,-33.55076201549137,24.948218373746705,2.6,0.35,0.42243878563865284,-168.22000000000003,-22.645,-27.33178943082084
94.16756780000014,circle_tension,884,2.6234811691981346,0.7610336931388186,1.2000972014365867,0.3885618658323166,150.31439862709973,43.6040186841085,-0.6611525851997594,0.376894602211526,-37.88125274610979,21.594470027982464,2.6,0.35,0.394373036068278,-168.22000000000003,-22.645,-25.51593543361759
94.27611140000045,circle_tension,885,2.7235327362605553,0.7805201081635942,1.0314878370587939,0.3598398822041756,156.04693115344656,44.72050802286846,-0.7133003976881482,0.3168819684135378,-40.869102312534075,18.155999393893577,2.6,0.35,0.3666384850359299,-168.22000000000003,-22.645,-23.721509981824664
94.38087350000023,circle_tension,886,2.7819822881648797,0.7900426364793435,0.7726497961101214,0.26078950066012624,159.3958437919952,45.266108705654716,-0.7395067777694467,0.2780235477226386,-42.37061728750819,15.929575889761223,2.6,0.35,0.35,-168.22000000000003,-22.645,-22.645
94.48557030000029,circle_tension,887,2.819183324049881,0.7940433293037247,0.5676797568693217,0.1713124386257712,161.5273061417205,45.49533151962003,-0.7531300635094202,0.25159474607002413,-43.15117406350943,14.415317097478038,2.6,0.35,0.35,-168.22000000000003,-22.645,-22.645
94.59036110000034,circle_tension,888,2.8398092404547377,0.7911630153652727,0.3942500096485573,0.08443326604186449,162.70908410030844,45.33030168727402,-0.755408725371366,0.23515223689065512,-43.28173177113634,13.47323071689508,2.6,0.35,0.35,-168.22000000000003,-22.645,-22.645
94.70065119999981,circle_tension,889,2.84577439419406,0.789511160585878,0.23707481902680413,0.03876731120775464,163.05086223371828,45.2356573800462,-0.7552178917755235,0.23016039761825619,-43.27079781150526,13.187219394578964,2.6,0.35,0.35,-168.22000000000003,-22.645,-22.645
94.8067559000001,circle_tension,890,2.844763949773128,0.7877479069741904,0.11941804090582847,0.012445156688681874,162.99296803296633,45.134630389885295,-0.7532987974563045,0.23040765328674132,-43.16084180652648,13.201386100843848,2.6,0.35,0.35,-168.22000000000003,-22.645,-22.645
94.91390450000017,circle_tension,891,2.8440383681415398,0.7862851284241992,0.06032177411717042,0.00010026048195735478,162.9513952677841,45.050819352608535,-0.7517329208370176,0.23052531078149674,-43.07112368500313,13.208127378721416,2.6,0.35,0.35,-168.22000000000003,-22.645,-22.645
95.01880690000053,circle_tension,892,2.8433064221711835,0.7849065924270908,0.028693498033118874,-0.006032934361704348,162.9094578528511,44.97183505806737,-0.7502463254419276,0.23067034919207244,-42.98594804302089,13.21643746751469,2.6,0.35,0.35,-168.22000000000003,-22.645,-22.645
95.1240372000002,circle_tension,893,2.842860208238707,0.7842923842590825,0.013339884126854794,-0.005957419259868132,162.88389167776026,44.93664352229803,-0.749556317353738,0.2308243295709942,-42.94641349173773,13.225259893354732,2.6,0.35,0.35,-168.22000000000003,-22.645,-22.645
95.23213620000024,circle_tension,894,2.8481222569088303,0.7969991103896146,0.029995137043488086,0.053302150352784995,163.18538485815074,45.664685301006116,-0.7629240027890937,0.23055270098201852,-43.71232544904211,13.209696721611332,2.6,0.35,0.35,-168.22000000000003,-22.645,-22.645
95.3363001000007,circle_tension,895,2.850926956531813,0.8052805203947876,0.027677624016675197,0.06436893470771149,163.3460823093496,46.13917514271994,-0.7715016645379021,0.23078539412741486,-44.203789265339644,13.223029056764165,2.6,0.35,0.35,-168.22000000000003,-22.645,-22.645
95.44351869999991,circle_tension,896,2.852061275762181,0.807973869776119,0.019767679099162556,0.04650233438086513,163.4110740138702,46.2934926950244,-0.7743441986387976,0.230679076371125,-44.36665447244297,13.216937498041457,2.6,0.35,0.35,-168.22000000000003,-22.645,-22.645
95.54845170000044,circle_tension,897,2.851617241607288,0.8071934919829463,0.008512034263645392,0.02113291353612912,163.38563273083517,46.24878034104987,-0.7734938951886319,0.230799756511008,-44.31793567344306,13.223851960727801,2.6,0.35,0.35,-168.22000000000003,-22.645,-22.645
95.65718759999982,circle_tension,898,2.8517812218921543,0.8090748314519148,0.005253134989495331,0.01962974715350015,163.39502810908138,46.35657315245316,-0.7753346148353785,0.23121054890947285,-44.42340114046845,13.247388631415893,2.6,0.35,0.35,-168.22000000000003,-22.645,-22.645
95.76338810000016,circle_tension,899,2.8532469129764886,0.8135936365793172,0.008989381754827006,0.02971419203653969,163.47900602228367,46.61548161469538,-0.7800049141318026,0.23135889741394686,-44.69098957921647,13.255888374619332,2.6,0.35,0.35,-168.22000000000003,-22.645,-22.645
95.86773470000026,circle_tension,900,2.853646230037338,0.8136534892200141,0.006604643737946287,0.01622307455519445,163.5018852045579,46.61891091840003,-0.7801546259491422,0.23106440688703572,-44.69956743449326,13.23901531032074,2.6,0.35,0.35,-168.22000000000003,-22.645,-22.645
95.97184360000028,circle_tension,901,2.855044242151717,0.8137275150523142,0.009741673628305057,0.009008785785425013,163.58198539842,46.62315228616577,-0.7805479017426599,0.22999443871177677,-44.722100477646485,13.177710649665087,2.6,0.35,0.35,-168.22000000000003,-22.645,-22.645
96.07638750000024,circle_tension,902,2.8553369771363677,0.8133234162291907,0.006537112491645375,0.0030281540289715013,163.5987578775563,46.59999912909459,-0.7802275405415664,0.22965183292797742,-44.70374513290409,13.158080784216613,2.6,0.35,0.35,-168.22000000000003,-22.645,-22.645
96.1810529000004,circle_tension,903,2.8558084767261622,0.812724962813996,0.005588497530185612,-0.0010436571661001323,163.6257728140937,46.565710274168744,-0.7797615538840768,0.22911522050117344,-44.677046064120525,13.127335156926472,2.6,0.35,0.35,-168.22000000000003,-22.645,-22.645
96.28678040000068,circle_tension,904,2.8558012387454745,0.8124550824255183,0.0029518237296062913,-0.0017575832624806228,163.62535810834808,46.55024726693562,-0.7795009618052602,0.22904478056426014,-44.662115237829795,13.123299245832172,2.6,0.35,0.35,-168.22000000000003,-22.645,-22.645
96.3930377000006,circle_tension,905,2.855638104756843,0.8122932396063804,0.0008467004776544887,-0.0016518716590737598,163.61601121930437,46.54097435645453,-0.7793083156030883,0.22912628906807245,-44.65107742350612,13.127969339095044,2.6,0.35,0.35,-168.22000000000003,-22.645,-22.645
96.4970527000005,circle_tension,906,2.8554848662850425,0.8120651482455653,-0.00022866735920811955,-0.0018860938215724498,163.60723130161117,46.52790568413642,-0.7790543761349293,0.2291813343623517,-44.636527763728814,13.1311232021393,2.6,0.35,0.35,-168.22000000000003,-22.645,-22.645
96.60320690000026,circle_tension,907,2.8554771630558697,0.8119080492672689,-0.00015668414226375804,-0.0017090624522579088,163.60678993909093,46.51890457571422,-0.7789018981748322,0.2291429978956923,-44.62779142014649,13.128926684398273,2.6,0.35,0.35,-168.22000000000003,-22.645,-22.645
96.70789950000017,circle_tension,908,2.8553219810131,0.8117905519515313,-0.0007695909117816627,-0.001426320553256373,163.59789866298402,46.51217247541834,-0.778753614317721,0.22923068822663784,-44.6192953809641,13.133950970265557,2.6,0.35,0.35,-168.22000000000003,-22.645,-22.645
96.81544240000039,circle_tension,909,2.855254634431171,0.8115383594569776,-0.0007124428625950244,-0.0018878690868001158,163.59403998807485,46.49772290985553,-0.7784962502721858,0.22921190453872314,-44.604549507356516,13.132874744224354,2.6,0.35,0.35,-168.22000000000003,-22.645,-22.645
96.92161800000031,circle_tension,910,2.855254634431171,0.8115383594569776,-0.0003749457535470871,-0.0009935512509315217,163.59403998807485,46.49772290985553,-0.7784962502721858,0.22921190453872314,-44.604549507356516,13.132874744224354,2.6,0.35,0.35,-168.22000000000003,-22.645,-22.645
97.0256229000006,circle_tension,911,2.855254634431171,0.8115383594569776,-0.0001989702042154783,-0.0005272418567918585,163.59403998807485,46.49772290985553,-0.7784962502721858,0.22921190453872314,-44.604549507356516,13.132874744224354,2.6,0.35,0.35,-168.22000000000003,-22.645,-22.645
97.1302211000002,circle_tension,912,2.855254634431171,0.8115383594569776,-0.00010680378711840047,-0.0002830143701904451,163.59403998807485,46.49772290985553,-0.7784962502721858,0.22921190453872314,-44.604549507356516,13.132874744224354,2.6,0.35,0.35,-168.22000000000003,-22.645,-22.645
97.24256839999998,circle_tension,913,2.855254634431171,0.8115383594569776,-5.696201979659078e-05,-0.00015094099743519695,163.59403998807485,46.49772290985553,-0.7784962502721858,0.22921190453872314,-44.604549507356516,13.132874744224354,2.6,0.35,0.35,-168.22000000000003,-22.645,-22.645
97.3482498000003,circle_tension,914,2.855254634431171,0.8115383594569776,-2.938471223579189e-05,-7.7865177359496e-05,163.59403998807485,46.49772290985553,-0.7784962502721858,0.22921190453872314,-44.604549507356516,13.132874744224354,2.6,0.35,0.35,-168.22000000000003,-22.645,-22.645
97.45399859999998,circle_tension,915,2.855254634431171,0.8115383594569776,-1.5638921383305263e-05,-4.1440847793603125e-05,163.59403998807485,46.49772290985553,-0.7784962502721858,0.22921190453872314,-44.604549507356516,13.132874744224354,2.6,0.35,0.35,-168.22000000000003,-22.645,-22.645
97.55925710000065,circle_tension,916,2.855254634431171,0.8115383594569776,-8.323869864001696e-06,-2.205703421823519e-05,163.59403998807485,46.49772290985553,-0.7784962502721858,0.22921190453872314,-44.604549507356516,13.132874744224354,2.6,0.35,0.35,-168.22000000000003,-22.645,-22.645
97.66908700000022,circle_tension,917,2.8559311945471926,0.8113971760610929,0.003002057803288956,-0.0006382165294217491,163.63280402730976,46.48963369713402,-0.7785156857162243,0.22864536823148893,-44.60566307627288,13.100414604878907,2.6,0.35,0.35,-168.22000000000003,-22.645,-22.645
97.77288920000046,circle_tension,918,2.8576060916247075,0.8111779437302841,0.008843282106365095,-0.0012778980427170254,163.72876856097017,46.477072609845855,-0.7786870997991838,0.22727968893156242,-44.615484379775566,13.022166944824738,2.6,0.35,0.35,-168.22000000000003,-22.645,-22.645
97.87700270000005,circle_tension,919,2.858848919255509,0.8108712308038614,0.01031503136989905,-0.0020510981892769144,163.79997733887734,46.45949925363973,-0.7786744333631157,0.2262261695118398,-44.61475864644739,12.96180472843956,2.6,0.35,0.35,-168.22000000000003,-22.645,-22.645
97.98088430000007,circle_tension,920,2.858848919255509,0.8108712308038614,0.005515187055460842,-0.0010966704586076231,163.79997733887734,46.45949925363973,-0.7786744333631157,0.2262261695118398,-44.61475864644739,12.96180472843956,2.6,0.35,0.35,-168.22000000000003,-22.645,-22.645
98.0847506,circle_tension,921,2.858848919255509,0.8108712308038614,0.002959834055706201,-0.0005885498603460425,163.79997733887734,46.45949925363973,-0.7786744333631157,0.2262261695118398,-44.61475864644739,12.96180472843956,2.6,0.35,0.35,-168.22000000000003,-22.645,-22.645
98.19066600000042,circle_tension,922,2.859955556368946,0.8105520353938148,0.00652859208123493,-0.0017365344487063018,163.8633829749298,46.44121070380411,-0.7786176871241611,0.22527560759762263,-44.611507326452056,12.90734154258904,2.6,0.35,0.35,-168.22000000000003,-22.645,-22.645
98.29484890000003,circle_tension,923,2.8616724513219456,0.8105353192718422,0.011062389961293448,-0.0009856247309306182,163.961753809604,46.44025294056526,-0.7789872484229446,0.22393385313872652,-44.63268162914372,12.830464674951433,2.6,0.35,0.35,-168.22000000000003,-22.645,-22.645
98.40266669999983,circle_tension,924,2.862236113360355,0.8104804612791822,0.008438213317174127,-0.0007691446445036688,163.9940492654766,46.437109809113274,-0.7790606163641486,0.22347960565928326,-44.636885302526274,12.804438211524879,2.6,0.35,0.35,-168.22000000000003,-22.645,-22.645
98.5082379000005,circle_tension,925,2.862236113360355,0.8104804612791822,0.0044482254862421786,-0.00040545654413885664,163.9940492654766,46.437109809113274,-0.7790606163641486,0.22347960565928326,-44.636885302526274,12.804438211524879,2.6,0.35,0.35,-168.22000000000003,-22.645,-22.645
98.61194700000033,circle_tension,926,2.862236113360355,0.8104804612791822,0.0023646906461679915,-0.00021554197293238424,163.9940492654766,46.437109809113274,-0.7790606163641486,0.22347960565928326,-44.636885302526274,12.804438211524879,2.6,0.35,0.35,-168.22000000000003,-22.645,-22.645
98.71829770000022,circle_tension,927,2.862236113360355,0.8104804612791822,0.0012678309370662791,-0.00011556301538335166,163.9940492654766,46.437109809113274,-0.7790606163641486,0.22347960565928326,-44.636885302526274,12.804438211524879,2.6,0.35,0.35,-168.22000000000003,-22.645,-22.645
98.82470910000029,circle_tension,928,2.862236113360355,0.8104804612791822,0.0006725295959478286,-6.130119227262176e-05,163.9940492654766,46.437109809113274,-0.7790606163641486,0.22347960565928326,-44.636885302526274,12.804438211524879,2.6,0.35,0.35,-168.22000000000003,-22.645,-22.645
98.93113630000062,circle_tension,929,2.862236113360355,0.8104804612791822,0.00035660794389334266,-3.250487750467109e-05,163.9940492654766,46.437109809113274,-0.7790606163641486,0.22347960565928326,-44.636885302526274,12.804438211524879,2.6,0.35,0.35,-168.22000000000003,-22.645,-22.645
99.03620460000002,circle_tension,930,2.862236113360355,0.8104804612791822,0.0001889263563313368,-1.7220670978071798e-05,163.9940492654766,46.437109809113274,-0.7790606163641486,0.22347960565928326,-44.636885302526274,12.804438211524879,2.6,0.35,0.35,-168.22000000000003,-22.645,-22.645
99.14039890000004,circle_tension,931,2.862236113360355,0.8104804612791822,0.00010076466439476154,-9.184717079467618e-06,163.9940492654766,46.437109809113274,-0.7790606163641486,0.22347960565928326,-44.636885302526274,12.804438211524879,2.6,0.35,0.35,-168.22000000000003,-22.645,-22.645
99.24816069999997,circle_tension,932,2.862236113360355,0.8104804612791822,5.3853432767454306e-05,-4.908749973992999e-06,163.9940492654766,46.437109809113274,-0.7790606163641486,0.22347960565928326,-44.636885302526274,12.804438211524879,2.6,0.35,0.35,-168.22000000000003,-22.645,-22.645
99.35358450000058,circle_tension,933,2.862236113360355,0.8104804612791822,2.8344247638481524e-05,-2.5835832129596716e-06,163.9940492654766,46.437109809113274,-0.7790606163641486,0.22347960565928326,-44.636885302526274,12.804438211524879,2.6,0.35,0.35,-168.22000000000003,-22.645,-22.645
99.46137910000016,circle_tension,934,2.862236113360355,0.8104804612791822,1.511165978362046e-05,-1.3774304767191627e-06,163.9940492654766,46.437109809113274,-0.7790606163641486,0.22347960565928326,-44.636885302526274,12.804438211524879,2.6,0.35,0.35,-168.22000000000003,-22.645,-22.645
99.5667796000007,circle_tension,935,2.862236113360355,0.8104804612791822,7.973582490106201e-06,-7.267934619869548e-07,163.9940492654766,46.437109809113274,-0.7790606163641486,0.22347960565928326,-44.636885302526274,12.804438211524879,2.6,0.35,0.35,-168.22000000000003,-22.645,-22.645
99.67052820000026,circle_tension,936,2.862236113360355,0.8104804612791822,4.241551180114762e-06,-3.866181443805949e-07,163.9940492654766,46.437109809113274,-0.7790606163641486,0.22347960565928326,-44.636885302526274,12.804438211524879,2.6,0.35,0.35,-168.22000000000003,-22.645,-22.645
99.77550500000052,circle_tension,937,2.862236113360355,0.8104804612791822,2.2755418266945047e-06,-2.0741604218324086e-07,163.9940492654766,46.437109809113274,-0.7790606163641486,0.22347960565928326,-44.636885302526274,12.804438211524879,2.6,0.35,0.35,-168.22000000000003,-22.645,-22.645
99.88245900000038,circle_tension,938,2.862236113360355,0.8104804612791822,1.2122086029577455e-06,-1.1049302973753963e-07,163.9940492654766,46.437109809113274,-0.7790606163641486,0.22347960565928326,-44.636885302526274,12.804438211524879,2.6,0.35,0.35,-168.22000000000003,-22.645,-22.645
99.98806990000048,circle_tension,939,2.862236113360355,0.8104804612791822,6.408989738073529e-07,-5.841805543935982e-08,163.9940492654766,46.437109809113274,-0.7790606163641486,0.22347960565928326,-44.636885302526274,12.804438211524879,2.6,0.35,0.35,-168.22000000000003,-22.645,-22.645
100.09350069999982,circle_tension,940,2.862236113360355,0.8104804612791822,3.4123450728578286e-07,-3.110358602389572e-08,163.9940492654766,46.437109809113274,-0.7790606163641486,0.22347960565928326,-44.636885302526274,12.804438211524879,2.6,0.35,0.35,-168.22000000000003,-22.645,-22.645
100.20003980000001,circle_tension,941,2.862236113360355,0.8104804612791822,1.8155890080003125e-07,-1.654912609617252e-08,163.9940492654766,46.437109809113274,-0.7790606163641486,0.22347960565928326,-44.636885302526274,12.804438211524879,2.6,0.35,0.35,-168.22000000000003,-22.645,-22.645
100.31098010000005,circle_tension,942,2.862236113360355,0.8104804612791822,9.626014190454635e-08,-8.774129053404826e-09,163.9940492654766,46.437109809113274,-0.7790606163641486,0.22347960565928326,-44.636885302526274,12.804438211524879,2.6,0.35,0.35,-168.22000000000003,-22.645,-22.645
100.41602620000049,circle_tension,943,2.862236113360355,0.8104804612791822,4.989534755909332e-08,-4.547969803349059e-09,163.9940492654766,46.437109809113274,-0.7790606163641486,0.22347960565928326,-44.636885302526274,12.804438211524879,2.6,0.35,0.35,-168.22000000000003,-22.645,-22.645
100.52153360000011,circle_tension,944,2.862236113360355,0.8104804612791822,2.665416208336768e-08,-2.4295316140479542e-09,163.9940492654766,46.437109809113274,-0.7790606163641486,0.22347960565928326,-44.636885302526274,12.804438211524879,2.6,0.35,0.35,-168.22000000000003,-22.645,-22.645
100.6264656000003,circle_tension,945,2.862236113360355,0.8104804612791822,1.419608869616365e-08,-1.2939760092732463e-09,163.9940492654766,46.437109809113274,-0.7790606163641486,0.22347960565928326,-44.636885302526274,12.804438211524879,2.6,0.35,0.35,-168.22000000000003,-22.645,-22.645
100.74050280000029,circle_tension,946,2.862236113360355,0.8104804612791822,7.56683499905807e-09,-6.897183558423592e-10,163.9940492654766,46.437109809113274,-0.7790606163641486,0.22347960565928326,-44.636885302526274,12.804438211524879,2.6,0.35,0.35,-168.22000000000003,-22.645,-22.645
100.84941710000021,circle_tension,947,2.862236113360355,0.8104804612791822,3.8674557004617385e-09,-3.5251927488146333e-10,163.9940492654766,46.437109809113274,-0.7790606163641486,0.22347960565928326,-44.636885302526274,12.804438211524879,2.6,0.3688599803656494,0.35,-168.22000000000003,-23.865240729657515,-22.645
100.9577960000006,circle_tension,948,2.862236113360355,0.8104804612791822,2.0307769902783086e-09,-1.8510568381517583e-10,163.9940492654766,46.437109809113274,-0.7790606163641486,0.22347960565928326,-44.636885302526274,12.804438211524879,2.6,0.39726408504141963,0.35,-168.22000000000003,-25.702986302179852,-22.645
101.06481510000049,circle_tension,949,2.862236113360355,0.8104804612791822,1.0666545809384339e-09,-9.722575474530062e-11,163.9940492654766,46.437109809113274,-0.7790606163641486,0.22347960565928326,-44.636885302526274,12.804438211524879,2.6,0.42603749798862284,0.35,-168.22000000000003,-27.5646261198639,-22.645
101.16845770000054,circle_tension,950,2.862236113360355,0.8104804612791822,5.645208297853575e-10,-5.145617402874373e-11,163.9940492654766,46.437109809113274,-0.7790606163641486,0.22347960565928326,-44.636885302526274,12.804438211524879,2.6,0.4551983693988184,0.35,-168.22000000000003,-29.451334500103552,-22.645
101.27567940000063,circle_tension,951,2.862236113360355,0.8104804612791822,3.032941144768478e-10,-2.7645312472080546e-11,163.9940492654766,46.437109809113274,-0.7790606163641486,0.22347960565928326,-44.636885302526274,12.804438211524879,2.6,0.48476564162182023,0.35,-168.22000000000003,-31.36433701293177,-22.645
101.38226329999998,circle_tension,952,2.862236113360355,0.8104804612791822,1.6004917195621102e-10,-1.4588510486790075e-11,163.9940492654766,46.437109809113274,-0.7790606163641486,0.22347960565928326,-44.636885302526274,12.804438211524879,2.6,0.5147591034995335,0.35,-168.22000000000003,-33.30491399641981,-22.645
101.4932146000001,circle_tension,953,2.862236113360355,0.8104804612791822,8.473709848162105e-11,-7.723801596158896e-12,163.9940492654766,46.437109809113274,-0.7790606163641486,0.22347960565928326,-44.636885302526274,12.804438211524879,2.6,0.5451994487645858,0.35,-168.22000000000003,-35.2744043350687,-22.645
101.59775549999995,circle_tension,954,2.862236113360355,0.8104804612791822,4.404569935821063e-11,-4.014773329543133e-12,163.9940492654766,46.437109809113274,-0.7790606163641486,0.22347960565928326,-44.636885302526274,12.804438211524879,2.6,0.5761083388830884,0.35,-168.22000000000003,-37.27420952573582,-22.645
101.70163899999989,circle_tension,955,2.862236113360355,0.8104804612791822,2.3559960395195826e-11,-2.147494579901418e-12,163.9940492654766,46.437109809113274,-0.7790606163641486,0.22347960565928326,-44.636885302526274,12.804438211524879,2.592519612374924,0.6074803876250766,0.35,-167.73601892065759,-39.303981079342456,-22.645
101.8091585000002,circle_tension,956,2.862288434500951,0.8104175122692174,0.00023365809752443035,-0.00028109371149149354,163.99704704601209,46.43350309651777,-0.7790117984279297,0.2234214897961021,-44.63408824081639,12.801108417841839,2.561338440120417,0.6386615598795827,0.35,-165.718597075791,-41.321402924209,-22.645
101.91391269999986,circle_tension,957,2.862288434500951,0.8104175122692174,0.0001230504270846984,-0.0001480312542827018,163.99704704601209,46.43350309651777,-0.7790117984279297,0.2234214897961021,-44.63408824081639,12.801108417841839,2.530614796308468,0.6693852036915321,0.35,-163.7307773211579,-43.309222678842126,-22.645
102.0184646000007,circle_tension,958,2.8650099847842787,0.8090578825155045,0.012219278290921995,-0.0061269095673275546,164.15298039097937,46.35560204992961,-0.7783090095223669,0.2209292713897007,-44.59382140263902,12.658314821530217,2.5003274519356737,0.6996725480643262,0.35,-161.7711861402381,-45.268813859761906,-22.645
102.1259727000006,circle_tension,959,2.868885945944764,0.8065127194603996,0.023867131457922484,-0.014552261486160074,164.3750566070318,46.209774948699476,-0.7767083667838328,0.21722541200191176,-44.50211132921276,12.446099310700003,2.4704560900709702,0.7295439099290297,0.35,-159.83850902759178,-47.20149097240822,-22.645
102.2330480999999,circle_tension,960,2.874706748402012,0.8029904832209843,0.038324301837527275,-0.022994807184986036,164.70856402121152,46.00796567773295,-0.774562089799273,0.21177177618666013,-44.37913871633142,12.133628995484695,2.4409812469358223,0.7590187530641773,0.35,-157.9314866767477,-49.108513323252275,-22.645
102.33848709999984,circle_tension,961,2.8819428501871496,0.8012483295973127,0.052396273024224754,-0.01963386141907728,165.12316211362696,45.908147627833145,-0.7743904436112432,0.20571418649686238,-44.3693041141878,11.786554672237324,2.4118842570230807,0.7881157429769194,0.35,-156.04891142939334,-50.99108857060669,-22.645
102.44355989999985,circle_tension,962,2.8891719552520296,0.800040342596764,0.06019098697106456,-0.015567614413522907,165.53735932350125,45.838935070995035,-0.7746876186774132,0.19980901693934258,-44.38633099125586,11.448213379282304,2.3831472019139768,0.8168527980860236,0.35,-154.1896239638343,-52.850376036165734,-22.645
102.5483092000004,circle_tension,963,2.906699024562851,0.7939818716120559,0.11103149759018845,-0.0342372492610204,166.54158642224456,45.491810253268795,-0.772178417664958,0.18479097310481613,-44.242564363292225,10.58774285102147,2.3547528624838336,0.8452471375161661,0.35,-152.35251020270405,-54.687489797295946,-22.645
102.65301619999991,circle_tension,964,2.9262135261530746,0.7863814969648151,0.14790233426999486,-0.05048323627259232,167.65968500266573,45.056340863263664,-0.7682124970155949,0.16806373254717394,-44.01533384819994,9.629342564168516,2.3266846742151914,0.8733153257848084,0.35,-150.53649842172288,-56.50350157827711,-22.645
102.75733500000024,circle_tension,965,2.9394575006416446,0.7833706548687109,0.13880533139330042,-0.03919983150390245,168.41850884483972,44.88383231837657,-0.7674213495661144,0.1572706429679633,-43.970004438372165,9.010944083373117,2.2989266853619803,0.9010733146380193,0.35,-148.74055654292013,-58.29944345707985,-22.645
102.86152700000002,circle_tension,966,2.9489606109037947,0.784685781523186,0.11684170279939023,-0.014416694877966063,168.96299695510837,44.95918352520315,-0.7701720367677138,0.15022253328220916,-44.127607205784464,8.607117144834127,2.271463517730907,0.928536482269093,0.35,-146.96368959718967,-60.07631040281032,-22.645
102.96590079999987,circle_tension,967,2.964050115226362,0.7861601509973088,0.12957031149998324,-4.240539538665458e-07,169.8275618677359,45.04365867351331,-0.7738022479192701,0.13884474830254095,-44.335602983509965,7.955218085291798,2.2442803298664598,0.9557196701335399,0.35,-145.20493734235995,-61.83506265764003,-22.645
103.07287820000056,circle_tension,968,2.97889778219907,0.7867360466644152,0.13513496759242022,0.0037552093110249855,170.67827052088782,45.07665506467838,-0.7763466913239877,0.1274339907224514,-44.48138885181018,7.301429834905754,2.2173627824440585,0.9826372175559417,0.35,-143.4633720241306,-63.57662797586943,-22.645
103.1786974000006,circle_tension,969,3.0207873428552237,0.7742887851450702,0.26009324895992275,-0.047498744530244046,173.0783655521427,44.36347951312431,-0.7686456975602098,0.09331084837041712,-44.04015441108914,5.346317794410076,2.190697005692347,1.0093029943076528,0.35,-141.73809626829487,-65.30190373170514,-22.645
103.28360609999982,circle_tension,970,3.0586278304374073,0.7639376711878119,0.3113336473506465,-0.06461948471353839,175.24646578531903,43.77040437011445,-0.7613100255870635,0.06330726972853946,-43.61985136713545,3.627239367941628,2.1642695686801967,1.0357304313198035,0.35,-140.02824109360873,-67.0117589063913,-22.645
103.39472320000004,circle_tension,971,3.0734171617458665,0.7648178875027744,0.23212118945698218,-0.028296638869366272,176.09383205111445,43.82083705002036,-0.7630411781807311,0.05210145338441255,-43.719039104445734,2.9851933854244384,2.138067450317457,1.0619325496825427,0.35,-138.33296403553948,-68.70703596446052,-22.645
103.49972140000045,circle_tension,972,3.0853131075118867,0.7675250820251647,0.17166978986305526,-0.0016475234502632858,176.7754195368239,43.97594787047426,-0.7663098782265219,0.04317316377321692,-43.90632182156376,2.47364007243243,2.1120780119303433,1.087921988069657,0.35,-136.65144737189323,-70.38855262810681,-22.645
103.60808710000038,circle_tension,973,3.095648034861796,0.7697708915653679,0.1369065220932585,0.009997388696658926,177.36756725554804,44.10462327871812,-0.7689585767111831,0.03535438874670297,-44.05808106593754,2.0256572624508924,2.0862889712831656,1.1137110287168346,0.35,-134.98289644202083,-72.0571035579792,-22.645
103.71259379999992,circle_tension,974,3.0999388775676833,0.7703482964880369,0.0908090702758757,0.008066103338027437,177.61341443314987,44.13770614385713,-0.7696801016877504,0.03207863725214328,-44.099421401908124,1.8379705270789504,2.0606883779279466,1.1393116220720536,0.35,-133.32653805193814,-73.71346194806188,-22.645
103.81908870000007,circle_tension,975,3.1046380673671603,0.7688074646159883,0.06963353093793435,-0.0023400225795098734,177.88265817579085,44.0494229806495,-0.7682825666876245,0.028404495650158467,-44.0193485446791,1.6274577199517855,2.0352645897721513,1.1647354102278489,0.35,-131.68161895825818,-75.35838104174182,-22.645
103.92485800000031,circle_tension,976,3.119374119495414,0.7635522476595277,0.10258855030129907,-0.02363598969711131,178.72697176942455,43.74832122861873,-0.763363786567895,0.016963615848097885,-43.73752320346575,0.9719435933772455,2.0100062507627854,1.1899937492372146,0.35,-130.0474044243522,-76.99259557564778,-22.645
104.0335382000003,circle_tension,977,3.134885605022898,0.7584983924988452,0.12428310502560115,-0.033888883837864855,179.61571442412765,43.45875665764121,-0.7584813322271492,0.005087247414987474,-43.45777917607568,0.2914778062176203,1.984902269592236,1.2150977304077637,0.35,-128.42317684261766,-78.61682315738231,-22.645
104.13806199999999,circle_tension,978,3.135109213706663,0.7583054164177949,0.06615877596195038,-0.018599414747788836,179.62852625796984,43.447699942650054,-0.7582894787922946,0.004916393136802984,-43.44678678397342,0.2816885771658949,1.9599417993376553,1.2400582006623446,0.35,-126.80823441714631,-80.2317655828537,-22.645
104.24291249999987,circle_tension,979,3.1357768690392103,0.7569514850743476,0.038439957273598974,-0.01596454213137296,179.6667800906942,43.370125390920045,-0.7569386837929464,0.004402241935910047,-43.369391931523396,0.2522298833231467,1.9351142179515866,1.2648857820484136,0.35,-125.20188990146765,-81.83811009853237,-22.645
104.34685739999986,circle_tension,980,3.1363019326295074,0.7559043337169443,0.022899390464450182,-0.01317530368801887,179.69686401839422,43.31012803762944,-0.7558937542072652,0.0039992602446051895,-43.30952187637551,0.22914073319033462,1.9104091095265945,1.2895908904734055,0.35,-123.60346938637066,-83.43653061362934,-22.645
104.45178639999995,circle_tension,981,3.136418199408636,0.7552107711132084,0.012792537798877283,-0.010147909049826643,179.70352561413588,43.270389827607275,-0.7552006607606039,0.003907786093707241,-43.26981054707364,0.22389965040933932,1.8858162462616228,1.3141837537383771,0.35,-122.012311133127,-85.027688866873,-22.645
104.55655610000031,circle_tension,982,3.1370033443234835,0.7541703068613125,0.009435710860519295,-0.010027792317758397,179.73705194816017,43.2107756172394,-0.7541623647984237,0.0034611086281181556,-43.21032057055524,0.1983069168274847,1.8613255710615997,1.3386744289384003,0.35,-120.4277644476855,-86.6122355523145,-22.645
104.66970029999993,circle_tension,983,3.1372248400168044,0.753687440165705,0.006038693649107189,-0.007513791381299764,179.7497427165678,43.18310939351366,-0.7536802508297421,0.0032919557637139606,-43.18269747490548,0.1886151716045756,1.8369271807059322,1.363072819294068,0.35,-118.84918859167382,-88.1908114083262,-22.645
104.7794698000007,circle_tension,984,3.1374569953475593,0.7532053059077425,0.004100722630947035,-0.005924609100871173,179.76304423721152,43.15548513537374,-0.7531988646297663,0.0031149908518251874,-43.15511607733103,0.17847582903144443,1.812611309524648,1.3873886904753516,0.35,-117.27595172624474,-89.76404827375525,-22.645
104.88437210000029,circle_tension,985,3.1377494703483446,0.752795693799731,0.003419935841519495,-0.004879602458283362,179.77980182036958,43.13201609034722,-0.7527901343887594,0.0028931246726972824,-43.13169755956197,0.16576383335072195,1.7883683135238577,1.4116316864761425,0.35,-115.7074298849936,-91.33257011500642,-22.645
104.99325860000044,circle_tension,986,3.1384162391317103,0.7523716546352588,0.004798549981343052,-0.00449118199622903,179.81800485756753,43.10772043587471,-0.7523678590706128,0.002389840182871724,-43.107502966039625,0.13692775618932265,1.7641886549049106,1.4358113450950893,0.35,-114.14300597234772,-92.89699402765228,-22.645
105.09946800000034,circle_tension,987,3.138562771726898,0.752054433165676,0.0031503096221239305,-0.003731422765795856,179.82640055683285,43.089544984496676,-0.7520509811692409,0.0022786326005772664,-43.08934719967005,0.13055603107399644,1.7400628869237629,1.459937113076237,0.35,-112.58206878396746,-94.45793121603255,-22.645
105.20529070000066,circle_tension,988,-3.135521626871051,0.748342773465309,0.042266268113295376,-0.018295275132570125,-179.6521557917049,42.87688254867685,-0.7483289825361368,-0.004543181064084893,-42.876092386639726,-0.2603051005358188,1.7159816390388958,1.484018360961104,0.35,-111.02401204581656,-96.01598795418343,-22.645
105.31019060000017,circle_tension,989,-3.100072270473953,0.7366125094279048,0.18235524144257648,-0.0588662374602754,-177.6210572836961,42.20478792675951,-0.7359776619389189,-0.030575646724108604,-42.168413845006135,-1.7518555131744245,1.6919356022979426,1.5080643977020571,0.35,-109.46823346867689,-97.5717665313231,-22.645
105.41732260000026,circle_tension,990,-3.0619139627404426,0.7281125351315371,0.27145325196845743,-0.06402402215749235,-175.43474729720455,41.717775273607955,-0.7258024759146557,-0.05795368643864947,-41.58541863005536,-3.320501640159169,1.667915514914272,1.5320844850857283,0.35,-107.9141338149534,-99.12586618504662,-22.645
105.5240573000001,circle_tension,991,-3.053270576434398,0.73079752749411,0.1816021923337062,-0.02102756593735055,-174.93951774116704,41.871614004008244,-0.7279489811878141,-0.06446167062004944,-41.708404322909914,-3.6933816668912893,1.6439121479859815,1.5560878520140184,0.35,-106.361115974693,-100.678884025307,-22.645
105.62808680000035,circle_tension,992,-3.039658446610969,0.7352239231339575,0.155318882121787,0.00964387024250233,-174.15960015210038,42.12522779262661,-0.7314075269658491,-0.07481474885467526,-41.906564399244104,-4.286569354704102,1.619916291310345,1.580083708689655,0.35,-104.80858404777933,-102.23141595222069,-22.645
105.73199490000025,circle_tension,993,-3.0217241925409906,0.7419748638806007,0.1614548623238414,0.036885752936672594,-173.1320430851753,42.51202820515217,-0.7366507298175614,-0.08872655121151808,-42.20697779377818,-5.083656915171347,1.595918739247452,1.6040812607525479,0.35,-103.25594242931015,-103.78405757068985,-22.645
105.8356917000001,circle_tension,994,-3.0062957512198745,0.7487592450525502,0.15380977035910182,0.051519036986624314,-172.2480585130101,42.900744612912895,-0.7419165794171176,-0.10099602090017572,-42.5086887513834,-5.786645745195122,1.5719102765868491,1.6280897234131508,0.35,-101.70259489516914,-105.33740510483086,-22.645
105.94015050000053,circle_tension,995,-2.9911158829116933,0.7519689193596378,0.14919060659837605,0.04331516737051106,-171.37831612538693,43.08464540432059,-0.7434714583953802,-0.11272730917727083,-42.59777675449146,-6.458799051723971,1.5478816643709998,1.6521183356290003,0.35,-100.14794368480369,-106.89205631519633,-22.645
106.04652870000064,circle_tension,996,-2.939831138843758,0.7458489318392265,0.3086030674088886,0.003336397770944345,-168.43991673688566,42.733995948728285,-0.7307194597422201,-0.1494647124901164,-41.86714105130888,-8.56369721181995,1.523823625629245,1.6761763743707552,0.35,-98.59138857821216,-108.44861142178786,-22.645
106.15233919999991,circle_tension,997,-2.9063980910927274,0.7436899596390343,0.3118436786594896,-0.0018490138718886126,-166.52434420449225,42.6102959535712,-0.7232154465412961,-0.17330370438043757,-41.43719276548548,-9.92957083498195,1.4997268309751641,1.7002731690248356,0.35,-97.03232596409312,-110.00767403590687,-22.645
106.25810340000044,circle_tension,998,-2.8999200031782966,0.7467661582546531,0.19402334116994993,0.013536534149637954,-166.15317710768068,42.786549151190144,-0.725064403998344,-0.17872130586177937,-41.54313022427357,-10.239976534946658,1.475581884019644,1.724418115980356,0.35,-95.47014789607097,-111.56985210392904,-22.645
106.36238970000068,circle_tension,999,-2.8933462173415365,0.7503011080332905,0.13141423442693864,0.023404686620655833,-165.77652692381145,42.98908685429677,-0.7273004553031635,-0.1843523811394758,-41.671246526814436,-10.562613382479121,1.4513793065507532,1.7486206934492468,0.35,-93.90424113383374,-113.13575886616627,-22.645
106.46689120000065,circle_tension,1000,-2.8883199691932018,0.7504747066964644,0.09252171689566659,0.013589880212626717,-165.4885441181264,42.99903332502575,-0.7265327318940725,-0.18804912889370184,-41.62725921564013,-10.774421426720739,1.4271095234301714,1.7728904765698288,0.35,-92.33398616593209,-114.70601383406793,-22.645
106.57263950000015,circle_tension,1001,-2.887038101851332,0.7501357817190369,0.055290994019021045,0.005816682257750436,-165.4150985295416,42.97961435424759,-0.7259630776992447,-0.1888949465514388,-41.59462043449458,-10.822883208746708,1.4027628471543343,1.7972371528456654,0.35,-90.75875621088544,-116.28124378911455,-22.645
106.67644050000035,circle_tension,1002,-2.8862658781667503,0.749593815285079,0.03278945370833925,0.0007082872814728399,-165.37085337157504,42.94856196494404,-0.7252925957809141,-0.18931861614491233,-41.556204650334394,-10.847157688360763,1.3783294620264093,1.8216705379735907,0.35,-89.17791619310869,-117.86208380689132,-22.645
106.78048670000044,circle_tension,1003,-2.885298935734843,0.7490110488821443,0.021929606705003088,-0.0022109844839387823,-165.31545165119465,42.91517190961387,-0.7245454655306809,-0.18987211413595964,-41.51339724024948,-10.878870787216744,1.3537994078829194,1.8462005921170803,0.35,-87.5908216900249,-119.4491783099751,-22.645
106.88426830000026,circle_tension,1004,-2.884343848956867,0.748399743968547,0.016014800257178115,-0.0039007483662246182,-165.26072920974786,42.880146718069135,-0.7237726016819104,-0.1904085025065466,-41.469115403576694,-10.909603577031277,1.3291625633162287,1.8708374366837712,0.35,-85.99681784656,-121.04318215344,-22.645
106.98823989999983,circle_tension,1005,-2.884125901690645,0.7482260657592348,0.00957323567522527,-0.00286897344655081,-165.24824175123692,42.87019568968215,-0.7235631320297258,-0.19052201827840387,-41.457113676570444,-10.916107551666869,1.3044086283310699,1.8955913716689303,0.35,-84.39523825302022,-122.6447617469798,-22.645
107.09344380000039,circle_tension,1006,-2.8835362878554975,0.7480236890197532,0.007762294224091637,-0.0024370280874159477,-165.21445936694047,42.85860035663824,-0.7232549962419318,-0.19089696107011164,-41.43945879641291,-10.937590191190576,1.2795271063698415,1.9204728936301585,0.35,-82.78540378212874,-124.25459621787127,-22.645
107.19751340000039,circle_tension,1007,-2.8824633083784015,0.7473833317824592,0.008910603609531982,-0.004137024017041571,-165.15298217139872,42.82191058956063,-0.7224307735113844,-0.19150880426234243,-41.39223431257379,-10.972646223829212,1.2545072856376125,1.9454927143623872,0.35,-81.16662138075353,-125.87337861924647,-22.645
107.30366360000062,circle_tension,1008,-2.8820731025877167,0.7471351413349603,0.006522955220609817,-0.0033247024144851616,-165.1306250264509,42.80769032440348,-0.7221161112815682,-0.1917269966520025,-41.37420549483315,-10.985147726878607,1.229338219653314,1.9706617803466862,0.35,-79.53818281156943,-127.50181718843059,-22.645
107.4085681000006,circle_tension,1009,-2.8819021136282674,0.7470013913659082,0.0042189808954436955,-0.0023553773003307564,-165.12082808073112,42.80002701566679,-0.7219540522616246,-0.1918161232160167,-41.36492019695835,-10.990254302839125,1.2040087069490504,1.9959912930509498,0.35,-77.89936333960357,-129.14063666039647,-22.645
107.51370380000026,circle_tension,1010,-2.881815205505769,0.746901316992562,0.0026366488401364367,-0.0017006679388418859,-165.11584861210656,42.79429317643664,-0.7218406625613377,-0.19185316051145096,-41.35842344569166,-10.992376383552086,1.1785072698336416,2.0214927301663583,0.35,-76.24942035823662,-130.7905796417634,-22.645
107.6185961000001,circle_tension,1011,-2.8816249946120402,0.746611368198797,0.0022499839452581765,-0.002192777433844865,-165.1049503306785,42.777680334279,-0.721523950923242,-0.19191592786372572,-41.340277205506105,-10.99597268792864,1.152822132130976,2.0471778678690242,0.35,-74.58759194887415,-132.45240805112587,-22.645
107.7222154000001,circle_tension,1012,-2.8812665406915334,0.7463701220941332,0.002798042709661216,-0.002243925294443877,-165.08441243388353,42.76385795065779,-0.7212219939739466,-0.19211245290989296,-41.322976346716835,-11.007232743642637,1.1269411957967461,2.073058804203254,0.35,-72.91309536804948,-134.12690463195054,-22.645
107.83028819999981,circle_tension,1013,-2.8812365946765515,0.7463385923899539,0.0016339992296228387,-0.0013438477310887395,-165.08269665361183,42.76205143167902,-0.7211857735460679,-0.1921259340260379,-41.320901069067226,-11.008005154700868,1.1008520163098647,2.0991479836901354,0.35,-71.22512545524825,-135.81487454475177,-22.645
107.9341217000001,circle_tension,1014,-2.881147579383957,0.7463322449587939,0.0012496805095595868,-0.0007345687155905374,-165.07759645303406,42.7616877506628,-0.7211625351756406,-0.19218849529635293,-41.319569608518975,-11.011589651450896,1.0745417767266598,2.1254582232733403,0.35,-69.5228529542149,-137.51714704578512,-22.645
108.03955230000065,circle_tension,1015,-2.881147579383957,0.7463322449587939,0.0006705493701796203,-0.00039415241401698545,-165.07759645303406,42.7616877506628,-0.7211625351756406,-0.19218849529635293,-41.319569608518975,-11.011589651450896,1.0479972602767982,2.1520027397232018,0.35,-67.80542273990885,-139.23457726009116,-22.645
108.14342670000042,circle_tension,1016,-2.8560204611966067,0.7431793892933891,0.11219035613956732,-0.013132313079866492,-163.63791862957245,42.5810424276212,-0.7130810843617356,-0.2093584767712694,-40.856536584539654,-11.99535712428142,1.0212048213697316,2.1787951786302684,0.35,-66.07195194262164,-140.96804805737838,-22.645
108.24821710000015,circle_tension,1017,-2.7780073107140377,0.7379017148412442,0.4116162477278188,-0.017007690783605107,-159.16809436040228,42.278653955869274,-0.6896634468755305,-0.26241812210556487,-39.51480479041276,-15.035450864397559,0.9941503548693569,2.2058496451306433,0.35,-64.32152796004739,-142.71847203995262,-22.645
108.35269020000032,circle_tension,1018,-2.7162236608461408,0.745525847908374,0.4898282729024696,0.0411409653026721,-155.62815198005777,42.71548460306194,-0.679089450807061,-0.3076464004373596,-38.90895944310153,-17.62684032745239,0.9668192634819175,2.233180736518083,0.35,-62.55320634728007,-144.48679365271997,-22.645
108.46088630000031,circle_tension,1019,-2.695468716772768,0.7661101488817396,0.3442083487198558,0.11847994917067631,-154.43898128062344,43.89487817306282,-0.6911281047592303,-0.3305551437075449,-39.598723505579315,-18.939414630782736,0.9391964230886006,2.2608035769113988,0.35,-60.766008573832465,-146.2739914261675,-22.645
108.56479230000059,circle_tension,1020,-2.674650378941817,0.7848060498325627,0.2640892988217946,0.1478538261258704,-153.2461783864324,44.96607439173961,-0.7007917145886403,-0.35328672295701224,-40.152407563665655,-20.241838183444372,0.9112661458387186,2.288733854161282,0.35,-58.95891963576509,-148.08108036423494,-22.645
108.66880440000023,circle_tension,1021,-2.662092441717413,0.7974756946565638,0.19324715839403986,0.13750843828793066,-152.52666158408385,45.69199156808464,-0.7075408546586693,-0.3679040942376813,-40.53910480502094,-21.079351865402447,0.8830121408023259,2.316987859197674,0.35,-57.13088550991049,-149.9091144900895,-22.645
108.77287810000053,circle_tension,1022,-2.6565032583933004,0.8032731737383368,0.12711884193682357,0.10012843855041126,-152.2064249686873,46.024162651285614,-0.7106021734120437,-0.37455619443514765,-40.714505449333544,-21.46048913161541,0.8544174719622684,2.345582528037731,0.35,-55.28081043595876,-151.7591895640412,-22.645
108.87743529999989,circle_tension,1023,-2.6562383856131873,0.8034013514743147,0.06913101656187387,0.05413147002089361,-152.1912488762789,46.03150669458469,-0.710616313200365,-0.37480419816789146,-40.715315599527564,-21.474698698805124,0.8254645133041476,2.3745354866958523,0.35,-53.407554010778355,-153.63244598922165,-22.645
108.98157989999982,circle_tension,1024,-2.6552774251017537,0.8027404387192479,0.04125731251958019,0.026036795196842044,-152.13618989469504,45.993639183093,-0.7096715259141394,-0.3751780074336283,-40.66118327548922,-21.496116392074725,0.796134900739584,2.403865099260416,0.35,-51.50992807785109,-155.53007192214892,-22.645
109.08777129999999,circle_tension,1025,-2.65440214427881,0.8023238482957904,0.025972712458727686,0.012089016409758641,-152.08603999765162,45.969770310043316,-0.7089747472038456,-0.3756040007393556,-40.62126079613481,-21.52052401059373,0.7664094805713904,2.433590519428609,0.35,-49.58669339296896,-157.453306607031,-22.645
109.1919699,circle_tension,1026,-2.653777133058638,0.8019433583437872,0.01654240095178686,0.004738156990821127,-152.05022949258745,45.9479698416464,-0.7084037428707421,-0.37586870989540394,-40.5885446577643,-21.535690728033767,0.7362682541801118,2.463731745819888,0.35,-47.63655604545323,-159.40344395454676,-22.645
109.29681890000029,circle_tension,1027,-2.652938899407292,0.8015454104021149,0.012613249818978857,0.0007692967141898708,-152.0022022421195,45.92516910412266,-0.7077370538738583,-0.3762755738958432,-40.550346191995054,-21.55900231809475,0.705690318578542,2.4943096814214583,0.35,-45.65816361203167,-161.38183638796835,-22.645
109.4023984000005,circle_tension,1028,-2.652708149987462,0.8014251865204434,0.007754336259364009,-0.0001227083743291863,-151.98898127423814,45.9182807831062,-0.707544069131933,-0.3763824116846506,-40.53928898077231,-21.56512367248592,0.6746538024437988,2.525346197556201,0.35,-43.65010101811379,-163.3898989818862,-22.645
109.50694490000024,circle_tension,1029,-2.6437544861775892,0.8015153256961244,0.043798194694973064,0.000506163294240663,-151.4759741267534,45.92344537744151,-0.7042249493479684,-0.3827453958463978,-40.34911742545277,-21.929695810062622,0.6431357971955578,2.556864202804442,0.35,-41.61088607855259,-165.42911392144742,-22.645
109.6170087999999,circle_tension,1030,-2.5418977341861675,0.7961812930690887,0.47913542879835375,-0.003076834370682009,-145.6400121227342,45.61782782012728,-0.6572538978663087,-0.44935728009314574,-37.657874416261954,-25.746275642815256,0.6111122826424323,2.5888877173575673,0.35,-39.53896468696537,-167.5010353130346,-22.645
109.72401710000031,circle_tension,1031,-2.4360543021882597,0.780050588439965,0.7226229503995016,-0.031324346098662526,-139.57563018007414,44.693606524306354,-0.593823316850096,-0.5058189289564855,-34.02356983197033,-28.981289827034246,0.5787854869659691,2.6,0.35,-37.4474210066982,-168.22000000000003,-22.645
109.83018770000035,circle_tension,1032,-2.362959629022501,0.7422389595520266,0.739616664372232,-0.15204388211604847,-135.38761390278802,42.52715977251254,-0.528380794626103,-0.5212795880783775,-30.27398950784443,-29.867120343209095,0.546895124169057,2.6,0.35,-35.384114533737986,-168.22000000000003,-22.645
109.93395700000019,circle_tension,1033,-2.301323461636248,0.6959546283103086,0.7157606863894379,-0.2611466952760818,-131.85612164619383,39.87526293477661,-0.46438432058759777,-0.5183628530854956,-26.60726164171954,-29.700003738158838,0.5154795362833966,2.6,0.35,-33.35152599753576,-168.22000000000003,-22.645
110.03855310000017,circle_tension,1034,-2.2151629702586484,0.6498264682340654,0.8404115946987826,-0.3113048629562306,-126.91948912948405,37.23231404570401,-0.3903456927094011,-0.5195235114995054,-22.365160743359233,-29.76650456673795,0.48451604171411616,2.6,0.35,-31.348187898903316,-168.22000000000003,-22.645
110.14623920000031,circle_tension,1035,-1.9630883114098072,0.6635139854603075,1.5753158076663765,0.06405774540282921,-112.47667505524541,38.01655101478029,-0.25366623498632784,-0.613110308288225,-14.534004669690368,-35.12863304088007,0.4539829508646043,2.6,0.35,-29.372696920939898,-168.22000000000003,-22.645
110.25271370000064,circle_tension,1036,-1.7657158822072478,0.7000873722845251,1.57992070842957,0.358684338038709,-101.16806786969411,40.11205172230733,-0.13559825298156267,-0.6868299954287083,-7.769207605190772,-39.35245998105461,0.42385950041902976,2.6,0.35,-27.423709677111226,-168.22000000000003,-22.645
110.35792600000059,circle_tension,1037,-1.62686999567729,0.7076785845469905,1.3853044458760873,0.332060491226619,-93.2127845687752,40.54699614633456,-0.0396613427601563,-0.7065663145925465,-2.2724275499786994,-40.483267772265705,0.3941257922182474,2.6,0.35,-25.499938756520606,-168.22000000000003,-22.645
110.46315870000035,circle_tension,1038,-1.5166026231984235,0.6854141697615048,1.2358577178233683,0.15384915944758945,-86.89492950773915,39.271339145797555,0.037126952747483885,-0.6844078999321523,2.1272176986124625,-39.21368413152431,0.36476273633251266,2.6,0.35,-23.60014904071357,-168.22000000000003,-22.645
110.56971280000016,circle_tension,1039,-1.4055237441643769,0.665410143025045,1.1653899476253309,0.061326591719418816,-80.53057854604407,38.12519284053155,0.10947407881264923,-0.6563429625651003,6.272402682047347,-37.60568166809323,0.35,2.6,0.35,-22.645,-168.22000000000003,-22.645
110.67714530000012,circle_tension,1040,-1.3102485780583573,0.6539899673462433,1.04772172741375,0.03432256421863981,-75.07171363576127,37.470864972838264,0.16847425882144565,-0.631917163482766,9.652863987063514,-36.20618646944096,0.35,2.6,0.35,-22.645,-168.22000000000003,-22.645
110.7836470000002,circle_tension,1041,-1.2608430823487737,0.651394718606533,0.7721504329124682,0.02808248071443321,-72.24098724685044,37.32216817326621,0.1986845798506068,-0.6203543480609064,11.383787879769766,-35.54368594647962,0.35,2.6,0.35,-22.645,-168.22000000000003,-22.645
110.88939220000066,circle_tension,1042,-1.2342191437783887,0.6467384720522205,0.5292176932841254,0.0024265321380524834,-70.7155479327518,37.05538489733178,0.2135907277904515,-0.6104503683628882,12.237847245520493,-34.97622970939993,0.35,2.6,0.35,-22.645,-168.22000000000003,-22.645
110.99300680000033,circle_tension,1043,-1.2225080151038614,0.6422168258202201,0.3355510922811313,-0.01641559471014432,-70.04454968636676,36.796313651786924,0.21918179041852198,-0.6036570169521183,12.558191537102255,-34.58699934481356,0.35,2.6,0.35,-22.645,-168.22000000000003,-22.645
111.09895219999999,circle_tension,1044,-1.2228180748079445,0.6419064069047643,0.17871190723607722,-0.010230097121884107,-70.06231479880779,36.77852795805028,0.21888875796118745,-0.6034331337137475,12.54140201403664,-34.574171780151204,0.35,2.6,0.35,-22.645,-168.22000000000003,-22.645
111.20381129999987,circle_tension,1045,-1.2229367256278163,0.6419579786077408,0.09425176003804789,-0.005205073796900775,-70.06911299002222,36.78148279897314,0.21883473867626207,-0.603507583586676,12.5383069369981,-34.57843744365529,0.35,2.6,0.35,-22.645,-168.22000000000003,-22.645
111.30898340000022,circle_tension,1046,-1.2233345641982287,0.6418598898274603,0.048587806663105,-0.003230098518608882,-70.09190746103437,36.77586272584548,0.21856122232869588,-0.6035023697248469,12.522635604654724,-34.57813871137752,0.35,2.6,0.35,-22.645,-168.22000000000003,-22.645
111.4158264000007,circle_tension,1047,-1.2236769279894357,0.6417387991532778,0.024387573743480072,-0.0022656850381385847,-70.11152346132863,36.76892474127643,0.21831339827576127,-0.6034632933923818,12.508436332359745,-34.57589980244842,0.35,2.6,0.35,-22.645,-168.22000000000003,-22.645
111.5213031000003,circle_tension,1048,-1.2240940109600866,0.6415228446883178,0.011075172092521691,-0.002155669338832639,-70.1354205552537,36.75655146186721,0.21798830409406905,-0.6033511908790626,12.489809807804521,-34.569476801562416,0.35,2.6,0.35,-22.645,-168.22000000000003,-22.645
111.62585630000012,circle_tension,1049,-1.22450214096783,0.6413763801041591,0.0040832211491889465,-0.0017976259123231645,-70.15880468219004,36.74815965934678,0.217692328042268,-0.6033023381912691,12.472851629199376,-34.56667774873398,0.35,2.6,0.35,-22.645,-168.22000000000003,-22.645
111.7294609999999,circle_tension,1050,-1.2248131329395222,0.6413902869948369,0.0007968440574289685,-0.0008992474018144455,-70.17662320963045,36.74895646548877,0.21750941146387243,-0.6033830923848953,12.462371281254335,-34.57130462320674,0.35,2.6,0.35,-22.645,-168.22000000000003,-22.645
111.83211070000016,circle_tension,1051,-1.2249663874143777,0.6412321938893513,-0.0002580369254714136,-0.0011901375098103296,-70.18540404423116,36.739898397774326,0.21736334773007665,-0.6032676864740265,12.454002445767914,-34.5646923515831,0.35,2.6,0.35,-22.645,-168.22000000000003,-22.645
111.93699030000062,circle_tension,1052,-1.2252210949077387,0.6412476205047222,-0.0012816940568217588,-0.0005713310147537331,-70.19999770861111,36.74078227772725,0.21721490946085611,-0.6033375455836312,12.445497559423352,-34.56869498372399,0.35,2.6,0.35,-22.645,-168.22000000000003,-22.645
112.0403967000002,circle_tension,1053,-1.225366409799462,0.6411885845216319,-0.0013305067742427935,-0.0005673825377079578,-70.20832363860725,36.737399765056765,0.21710724358114805,-0.6033135550486578,12.439328758918515,-34.567320427321754,0.35,2.6,0.35,-22.645,-168.22000000000003,-22.645
112.14567390000047,circle_tension,1054,-1.2254705687267953,0.6410385376667819,-0.0011807373483827776,-0.0009759305238920217,-70.21429150554206,36.72880271354465,0.2169936105669645,-0.6031949765598837,12.432818066792448,-34.56052638037396,0.35,2.6,0.35,-22.645,-168.22000000000003,-22.645
112.25173940000059,circle_tension,1055,-1.2262707707461622,0.6405705281505135,-0.004188041647440828,-0.0025981577239803984,-70.26013970400963,36.70198774349051,0.21635279302204444,-0.6029279148344254,12.396101926030594,-34.545224870635714,0.35,2.6,0.35,-22.645,-168.22000000000003,-22.645
112.35896200000025,circle_tension,1056,-1.2263405884872527,0.6405245374720174,-0.002527182210106188,-0.0015793097793018952,-70.26413996590925,36.699352671715744,0.21629516709339386,-0.6028997294706497,12.392800203528394,-34.54360996824733,0.35,2.6,0.35,-22.645,-168.22000000000003,-22.645
112.46365820000028,circle_tension,1057,-1.2265057566471762,0.6404007438125175,-0.0020635080952727874,-0.0013795931468492764,-70.27360340438281,36.69225981749592,0.21615380035880247,-0.6028189174752835,12.384700486272761,-34.53897978197881,0.35,2.6,0.35,-22.645,-168.22000000000003,-22.645
112.56750230000034,circle_tension,1058,-1.2265091551661882,0.6403528254485998,-0.0011176126226592055,-0.0009503523443899151,-70.2737981251788,36.68951429748227,0.2161355779835108,-0.6027745457380718,12.383656421075845,-34.536437468706914,0.35,2.6,0.35,-22.645,-168.22000000000003,-22.645
112.67380719999983,circle_tension,1059,-1.2263666440114018,0.6404094514688778,3.763935597917197e-05,-0.0002566202833093781,-70.265632837476,36.692758729454816,0.21624059822196665,-0.6027970381573511,12.389673637502822,-34.53772618940266,0.35,2.6,0.35,-22.645,-168.22000000000003,-22.645
112.7788614000001,circle_tension,1060,-1.2263666440114018,0.6404094514688778,1.996100677131144e-05,-0.00013609157435182675,-70.265632837476,36.692758729454816,0.21624059822196665,-0.6027970381573511,12.389673637502822,-34.53772618940266,0.35,2.6,0.35,-22.645,-168.22000000000003,-22.645
112.8866310000003,circle_tension,1061,-1.2263666440114018,0.6404094514688778,1.064331115301888e-05,-7.256472520276247e-05,-70.265632837476,36.692758729454816,0.21624059822196665,-0.6027970381573511,12.389673637502822,-34.53772618940266,0.35,2.6,0.35,-22.645,-168.22000000000003,-22.645
112.99276740000005,circle_tension,1062,-1.2263666440114018,0.6404094514688778,5.602438102452854e-06,-3.8196701714829226e-05,-70.265632837476,36.692758729454816,0.21624059822196665,-0.6027970381573511,12.389673637502822,-34.53772618940266,0.35,2.6,0.35,-22.645,-168.22000000000003,-22.645
113.09970890000022,circle_tension,1063,-1.2263666440114018,0.6404094514688778,2.966682033282449e-06,-2.022645616707844e-05,-70.265632837476,36.692758729454816,0.21624059822196665,-0.6027970381573511,12.389673637502822,-34.53772618940266,0.35,2.6,0.35,-22.645,-168.22000000000003,-22.645
113.20579270000053,circle_tension,1064,-1.2263666440114018,0.6404094514688778,1.572090781561224e-06,-1.0718312554963591e-05,-70.265632837476,36.692758729454816,0.21624059822196665,-0.6027970381573511,12.389673637502822,-34.53772618940266,0.35,2.6,0.35,-22.645,-168.22000000000003,-22.645
113.31430980000005,circle_tension,1065,-1.2263666440114018,0.6404094514688778,8.349342712553589e-07,-5.692474370518517e-06,-70.265632837476,36.692758729454816,0.21624059822196665,-0.6027970381573511,12.389673637502822,-34.53772618940266,0.35,2.6,0.35,-22.645,-168.22000000000003,-22.645
113.4192662000005,circle_tension,1066,-1.2263666440114018,0.6404094514688778,4.377411153875389e-07,-2.984462569154313e-06,-70.265632837476,36.692758729454816,0.21624059822196665,-0.6027970381573511,12.389673637502822,-34.53772618940266,0.35,2.6,0.35,-22.645,-168.22000000000003,-22.645
113.52568510000037,circle_tension,1067,-1.2263666440114018,0.6404094514688778,2.337611424687455e-07,-1.5937533745329772e-06,-70.265632837476,36.692758729454816,0.21624059822196665,-0.6027970381573511,12.389673637502822,-34.53772618940266,0.35,2.6,0.35,-22.645,-168.22000000000003,-22.645
113.62997610000002,circle_tension,1068,-1.2263666440114018,0.6404094514688778,1.2402179804153943e-07,-8.455646522637038e-07,-70.265632837476,36.692758729454816,0.21624059822196665,-0.6027970381573511,12.389673637502822,-34.53772618940266,0.35,2.6,0.35,-22.645,-168.22000000000003,-22.645
113.74233510000067,circle_tension,1069,-1.2263666440114018,0.6404094514688778,6.634402050311263e-08,-4.523249905448165e-07,-70.265632837476,36.692758729454816,0.21624059822196665,-0.6027970381573511,12.389673637502822,-34.53772618940266,0.35,2.6,0.35,-22.645,-168.22000000000003,-22.645
113.85056059999988,circle_tension,1070,-1.2263666440114018,0.6404094514688778,3.417039809553528e-08,-2.3296937505845717e-07,-70.265632837476,36.692758729454816,0.21624059822196665,-0.6027970381573511,12.389673637502822,-34.53772618940266,0.35,2.6,0.35,-22.645,-168.22000000000003,-22.645
113.95691140000054,circle_tension,1071,-1.2263666440114018,0.6404094514688778,1.798106831605533e-08,-1.225926088646352e-07,-70.265632837476,36.692758729454816,0.21624059822196665,-0.6027970381573511,12.389673637502822,-34.53772618940266,0.35,2.6,0.35,-22.645,-168.22000000000003,-22.645
114.06201909999982,circle_tension,1072,-1.2263666440114018,0.6404094514688778,9.525619984634632e-09,-6.49444507102374e-08,-70.265632837476,36.692758729454816,0.21624059822196665,-0.6027970381573511,12.389673637502822,-34.53772618940266,0.35,2.6,0.35,-22.645,-168.22000000000003,-22.645
114.16976900000009,circle_tension,1073,-1.2263666440114018,0.6404094514688778,5.09138008468648e-09,-3.471237394420246e-08,-70.265632837476,36.692758729454816,0.21624059822196665,-0.6027970381573511,12.389673637502822,-34.53772618940266,0.35,2.6,0.35,-22.645,-168.22000000000003,-22.645
114.27446910000072,circle_tension,1074,-1.2263666440114018,0.6404094514688778,2.678145541343988e-09,-1.8259251511735394e-08,-70.265632837476,36.692758729454816,0.21624059822196665,-0.6027970381573511,12.389673637502822,-34.53772618940266,0.35,2.6,0.35,-22.645,-168.22000000000003,-22.645
114.37872310000057,circle_tension,1075,-1.2263666440114018,0.6404094514688778,1.4336634988931265e-09,-9.774533163103342e-09,-70.265632837476,36.692758729454816,0.21624059822196665,-0.6027970381573511,12.389673637502822,-34.53772618940266,0.35,2.6,0.35,-22.645,-168.22000000000003,-22.645
114.48423830000047,circle_tension,1076,-1.2263666440114018,0.6404094514688778,7.665464380805908e-10,-5.2262149283023765e-09,-70.265632837476,36.692758729454816,0.21624059822196665,-0.6027970381573511,12.389673637502822,-34.53772618940266,0.35,2.6,0.35,-22.645,-168.22000000000003,-22.645
114.5889586000003,circle_tension,1077,-1.2263666440114018,0.6404094514688778,4.078699886514887e-10,-2.7808050727291015e-09,-70.265632837476,36.692758729454816,0.21624059822196665,-0.6027970381573511,12.389673637502822,-34.53772618940266,0.35,2.6,0.35,-22.645,-168.22000000000003,-22.645
114.6926039,circle_tension,1078,-1.2263666440114018,0.6404094514688778,2.1792360108068954e-10,-1.485775056302032e-09,-70.265632837476,36.692758729454816,0.21624059822196665,-0.6027970381573511,12.389673637502822,-34.53772618940266,0.35,2.6,0.35,-22.645,-168.22000000000003,-22.645
114.80007710000064,circle_tension,1079,-1.2263666440114018,0.6404094514688778,1.168501600982645e-10,-7.966693480556863e-10,-70.265632837476,36.692758729454816,0.21624059822196665,-0.6027970381573511,12.389673637502822,-34.53772618940266,0.35,2.6,0.35,-22.645,-168.22000000000003,-22.645
114.90478530000019,circle_tension,1080,-1.2263666440114018,0.6404094514688778,6.156010536520963e-11,-4.1970887302420864e-10,-70.265632837476,36.692758729454816,0.21624059822196665,-0.6027970381573511,12.389673637502822,-34.53772618940266,0.35,2.6,0.35,-22.645,-168.22000000000003,-22.645
115.00843600000007,circle_tension,1081,-1.2263666440114018,0.6404094514688778,3.294121606452078e-11,-2.2458897021804818e-10,-70.265632837476,36.692758729454816,0.21624059822196665,-0.6027970381573511,12.389673637502822,-34.53772618940266,0.35,2.6,0.35,-22.645,-168.22000000000003,-22.645
115.11539230000017,circle_tension,1082,-1.2263666440114018,0.6404094514688778,1.766851888912902e-11,-1.2046168711001248e-10,-70.265632837476,36.692758729454816,0.21624059822196665,-0.6027970381573511,12.389673637502822,-34.53772618940266,0.35,2.6,0.35,-22.645,-168.22000000000003,-22.645
115.22290310000062,circle_tension,1083,-1.2263666440114018,0.6404094514688778,9.329471689116588e-12,-6.360713688387057e-11,-70.265632837476,36.692758729454816,0.21624059822196665,-0.6027970381573511,12.389673637502822,-34.53772618940266,0.35,2.6,0.35,-22.645,-168.22000000000003,-22.645
115.32675830000062,circle_tension,1084,-1.2263666440114018,0.6404094514688778,4.922879329384675e-12,-3.356355748763717e-11,-70.265632837476,36.692758729454816,0.21624059822196665,-0.6027970381573511,12.389673637502822,-34.53772618940266,0.35,2.6,0.35,-22.645,-168.22000000000003,-22.645
115.42992870000035,circle_tension,1085,-1.2263666440114018,0.6404094514688778,2.6439398136105566e-12,-1.802604126375418e-11,-70.265632837476,36.692758729454816,0.21624059822196665,-0.6027970381573511,12.389673637502822,-34.53772618940266,0.35,2.6,0.35,-22.645,-168.22000000000003,-22.645
115.53335550000065,circle_tension,1086,-1.2263666440114018,0.6404094514688778,1.4221426739642604e-12,-9.695985661949528e-12,-70.265632837476,36.692758729454816,0.21624059822196665,-0.6027970381573511,12.389673637502822,-34.53772618940266,0.35,2.6,0.35,-22.645,-168.22000000000003,-22.645
115.63857749999988,circle_tension,1087,-1.2263666440114018,0.6404094514688778,7.637411545792302e-13,-5.2070888665472186e-12,-70.265632837476,36.692758729454816,0.21624059822196665,-0.6027970381573511,12.389673637502822,-34.53772618940266,0.35,2.6,0.35,-22.645,-168.22000000000003,-22.645
115.74321099999997,circle_tension,1088,-1.2263666440114018,0.6404094514688778,4.062532183672971e-13,-2.7697821410773267e-12,-70.265632837476,36.692758729454816,0.21624059822196665,-0.6027970381573511,12.389673637502822,-34.53772618940266,0.35,2.6,0.35,-22.645,-168.22000000000003,-22.645
115.84735369999999,circle_tension,1089,-1.2263666440114018,0.6404094514688778,2.16773205017138e-13,-1.4779318040447435e-12,-70.265632837476,36.692758729454816,0.21624059822196665,-0.6027970381573511,12.389673637502822,-34.53772618940266,0.35,2.6,0.35,-22.645,-168.22000000000003,-22.645
115.95415159999993,circle_tension,1090,-1.2263666440114018,0.6404094514688778,1.1630212514618386e-13,-7.929329163073811e-13,-70.265632837476,36.692758729454816,0.21624059822196665,-0.6027970381573511,12.389673637502822,-34.53772618940266,0.35,2.6,0.35,-22.645,-168.22000000000003,-22.645
116.05945109999993,circle_tension,1091,-1.2263666440114018,0.6404094514688778,6.14175011927448e-14,-4.18736616135455e-13,-70.265632837476,36.692758729454816,0.21624059822196665,-0.6027970381573511,12.389673637502822,-34.53772618940266,0.35,2.6,0.35,-22.645,-168.22000000000003,-22.645
116.16343870000037,circle_tension,1092,-1.2263666440114018,0.6404094514688778,3.2760004636659713e-14,-2.2335349403236813e-13,-70.265632837476,36.692758729454816,0.21624059822196665,-0.6027970381573511,12.389673637502822,-34.53772618940266,0.35,2.6,0.35,-22.645,-168.22000000000003,-22.645
116.26983999999993,circle_tension,1093,-1.2263666440114018,0.6404094514688778,1.7541944153343794e-14,-1.1959871685688212e-13,-70.265632837476,36.692758729454816,0.21624059822196665,-0.6027970381573511,12.389673637502822,-34.53772618940266,0.35,2.6,0.35,-22.645,-168.22000000000003,-22.645
116.37653800000044,circle_tension,1094,-1.2263666440114018,0.6404094514688778,9.297747588460751e-15,-6.339084604981539e-14,-70.265632837476,36.692758729454816,0.21624059822196665,-0.6027970381573511,12.389673637502822,-34.53772618940266,0.35,2.6,0.35,-22.645,-168.22000000000003,-22.645
116.48436399999991,circle_tension,1095,-1.2263666440114018,0.6404094514688778,4.9186884491085214e-15,-3.3534984605455644e-14,-70.265632837476,36.692758729454816,0.21624059822196665,-0.6027970381573511,12.389673637502822,-34.53772618940266,0.35,2.6,0.35,-22.645,-168.22000000000003,-22.645
116.58973810000043,circle_tension,1096,-1.2263666440114018,0.6404094514688778,2.592712263074056e-15,-1.7676778419320904e-14,-70.265632837476,36.692758729454816,0.21624059822196665,-0.6027970381573511,12.389673637502822,-34.53772618940266,0.35,2.6,0.35470597804564963,-22.645,-168.22000000000003,-22.94947677955353
116.69404680000025,circle_tension,1097,-1.2263666440114018,0.6404094514688778,1.3800920676646624e-15,-9.409290041867582e-15,-70.265632837476,36.692758729454816,0.21624059822196665,-0.6027970381573511,12.389673637502822,-34.53772618940266,0.35,2.6,0.3845849649770271,-22.645,-168.22000000000003,-24.882647234013653
116.79754719999983,circle_tension,1098,-1.2263666440114018,0.6404094514688778,7.388860969737746e-16,-5.037630283676879e-15,-70.265632837476,36.692758729454816,0.21624059822196665,-0.6027970381573511,12.389673637502822,-34.53772618940266,0.35,2.6,0.4148670814446989,-22.645,-168.22000000000003,-26.84190016947202
116.9029687000002,circle_tension,1099,-1.2263666440114018,0.6404094514688778,3.969120053352364e-16,-2.7060949532288653e-15,-70.265632837476,36.692758729454816,0.21624059822196665,-0.6027970381573511,12.389673637502822,-34.53772618940266,0.35,2.6,0.44557335479004034,-22.645,-168.22000000000003,-28.82859605491561
117.00634330000048,circle_tension,1100,-1.2263666440114018,0.6404094514688778,2.1123829600721922e-16,-1.4401955069889994e-15,-70.265632837476,36.692758729454816,0.21624059822196665,-0.6027970381573511,12.389673637502822,-34.53772618940266,0.35,2.6,0.4767257712284163,-22.645,-168.22000000000003,-30.844157398478536
117.11810849999983,circle_tension,1101,-1.2263666440114018,0.6404094514688778,1.108737798108319e-16,-7.559231566656385e-16,-70.265632837476,36.692758729454816,0.21624059822196665,-0.6027970381573511,12.389673637502822,-34.53772618940266,0.35,2.6,0.5083473452819919,-22.645,-168.22000000000003,-32.89007323974488
117.23626150000018,circle_tension,1102,-1.2261707872107404,0.6399272722921145,0.0008172804917580154,-0.0020104938713484165,-70.25441106940916,36.66513189765719,0.21619575450685544,-0.6023008463852907,12.387104281889263,-34.509296495034484,0.35,2.6,0.5404621946674619,-22.645,-168.22000000000003,-34.96790399498479
117.34228210000038,circle_tension,1103,-1.2214943046180502,0.6378187225821239,0.021309727672852503,-0.010416823215865111,-69.98646835388162,36.544320898381194,0.21828839522105298,-0.5993020101652503,12.507003762850024,-34.3374758361752,0.35,2.6,0.5730956211754472,-22.645,-168.22000000000003,-37.07928669005144
117.45121400000062,circle_tension,1104,-1.211983281385187,0.634089083601126,0.05370374424508502,-0.02180031668692908,-69.44152686378769,36.330628325662545,0.22266869991052995,-0.5937066750696595,12.757976734538417,-34.01688675023642,0.35,2.593745423089476,0.6062545769105236,-22.645,-167.81532887388911,-39.224671126110884
117.55504970000038,circle_tension,1105,-1.1984052731666512,0.6297977034261804,0.08833969431952854,-0.0296875987828744,-68.66356429867164,36.08475035335204,0.22914788939538927,-0.5866313936591951,13.129206946686399,-33.611502986549446,0.35,2.5607594532687536,0.6392405467312462,-22.645,-165.68113662648838,-41.35886337351163
117.65906440000072,circle_tension,1106,-1.1842630479454974,0.6264657425986523,0.11160867797920301,-0.030131146826082016,-67.85327448057606,35.89384306043176,0.23616488973541705,-0.5802460439382066,13.531251451011855,-33.24564939682176,0.35,2.5282869776395285,0.6717130223604713,-22.645,-163.5801674532775,-43.459832546722495
117.76289890000044,circle_tension,1107,-1.1610679438375398,0.6230022061856529,0.16467683088832813,-0.02995186275451372,-66.52429290982353,35.69539704177702,0.2481792882150373,-0.5714357267560966,14.219625777282486,-32.740855406115266,0.35,2.4963028732478554,0.7036971267521445,-22.645,-161.51079589913624,-45.52920410086375
117.86685769999985,circle_tension,1108,-1.1453042117724892,0.6220791827432942,0.15937842944567573,-0.018971048423814817,-65.62109759312108,35.64251169413823,0.256775044261981,-0.5666119362022146,14.712126320496418,-32.46447256612276,0.35,2.4647831597497203,0.7352168402502796,-22.645,-159.4714704358069,-47.56852956419309
117.97461120000025,circle_tension,1109,-1.124371422961583,0.6202024439203732,0.17998112774592365,-0.016846238278682736,-64.4217371408175,35.5349824803365,0.26776842115118776,-0.5594203643763818,15.342000418844624,-32.052425852437345,0.35,2.433704921598582,0.7662950784014179,-22.645,-157.46070842742827,-49.57929157257174
118.07953660000021,circle_tension,1110,-1.0972476502416697,0.6169035193330263,0.21496546539736447,-0.020718203106894883,-62.867659439494375,35.34596802454959,0.28133719335857343,-0.549016699016154,16.119433799502232,-31.456339735829843,0.35,2.403046235865714,0.7969537641342856,-22.645,-155.4770914605117,-51.562908539488284
118.18391109999993,circle_tension,1111,-1.0647989197541818,0.6138205796349459,0.2609857328209393,-0.021033948759562254,-61.008484132003844,35.16932859135625,0.2975066228112583,-0.5369036350843795,17.045873864275602,-30.76231229556702,0.35,2.3727861051929575,0.8272138948070422,-22.645,-153.51926100598436,-53.52073899401563
118.28997570000047,circle_tension,1112,-1.0326545241891911,0.6126339638085779,0.28394494523934566,-0.01236798997741844,-59.16674593113083,35.101340512601936,0.3140002161402384,-0.5260458514955646,17.99088715103129,-30.140207121061515,0.35,2.3429043954257427,0.857095604574257,-22.645,-151.58591438404557,-55.45408561595443
118.39582800000062,circle_tension,1113,-1.0099861493493,0.6150120452545536,0.2498658652590642,0.006735589922004735,-57.86794372438453,35.23759454279471,0.32710796359373967,-0.520807254137023,18.741905759040268,-29.840057601848702,0.35,2.3133817775172107,0.886618222482789,-22.645,-149.67580100536355,-57.36419899463645
118.50264020000031,circle_tension,1114,-1.0011996822875853,0.6164171502215028,0.17135949487653296,0.010631459241624949,-57.36451624491756,35.31810112717377,0.3324290963412272,-0.5190963292038905,19.046784207700156,-29.742028824116506,0.35,2.2841996733329233,0.9158003266670764,-22.645,-147.78771886464014,-59.25228113535985
118.60790760000054,circle_tension,1115,-0.9948236962019732,0.6147878999940197,0.11908974497119992,-0.0011476015128321318,-56.99919915197785,35.224751965368256,0.334844695387469,-0.5155998370344291,19.18518783804564,-29.54169457970583,0.35,2.2553402050193863,0.9446597949806134,-22.645,-145.9205112647543,-61.11948873524569
118.7121901999999,circle_tension,1116,-0.9867423637259138,0.6116168659221078,0.09997139919223644,-0.014303416184281766,-56.53617290825764,35.04306509635553,0.33725190858663207,-0.5102316540896454,19.323110994745864,-29.234120353315614,0.35,2.2267861476307083,0.9732138523692921,-22.645,-144.07306375170683,-62.9669362482932
118.82011180000063,circle_tension,1117,-0.9609810280987832,0.6037656982229038,0.17047049140111856,-0.04082137223845763,-55.06015710220305,34.593226322941696,0.3457863120136877,-0.49493923341614693,19.81209629177814,-28.35792919018554,0.35,2.1985208847346818,1.0014791152653184,-22.645,-142.2443012423339,-64.7956987576661
118.92718010000044,circle_tension,1118,-0.943063980844693,0.6013246390873791,0.1698382898250343,-0.030833853725229735,-54.03358591320722,34.453363936934274,0.3531645257355728,-0.4866889554279352,20.234836798387665,-27.885223081651326,0.35,2.1705283667441693,1.0294716332558305,-22.645,-140.43318532834775,-66.60681467165223
119.03270609999981,circle_tension,1119,-0.9386013166431565,0.6025905598332243,0.10909625653589504,-0.010433122047834172,-53.77789408907506,34.52589585286926,0.3560809852556622,-0.4861293189465901,20.401937620009537,-27.8531582732087,0.35,2.1427930717416994,1.0572069282583005,-22.645,-138.63871174168796,-68.40128825831205
119.13660350000009,circle_tension,1120,-0.9346673351136578,0.6038693503055542,0.07553863750465445,0.00027785785575223335,-53.55249355075237,34.599165149815306,0.35875036028323937,-0.48575340578847015,20.554881543027328,-27.831620035784994,0.35,2.1152999685846225,1.0847000314153772,-22.645,-136.85990796742507,-70.1800920325749
119.24313700000039,circle_tension,1121,-0.9306524520934358,0.6054486130407951,0.058233066864778006,0.007318469796606077,-53.32245769845491,34.6896502392869,0.3616410174942423,-0.48557573816939376,20.720504001236854,-27.821440431055777,0.35,2.0880344820959835,1.1119655179040167,-22.645,-135.09583099161014,-71.94416900838988
119.35038299999997,circle_tension,1122,-0.9153743854950235,0.6036810379346969,0.09832425312783108,-0.0033240983457542153,-52.44708896324609,34.58837564573508,0.36793985509151367,-0.47859278995524873,21.081400811398826,-27.421346969826853,0.35,2.060982460161956,1.1390175398380435,-22.645,-133.34556517247856,-73.69443482752142
119.45472560000053,circle_tension,1123,-0.8925441557753868,0.6009292814538895,0.15319257275466758,-0.0124614484468561,-51.13901315499677,34.43071161313704,0.3770428619265202,-0.4679259359972975,21.602964683923442,-26.81018125735383,0.35,2.034130142570896,1.1658698574291035,-22.645,-131.608220224337,-75.431779775663
119.56019970000034,circle_tension,1124,-0.8678851880675547,0.5982658763133595,0.19284481130336195,-0.016498020500945336,-49.7261583781886,34.278109739451224,0.38674390006785136,-0.45645505202735975,22.158793226317155,-26.152948018592124,0.35,2.0074641314419255,1.1925358685580747,-22.645,-129.8829293042926,-77.15707069570743
119.6666178000005,circle_tension,1125,-0.8528200854390438,0.5987756859588284,0.16994289842625673,-0.005305746626967035,-48.86299157964348,34.30731968049165,0.3939116801285362,-0.4509610962752544,22.569476772272424,-25.838167541164864,0.35,1.9809713631021042,1.2190286368978958,-22.645,-128.16884719270615,-78.87115280729385
119.77247210000041,circle_tension,1126,-0.8468086520524829,0.6020372616313068,0.11573109922610739,0.011936032616359315,-48.51856181776951,34.49419420108721,0.398775862896661,-0.45102846424981424,22.848173915666234,-25.84202744178149,0.35,1.9546390812817966,1.2453609187182033,-22.645,-126.46514855893224,-80.57485144106776
119.8780211000003,circle_tension,1127,-0.8428274879789708,0.6038843745863414,0.0789204616654077,0.014704971354394043,-48.29045791880815,34.60002597769463,0.40179730151274595,-0.4508162223862537,23.02128959642575,-25.82986687876348,0.35,1.9284548115068287,1.2715451884931714,-22.645,-124.77102630449183,-82.2689736955082
119.9819324,circle_tension,1128,-0.8427847030157061,0.6036492040316298,0.042197622962176606,0.006782568195869166,-48.288006520986464,34.58655169744391,0.40166010995747375,-0.4506234765266567,23.01342909932382,-25.81882335448995,0.35,1.9024063365741903,1.2975936634258094,-22.645,-123.08568997635012,-83.95431002364987
120.08656820000033,circle_tension,1129,-0.8371022446827059,0.6023738942758718,0.04803206986912372,-0.0019384843794129306,-47.962425641246604,34.513481830867114,0.40336029032330356,-0.447386616580536,23.110842258696874,-25.633364940702293,0.35,1.876481673005566,1.323518326994434,-22.645,-121.40836424346013,-85.63163575653988
120.19331300000067,circle_tension,1130,-0.8223897480856937,0.6000166775597945,0.0916732655969689,-0.01102833183239768,-47.11946168013722,34.3784232616382,0.4082945525470777,-0.4396766672343166,23.39355465912997,-25.19161738290427,0.35,1.8506690483792627,1.349330951620737,-22.645,-119.7382874301383,-87.30171256986169
120.29877020000004,circle_tension,1131,-0.79946347344928,0.5976366401344071,0.15018501262838035,-0.01494492460918115,-45.805882903512895,34.242057162080314,0.41660741573505905,-0.42849482468951533,23.869846635470967,-24.550944997907333,0.35,1.8249568794470288,1.375043120552971,-22.645,-118.07471010022277,-88.96528989977722
120.40343500000017,circle_tension,1132,-0.7760690184048435,0.5973262966398378,0.1837836236509949,-0.007474019437987796,-44.465479365458144,34.22427578964216,0.4262954210961557,-0.4184147686326509,24.42492845456192,-23.973400328593723,0.35,1.799333750947369,1.4006662490526307,-22.645,-116.41689368629478,-90.62310631370521
120.5113293000004,circle_tension,1133,-0.76821490682069,0.6019278412210437,0.13247423062034674,0.017073601233325113,-44.01547191986134,34.48792487338655,0.43287772607021074,-0.4182511211094473,24.80206674904324,-23.964024016186382,0.35,1.7737883950312239,1.426211604968776,-22.645,-114.76410915852018,-92.27589084147982
120.61794910000026,circle_tension,1134,-0.7600092817994462,0.606217422698945,0.10474941797974789,0.02820848786813736,-43.54532423787712,34.73369978794778,0.4394043418765174,-0.4176402613779184,25.176014289247988,-23.92902433169528,0.35,1.748309671220163,1.4516903287798373,-22.645,-113.11563572794455,-93.92436427205547
120.72342590000062,circle_tension,1135,-0.7515755127666782,0.6108452804940905,0.0917518214523798,0.03572866591375663,-43.06210486691138,34.99885650779633,0.4462921324766174,-0.417079475869261,25.5706556208036,-23.896893688837118,0.35,1.7228865468202135,1.4771134531797867,-22.645,-111.47075957926782,-95.5692404207322
120.83385150000049,circle_tension,1136,-0.7160157298102545,0.6127476065240725,0.20494812735471604,0.03024493354614019,-41.02467938310707,35.10785176057218,0.46227329054101046,-0.40219775503272764,26.48630852962478,-23.04423389301186,0.35,1.6975080777174898,1.5024919222825102,-22.645,-109.82877262832159,-97.21122737167842
120.93963990000066,circle_tension,1137,-0.6745489634339066,0.6131009642128316,0.28532755014744515,0.02226874639455567,-38.64880867968734,35.12809766479657,0.4788249392649208,-0.38290921881909384,27.434648145487937,-21.939082174985394,0.35,1.6721633894841808,1.527836610515819,-22.645,-108.1889712996265,-98.85102870037349
121.04544260000057,circle_tension,1138,-0.6492661729351701,0.6164303585079927,0.2613650221363064,0.029762810624410364,-37.20021148979628,35.31885790624424,0.4910038472438359,-0.37269506152086884,28.132448171757975,-21.353854070514352,0.35,1.6468416587251191,1.553158341274881,-22.645,-106.55065531951522,-100.4893446804848
121.15222530000028,circle_tension,1139,-0.6436088521279486,0.6212451065866874,0.162622798179493,0.03768772919204191,-36.876070884190945,35.594722650572166,0.4969559213730503,-0.37280060980391017,28.473476898710963,-21.359901541667472,0.35,1.6215320945970082,1.578467905402992,-22.645,-104.91312652042643,-102.12687347957359
121.26077200000054,circle_tension,1140,-0.6353937244893002,0.627084074390828,0.1209052371378424,0.04623273881764165,-36.405378742335124,35.9292708624622,0.504701145920951,-0.3721709145818361,28.9172455766868,-21.323822663063076,0.35,1.596223920432927,1.6037760795670728,-22.645,-103.27568765201038,-103.76431234798962
121.36925270000029,circle_tension,1141,-0.632457449052775,0.6297131983269757,0.07600299735072011,0.035956977195010585,-36.23714255233429,36.07990856782028,0.5079123565970448,-0.3722415212778197,29.10123439555432,-21.3278681287483,0.35,1.5709063554058038,1.6290936445941964,-22.645,-101.63764119475552,-105.4023588052445
121.47565740000027,circle_tension,1142,-0.630845268144502,0.6309318123657887,0.04680767701369136,0.024248662634598753,-36.14477139047868,36.149730009099656,0.5094958834084735,-0.3721409634063388,29.191963798594998,-21.322106587115623,0.35,1.5455685961644523,1.6544314038355479,-22.645,-99.99828817184007,-107.04171182815995
121.58042400000068,circle_tension,1143,-0.6310306535354351,0.6301312990849476,0.02402475936331857,0.009313809678535557,-36.15539319096253,36.10386397666329,0.5087805348225172,-0.37176312548744944,29.150977343739047,-21.300458069023257,0.35,1.520199798375591,1.679800201624409,-22.645,-98.35692695490074,-108.68307304509926
121.69116290000056,circle_tension,1144,-0.6310751288596319,0.6292211291863526,0.012630622267671974,0.0009215528871899047,-36.15794143933149,36.05171508283395,0.5080291346509892,-0.37124874108919986,29.10792528518509,-21.270986013956183,0.35,1.494789058104784,1.7052109418952162,-22.645,-96.71285205937953,-110.32714794062049
121.796918,circle_tension,1145,-0.6315314274499864,0.6281199453185979,0.0045957120190871755,-0.004291097594712198,-36.18408542275657,35.988621894743716,0.5069708892016461,-0.37083039682465446,29.047292287248805,-21.247016653214224,0.35,1.4693253929680075,1.7306746070319923,-22.645,-95.06535292503008,-111.97464707496991
121.90079190000051,circle_tension,1146,-0.6251971904485241,0.6270962350946265,0.030636370714606904,-0.006763847173040814,-35.82116037613717,35.92996761946576,0.5084795575550805,-0.3670125714719385,29.133732616585544,-21.028271373585557,0.35,1.4437977229841725,1.7562022770158277,-22.645,-93.41371267707596,-113.62628732292406
122.00613750000048,circle_tension,1147,-0.6004027174985938,0.6259050272384565,0.12746589446293818,-0.00782430990068265,-34.40054172085488,35.86171643678439,0.5164393432215716,-0.3536205705205012,29.58979474110421,-20.260966239833017,0.35,1.4181948510570548,1.7818051489429454,-22.645,-91.75720686339145,-115.28279313660857
122.11104440000054,circle_tension,1148,-0.5576083984182088,0.6265061584228271,0.2576754310578807,0.0028650654373579927,-31.94860785041265,35.896158716582526,0.5316049304898339,-0.3315209863954729,30.458718885412978,-18.994753340474578,0.35,1.392505443012436,1.8074945569875638,-22.645,-90.09510216290461,-116.94489783709538
122.21819380000034,circle_tension,1149,-0.538427481001786,0.63465833818186,0.22004134565144196,0.03997817163222523,-30.84962223526265,36.363244210607085,0.5448644071466021,-0.32544428716531804,31.218430936398033,-18.64658412121631,0.35,1.3667180071138145,1.8332819928861852,-22.645,-88.4266550602638,-118.6133449397362
122.32198940000035,circle_tension,1150,-0.5287916738962394,0.6428991401063305,0.15633076921991562,0.05824680916430077,-30.29753115591266,36.83540738068253,0.5550902330542068,-0.32433645727436444,31.804327602939313,-18.58311014404623,0.35,1.3408208729761446,1.8591791270238551,-22.645,-86.75111048155657,-120.28888951844343
122.42563430000064,circle_tension,1151,-0.5191914242522717,0.6501776320504075,0.12484536741772394,0.06440704785939079,-29.74747736904134,37.252434250298116,0.5644976535800447,-0.3226040178319219,32.343333095174565,-18.483848675732276,0.35,1.3148021697936199,1.8851978302063803,-22.645,-85.06770038564721,-121.9722996143528
122.52879500000017,circle_tension,1152,-0.5151059201916501,0.6539486181966739,0.084534623924137,0.051614208330812164,-29.513395229184166,37.468495841081484,0.5690926038833363,-0.3221527641455579,32.60660435462553,-18.457993744013898,0.35,1.2886498037925618,1.9113501962074384,-22.645,-83.37564230537875,-123.66435769462127
122.63527620000059,circle_tension,1153,-0.5141113910024377,0.6545424091323846,0.04980980879145976,0.03043650357974273,-29.456412904039727,37.50251755561083,0.5699297443273169,-0.3218786291194635,32.65456896892533,-18.44228696400198,0.35,1.2623514348155414,1.9376485651844586,-22.645,-81.67413783256553,-125.36586216743447
122.74196410000059,circle_tension,1154,-0.5137515580861445,0.6540265695428054,0.027962532805292702,0.013840093778279567,-29.435795996606238,37.47296212422218,0.569596281672348,-0.3214200204918251,32.63546296617039,-18.41601062519001,0.35,1.235894451936987,1.9641055480630132,-22.645,-79.96237104032306,-127.07762895967696
122.84856720000062,circle_tension,1155,-0.5134739506598756,0.6534075931097559,0.016048975626874885,0.004601558140407888,-29.41989026271954,37.43749738699039,0.5691463330073117,-0.3209578389100579,32.60968280666626,-18.389529571186074,0.35,1.209265948003812,1.990734051996188,-22.645,-78.23950683584664,-128.80049316415338
122.9546048000002,circle_tension,1156,-0.5124786759642541,0.6528723385089198,0.012911402199127602,8.176207609507133e-05,-29.362865223204267,37.406829557397515,0.5689990008770173,-0.32012876689085845,32.601241297413715,-18.342027243573554,0.35,1.1824526929873196,2.01754730701268,-22.645,-76.50468923627957,-130.53531076372042
123.06004630000007,circle_tension,1157,-0.47966853453323166,0.6553857513558804,0.15127480745409758,0.012854085792111912,-27.482982593979354,37.55083750570232,0.5814241178441927,-0.3024507865247076,33.31314805958926,-17.329153578277975,0.35,1.1554411060240883,2.044558893975912,-22.645,-74.75703955975852,-132.2829604402415
123.16539730000022,circle_tension,1158,-0.4189717944583027,0.6616351459670557,0.34496714193174766,0.04303636840667124,-24.005315557483357,37.908901441434466,0.6044088130913581,-0.2691673327808242,34.63007409064624,-15.42215215113456,0.35,1.1282172260145653,2.0717827739854346,-22.645,-72.99565452314238,-134.04434547685761
123.2761803000003,circle_tension,1159,-0.3831706942063997,0.6715602647576057,0.33640373224139924,0.07323643156479466,-21.954063611124568,38.47756885929896,0.6228613294766434,-0.2510716101909845,35.687325400919086,-14.3853436194972,0.35,1.1007666806373566,2.0992333193626433,-22.645,-71.21960423723698,-135.82039576276304
123.38226410000061,circle_tension,1160,-0.3758558535958043,0.6808878800256369,0.20343744015491552,0.07946004696782132,-21.534954116326553,39.01200184707894,0.6333576882384642,-0.2499326787657719,36.28872245822657,-14.3200876556777,0.35,1.0730746536256768,2.1269253463743234,-22.645,-69.4279300895813,-137.61206991041874
123.48686940000061,circle_tension,1161,-0.36592880037433684,0.6926988144340803,0.14879992930569935,0.09536455367010908,-20.96617586373472,39.68871854078859,0.6468364891731588,-0.24785924189451244,37.06100086468157,-14.201288473867722,0.35,1.0451258501396485,2.1548741498603516,-22.645,-67.61964250403527,-139.42035749596477
123.59511639999982,circle_tension,1162,-0.35983956206563583,0.7010079071210353,0.10483645469999826,0.08828069216120442,-20.617288208196772,40.164794483334134,0.6561106848740482,-0.24684176113518863,37.5923731367209,-14.142991120622701,0.35,1.0169044600533792,2.183095539946621,-22.645,-65.79371856545363,-141.24628143454638
123.70086910000009,circle_tension,1163,-0.3578560134904229,0.7042787767654942,0.06329384374879055,0.06074300805036615,-20.503639246377883,40.352201509299086,0.6596626763217706,-0.24668552626836424,37.795887255541956,-14.134039522140874,0.35,0.9883941189597827,2.2116058810402173,-22.645,-63.94909949669794,-143.09090050330207
123.80507000000034,circle_tension,1164,-0.3576534025397473,0.7040962037709334,0.03464794190639777,0.0315815748842995,-20.49203049402104,40.34174084725768,0.659541624032137,-0.24648795170087132,37.78895147024556,-14.122719333284408,0.35,0.9595778666782057,2.2404221333217946,-22.645,-62.08468797407991,-144.9553120259201
123.91055570000026,circle_tension,1165,-0.357588819705752,0.7038627192357236,0.018841737950660638,0.015866535214554597,-20.488330170204115,40.328363168808586,0.6593388264266645,-0.24636363265753305,37.77733202335663,-14.115596376788021,0.35,0.930438103029452,2.269561896970548,-22.645,-60.199345266005544,-146.84065473399446
124.01516429999992,circle_tension,1166,-0.35007299969733907,0.7046202433797568,0.04316839824585636,0.011929687237103316,-20.057705404142073,40.37176610514095,0.6618833901305766,-0.24166105447465602,37.923124784292966,-13.846158494078868,0.35,0.9009565406209691,2.299043459379031,-22.645,-58.291888178176706,-148.7481118218233
124.11906210000052,circle_tension,1167,-0.31310382144650806,0.7123625877798384,0.18534362590280368,0.04360954963925599,-17.939527518302622,40.815369762802376,0.6777290408100448,-0.2194169631343131,38.8310136918651,-12.571665941173716,0.35,0.8711141543593679,2.3288858456406323,-22.645,-56.3610857870511,-150.6789142129489
124.22596410000006,circle_tension,1168,-0.265301776433418,0.7240826510079942,0.30564897184048645,0.08260234751384003,-15.200672086958178,41.48687992140217,0.6987494746101119,-0.18985483197131753,40.03539583214309,-10.877880592121901,0.35,0.8408911273794584,2.359108872620541,-22.645,-54.40565594145096,-152.63434405854903
124.33325010000044,circle_tension,1169,-0.2549996794878151,0.7319129541223302,0.20393479047094534,0.07946036994575413,-14.610405411840516,41.935523242161764,0.7082453605166376,-0.18462145519612352,40.579470017324766,-10.5780301903015,0.35,0.8102667930482575,2.3897332069517425,-22.645,-52.424261510222266,-154.61573848977775
124.44010860000071,circle_tension,1170,-0.24946827410660963,0.7423381677893872,0.13007697115579947,0.08846671156574451,-14.29347922872149,42.53284398580624,0.7193582255933604,-0.1832749263485773,41.21619028451931,-10.500879770344488,0.35,0.7792195726660809,2.420780427333919,-22.645,-50.41550635149544,-156.62449364850457
124.54397860000063,circle_tension,1171,-0.24524476072298862,0.7506208265175542,0.0861187686853138,0.08347674464368626,-14.051489737122989,43.00740537407741,0.7281606958408848,-0.18224605958542595,41.72053467899194,-10.441930047134628,0.35,0.7477269084485737,2.4522730915514264,-22.645,-48.37793097662272,-158.66206902337728
124.64998319999995,circle_tension,1172,-0.2387133757546267,0.7578301087426763,0.0743013475645667,0.07731637926813238,-13.677268944060662,43.420466818895584,0.7363403239508166,-0.1791909624979539,42.189192847677596,-10.266885878019771,0.35,0.7157651913284777,2.4842348086715225,-22.645,-46.31000787895251,-160.7299921210475
124.75546209999993,circle_tension,1173,-0.213627640604833,0.7683101110412515,0.1470842777442269,0.08924677307455407,-12.239962193994504,44.02092671989134,0.7508450880149664,-0.1628867107287071,43.020254611386406,-9.332721063523223,0.35,0.6833096830661656,2.516690316933835,-22.645,-44.21013649438091,-162.82986350561913
124.86191320000034,circle_tension,1174,-0.19552229240638264,0.7766765128722057,0.15562131018015649,0.08617420610672269,-11.20260215560851,44.50028623451554,0.7618779771940167,-0.15089186033077764,43.652392597181546,-8.645466759831049,0.35,0.6503344321021909,2.5496655678978093,-22.645,-42.07663775701175,-164.96336224298827
124.96603380000033,circle_tension,1175,-0.1947509402496843,0.7793102156992534,0.08546402145699078,0.057296882556652336,-11.158406932511381,44.651186290997046,0.7645780563333794,-0.15081381921657125,43.80709573621834,-8.640995333358523,0.35,0.6168121825213521,2.583187817478648,-22.645,-39.90774820913148,-167.13225179086854
125.07063090000065,circle_tension,1176,-0.19412939769701199,0.7806355487993484,0.04845911687575101,0.03663953389230817,-11.12279516745547,44.72712228408148,0.7659720838811314,-0.15059424545465527,43.8869676312295,-8.628414683508929,0.35,0.582862393400204,2.6,-22.645,-37.7111968529932,-168.22000000000003
125.17610210000021,circle_tension,1177,-0.19372952292198864,0.7806896572099115,0.027664885206891036,0.019829136469567292,-11.09988403051289,44.7302224676429,0.7660853376875735,-0.15029835745824233,43.89345659635242,-8.611461550105885,0.35,0.5493277532623501,2.6,-22.645,-35.54150563607405,-168.22000000000003
125.28125080000063,circle_tension,1178,-0.19350616413797583,0.780532826978531,0.015701551140866087,0.009852375716071098,-11.087086514871782,44.72123675728474,0.7659649858793031,-0.15009708324286797,43.886560945681765,-8.599929387040126,0.35,0.5163229781293632,2.6,-22.645,-33.4060966849698,-168.22000000000003
125.3880751000006,circle_tension,1179,-0.17916559812606314,0.7717670878652546,0.0729027463919021,-0.0332883324079505,-10.265432606560429,44.21899690178126,0.75941320594567,-0.13753552467393645,43.511171607186085,-7.880205096933957,0.35,0.48382157970323114,2.6,-22.645,-31.303256206799055,-168.22000000000003
125.49249599999985,circle_tension,1180,-0.13392181759085675,0.7426182252902668,0.24807915036639394,-0.14112556503865628,-7.673154932676958,42.54889009862762,0.7359687237735135,-0.09915576715678814,42.16790172585182,-5.681206972465863,0.35,0.45179829609383687,2.6,-22.645,-29.231349757271246,-168.22000000000003
125.59711229999994,circle_tension,1181,-0.01879473567224421,0.7291817937439725,0.668448199637614,-0.10177407387311337,-1.0768590310835675,41.77903927930852,0.7290530086850271,-0.013703972233883428,41.771660438966606,-0.7851797715659872,0.35,0.420229006656062,2.6,-22.645,-27.18881673064721,-168.22000000000003
125.7008450000003,circle_tension,1182,0.1670536924010393,0.7463313596294586,1.1587957375882085,0.1267906608625908,9.571471526656223,42.76163702502841,0.7359416446759491,0.12409832391299772,42.16635020784836,7.110310204862189,0.35,0.38909065310530044,2.6,-22.645,-25.17416525591294,-168.22000000000003
125.8050702999999,circle_tension,1183,0.3332709655494366,0.770035512360339,1.2964081314566758,0.2957805347532596,19.095019760232574,44.11978493344136,0.7276661185576836,0.25190615355573387,41.69219748802146,14.433159432117986,0.35,0.35836116634307436,2.6,-22.645,-23.185967462396913,-168.22000000000003
125.9101309000007,circle_tension,1184,0.46716150089184083,0.782904064376856,1.2352074708803704,0.3164119258482676,26.766382352099523,44.85709865243235,0.6990160599104192,0.35258378012199243,40.05067004473092,20.201562525758778,0.35,0.35,2.6,-22.645,-22.645,-168.22000000000003
126.01875990000008,circle_tension,1185,0.5899393939637121,0.765035166354947,1.1978850297021864,0.1772441382698305,33.80103744262625,43.833286211227296,0.635724635594552,0.42559721974880843,36.42433855206006,24.384924464108572,0.35,0.35,2.6,-22.645,-22.645,-168.22000000000003
126.12383430000045,circle_tension,1186,0.672928721912565,0.7530857721911461,0.9928126659997513,0.09166833386388754,38.55597567872262,43.14863635790325,0.588912781381225,0.4693824839111109,33.742216874454726,26.89363530547392,0.35,0.35,2.6,-22.645,-22.645,-168.22000000000003
126.2279840000001,circle_tension,1187,0.7268018500253692,0.7981517501327118,0.7226380497424912,0.275917526106235,41.64267854875388,45.73072669358463,0.5964614662554704,0.5303583086105894,34.17472465862322,30.3872927130836,0.35,0.35,2.6,-22.645,-22.645,-168.22000000000003
126.33450930000072,circle_tension,1188,0.769065600697501,0.8689579747300198,0.5201685372091499,0.4789477753463038,44.064213088660225,49.78762452626577,0.6243991586849523,0.6043290928628386,35.77543652416713,34.62550645801026,0.35,0.35,2.6,-22.645,-22.645,-168.22000000000003
126.43935510000028,circle_tension,1189,0.786773811024104,0.8984219796820239,0.3379476085121984,0.3895883394214495,45.07881880310456,51.47578765756817,0.6344057515702416,0.6361535946218994,36.34877206379984,36.448916093911095,0.35,0.35,2.6,-22.645,-22.645,-168.22000000000003
126.54804969999986,circle_tension,1190,0.7888385430204194,0.8963530795155163,0.18910983585468985,0.1986507835971517,45.197119232319054,51.35724840979337,0.6316330219058003,0.6359941578309476,36.18990635629663,36.439781038690455,0.35,0.35,2.6,-22.645,-22.645,-168.22000000000003
126.6533814000004,circle_tension,1191,0.7904660544513278,0.8953014177397411,0.1064455561483054,0.09994124217243161,45.290368768419405,51.29699262856622,0.629857239100841,0.6362739087523992,36.08816149624056,36.45580958580452,0.35,0.35,2.6,-22.645,-22.645,-168.22000000000003
126.7591336000005,circle_tension,1192,0.7922622736395244,0.8944066157500918,0.06459140281818333,0.04933077526496298,45.39328454698348,51.24572425105941,0.6280849736054838,0.6367671946861986,35.98661816317993,36.4840727879044,0.35,0.35,2.6,-22.645,-22.645,-168.22000000000003
126.86538500000006,circle_tension,1193,0.7930532400631662,0.8938453687070569,0.03786856387373628,0.023780550476921458,45.43860358479472,51.2135671642293,0.6271873037278044,0.6368639016318175,35.93518546779288,36.489613687737965,0.35,0.35,2.6,-22.645,-22.645,-168.22000000000003
126.97420430000057,circle_tension,1194,0.7939003894302417,0.8934376085119281,0.023823892500330252,0.010825298585376815,45.48714166814532,51.190204225995,0.6263616917264367,0.6371042233740956,35.88788138459916,36.503383109295726,0.35,0.35,2.6,-22.645,-22.645,-168.22000000000003
127.08495470000071,circle_tension,1195,0.7949628770854723,0.8927747638931655,0.01700386435776664,0.0027716537247689656,45.548017726574784,51.152226026866934,0.6252202253835036,0.6372962017899513,35.82248018069286,36.51438266228187,0.35,0.35,2.6,-22.645,-22.645,-168.22000000000003
127.18937080000069,circle_tension,1196,0.7953564693880697,0.8925518585275072,0.010644275018926296,0.0004830407857501874,45.57056890436245,51.1394544901839,0.624813301583439,0.6373830546267367,35.799165164365725,36.51935896326841,0.35,0.35,2.6,-22.645,-22.645,-168.22000000000003
127.29314560000057,circle_tension,1197,0.7957644517622198,0.8923851194112219,0.007494607307252368,-0.0004812442551058088,45.593944572516975,51.12990104254101,0.6244365347018064,0.6375187961748112,35.777578012187874,36.52713638107765,0.35,0.35,2.6,-22.645,-22.645,-168.22000000000003
127.3962489000005,circle_tension,1198,0.7960349928108417,0.8921688213320881,0.005236434998781637,-0.0012252003354901878,45.60944543278806,51.11750807548986,0.6241127264900856,0.6375331445424612,35.7590251682846,36.5279584819869,0.35,0.35,2.6,-22.645,-22.645,-168.22000000000003
127.50157620000027,circle_tension,1199,0.7965435008820947,0.8920058179229262,0.00509837541778088,-0.001388176177768492,45.63858079911919,51.108168668098635,0.6236744859995043,0.6377338902093904,35.733915837762545,36.539460361457486,0.35,0.35,2.6,-22.645,-22.645,-168.22000000000003
127.60516920000009,circle_tension,1200,0.7971729702794397,0.8915142100118171,0.005508858997655934,-0.0029168935331012236,45.674646738919705,51.08000160961684,0.6229294263641885,0.6377746595958305,35.69122706517339,36.541796275233835,0.35,0.35,2.6,-22.645,-22.645,-168.22000000000003
127.70985520000067,circle_tension,1201,0.7974407886279362,0.8914225704179354,0.004159438152272267,-0.0019764629482550513,45.68999159996472,51.07475104765113,0.622694582321222,0.6378758940407749,35.677771492667624,36.547596581670504,0.35,0.35,2.6,-22.645,-22.645,-168.22000000000003
127.81753449999997,circle_tension,1202,0.7974407886279362,0.8914225704179354,0.0022206389749611336,-0.0010551931522443905,45.68999159996472,51.07475104765113,0.622694582321222,0.6378758940407749,35.677771492667624,36.547596581670504,0.35,0.35,2.6,-22.645,-22.645,-168.22000000000003
127.92102119999981,circle_tension,1203,0.7974563648937791,0.891317100116261,0.0012358438698038313,-0.00101679638261624,45.69088405425809,51.068708044501214,0.6226109724414636,0.6378101206120486,35.67298099943187,36.543828041800374,0.35,0.35,2.6,-22.645,-22.645,-168.22000000000003
128.02464940000027,circle_tension,1204,0.7975457064096432,0.8912914891156803,0.0010662095424953414,-0.0006622201954351884,45.6960029460524,51.06724064225883,0.6225360986407765,0.6378474147154384,35.6686910466564,36.545964836525336,0.35,0.35,2.6,-22.645,-22.645,-168.22000000000003
128.13275609999982,circle_tension,1205,0.7976286810362505,0.8912424420128475,0.0009427347102455435,-0.0005743009926411831,45.700757041963676,51.06443045026917,0.6224489165642395,0.6378639641122772,35.66369588162164,36.54691304711769,0.35,0.35,2.6,-22.645,-22.645,-168.22000000000003
128.2373195,circle_tension,1206,0.7979374143322073,0.8909986681669323,0.0018500309295974408,-0.0013704950353368725,45.718446156817166,51.050463237742555,0.6220817578562923,0.6378815824411866,35.642659237244786,36.547922503006276,0.35,0.35,2.6,-22.645,-22.645,-168.22000000000003
128.34298630000012,circle_tension,1207,0.7980320846029683,0.8910362588711082,0.001410051440534207,-0.0005647986399147665,45.72387036377713,51.05261702644076,0.6220476093582801,0.6379673865603702,35.64070267243198,36.55283871690033,0.35,0.35,2.6,-22.645,-22.645,-168.22000000000003
128.44780530000025,circle_tension,1208,0.7981254313768193,0.8909794930961701,0.0011637060638260653,-0.000551872622623963,45.72921873994996,51.04936458711602,0.6219484290893144,0.637984802852891,35.635020061609275,36.55383659695654,0.35,0.35,2.6,-22.645,-22.645,-168.22000000000003
128.55965430000015,circle_tension,1209,0.798614381624239,0.8906348947728806,0.0027982288316862483,-0.0018272462618445125,45.757233525518984,51.02962055756424,0.6213959856714678,0.6380419616126239,35.603367385346885,36.557111552651435,0.35,0.35,2.6,-22.645,-22.645,-168.22000000000003
128.6659126000004,circle_tension,1210,0.7989492148938142,0.8903814283579972,0.002892270979503643,-0.0020373506383099976,45.776418058706206,51.01509800174311,0.6210055304519149,0.6380683498755937,35.58099594917764,36.55862348874828,0.35,0.35,2.6,-22.645,-22.645,-168.22000000000003
128.77020300000004,circle_tension,1211,0.7989492148938142,0.8903814283579972,0.0015320334113940236,-0.0010791828534515522,45.776418058706206,51.01509800174311,0.6210055304519149,0.6380683498755937,35.58099594917764,36.55862348874828,0.35,0.35,2.6,-22.645,-22.645,-168.22000000000003
128.87466630000017,circle_tension,1212,0.7988131119835664,0.8906216643830625,0.00021299242986156316,0.0004943053642419889,45.76861993636956,51.02886251206635,0.6212599461338799,0.6381559593063322,35.595572893996184,36.563643139375145,0.35,0.35,2.6,-22.645,-22.645,-168.22000000000003
128.98234450000018,circle_tension,1213,0.7986688693631909,0.8907984223716026,-0.0005287770281556678,0.0010521164084598181,45.760355442996136,51.03898999880492,0.6214753061110467,0.6381929748860582,35.60791211176387,36.56576397586967,0.35,0.35,2.6,-22.645,-22.645,-168.22000000000003
129.0911227000006,circle_tension,1214,0.7988267980435504,0.8907060844118391,0.00041499091041889095,0.0001490082201351975,45.769404089844805,51.03369942342162,0.6213100992431143,0.6382249520245833,35.598446455484776,36.56759613094807,0.35,0.35,2.6,-22.645,-22.645,-168.22000000000003
129.19613440000012,circle_tension,1215,0.7986491800205893,0.8906514787287997,-0.0005585548756973658,-0.00016045038595401684,45.75922732676367,51.030570748246035,0.6213853526711484,0.6380754657934672,35.60275815930502,36.5590312008098,0.35,0.35,2.6,-22.645,-22.645,-168.22000000000003
129.30225080000037,circle_tension,1216,0.7985132378698783,0.890891768068277,-0.0009013758871580566,0.0009819319571869873,45.75143841527,51.04433831326007,0.6216397555678893,0.6381631113667692,35.61733437158418,36.564052922253005,0.35,0.35,2.6,-22.645,-22.645,-168.22000000000003
129.4072896000007,circle_tension,1217,0.7985132378698783,0.890891768068277,-0.00047818708831580913,0.0005209227251595581,45.75143841527,51.04433831326007,0.6216397555678893,0.6381631113667692,35.61733437158418,36.564052922253005,0.35,0.35,2.6,-22.645,-22.645,-168.22000000000003
129.5167809000004,circle_tension,1218,0.7987591770682242,0.8907181754460357,0.0008379828947244468,-0.0004935547022799337,45.76552969335206,51.03439218865104,0.6213616898768481,0.6381916000883296,35.601402381060126,36.56568520576214,0.35,0.35,2.6,-22.645,-22.645,-168.22000000000003
129.62100910000026,circle_tension,1219,0.7988664507682105,0.8907853665922065,0.0009057702764725687,3.477682152077371e-05,45.77167602361402,51.038241957747275,0.621340092256839,0.6383063990663689,35.600164928586075,36.57226270269621,0.35,0.35,2.6,-22.645,-22.645,-168.22000000000003
129.72647310000048,circle_tension,1220,0.7988583559010638,0.8907228696535121,0.00044870869455251145,-0.0002601340563712308,45.7712122218908,51.0346611469276,0.6213016660510383,0.6382565865590355,35.597963269171,36.56940865625904,0.35,0.35,2.6,-22.645,-22.645,-168.22000000000003
129.83121070000016,circle_tension,1221,0.799481225274671,0.8905941893527428,0.0030037188483535873,-0.00070870414691226,45.80690000818645,51.02728830878704,0.6208142947697098,0.6385511894268594,35.57003895169499,36.5862881572178,0.35,0.35,2.6,-22.645,-22.645,-168.22000000000003
129.9347230000003,circle_tension,1222,0.7999936198622413,0.8903976943450709,0.0038847652383656017,-0.0012514531910518497,45.83625805549957,51.01602997415205,0.6203501228243182,0.638728251455086,35.54344385825568,36.59643306414721,0.35,0.35,2.6,-22.645,-22.645,-168.22000000000003
130.04515750000064,circle_tension,1223,0.8006159811967946,0.89026711520802,0.004865534687577531,-0.00125268445873276,45.8719167333016,51.008548340706575,0.6198615652981608,0.6390204818993862,35.515451573957506,36.613176635250845,0.35,0.35,2.6,-22.645,-22.645,-168.22000000000003
130.1516677999998,circle_tension,1224,0.8008837290423503,0.8902428764344191,0.003694691709403658,-0.000756523960369672,45.887257554825666,51.00715956127867,0.6196735747808414,0.6391690228418155,35.50468051072662,36.62168740433694,0.35,0.35,2.6,-22.645,-22.645,-168.22000000000003
130.2588768000005,circle_tension,1225,0.8012280330104007,0.8900766704879269,0.003473845882250828,-0.0011323032626518903,45.90698471906456,50.99763666201469,0.619337819330884,0.6392629700626644,35.48544314049555,36.627070183588565,0.35,0.35,2.6,-22.645,-22.645,-168.22000000000003
130.3634621000001,circle_tension,1226,0.8013872611998996,0.8899833944885206,0.002536472223747447,-0.001008479757286759,45.91610782230236,50.992292340918844,0.6191711296672149,0.6392945758036233,35.47589252627885,36.62888105915389,0.35,0.35,2.6,-22.645,-22.645,-168.22000000000003
130.47188590000042,circle_tension,1227,0.8017422796500444,0.8898783781166001,0.002941709138688247,-0.0010075160740713233,45.93644888114493,50.98627534602802,0.6188710950361213,0.6394388911915062,35.45870180820942,36.63714972179838,0.35,0.35,2.6,-22.645,-22.645,-168.22000000000003
130.57824260000052,circle_tension,1228,0.8019408249537041,0.8898665274829599,0.002416326305156429,-0.0005811988796941857,45.94782468908678,50.98559635473588,0.6187358853488758,0.6395532354043127,35.45095486378097,36.64370116260394,0.35,0.35,2.6,-22.645,-22.645,-168.22000000000003
130.6820983000007,circle_tension,1229,0.8020977065153225,0.8897758463910191,0.001975375795733252,-0.0007088812046488646,45.956813340450935,50.98040071088604,0.6185725020957451,0.6395851127659743,35.441593692933466,36.64552760088916,0.35,0.35,2.6,-22.645,-22.645,-168.22000000000003
130.78920160000052,circle_tension,1230,0.8023655953562319,0.8897518192130685,0.0022568149238624178,-0.0004871604542918163,45.97216224041369,50.979024054995854,0.6183844431117385,0.6397335228908595,35.43081870685037,36.654030874682086,0.35,0.35,2.6,-22.645,-22.645,-168.22000000000003
130.8941859000006,circle_tension,1231,0.8026315603477863,0.8897257127728273,0.0023578698599413233,-0.0003710202193815784,45.98740091192799,50.97752826615193,0.6181961353349801,0.6398791934623368,35.42002946599262,36.662377183626994,0.35,0.35,2.6,-22.645,-22.645,-168.22000000000003
131.0045,circle_tension,1232,0.8027206352596412,0.8896459830281486,0.0016546872578510213,-0.0005524838610864209,45.99250452843778,50.97296008828018,0.6180837432628409,0.6398769111573845,35.41358987460831,36.66224641718567,0.35,0.35,2.6,-22.645,-22.645,-168.22000000000003
131.11023400000067,circle_tension,1233,0.8027206352596412,0.8896459830281486,0.0008610725586079477,-0.0002875036896537909,45.99250452843778,50.97296008828018,0.6180837432628409,0.6398769111573845,35.41358987460831,36.66224641718567,0.35,0.35,2.6,-22.645,-22.645,-168.22000000000003
131.21594880000066,circle_tension,1234,0.8027206352596412,0.8896459830281486,0.0004583661724495571,-0.00015304397344258504,45.99250452843778,50.97296008828018,0.6180837432628409,0.6398769111573845,35.41358987460831,36.66224641718567,0.35,0.35,2.6,-22.645,-22.645,-168.22000000000003
131.32145040000069,circle_tension,1235,0.8027206352596412,0.8896459830281486,0.00024372266655165437,-8.137661011882868e-05,45.99250452843778,50.97296008828018,0.6180837432628409,0.6398769111573845,35.41358987460831,36.66224641718567,0.35,0.35,2.6,-22.645,-22.645,-168.22000000000003
131.4297019000005,circle_tension,1236,0.8027206352596412,0.8896459830281486,0.00012979304003283602,-4.3336624222643207e-05,45.99250452843778,50.97296008828018,0.6180837432628409,0.6398769111573845,35.41358987460831,36.66224641718567,0.35,0.35,2.6,-22.645,-22.645,-168.22000000000003
131.5443191000004,circle_tension,1237,0.8027206352596412,0.8896459830281486,6.806869119772704e-05,-2.2727468984598543e-05,45.99250452843778,50.97296008828018,0.6180837432628409,0.6398769111573845,35.41358987460831,36.66224641718567,0.35,0.35,2.6,-22.645,-22.645,-168.22000000000003
131.65540190000047,circle_tension,1238,0.8027206352596412,0.8896459830281486,3.480071535210898e-05,-1.1619617843237014e-05,45.99250452843778,50.97296008828018,0.6180837432628409,0.6398769111573845,35.41358987460831,36.66224641718567,0.35,0.35,2.6,-22.645,-22.645,-168.22000000000003
131.76047270000072,circle_tension,1239,0.8027206352596412,0.8896459830281486,1.8112660698911873e-05,-6.047639921080523e-06,45.99250452843778,50.97296008828018,0.6180837432628409,0.6398769111573845,35.41358987460831,36.66224641718567,0.3756838021389436,0.35,2.6,-24.30674199838965,-22.645,-168.22000000000003
131.86941690000003,circle_tension,1240,0.8027206352596412,0.8896459830281486,9.649269946617475e-06,-3.2217966818067823e-06,45.99250452843778,50.97296008828018,0.6180837432628409,0.6398769111573845,35.41358987460831,36.66224641718567,0.4070373454601601,0.35,2.6,-26.33531625127236,-22.645,-168.22000000000003
131.97569470000053,circle_tension,1241,0.8027206352596412,0.8896459830281486,5.053038635942391e-06,-1.6871600857251928e-06,45.99250452843778,50.97296008828018,0.6180837432628409,0.6398769111573845,35.41358987460831,36.66224641718567,0.43883722771636885,0.35,2.6,-28.392768633249066,-22.645,-168.22000000000003
132.08281130000069,circle_tension,1242,0.8027206352596412,0.8896459830281486,2.6822401210011847e-06,-8.955736930833754e-07,45.99250452843778,50.97296008828018,0.6180837432628409,0.6398769111573845,35.41358987460831,36.66224641718567,0.47110758131739205,0.35,2.6,-30.480660511235268,-22.645,-168.22000000000003
132.1882512000002,circle_tension,1243,0.8027206352596412,0.8896459830281486,1.419935973253504e-06,-4.7410270749134625e-07,45.99250452843778,50.97296008828018,0.6180837432628409,0.6398769111573845,35.41358987460831,36.66224641718567,0.5038736905458729,0.35,2.6,-32.60062777831798,-22.645,-168.22000000000003
132.29357320000054,circle_tension,1244,0.8027206352596412,0.8896459830281486,7.540700900380472e-07,-2.5177661391740444e-07,45.99250452843778,50.97296008828018,0.6180837432628409,0.6398769111573845,35.41358987460831,36.66224641718567,0.53716207847234,0.35,2.6,-34.7543864771604,-22.645,-168.22000000000003
132.39850900000056,circle_tension,1245,0.8027206352596412,0.8896459830281486,4.0260284173769576e-07,-1.3442514374376952e-07,45.99250452843778,50.97296008828018,0.6180837432628409,0.6398769111573845,35.41358987460831,36.66224641718567,0.5710006010083589,0.35,2.6,-36.943738885240826,-22.645,-168.22000000000003
132.5050856000007,circle_tension,1246,0.8027206352596412,0.8896459830281486,2.1470872849608315e-07,-7.168914051017138e-08,45.99250452843778,50.97296008828018,0.6180837432628409,0.6398769111573845,35.41358987460831,36.66224641718567,0.6054039081608775,0.35,2.5945960918391227,-39.169632858008775,-22.645,-167.87036714199124
132.61132730000008,circle_tension,1247,0.8027206352596412,0.8896459830281486,1.1355353564246208e-07,-3.791441283789133e-08,45.99250452843778,50.97296008828018,0.6180837432628409,0.6398769111573845,35.41358987460831,36.66224641718567,0.6396450020949782,0.35,2.560354997905022,-41.38503163554509,-22.645,-165.65496836445493
132.71582730000046,circle_tension,1248,0.8027206352596412,0.8896459830281486,6.025781136910296e-08,-2.0119492748772104e-08,45.99250452843778,50.97296008828018,0.6180837432628409,0.6398769111573845,35.41358987460831,36.66224641718567,0.6733269882155857,0.35,2.526673011784414,-43.5642561375484,-22.645,-163.4757438624516
132.82050160000017,circle_tension,1249,0.8027206352596412,0.8896459830281486,3.222525233957762e-08,-1.0759695980360915e-08,45.99250452843778,50.97296008828018,0.6180837432628409,0.6398769111573845,35.41358987460831,36.66224641718567,0.7064781880919677,0.35,2.4935218119080327,-45.709138769550314,-22.645,-161.33086123044973
132.92519510000056,circle_tension,1250,0.8031044865783126,0.8892354923727073,0.00170794386151612,-0.0018253285591283165,46.01449758895818,50.94944070619383,0.6175530040927385,0.6398187618625802,35.38318076013917,36.65891470801172,0.7391255736040679,0.35,2.460874426395932,-47.8214246121832,-22.645,-159.2185753878168
133.0312689000002,circle_tension,1251,0.8048930652245453,0.8879628976245114,0.008885097788691098,-0.006629400561607639,46.11697559671454,50.8765263980917,0.6155255029414595,0.6400050490319447,35.267013501212965,36.66958817659374,0.7712948622858458,0.35,2.4287051377141538,-49.90277758989422,-22.645,-157.13722241010575
133.13787990000037,circle_tension,1252,0.8114031142572262,0.8834156835325857,0.03372263089581415,-0.02353066043517663,46.48997393071038,50.61599022208194,0.6082153521893137,0.6407006752552823,34.84817271551063,36.709444623309615,0.8030106054606958,0.35,2.3969893945393044,-51.95478617330702,-22.645,-155.085213826693
133.24107860000004,circle_tension,1253,0.8152377149420542,0.8806247236649484,0.03500340490043504,-0.02472972390657642,46.709680366068994,50.45608000087593,0.6038403070240597,0.6409967141437278,34.59750109236246,36.72640640218928,0.8342962698343801,0.35,2.36570373016562,-53.978968658284394,-22.645,-153.06103134171562
133.3519113000002,circle_tension,1254,0.8207418817800152,0.8768585979551252,0.04368118149931123,-0.029971108081441614,47.025045895620025,50.24029689258735,0.5977357377905946,0.6415551329198149,34.2477350395395,36.75840144125994,0.8651743131431588,0.35,2.334825686856841,-55.97677806036238,-22.645,-151.06322193963763
133.45732950000001,circle_tension,1255,0.8219702767412063,0.8759385912755063,0.028055662331839943,-0.019521447341056583,47.095427742471415,50.18758439272135,0.59632088239252,0.6416150098839061,34.166669796608524,36.76183213859242,0.8956662543961408,0.35,2.3043337456038593,-57.94960665943031,-22.645,-149.0903933405697
133.56741190000048,circle_tension,1256,0.8241139113789204,0.8743470166686345,0.02452686124196473,-0.017424249113548534,47.21824896003049,50.0963938849674,0.5938631156624711,0.6417236986530916,34.02585013594905,36.768059546347224,0.9257927391980171,0.35,2.2742072608019823,-59.89879022611171,-22.645,-147.14120977388825
133.67155309999998,circle_tension,1257,0.8306821026283693,0.869490536894735,0.04166245580251517,-0.030057073707464386,47.59457859765867,49.81813809063231,0.5863602968360322,0.6420244512819233,33.595970282742805,36.78529140265674,0.9555736005916418,0.35,2.2444263994083578,-61.825611958279225,-22.645,-145.21438804172075
133.77917720000005,circle_tension,1258,0.8333954775184935,0.8678112179853824,0.03452056083864501,-0.02351236110956515,47.750043527099564,49.72192020466989,0.5834869700901248,0.6423700380593094,33.431340787040256,36.80509206645649,0.9850279158183817,0.35,2.2149720841816185,-63.731306153449296,-22.645,-143.3086938465507
133.88395889999993,circle_tension,1259,0.8344305451441231,0.8667488426026875,0.022795479065377898,-0.017049303865209177,47.80934853355876,49.661050578982874,0.5821082702174922,0.6421865133257606,33.35234710312318,36.79457687378788,1.014174059357245,0.35,2.185825940642755,-65.61706164041375,-22.645,-141.42293835958625
133.99429400000008,circle_tension,1260,0.8388555509897397,0.8637314982464008,0.03204816034393952,-0.022465427743023576,48.06288269283331,49.48816948203003,0.5772443661177508,0.642511511841063,33.073665926251614,36.81319791706273,1.0430297525706993,0.35,2.156970247429301,-67.48402499132425,-22.645,-139.55597500867577
134.1009780000004,circle_tension,1261,0.8412868983754507,0.8619260137474211,0.027297913448355124,-0.01946479980806001,48.20218863656471,49.3847228402622,0.574477130168892,0.6425671016224169,32.91511498546513,36.81638297691836,1.0716121102556513,0.35,2.1283878897443484,-69.33330353354064,-22.645,-137.70669646645936
134.20803200000046,circle_tension,1262,0.8423558640341877,0.8610175017480033,0.019211081306529782,-0.014305143989321775,48.26343585725477,49.33266893705857,0.5731851173881585,0.6425028867803598,32.84108810605213,36.812703737486395,1.0999376843719475,0.35,2.1000623156280525,-71.165968178865,-22.645,-135.874031821135
134.3127639000004,circle_tension,1263,0.8487322761733793,0.8564039907191803,0.03845242613073103,-0.02771331864026747,48.62877736126644,49.068334226369956,0.5660273984651542,0.6426824873189773,32.43098102082306,36.82299409034745,1.1280225051971664,0.35,2.0719774948028333,-72.98305608625667,-22.645,-134.0569439137433
134.41779510000015,circle_tension,1264,0.8623015218393206,0.8473582669921904,0.08206793113787111,-0.05449755761705355,49.406237869101055,48.55005243417209,0.5513688645898642,0.6434348512482768,31.591108895919405,36.86610136815419,1.1558821201354337,0.35,2.0441178798645665,-74.78557317276257,-22.645,-132.25442682723747
134.5270571000001,circle_tension,1265,0.8716090545228052,0.8415098293977861,0.08615259582988516,-0.05461576112294086,49.939520209544796,48.214961643267074,0.5415922474759233,0.6440625982364364,31.030949997375217,36.90206862117778,1.183531630389459,0.35,2.016468369610541,-76.574496486198,-22.645,-130.46550351380202
134.6319781000002,circle_tension,1266,0.8718919421267755,0.8414981020143266,0.04624667332148736,-0.02857073582068783,49.95572847532886,48.214289713690114,0.5414024833264759,0.6442068043273363,31.02007731250899,36.91033102156643,1.2109857256879442,0.35,1.9890142743120558,-78.35077645201,-22.645,-128.68922354799003
134.73717900000065,circle_tension,1267,0.8718919421267755,0.8414981020143266,0.02471406794128715,-0.015268105908862729,49.95572847532886,48.214289713690114,0.5414024833264759,0.6442068043273363,31.02007731250899,36.91033102156643,1.2382587172457162,0.35,1.961741282754284,-80.11533900579785,-22.645,-126.92466099420217
134.8501578000005,circle_tension,1268,0.8718919421267755,0.8414981020143266,0.01315741019744081,-0.008128517444320586,49.95572847532886,48.214289713690114,0.5414024833264759,0.6442068043273363,31.02007731250899,36.91033102156643,1.2653645691204969,0.35,1.9346354308795028,-81.86908762209615,-22.645,-125.17091237790385
134.95704220000061,circle_tension,1269,0.8721718219863259,0.8414854103276539,0.007973822694529962,-0.004236310501342573,49.97176441005182,48.213562533608865,0.5412139987649602,0.6443485883705664,31.00927794263077,36.91845464884582,1.2923169281182145,0.35,1.9076830718817854,-83.61290524924848,-22.645,-123.42709475075152
135.06362979999994,circle_tension,1270,0.8721718219863259,0.8414854103276539,0.00421813919246002,-0.0022410013417280307,49.97176441005182,48.213562533608865,0.5412139987649602,0.6443485883705664,31.00927794263077,36.91845464884582,1.3191291523881516,0.35,1.8808708476118485,-85.34765615951342,-22.645,-121.6923438404866
135.16823280000062,circle_tension,1271,0.8740089977930436,0.8400016046902427,0.010366150211590828,-0.007728099460191843,50.077026830000285,48.12854673296748,0.5390770615142974,0.6442038634091642,30.886840457083498,36.910162519367276,1.345814338839711,0.35,1.854185661160289,-87.07418772292931,-22.645,-119.9658122770707
135.2767799000003,circle_tension,1272,0.8844560663057237,0.8329205232041383,0.052510535736410596,-0.035379889146838185,50.67559976406086,47.72283064942548,0.5278303697934527,0.6443226666029704,30.24245248799437,36.91696944096505,1.3723853495042355,0.35,1.8276146504957644,-88.79333211292405,-22.645,-118.24666788707596
135.3810508000006,circle_tension,1273,0.9050003337105865,0.8201753775880342,0.1196807815083517,-0.07306150238590804,51.85269957954769,46.99258759634304,0.5066102885070197,0.6450067174692901,29.026631389357227,36.95616266857743,1.3988548369578244,0.35,1.8011451630421758,-90.50590795117124,-22.645,-116.53409204882878
135.48546549999992,circle_tension,1274,0.9190684524183652,0.8138225336384246,0.1286508741816261,-0.06643286837754567,52.658743407192446,46.6285964501252,0.49363303785577,0.6470189643240364,28.28308969735722,37.07145592069286,1.4252352689144359,0.35,1.7747647310855643,-92.212721898764,-22.645,-114.82727810123602
135.59349160000056,circle_tension,1275,0.9377547280534131,0.8173919171480465,0.15188818282900324,-0.017896914545413214,53.72938813589883,46.833107060690125,0.48356883293041525,0.6590073823845034,27.706453230979616,37.75834167859604,1.45153895209328,0.35,1.7484610479067202,-93.91457020043522,-22.645,-113.1254297995648
135.6985424000004,circle_tension,1276,0.9719566999971123,0.8230413290210238,0.2287949596744672,0.01970455548348475,55.68901677929765,47.156794517742824,0.46393555455051017,0.6798241173278599,26.581549241805607,38.95105273409287,1.477778055458914,0.35,1.722221944541086,-95.61224018819173,-22.645,-111.42775981180827
135.8092673000001,circle_tension,1277,1.0546441812125007,0.8177673233319458,0.49084865351656815,0.00782720914737531,60.42666047150668,46.85461625063067,0.40359861612725795,0.7112324178281368,23.124497321412523,40.75061579443737,1.5039646329287701,0.35,1.69603536707123,-97.30651175049144,-22.645,-109.73348824950858
135.91511489999994,circle_tension,1278,1.1375851564998145,0.812963764808024,0.6147767599456023,0.012677763479288798,65.17882830416862,46.579392620565855,0.3412720198536835,0.7378641415300131,19.5534464035209,42.2765011637134,1.530110645639057,0.35,1.6698893543609432,-98.99815877284699,-22.645,-108.04184122715303
136.01937940000062,circle_tension,1279,1.199186438431318,0.8173991186401031,0.59769395659841,0.049773902774193,68.70832177143927,46.833519675791166,0.2968106212464119,0.7616067057667864,17.005995912075402,43.63684988929875,1.556227983856991,0.35,1.643772016143009,-100.68795055554732,-22.645,-106.35204944445269
136.12390770000002,circle_tension,1280,1.234792468099493,0.8276419711718955,0.4714741314359874,0.08393982609621572,70.7483969966433,47.42039189603776,0.27288767627591803,0.7813600633395787,15.635312131742385,44.768633909432545,1.5823284886250195,0.35,1.6176715113749802,-102.37665321403877,-22.645,-104.66334678596122
136.22804160000032,circle_tension,1281,1.2493571938141717,0.8355927779723566,0.3125050933198495,0.08355802743819496,71.58289430986004,47.8759395694281,0.2639907568910676,0.7927951632519218,15.125556200322327,45.42381687272022,1.60842397322111,0.35,1.5915760267788899,-104.06503106740583,-22.645,-102.97496893259418
136.33451670000068,circle_tension,1282,1.2646825999489426,0.8376260034906389,0.23473709055062117,0.05649380837600786,72.46097540070632,47.992434810423966,0.2524230470516674,0.798686375895352,14.46277524789274,45.761358493402874,1.6345262445176538,0.35,1.5654737554823464,-105.75384802029221,-22.645,-101.28615197970781
136.43930100000034,circle_tension,1283,1.2896901219481034,0.8341655818136146,0.23448908545568495,0.018380148570524526,73.89380086733878,47.794167252994896,0.23141305074820087,0.8014238690143042,13.258991132118647,45.91820529556494,1.6606471243211547,0.35,1.539352875678845,-107.4438689435787,-22.645,-99.59613105642129
136.54590520000056,circle_tension,1284,1.3011503462500844,0.8321507355346935,0.17653642513706333,0.002289572496427308,74.55042335211556,47.67872506484508,0.22167682278276335,0.8020811884665234,12.701146361321833,45.955866925968955,1.6867984707747792,0.35,1.513201529225221,-109.13586105912822,-22.645,-97.9041389408718
136.66042920000018,circle_tension,1285,1.3014125052203775,0.8320877580486974,0.09456756634040892,0.0009542321933934792,74.56544395467485,47.675116720693154,0.22144978171643667,0.8020785692637911,12.688137866445164,45.9557168567067,1.7129921999059325,0.35,1.4870078000940672,-110.83059533391383,-22.645,-96.20940466608616
136.76915830000053,circle_tension,1286,1.3015667511941285,0.8320858460506666,0.04905069694368454,0.00048640742206648274,74.57428159797766,47.67500717127555,0.22132555312249186,0.8021108743390011,12.681020092317283,45.957567801173084,1.7392403074025293,0.35,1.4607596925974708,-112.52884788894366,-22.645,-94.51115211105636
136.87667599999986,circle_tension,1287,1.3016649551410016,0.8320699029301188,0.026143542007891322,0.00018746074578701697,74.57990826966501,47.6740936977559,0.22124254241877106,0.8021172363103886,12.676263929339669,45.957932315282974,1.7655548907026675,0.35,1.4344451092973327,-114.23140142846259,-22.645,-92.80859857153743
136.98763850000068,circle_tension,1288,1.3017803036531141,0.8320874314898019,0.014293369179389611,0.00017723542957238673,74.58651725258218,47.675098010246685,0.2211546767101992,0.8021596490802209,12.671229595074575,45.96036238799182,1.7919481714848566,0.35,1.4080518285151435,-115.93904669507023,-22.645,-91.10095330492979
137.09209030000056,circle_tension,1289,1.30188795792124,0.8321173450698627,0.007898960876609427,0.00022248033966109658,74.59268538779236,47.67681193213429,0.22107626693478463,0.8022122912074439,12.666737045870752,45.96337855970629,1.818432518648577,0.35,1.3815674813514227,-117.65258395656294,-22.645,-89.38741604343706
137.1974608999999,circle_tension,1290,1.3044037221077271,0.8315826236637376,0.015442678430863492,-0.0022430566879301176,74.73682805792824,47.64617465234802,0.21891662549073185,0.8022500676617087,12.542998705864989,45.965542991100634,1.845020471878052,0.35,1.354979528121948,-119.37282453050997,-22.645,-87.66717546949005
137.30149729999994,circle_tension,1291,1.3289347853376103,0.8283938611293165,0.1176927080280188,-0.014082994680426737,76.14235444796911,47.46347201725625,0.19840894456638358,0.8042824627410391,11.367995141298886,46.08199065144942,1.8717247658864342,0.35,1.328275234113566,-121.1005923528523,-22.645,-85.93940764714772
137.40779100000054,circle_tension,1292,1.3439536167055337,0.826494987906302,0.1304976164755731,-0.01481620030030385,77.00287009856982,47.35467459574712,0.1858805784792704,0.8053212871757769,10.650172640312471,46.141510907214965,1.8985583554420473,0.35,1.3014416445579524,-122.83672559710047,-22.645,-84.20327440289952
137.5159779000005,circle_tension,1293,1.3438873080899407,0.8264964083652772,0.06885500919161582,-0.007848371875186689,76.99907089475097,47.354755982051365,0.18593429736643632,0.8053103439690519,10.653250505827218,46.14088390765528,1.925534441283729,0.35,1.2744655587162712,-124.58207835105728,-22.645,-82.45792164894274
137.6220189000005,circle_tension,1294,1.343847006545559,0.8265736900141071,0.03600914202806616,-0.003787711992380431,76.99676178635005,47.359183894363134,0.18598414131017474,0.8053781498182416,10.656106353437718,46.14476889664015,1.9526664970388388,0.35,1.2473335029611612,-126.33752235841287,-22.645,-80.70247764158714
137.72681280000052,circle_tension,1295,1.343847006545559,0.8265736900141071,0.01912164136803238,-0.0020113578453839005,76.99676178635005,47.359183894363134,0.18598414131017474,0.8053781498182416,10.656106353437718,46.14476889664015,1.979968297264028,0.35,1.2200317027359722,-128.1039488329826,-22.645,-78.9360511670174
137.8316132,circle_tension,1296,1.3439072214608725,0.8266587596661021,0.010464008510971574,-0.0006940679940940836,77.00021184686125,47.3640580263871,0.18595478139737515,0.8054722367705499,10.65442415434743,46.150159681914666,2.0074539467375545,0.35,1.1925460532624452,-129.88227035391978,-22.645,-77.15772964608021
137.93739189999997,circle_tension,1297,1.3439072214608725,0.8266587596661021,0.005589740671270609,-0.00037076232221591374,77.00021184686125,47.3640580263871,0.18595478139737515,0.8054722367705499,10.65442415434743,46.150159681914666,2.035137911140587,0.35,1.1648620888594126,-131.673422850796,-22.645,-75.36657714920399
138.04406670000026,circle_tension,1298,1.3439072214608725,0.8266587596661021,0.0029760999415836737,-0.00019740195303861698,77.00021184686125,47.3640580263871,0.18595478139737515,0.8054722367705499,10.65442415434743,46.150159681914666,2.06303504927513,0.35,1.1369649507248702,-133.47836768810092,-22.645,-73.5616323118991
138.14941570000065,circle_tension,1299,1.3439072214608725,0.8266587596661021,0.0015734454442651454,-0.00010436517919232703,77.00021184686125,47.3640580263871,0.18595478139737515,0.8054722367705499,10.65442415434743,46.150159681914666,2.091160646978128,0.35,1.1088393530218719,-135.29809385948488,-22.645,-71.74190614051511
138.2551598,circle_tension,1300,1.3439072214608725,0.8266587596661021,0.0008368352035722822,-5.550650408222949e-05,77.00021184686125,47.3640580263871,0.18595478139737515,0.8054722367705499,10.65442415434743,46.150159681914666,2.1195304529036196,0.35,1.08046954709638,-137.1336203028642,-22.645,-69.90637969713579
138.3589179999999,circle_tension,1301,1.3501224612596836,0.8255597089162146,0.028068158412692636,-0.004834326729513353,77.35631885599486,47.30108705694785,0.18070445075608949,0.805540026604988,10.353602367553545,46.154043753321865,2.1481607163594227,0.35,1.0518392836405774,-138.98599834845464,-22.645,-68.05400165154536
138.46278400000028,circle_tension,1302,1.3890169396857983,0.8220139961132263,0.1897795714528992,-0.015164949554823304,79.58480831617386,47.09793267797112,0.1486036309197453,0.8084701421100865,8.51436087202119,46.32192700524985,2.1770682274013415,0.35,1.0229317725986584,-140.8563143128668,-22.645,-66.1836856871332
138.56623450000006,circle_tension,1303,1.4279353199974771,0.8238462423088121,0.27512031358441286,0.006093521310355109,81.8146672535181,47.20291265200709,0.11729556546479036,0.8154534819894051,6.720540856732942,46.7220429072402,2.2062703594052,0.35,0.9937296405947996,-142.74569225351647,-22.645,-64.29430774648354
138.67091590000018,circle_tension,1304,1.4509191709186053,0.8370561008799008,0.24660267743938571,0.06618384587393608,83.13154490825661,47.95978179609519,0.10010374475139588,0.8310488290750491,5.7355220877098505,47.61559047528925,2.2357851143578853,0.35,0.9642148856421148,-144.65529689895519,-22.645,-62.38470310104483
138.77523380000002,circle_tension,1305,1.4682734890009437,0.8514068086968605,0.2045740546728808,0.1016347057982073,84.12587409070217,48.782016787032376,0.08713580832053204,0.8469361869726076,4.992514061227408,48.52586903043319,2.265631171130671,0.35,0.9343688288693289,-146.58633677215443,-22.645,-60.45366322784558
138.8798925000001,circle_tension,1306,1.4944030406051532,0.8648247860402222,0.22051864877693925,0.11778813238020124,85.62298711819267,49.550810258409165,0.06600256587577438,0.8623024828024851,3.7816684617160603,49.40629292823465,2.295827937023764,0.35,0.9041720629762361,-148.54006752543754,-22.645,-58.49993247456248
138.9838109000002,circle_tension,1307,1.5209801786914223,0.875434430655875,0.23149245981764197,0.1142990306960296,87.14574496207229,50.15869811701977,0.04359273572214815,0.8743483949605186,2.497679774308268,50.096472855275294,2.3263956028989825,0.35,0.8736043971010174,-150.5177955075642,-22.645,-56.52220449243583
139.0892418000003,circle_tension,1308,1.5505615923323912,0.8847014488249443,0.2508570962972241,0.10731902762593372,88.84063511573052,50.68965914677849,0.017900477295280146,0.8845203369428861,1.0256218002893074,50.67928220031689,2.3573552022495643,0.35,0.842644797750436,-152.52088158554682,-22.645,-54.51911841445321
139.19721870000012,circle_tension,1309,1.5744540939368363,0.8926081670722371,0.23635419580609682,0.09634420591113689,90.20957461967478,51.14268073214745,-0.0032649455437063577,0.8926021958603145,-0.18706759999442016,51.1423386069057,2.3887286745915004,0.35,0.8112713254084998,-154.55074524607008,-22.645,-52.489254753929934
139.3057305000002,circle_tension,1310,1.575853817377415,0.8962423111920647,0.1299132718955794,0.06679861779973827,90.28977286530547,51.35090185235585,-0.004532717725315685,0.8962308490790284,-0.2597055953847275,51.35024512165457,2.4205389336007954,0.35,0.7794610663992049,-156.60886900397148,-22.645,-50.43113099602856
139.41157790000034,circle_tension,1311,1.5761720224257703,0.8963616105271043,0.06953222802128346,0.0355890162899534,90.30800467159598,51.35773720075234,-0.004818543985518021,0.8963486589829895,-0.27608223376832947,51.35699513193639,2.452809940466199,0.35,0.7471900595338014,-158.69680314816307,-22.645,-48.34319685183695
139.51914660000057,circle_tension,1312,1.5762620935875429,0.8964073475718596,0.03729444268015845,0.019091923422966523,90.31316536902139,51.36035774038422,-0.004899529117706512,0.8963939576967492,-0.2807223400460391,51.35959055705219,2.485566782977448,0.35,0.7144332170225522,-160.8161708586409,-22.645,-46.22382914135913
139.62888590000057,circle_tension,1313,1.5765200911561017,0.8963569205517411,0.020799274892653694,0.00985119318328858,90.32794754082445,51.357468484958005,-0.005130507782829811,0.8963422376028537,-0.2939564427151697,51.35662721395595,2.5188357609260343,0.35,0.681164239073966,-162.96867373191444,-22.645,-44.0713262680856
139.7347319999999,circle_tension,1314,1.5765200911561017,0.8963569205517411,0.010879732858018892,0.005152984934334028,90.32794754082445,51.357468484958005,-0.005130507782829811,0.8963422376028537,-0.2939564427151697,51.35662721395595,2.5526444784601345,0.35,0.6473555215398655,-165.1560977563707,-22.645,-41.8839022436293
139.8391089000006,circle_tension,1315,1.5811485479471319,0.8914220571391865,0.02643725421722594,-0.01906885967887809,90.59313858060914,51.07472163894511,-0.00922803344770058,0.8913742913910785,-0.5287273697588013,51.07198486317323,2.5870219441080238,0.35,0.6129780558919762,-167.38031978378913,-22.645,-39.65968021621086
139.94463189999988,circle_tension,1316,1.6216620874093923,0.8651190832981377,0.20098006758174547,-0.12361336784035172,92.91439340493338,49.56767224921,-0.04398596679735616,0.8640001522057227,-2.5202102552910786,49.50356222004866,2.6,0.35,0.5782406591140883,-168.22000000000003,-22.645,-37.41217064468152
140.0561161000005,circle_tension,1317,1.7535666164585937,0.8121537751857222,0.7440294803068858,-0.25430444826475473,100.47196621811338,46.53298363375857,-0.14761253427556686,0.7986265048651748,-8.457575217220187,45.757928136058624,2.6,0.35,0.5440059830328644,-168.22000000000003,-22.645,-35.19718710222633
140.16339980000066,circle_tension,1318,1.908774968043649,0.7672045709994748,1.1364912086707797,-0.23374543389211014,109.36474970911966,43.95758394141482,-0.2543902799055913,0.7238013810791211,-14.575489387742056,41.4707643415738,2.6,0.35,0.5103288527839472,-168.22000000000003,-22.645,-33.018276775121386
140.2692992000002,circle_tension,1319,2.0930657527783287,0.735121485369897,1.4864137468493164,-0.12084628377336509,119.9238338775708,42.11935854108319,-0.3667141091582445,0.6371219352657063,-21.01117074266718,36.50439792593222,2.6,0.35,0.4771807938786561,-168.22000000000003,-22.645,-30.87359736394905
140.37428809999983,circle_tension,1320,2.2848587921558314,0.7293260845212659,1.6524377932701488,0.0818322249206104,130.9127655738881,41.787306531870094,-0.4776423644470843,0.5511572454831011,-27.366891599467454,31.578984014237548,2.6,0.35,0.4445346924616231,-168.22000000000003,-22.645,-28.761394602267014
140.48315619999994,circle_tension,1321,2.4996763209101376,0.7531055742234228,1.7388383333510666,0.3598119267019525,143.22090333694007,43.14977093077849,-0.6031998047397104,0.450907974522925,-34.56080301470075,25.835123888956055,2.6,0.35,0.4123646986527605,-168.22000000000003,-22.645,-26.679996002833605
140.58983440000065,circle_tension,1322,2.6289255686654087,0.7818595318769008,1.3789884742572918,0.4276653507846959,150.62633973855782,44.79725134862067,-0.6813431973951118,0.3835045957353994,-39.03808961068886,21.973194759509216,2.6,0.35,0.3806461372257818,-168.22000000000003,-22.645,-24.627805078508082
140.6962368000004,circle_tension,1323,2.7245496310251687,0.806403356273867,1.086834183952297,0.40415173081719613,156.10519493166785,46.203508899677054,-0.7372870770922038,0.3266406878553131,-42.243437806919836,18.715132831359565,2.6,0.35,0.35,-168.22000000000003,-22.645,-22.645
140.80224989999988,circle_tension,1324,2.789506552903921,0.8201538394711257,0.8311809745706366,0.3125486537315674,159.82695240548136,46.99135355314554,-0.7698417892647508,0.28283553507449555,-44.108685417669946,16.20528245609296,2.6,0.35,0.35,-168.22000000000003,-22.645,-22.645
140.91164800000024,circle_tension,1325,2.8329138456771172,0.8135344953198259,0.6285906347893369,0.15547801245179085,162.31400708147424,46.61209307013145,-0.7750834216731332,0.24715190576394905,-44.40900883242925,14.160761098889324,2.6,0.35,0.35,-168.22000000000003,-22.645,-22.645
141.0185545000004,circle_tension,1326,2.851947505284209,0.8105356995542523,0.41214361952183387,0.0741225004015769,163.40455544564924,46.44027472914238,-0.7767730666495545,0.23149886215648677,-44.50581835845367,13.263907763647504,2.6,0.35,0.35,-168.22000000000003,-22.645,-22.645
141.12289510000028,circle_tension,1327,2.8574538063966752,0.8059845019975598,0.24321454564275835,0.020159315046809678,163.7200432601217,46.179510317413644,-0.7736672769691711,0.2259423864779741,-44.327869717712424,12.945545158301638,2.6,0.35,0.35,-168.22000000000003,-22.645,-22.645
141.2267013999999,circle_tension,1328,2.85693672432829,0.8041513832815947,0.12806355879936093,0.00255784722523917,163.69041663994136,46.07448035164241,-0.7717909918239579,0.22582761605501997,-44.22036649772861,12.938969297453434,2.6,0.35,0.35,-168.22000000000003,-22.645,-22.645
141.33829700000024,circle_tension,1329,2.856392771784435,0.8030126130299245,0.06633039666974017,-0.003746303757982446,163.65925045492307,46.00923362238665,-0.7705752680203681,0.2259270081253795,-44.15071065472933,12.944664043602103,2.6,0.35,0.35,-168.22000000000003,-22.645,-22.645
141.45062680000046,circle_tension,1330,2.855896481388479,0.8012355074869708,0.03226885938758572,-0.009619593443214313,163.6308151098219,45.9074129750261,-0.7687579759336317,0.2258085757811899,-44.04658748801681,12.937878370122197,2.6,0.35,0.35,-168.22000000000003,-22.645,-22.645
141.5555844999999,circle_tension,1331,2.855405788341889,0.7997983002251668,0.014585391635261884,-0.01116633721681232,163.60270046921588,45.82506706463918,-0.7672683285550064,0.22578005456521813,-43.96123698025885,12.936244224820435,2.6,0.35,0.35,-168.22000000000003,-22.645,-22.645
141.6664053000004,circle_tension,1332,2.8549156390807706,0.7986788897360362,0.005602160716373151,-0.010928346015833356,163.57461698522235,45.760929568069315,-0.7660838444639709,0.22583957173464947,-43.89337104094213,12.939654307437415,2.6,0.35,0.35,-168.22000000000003,-22.645,-22.645
141.7743102000004,circle_tension,1333,2.854413631933541,0.7979314542052036,0.0007336728725867138,-0.008907764818372715,163.54585409440068,45.718104666694494,-0.7652535492595125,0.2260124132780095,-43.84579862997671,12.949557398396472,2.6,0.35,0.35,-168.22000000000003,-22.645,-22.645
141.88089240000045,circle_tension,1334,2.85405080895357,0.7974548740902491,-0.0012106185450429725,-0.006792918730028917,163.525065868938,45.69079863750773,-0.7647144828032622,0.2261548938255246,-43.81491239715649,12.9577209324318,2.6,0.35,0.35,-168.22000000000003,-22.645,-22.645
141.98613540000042,circle_tension,1335,2.85377760983992,0.7968365176916374,-0.0018494685395287326,-0.0063260649826998505,163.50941271275912,45.65536942563238,-0.7640597477872388,0.22618827940067143,-43.77739884403893,12.95963378498433,2.6,0.35,0.35,-168.22000000000003,-22.645,-22.645
142.09361140000055,circle_tension,1336,2.8533507584721667,0.796122451792323,-0.0028831018842007394,-0.006536001910181085,163.4849559309075,45.61445646330745,-0.7632785222048287,0.2263114132973246,-43.732637915319174,12.966688837577557,2.6,0.35,0.35,-168.22000000000003,-22.645,-22.645
142.19850279999991,circle_tension,1337,2.8532416212363474,0.7959082289846171,-0.0020024605433989367,-0.004391170370845616,163.4787028279073,45.60218240055046,-0.7630484402311496,0.22633379514831492,-43.71945518928532,12.967971223176994,2.6,0.35,0.35,-168.22000000000003,-22.645,-22.645
142.3020372000001,circle_tension,1338,2.8533329496085527,0.7957673060560397,-0.0006632358650617512,-0.0029742295351502576,163.48393555818447,45.59410811150635,-0.7629339992881597,0.22622404407547195,-43.712898206248504,12.961682949906058,2.6,0.35,0.35,-168.22000000000003,-22.645,-22.645
142.40651760000037,circle_tension,1339,2.853270533908333,0.7956554792425261,-0.0006357513325789034,-0.0020977886809200857,163.4803594019865,45.58770090705563,-0.762812667007869,0.22623986541057667,-43.70594637866915,12.96258944563382,2.6,0.35,0.35,-168.22000000000003,-22.645,-22.645
142.51363149999997,circle_tension,1340,2.8532694554143365,0.7955120547455341,-0.0003445545012180229,-0.001759481223317688,163.4802976088323,45.579483288699194,-0.7626749187865659,0.22619990605516785,-43.69805398695305,12.960299943216832,2.6,0.35,0.35,-168.22000000000003,-22.645,-22.645
142.6230015000001,circle_tension,1341,2.853237807481479,0.7955831248843014,-0.0003207407076348598,-0.0006154406520180177,163.47848431584924,45.58355530769997,-0.7627358955121235,0.2262442536242389,-43.701547695976025,12.962840871756267,2.6,0.35,0.35,-168.22000000000003,-22.645,-22.645
142.7298410000003,circle_tension,1342,2.853237807481479,0.7955831248843014,-0.0001680732928914423,-0.00032250080673165596,163.47848431584924,45.58355530769997,-0.7627358955121235,0.2262442536242389,-43.701547695976025,12.962840871756267,2.6,0.35,0.35,-168.22000000000003,-22.645,-22.645
142.83570150000014,circle_tension,1343,2.853237807481479,0.7955831248843014,-8.874747326076698e-05,-0.0001702895875341698,163.47848431584924,45.58355530769997,-0.7627358955121235,0.2262442536242389,-43.701547695976025,12.962840871756267,2.6,0.35,0.35,-168.22000000000003,-22.645,-22.645
142.94216680000045,circle_tension,1344,2.853237807481479,0.7955831248843014,-4.7193049401583824e-05,-9.055452084209516e-05,163.47848431584924,45.58355530769997,-0.7627358955121235,0.2262442536242389,-43.701547695976025,12.962840871756267,2.6,0.35,0.35,-168.22000000000003,-22.645,-22.645
143.04913390000002,circle_tension,1345,2.853237807481479,0.7955831248843014,-2.5019022948938653e-05,-4.800676505982443e-05,163.47848431584924,45.58355530769997,-0.7627358955121235,0.2262442536242389,-43.701547695976025,12.962840871756267,2.6,0.35,0.35,-168.22000000000003,-22.645,-22.645
143.15463200000067,circle_tension,1346,2.853237807481479,0.7955831248843014,-1.3214610029104592e-05,-2.535633307180509e-05,163.47848431584924,45.58355530769997,-0.7627358955121235,0.2262442536242389,-43.701547695976025,12.962840871756267,2.6,0.35,0.35,-168.22000000000003,-22.645,-22.645
143.2604609,circle_tension,1347,2.853237807481479,0.7955831248843014,-7.043856847499582e-06,-1.3515826796397456e-05,163.47848431584924,45.58355530769997,-0.7627358955121235,0.2262442536242389,-43.701547695976025,12.962840871756267,2.6,0.35,0.35,-168.22000000000003,-22.645,-22.645
143.36472649999996,circle_tension,1348,2.853237807481479,0.7955831248843014,-3.7376301758990512e-06,-7.171804194796016e-06,163.47848431584924,45.58355530769997,-0.7627358955121235,0.2262442536242389,-43.701547695976025,12.962840871756267,2.6,0.35,0.35,-168.22000000000003,-22.645,-22.645
143.4711494000003,circle_tension,1349,2.853237807481479,0.7955831248843014,-2.001771946562747e-06,-3.841021119734088e-06,163.47848431584924,45.58355530769997,-0.7627358955121235,0.2262442536242389,-43.701547695976025,12.962840871756267,2.6,0.35,0.35,-168.22000000000003,-22.645,-22.645
143.57724700000017,circle_tension,1350,2.853237807481479,0.7955831248843014,-1.0611331333457291e-06,-2.036113445904361e-06,163.47848431584924,45.58355530769997,-0.7627358955121235,0.2262442536242389,-43.701547695976025,12.962840871756267,2.6,0.35,0.35,-168.22000000000003,-22.645,-22.645
143.6807288,circle_tension,1351,2.85403642950633,0.7976297801871891,0.00352738737852529,0.00906449289316969,163.5242419872994,45.700820018673504,-0.7648789551623686,0.226215495028937,-43.82433596917985,12.961193125620746,2.6,0.35,0.35,-168.22000000000003,-22.645,-22.645
143.78379610000047,circle_tension,1352,2.8613873896210933,0.8170675020285135,0.033882717009598926,0.0918632268902264,163.94542097724434,46.814519443530656,-0.785200800894859,0.22596239763550682,-44.9886919615675,12.946691713171433,2.6,0.35,0.35,-168.22000000000003,-22.645,-22.645
143.88684869999997,circle_tension,1353,2.866087218979848,0.8352521809982464,0.03818060176118907,0.13111104898485562,164.21470136393265,47.85642480029665,-0.8037530049813633,0.22721644492808174,-46.05165495638955,13.018543330345784,2.6,0.35,0.35,-168.22000000000003,-22.645,-22.645
143.98938369999996,circle_tension,1354,2.8675724216020297,0.8346426268838288,0.027100975147157327,0.06785154841827362,164.29979720590543,47.821499922155695,-0.8035027687161673,0.22585751100415408,-46.037317474512705,12.940682151867577,2.6,0.35,0.35,-168.22000000000003,-22.645,-22.645
144.0943256999999,circle_tension,1355,2.8717460137519364,0.8345211723419016,0.03311210420706957,0.036040578039075254,164.53892642150402,47.814541089500565,-0.8043213457493463,0.22246968301065725,-46.0842184837202,12.746573906123935,2.6,0.35,0.35,-168.22000000000003,-22.645,-22.645
144.1992175000005,circle_tension,1356,2.874723019747801,0.8342357923203372,0.030843042921337233,0.01801949226822916,164.7094963006522,47.79819001870757,-0.8047047962848183,0.21999897278066957,-46.106188581054774,12.605012637545844,2.6,0.35,0.35,-168.22000000000003,-22.645,-22.645
144.30684180000026,circle_tension,1357,2.875056620025293,0.8339254154341318,0.01796331794045433,0.008248675366724818,164.7286101885969,47.78040673306959,-0.804478726037432,0.21964876020633453,-46.09323571000606,12.584946935104034,2.6,0.35,0.35,-168.22000000000003,-22.645,-22.645
144.4134537,circle_tension,1358,2.8750598646498684,0.8335430678073745,0.009487765916783642,0.002668641921831336,164.72879609189116,47.75849982774956,-0.80411059181114,0.21954544410410243,-46.07214317254522,12.579027358490393,2.6,0.35,0.35,-168.22000000000003,-22.645,-22.645
144.52326820000053,circle_tension,1359,2.8749034556281376,0.8333783357134522,0.004327524744453066,0.0006844145746422683,164.71983451506821,47.74906137401746,-0.803917334485847,0.2196277982171066,-46.06107034344594,12.583745901591074,2.6,0.35,0.35,-168.22000000000003,-22.645,-22.645
144.63478639999994,circle_tension,1360,2.8749117815342853,0.8331554536965359,0.002296366993033935,-0.0006124088321126333,164.7203115543511,47.73629117511879,-0.8037041597198126,0.21956236852737432,-46.04885632905348,12.579997056514564,2.6,0.35,0.35,-168.22000000000003,-22.645,-22.645
144.7400645000007,circle_tension,1361,2.8749125511247495,0.8328857661599794,0.001193985023188496,-0.001482319659126234,164.72035564863666,47.72083921748683,-0.8034441743126498,0.21949067915280643,-46.033960262488065,12.575889557915891,2.6,0.35,0.35,-168.22000000000003,-22.645,-22.645
144.84473380000054,circle_tension,1362,2.874908849337361,0.8327285140886317,0.0006202145405536074,-0.0014888974576216713,164.72014355184263,47.71182933747891,-0.8032916685684001,0.21945221207555918,-46.02522232699105,12.57368555673942,2.6,0.35,0.35,-168.22000000000003,-22.645,-22.645
144.95018510000045,circle_tension,1363,2.8747643059492356,0.832498166382974,-0.0003127547741246893,-0.001823074325453245,164.71186182574652,47.698631386124205,-0.8030377436435029,0.21950758372996076,-46.01067350048127,12.576858118841288,2.6,0.35,0.35,-168.22000000000003,-22.645,-22.645
145.05647360000057,circle_tension,1364,2.8747643059492356,0.832498166382974,-0.0001662134119948493,-0.0009688721932442322,164.71186182574652,47.698631386124205,-0.8030377436435029,0.21950758372996076,-46.01067350048127,12.576858118841288,2.6,0.35,0.35,-168.22000000000003,-22.645,-22.645
145.16347610000048,circle_tension,1365,2.8747643059492356,0.832498166382974,-8.821244214913637e-05,-0.0005141978692977685,164.71186182574652,47.698631386124205,-0.8030377436435029,0.21950758372996076,-46.01067350048127,12.576858118841288,2.6,0.35,0.35,-168.22000000000003,-22.645,-22.645
145.27046150000024,circle_tension,1366,2.8747643059492356,0.832498166382974,-4.658802331136572e-05,-0.0002715655721332227,164.71186182574652,47.698631386124205,-0.8030377436435029,0.21950758372996076,-46.01067350048127,12.576858118841288,2.6,0.35,0.35,-168.22000000000003,-22.645,-22.645
145.37746010000046,circle_tension,1367,2.8747643059492356,0.832498166382974,-2.4603913773365898e-05,-0.0001434183175346385,164.71186182574652,47.698631386124205,-0.8030377436435029,0.21950758372996076,-46.01067350048127,12.576858118841288,2.6,0.35,0.35,-168.22000000000003,-22.645,-22.645
145.48385150000013,circle_tension,1368,2.8747643059492356,0.832498166382974,-1.303042266581137e-05,-7.595544809293273e-05,164.71186182574652,47.698631386124205,-0.8030377436435029,0.21950758372996076,-46.01067350048127,12.576858118841288,2.6,0.35,0.35,-168.22000000000003,-22.645,-22.645
145.59253210000043,circle_tension,1369,2.8747643059492356,0.832498166382974,-6.902377172471558e-06,-4.023454683608008e-05,164.71186182574652,47.698631386124205,-0.8030377436435029,0.21950758372996076,-46.01067350048127,12.576858118841288,2.6,0.35,0.35,-168.22000000000003,-22.645,-22.645
145.70027980000032,circle_tension,1370,2.8747643059492356,0.832498166382974,-3.614974021725222e-06,-2.107199272859144e-05,164.71186182574652,47.698631386124205,-0.8030377436435029,0.21950758372996076,-46.01067350048127,12.576858118841288,2.6,0.35,0.35,-168.22000000000003,-22.645,-22.645
145.80586820000008,circle_tension,1371,2.8747643059492356,0.832498166382974,-1.9079115238471307e-06,-1.1121379438880644e-05,164.71186182574652,47.698631386124205,-0.8030377436435029,0.21950758372996076,-46.01067350048127,12.576858118841288,2.6,0.35,0.35,-168.22000000000003,-22.645,-22.645
145.9119408000006,circle_tension,1372,2.8747643059492356,0.832498166382974,-1.014882993855805e-06,-5.915839764927135e-06,164.71186182574652,47.698631386124205,-0.8030377436435029,0.21950758372996076,-46.01067350048127,12.576858118841288,2.6,0.35,0.35,-168.22000000000003,-22.645,-22.645
146.01956510000036,circle_tension,1373,2.8747643059492356,0.832498166382974,-5.386621295124354e-07,-3.139907619816471e-06,164.71186182574652,47.698631386124205,-0.8030377436435029,0.21950758372996076,-46.01067350048127,12.576858118841288,2.6,0.35,0.35,-168.22000000000003,-22.645,-22.645
146.1250927000001,circle_tension,1374,2.8747643059492356,0.832498166382974,-2.8420230565238294e-07,-1.6566395448943959e-06,164.71186182574652,47.698631386124205,-0.8030377436435029,0.21950758372996076,-46.01067350048127,12.576858118841288,2.6,0.35,0.35,-168.22000000000003,-22.645,-22.645
146.23075490000065,circle_tension,1375,2.8747643059492356,0.832498166382974,-1.5116547564495674e-07,-8.811564853471349e-07,164.71186182574652,47.698631386124205,-0.8030377436435029,0.21950758372996076,-46.01067350048127,12.576858118841288,2.6,0.35,0.35,-168.22000000000003,-22.645,-22.645
146.3351358,circle_tension,1376,2.8747643059492356,0.832498166382974,-8.043019888405177e-08,-4.688345077608768e-07,164.71186182574652,47.698631386124205,-0.8030377436435029,0.21950758372996076,-46.01067350048127,12.576858118841288,2.6,0.35,0.35,-168.22000000000003,-22.645,-22.645
146.43978320000042,circle_tension,1377,2.8747643059492356,0.832498166382974,-4.3052933557528227e-08,-2.5095923163392606e-07,164.71186182574652,47.698631386124205,-0.8030377436435029,0.21950758372996076,-46.01067350048127,12.576858118841288,2.6,0.35,0.35,-168.22000000000003,-22.645,-22.645
146.54798050000045,circle_tension,1378,2.8747643059492356,0.832498166382974,-2.297379683445837e-08,-1.3391622648862315e-07,164.71186182574652,47.698631386124205,-0.8030377436435029,0.21950758372996076,-46.01067350048127,12.576858118841288,2.6,0.38064613722578666,0.35,-168.22000000000003,-24.6278050785084,-22.645
146.65225790000022,circle_tension,1379,2.8747643059492356,0.832498166382974,-1.2086149871449618e-08,-7.045120121950662e-08,164.71186182574652,47.698631386124205,-0.8030377436435029,0.21950758372996076,-46.01067350048127,12.576858118841288,2.6,0.4123646986527576,0.35,-168.22000000000003,-26.679996002833416,-22.645
146.75692059999983,circle_tension,1380,2.8747643059492356,0.832498166382974,-6.46080357486742e-09,-3.7660576571859014e-08,164.71186182574652,47.698631386124205,-0.8030377436435029,0.21950758372996076,-46.01067350048127,12.576858118841288,2.6,0.44453469246162036,0.35,-168.22000000000003,-28.76139460226684,-22.645
146.86263270000018,circle_tension,1381,2.8747643059492356,0.832498166382974,-3.449134393549746e-09,-2.0105299353196668e-08,164.71186182574652,47.698631386124205,-0.8030377436435029,0.21950758372996076,-46.01067350048127,12.576858118841288,2.6,0.47718079387866125,0.35,-168.22000000000003,-30.873597363949383,-22.645
146.96754080000028,circle_tension,1382,2.8747643059492356,0.832498166382974,-1.8351681960338078e-09,-1.0697352359979437e-08,164.71186182574652,47.698631386124205,-0.8030377436435029,0.21950758372996076,-46.01067350048127,12.576858118841288,2.6,0.5103288527839523,0.35,-168.22000000000003,-33.01827677512172,-22.645
147.07553480000024,circle_tension,1383,2.8747643059492356,0.832498166382974,-9.801477453935593e-10,-5.7133650310498085e-09,164.71186182574652,47.698631386124205,-0.8030377436435029,0.21950758372996076,-46.01067350048127,12.576858118841288,2.6,0.5440059830328697,0.35,-168.22000000000003,-35.19718710222667,-22.645
147.1808289999999,circle_tension,1384,2.8747643059492356,0.832498166382974,-5.158265112722582e-10,-3.006796848171075e-09,164.71186182574652,47.698631386124205,-0.8030377436435029,0.21950758372996076,-46.01067350048127,12.576858118841288,2.6,0.5782406591140857,0.35,-168.22000000000003,-37.412170644681346,-22.645
147.2868195000001,circle_tension,1385,2.874824419645943,0.8324821440298457,0.0002667694657146384,-7.109680401787139e-05,164.71530608685882,47.69771337291208,-0.8030354819963981,0.219455086027509,-46.01054391764741,12.573850222056668,2.587021944108018,0.6129780558919816,0.35,-167.38031978378876,-39.659680216211214,-22.645
147.3946206999999,circle_tension,1386,2.8748241836876005,0.832212719094771,0.0001404938467323135,-0.0012285399871482259,164.71529256744162,47.68227646123672,-0.8027755354281454,0.21938425089592628,-45.995650076387626,12.569791667975725,2.552644478460129,0.6473555215398711,0.35,-165.15609775637037,-41.88390224362966,-22.645
147.49997260000055,circle_tension,1387,2.8748865131580494,0.8319266472747305,0.0003473645364503754,-0.0019006206460624665,164.71886378303765,47.66588575331077,-0.8025132504388124,0.21925881810295791,-45.98062225346921,12.5626048983261,2.5188357609260286,0.6811642390739714,0.35,-162.96867373191407,-44.071326268085954,-22.645
147.61339680000037,circle_tension,1388,2.8787502556199556,0.8297741555320414,0.01740999176812969,-0.010553814016897919,164.94023991923035,47.542557061017924,-0.8012758526150053,0.21559721056871,-45.90972458058639,12.352810240380391,2.4855667829774424,0.7144332170225575,0.35,-160.81617085864053,-46.22382914135947,-22.645
147.71909490000053,circle_tension,1389,2.879421995390766,0.8291561704697233,0.011837835188885334,-0.008064956578420362,164.97872777302888,47.50714912514497,-0.8008236287358668,0.21489874519488353,-45.88381406091672,12.312791122324105,2.4528099404662007,0.7471900595337991,0.35,-158.69680314816318,-48.34319685183681,-22.645
147.82934999999998,circle_tension,1390,2.8802452718186142,0.8289291426033961,0.009950031681609186,-0.005289088326566672,165.02589803771718,47.49414138657256,-0.800780959777984,0.21418071321725532,-45.88136930971382,12.271650920450577,2.4205389336007896,0.7794610663992103,0.35,-156.6088690039711,-50.43113099602891,-22.645
147.9351867000005,circle_tension,1391,2.883321086485987,0.826005222502433,0.018641629259517206,-0.01544296392397074,165.20212923672207,47.32661310515391,-0.7986090088782495,0.2109698522059346,-45.75692568984939,12.087682135898792,2.3887286745915026,0.8112713254084973,0.35,-154.55074524607022,-52.48925475392978,-22.645
148.04016200000024,circle_tension,1392,2.893214397689299,0.8200053085105388,0.054158717069079536,-0.03448434291690107,165.76897421408134,46.982843355976875,-0.7948412917111184,0.20158379641346325,-45.541051397773785,11.549900752715866,2.357355202249559,0.8426447977504409,0.35,-152.52088158554648,-54.51911841445353,-22.645
148.14572709999993,circle_tension,1393,2.9073017360947713,0.8136263685347527,0.09251213526963549,-0.046038577715717885,166.57611924928747,46.61735701759705,-0.7913974466423815,0.18888607419015288,-45.34373361003823,10.82237485989071,2.3263956028989776,0.8736043971010223,0.35,-150.51779550756385,-56.522204492436146,-22.645
148.25165319999996,circle_tension,1394,2.9236340673277432,0.8077752733469635,0.12312453766329443,-0.04934820769744677,167.51189289854645,46.282113957807425,-0.7886640474822423,0.17467086889258077,-45.187121374437645,10.007903591427818,2.295827937023766,0.904172062976234,0.35,-148.54006752543768,-58.49993247456234,-22.645
148.36409009999988,circle_tension,1395,2.9345227604585933,0.8070927896865095,0.11398210011222201,-0.02842936316412063,168.13576905935724,46.24301052447677,-0.7898512902914362,0.16593284903510117,-45.25514537666171,9.507251932292732,2.2656311711306802,0.9343688288693199,0.35,-146.58633677215502,-60.453663227845006,-22.645
148.47057649999988,circle_tension,1396,2.9477539385385656,0.8077992458894879,0.1155499614332717,-0.010671789216653947,168.89385972132567,46.283487483318275,-0.7926708027345862,0.15560404927807053,-45.416691539938824,8.915455298779126,2.235785114357887,0.9642148856421129,0.35,-144.6552968989553,-62.38470310104471,-22.645
148.57723590000023,circle_tension,1397,2.969061502667044,0.8052204870066689,0.1558991248683747,-0.01517290340005153,170.11469321759182,46.13573548295087,-0.7932656877408103,0.13823740936648238,-45.45077594009108,7.920420127521675,2.206270359405195,0.9937296405948046,0.35,-142.74569225351613,-64.29430774648387,-22.645
148.6843912000004,circle_tension,1398,3.021705333890088,0.7936814009817772,0.3208869418704755,-0.050702929725524336,173.13096256407127,45.474594554286185,-0.7879844501419687,0.0949245626740303,-45.14818331507165,5.438776813347004,2.1770682274013367,1.022931772598663,0.35,-140.8563143128665,-66.1836856871335,-22.645
148.78929020000032,circle_tension,1399,3.061582915324787,0.786099805288474,0.349914243692067,-0.05204943980526268,175.41577967746878,45.04020111908535,-0.7835850154317334,0.06282855613036877,-44.89611427393181,3.5998110991709256,2.148160716359424,1.0518392836405757,0.35,-138.98599834845476,-68.05400165154525,-22.645
148.89610420000008,circle_tension,1400,3.0805740795769845,0.7892333654206535,0.2703334465679992,-0.010402389068188977,176.50389323715942,45.219740889509694,-0.7877645582099734,0.04812801597257374,-45.13558443541934,2.7575321915666895,2.119530452903622,1.0804695470963783,0.35,-137.13362030286433,-69.90637969713568,-22.645
149.00034229999983,circle_tension,1401,3.0951021772208422,0.7928054034002902,0.20605444211435353,0.012242523028154964,177.33629191650644,45.42440359000331,-0.7919487870205619,0.036844625080972526,-45.375323086783105,2.1110415148815846,2.0911606469781434,1.1088393530218568,0.35,-135.29809385948587,-71.74190614051413,-22.645
149.10343860000012,circle_tension,1402,3.1021142545007514,0.7942886460275954,0.14145697065519128,0.013889673358044271,177.7380543502648,45.5093871325418,-0.7936697595143785,0.03134909952039137,-45.4739275473369,1.7961710940540185,2.0630350492751184,1.1369649507248814,0.35,-133.47836768810018,-73.56163231189983,-22.645
149.20714240000052,circle_tension,1403,3.1052164805383846,0.7936855084876919,0.09000574478568875,0.00497070393232923,177.91579880931678,45.47482989703943,-0.7931604537519131,0.0288648746303432,-45.44474647666594,1.6538354924929075,2.035137911140576,1.1648620888594237,0.35,-131.67342285079528,-75.36657714920472,-22.645
149.3108989000002,circle_tension,1404,3.105273153080762,0.7934642239963843,0.048509702034832666,0.0016780741419358898,177.91904590680926,45.4621512296158,-0.7929409497655282,0.028811888989205045,-45.43216982465979,1.6507996388808965,2.007453946737563,1.1925460532624368,0.35,-129.88227035392032,-77.15772964607966,-22.645
149.4181666000004,circle_tension,1405,3.1053217947154543,0.7933088627915145,0.026203542778549492,0.00020635122166262385,177.92183286718577,45.45324968827669,-0.7927870912634555,0.02876768516226964,-45.42335438184882,1.6482669461591712,1.9799682972640356,1.2200317027359642,0.35,-128.1039488329831,-78.93605116701688,-22.645
149.52763950000008,circle_tension,1406,3.1052075445637897,0.7929050715059295,0.013342811748792162,-0.0016693643389363703,177.91528681568664,45.43011415180851,-0.792380275346663,0.0288435722712984,-45.40004554677786,1.652614957225968,1.9526664970388472,1.247333502961153,0.35,-126.33752235841342,-80.7024776415866,-22.645
149.63991820000047,circle_tension,1407,3.1179800725106013,0.7865908341693627,0.06301286654271532,-0.027974611963922723,178.64709876075185,45.06833500157931,-0.7863715609305375,0.018571713946853755,-45.05577157043446,1.0640808274789686,1.925534441283724,1.2744655587162756,0.35,-124.58207835105695,-82.45792164894304,-22.645
149.7492267000007,circle_tension,1408,-3.1278534103308404,0.7739357383328103,0.1975933701973405,-0.06575125320270513,-179.21279934755844,44.34325142081127,-0.7738626927934416,-0.010632956843502,-44.33906621969319,-0.6092235508774103,1.8985583554420367,1.3014416445579633,0.35,-122.83672559709977,-84.20327440290023,-22.645
149.8554707000003,circle_tension,1409,-3.1056414467214766,0.7672380629845476,0.20317593485574906,-0.06105743498639829,-177.94014757804374,43.959502890807,-0.7667422929021244,-0.027577192886031176,-43.9310973574753,-1.5800567631877847,1.871724765886436,1.328275234113564,0.35,-121.10059235285242,-85.93940764714759,-22.645
149.9613102000003,circle_tension,1410,-3.1026769994745496,0.7658951344312425,0.12128185624140912,-0.038084860549960645,-177.77029726220562,43.88255875251502,-0.7653152610480604,-0.029797787709663397,-43.849334455006705,-1.7072874745905082,1.84502047187806,1.35497952812194,0.35,-119.37282453051048,-87.66717546948952,-22.645
150.06885750000038,circle_tension,1411,-3.1004836882406326,0.7646961788906812,0.07433318728301344,-0.025430217845372333,-177.64462978534357,43.813863660217024,-0.7640501218629036,-0.03142701530993456,-43.7768473192006,-1.800635339952273,1.818432518648585,1.3815674813514147,0.35,-117.65258395656346,-89.38741604343653,-22.645
150.17509520000021,circle_tension,1412,-3.0974567054986593,0.7645059646944112,0.05254285547491305,-0.014133608999877605,-177.47119644956956,43.80296518956728,-0.763761463666247,-0.03373124177560728,-43.760308422810326,-1.9326577914776664,1.7919481714848517,1.408051828515148,0.35,-115.93904669506992,-91.10095330493007,-22.645
150.28085569999985,circle_tension,1413,-3.0932187976926175,0.7654764765424789,0.046562813497603134,-0.0030848031114098385,-177.22838221831782,43.858571422429,-0.764581032242204,-0.03701460894476821,-43.8072662432342,-2.1207808728624045,1.7655548907026626,1.4344451092973372,0.35,-114.23140142846228,-92.80859857153771,-22.645
150.38845450000008,circle_tension,1414,-3.088335180188118,0.7666053704153977,0.04629694519100811,0.00349169317343347,-176.94857154655378,43.923252276865426,-0.7655184435423943,-0.040808167640304815,-43.86097595440298,-2.3381357754518057,1.7392403074025307,1.460759692597469,0.35,-112.52884788894374,-94.51115211105625,-22.645
150.49532120000003,circle_tension,1415,-3.084967406936657,0.7666038066572308,0.039201010447151505,0.0019163320731100792,-176.75561235288802,43.92316268012229,-0.7653751086835191,-0.0433859353828891,-43.85276347193233,-2.485830987666851,1.7129921999059405,1.4870078000940596,0.35,-110.83059533391436,-96.20940466608566,-22.645
150.60446000000047,circle_tension,1416,-3.0847396868960115,0.7664115537841358,0.02172727278780806,0.0001697835590923911,-176.74256495564848,43.91214740189468,-0.765173266740673,-0.043549301248358006,-43.84119878047853,-2.495191162274721,1.686798470774781,1.513201529225219,0.35,-109.13586105912833,-97.90413894087168,-22.645
150.7090562000003,circle_tension,1417,-3.0845221214319705,0.7661508551090556,0.01235039376466463,-0.001048381856360746,-176.73009937279113,43.89721046808793,-0.7649034995706189,-0.04370090535626549,-43.82574226018324,-2.5038774378146655,1.6606471243211502,1.53935287567885,0.35,-107.44386894357842,-99.5961310564216,-22.645
150.81524850000005,circle_tension,1418,-3.0842577812283887,0.766015069900812,0.007783593658028821,-0.0011642105924133527,-176.71495379477025,43.88943054873527,-0.7647563588535741,-0.04389531761098715,-43.81731171810204,-2.5150164394958394,1.634526244517649,1.5654737554823512,0.35,-105.7538480202919,-101.28615197970812,-22.645
150.92347289999998,circle_tension,1419,-3.084106996277279,0.7658518525460134,0.004791986405882669,-0.001337273968692027,-176.7063144534576,43.88007888316202,-0.7645867836615335,-0.04400125337160317,-43.807595775288,-2.5210861114786454,1.6084239732211114,1.5915760267788885,0.35,-104.06503106740591,-102.9749689325941,-22.645
151.02984809999998,circle_tension,1420,-3.0840283652531824,0.7656249413473011,0.002860296897018507,-0.0016943908971678418,-176.70180922763805,43.86707782915155,-0.7643567860835893,-0.04404831870826052,-43.79441788477356,-2.523782756630474,1.5823284886250208,1.6176715113749789,0.35,-102.37665321403885,-104.66334678596114,-22.645
151.1347549000002,circle_tension,1421,-3.076552035236016,0.7631390645597144,0.03472373640885828,-0.011796658097933059,-176.27344707140745,43.72464758083329,-0.7615254867663169,-0.04960004901610408,-43.632196383355584,-2.841873472264775,1.5562279838569926,1.6437720161430076,0.35,-100.68795055554742,-106.3520494444526,-22.645
151.23954200000026,circle_tension,1422,-3.0345106406562756,0.7527487825914051,0.20861823912159097,-0.04890563127422528,-173.86465259714416,43.129328276098285,-0.748437186288105,-0.08045189788927827,-42.882292004954984,-4.609554202873101,1.5301106456390519,1.669889354360948,0.35,-98.99815877284666,-108.04184122715334,-22.645
151.3513169000007,circle_tension,1423,-2.9816399779348806,0.7498567016929294,0.34993685067400737,-0.029866431560845674,-170.83538676314856,42.96362424660523,-0.7402846473462795,-0.11943079157902857,-42.41518593127233,-6.84288030138491,1.5039646329287657,1.6960353670712345,0.35,-97.30651175049114,-109.73348824950888,-22.645
151.45716790000006,circle_tension,1424,-2.9647785302811767,0.7594321765688018,0.2507922700400694,0.028575079526344856,-169.86929697611055,43.51225854382627,-0.7475919189119064,-0.13357976488091808,-42.8338617517387,-7.653556756026459,1.477778055458909,1.722221944541091,0.35,-95.61224018819142,-111.42775981180858,-22.645
151.56111920000058,circle_tension,1425,-2.9440631571473057,0.7693841846428476,0.22164032503917647,0.06206719928051206,-168.68239352450107,44.08246660414922,-0.7544230473640593,-0.15098969893494701,-43.225256581358806,-8.651072498923405,1.451538952093275,1.7484610479067246,0.35,-93.91457020043491,-113.12542979956508,-22.645
151.66490909999993,circle_tension,1426,-2.9303158990345026,0.7768995644938509,0.17782910204078783,0.06840339489917145,-167.89473365476047,44.51306615104936,-0.759624398993898,-0.1629223918431546,-43.523272077512054,-9.334765440789388,1.425235268914431,1.7747647310855688,0.35,-92.21272189876369,-114.8272781012363,-22.645
151.7769287000001,circle_tension,1427,-2.921715027382092,0.7811706068645033,0.1327460394677713,0.056569892793203465,-167.40194000894363,44.7577788530093,-0.7623632586421539,-0.17038127509081727,-43.680197176035804,-9.762127970761291,1.3988548369578133,1.8011451630421869,0.35,-90.50590795117053,-116.53409204882949,-22.645
151.8827224000006,circle_tension,1428,-2.9106441054601624,0.7790890378146469,0.11610210502482517,0.0210556863807053,-166.7676229074982,44.63851373168747,-0.7584039974256512,-0.1783342522673229,-43.453348218340366,-10.217799997538934,1.3723853495042309,1.8276146504957693,0.35,-88.79333211292374,-118.24666788707628,-22.645
151.9874735000003,circle_tension,1429,-2.872740201913943,0.7751301748737149,0.23005407673139056,-0.0020503391580275745,-164.59588920722888,44.41168759350131,-0.7472846689399182,-0.20589417565126206,-42.81625762508827,-11.796867291142554,1.345814338839706,1.8541856611602938,0.35,-87.07418772292898,-119.96581227707101,-22.645
152.0919119,circle_tension,1430,-2.835179054583005,0.7715410448735022,0.29130534400661234,-0.011058195587868034,-162.44379399149705,44.206045592365335,-0.735603824602244,-0.23272859118519665,-42.14699454339026,-13.334366046937301,1.3191291523881468,1.8808708476118534,0.35,-85.3476561595131,-121.69234384048693,-22.645
152.19609430000037,circle_tension,1431,-2.8307934609072913,0.7724501273575641,0.17529202057155405,-0.0013031564030467758,-162.19251798321937,44.25813218193135,-0.7354416286106953,-0.23623041751892407,-42.137701397620575,-13.535005916447654,1.292316928118216,1.9076830718817837,0.35,-83.61290524924858,-123.42709475075141,-22.645
152.29972460000045,circle_tension,1432,-2.82575145311952,0.7741658507686524,0.11617793220802997,0.007372033368665863,-161.903632216708,44.356435892198505,-0.7358720658129421,-0.24046843296479573,-42.16236363265473,-13.777826315007353,1.265364569120492,1.9346354308795077,0.35,-81.86908762209583,-125.17091237790416,-22.645
152.40725850000035,circle_tension,1433,-2.822723437674023,0.7747192089826466,0.07564194750465741,0.006577524012418283,-161.7301397113806,44.388140982419266,-0.735666014951686,-0.2428690330441558,-42.150557787939725,-13.915370567853456,1.2382587172457113,1.9617412827542888,0.35,-80.11533900579752,-126.9246609942025,-22.645
152.51182299999982,circle_tension,1434,-2.8208629450968368,0.7748591419277591,0.04811621105062727,0.004152805209899824,-161.6235413388924,44.396158549589046,-0.7353456831021733,-0.24428142821758098,-42.13220412491903,-13.996294850295365,1.2109857256879393,1.9890142743120607,0.35,-78.35077645200967,-128.68922354799034,-22.645
152.61526360000062,circle_tension,1435,-2.8189200835157906,0.7749466932425977,0.03434295165607634,0.002653363592391076,-161.51222357012034,44.40117487042012,-0.7349527234483192,-0.24573740387563137,-42.10968919523427,-14.079716110575436,1.18353163038946,2.0164683696105397,0.35,-76.57449648619807,-130.46550351380193,-22.645
152.71884130000035,circle_tension,1436,-2.817884977456918,0.774658960481655,0.023082034773636365,0.000153910051301841,-161.4529163615985,44.38468899759045,-0.7344251768223646,-0.24640650296604735,-42.0794630000707,-14.118052664532314,1.1558821201354352,2.0441178798645647,0.35,-74.78557317276267,-132.25442682723735,-22.645
152.82235870000022,circle_tension,1437,-2.8169116790742104,0.77424362241213,0.016749940322170285,-0.0017640004227694904,-161.39715047206246,44.360891879135565,-0.7337913642325975,-0.24698870545739576,-42.04314821367479,-14.15141041010858,1.1280225051971615,2.0719774948028387,0.35,-72.98305608625635,-134.05694391374368,-22.645
152.9266430000007,circle_tension,1438,-2.8162540996447425,0.7741206506773451,0.011950903073602191,-0.001493590039458899,-161.35947394605935,44.35384611773299,-0.7335122699491926,-0.2474318727227739,-42.02715728914946,-14.176802024033101,1.099937684371949,2.100062315628051,0.35,-71.1659681788651,-135.8740318211349,-22.645
153.03195740000046,circle_tension,1439,-2.8159318523036188,0.774078637630119,0.007826768134859068,-0.0009840503737775599,-161.34101053345364,44.351438947442446,-0.733392692781001,-0.2476547908091689,-42.02030602208596,-14.18957428956067,1.0716121102556526,2.128387889744347,0.35,-69.33330353354073,-137.70669646645928,-22.645
153.13736210000025,circle_tension,1440,-2.815477634834323,0.7739920077731193,0.00618135364748357,-0.00090616878568248,-161.31498578948188,44.34647542225654,-0.7331980640455174,-0.24796013182882817,-42.009154616970775,-14.207069041299365,1.0430297525707006,2.1569702474292995,0.35,-67.48402499132433,-139.5559750086757,-22.645
153.2433486,circle_tension,1441,-2.815023252176896,0.7737447619558322,0.005304257144600081,-0.0015765068791102988,-161.28895158092737,44.33230928042373,-0.7328511410872726,-0.24821394332545063,-41.98927739564716,-14.22161136884773,1.0141740593572464,2.185825940642754,0.35,-65.61706164041384,-141.42293835958617,-22.645
153.3477253000001,circle_tension,1442,-2.8148836891771927,0.773718936314568,0.0034370463814130227,-0.0009518010609156847,-161.28095521006819,44.33082958017607,-0.7327920329084642,-0.24830793164461504,-41.98589074646673,-14.22699650285938,0.9850279158183761,2.2149720841816234,0.35,-63.73130615344894,-143.30869384655105,-22.645
153.45194590000028,circle_tension,1443,-2.814919336090601,0.7737258462797793,0.0016807312305259412,-0.00047870458036789257,-161.28299762775913,44.33122549201926,-0.7328074283865773,-0.24828402707949612,-41.986772842386195,-14.22562687216697,0.9555736005916434,2.2444263994083564,0.35,-61.82561195827933,-145.21438804172067,-22.645
153.5553619000002,circle_tension,1444,-2.8148415291542963,0.7736499529444091,0.0012463588475643982,-0.0005944623532435576,-161.27853961869204,44.326877124209375,-0.7327162301205065,-0.24831668451571962,-41.981547566641424,-14.227498005432295,0.9257927391980185,2.2742072608019814,0.35,-59.8987902261118,-147.1412097738882,-22.645
153.65941100000055,circle_tension,1445,-2.808343754070894,0.7729915989307815,0.02980967996394004,-0.00319265608196327,-160.90624453018782,44.28915621780302,-0.7304651331438199,-0.2528570767820186,-41.852569210602624,-14.487643319625064,0.8956662543961424,2.304333745603858,0.35,-57.949606659430415,-149.09039334056962,-22.645
153.76362380000046,circle_tension,1446,-2.7503226876056908,0.7711800984209227,0.27520988292528115,-0.003267215909154069,-157.58188229888364,44.18536488400231,-0.7128985386485936,-0.2940993332076828,-40.84607748560842,-16.850650550411924,0.8651743131431602,2.3348256868568398,0.35,-55.97677806036246,-151.06322193963754,-22.645
153.8687802000004,circle_tension,1447,-2.6934037212525332,0.7767275053149285,0.3978172288367814,0.03500785733928576,-154.32066575260058,44.50320788627062,-0.7000127527928574,-0.33658247643054495,-40.107776340365355,-19.284755357531733,0.8342962698343742,2.3657037301656256,0.35,-53.97896865828402,-153.061031341716,-22.645
153.9731371000007,circle_tension,1448,-2.6649424638478827,0.7896470507475151,0.33225360129257453,0.08214782618534286,-152.68995582367864,45.24344331278535,-0.701630476174738,-0.3622942721836202,-40.20046506256674,-20.757932737885337,0.8030106054606971,2.3969893945393026,0.35,-51.954786173307106,-155.0852138266929,-22.645
154.07740160000048,circle_tension,1449,-2.647055510580318,0.8071466898504563,0.2509048543858321,0.1250309693701216,-151.66510889309944,46.246098776385985,-0.710441223959084,-0.3830914332585203,-40.70528372496402,-21.949522293330872,0.7712948622858475,2.4287051377141524,0.35,-49.902777589894335,-157.13722241010566,-22.645
154.1811733000004,circle_tension,1450,-2.632385694368662,0.8222029830769786,0.19487989789303473,0.1360627195961667,-150.82459033793896,47.10876083337712,-0.7178912233045119,-0.4008115977401773,-41.132137244832265,-22.964812930407444,0.7391255736040774,2.460874426395923,0.35,-47.82142461218381,-159.21857538781623,-22.645
154.28524580000067,circle_tension,1451,-2.623213123881916,0.8314325756747872,0.14316727014568675,0.11522684937622021,-150.29904076176217,47.63757753585674,-0.7222016406083405,-0.4119525678956647,-41.3791059642818,-23.60314349999808,0.7064781880919693,2.493521811908031,0.35,-45.709138769550414,-161.3308612304496,-22.645
154.39393310000014,circle_tension,1452,-2.6198594452920894,0.8323907547129675,0.09111607796224334,0.06609717178316749,-150.1068891327217,47.69247715076238,-0.7216467250538561,-0.4148498195138427,-41.34731164502368,-23.769143789907126,0.6733269882155716,2.5266730117844287,0.35,-43.56425613754748,-163.47574386245253,-22.645
154.4970658000002,circle_tension,1453,-2.6181176417758656,0.8307952625619061,0.05553636884773117,0.027818789287182413,-150.00709114250105,47.60106218426031,-0.719541208394725,-0.41530858131895765,-41.22667442676099,-23.795428905142018,0.6396450020949795,2.56035499790502,0.35,-41.385031635545175,-165.65496836445482,-22.645
154.60069810000005,circle_tension,1454,-2.6126340404683255,0.8244872524635589,0.054764539024043574,-0.013118816688095114,-149.69290393104657,47.239639828499115,-0.7118071012452893,-0.41606475468571813,-40.78354272879636,-23.83875444763759,0.6054039081608789,2.594596091839121,0.35,-39.16963285800886,-167.87036714199112,-22.645
154.70458750000034,circle_tension,1455,-2.5735627138871133,0.8089279226624525,0.20796815300273336,-0.07273475407230369,-147.4542818179658,46.348155898843586,-0.6818958622527024,-0.43518090158649453,-39.06975497451399,-24.93402898560417,0.5710006010083769,2.6,0.35,-36.943738885241984,-168.22000000000003,-22.645
154.80805390000023,circle_tension,1456,-2.451920763925685,0.7896185564924729,0.6759735527046068,-0.08748427600382937,-140.4847114734344,45.241810712231064,-0.6091550476112672,-0.5024217279606561,-34.90201329721633,-28.78664454781558,0.5371620784723415,2.6,0.35,-34.7543864771605,-168.22000000000003,-22.645
154.9126640000004,circle_tension,1457,-2.3021877986060857,0.7619527246214893,1.071141483524284,-0.0878142863579164,-131.90564450664266,43.656675309305186,-0.508912703723338,-0.5670800777201692,-29.15855006393896,-32.4912950993164,0.503873690545851,2.6,0.35,-32.60062777831656,-168.22000000000003,-22.645
155.0173433,circle_tension,1458,-2.170694093986974,0.726427773932125,1.2162751994245415,-0.11825943522009416,-124.37161019942765,41.62124556739425,-0.41011067952852504,-0.5995886433853079,-23.497611070226736,-34.35389870995275,0.47110758131738606,2.6,0.35,-30.48066051123488,-168.22000000000003,-22.645
155.1230574000001,circle_tension,1459,-2.029095742898295,0.6542881944298368,1.4240485620759347,-0.2844609777590188,-116.2586222960347,37.48795212606466,-0.2894725732950163,-0.5867696913442423,-16.585556734595816,-33.61942686021907,0.43883722771636297,2.6,0.35,-28.392768633248686,-168.22000000000003,-22.645
155.22713790000034,circle_tension,1460,-1.8755916850255536,0.6042258971809036,1.5845459245215667,-0.2618461443632089,-107.46348764179467,34.6195937809714,-0.18132696637066195,-0.5763761498282877,-10.38926988494954,-33.02392079716087,0.40703734546016157,2.6,0.35,-26.335316251272456,-168.22000000000003,-22.645
155.3312218000001,circle_tension,1461,-1.6549596095501444,0.6459013099998964,1.7336136475088533,0.22645749871082932,-94.82220089184189,37.0074190449651,-0.05429701979395621,-0.6436150525749665,-3.1109900743319816,-36.876426143636166,0.37568380213894503,2.6,0.35,-24.306741998389743,-168.22000000000003,-22.645
155.43765760000042,circle_tension,1462,-1.4661097296718777,0.7327662624837932,1.5115373466111783,0.6707460409645759,-84.00189981326463,41.98441420989682,0.076570767350285,-0.7287546315611695,4.387181803249452,-41.754564689066314,0.35,2.6,0.35,-22.645,-168.22000000000003,-22.645
155.54534000000058,circle_tension,1463,-1.3436322546353099,0.7940773942717004,1.174835787260916,0.7182883661903562,-76.98445740825039,45.49728329851429,0.1788384284795368,-0.7736767571746634,10.246687166629682,-44.32841289347605,0.35,2.6,0.35,-22.645,-168.22000000000003,-22.645
155.65190260000054,circle_tension,1464,-1.2572995263058357,0.7981460963023795,0.9502449364423827,0.4507124962627682,-72.037956441122,45.73040275296851,0.24613778847915044,-0.7592452700710887,14.102656458539098,-43.501549590343735,0.35,2.6,0.35,-22.645,-168.22000000000003,-22.645
155.76069129999996,circle_tension,1465,-1.1974318684885579,0.798825942275911,0.7479650861124639,0.27164571951773137,-68.6077923188586,45.76935505797082,0.29137188695323696,-0.7437911733452524,16.694379391183414,-42.616095071766374,0.35,2.6,0.35,-22.645,-168.22000000000003,-22.645
155.86479770000005,circle_tension,1466,-1.1689100452396042,0.7982396682974477,0.5121228484854512,0.15022609451099173,-66.97361222267544,45.735764033366536,0.31223546048714346,-0.7346397656389156,17.889774100237098,-42.091758033589784,0.35,2.6,0.35,-22.645,-168.22000000000003,-22.645
155.96929590000036,circle_tension,1467,-1.156725269177977,0.7943995206560329,0.32867717643883343,0.06618041166942916,-66.27547598003217,45.51573978080635,0.3196184379775009,-0.7272651872070856,18.312787550674667,-41.66922581375771,0.35,2.6,0.35,-22.645,-168.22000000000003,-22.645
156.07837259999997,circle_tension,1468,-1.1530698246065345,0.792515603488934,0.1926477632011832,0.02757236402858195,-66.06603443384451,45.40779927817934,0.32151050012391885,-0.7243700574178208,18.42119472624088,-41.503347095690245,0.35,2.6,0.35,-22.645,-168.22000000000003,-22.645
156.18272160000015,circle_tension,1469,-1.1530878499118853,0.792361873065888,0.10085802222475923,0.01377101047655458,-66.06706720776555,45.398991173756045,0.3214350797176336,-0.724235339800124,18.416873455271574,-41.49562834477016,0.35,2.6,0.35,-22.645,-168.22000000000003,-22.645
156.28674110000065,circle_tension,1470,-1.153277138949302,0.7920993901564429,0.0531617372830589,0.006192398325989038,-66.07791267071761,45.38395201085052,0.32119154890507173,-0.7240562359362495,18.40292016753039,-41.48536644927566,0.35,2.6,0.35,-22.645,-168.22000000000003,-22.645
156.3913424000002,circle_tension,1471,-1.153349909124433,0.7920067312650569,0.02814226564834929,0.0029004225112127784,-66.08208209462705,45.378643047439745,0.3211012918949082,-0.7239949051703203,18.39774882177655,-41.481852455233614,0.35,2.6,0.35,-22.645,-168.22000000000003,-22.645
156.49597600000016,circle_tension,1472,-1.1533035897176795,0.7918692569077954,0.015244012404429724,0.0009380731629432863,-66.07942818811053,45.37076634697739,0.3210790848620781,-0.7238543647031733,18.396476452519874,-41.4738000796153,0.35,2.6,0.35,-22.645,-168.22000000000003,-22.645
156.6002894000003,circle_tension,1473,-1.1532924709229246,0.7917976203561417,0.00819619407941582,0.0001823466468295414,-66.07879112809779,45.36666187490876,0.32105808604256136,-0.723785311393051,18.39527330878681,-41.46984361638388,0.35,2.6,0.35,-22.645,-168.22000000000003,-22.645
156.7082685000005,circle_tension,1474,-1.1534641160312735,0.791534550918904,0.0036213689784395384,-0.001075968131323124,-66.08862566838025,45.35158910643616,0.32082721899194194,-0.7235999176701774,18.38204560115768,-41.45922133851501,0.35,2.6,0.35,-22.645,-168.22000000000003,-22.645
156.81414570000015,circle_tension,1475,-1.153761228615593,0.7911693305045396,0.0006019217176001659,-0.0021648336642802308,-66.10564896550198,45.33066351810106,0.32046428113605163,-0.7233612887395586,18.36125079378964,-41.44554890792083,0.35,2.6,0.35,-22.645,-168.22000000000003,-22.645
156.92059860000063,circle_tension,1476,-1.1538253258477325,0.791005527184269,3.588358716711833e-05,-0.0018732745231206732,-66.10932146638204,45.32127827917932,0.3203515758492594,-0.7232320594988578,18.354793256527632,-41.438144617838994,0.35,2.6,0.35,-22.645,-168.22000000000003,-22.645
157.0285887,circle_tension,1477,-1.1540173078287255,0.7909636262848987,-0.000828558649546249,-0.0011769437356187048,-66.1203212236355,45.3188775344876,0.3201957602140164,-0.7232552338191027,18.34586567824606,-41.43947240858211,0.35,2.6,0.35,-22.645,-168.22000000000003,-22.645
157.13455860000067,circle_tension,1478,-1.1540736717301636,0.7908774396790798,-0.0006838555081166716,-0.0009980775468931347,-66.1235506373048,45.313939405723616,0.3201201088316077,-0.7231944693614409,18.341531173319712,-41.43599086161369,0.35,2.6,0.35,-22.645,-168.22000000000003,-22.645
157.24110830000063,circle_tension,1479,-1.154127709198597,0.7909387628658721,-0.0006034183919478838,-0.00025911264045714065,-66.12664675618161,45.31745296551311,0.3201058472621145,-0.7232678433003917,18.34071404557852,-41.44019487864182,0.35,2.6,0.35,-22.645,-168.22000000000003,-22.645
157.3467825000007,circle_tension,1480,-1.1542656063303585,0.7908343443925288,-0.0009281304247493793,-0.0005978804586456129,-66.1345476798385,45.31147022768734,0.3199638609621514,-0.7232164876086231,18.332578829841957,-41.43725241424951,0.35,2.6,0.35,-22.645,-168.22000000000003,-22.645
157.45305110000027,circle_tension,1481,-1.1541626429425522,0.790856550054408,-3.7200041385604846e-05,-0.00021934310567930102,-66.12864831227283,45.312742518394316,0.32004731037066775,-0.7232038453219548,18.337360128752806,-41.43652806458002,0.35,2.6,0.35,-22.645,-168.22000000000003,-22.645
157.55796350000037,circle_tension,1482,-1.1542517214384016,0.7907622234720838,-0.0004131279453832338,-0.0005327418921611959,-66.13375213413038,45.307338003331246,0.3199447223774774,-0.7231460908373305,18.331482269714282,-41.43321897636309,0.35,2.6,0.35,-22.645,-168.22000000000003,-22.645
157.66472880000038,circle_tension,1483,-1.1542517214384016,0.7907622234720838,-0.00022108137317850365,-0.00028509160511873573,-66.13375213413038,45.307338003331246,0.3199447223774774,-0.7231460908373305,18.331482269714282,-41.43321897636309,0.35,2.6,0.35,-22.645,-168.22000000000003,-22.645
157.77332170000045,circle_tension,1484,-1.1542517214384016,0.7907622234720838,-0.00011663255049220711,-0.00015040145875187827,-66.13375213413038,45.307338003331246,0.3199447223774774,-0.7231460908373305,18.331482269714282,-41.43321897636309,0.35,2.6,0.35,-22.645,-168.22000000000003,-22.645
157.87898620000033,circle_tension,1485,-1.1542517214384016,0.7907622234720838,-6.123587415087178e-05,-7.896564690877546e-05,-66.13375213413038,45.307338003331246,0.3199447223774774,-0.7231460908373305,18.331482269714282,-41.43321897636309,0.35,2.6,0.35,-22.645,-168.22000000000003,-22.645
157.98382860000038,circle_tension,1486,-1.1542517214384016,0.7907622234720838,-3.260573193717983e-05,-4.204614943537751e-05,-66.13375213413038,45.307338003331246,0.3199447223774774,-0.7231460908373305,18.331482269714282,-41.43321897636309,0.35,2.6,0.35,-22.645,-168.22000000000003,-22.645
158.0926003000004,circle_tension,1487,-1.1542517214384016,0.7907622234720838,-1.738409897802532e-05,-2.241735977090495e-05,-66.13375213413038,45.307338003331246,0.3199447223774774,-0.7231460908373305,18.331482269714282,-41.43321897636309,0.35,2.6,0.35,-22.645,-168.22000000000003,-22.645
158.1993605000007,circle_tension,1488,-1.1542517214384016,0.7907622234720838,-9.121900023661997e-06,-1.1762986099144123e-05,-66.13375213413038,45.307338003331246,0.3199447223774774,-0.7231460908373305,18.331482269714282,-41.43321897636309,0.35,2.6,0.35,-22.645,-168.22000000000003,-22.645
158.3072806,circle_tension,1489,-1.1542517214384016,0.7907622234720838,-4.825776565299309e-06,-6.222995484267832e-06,-66.13375213413038,45.307338003331246,0.3199447223774774,-0.7231460908373305,18.331482269714282,-41.43321897636309,0.35,2.6,0.35,-22.645,-168.22000000000003,-22.645
158.41510010000002,circle_tension,1490,-1.1542517214384016,0.7907622234720838,-2.5447218387069762e-06,-3.2815013908562635e-06,-66.13375213413038,45.307338003331246,0.3199447223774774,-0.7231460908373305,18.331482269714282,-41.43321897636309,0.35,2.6,0.35,-22.645,-168.22000000000003,-22.645
158.52185199999985,circle_tension,1491,-1.1542517214384016,0.7907622234720838,-1.3389385215587723e-06,-1.7266046740097463e-06,-66.13375213413038,45.307338003331246,0.3199447223774774,-0.7231460908373305,18.331482269714282,-41.43321897636309,0.35,2.6,0.35,-22.645,-168.22000000000003,-22.645
158.6298741999999,circle_tension,1492,-1.1542517214384016,0.7907622234720838,-7.095405641369901e-07,-9.149755830553002e-07,-66.13375213413038,45.307338003331246,0.3199447223774774,-0.7231460908373305,18.331482269714282,-41.43321897636309,0.35,2.6,0.35,-22.645,-168.22000000000003,-22.645
158.73592430000008,circle_tension,1493,-1.1542517214384016,0.7907622234720838,-3.7253133431832195e-07,-4.803912447752131e-07,-66.13375213413038,45.307338003331246,0.3199447223774774,-0.7231460908373305,18.331482269714282,-41.43321897636309,0.35,2.6,0.35,-22.645,-168.22000000000003,-22.645
158.8462196999999,circle_tension,1494,-1.1542517214384016,0.7907622234720838,-1.9810684336544702e-07,-2.554652033686248e-07,-66.13375213413038,45.307338003331246,0.3199447223774774,-0.7231460908373305,18.331482269714282,-41.43321897636309,0.35,2.6,0.35,-22.645,-168.22000000000003,-22.645
158.95051310000053,circle_tension,1495,-1.1542517214384016,0.7907622234720838,-1.0321218464253793e-07,-1.330954614787671e-07,-66.13375213413038,45.307338003331246,0.3199447223774774,-0.7231460908373305,18.331482269714282,-41.43321897636309,0.35,2.6,0.35,-22.645,-168.22000000000003,-22.645
159.05490700000064,circle_tension,1496,-1.1542517214384016,0.7907622234720838,-5.522764515193582e-08,-7.12178406390696e-08,-66.13375213413038,45.307338003331246,0.3199447223774774,-0.7231460908373305,18.331482269714282,-41.43321897636309,0.35,2.6,0.35,-22.645,-168.22000000000003,-22.645
159.1647149999999,circle_tension,1497,-1.1542517214384016,0.7907622234720838,-2.955391388100508e-08,-3.811073101610292e-08,-66.13375213413038,45.307338003331246,0.3199447223774774,-0.7231460908373305,18.331482269714282,-41.43321897636309,0.35,2.6,0.35,-22.645,-168.22000000000003,-22.645
159.2738360000003,circle_tension,1498,-1.1542517214384016,0.7907622234720838,-1.539778939306309e-08,-1.9855949102524527e-08,-66.13375213413038,45.307338003331246,0.3199447223774774,-0.7231460908373305,18.331482269714282,-41.43321897636309,0.35,2.6,0.35,-22.645,-168.22000000000003,-22.645
159.3787729000005,circle_tension,1499,-1.1542517214384016,0.7907622234720838,-8.08266997007251e-09,-1.0422865220546902e-08,-66.13375213413038,45.307338003331246,0.3199447223774774,-0.7231460908373305,18.331482269714282,-41.43321897636309,0.35,2.6,0.35,-22.645,-168.22000000000003,-22.645
159.48617250000007,circle_tension,1500,-1.1542517214384016,0.7907622234720838,-4.306875387016089e-09,-5.55385557579023e-09,-66.13375213413038,45.307338003331246,0.3199447223774774,-0.7231460908373305,18.331482269714282,-41.43321897636309,0.35,2.6,0.35,-22.645,-168.22000000000003,-22.645
159.5917485,circle_tension,1501,-1.1542517214384016,0.7907622234720838,-2.273224300866491e-09,-2.931396505329641e-09,-66.13375213413038,45.307338003331246,0.3199447223774774,-0.7231460908373305,18.331482269714282,-41.43321897636309,0.35,2.6,0.35,-22.645,-168.22000000000003,-22.645
159.69631780000054,circle_tension,1502,-1.1542517214384016,0.7907622234720838,-1.2105177923310644e-09,-1.5610019762352707e-09,-66.13375213413038,45.307338003331246,0.3199447223774774,-0.7231460908373305,18.331482269714282,-41.43321897636309,0.35,2.6,0.35,-22.645,-168.22000000000003,-22.645
159.80046010000024,circle_tension,1503,-1.1542517214384016,0.7907622234720838,-6.47126353415617e-10,-8.344904329001651e-10,-66.13375213413038,45.307338003331246,0.3199447223774774,-0.7231460908373305,18.331482269714282,-41.43321897636309,0.35,2.6,0.35,-22.645,-168.22000000000003,-22.645
159.9044668000006,circle_tension,1504,-1.1542517214384016,0.7907622234720838,-3.461301407830529e-10,-4.4634604895519664e-10,-66.13375213413038,45.307338003331246,0.3199447223774774,-0.7231460908373305,18.331482269714282,-41.43321897636309,0.35,2.6,0.35,-22.645,-168.22000000000003,-22.645
160.00975389999985,circle_tension,1505,-1.1542517214384016,0.7907622234720838,-1.854446605094547e-10,-2.391369076699765e-10,-66.13375213413038,45.307338003331246,0.3199447223774774,-0.7231460908373305,18.331482269714282,-41.43321897636309,0.35,2.6,0.35,-22.645,-168.22000000000003,-22.645
160.11853969999993,circle_tension,1506,-1.1542517214384016,0.7907622234720838,-9.877896232975924e-11,-1.2737867744206846e-10,-66.13375213413038,45.307338003331246,0.3199447223774774,-0.7231460908373305,18.331482269714282,-41.43321897636309,0.35,2.6,0.35,-22.645,-168.22000000000003,-22.645
160.2244169000005,circle_tension,1507,-1.1542517214384016,0.7907622234720838,-5.168489342329343e-11,-6.664934731765192e-11,-66.13375213413038,45.307338003331246,0.3199447223774774,-0.7231460908373305,18.331482269714282,-41.43321897636309,0.35,2.6,0.35,-22.645,-168.22000000000003,-22.645
160.3303519000001,circle_tension,1508,-1.1542517214384016,0.7907622234720838,-2.7541749717813006e-11,-3.551598003007726e-11,-66.13375213413038,45.307338003331246,0.3199447223774774,-0.7231460908373305,18.331482269714282,-41.43321897636309,0.35,2.6,0.35,-22.645,-168.22000000000003,-22.645
160.44212470000002,circle_tension,1509,-1.1542517214384016,0.7907622234720838,-1.4615078320403272e-11,-1.8846617774241945e-11,-66.13375213413038,45.307338003331246,0.3199447223774774,-0.7231460908373305,18.331482269714282,-41.43321897636309,0.35,2.6,0.35,-22.645,-168.22000000000003,-22.645
160.54621880000013,circle_tension,1510,-1.1542517214384016,0.7907622234720838,-7.566346026003339e-12,-9.757048739223226e-12,-66.13375213413038,45.307338003331246,0.3199447223774774,-0.7231460908373305,18.331482269714282,-41.43321897636309,0.35,2.6,0.35,-22.645,-168.22000000000003,-22.645
160.65719470000022,circle_tension,1511,-1.1542517214384016,0.7907622234720838,-4.056891481255323e-12,-5.231493216978367e-12,-66.13375213413038,45.307338003331246,0.3199447223774774,-0.7231460908373305,18.331482269714282,-41.43321897636309,0.35,2.6,0.35,-22.645,-168.22000000000003,-22.645
160.76427710000007,circle_tension,1512,-1.1542517214384016,0.7907622234720838,-2.10527785597969e-12,-2.714824114547064e-12,-66.13375213413038,45.307338003331246,0.3199447223774774,-0.7231460908373305,18.331482269714282,-41.43321897636309,0.35,2.6,0.35,-22.645,-168.22000000000003,-22.645
160.8715243000006,circle_tension,1513,-1.1542517214384016,0.7907622234720838,-1.1125644295773638e-12,-1.43468793623841e-12,-66.13375213413038,45.307338003331246,0.3199447223774774,-0.7231460908373305,18.331482269714282,-41.43321897636309,0.35,2.6,0.35,-22.645,-168.22000000000003,-22.645
160.97814629999993,circle_tension,1514,-1.1542517214384016,0.7907622234720838,-5.876391283778501e-13,-7.577797257688895e-13,-66.13375213413038,45.307338003331246,0.3199447223774774,-0.7231460908373305,18.331482269714282,-41.43321897636309,0.35,2.6,0.35,-22.645,-168.22000000000003,-22.645
161.08645669999987,circle_tension,1515,-1.1542517214384016,0.7907622234720838,-3.110584219329151e-13,-4.011199293707767e-13,-66.13375213413038,45.307338003331246,0.3199447223774774,-0.7231460908373305,18.331482269714282,-41.43321897636309,0.35,2.6,0.35,-22.645,-168.22000000000003,-22.645
161.1910170000001,circle_tension,1516,-1.1542517214384016,0.7907622234720838,-1.6348142426343615e-13,-2.1081460179247597e-13,-66.13375213413038,45.307338003331246,0.3199447223774774,-0.7231460908373305,18.331482269714282,-41.43321897636309,0.35,2.6,0.35,-22.645,-168.22000000000003,-22.645
161.29522890000044,circle_tension,1517,-1.1542517214384016,0.7907622234720838,-8.734759035122257e-14,-1.1263755231146322e-13,-66.13375213413038,45.307338003331246,0.3199447223774774,-0.7231460908373305,18.331482269714282,-41.43321897636309,0.35,2.6,0.35836116634307946,-22.645,-168.22000000000003,-23.185967462397244
161.40377679999983,circle_tension,1518,-1.1542517214384016,0.7907622234720838,-4.676790104917115e-14,-6.030872608782412e-14,-66.13375213413038,45.307338003331246,0.3199447223774774,-0.7231460908373305,18.331482269714282,-41.43321897636309,0.35,2.6,0.38909065310530566,-22.645,-168.22000000000003,-25.174165255913277
161.5140025999999,circle_tension,1519,-1.1542517214384016,0.7907622234720838,-2.4534989091948632e-14,-3.163866462936563e-14,-66.13375213413038,45.307338003331246,0.3199447223774774,-0.7231460908373305,18.331482269714282,-41.43321897636309,0.35,2.6,0.4202290066560672,-22.645,-168.22000000000003,-27.18881673064755
161.61999950000063,circle_tension,1520,-1.1542517214384016,0.7907622234720838,-1.2776937669498838e-14,-1.647627575462174e-14,-66.13375213413038,45.307338003331246,0.3199447223774774,-0.7231460908373305,18.331482269714282,-41.43321897636309,0.35,2.6,0.45179829609382677,-22.645,-168.22000000000003,-29.231349757270593
161.7239098,circle_tension,1521,-1.15413729759018,0.7907142390040796,0.0005078630655560959,-0.00021294015021229305,-66.12719613055164,45.30458869583242,0.32000804576344716,-0.723065597584659,18.335110432474828,-41.428607052705736,0.35,2.6,0.48382157970322076,-22.645,-168.22000000000003,-31.303256206798384
161.83059760000015,circle_tension,1522,-1.1515581549408038,0.7891110115170603,0.011782021959282568,-0.007241600274941366,-65.97942214198018,45.21273052722685,0.32121925132967916,-0.720773460299891,18.404507399542673,-41.29727726022395,0.35,2.6,0.5163229781293687,-22.645,-168.22000000000003,-33.40609668497015
161.93942610000067,circle_tension,1523,-1.1455275796532174,0.7866048217004739,0.03300870830960671,-0.014811778878614911,-65.6338956299656,45.06913642807778,0.32452609487342016,-0.7165402705142553,18.593975578109116,-41.05473335162913,0.35,2.6,0.5493277532623555,-22.645,-168.22000000000003,-35.541505636074405
162.04483280000022,circle_tension,1524,-1.1375591369959954,0.7834215038848423,0.0524730803059779,-0.021481524781311028,-65.17733749641476,44.886745752393296,0.32888904931586505,-0.7110423658188691,18.843954453869063,-40.73972661641835,0.35,2.6,0.5828623934002095,-22.645,-168.22000000000003,-37.71119685299356
162.15172970000003,circle_tension,1525,-1.1273873858880479,0.7795726018587276,0.07334697715129956,-0.02802366144059907,-64.59453908767185,44.66621991053756,0.3344531958648227,-0.7041835707715657,19.162756567716617,-40.34674660766263,0.35,2.5831878174786507,0.6168121825213494,-22.645,-167.1322517908687,-39.907748209131306
162.25809010000012,circle_tension,1526,-1.1222855702345793,0.777229695234493,0.061739383689410655,-0.025021220256175317,-64.30222658287433,44.531981249175686,0.3370255016923814,-0.7003569164099842,19.310138835252637,-40.127495463088685,0.35,2.5496655678978204,0.6503344321021801,-22.645,-164.96336224298898,-42.076637757011056
162.36890670000048,circle_tension,1527,-1.1217817559391028,0.7768244048754546,0.03491665226129047,-0.015013420845050396,-64.27336015008515,44.508759822125434,0.33720238110353207,-0.699821913195216,19.320273278994332,-40.096842036856536,0.35,2.516690316933829,0.6833096830661706,-22.645,-162.82986350561876,-44.21013649438124
162.4737715000001,circle_tension,1528,-1.119891068989991,0.7751815137933239,0.0264371812891215,-0.014900631964721318,-64.16503176752059,44.41462909691967,0.3378089818902286,-0.6977044295983769,19.355028943921358,-39.975519163569466,0.35,2.4842348086715176,0.7157651913284828,-22.645,-160.7299921210472,-46.31000787895284
162.57819950000066,circle_tension,1529,-1.114121975071979,0.7726347413114358,0.03997751565395564,-0.019168158395144737,-63.834487034403914,44.26870978232743,0.34070542108989954,-0.6934581887333537,19.520982685678753,-39.732227483207666,0.35,2.4522730915514215,0.7477269084485787,-22.645,-158.66206902337697,-48.37793097662304
162.68321809999998,circle_tension,1530,-1.1087461466092297,0.7700881561677319,0.0455499243670279,-0.021457282759656183,-63.52647475210207,44.12280120142247,0.3432931647738051,-0.6893370520212895,19.669249477228178,-39.496103742809964,0.35,2.4207804273339217,0.7792195726660783,-22.645,-156.62449364850474,-50.41550635149527
162.78661310000007,circle_tension,1531,-1.1010637223007866,0.7667548672085766,0.058832710938061306,-0.026025680444784895,-63.08630426279957,43.93181781216532,0.34706995579613054,-0.6837071538105433,19.885643662910322,-39.17353433624595,0.35,2.3897332069517447,0.8102667930482551,-22.645,-154.6157384897779,-52.42426151022211
162.8902661000002,circle_tension,1532,-1.091696508002122,0.7637785902181529,0.07403979201905769,-0.026942950862386447,-62.54960241769149,43.761289701952144,0.35208706114918237,-0.6777849483774046,20.173102625012685,-38.834216959517654,0.35,2.3591088726205367,0.8408911273794633,-22.645,-152.63434405854872,-54.40565594145127
162.9954828,circle_tension,1533,-1.0750252232223914,0.7607855185052128,0.11480990731323511,-0.026806440306303737,-61.594408160752245,43.589799325020685,0.36191332236716856,-0.6691885775029364,20.736105921196373,-38.341681189281445,0.35,2.3288858456406345,0.8711141543593652,-22.645,-150.67891421294905,-56.36108578705093
163.1012098000001,circle_tension,1534,-1.0619445545228503,0.7612063127108772,0.11958053540003039,-0.011530548738860176,-60.84494105105966,43.613909057048815,0.3708405452165223,-0.6647648761286974,21.2475981132371,-38.08822177071133,0.35,2.299043459379019,0.9009565406209809,-22.645,-148.74811182182253,-58.291888178177466
163.20527130000028,circle_tension,1535,-1.0505367403392483,0.7624448176421099,0.11404805934310948,0.0001288049270514602,-60.191321444869786,43.68487016251459,0.37901543239601354,-0.6615658712138748,21.71598464661755,-37.90493229045038,0.35,2.26956189697055,0.9304381030294495,-22.645,-146.8406547339946,-60.19934526600539
163.31031489999987,circle_tension,1536,-1.02562572665652,0.7596857072994508,0.17249820157612208,-0.010008780010716232,-58.764025497456814,43.52678478466933,0.3939456346534581,-0.6495607830007528,22.57142222324582,-37.217091403156246,0.35,2.2404221333217897,0.9595778666782102,-22.645,-144.9553120259198,-62.084687974080204
163.4144492000005,circle_tension,1537,-0.9923481431114181,0.7550018611973957,0.2415352987531358,-0.02195666602671262,-56.857360407928475,43.25842017113276,0.41277857456931294,-0.6321721749555714,23.650470196247763,-36.22079755056012,0.35,2.2116058810402057,0.9883941189597942,-22.645,-143.09090050330133,-63.949099496698686
163.51911950000067,circle_tension,1538,-0.9619229661677395,0.7526530905676518,0.2666686490259894,-0.017725887612680152,-55.114126178116955,43.12384552700416,0.43047515504444767,-0.6173959958005045,24.6644095692866,-35.37418484764561,0.35,2.1830955399466236,1.0169044600533768,-22.645,-141.24628143454655,-65.79371856545347
163.6258502999999,circle_tension,1539,-0.945828999212424,0.7558289196136176,0.21320223546603861,0.006823517097817729,-54.19200979595436,43.30580712779306,0.4422134129014116,-0.6129638269705433,25.336962203326912,-35.12024027959939,0.35,2.1548741498603534,1.0451258501396463,-22.645,-139.42035749596488,-67.61964250403511
163.7300739000002,circle_tension,1540,-0.9374332749739303,0.7579351768303378,0.14969359765670484,0.013760728574283058,-53.71097023113298,43.4264867768801,0.4485906493776756,-0.610927296466405,25.702350938373723,-35.00355567686262,0.35,2.1269253463743185,1.0730746536256812,-22.645,-137.61206991041843,-69.42793008958158
163.83489780000036,circle_tension,1541,-0.9345552791756124,0.7591686192099841,0.09277351429565736,0.01305475445974982,-53.54607321843299,43.497157819506405,0.45107991743055426,-0.6106258269055104,25.844975491880415,-34.986282743371696,0.35,2.0992333193626425,1.1007666806373577,-22.645,-135.82039576276298,-71.21960423723705
163.93911089999983,circle_tension,1542,-0.9339126554086326,0.7579081133160215,0.05241821077769584,0.0013851682486192974,-53.50925358877024,43.42493615173098,0.4507226129618621,-0.6093224387753028,25.82450345382319,-34.91160410444335,0.35,2.07178277398543,1.12821722601457,-22.645,-134.04434547685733,-72.99565452314268
164.04282440000043,circle_tension,1543,-0.9305456038507458,0.7555979465034627,0.043167174261927815,-0.009464172245285634,-53.31633574510038,43.29257334340017,0.4513915885959486,-0.6059487523752117,25.862832934253436,-34.71830611231745,0.35,2.0445588939759074,1.1554411060240926,-22.645,-132.28296044024123,-74.7570395597588
164.14545420000013,circle_tension,1544,-0.913954273723979,0.7498686301157204,0.0983273546551258,-0.02997958965841062,-52.365722552328386,42.964307694887395,0.45788406708741963,-0.5938393246822834,26.23482455039419,-34.02448701319381,0.35,2.0175473070126793,1.1824526929873205,-22.645,-130.53531076372036,-76.50468923627963
164.2488917999999,circle_tension,1545,-0.8865126963179213,0.7428296465431814,0.1782831723494243,-0.045358984781172194,-50.79343598377972,42.561003644119,0.46955604921288335,-0.575597950336045,26.9035798647354,-32.979333250636145,0.35,1.9907340519961805,1.2092659480038193,-22.645,-128.80049316415287,-78.23950683584711
164.35523100000046,circle_tension,1546,-0.8735397272868504,0.7424296633701717,0.15432263170538907,-0.024948489475454975,-50.05013961054544,42.53808629642929,0.47672670605161616,-0.5691515200622084,27.31442823793141,-32.60998000301994,0.35,1.964105548063015,1.2358944519369848,-22.645,-127.07762895967707,-79.96237104032292
164.46038500000031,circle_tension,1547,-0.8673914553400697,0.7456510582021341,0.10853797069646459,0.0014401085983429998,-49.69786957669623,42.72265862444599,0.48230062853046246,-0.5686665141513813,27.633790471302397,-32.58219121129065,0.35,1.9376485651844542,1.2623514348155456,-22.645,-125.36586216743419,-81.6741378325658
164.56543260000035,circle_tension,1548,-0.8624964557044046,0.7474407479016403,0.07932331383655142,0.008959359574731523,-49.41740675685454,42.82520029086573,0.4862427326281756,-0.5676580630890818,27.859656398502587,-32.524411221575406,0.35,1.9113501962074375,1.2886498037925627,-22.645,-123.66435769462122,-83.3756423053788
164.66974050000044,circle_tension,1549,-0.8618077215769321,0.7475725310974827,0.04539903039255533,0.0053918942879850615,-49.37794519814374,42.83275091179824,0.4867193823677397,-0.5674230626957832,27.886966416885624,-32.510946690855484,0.35,1.8851978302063794,1.3148021697936207,-22.645,-121.97229961435275,-85.06770038564727
164.7753476000007,circle_tension,1550,-0.8621367924715178,0.7469820961306385,0.022827742703522877,0.0002463731329253564,-49.396799571564095,42.79892148012112,0.48614836870944916,-0.5671349182874071,27.85424974422125,-32.494437232365236,0.35,1.8591791270238542,1.3408208729761455,-22.645,-120.28888951844337,-86.75111048155662
164.8831809000003,circle_tension,1551,-0.862223251002475,0.7466527434219975,0.011774542137491966,-0.0013307675327485008,-49.401753280490844,42.780050959944795,0.48588500664176437,-0.5669268732211659,27.83916020925907,-32.482517128121096,0.35,1.8332819928861812,1.3667180071138185,-22.645,-118.61334493973592,-88.42665506026407
164.9864631999999,circle_tension,1552,-0.8585331618300431,0.7447015056078286,0.022455612549395484,-0.00922395624911129,-49.19032674488358,42.668253268366584,0.48669847617683376,-0.5636531963377078,27.88576858038102,-32.29494925920941,0.35,1.8074945569875567,1.3925054430124433,-22.645,-116.94489783709493,-90.09510216290508
165.08986249999998,circle_tension,1553,-0.8323640673139501,0.7394249331525569,0.13030778313324318,-0.027201380771039386,-47.690948075432495,42.36592793638453,0.4977286293480717,-0.5468230456874994,28.51774980447579,-31.33065265838311,0.35,1.7818051489429476,1.4181948510570523,-22.645,-115.28279313660872,-91.75720686339129
165.19323110000005,circle_tension,1554,-0.8074786878170332,0.7349553586695206,0.18277976675681196,-0.03227050351323303,-46.26512085867777,42.109840182287186,0.5080910976848934,-0.5310393730133424,29.11147550551362,-30.426314828937944,0.35,1.7562022770158299,1.4437977229841703,-22.645,-113.6262873229242,-93.41371267707582
165.29669749999994,circle_tension,1555,-0.8048411971861307,0.7358416018126548,0.1100850825153308,-0.013185544728427903,-46.11400377702176,42.160618174011184,0.5101043067214505,-0.5303361756682661,29.226823886585944,-30.386024588900266,0.35,1.7306746070320007,1.469325392967999,-22.645,-111.97464707497045,-95.06535292502954
165.4004756000004,circle_tension,1556,-0.7992252522943648,0.7388853029370028,0.08398733199032053,0.006839069866733058,-45.79223383674552,42.335009402535555,0.5151968437311479,-0.5296448839607247,29.51860476425578,-30.346416491645755,0.35,1.705210941895206,1.4947890581047942,-22.645,-110.32714794061982,-96.7128520593802
165.50459560000036,circle_tension,1557,-0.7932027380061055,0.7424517031744745,0.07147548501125094,0.0198374210906018,-45.44716918597103,42.539349084197134,0.5208793424996533,-0.5290739476706511,29.844187960779426,-30.31370425185368,0.35,1.679800201624396,1.5201997983756041,-22.645,-108.68307304509842,-98.3569269549016
165.60832699999992,circle_tension,1558,-0.7874479030560808,0.7457092906889468,0.06369852056575202,0.025419884526061934,-45.11744143154023,42.725995100170906,0.5262141695773568,-0.5283758075043037,30.149851036763945,-30.273703766813412,0.35,1.654431403835547,1.5455685961644532,-22.645,-107.04171182815989,-99.99828817184013
165.71453950000068,circle_tension,1559,-0.769440574106429,0.7474331883375048,0.11392169438563511,0.022311386907886543,-44.08569748242143,42.82476715974581,0.5368812541980824,-0.5200143170327737,30.761029965240432,-29.79462565235589,0.35,1.6290936445941981,1.5709063554058016,-22.645,-105.40235880524463,-101.63764119475536
165.8193267000006,circle_tension,1560,-0.7338253575128966,0.7477410232394929,0.217072717264833,0.016886697612088677,-42.04509588516773,42.842404800416546,0.5552858995295599,-0.5007736091477779,31.815538466169244,-28.692214295701547,0.35,1.6037760795670812,1.5962239204329187,-22.645,-103.76431234799016,-103.27568765200985
165.92465830000037,circle_tension,1561,-0.7067850527324064,0.7513918121824888,0.23444689277809486,0.0287868905072139,-40.49580054449822,43.051579598743245,0.5713985818456938,-0.4879480669903454,32.738727159518795,-27.95736486011355,0.35,1.5784679054029818,1.621532094597018,-22.645,-102.12687347957292,-104.91312652042707
166.0302924000007,circle_tension,1562,-0.7003150940987974,0.7572606408885891,0.15225940560643378,0.04205656221361149,-40.1250992211682,43.387838714288016,0.5790311404469289,-0.4880231722282514,33.17604055425584,-27.961668073264892,0.35,1.553158341274874,1.6468416587251258,-22.645,-100.48934468048435,-106.55065531951564
166.1346153000004,circle_tension,1563,-0.6926556463595229,0.7619454896305442,0.11406547187839132,0.043726955451371285,-39.68624519230675,43.65626077485921,0.5863573457539478,-0.4865655066367889,33.59580119819437,-27.878149986932648,0.35,1.5278366105158183,1.6721633894841816,-22.645,-98.85102870037345,-108.18897129962656
166.24285520000012,circle_tension,1564,-0.6895909103121927,0.7644932545054494,0.07436652031774109,0.03492085583435555,-39.51064875147312,43.80223694938296,0.5898114013397313,-0.48638713699479785,33.793704005463354,-27.867930159253305,0.35,1.502491922282509,1.6975080777174907,-22.645,-97.21122737167833,-109.82877262832166
166.34681420000015,circle_tension,1565,-0.6892354840212,0.7643987393805378,0.04061358055960296,0.017939454936055664,-39.49028432507125,43.79682163162537,0.5899112984701307,-0.4861173651535602,33.7994276894207,-27.85247337131891,0.35,1.4771134531797983,1.722886546820202,-22.645,-95.56924042073295,-111.47075957926707
166.45075989999987,circle_tension,1566,-0.6889190243371277,0.7641983623478321,0.02320415586895135,0.008733366737672657,-39.472152520787866,43.78534087333998,0.5899104277031942,-0.4858032773686722,33.79937779815031,-27.834477466848217,0.35,1.4516903287798333,1.748309671220167,-22.645,-93.92436427205521,-113.1156357279448
166.55759660000058,circle_tension,1567,-0.6887487192805537,0.7640250986709302,0.013183549147488063,0.0039039485534267263,-39.46239475981643,43.77541359591058,0.5898593870846832,-0.4855926841162318,33.79645338612589,-27.82241136228945,0.35,1.4262116049687723,1.7737883950312279,-22.645,-92.27589084147957,-114.76410915852045
166.66170710000006,circle_tension,1568,-0.684454185972962,0.7630512058815898,0.0259343527133037,-0.002174736722799742,-39.216336126313074,43.719613649383156,0.5911847979256497,-0.4824392992895139,33.87239383343415,-27.641735720537923,0.35,1.4006662490526267,1.7993337509473735,-22.645,-90.62310631370495,-116.41689368629507
166.77128429999993,circle_tension,1569,-0.640904160128434,0.760663289645564,0.20898598860532872,-0.008133920708131109,-36.72110344773596,43.58279612722811,0.6097138204854243,-0.45481611374651065,34.934028624611926,-26.059043772217045,0.35,1.375043120552967,1.8249568794470332,-22.645,-88.96528989977696,-118.07471010022306
166.8748712000006,circle_tension,1570,-0.6026781227067128,0.762225678547617,0.2753857500999116,0.008156401502669622,-34.53091283596219,43.672314417273824,0.6279371206311561,-0.43206823254068116,35.9781468117625,-24.75568618625805,0.35,1.3493309516207457,1.8506690483792543,-22.645,-87.30171256986225,-119.73828743013776
166.97999880000043,circle_tension,1571,-0.5887575439987986,0.7668786837953627,0.20854583353349798,0.027067583994168178,-33.73332242761903,43.93891198002188,0.6377603103465567,-0.42586934875190485,36.54097412381127,-24.4005163074691,0.35,1.3235183269944297,1.8764816730055704,-22.645,-85.63163575653961,-121.40836424346041
167.08506810000017,circle_tension,1572,-0.57808196786914,0.7751758590286035,0.15681124106256852,0.052431089562639095,-33.12165697151899,44.41430510276705,0.6492192686791224,-0.4235704824423898,37.19752407388355,-24.268800970269073,0.35,1.2975936634258023,1.9024063365741979,-22.645,-83.95431002364941,-123.08568997635061
167.18975090000004,circle_tension,1573,-0.569807371860227,0.7824855523460487,0.11896933206963657,0.06109621400234486,-32.64755754303248,44.83311967939164,0.6588566754046928,-0.4221273752138992,37.74970680470973,-24.18611701669174,0.35,1.2715451884931672,1.9284548115068327,-22.645,-82.26897369550792,-124.77102630449208
167.2948649,circle_tension,1574,-0.5657679053436512,0.7862108994184647,0.08087607221497377,0.04938645295319527,-32.41611316014827,45.046566343862494,0.6637013178659632,-0.4214595342703435,38.027284370990394,-24.147852549239964,0.35,1.2453609187182022,1.954639081281798,-22.645,-80.57485144106768,-126.46514855893234
167.40115310000056,circle_tension,1575,-0.5653639924589909,0.7860666579478338,0.04491573519521784,0.02570774435175794,-32.392970656566284,45.03830191636459,0.663749700074709,-0.4211141488812869,38.03005646735505,-24.128063424141537,0.35,1.2190286368979013,1.9809713631020989,-22.645,-78.87115280729422,-128.1688471927058
167.50654300000042,circle_tension,1576,-0.565463967353117,0.7851297246942827,0.023406486997060612,0.00949043546989388,-32.39869879605697,44.98461959525064,0.6629165056038088,-0.42067848910605765,37.98231794065883,-24.103101957717282,0.35,1.1925358685580705,2.0074641314419295,-22.645,-77.15707069570716,-129.88292930429284
167.61034550000022,circle_tension,1577,-0.5630966819762158,0.7851608337941576,0.022950891959899373,0.00522423058315197,-32.263063335057495,44.98640201537793,0.6639368192506006,-0.41912460553841513,38.0407776063996,-24.014070987436636,0.35,1.165869857429096,2.0341301425709037,-22.645,-75.43177977566252,-131.6082202243375
167.71543890000066,circle_tension,1578,-0.5579504574959038,0.784648911830027,0.0353052817773946,0.0006099315936803301,-31.968206391908712,44.9570710473932,0.665650642414691,-0.4154312663834474,38.138972440533735,-23.80245824154657,0.35,1.139017539838046,2.060982460161954,-22.645,-73.69443482752158,-133.34556517247842
167.81900000000041,circle_tension,1579,-0.5371582304073117,0.7850271729990381,0.11122289520889339,0.0030689062868572347,-30.776899533054802,44.978743815931225,0.6744688697603048,-0.40169566349553576,38.644219650224265,-23.015466167001527,0.35,1.1119655179040122,2.088034482095988,-22.645,-71.9441690083896,-135.09583099161043
167.92388910000045,circle_tension,1580,-0.5144789998169612,0.7864809110043258,0.1605578800719288,0.010101567142706054,-29.47747533762373,45.06203686815197,0.6846703396214828,-0.3870125959407493,39.228720818099674,-22.174188365806792,0.35,1.0847000314153794,2.1152999685846208,-22.645,-70.18009203257505,-136.85990796742496
168.0294260999999,circle_tension,1581,-0.5003827391102655,0.7884884928253479,0.14789168570592942,0.01561619027942492,-28.66981909221397,45.17706283352373,0.691819017255301,-0.37828633425210895,39.638309875617026,-21.674210400120995,0.35,1.0572069282582994,2.1427930717417008,-22.645,-68.40128825831198,-138.63871174168804
168.1326482000004,circle_tension,1582,-0.49920899041716993,0.7899896917392049,0.08381911719620394,0.01505791351284923,-28.602568245890595,45.26307519549735,0.6935805485656362,-0.37819272296753026,39.73923818517938,-21.66884686859984,0.35,1.029471633255826,2.170528366744174,-22.645,-66.60681467165195,-140.43318532834806
168.23655990000043,circle_tension,1583,-0.49786544408641253,0.7916575529142812,0.050942550053070065,0.015613171485469228,-28.52558871155791,45.35863660164296,0.6955534312317257,-0.37805701340935455,39.85227603542083,-21.661071283676787,0.35,1.0014791152653173,2.1985208847346827,-22.645,-64.79569875766603,-142.24430124233396
168.34056670000064,circle_tension,1584,-0.4955793346179216,0.7946261763778009,0.03732387421628797,0.02167071091980423,-28.394604287508482,45.52872619706614,0.6990273709623414,-0.3778776188533547,40.051318120267915,-21.65079273275037,0.35,0.9732138523692807,2.2267861476307194,-22.645,-62.96693624829246,-144.07306375170754
168.44446810000045,circle_tension,1585,-0.4931868991164814,0.7976419481262935,0.03050600480919698,0.025105420007305104,-28.257527830518693,45.70151719022956,0.7025857952394244,-0.37763193421438046,40.25520081306167,-21.63671603984595,0.35,0.9446597949806088,2.255340205019391,-22.645,-61.11948873524539,-145.92051126475462
168.5485736999999,circle_tension,1586,-0.4924554096402334,0.7983984816389309,0.01960416453933735,0.016860411458021106,-28.215616570771445,45.74486336756389,0.7035284791628587,-0.3774755813163885,40.309212623289284,-21.62775767867637,0.35,0.9158003266670756,2.2841996733329246,-22.645,-59.252281135359794,-147.78771886464023
168.65237680000064,circle_tension,1587,-0.4889695472132307,0.7989341929649403,0.025994555839768535,0.011469210498100827,-28.015891365740963,45.775557365581584,0.7053129653298275,-0.3752725218107317,40.41145614925607,-21.501531666986057,0.35,0.8866182224827845,2.3133817775172156,-22.645,-57.36419899463616,-149.67580100536387
168.75889150000057,circle_tension,1588,-0.4605084193912434,0.8021108547485195,0.14019536242049396,0.022085929252436166,-26.385188861358724,45.95756667872117,0.7185522958988341,-0.35646096751806494,41.170013914438684,-20.423708999935048,0.35,0.8570956045742559,2.3429043954257436,-22.645,-55.45408561595436,-151.58591438404562
168.86433690000013,circle_tension,1589,-0.4232082101950981,0.80845595241595,0.23649115835797369,0.04439898459181532,-24.24804429946454,46.32111399566325,0.7371307848225684,-0.3320229405683365,42.234482919499214,-19.023513196088643,0.35,0.8272138948070338,2.372786105192966,-22.645,-53.52073899401509,-153.5192610059849
168.96874380000008,circle_tension,1590,-0.4076064528735941,0.8171694018923273,0.19218520551268192,0.06418727594389655,-23.35412945195503,46.82035787566014,0.7502205800230404,-0.32393658746575227,42.984472939176854,-18.560199291658048,0.35,0.796953764134281,2.403046235865719,-22.645,-51.562908539487985,-155.47709146051204
169.0727824000005,circle_tension,1591,-0.4015947093788945,0.8268710090200746,0.12795685435831744,0.07822948826366219,-23.009681922193515,47.3762190185741,0.7610841708811663,-0.3232128561675788,43.60691084570438,-18.518732542771183,0.35,0.7662950784014092,2.433704921598591,-22.645,-49.57929157257118,-157.46070842742884
169.17666430000008,circle_tension,1592,-0.39482197149066467,0.8363457262882643,0.09727664458618937,0.08463331227820999,-22.621632625449596,47.91908033012109,0.7720015151434979,-0.3216952509702124,44.23242859542734,-18.431780169994973,0.35,0.7352168402502707,2.4647831597497296,-22.645,-47.56852956419252,-159.4714704358075
169.2802061000002,circle_tension,1593,-0.3901030065287747,0.8436173958634733,0.07250360445280585,0.07827484165879428,-22.35125584946319,48.335716306794254,0.780236330697205,-0.3208139318415427,44.70424877172344,-18.38128430351805,0.35,0.7036971267521431,2.4963028732478563,-22.645,-45.529204100863666,-161.5107958991363
169.38373469999988,circle_tension,1594,-0.38783001373836434,0.8476952540620664,0.04866030613347729,0.06024654594989101,-22.22102295570901,48.569360371026455,0.7847385256381338,-0.32058179945006093,44.96220554038381,-18.367984097197866,0.35,0.6717130223604743,2.528286977639526,-22.645,-43.45983254672269,-163.58016745327734
169.48792500000036,circle_tension,1595,-0.3871685062728596,0.8480484767532134,0.029084993634910235,0.0339853754535416,-22.183121369819194,48.58959854045743,0.7852774989802858,-0.3201959845449546,44.99308643815918,-18.345878531462034,0.35,0.6392405467312449,2.5607594532687554,-22.645,-41.35886337351155,-165.6811366264885
169.59272659999988,circle_tension,1596,-0.3868280717455686,0.8478933690064089,0.017054217838436955,0.017475027183201916,-22.16361590820489,48.58071152119575,0.7852428123542734,-0.31987011559536094,44.99109904088313,-18.327207615975954,0.35,0.6062545769105224,2.593745423089478,-22.645,-39.224671126110806,-167.81532887388923
169.69774210000014,circle_tension,1597,-0.3850488046280552,0.8477960669213266,0.01701684848076617,0.00892350937203462,-22.061671411744964,48.575136522382714,0.7857205258389708,-0.3184359062081438,45.01847000737277,-18.24503347115037,0.35,0.5730956211754419,2.6,-22.645,-37.07928669005109,-168.22000000000003
169.80101999999988,circle_tension,1598,-0.35831861053686076,0.8539658622258086,0.1267851129552648,0.033730156020399304,-20.53014410475399,48.92863975378917,0.7997286206941958,-0.29948593804989876,45.82107472159609,-17.159280273775632,0.35,0.5404621946674604,2.6,-22.645,-34.96790399498469,-168.22000000000003
169.90644260000045,circle_tension,1599,-0.29449244721400675,0.861750561386439,0.3487378960436137,0.06438356489232236,-16.873174323841766,49.37467016047232,0.8246518420016063,-0.25012670695709516,47.24907011438124,-14.331204652147079,0.35,0.5083473452819942,2.6,-22.645,-32.89007323974503,-168.22000000000003
170.01019780000024,circle_tension,1600,-0.20524303536914967,0.8286955152759079,0.5995396805428238,-0.08299374738069196,-11.759559701106557,47.480755526728565,0.8113024241934734,-0.16889237264067244,46.48420481501844,-9.676820144261306,0.35,0.476725771228415,2.6,-22.645,-30.84415739847845,-168.22000000000003
170.11700640000072,circle_tension,1601,-0.06861953451904368,0.7717068772243522,1.00550143765587,-0.22842484316518405,-3.931609720093468,44.215547086175775,0.7698907448834438,-0.05291261946055349,44.11149036800451,-3.031669778071502,0.35,0.44557335479003923,2.6,-22.645,-28.82859605491554,-168.22000000000003
170.2219543000001,circle_tension,1602,0.11100680366067195,0.7627303654952373,1.3533176019622148,-0.030360880953398867,6.36022134699388,43.70123084934781,0.758035812736726,0.08449447944729613,43.432252789583615,4.841177064484945,0.35,0.4148670814446974,2.6,-22.645,-26.841900169471923,-168.22000000000003
170.3259919000002,circle_tension,1603,0.2988454131570748,0.7907431675320212,1.4894355573264664,0.2712270215562857,17.12258090074375,45.30624617839101,0.7556951024202455,0.23280822403134482,43.298139967386554,13.338928672932207,0.35,0.3845849649770331,2.6,-22.645,-24.88264723401404,-168.22000000000003
170.42892970000048,circle_tension,1604,0.4543201847310181,0.8271908471913345,1.387964775150013,0.4467920984657232,26.030629132691242,47.39454439591447,0.743280255088201,0.36301399432134396,42.58682161196115,20.79916977879904,0.35,0.3547059780456554,2.6,-22.645,-22.949476779553905,-168.22000000000003
170.53452620000007,circle_tension,1605,0.5671617931478123,0.8502047927063185,1.1813613571057104,0.43521363787907164,32.49597704844146,48.71314634386709,0.7170875222635188,0.4567643538573927,41.08608856719309,26.17066970804869,0.35,0.35,2.6,-22.645,-22.645,-168.22000000000003
170.63943150000068,circle_tension,1606,0.6500737499721652,0.8374208678174689,0.984089311049694,0.23087409737407816,37.24648224564778,47.98068140212376,0.6666198074527994,0.5068448896533885,38.19450150686898,29.040073044913086,0.35,0.35,2.6,-22.645,-22.645,-168.22000000000003
170.74627800000053,circle_tension,1607,0.7207564971667892,0.8216366520670015,0.8428531170664618,0.09299938659169689,41.2963053442899,47.076312456698055,0.6173011146201323,0.5422417559618711,35.36874855645506,31.06816409237796,0.35,0.35,2.6,-22.645,-22.645,-168.22000000000003
170.84927210000023,circle_tension,1608,0.7437384019027338,0.8190943623716569,0.548709414384281,0.04746708892086649,42.61307149083124,46.93064998685521,0.6028064716357874,0.554562829824578,34.53826668790319,31.774109623780017,0.35,0.35,2.6,-22.645,-22.645,-168.22000000000003
170.95276689999992,circle_tension,1609,0.7542005470010364,0.8202760741088098,0.34130359685041073,0.03356736633175079,43.212508249617464,46.99835708199514,0.5978329246132917,0.5616481389657406,34.25330343430433,32.18006793411409,0.35,0.35,2.6,-22.645,-22.645,-168.22000000000003
171.0563861999999,circle_tension,1610,0.7658338090562311,0.8396714498624442,0.22929895904238604,0.10665749028320214,43.87904506734981,48.109630254748765,0.6052390965464785,0.5820084017655601,34.677645828424176,33.34662506232097,0.35,0.35,2.6,-22.645,-22.645,-168.22000000000003
171.16023180000047,circle_tension,1611,0.7706832543584508,0.8515413526688063,0.14259976212593886,0.11102462785242571,44.15689781614653,48.789725588783796,0.6109254550861455,0.5932054986535495,35.00345017354527,33.98817145680183,0.35,0.35,2.6,-22.645,-22.645,-168.22000000000003
171.2643689000006,circle_tension,1612,0.77137090836947,0.8505222924394613,0.07954142617404329,0.05499564550140922,44.19629748874318,48.7313377385727,0.6097867695372978,0.592915057688488,34.93820829740376,33.97153041530609,0.35,0.35,2.6,-22.645,-22.645,-168.22000000000003
171.36728910000056,circle_tension,1613,0.7719376581821097,0.8500548560301052,0.04513163307488861,0.027387134235475806,44.22876986104726,48.70455560512585,0.6091156906799275,0.5929345104038706,34.899758311155985,33.972644973797586,0.35,0.35,2.6,-22.645,-22.645,-168.22000000000003
171.47266730000047,circle_tension,1614,0.7721707701829565,0.8498782024167093,0.025319034971684907,0.013942721762130949,44.24212619484964,48.694434098642525,0.6088508997158032,0.5929532366538814,34.88458690645846,33.97371790888931,0.35,0.35,2.6,-22.645,-22.645,-168.22000000000003
171.5789732000003,circle_tension,1615,0.772573772291258,0.8494003099252025,0.015267125358018222,0.0053057684957810046,44.26521651479019,48.66705287581819,0.6082696621295602,0.5928649969713345,34.851284445872366,33.9686621474938,0.35,0.35,2.6,-22.645,-22.645,-168.22000000000003
171.68451940000068,circle_tension,1616,0.7728158906408766,0.8493101516469428,0.009177632819009554,0.0024199908191223102,44.27908887436601,48.661887186985744,0.6080615522059608,0.5929493084736929,34.839360625575324,33.97349284074334,0.35,0.35,2.6,-22.645,-22.645,-168.22000000000003
171.7886513000003,circle_tension,1617,0.7728594578842527,0.8491046838835051,0.005068916660218022,0.00037612649182542946,44.28158509353648,48.650114751314774,0.6078886205627534,0.5928323449198939,34.82945237227528,33.96679132275381,0.35,0.35,2.6,-22.645,-22.645,-168.22000000000003
171.89214559999982,circle_tension,1618,0.7731016391590657,0.8489106916724829,0.0037983831893120016,-0.0006640308360450029,44.29546105846036,48.63899981636479,0.6076061802956352,0.5928440706479247,34.81326973700486,33.96746315748169,0.35,0.35,2.6,-22.645,-22.645,-168.22000000000003
171.99689130000024,circle_tension,1619,0.773284859193592,0.8488151864579089,0.002858747866709098,-0.0007832353223732237,44.30595879316096,48.63352777064821,0.6074292037359527,0.5928886769118477,34.803129727062306,33.970018908144326,0.35,0.35,2.6,-22.645,-22.645,-168.22000000000003
172.10449000000062,circle_tension,1620,0.7738654170641937,0.8482818345068033,0.004111696187551286,-0.0027894420486924403,44.339222308909534,48.60296895485479,0.6067034341736032,0.5928684624064464,34.76154619424062,33.96886070229989,0.35,0.35,2.6,-22.645,-22.645,-168.22000000000003
172.21034980000059,circle_tension,1621,0.7738807539624797,0.848342825079155,0.002235425271735205,-0.0012028785955235034,44.34010104845215,48.60646345724063,0.606737962024447,0.592920394573928,34.763524494369626,33.97183619631755,0.35,0.35,2.6,-22.645,-22.645,-168.22000000000003
172.3163985000001,circle_tension,1622,0.7738526962121748,0.84821925329649,0.0010618523742928888,-0.0011842927756800074,44.33849345777704,48.599383315627016,0.6066662163735675,0.592817006818997,34.75941377137582,33.96591251430667,0.35,0.35,2.6,-22.645,-22.645,-168.22000000000003
172.42335749999984,circle_tension,1623,0.7738966093737574,0.8483015886296683,0.0007576184673076355,-0.00026432659955025884,44.3410094966008,48.60410078272294,0.6066990689455084,0.5929011932963807,34.76129608509418,33.97073604415283,0.35,0.35,2.6,-22.645,-22.645,-168.22000000000003
172.52762299999995,circle_tension,1624,0.7740205948898371,0.8481423615762608,0.0009482142406811264,-0.000842275658974168,44.34811334339292,48.59497774457838,0.6065116889013046,0.5928651083730968,34.75055999939632,33.96866853034461,0.35,0.35,2.6,-22.645,-22.645,-168.22000000000003
172.63282549999985,circle_tension,1625,0.7740205948898371,0.8481423615762608,0.0005078930098444399,-0.0004511490138007311,44.34811334339292,48.59497774457838,0.6065116889013046,0.5928651083730968,34.75055999939632,33.96866853034461,0.35,0.35,2.6,-22.645,-22.645,-168.22000000000003
172.7383088000006,circle_tension,1626,0.7740205948898371,0.8481423615762608,0.00027056518208278224,-0.000240336473823196,44.34811334339292,48.59497774457838,0.6065116889013046,0.5928651083730968,34.75055999939632,33.96866853034461,0.35,0.35,2.6,-22.645,-22.645,-168.22000000000003
172.84778330000063,circle_tension,1627,0.7740205948898371,0.8481423615762608,0.0001440171086675699,-0.00012792689658341078,44.34811334339292,48.59497774457838,0.6065116889013046,0.5928651083730968,34.75055999939632,33.96866853034461,0.35,0.35,2.6,-22.645,-22.645,-168.22000000000003
172.95486450000044,circle_tension,1628,0.7740205948898371,0.8481423615762608,7.50624057601873e-05,-6.667611027486076e-05,44.34811334339292,48.59497774457838,0.6065116889013046,0.5928651083730968,34.75055999939632,33.96866853034461,0.35,0.35,2.6,-22.645,-22.645,-168.22000000000003
173.06181430000015,circle_tension,1629,0.7740205948898371,0.8481423615762608,3.9797856640161007e-05,-3.535146857030144e-05,44.34811334339292,48.59497774457838,0.6065116889013046,0.5928651083730968,34.75055999939632,33.96866853034461,0.35,0.35,2.6,-22.645,-22.645,-168.22000000000003
173.1688619000006,circle_tension,1630,0.7740205948898371,0.8481423615762608,2.1022261629505437e-05,-1.8673563955757513e-05,44.34811334339292,48.59497774457838,0.6065116889013046,0.5928651083730968,34.75055999939632,33.96866853034461,0.35,0.35,2.6,-22.645,-22.645,-168.22000000000003
173.27791700000034,circle_tension,1631,0.7740205948898371,0.8481423615762608,1.109985315109878e-05,-9.859729717455522e-06,44.34811334339292,48.59497774457838,0.6065116889013046,0.5928651083730968,34.75055999939632,33.96866853034461,0.35,0.35,2.6,-22.645,-22.645,-168.22000000000003
173.38390919999983,circle_tension,1632,0.7740205948898371,0.8481423615762608,5.815148216765851e-06,-5.165454795100512e-06,44.34811334339292,48.59497774457838,0.6065116889013046,0.5928651083730968,34.75055999939632,33.96866853034461,0.35,0.35,2.6,-22.645,-22.645,-168.22000000000003
173.49493070000062,circle_tension,1633,0.7740205948898371,0.8481423615762608,3.0911894752239057e-06,-2.7458284642381793e-06,44.34811334339292,48.59497774457838,0.6065116889013046,0.5928651083730968,34.75055999939632,33.96866853034461,0.35,0.35,2.6,-22.645,-22.645,-168.22000000000003
173.60047940000004,circle_tension,1634,0.7740205948898371,0.8481423615762608,1.6047199765144297e-06,-1.4254337445056748e-06,44.34811334339292,48.59497774457838,0.6065116889013046,0.5928651083730968,34.75055999939632,33.96866853034461,0.35,0.35,2.6,-22.645,-22.645,-168.22000000000003
173.70647480000025,circle_tension,1635,0.7740205948898371,0.8481423615762608,8.542973517097039e-07,-7.588515696139553e-07,44.34811334339292,48.59497774457838,0.6065116889013046,0.5928651083730968,34.75055999939632,33.96866853034461,0.35,0.35,2.6,-22.645,-22.645,-168.22000000000003
173.81604849999985,circle_tension,1636,0.7740205948898371,0.8481423615762608,4.540182314912847e-07,-4.0329335788177417e-07,44.34811334339292,48.59497774457838,0.6065116889013046,0.5928651083730968,34.75055999939632,33.96866853034461,0.35,0.35,2.6,-22.645,-22.645,-168.22000000000003
173.9221892000005,circle_tension,1637,0.7740205948898371,0.8481423615762608,2.3731904617523006e-07,-2.1080473950779124e-07,44.34811334339292,48.59497774457838,0.6065116889013046,0.5928651083730968,34.75055999939632,33.96866853034461,0.35,0.35,2.6,-22.645,-22.645,-168.22000000000003
174.02899789999992,circle_tension,1638,0.7740205948898371,0.8481423615762608,1.2595393532913672e-07,-1.1188181882138022e-07,44.34811334339292,48.59497774457838,0.6065116889013046,0.5928651083730968,34.75055999939632,33.96866853034461,0.35,0.35,2.6,-22.645,-22.645,-168.22000000000003
174.1335681999999,circle_tension,1639,0.7740205948898371,0.8481423615762608,6.648247792120878e-08,-5.905476895295091e-08,44.34811334339292,48.59497774457838,0.6065116889013046,0.5928651083730968,34.75055999939632,33.96866853034461,0.35,0.35,2.6,-22.645,-22.645,-168.22000000000003
174.24282459999995,circle_tension,1640,0.7740205948898371,0.8481423615762608,3.561345092681841e-08,-3.163456269775387e-08,44.34811334339292,48.59497774457838,0.6065116889013046,0.5928651083730968,34.75055999939632,33.96866853034461,0.35,0.35,2.6,-22.645,-22.645,-168.22000000000003
174.35303230000045,circle_tension,1641,0.7740205948898371,0.8481423615762608,1.861562883169757e-08,-1.6535810546542327e-08,44.34811334339292,48.59497774457838,0.6065116889013046,0.5928651083730968,34.75055999939632,33.96866853034461,0.35,0.35,2.6,-22.645,-22.645,-168.22000000000003
174.4582792000001,circle_tension,1642,0.7740205948898371,0.8481423615762608,9.695341245143713e-09,-8.612135934983323e-09,44.34811334339292,48.59497774457838,0.6065116889013046,0.5928651083730968,34.75055999939632,33.96866853034461,0.35,0.35,2.6,-22.645,-22.645,-168.22000000000003
174.5707239000003,circle_tension,1643,0.7740205948898371,0.8481423615762608,5.1704993681239785e-09,-4.5928288942210435e-09,44.34811334339292,48.59497774457838,0.6065116889013046,0.5928651083730968,34.75055999939632,33.96866853034461,0.35,0.35,2.6,-22.645,-22.645,-168.22000000000003
174.6797692,circle_tension,1644,0.7740205948898371,0.8481423615762608,2.6662687023652884e-09,-2.3683816715025883e-09,44.34811334339292,48.59497774457838,0.6065116889013046,0.5928651083730968,34.75055999939632,33.96866853034461,0.35,0.35,2.6,-22.645,-22.645,-168.22000000000003
174.7857739000001,circle_tension,1645,0.7740205948898371,0.8481423615762608,1.3967907621854759e-09,-1.2407352781621427e-09,44.34811334339292,48.59497774457838,0.6065116889013046,0.5928651083730968,34.75055999939632,33.96866853034461,0.35,0.35,2.6,-22.645,-22.645,-168.22000000000003
174.89739110000028,circle_tension,1646,0.7740205948898371,0.8481423615762608,7.434744025883578e-10,-6.60410238007723e-10,44.34811334339292,48.59497774457838,0.6065116889013046,0.5928651083730968,34.75055999939632,33.96866853034461,0.35,0.35,2.6,-22.645,-22.645,-168.22000000000003
175.00112200000058,circle_tension,1647,0.7740205948898371,0.8481423615762608,3.8467295124222255e-10,-3.416956312155185e-10,44.34811334339292,48.59497774457838,0.6065116889013046,0.5928651083730968,34.75055999939632,33.96866853034461,0.35,0.35,2.6,-22.645,-22.645,-168.22000000000003
175.10516009999992,circle_tension,1648,0.7740205948898371,0.8481423615762608,2.0636398126221911e-10,-1.8330810786105943e-10,44.34811334339292,48.59497774457838,0.6065116889013046,0.5928651083730968,34.75055999939632,33.96866853034461,0.35,0.35,2.6,-22.645,-22.645,-168.22000000000003
175.21439660000033,circle_tension,1649,0.7740205948898371,0.8481423615762608,1.1045991851211778e-10,-9.811886034130387e-11,44.34811334339292,48.59497774457838,0.6065116889013046,0.5928651083730968,34.75055999939632,33.96866853034461,0.35,0.35,2.6,-22.645,-22.645,-168.22000000000003
175.31941150000057,circle_tension,1650,0.7740205948898371,0.8481423615762608,5.784849550890803e-11,-5.138541226762188e-11,44.34811334339292,48.59497774457838,0.6065116889013046,0.5928651083730968,34.75055999939632,33.96866853034461,0.35,0.35,2.6,-22.645,-22.645,-168.22000000000003
175.4256494000001,circle_tension,1651,0.7740205948898371,0.8481423615762608,3.080576094718306e-11,-2.7364008563456036e-11,44.34811334339292,48.59497774457838,0.6065116889013046,0.5928651083730968,34.75055999939632,33.96866853034461,0.35,0.35,2.6,-22.645,-22.645,-168.22000000000003
175.52891460000046,circle_tension,1652,0.7740205948898371,0.8481423615762608,1.638777190886271e-11,-1.4556859401036456e-11,44.34811334339292,48.59497774457838,0.6065116889013046,0.5928651083730968,34.75055999939632,33.96866853034461,0.35,0.35,2.6,-22.645,-22.645,-168.22000000000003
175.63206320000063,circle_tension,1653,0.7740205948898371,0.8481423615762608,8.814073549611885e-12,-7.829327264599374e-12,44.34811334339292,48.59497774457838,0.6065116889013046,0.5928651083730968,34.75055999939632,33.96866853034461,0.35,0.35,2.6,-22.645,-22.645,-168.22000000000003
175.7349391000007,circle_tension,1654,0.7740205948898371,0.8481423615762608,4.736391634606806e-12,-4.207221547666838e-12,44.34811334339292,48.59497774457838,0.6065116889013046,0.5928651083730968,34.75055999939632,33.96866853034461,0.35,0.35,2.6,-22.645,-22.645,-168.22000000000003
175.83893810000063,circle_tension,1655,0.7740205948898371,0.8481423615762608,2.548790358133424e-12,-2.264028514211879e-12,44.34811334339292,48.59497774457838,0.6065116889013046,0.5928651083730968,34.75055999939632,33.96866853034461,0.35,0.35,2.6,-22.645,-22.645,-168.22000000000003
175.94570939999994,circle_tension,1656,0.7740205948898371,0.8481423615762608,1.3649974538096022e-12,-1.2124940552249907e-12,44.34811334339292,48.59497774457838,0.6065116889013046,0.5928651083730968,34.75055999939632,33.96866853034461,0.35,0.35,2.6,-22.645,-22.645,-168.22000000000003
176.05351370000062,circle_tension,1657,0.7740205948898371,0.8481423615762608,7.226328522264049e-13,-6.418971954778541e-13,44.34811334339292,48.59497774457838,0.6065116889013046,0.5928651083730968,34.75055999939632,33.96866853034461,0.35,0.35,2.6,-22.645,-22.645,-168.22000000000003
176.15854880000006,circle_tension,1658,0.7740205948898371,0.8481423615762608,3.8049545822544367e-13,-3.3798486572328124e-13,44.34811334339292,48.59497774457838,0.6065116889013046,0.5928651083730968,34.75055999939632,33.96866853034461,0.35,0.35,2.6,-22.645,-22.645,-168.22000000000003
176.26337690000037,circle_tension,1659,0.7740205948898371,0.8481423615762608,2.0322916113803938e-13,-1.805235233520119e-13,44.34811334339292,48.59497774457838,0.6065116889013046,0.5928651083730968,34.75055999939632,33.96866853034461,0.35,0.35,2.6,-22.645,-22.645,-168.22000000000003
176.3690316000002,circle_tension,1660,0.7740205948898371,0.8481423615762608,1.0842695584918016e-13,-9.631302902899866e-14,44.34811334339292,48.59497774457838,0.6065116889013046,0.5928651083730968,34.75055999939632,33.96866853034461,0.35,0.35,2.6,-22.645,-22.645,-168.22000000000003
176.47751659999994,circle_tension,1661,0.7740205948898371,0.8481423615762608,5.754543026896318e-14,-5.1116206782473974e-14,44.34811334339292,48.59497774457838,0.6065116889013046,0.5928651083730968,34.75055999939632,33.96866853034461,0.35,0.35,2.6,-22.645,-22.645,-168.22000000000003
176.58888690000003,circle_tension,1662,0.7740205948898371,0.8481423615762608,3.02471900305072e-14,-2.686784359699338e-14,44.34811334339292,48.59497774457838,0.6065116889013046,0.5928651083730968,34.75055999939632,33.96866853034461,0.3647627363325222,0.35,2.6,-23.60014904071419,-22.645,-168.22000000000003
176.69614020000063,circle_tension,1663,0.7740205948898371,0.8481423615762608,1.5667018611618894e-14,-1.3916631768557782e-14,44.34811334339292,48.59497774457838,0.6065116889013046,0.5928651083730968,34.75055999939632,33.96866853034461,0.3941257922182495,0.35,2.6,-25.499938756520745,-22.645,-168.22000000000003
176.80245600000035,circle_tension,1664,0.7740205948898371,0.8481423615762608,8.292341856429833e-15,-7.36588568480728e-15,44.34811334339292,48.59497774457838,0.6065116889013046,0.5928651083730968,34.75055999939632,33.96866853034461,0.42385950041903186,0.35,2.6,-27.42370967711136,-22.645,-168.22000000000003
176.9072313000006,circle_tension,1665,0.7740205948898371,0.8481423615762608,4.392498588648906e-15,-3.901749714958696e-15,44.34811334339292,48.59497774457838,0.6065116889013046,0.5928651083730968,34.75055999939632,33.96866853034461,0.45398295086460255,0.35,2.6,-29.372696920939788,-22.645,-168.22000000000003
177.0131448000002,circle_tension,1666,0.7740205948898371,0.8481423615762608,2.3460651016122427e-15,-2.083952597081136e-15,44.34811334339292,48.59497774457838,0.6065116889013046,0.5928651083730968,34.75055999939632,33.96866853034461,0.48451604171412627,0.35,2.6,-31.34818789890397,-22.645,-168.22000000000003
177.1168378000002,circle_tension,1667,0.7740205948898371,0.8481423615762608,1.2454613157347055e-15,-1.106313009688343e-15,44.34811334339292,48.59497774457838,0.6065116889013046,0.5928651083730968,34.75055999939632,33.96866853034461,0.515479536283403,0.35,2.6,-33.35152599753618,-22.645,-168.22000000000003
177.22176160000072,circle_tension,1668,0.7740205948898371,0.8481423615762608,6.684441614796245e-16,-5.937626988108284e-16,44.34811334339292,48.59497774457838,0.6065116889013046,0.5928651083730968,34.75055999939632,33.96866853034461,0.5468951241690673,0.35,2.6,-35.384114533738654,-22.645,-168.22000000000003
177.33262540000032,circle_tension,1669,0.7740205948898371,0.8481423615762608,3.564302073729052e-16,-3.166082884155619e-16,44.34811334339292,48.59497774457838,0.6065116889013046,0.5928651083730968,34.75055999939632,33.96866853034461,0.5787854869659755,0.35,2.6,-37.44742100669862,-22.645,-168.22000000000003
177.44009319999986,circle_tension,1670,0.7740205948898371,0.8481423615762608,1.8505568716251483e-16,-1.6438046821545396e-16,44.34811334339292,48.59497774457838,0.6065116889013046,0.5928651083730968,34.75055999939632,33.96866853034461,0.6111122826424388,0.35,2.588887717357561,-39.53896468696579,-22.645,-167.5010353130342
177.54450260000067,circle_tension,1671,0.7760258429808902,0.8464714082577833,0.008851506138652451,-0.007353833427124416,44.463005595886926,48.49923917166625,0.6041290645124372,0.5929097051063023,34.61404567774929,33.971223734937354,0.6431357971955604,0.35,2.55686420280444,-41.61088607855276,-22.645,-165.42911392144728
177.6479650000001,circle_tension,1672,0.7785701445755837,0.8444683118737085,0.016124557288458175,-0.012838915056790188,44.60878333907127,48.38447020290084,0.6011925284565288,0.5930381720318488,34.44579455535774,33.97858434757819,0.6746538024438052,0.35,2.525346197556195,-43.6501010181142,-22.645,-163.3898989818858
177.7537551000005,circle_tension,1673,0.7816038828804368,0.8420947660319457,0.02227785060513213,-0.01744169804223273,44.78260374008653,48.248476043687006,0.597705935645717,0.5931873308426903,34.24602750241757,33.9871305179166,0.7056903185785404,0.35,2.4943096814214596,-45.658163612031565,-22.645,-161.38183638796843
177.86701220000032,circle_tension,1674,0.7891366200415866,0.8366003189792928,0.04555073398008268,-0.03340041334675962,45.21419778760176,47.9336674168119,0.5893500870296081,0.5937731626087928,33.767272642464306,34.02069620561897,0.7362682541801103,0.35,2.46373174581989,-47.63655604545314,-22.645,-159.4034439545469
177.97152490000008,circle_tension,1675,0.7951598185176959,0.8320282178657621,0.04968612931051214,-0.03662700406000749,45.55930163945246,47.67170531949953,0.5825617534931548,0.5940477747554122,33.37832978089841,34.03643032262329,0.766409480571385,0.35,2.433590519428615,-49.58669339296861,-22.645,-157.45330660703138
178.07593330000054,circle_tension,1676,0.7995682881428614,0.8287646184955586,0.046457779623401176,-0.033964612174186004,45.81188834308606,47.484714849565314,0.5776624774117796,0.5942700186452065,33.09762193876622,34.04916395953107,0.7961349007395976,0.35,2.4038650992604027,-51.50992807785197,-22.645,-155.53007192214807
178.1793021000003,circle_tension,1677,0.7997888002128257,0.8285091179127394,0.025913723844722618,-0.019352509518041103,45.82452275402671,47.47007574450664,0.5773533719802744,0.5942141384446792,33.0799115021164,34.045962259882515,0.8254645133041535,0.35,2.3745354866958466,-53.40755401077873,-22.645,-153.63244598922128
178.28387530000055,circle_tension,1678,0.801293267087642,0.8268322426334909,0.02071406935468854,-0.017879200933917677,45.910722356370925,47.373997868235875,0.5752920098444017,0.5938776480618856,32.96180415168282,34.0266827811017,0.8544174719622742,0.35,2.3455825280377254,-55.28081043595915,-22.645,-151.75918956404084
178.3871775000007,circle_tension,1679,0.8053940615088848,0.8238412196618995,0.02947056384841265,-0.02279437865087297,46.14568056935893,47.20262487553701,0.5707795474675317,0.5940749644672513,32.703259102276604,34.03798817835784,0.8830121408023351,0.35,2.316987859197665,-57.13088550991109,-22.645,-149.90911449008894
178.49157710000054,circle_tension,1680,0.8065592119072695,0.822830932254594,0.021064418046315266,-0.016729241453500063,46.21243876968436,47.144739671003194,0.5693878682926737,0.5940102680224385,32.62352175912099,34.03428134512057,0.9112661458387169,0.35,2.288733854161283,-58.958919635764985,-22.645,-148.08108036423502
178.59884450000027,circle_tension,1681,0.8065592119072695,0.822830932254594,0.011277139251658462,-0.00895624009317166,46.21243876968436,47.144739671003194,0.5693878682926737,0.5940102680224385,32.62352175912099,34.03428134512057,0.9391964230885994,0.35,2.260803576911401,-60.76600857383239,-22.645,-146.27399142616764
178.70493850000003,circle_tension,1682,0.8113027035216285,0.8194181003348907,0.026914298903036624,-0.019644580167972676,46.48422081934282,46.949198805816664,0.5642138701791611,0.5942295279215716,32.32707350400807,34.04684401195736,0.9668192634819159,0.35,2.233180736518084,-62.55320634727996,-22.645,-144.48679365272002
178.82319009999992,circle_tension,1683,0.8248912437079872,0.8100824738595375,0.07542292809113528,-0.05122805415901467,47.26278682176509,46.41430680966833,0.5497518169262009,0.5949844991600447,31.498458889520005,34.090100677575634,0.994150354869352,0.35,2.205849645130648,-64.32152796004708,-22.645,-142.71847203995296
178.9326641000007,circle_tension,1684,0.8362823503457006,0.8048956562385792,0.0867687586788941,-0.047029215567136524,47.91544915608953,46.11712405088333,0.5394624220751453,0.5973586130629999,30.908919990810876,34.2261273842983,1.0212048213697298,0.35,2.17879517863027,-66.07195194262152,-22.645,-140.9680480573785
179.03963360000034,circle_tension,1685,0.8517442496992844,0.8034991889753633,0.1133242797621125,-0.029668043998284703,48.801350732305934,46.03711237047288,0.529242194396098,0.6045772459784354,30.323344079138682,34.639724584206974,1.0479972602767895,0.35,2.15200273972321,-67.80542273990828,-22.645,-139.2345772600917
179.15023530000053,circle_tension,1686,0.8690428294414163,0.8049074393458325,0.13609696584583494,-0.00810918601543032,49.7924863431006,46.117799173198506,0.5196143118854747,0.614716969668196,29.771707045632148,35.22068795705907,1.0745417767266647,0.35,2.125458223273335,-69.52285295421521,-22.645,-137.51714704578478
179.25780060000034,circle_tension,1687,0.8935988017968937,0.7996836275397722,0.17879658121648076,-0.024451363166744046,51.19943992090937,45.818496803740636,0.5010909010307182,0.6232189126297372,28.710393781467786,35.707813406416335,1.1008520163098732,0.35,2.099147983690127,-71.2251254552488,-22.645,-135.81487454475123
179.36484550000023,circle_tension,1688,0.9344225732975139,0.788305607596339,0.27793274037408466,-0.05682958335061094,53.53846973170136,45.166584281766234,0.4684765617597587,0.6339995599758633,26.84172978963403,36.32549899976828,1.1269411957967546,0.35,2.0730588042032454,-72.91309536805002,-22.645,-134.12690463194997
179.4712524000006,circle_tension,1689,0.9751000180053211,0.7803005134175813,0.3309747025947803,-0.057719387256805255,55.86911563483548,44.70792617071867,0.4378151208583387,0.6459000009192903,25.084958632192862,37.007344040171326,1.1528221321309777,0.35,2.047177867869022,-74.58759194887426,-22.645,-132.45240805112573
179.58126280000033,circle_tension,1690,1.0042752087238673,0.7816345679307922,0.30501949053672317,-0.019240317164346276,57.54073092949743,44.78436186396604,0.41950320622888637,0.6595222951106662,24.035763209121377,37.78784400462274,1.17850726983364,0.35,2.0214927301663597,-76.24942035823652,-22.645,-130.7905796417635
179.69116600000052,circle_tension,1691,1.0167068762265146,0.7847192060324147,0.21226372645631505,0.00517702402840391,58.25301300970906,44.961098608514256,0.41289508118103485,0.6673094366578746,23.6571455333848,38.234014349748755,1.204008706949062,0.35,1.9959912930509383,-77.8993633396043,-22.645,-129.1406366603957
179.79814729999998,circle_tension,1692,1.0274036522357264,0.7850757259474092,0.15723319373724565,0.005378997910472851,58.86589312943369,44.9815256949558,0.4059178721290454,0.6719929884738972,23.25738090192533,38.502362101937685,1.229338219653322,0.35,1.9706617803466782,-79.53818281156994,-22.645,-127.50181718843008
179.90832210000008,circle_tension,1693,1.0553503439322283,0.7769456210636666,0.2085580186721159,-0.02984480838562948,60.467120614996546,44.51570499811865,0.38297431639852136,0.6759993868851449,21.942811991543106,38.7319118219501,1.2545072856376112,0.35,1.9454927143623886,-81.16662138075344,-22.645,-125.87337861924655
180.01529800000026,circle_tension,1694,1.070441205305488,0.7713817354653907,0.17580894226862726,-0.03806430923064751,61.33176328090132,44.196917835643816,0.3700604805747012,0.6768197858561902,21.202903701513364,38.778917220507864,1.279527106369843,0.35,1.9204728936301572,-82.78540378212885,-22.645,-124.25459621787117
180.12266090000048,circle_tension,1695,1.0709728505577916,0.7712092106932643,0.0953361558308677,-0.02084796139647589,61.36222431005649,44.187032894339524,0.3696179142136777,0.6768650117641317,21.177546516872255,38.78150847415756,1.3044086283310685,0.35,1.8955913716689317,-84.39523825302014,-22.645,-122.64476174697988
180.23189720000028,circle_tension,1696,1.0713894539780782,0.7711732320034159,0.05213506755837908,-0.011140190893823737,61.38609392776963,44.1849714672588,0.3693186674955454,0.6769873526129636,21.160400942890135,38.78851808845768,1.3291625633162338,0.35,1.8708374366837663,-85.99681784656033,-22.645,-121.04318215343969
180.34005810000053,circle_tension,1697,1.0716088519998932,0.7710425943818201,0.028242263461847328,-0.006393925110127587,61.398664508453145,44.17748648289573,0.3691075910828755,0.6769536679537564,21.148307155289384,38.78658809965077,1.3537994078829212,0.35,1.846200592117079,-87.59082169002501,-22.645,-119.44917830997501
180.4524594000004,circle_tension,1698,1.0717203945179374,0.7709844088928619,0.015319645111696156,-0.003610739918033838,61.405055423973344,44.17415269994952,0.3690042312579339,0.676943746606479,21.142385073549022,38.7860196483247,1.3783294620264077,0.35,1.821670537973592,-89.17791619310859,-22.645,-117.8620838068914
180.55947019999985,circle_tension,1699,1.0719329828205932,0.7709280769927949,0.008825603606875846,-0.002105281501831289,61.41723583648937,44.17092511982373,0.36883336185609406,0.6769727107334093,21.13259497797567,38.78767917055507,1.4027628471543392,0.35,1.7972371528456605,-90.75875621088575,-22.645,-116.28124378911424
180.66669749999983,circle_tension,1700,1.0722432792800873,0.7708758447308391,0.006046455612049447,-0.0013446641279679585,61.43501451401624,44.167932431659246,0.3685983067392499,0.6770412515190213,21.11912731182755,38.791606268295155,1.427109523430173,0.35,1.772890476569827,-92.33398616593219,-22.645,-114.70601383406782
180.7740459000006,circle_tension,1701,1.0726686675888528,0.7707645791214263,0.005068446768780317,-0.0011989277338939012,61.459387468762706,44.16155738183493,0.36825710730803496,0.677100243202842,21.099578024446668,38.794986242804455,1.4513793065507612,0.35,1.7486206934492388,-93.90424113383425,-22.645,-113.13575886616576
180.88575300000048,circle_tension,1702,1.0919872464731792,0.7635247693973679,0.0884152602190365,-0.03177797068348794,62.56626050502516,43.74674684016862,0.35177304714631236,0.6776620077772563,20.155110947940226,38.82717298199835,1.4755818840196486,0.35,1.724418115980351,-95.47014789607127,-22.645,-111.56985210392872
180.99454630000037,circle_tension,1703,1.1138225362930356,0.7560391050806383,0.14181049971708273,-0.047191810699154,63.8173304561479,43.31784986796833,0.33359048789824763,0.6784633481588681,19.113327042279554,38.873086403818114,1.499726830975166,0.35,1.7002731690248343,-97.03232596409323,-22.645,-110.00767403590679
181.10105999999996,circle_tension,1704,1.1213832599666365,0.7546822404385182,0.10799996154263372,-0.03020016634969816,64.25052801270988,43.24010725060432,0.3278618559980925,0.6797439866705607,18.785100612016652,38.946461585620014,1.5238236256292466,0.35,1.6761763743707534,-98.59138857821226,-22.645,-108.44861142178775
181.21380050000062,circle_tension,1705,1.128413570913402,0.7568155461880957,0.08823632541348198,-0.006200877355821116,64.65333515862416,43.3623366664661,0.32398823698736934,0.6839600816171962,18.563158591260578,39.188026032088665,1.5478816643709985,0.35,1.6521183356290017,-100.14794368480361,-22.645,-106.89205631519641
181.31879019999997,circle_tension,1706,1.1374152678513596,0.7601427907831456,0.08360156255569845,0.011508011918696296,65.16909440162497,43.55297373917018,0.3192156410663508,0.6898684199745541,18.289708987664863,39.526548883900524,1.571910276586854,0.35,1.628089723413146,-101.70259489516945,-22.645,-105.33740510483055
181.42795170000045,circle_tension,1707,1.1439149101337396,0.762447235824719,0.07345636104494714,0.0167296592986897,65.54149647275013,43.68500871417218,0.3156791508366621,0.694026268338453,18.087083023214447,39.76477604700731,1.5959187392474599,0.35,1.6040812607525399,-103.25594242931066,-22.645,-103.78405757068933
181.54230610000013,circle_tension,1708,1.153849624813759,0.764919707896643,0.08119773601585034,0.0199460315483204,66.1107136945819,43.82667092885739,0.30977001144792143,0.6993888042685844,17.748514275685093,40.0720267232911,1.6199162913103464,0.35,1.5800837086896538,-104.80858404777942,-22.645,-102.2314159522206
181.64843780000047,circle_tension,1709,1.1751048343259747,0.7614747983017605,0.13285221138537498,-0.003081942877409092,67.32854749229817,43.6292921482665,0.29350767547744117,0.7026358323374462,16.81675105955279,40.25806772759739,1.6439121479859828,0.35,1.5560878520140171,-106.36111597469309,-22.645,-100.67888402530691
181.7564057999998,circle_tension,1710,1.2113928041608446,0.7548157885905298,0.23298593902822168,-0.02691497361168934,69.40769501093426,43.24775899607636,0.2654807365865278,0.7065881779417328,15.210925748432386,40.4845204499001,1.6679155149142768,0.35,1.5320844850857234,-107.91413381495371,-22.645,-99.1258661850463
181.8620331000002,circle_tension,1711,1.2365986655785948,0.7561517846574517,0.23312047251585447,-0.0049158786467741675,70.85188448916298,43.32430593215706,0.248026350385031,0.7143167721363758,14.210863085095237,40.92733627882245,1.6919356022979475,0.35,1.5080643977020525,-109.46823346867721,-22.645,-97.5717665313228
181.96630350000032,circle_tension,1712,1.2520660725539967,0.7644196852267298,0.19064591463539346,0.035909919345707704,71.73810162886473,43.7980217402105,0.23953933205124822,0.7259189786488396,13.724592753919332,41.59209374502583,1.7159816390389069,0.35,1.484018360961093,-111.02401204581729,-22.645,-96.01598795418272
182.06945720000022,circle_tension,1713,1.2663168927967199,0.7711153631320778,0.16364186351663657,0.05049266512372927,72.55461348337236,44.18165582516594,0.2311777596402098,0.7356464821543359,13.245509944673802,42.14943864108948,1.7400628869237704,0.35,1.4599371130762295,-112.58206878396796,-22.645,-94.45793121603205
182.17926979999993,circle_tension,1714,1.2892630203756879,0.7730420586214708,0.18955845443125272,0.03825523008538788,73.86932974981598,44.29204734511505,0.21477343685963293,0.7426078340666915,12.305611483576437,42.54829472537278,1.7641886549049155,0.35,1.4358113450950847,-114.14300597234804,-22.645,-92.89699402765198
182.2859644,circle_tension,1715,1.3266410575961638,0.7716714666939851,0.2604513934963922,0.019164925921876422,76.01093352903214,44.21351821223542,0.18654133966729164,0.7487851368081356,10.68803146765214,42.90222810123212,1.788368313523859,0.35,1.4116316864761411,-115.70742988499369,-22.645,-91.33257011500633
182.39155389999996,circle_tension,1716,1.3480435784087952,0.7746591076479107,0.23137246006153367,0.02641318105585074,77.23720764253683,44.384697429595796,0.171133966264636,0.7555196216197113,9.805253998297854,43.28808565813036,1.8126113095246525,0.35,1.3873886904753476,-117.27595172624503,-22.645,-89.764048273755
182.49864800000068,circle_tension,1717,1.3573286400372808,0.780641391114782,0.16285738053049947,0.04161503427002616,77.76920248636793,44.72745702409841,0.16537899155107055,0.7629225194442573,9.475518236006042,43.712240459643425,1.8369271807059335,0.35,1.3630728192940667,-118.84918859167391,-22.645,-88.19081140832611
182.60692600000039,circle_tension,1718,1.3630329229246358,0.7836740839782557,0.110432107965277,0.035734282701701925,78.09603382096206,44.9012175257349,0.1616499580469169,0.7668209445252445,9.261860354555159,43.935603763531944,1.861325571061598,0.35,1.338674428938402,-120.42776444768539,-22.645,-86.61223555231462
182.71265070000027,circle_tension,1719,1.3642997937345855,0.783929541475758,0.06359902375589946,0.019979471811200016,78.1686201715605,44.915854162186754,0.16073074250918845,0.7672751490898406,9.209193183780469,43.96162776811887,1.885816246261618,0.35,1.314183753738382,-122.01231113312669,-22.645,-85.02768886687332
182.82294030000048,circle_tension,1720,1.378961437411788,0.7824958999688858,0.09888801305086534,0.005038480625947935,79.00867047498888,44.8337125545082,0.1491910166425795,0.7681418319693767,8.54801559488583,44.01128503929254,1.9104091095265865,0.35,1.2895908904734137,-123.60346938637015,-22.645,-83.43653061362987
182.9297690000003,circle_tension,1721,1.4038899039623187,0.7806038759914852,0.15997908583069334,-0.0035288033753269393,80.43696639806733,44.72530756586559,0.12968372170326217,0.769756158493143,7.430329925146038,44.10377913586038,1.935114217951588,0.35,1.264885782048412,-125.20188990146774,-22.645,-81.83811009853227
183.0356313000002,circle_tension,1722,1.409145450803436,0.7802324681221644,0.10778567397141962,-0.0031071531773854463,80.73808705109666,44.704027462475565,0.12557668252960516,0.7700605178275686,7.195013914200594,44.12121764117837,1.9599417993376664,0.35,1.2400582006623337,-126.80823441714702,-22.645,-80.231765582853
183.13936319999993,circle_tension,1723,1.4097562319798769,0.7801188600711512,0.06008324650812372,-0.0021295268382477595,80.77308223471276,44.6975182006338,0.12508810419140687,0.7700249359783825,7.167020437460317,44.11917895139273,1.984902269592241,0.35,1.2150977304077588,-128.423176842618,-22.645,-78.616823157382
183.2489288000006,circle_tension,1724,1.4101398549711988,0.7802263368484382,0.03391918860635253,-0.0006515682676051483,80.79506221303969,44.70367616636801,0.12480988838293086,0.7701789587321721,7.151079845840822,44.128003805133865,2.0100062507627903,0.35,1.18999374923721,-130.04740442435255,-22.645,-76.99259557564748
183.35472160000063,circle_tension,1725,1.4103596459400078,0.7802234558606513,0.018656492602193493,-0.0003494281443748019,80.80765530792755,44.703511097927,0.12464014675436835,0.7702035282262651,7.141354366916512,44.12941153345017,2.0352645897721495,0.35,1.1647354102278507,-131.68161895825807,-22.645,-75.35838104174194
183.4601558000004,circle_tension,1726,1.4105283557804107,0.780114084545796,0.010670801956055891,-0.0006691727669377429,80.81732166974494,44.69724458318599,0.12449275029173626,0.7701165756114621,7.1329091716925355,44.12442951560432,2.060688377927948,0.35,1.139311622072052,-133.32653805193823,-22.645,-73.71346194806178
183.56546460000027,circle_tension,1727,1.4120310309398496,0.7800039681821875,0.01237115731168225,-0.0008356498524470467,80.90341861435995,44.6909353802959,0.1233179658211921,0.770194046773722,7.065598979692845,44.12886828623579,2.086288971283167,0.35,1.1137110287168328,-134.98289644202092,-22.645,-72.05710355797909
183.67135060000055,circle_tension,1728,1.4122533901293979,0.7800005677956545,0.007557671228121866,-0.0004578239674743378,80.916158857457,44.690740552498845,0.12314616619830945,0.7702180908756959,7.055755586379729,44.130245911801076,2.112078011930341,0.35,1.087921988069659,-136.65144737189308,-22.645,-70.38855262810694
183.77843360000043,circle_tension,1729,1.4126488650664388,0.7800513798631881,0.005766853896851441,-1.6764916842988822e-05,80.93881790225267,44.69365186951685,0.1228495569698448,0.7703169098356705,7.038761129424073,44.13590782114349,2.1380674503174557,0.35,1.0619325496825445,-138.3329640355394,-22.645,-68.70703596446063
183.88211730000057,circle_tension,1730,1.4128687117035668,0.7800488936196345,0.004022011947069813,-1.9232960861055233e-05,80.95141418670023,44.693509418254386,0.12267981140386863,0.77034144397866,7.029035424902579,44.13731352399076,2.1642695686801945,0.35,1.0357304313198052,-140.02824109360859,-22.645,-67.0117589063914
183.98738950000006,circle_tension,1731,1.4163180231782118,0.7796484879257533,0.017595841843576848,-0.0017746903446440746,81.14904517642344,44.670567861901986,0.1199603310082032,0.7703643837232583,6.873220675762384,44.13862787453935,2.190697005692355,0.35,1.0093029943076446,-141.73809626829538,-22.645,-65.30190373170461
184.09312050000062,circle_tension,1732,1.4174295773093721,0.7796161284440919,0.014287498124468804,-0.0010770976168867044,81.21273253683925,44.66871380017556,0.11909901192685378,0.7704652705269731,6.823870727586976,44.14440826260078,2.217362782444063,0.35,0.982637217555937,-143.46337202413088,-22.645,-63.57662797586913
184.19807750000018,circle_tension,1733,1.4305026089825503,0.7782281996040298,0.06573140177444106,-0.006358058095143294,81.96176207715322,44.58919133537551,0.10882272525090884,0.7705820820184537,6.235082871988809,44.151101068061244,2.244280329866458,0.35,0.9557196701335422,-145.20493734235984,-22.645,-61.83506265764019
184.30548640000052,circle_tension,1734,1.478871810894045,0.7779699240969302,0.24999043755849482,0.0008287884289783897,84.73311320509798,44.5743932388671,0.07141383354686243,0.774685269756386,4.091711261084991,44.38619640799459,2.271463517730905,0.35,0.9285364822690951,-146.96368959718956,-22.645,-60.076310402810456
184.4105754000002,circle_tension,1735,1.483976931277014,0.7788095859628035,0.15433966593134288,0.0047025728785270475,85.02561505694831,44.62250231999972,0.06753086595342105,0.7758762487221365,3.8692336059947303,44.45443447622095,2.298926685361975,0.35,0.9010733146380248,-148.7405565429198,-22.645,-58.2994434570802
184.5160749000006,circle_tension,1736,1.4941370224829544,0.7866780117603704,0.1260104836080316,0.03826384044084715,85.60774540251668,45.07332990961217,0.06024714006856053,0.7843676282846002,3.4519068536620314,44.94095468739376,2.3266846742152003,0.35,0.8733153257847994,-150.53649842172348,-22.645,-56.50350157827653
184.62162110000008,circle_tension,1737,1.505113983763973,0.7963905334218299,0.1139772193865388,0.06418704540072802,86.23667895579757,45.62981640924318,0.052271192806907625,0.794673268788154,2.994918737950394,45.53142439342648,2.3547528624838354,0.35,0.8452471375161648,-152.35251020270417,-22.645,-54.68748979729586
184.72600310000053,circle_tension,1738,1.5196539565307434,0.8079197036040799,0.122865774442551,0.08645682202720005,87.06975802956866,46.290389201974186,0.04130091908170337,0.8068633599034665,2.366368353392931,46.229865166213806,2.383147201913982,0.35,0.8168527980860183,-154.18962396383466,-22.645,-52.850376036165386
184.83169200000066,circle_tension,1739,1.5546215739073865,0.8189132877070598,0.21619234494603343,0.09910649549014527,89.07325492487864,46.92027517279705,0.01324514250915986,0.8188061669180917,0.7588907648241773,46.91413760369107,2.4118842570230825,0.35,0.788115742976918,-156.04891142939346,-22.645,-50.9910885706066
184.93778600000041,circle_tension,1740,1.6067067800296,0.8354725585644548,0.3358635787100031,0.13602863835434645,92.05751741075042,47.86905150473976,-0.02999575038324726,0.8349339201836169,-1.7186299002879895,47.83818979883399,2.440981246935812,0.35,0.7590187530641875,-157.93148667674706,-22.645,-49.108513323252936
185.0433340999998,circle_tension,1741,1.623398276227868,0.8473651400019951,0.246989679854077,0.12773215517867786,93.01386969666984,48.55044622862645,-0.04455250573994713,0.8461930954119709,-2.5526705456313454,48.48329302021691,2.4704560900709676,0.35,0.7295439099290325,-159.8385090275916,-22.645,-47.20149097240841
185.1490130000002,circle_tension,1742,1.6301774020761473,0.8565572278697686,0.15904207408941715,0.1094504278866534,93.40228499656428,49.07711406836328,-0.05083340289050306,0.8550475131631661,-2.912539443913945,48.99061378740612,2.500327451935675,0.35,0.6996725480643246,-161.77118614023817,-22.645,-45.2688138597618
185.25415310000062,circle_tension,1743,1.6361982249703528,0.8625973848769861,0.11023045983109214,0.08559926572946472,93.747252737598,49.423189572473206,-0.056375296240487746,0.8607532017776132,-3.2300665433796847,49.317525664229784,2.5306147963084733,0.35,0.6693852036915268,-163.73077732115823,-22.645,-43.309222678841785
185.36234670000067,circle_tension,1744,1.640176463940164,0.8598106292578888,0.07638334664976196,0.033445047765638655,93.97518904046265,49.26352023696456,-0.0596059326212484,0.8577420655308902,-3.4151683731386893,49.145000265753694,2.561338440120427,0.35,0.6386615598795733,-165.71859707579162,-22.645,-41.32140292420839
185.46767400000044,circle_tension,1745,1.647001796196407,0.852333044151813,0.07057851260299276,-0.014863658614476492,94.36625177251989,48.835086169436536,-0.06488959186980547,0.8498593760264498,-3.717899748466274,48.693355425937185,2.5925196123749212,0.35,0.607480387625079,-167.73601892065741,-22.645,-39.30398107934262
185.57309690000056,circle_tension,1746,1.684899647823043,0.8290486390064382,0.2118673260767039,-0.10732514491654911,96.53763872333913,47.50098802613387,-0.09439206747137853,0.8236575644264468,-5.408267085624094,47.19210220566009,2.6,0.35,0.576108338883075,-168.22000000000003,-22.645,-37.27420952573495
185.6807128999999,circle_tension,1747,1.7900444470786994,0.7968182143734671,0.6069808128136385,-0.1692110469587398,102.56199195843851,45.654320722750136,-0.1733046181512186,0.777743387040212,-9.929623190191144,44.56141362161383,2.6,0.35,0.5451994487645808,-168.22000000000003,-22.645,-35.27440433506838
185.78615050000008,circle_tension,1748,1.9310032218084512,0.7657749639974318,0.98720349217508,-0.15399367161385297,110.63833483578861,43.87567349383541,-0.26991106136215887,0.7166305285428614,-15.464764659948287,41.05990475573543,2.6,0.35,0.514759103499532,-168.22000000000003,-22.645,-33.30491399641972
185.89447250000012,circle_tension,1749,2.130782294090576,0.7364755924734387,1.478134935731114,-0.06310900873014345,122.08483251259337,42.196943163124814,-0.39119691362411,0.6239881994718115,-22.41393210920532,35.75189029570215,2.6,0.35,0.4847656416218271,-168.22000000000003,-22.645,-31.364337012932214
185.99997340000027,circle_tension,1750,2.298291223031585,0.7309489153609148,1.5126646303459845,0.08349583413893236,131.68238717167,41.88028788984565,-0.486081617328043,0.5459038176849944,-27.850425171790008,31.27798477342933,2.6,0.35,0.455198369398821,-168.22000000000003,-22.645,-29.451334500103723
186.10781540000062,circle_tension,1751,2.446209650723139,0.7410542687240838,1.4209945138518982,0.21085227397887654,140.1574887906071,42.45928198804356,-0.5689876746010589,0.47477832232133976,-32.6005923496037,27.202794073314614,2.6,0.35,0.42603749798861024,-168.22000000000003,-22.645,-27.56462611986308
186.21845550000035,circle_tension,1752,2.6032847649279027,0.7747374404518947,1.3383267144271982,0.3834511135538193,149.15722990107545,44.38918556866151,-0.6651720792902015,0.3971954261704218,-38.1115527932699,22.757621561465257,2.6,0.35,0.3972640850414148,-168.22000000000003,-22.645,-25.70298630217954
186.32397570000012,circle_tension,1753,2.6902393705009757,0.7985013588242048,1.019258572891596,0.3622448611173858,154.13936180963728,45.75075779608827,-0.7185375534807806,0.3482932733802877,-41.1691692361044,19.955734597486668,2.6,0.35,0.3688599803656446,-168.22000000000003,-22.645,-23.865240729657206
186.43342570000004,circle_tension,1754,2.7521555982404085,0.81215316701381,0.7851505902408489,0.2857207275454852,157.68690034247763,46.53294878807478,-0.7513415242382596,0.30834831059354,-43.04869831177852,17.667056816998894,2.6,0.35,0.35,-168.22000000000003,-22.645,-22.645
186.54590400000052,circle_tension,1755,2.798395925293005,0.8073180610195808,0.6076666637352232,0.147618213126157,160.33627592589602,46.255917621107045,-0.7602383255310653,0.27166181189511657,-43.558447477022824,15.565075276467043,2.6,0.35,0.35,-168.22000000000003,-22.645,-22.645
186.65312200000062,circle_tension,1756,2.8221692095676705,0.8039144548111925,0.41489530557820214,0.06846358247298574,161.69838477999906,46.06090535024187,-0.7632497489036119,0.25244459085698473,-43.73098932659679,14.464009617012074,2.6,0.35,0.35,-168.22000000000003,-22.645,-22.645
186.7585313999998,circle_tension,1757,2.832215452405026,0.8003880229472542,0.2645464485551616,0.022628297606268426,162.27399209454308,45.85885568769775,-0.762388301196224,0.2436905116670526,-43.68163200869225,13.962437825905662,2.6,0.35,0.35,-168.22000000000003,-22.645,-22.645
186.8653976000005,circle_tension,1758,2.8333228371089465,0.7981834403718138,0.14616113605177447,0.002393603662245881,162.33744056437507,45.73254241053694,-0.7605570343813148,0.24217721184472382,-43.57670814903559,13.875732132948325,2.6,0.35,0.35,-168.22000000000003,-22.645,-22.645
186.97258930000044,circle_tension,1759,2.8327283378739327,0.796945891453399,0.07487925783224848,-0.004228985234161669,162.303378267285,45.66163608057079,-0.759233938452592,0.24225313332590462,-43.50090033642883,13.880082113394366,2.6,0.35,0.35,-168.22000000000003,-22.645,-22.645
187.08137700000043,circle_tension,1760,2.832438483791904,0.7964382847435599,0.038254000419784474,-0.004471798321892909,162.28677085171014,45.632552358444485,-0.7586801467865424,0.24231874933074074,-43.469170411234664,13.883841633539987,2.6,0.35,0.35,-168.22000000000003,-22.645,-22.645
187.1852458000003,circle_tension,1761,2.832120895322447,0.7959340678232636,0.018676585009098277,-0.004551669605510172,162.26857437278824,45.603662856952425,-0.7581228870013622,0.24240612312069865,-43.437241777451476,13.888847782944637,2.6,0.35,0.35,-168.22000000000003,-22.645,-22.645
187.28893380000045,circle_tension,1762,2.8317503947940867,0.7950509565269708,0.008388590348532395,-0.006405828006560411,162.24734625620582,45.553064306834514,-0.7571919643541792,0.24241772334528364,-43.383903838714744,13.889512426854761,2.6,0.35,0.35,-168.22000000000003,-22.645,-22.645
187.39279299999998,circle_tension,1763,2.831484238858992,0.7948393038817585,0.003311775525049044,-0.004385809873395375,162.23209664443252,45.54093750354107,-0.7569258597016967,0.2425546575724444,-43.3686571652187,13.897358180141959,2.6,0.35,0.35,-168.22000000000003,-22.645,-22.645
187.4968961000004,circle_tension,1764,2.8310768557858967,0.794367443103281,-4.570465851119561e-05,-0.004452855431198181,162.2087553136991,45.513901872416554,-0.756377689679299,0.24271881924945687,-43.337249336479715,13.906763951392563,2.6,0.35,0.35,-168.22000000000003,-22.645,-22.645
187.60416859999987,circle_tension,1765,2.8310135048378307,0.7937340262522334,-0.00030746741331166334,-0.005208636854460344,162.20512557174675,45.477609760179064,-0.7557591995728663,0.24257315740114704,-43.301812463710526,13.898418142248335,2.6,0.35,0.35,-168.22000000000003,-22.645,-22.645
187.71364380000068,circle_tension,1766,2.8310146738780873,0.7938454662117789,-0.00015690677310808523,-0.002255998231928835,162.20519255281954,45.48399479953012,-0.7558655914980746,0.2426063309443144,-43.30790827199924,13.90031884626332,2.6,0.35,0.35,-168.22000000000003,-22.645,-22.645
187.8181155000002,circle_tension,1767,2.831016322370793,0.7937038032051803,-7.494073631077396e-05,-0.0017985560272748393,162.20528700449415,45.4758781071389,-0.7557311059238797,0.2425617916355281,-43.300202816192474,13.897766931847434,2.6,0.35,0.35,-168.22000000000003,-22.645,-22.645
187.92241420000028,circle_tension,1768,2.8309371644711394,0.7934979170377916,-0.0003936336354616786,-0.0018821794670796645,162.20075159092886,45.464081698687394,-0.7555158717771194,0.24255867709932197,-43.28787080797601,13.897588482067682,2.6,0.35,0.35,-168.22000000000003,-22.645,-22.645
188.02970749999986,circle_tension,1769,2.83100290630059,0.7933388494843869,8.247623523388836e-05,-0.0017134707728220237,162.20451832029386,45.45496779921984,-0.7553803596684256,0.24246039331901315,-43.28010653607494,13.891957236261396,2.6,0.35,0.35,-168.22000000000003,-22.645,-22.645
188.1387580999999,circle_tension,1770,2.8309683555205662,0.7933998040631673,-0.00010837639862516617,-0.000635745152947709,162.2025387064196,45.45846023932595,-0.7554300194934944,0.24250512311192735,-43.282951834462736,13.894520064613873,2.6,0.35,0.35,-168.22000000000003,-22.645,-22.645
188.25079360000018,circle_tension,1771,2.8309683555205662,0.7933998040631673,-5.673642110584981e-05,-0.0003328206617973767,162.2025387064196,45.45846023932595,-0.7554300194934944,0.24250512311192735,-43.282951834462736,13.894520064613873,2.6,0.35,0.35,-168.22000000000003,-22.645,-22.645
188.35845700000027,circle_tension,1772,2.8309683555205662,0.7933998040631673,-2.9343667416966406e-05,-0.00017213244365654816,162.2025387064196,45.45846023932595,-0.7554300194934944,0.24250512311192735,-43.282951834462736,13.894520064613873,2.6,0.35,0.35,-168.22000000000003,-22.645,-22.645
188.46791980000035,circle_tension,1773,2.8309683555205662,0.7933998040631673,-1.5505936814594396e-05,-9.095914144449837e-05,162.2025387064196,45.45846023932595,-0.7554300194934944,0.24250512311192735,-43.282951834462736,13.894520064613873,2.6,0.35,0.35,-168.22000000000003,-22.645,-22.645
188.57579220000025,circle_tension,1774,2.8309683555205662,0.7933998040631673,-8.095308901620833e-06,-4.748776911862434e-05,162.2025387064196,45.45846023932595,-0.7554300194934944,0.24250512311192735,-43.282951834462736,13.894520064613873,2.6,0.35,0.35,-168.22000000000003,-22.645,-22.645
188.68873460000032,circle_tension,1775,2.8309683555205662,0.7933998040631673,-4.2612421094714485e-06,-2.4996807893596785e-05,162.2025387064196,45.45846023932595,-0.7554300194934944,0.24250512311192735,-43.282951834462736,13.894520064613873,2.6,0.35,0.35,-168.22000000000003,-22.645,-22.645
188.79817309999999,circle_tension,1776,2.8309683555205662,0.7933998040631673,-2.1931448736500155e-06,-1.2865173975354322e-05,162.2025387064196,45.45846023932595,-0.7554300194934944,0.24250512311192735,-43.282951834462736,13.894520064613873,2.6,0.35,0.35,-168.22000000000003,-22.645,-22.645
188.9100795000004,circle_tension,1777,2.8309683555205662,0.7933998040631673,-1.147949390093907e-06,-6.733968556249957e-06,162.2025387064196,45.45846023932595,-0.7554300194934944,0.24250512311192735,-43.282951834462736,13.894520064613873,2.6,0.35,0.35,-168.22000000000003,-22.645,-22.645
189.01853690000007,circle_tension,1778,2.8309683555205662,0.7933998040631673,-5.949172702523155e-07,-3.4898352018127134e-06,162.2025387064196,45.45846023932595,-0.7554300194934944,0.24250512311192735,-43.282951834462736,13.894520064613873,2.6,0.35,0.35,-168.22000000000003,-22.645,-22.645
189.1242409000006,circle_tension,1779,2.8309683555205662,0.7933998040631673,-3.124483444510888e-07,-1.8328485080808928e-06,162.2025387064196,45.45846023932595,-0.7554300194934944,0.24250512311192735,-43.282951834462736,13.894520064613873,2.6,0.35,0.35,-168.22000000000003,-22.645,-22.645
189.23696970000037,circle_tension,1780,2.8309683555205662,0.7933998040631673,-1.662151575784226e-07,-9.750322221205827e-07,162.2025387064196,45.45846023932595,-0.7554300194934944,0.24250512311192735,-43.282951834462736,13.894520064613873,2.6,0.35,0.35,-168.22000000000003,-22.645,-22.645
189.3472941,circle_tension,1781,2.8309683555205662,0.7933998040631673,-8.563667971504248e-08,-5.023520317525239e-07,162.2025387064196,45.45846023932595,-0.7554300194934944,0.24250512311192735,-43.282951834462736,13.894520064613873,2.6,0.35,0.35,-168.22000000000003,-22.645,-22.645
189.45572450000054,circle_tension,1782,2.8309683555205662,0.7933998040631673,-4.4602630939364786e-08,-2.616428188067891e-07,162.2025387064196,45.45846023932595,-0.7554300194934944,0.24250512311192735,-43.282951834462736,13.894520064613873,2.6,0.35,0.35,-168.22000000000003,-22.645,-22.645
189.5638644999999,circle_tension,1783,2.8317615394576165,0.7960574082523774,0.0034596522528146673,0.011631607740805643,162.24798479839018,45.61072974298397,-0.7581531955745074,0.24271614959383087,-43.43897833077576,13.906610991392439,2.6,0.35,0.35,-168.22000000000003,-22.645,-22.645
189.6691617000006,circle_tension,1784,2.8317567762113267,0.7958355510112955,0.0018034361112657916,0.0051571826260196916,162.24771188448096,45.59801825941557,-0.7579407462458172,0.24265211607110712,-43.42680588088142,13.902942140793014,2.6,0.35,0.35,-168.22000000000003,-22.645,-22.645
189.77534730000025,circle_tension,1785,2.8317567762113267,0.7958355510112955,0.0009595127041813854,0.002743863348713947,162.24771188448096,45.59801825941557,-0.7579407462458172,0.24265211607110712,-43.42680588088142,13.902942140793014,2.6,0.35,0.35,-168.22000000000003,-22.645,-22.645
189.87936290000016,circle_tension,1786,2.8317567762113267,0.7958355510112955,0.0005098136928900605,0.0014578849248139875,162.24771188448096,45.59801825941557,-0.7579407462458172,0.24265211607110712,-43.42680588088142,13.902942140793014,2.6,0.35,0.35,-168.22000000000003,-22.645,-22.645
189.9848079000003,circle_tension,1787,2.8317567762113267,0.7958355510112955,0.00027289737872260143,0.0007803889538657992,162.24771188448096,45.59801825941557,-0.7579407462458172,0.24265211607110712,-43.42680588088142,13.902942140793014,2.6,0.35,0.35,-168.22000000000003,-22.645,-22.645
190.0949158000003,circle_tension,1788,2.8317567762113267,0.7958355510112955,0.00014487209631138117,0.00041428240979810005,162.24771188448096,45.59801825941557,-0.7579407462458172,0.24265211607110712,-43.42680588088142,13.902942140793014,2.6,0.35,0.35,-168.22000000000003,-22.645,-22.645
190.20239589999983,circle_tension,1789,2.8317567762113267,0.7958355510112955,7.558984548375711e-05,0.0002161599379080481,162.24771188448096,45.59801825941557,-0.7579407462458172,0.24265211607110712,-43.42680588088142,13.902942140793014,2.6,0.35,0.35,-168.22000000000003,-22.645,-22.645
190.3099400000001,circle_tension,1790,2.8317567762113267,0.7958355510112955,3.984125247137035e-05,0.00011393174050396577,162.24771188448096,45.59801825941557,-0.7579407462458172,0.24265211607110712,-43.42680588088142,13.902942140793014,2.6,0.35,0.35,-168.22000000000003,-22.645,-22.645
190.42016419999982,circle_tension,1791,2.8317567762113267,0.7958355510112955,2.1031575389956444e-05,6.014278771582236e-05,162.24771188448096,45.59801825941557,-0.7579407462458172,0.24265211607110712,-43.42680588088142,13.902942140793014,2.6,0.35,0.35,-168.22000000000003,-22.645,-22.645
190.5271971000002,circle_tension,1792,2.8317567762113267,0.7958355510112955,1.0982756183282897e-05,3.140675681296106e-05,162.24771188448096,45.59801825941557,-0.7579407462458172,0.24265211607110712,-43.42680588088142,13.902942140793014,2.6,0.35,0.35,-168.22000000000003,-22.645,-22.645
190.63204860000042,circle_tension,1793,2.8317567762113267,0.7958355510112955,5.804371573263717e-06,1.6598427881976964e-05,162.24771188448096,45.59801825941557,-0.7579407462458172,0.24265211607110712,-43.42680588088142,13.902942140793014,2.6,0.35,0.35,-168.22000000000003,-22.645,-22.645
190.74148220000006,circle_tension,1794,2.8317567762113267,0.7958355510112955,3.0950252005346853e-06,8.850665732809071e-06,162.24771188448096,45.59801825941557,-0.7579407462458172,0.24265211607110712,-43.42680588088142,13.902942140793014,2.6,0.35,0.35,-168.22000000000003,-22.645,-22.645
190.85307999999986,circle_tension,1795,2.8317567762113267,0.7958355510112955,1.6175977173675946e-06,4.625751248843538e-06,162.24771188448096,45.59801825941557,-0.7579407462458172,0.24265211607110712,-43.42680588088142,13.902942140793014,2.6,0.35,0.35,-168.22000000000003,-22.645,-22.645
190.95983570000044,circle_tension,1796,2.8317567762113267,0.7958355510112955,8.385031833282746e-07,2.397819374864155e-06,162.24771188448096,45.59801825941557,-0.7579407462458172,0.24265211607110712,-43.42680588088142,13.902942140793014,2.6,0.35,0.35,-168.22000000000003,-22.645,-22.645
191.06759280000006,circle_tension,1797,2.8317567762113267,0.7958355510112955,4.439817448375273e-07,1.2696290855232557e-06,162.24771188448096,45.59801825941557,-0.7579407462458172,0.24265211607110712,-43.42680588088142,13.902942140793014,2.6,0.35,0.35,-168.22000000000003,-22.645,-22.645
191.180652,circle_tension,1798,2.8317567762113267,0.7958355510112955,2.3350152466146798e-07,6.677308936040009e-07,162.24771188448096,45.59801825941557,-0.7579407462458172,0.24265211607110712,-43.42680588088142,13.902942140793014,2.6,0.35,0.35,-168.22000000000003,-22.645,-22.645
191.28542610000022,circle_tension,1799,2.8317567762113267,0.7958355510112955,1.2041561146578316e-07,3.4434560529954386e-07,162.24771188448096,45.59801825941557,-0.7579407462458172,0.24265211607110712,-43.42680588088142,13.902942140793014,2.6,0.35,0.35,-168.22000000000003,-22.645,-22.645
191.40054229999987,circle_tension,1800,2.8317567762113267,0.7958355510112955,6.432509419977408e-08,1.839467759084167e-07,162.24771188448096,45.59801825941557,-0.7579407462458172,0.24265211607110712,-43.42680588088142,13.902942140793014,2.6,0.35,0.35,-168.22000000000003,-22.645,-22.645
191.50673880000068,circle_tension,1801,2.8317567762113267,0.7958355510112955,3.279343819507376e-08,9.37775109695359e-08,162.24771188448096,45.59801825941557,-0.7579407462458172,0.24265211607110712,-43.42680588088142,13.902942140793014,2.6,0.35,0.35,-168.22000000000003,-22.645,-22.645
191.6122393000005,circle_tension,1802,2.8317567762113267,0.7958355510112955,1.7411551369023555e-08,4.9790813021567407e-08,162.24771188448096,45.59801825941557,-0.7579407462458172,0.24265211607110712,-43.42680588088142,13.902942140793014,2.6,0.35,0.35,-168.22000000000003,-22.645,-22.645
191.71780020000006,circle_tension,1803,2.8317567762113267,0.7958355510112955,9.26552537563747e-09,2.6496090540542417e-08,162.24771188448096,45.59801825941557,-0.7579407462458172,0.24265211607110712,-43.42680588088142,13.902942140793014,2.6,0.35,0.35,-168.22000000000003,-22.645,-22.645
191.8224835000001,circle_tension,1804,2.8317567762113267,0.7958355510112955,4.928816136406757e-09,1.409465230663566e-08,162.24771188448096,45.59801825941557,-0.7579407462458172,0.24265211607110712,-43.42680588088142,13.902942140793014,2.6,0.35,0.35,-168.22000000000003,-22.645,-22.645
191.93223430000035,circle_tension,1805,2.8317567762113267,0.7958355510112955,2.6322080405230357e-09,7.527174092752807e-09,162.24771188448096,45.59801825941557,-0.7579407462458172,0.24265211607110712,-43.42680588088142,13.902942140793014,2.6,0.35,0.35,-168.22000000000003,-22.645,-22.645
192.04206109999996,circle_tension,1806,2.8317567762113267,0.7958355510112955,1.3732381663568648e-09,3.926970281166232e-09,162.24771188448096,45.59801825941557,-0.7579407462458172,0.24265211607110712,-43.42680588088142,13.902942140793014,2.6,0.35,0.35,-168.22000000000003,-22.645,-22.645
192.15045069999996,circle_tension,1807,2.8317567762113267,0.7958355510112955,7.168476526308896e-10,2.0499280437809588e-09,162.24771188448096,45.59801825941557,-0.7579407462458172,0.24265211607110712,-43.42680588088142,13.902942140793014,2.6,0.35,0.35,-168.22000000000003,-22.645,-22.645
192.27083700000003,circle_tension,1808,2.8317567762113267,0.7958355510112955,3.758668679906923e-10,1.0748448859313935e-09,162.24771188448096,45.59801825941557,-0.7579407462458172,0.24265211607110712,-43.42680588088142,13.902942140793014,2.6,0.35,0.35,-168.22000000000003,-22.645,-22.645
192.37658660000034,circle_tension,1809,2.8317567762113267,0.7958355510112955,1.8816040248146605e-10,5.380714917043571e-10,162.24771188448096,45.59801825941557,-0.7579407462458172,0.24265211607110712,-43.42680588088142,13.902942140793014,2.6,0.35,0.35,-168.22000000000003,-22.645,-22.645
192.48156000000017,circle_tension,1810,2.8317567762113267,0.7958355510112955,1.0009654583502738e-10,2.8624034080290555e-10,162.24771188448096,45.59801825941557,-0.7579407462458172,0.24265211607110712,-43.42680588088142,13.902942140793014,2.6,0.35,0.35,-168.22000000000003,-22.645,-22.645
192.5842760000005,circle_tension,1811,2.8317567762113267,0.7958355510112955,5.347061507661683e-11,1.529068456337867e-10,162.24771188448096,45.59801825941557,-0.7579407462458172,0.24265211607110712,-43.42680588088142,13.902942140793014,2.6,0.35,0.35,-168.22000000000003,-22.645,-22.645
192.6971370000001,circle_tension,1812,2.8317567762113267,0.7958355510112955,2.876406071026542e-11,8.22549316951621e-11,162.24771188448096,45.59801825941557,-0.7579407462458172,0.24265211607110712,-43.42680588088142,13.902942140793014,2.6,0.35,0.35,-168.22000000000003,-22.645,-22.645
192.81006310000066,circle_tension,1813,2.8317567762113267,0.7958355510112955,1.4784222816638413e-11,4.2277592520678156e-11,162.24771188448096,45.59801825941557,-0.7579407462458172,0.24265211607110712,-43.42680588088142,13.902942140793014,2.6,0.35,0.35,-168.22000000000003,-22.645,-22.645
192.9163896,circle_tension,1814,2.8317567762113267,0.7958355510112955,7.624329421692033e-12,2.1802856770458617e-11,162.24771188448096,45.59801825941557,-0.7579407462458172,0.24265211607110712,-43.42680588088142,13.902942140793014,2.6,0.35,0.35,-168.22000000000003,-22.645,-22.645
193.0243573000007,circle_tension,1815,2.8317567762113267,0.7958355510112955,4.0533940108204225e-12,1.1591257953875195e-11,162.24771188448096,45.59801825941557,-0.7579407462458172,0.24265211607110712,-43.42680588088142,13.902942140793014,2.6,0.36663848503592744,0.35,-168.22000000000003,-23.721509981824507,-22.645
193.13663260000067,circle_tension,1816,2.8317567762113267,0.7958355510112955,2.1322364927820876e-12,6.097434184914298e-12,162.24771188448096,45.59801825941557,-0.7579407462458172,0.24265211607110712,-43.42680588088142,13.902942140793014,2.6,0.394373036068279,0.35,-168.22000000000003,-25.515935433617653,-22.645
193.2419871000002,circle_tension,1817,2.8317567762113267,0.7958355510112955,1.1019058528549738e-12,3.1510568543869854e-12,162.24771188448096,45.59801825941557,-0.7579407462458172,0.24265211607110712,-43.42680588088142,13.902942140793014,2.6,0.42243878563866144,0.35,-168.22000000000003,-27.331789430821395,-22.645
193.34911809999994,circle_tension,1818,2.8317567762113267,0.7958355510112955,5.863072538335281e-13,1.67662916589672e-12,162.24771188448096,45.59801825941557,-0.7579407462458172,0.24265211607110712,-43.42680588088142,13.902942140793014,2.6,0.45085184752707447,0.35,-168.22000000000003,-29.17011453500172,-22.645
193.45480000000043,circle_tension,1819,2.8321231705029177,0.7955535447925837,0.0016140750491978862,-0.0012416452357253442,162.26870473102682,45.58186049328693,-0.7577609921284676,0.24228850868443155,-43.41650672860719,13.882108972136722,2.6,0.47962897996600123,0.35,-168.22000000000003,-31.031995003800283,-22.645
193.5654854000004,circle_tension,1820,2.832681534870579,0.795215609386318,0.00333390425680001,-0.00215645918519941,162.3006966527243,45.56249822075987,-0.7575742199735972,0.24176262457842548,-43.40580547240255,13.851978032349564,2.6,0.5087876285103321,0.35,-168.22000000000003,-32.91855956461849,-22.645
193.67223560000002,circle_tension,1821,2.8341025621322187,0.7942767493038997,0.007906741357918067,-0.005186934551043177,162.3821155173893,45.508705500484,-0.757022182233463,0.24040168487607472,-43.37417603976092,13.774001931233075,2.6,0.5383459718881606,0.35,-168.22000000000003,-34.830984381163994,-22.645
193.78434240000024,circle_tension,1822,2.834556080586924,0.7936486466697711,0.006179489614198673,-0.005502984130660835,162.4081002107752,45.47271787044738,-0.7565324025653869,0.23986850195347134,-43.34611373188884,13.743452800059451,2.6,0.5683229710979514,0.35,-168.22000000000003,-36.77049623003746,-22.645
193.89033710000058,circle_tension,1823,2.8383040632884597,0.7924732269717865,0.019369711587789,-0.007869619794363925,162.62284380126124,45.40537128259632,-0.7563043368839637,0.23668030225936537,-43.33304653089152,13.560782413342277,2.6,0.5987384220438379,0.35,-168.22000000000003,-38.738375906236314,-22.645
193.99466800000027,circle_tension,1824,2.8449496935166856,0.7889558198757309,0.040018232025529274,-0.019667769073199236,163.00361036554315,45.20383870116297,-0.7544967363452413,0.2306208155396348,-43.22947864897715,13.213599398286144,2.57081905579607,0.6291809442039294,0.35,-166.33199291000574,-40.70800708999424,-22.645
194.0986915000003,circle_tension,1825,2.8543416699752466,0.7842232187631041,0.06378878699873007,-0.031307596149840564,163.54173097790493,44.93268063129054,-0.7520907241031286,0.22218370679506422,-43.091624302047286,12.73018867592933,2.540835210239775,0.6591647897602253,0.35,-164.39203810251345,-42.64796189748658,-22.645
194.20282550000047,circle_tension,1826,2.863921973376666,0.7801267830976292,0.0774668368605258,-0.034604477645034507,164.09064192926107,44.69797215661196,-0.750245236800832,0.213845463744076,-42.985885668480705,12.25244254055342,2.511290158230442,0.6887098417695577,0.35,-162.48047323750959,-44.559526762490385,-22.645
194.30881090000003,circle_tension,1827,2.8708073752938716,0.7788730741039219,0.0725311833464918,-0.02383364020641035,164.48514639936823,44.62613992253494,-0.7504918278367113,0.20833934317455602,-43.00001429410235,11.936965070429753,2.482164133316835,0.7178358666831647,0.35,-160.59601942559922,-46.443980574400754,-22.645
194.42240530000072,circle_tension,1828,2.8786273797546524,0.7786678923077608,0.07312460013412396,-0.013198372168223303,164.93319965074446,44.61438387158199,-0.7518999503802103,0.20241084736062898,-43.08069377288207,11.59728728143076,2.453438223884902,0.746561776115098,0.35,-158.73745308535317,-48.30254691464684,-22.645
194.5297354000004,circle_tension,1829,2.889460770590527,0.7752280957718797,0.08435363073503532,-0.020979771035518884,165.55390722345578,44.417298047692285,-0.7507175416179059,0.19339538045481422,-43.01294674114274,11.080739077387706,2.4250943191427443,0.7749056808572555,0.35,-156.90360244853557,-50.136397551464434,-22.645
194.64164530000016,circle_tension,1830,2.908733521164275,0.7665779317461052,0.13108013250739045,-0.04784332740508645,166.6581544909399,43.921680156919514,-0.7458884519973301,0.1768958524589058,-42.736260286993314,10.135385759264208,2.397115058811675,0.8028849411883248,0.35,-155.09334430511538,-51.94665569488461,-22.645
194.7501768000002,circle_tension,1831,2.9307275354215774,0.7572595808732268,0.16535295559740576,-0.06298497521285173,167.91831868243386,43.387777979881534,-0.7404864373843812,0.15849892388934964,-42.42674764880335,9.081319396224993,2.3694837862156684,0.8305162137843315,0.35,-153.30560096815375,-53.73439903184625,-22.645
194.8593117999999,circle_tension,1832,2.934014790799365,0.7571953516692239,0.10155024804741118,-0.03318143195508295,168.10666454176277,43.384097917570685,-0.7409406116302236,0.15605066685698535,-42.45276991625365,8.941044601107295,2.342184504489573,0.8578154955104276,0.35,-151.53933744047538,-55.50066255952466,-22.645
194.9650760000004,circle_tension,1833,2.937634694499506,0.7570518159489134,0.06903809859692546,-0.017826334471963245,168.31406974602464,43.375873926587516,-0.7413600836605222,0.15333844392849094,-42.47680389321354,8.785645674205954,2.3152018356515796,0.8847981643484204,0.35,-149.7935587666572,-57.2464412333428,-22.645
195.07580020000023,circle_tension,1834,2.9422213451050467,0.7571049495747464,0.05715869390734662,-0.00909200038515752,168.57686546782324,43.37891825909798,-0.742107674061072,0.14994700653979412,-42.51963766796955,8.591330625350757,2.288520982308294,0.9114790176917058,0.35,-148.06730755534662,-58.97269244465337,-22.645
195.1814629999999,circle_tension,1835,2.9489489469834878,0.7572628673649633,0.05882512765174594,-0.0038126561895315083,168.9623286617022,43.38796628198744,-0.7432546526988486,0.1449812799340657,-42.58535470310581,8.306815448626695,2.2621276917808717,0.9378723082191283,0.35,-146.3596616582224,-60.6803383417776,-22.645
195.28595310000037,circle_tension,1836,2.9623096117593253,0.7532551762308773,0.09113047400210307,-0.019198324300783325,169.7278383648468,43.15834249441232,-0.7411818490769607,0.13432359106823918,-42.4665918038122,7.6961748572512665,2.236008222459131,0.9639917775408691,0.35,-144.66973199310578,-62.37026800689423,-22.645
195.4007700000002,circle_tension,1837,2.991910156134983,0.7440509469778266,0.1831885734539054,-0.04870728293445716,171.4238246288617,42.63097900454166,-0.7357313227759437,0.11095599301056533,-42.15429965063887,6.357310111188454,2.210149312206917,0.9898506877930828,0.35,-142.99666049978754,-64.04333950021247,-22.645
195.50684340000043,circle_tension,1838,3.016801015764681,0.7384659625848505,0.20164927424826873,-0.04588992105083116,172.84996583409597,42.3109829701777,-0.7327233729982197,0.09191537716009099,-41.98195682338797,5.2663631836263765,2.1845381486570634,1.0154618513429368,0.35,-141.339618218112,-65.70038178188801,-22.645
195.6131086000005,circle_tension,1839,3.0288750810219067,0.7401307900485784,0.16044016675500722,-0.015797096349368253,173.54175881490053,42.40637055746677,-0.7354339922507217,0.08324920071747388,-42.13726386642325,4.769827848948718,2.1591623412474896,1.0408376587525108,0.35,-139.6978034787126,-67.34219652128745,-22.645
195.7193883,circle_tension,1840,3.0400419793938855,0.7419215920267083,0.13433908617761484,0.00044466142686205363,174.18157496186643,42.50897595275729,-0.7380993306538037,0.0752132089719101,-42.28997650789398,4.309399437725946,2.1340098948622472,1.065990105137753,0.35,-138.0704401975874,-68.96955980241262,-22.645
195.82675970000037,circle_tension,1841,3.0464805969617643,0.7430483075138494,0.0995277297430402,0.005622603917849893,174.55048057440467,42.57353199488251,-0.7396899202244716,0.07056634621057727,-42.38111057723078,4.043153813525067,2.1090691849522565,1.0909308150477437,0.35,-136.456776266411,-70.58322373358902,-22.645
195.9326633999999,circle_tension,1842,3.0482530450931575,0.7427643267562518,0.06033633237712057,0.0017926992024663714,174.65203437173935,42.557261096009235,-0.7395310888578788,0.06922870585492819,-42.372010210270716,3.9665126666399964,2.0843289340203626,1.1156710659796372,0.35,-134.85608203111747,-72.18391796888253,-22.645
196.0362442000005,circle_tension,1843,3.048065356425658,0.7428543606168366,0.03120658528282851,0.0013460032820865485,174.64128060322918,42.56241965623401,-0.7396077227571168,0.06937591459203175,-42.37640100926468,3.9749471059834818,2.0597781893642875,1.1402218106357123,0.35,-133.2676488518694,-73.77235114813058,-22.645
196.1412565999999,circle_tension,1844,3.06216726941554,0.7365611707603478,0.08051931906670795,-0.026930067471235657,175.44926070061015,42.20184643778266,-0.7342391336686368,0.058440164796002045,-42.068803512554794,3.348374796859929,2.0354063019792346,1.1645936980207652,0.35,-131.69078773805649,-75.3492122619435,-22.645
196.2449071000001,circle_tension,1845,3.091030624257553,0.7256036015702992,0.1743486612603717,-0.06078161987847021,177.103009115646,41.574023969470296,-0.7246762895250324,0.03667236032792247,-41.52089290298486,2.101171471572953,2.0112029065293338,1.188797093470666,0.35,-130.1248280524479,-76.9151719475521,-22.645
196.34916440000052,circle_tension,1846,3.1064199033757616,0.7211900570855407,0.1639664323431348,-0.05089360257851696,177.98474985886813,41.3211464978004,-0.7207440029018293,0.025361007868250966,-41.295589475639574,1.4530787150488533,1.9871579023035322,1.2128420976964676,0.35,-128.56911627903852,-78.47088372096145,-22.645
196.4570102000007,circle_tension,1847,3.1112748653621747,0.7212216955428766,0.10960937895308592,-0.026757513988333568,178.26291869038604,41.32295924787605,-0.7208902588774334,0.021862497052460572,-41.30396932577026,1.252628810723193,1.9632614350779098,1.23673856492209,0.35,-127.02301484954077,-80.01698515045922,-22.645
196.56339610000032,circle_tension,1848,3.1184537647557136,0.7221919173378315,0.08933056164955532,-0.009461447724639494,178.67423932718486,41.37854886191857,-0.7219985922349521,0.016709227356183905,-41.36747214944965,0.9573682064338765,1.9395038798114688,1.2604961201885312,0.35,-125.48590102380203,-81.55409897619798,-22.645
196.67344589999993,circle_tension,1849,3.1260846887228606,0.7236318037571111,0.08081310521927516,0.00169623334117913,179.1114590642876,41.46104827672149,-0.723544789871353,0.011221606782893374,-41.45606274830852,0.6429507080151678,1.9158758241080514,1.2841241758919486,0.35,-123.95716581979093,-83.08283418020908,-22.645
196.7829453000004,circle_tension,1850,3.132021360090201,0.7248341544519609,0.06773806707706823,0.006338306333173962,179.45160527799237,41.529937897031004,-0.7248009538004674,0.006937494506071645,-41.528035639823344,0.39748915559310094,1.8923680523806472,1.3076319476193525,0.35,-122.43621298902788,-84.60378701097211,-22.645
196.88902000000053,circle_tension,1851,3.136057987088753,0.7257318731222655,0.052966504832119114,0.007361149782931764,179.68288696847796,41.58137338802956,-0.7257207576477631,0.00401666338007122,-41.58073651825329,0.23013785940283263,1.8689715306592958,1.3310284693407044,0.35,-120.92245803365644,-86.11754196634358,-22.645
196.99513380000008,circle_tension,1852,3.1377227935789875,0.7256924326275465,0.03553441716853799,0.0037779364692977512,179.7782733540744,41.57911361414025,-0.7256869987159735,0.002808321115673789,-41.57880227394087,0.16090494744557876,1.8456773919868272,1.3543226080131727,0.35,-119.41532726154773,-87.62467273845228,-22.645
197.09867440000016,circle_tension,1853,3.137869364870765,0.7253266300450701,0.019536836642043077,0.00038964965247012247,179.786671270491,41.558154670029374,-0.7253216024932659,0.002700594219579089,-41.55786661252971,0.1547326509593081,1.8224769223503317,1.3775230776496683,0.35,-117.91425687606646,-89.12574312393355,-22.645
197.2114492999999,circle_tension,1854,3.138089054126766,0.7249653331951003,0.011473683183484615,-0.0014050323646822235,179.79925853766426,41.537453885374724,-0.724960883649089,0.0025399829556178553,-41.537198945167525,0.1455303033920678,1.7993615470991315,1.4006384529008686,0.35,-116.41869209731382,-90.6213079026862,-22.645
197.31870119999985,circle_tension,1855,-3.122663975358797,0.7174872653099542,0.10317484862050898,-0.03191196182419766,-178.91546662560276,41.10899215664354,-0.7173587331482394,-0.01358027458889325,-41.10162780624558,-0.7780924185723423,1.776322817802774,1.4236771821972263,0.35,-114.92808631183948,-92.11191368816054,-22.645
197.42674290000014,circle_tension,1856,-3.0782524581973005,0.7055999749558756,0.25511493061288437,-0.06430845563879863,-176.37087413047618,40.427900589508255,-0.7041850214965026,-0.04466296181068088,-40.34682972807875,-2.5589992123059875,1.753352399504715,1.446647600495285,0.35,-113.44190024795508,-93.59809975204494,-22.645
197.53290190000007,circle_tension,1857,-3.0619766833109447,0.7056608526447037,0.2061987956513772,-0.03159273793031494,-175.438340921183,40.43138862414462,-0.703425546579828,-0.056122538913706,-40.303315020707245,-3.2155846153140817,1.730442058329996,1.4695579416700042,0.35,-111.95960117395074,-95.08039882604928,-22.645
197.64036230000056,circle_tension,1858,-3.0506857883515615,0.7095382104412672,0.15885992487089423,0.001454199639364166,-174.7914202930848,40.653544861549854,-0.7066083964402312,-0.06441308994576353,-40.48567888453215,-3.690598199288807,1.7075836494065495,1.4924163505934502,0.35,-110.48066211660375,-96.55933788339624,-22.645
197.74494370000048,circle_tension,1859,-3.0405429939974282,0.7130058777776194,0.12759988481997941,0.0167548749401514,-174.21028098412384,40.8522275646782,-0.709368710770153,-0.07192644802660973,-40.643833245766146,-4.121081907291806,1.6847691050618607,1.515230894938139,0.35,-109.00456109750239,-98.0354389024976,-22.645
197.84779770000023,circle_tension,1860,-3.030972608980721,0.7163359630014872,0.11049876482600476,0.024466664256366163,-173.6619383143513,41.04302739342471,-0.7119576025890177,-0.07907960549323868,-40.792165820603046,-4.530927640322138,1.6619904232579437,1.5380095767420565,0.35,-107.53078038478895,-99.50921961521107,-22.645
197.9507250000006,circle_tension,1861,-3.0230052559587217,0.7193605931941824,0.09460107420302458,0.02715873045062008,-173.20544261229992,41.216325938053984,-0.7143083446257071,-0.0851072960372262,-40.92685341802934,-4.876288868703537,1.6392396562289822,1.5607603437710176,0.35,-106.05880575801515,-100.98119424198484,-22.645
198.05451919999996,circle_tension,1862,-3.019541223439167,0.7210020323774234,0.06632175533090338,0.02215593208810067,-173.00696816883337,41.310373475581095,-0.7156384735603051,-0.08778101077483472,-41.00306419219003,-5.029481438790434,1.6165088992869587,1.583491100713041,0.35,-104.58812578386623,-102.45187421613376,-22.645
198.1595311000001,circle_tension,1863,-3.017450307959821,0.7211881938721413,0.04478007538566952,0.012750136586603721,-172.88716753654825,41.321039743536275,-0.7156380954993121,-0.08930020857018574,-41.00304253089074,-5.116525060709627,1.5937902797613646,1.6062097202386352,0.35,-103.1182311005603,-103.9217688994397,-22.645
198.26768900000025,circle_tension,1864,-3.0173781727272604,0.7212061254182043,0.024206824255404158,0.006882383621398686,-172.88303449216835,41.32206714544583,-0.7156494453348956,-0.08935405269261658,-41.00369282856784,-5.119610101676499,1.5710759460401822,1.6289240539598175,0.35,-101.64861370879979,-105.3913862912002,-22.645
198.37398389999998,circle_tension,1865,-3.0173781727272604,0.7212061254182043,0.012742898563488668,0.003623007935166049,-172.88303449216835,41.32206714544583,-0.7156494453348956,-0.08935405269261658,-41.00369282856784,-5.119610101676499,1.5483580566794084,1.6516419433205916,0.35,-100.17876626715773,-106.86123373284228,-22.645
198.48193530000026,circle_tension,1866,-3.017396516797421,0.7210838423321004,0.006667406575642783,0.0013786796727877782,-172.88408552996765,41.315060840706245,-0.7155297431225403,-0.08932577667961873,-40.9968343970015,-5.117990005470266,1.5256287695489688,1.6743712304510314,0.35,-98.70818138981828,-108.33181861018174,-22.645
198.58900970000013,circle_tension,1867,-3.017396516797421,0.7210838423321004,0.0035120695956945037,0.0007262222433965187,-172.88408552996765,41.315060840706245,-0.7155297431225403,-0.08932577667961873,-40.9968343970015,-5.117990005470266,1.5028802309831675,1.6971197690168323,0.35,-97.23635094461093,-109.80364905538906,-22.645
198.69701390000046,circle_tension,1868,-3.017323481766998,0.7211000578741216,0.0021782683697196157,0.0004554495956121303,-172.87990093096778,41.315989922826574,-0.7155393077995311,-0.08938004508742078,-40.997382412625484,-5.121099356198218,1.4801045649036086,1.719895435096391,0.35,-95.76276534926349,-111.2772346507365,-22.645
198.80104160000064,circle_tension,1869,-3.017323481766998,0.7211000578741216,0.0011468066115154292,0.00023978340535112813,-172.87990093096778,41.315989922826574,-0.7155393077995311,-0.08938004508742078,-40.997382412625484,-5.121099356198218,1.4572938618826483,1.7427061381173519,0.35,-94.28691286380734,-112.75308713619268,-22.645
198.90968780000003,circle_tension,1870,-3.017323481766998,0.7211000578741216,0.0006137923787619037,0.00012833656981067952,-172.87990093096778,41.315989922826574,-0.7155393077995311,-0.08938004508742078,-40.997382412625484,-5.121099356198218,1.4344401681149803,1.7655598318850196,0.35,-92.80827887703923,-114.23172112296078,-22.645
199.02135249999992,circle_tension,1871,-3.016310517545879,0.7207751204282773,0.004753742749767765,-0.0013517268651068476,-172.8218623562999,41.29737237857393,-0.7151260111879169,-0.0900642123757102,-40.973702261092924,-5.160299254298112,1.411535474264674,1.7884645257353258,0.35,-91.3263451849244,-115.71365481507559,-22.645
199.12614089999988,circle_tension,1872,-2.9607054278725684,0.7106693857323549,0.2459995588826132,-0.039436381349378304,-169.63592539857274,40.71835643161866,-0.6990744351650613,-0.12785112403046464,-40.05401470044991,-7.325329812949243,1.3885717041541388,1.8114282958458614,0.35,-89.84058925877278,-117.19941074122724,-22.645
199.23707019999983,circle_tension,1873,-2.881941389570911,0.7023006741092171,0.48924423664317895,-0.0410892770734496,-165.123078426481,40.23886457565079,-0.6787592553543795,-0.18031114808860024,-38.890040637248475,-10.331067784635175,1.3655407032610185,1.8344592967389817,0.35,-88.3504835009879,-118.68951649901211,-22.645
199.3418896000003,circle_tension,1874,-2.845243795916693,0.7082315108774004,0.40947497059407206,0.012908588445076702,-163.02046119180824,40.578676491448704,-0.6773590656998522,-0.20682497217190368,-38.809815679526174,-11.85019800336078,1.342434226987711,1.857565773012289,0.35,-86.8554944861049,-120.1845055138951,-22.645
199.45426420000058,circle_tension,1875,-2.817756957042522,0.7252489669511762,0.33305456919924276,0.08818036233255717,-161.4455813321621,41.553704902525325,-0.6875518719532909,-0.23077800466524914,-39.39382045924277,-13.222605671769198,1.3192439286673614,1.8807560713326388,0.35,-85.35508218477828,-121.68491781522174,-22.645
199.56087370000023,circle_tension,1876,-2.7988751142766293,0.7368272849857282,0.24781458263017866,0.09816658120212904,-160.36373143224685,42.21709365976536,-0.6939770361887023,-0.24760921053584456,-39.76195525261024,-14.18696273227013,1.2959613472685558,1.904038652731444,0.35,-83.84869916827557,-123.19130083172442,-22.645
199.6789529000007,circle_tension,1877,-2.7858641571315115,0.7437022238704055,0.1863275421727426,0.08400795027892918,-159.618258500406,42.610998642267745,-0.6971412748669388,-0.2590116612561801,-39.943252774245245,-14.840275034651262,1.2725778947597803,1.9274221052402196,0.35,-82.33578979095779,-124.70421020904222,-22.645
199.78626179999992,circle_tension,1878,-2.7841721798656303,0.7435001771757829,0.10045084824657619,0.04140972613288964,-159.52131534403892,42.5994222194013,-0.6965127575199436,-0.2601201493010197,-39.90724138291166,-14.903786721261278,1.2490848430923134,1.9509151569076866,0.35,-80.81578934807268,-126.22421065192732,-22.645
199.90366350000022,circle_tension,1879,-2.783859740081643,0.7432903616983082,0.05467146587538754,0.021050856287071085,-159.50341386306448,42.58740067806548,-0.6962349189413196,-0.2602642876776911,-39.891322404970595,-14.912045241910418,1.225473310758994,1.974526689241006,0.35,-79.2881232061069,-127.7518767938931,-22.645
200.00911220000035,circle_tension,1880,-2.7836774931691672,0.7431578456671154,0.028364790440014213,0.010071935042453009,-159.49297188415034,42.57980806876031,-0.6960633566288509,-0.26034474670168645,-39.88149260854263,-14.916655204409093,1.2017342488834495,1.9982657511165507,0.35,-77.75220590275919,-129.28779409724083,-22.645
200.11647360000006,circle_tension,1881,-2.7834983421931194,0.7430262262842291,0.01589817518882453,0.004780532025672789,-159.48270728932715,42.572266833618805,-0.6958934341454898,-0.260423311666562,-39.871756767401656,-14.921156645314056,1.1778584267921026,2.022141573207897,0.35,-76.20744021344905,-130.83255978655095,-22.645
200.22250710000026,circle_tension,1882,-2.783005658374947,0.7425769475719471,0.010574964289992666,0.0005511916349198729,-159.4544785859115,42.54652505957998,-0.6953443416042528,-0.26060846046170194,-39.840296082226665,-14.931764889857506,1.153836417018448,2.046163582981552,0.35,-74.6532161810936,-132.38678381890642,-22.645
200.33137299999999,circle_tension,1883,-2.782491692538039,0.7423067295631404,0.007893880203909761,-0.0009006381601118577,-159.42503051264273,42.53104270812692,-0.694957324269077,-0.2608708458212418,-39.818121622322685,-14.946798463565164,1.1296585796860472,2.0703414203139525,0.35,-73.08891010568726,-133.95108989431273,-22.645
200.44328219999989,circle_tension,1884,-2.7824576322858543,0.7422857661313345,0.00427819909419215,-0.0005624392367561526,-159.4230790039434,42.52984159196033,-0.6949288125495108,-0.2608871481880797,-39.81648802112488,-14.947732520381047,1.1053150462130177,2.0946849537869823,0.35,-71.51388348998225,-135.52611651001777,-22.645
200.54941599999984,circle_tension,1885,-2.782178213204669,0.7419926455424581,0.003423979456859537,-0.0015561770745899633,-159.40706946987606,42.51304701932933,-0.6945814975296779,-0.2609782161953866,-39.79658833632696,-14.952950332848399,1.080795702277268,2.119204297722732,0.35,-69.92748193733925,-137.11251806266077,-22.645
200.6564629000004,circle_tension,1886,-2.781981315565074,0.7419296572699875,0.002692268748865921,-0.0011057161096101173,-159.3957880661312,42.509438057157936,-0.6944711389274927,-0.26109280636109494,-39.79026525418878,-14.959515865717194,1.0560901699772813,2.143909830022719,0.35,-68.3290339975301,-138.71096600246992,-22.645
200.76568870000028,circle_tension,1887,-2.781800930168685,0.741811046356233,0.002217579555586295,-0.0011063956275874658,-159.38545274423228,42.502642152395616,-0.6943130140221505,-0.2611763141167403,-39.78120536447677,-14.964300507672283,1.0311877891186536,2.1688122108813466,0.35,-66.71784995597689,-140.32215004402312,-22.645
200.8734204000002,circle_tension,1888,-2.781459101004926,0.741662260114603,0.0026450545212654184,-0.001224149084287448,-159.36586737583443,42.494117328700604,-0.6940844542088432,-0.26136120313449973,-39.768109851807964,-14.974893868068216,1.0060775975515281,2.193922402448472,0.35,-65.09322056158388,-141.94677943841614,-22.645
200.9834974000005,circle_tension,1889,-2.7815248003449917,0.7415603541712416,0.0011067701224641462,-0.001093971050879989,-159.36963167073696,42.488278548238696,-0.6940062529567876,-0.26127969637049187,-39.763629250112544,-14.970223874488797,0.9807483104783412,2.219251689521659,0.35,-63.45441568794868,-143.58558431205137,-22.645
201.0893601000007,circle_tension,1890,-2.7815248003449917,0.7415603541712416,0.0005781063333108362,-0.0005714209121984319,-159.36963167073696,42.488278548238696,-0.6940062529567876,-0.26127969637049187,-39.763629250112544,-14.970223874488797,0.9551882986449893,2.244811701355011,0.35,-61.800682922330815,-145.2393170776692,-22.645
201.19732759999988,circle_tension,1891,-2.7815248003449917,0.7415603541712416,0.00030614309467707546,-0.0003026027502963983,-159.36963167073696,42.488278548238696,-0.6940062529567876,-0.26127969637049187,-39.763629250112544,-14.970223874488797,0.9293855653217473,2.2706144346782526,0.35,-60.131246076317055,-146.90875392368295,-22.645
201.30176290000054,circle_tension,1892,-2.7420866366096446,0.7406273372871623,0.17372405702538057,-0.0017215841595145114,-157.1099913369557,42.434820618566505,-0.6823053397856415,-0.2880768578644811,-39.093216308956826,-16.505588131024865,0.9033277219725687,2.2966722780274313,0.35,-58.4453036116252,-148.5946963883748,-22.645
201.4073296000006,circle_tension,1893,-2.6499250980854967,0.7429442631155913,0.5016917725054854,0.029777975044405634,-151.82952414608965,42.567570689980336,-0.654940165524501,-0.3507414399227843,-37.525307318153445,-20.09600420791686,0.8770019625031448,2.3229980374968555,0.35,-56.74202697395347,-150.29797302604655,-22.645
201.51580550000017,circle_tension,1894,-2.5948183350393728,0.7590591324575438,0.4987932554989701,0.10320401660232159,-148.67213920091928,43.490884690678975,-0.6483929460412234,-0.39466106229419456,-37.15017927421582,-22.61241320760702,0.8503950359685932,2.349604964031407,0.35,-55.02055882716798,-152.01944117283205,-22.645
201.62079760000051,circle_tension,1895,-2.5792175805555972,0.7767657684170429,0.3214024354102529,0.135117552084687,-147.77828181177915,44.505400200532854,-0.6571369396935253,-0.41416917011620663,-37.6511732065819,-23.730145452094458,0.8234932176117833,2.376506782388217,0.35,-53.28001117948238,-153.75998882051763,-22.645
201.73247249999986,circle_tension,1896,-2.565100156123516,0.7933898730504964,0.22787499747200954,0.1481144650065357,-146.96941297422603,45.45789123421361,-0.6651619605808408,-0.43246624938292544,-38.110973033929405,-24.77849087149377,0.7962822780917186,2.4037177219082815,0.35,-51.51946339253419,-155.52053660746583,-22.645
201.8410474000002,circle_tension,1897,-2.553232457411246,0.8043276758692823,0.16557186760961548,0.12509411853269173,-146.2894439254801,46.08458117287635,-0.6690814928801755,-0.4464000067814929,-38.33554569234649,-25.57683636319087,0.7687474507490631,2.431252549250937,0.35,-49.737960063464385,-157.30203993653564,-22.645
201.94582010000067,circle_tension,1898,-2.5510138304317134,0.8056166688850444,0.09635876825684055,0.07152394491204189,-146.16232596323903,46.15843503250135,-0.6691601133348956,-0.44860111447372136,-38.340050312585355,-25.702950544209344,0.7408733967420156,2.4591266032579844,0.35,-47.934508769208406,-159.10549123079159,-22.645
202.05191280000054,circle_tension,1899,-2.550331990468845,0.8053323539888426,0.05456207570482161,0.03701562290515831,-146.12325941106332,46.14214498889629,-0.6686180344317992,-0.448898790835716,-38.30899147927485,-25.720006143412444,0.7126441678705411,2.487355832129459,0.35,-46.10807766122401,-160.93192233877602,-22.645
202.16967569999997,circle_tension,1900,-2.5497701657752323,0.8050480725797787,0.031388407380244183,0.01837150168034147,-146.09106922729308,46.125856863962895,-0.6681297941511627,-0.44911577274901143,-38.281017371806094,-25.732438291274946,0.684043166889898,2.5159568331101023,0.35,-44.2575928977764,-162.78240710222363,-22.645
202.27547930000037,circle_tension,1901,-2.549375499477213,0.804942247498927,0.0174919904113414,0.00882857915040537,-146.06845651410052,46.11979353346346,-0.6678646876526559,-0.44932035430775236,-38.26582788832017,-25.74415995115701,0.6550531050956538,2.5449468949043466,0.35,-42.381935899688806,-164.65806410031124,-22.645
202.38636010000027,circle_tension,1902,-2.5490447528522457,0.8047429827145662,0.010765221253647645,0.003813389874266952,-146.0495061284017,46.10837650231401,-0.6675507457249071,-0.44942993904551676,-38.24784034084796,-25.750438694129958,0.6256559569415389,2.574344043058461,0.35,-40.479940414117564,-166.56005958588244,-22.645
202.49641080000038,circle_tension,1903,-2.542111486619259,0.7980974776206267,0.03580217693927185,-0.02661072577147354,-145.65225923501097,45.72761710769858,-0.6589319905609264,-0.450297918715845,-37.75402204529529,-25.80017026594292,0.5958415756892815,2.6,0.35,-38.55094994709652,-168.22000000000003,-22.645
202.60414740000033,circle_tension,1904,-2.5316256836563724,0.78898024244001,0.06529873184209316,-0.05326063886647142,-145.05146698043183,45.205238011021045,-0.64670102044851,-0.4519597472248528,-37.05323907850317,-25.895386025783587,0.5661471922029286,2.6,0.35,-36.629723335529484,-168.22000000000003,-22.645
202.70839890000025,circle_tension,1905,-2.5159112738629763,0.7707144959470704,0.10665161808038093,-0.10764003661831575,-144.15109762173117,44.158687827319724,-0.6247136234291074,-0.4513687217398013,-35.793454026812874,-25.861522759905462,0.5368862145025013,2.6,0.35,-34.73653807831184,-168.22000000000003,-22.645
202.81164360000002,circle_tension,1906,-2.448385530505398,0.7480905091652049,0.37452969820003484,-0.14782496297922443,-140.28215751885838,42.86242886895907,-0.5754316677785994,-0.47803536021992665,-32.96980596188787,-27.389408598617802,0.5080395324006828,2.6,0.35,-32.870157746324175,-168.22000000000003,-22.645
202.92007879999983,circle_tension,1907,-2.2205134197855254,0.7400140464362042,1.2451504125742499,0.007062698158366443,-127.22604730587187,42.399681641192615,-0.44767975878549776,-0.5892398683869271,-25.65016075184376,-33.76095757941502,0.4795888537020612,2.6,0.35,-31.029398834523363,-168.22000000000003,-22.645
203.0244671999999,circle_tension,1908,-2.0425800467890376,0.730405226760066,1.436722477646372,0.09843283189137532,-117.03121599864608,41.84913682764764,-0.33195155253017883,-0.6506150644207582,-19.01942296279449,-37.27749727894162,0.45151665336356733,2.6,0.35,-29.21312747262281,-168.22000000000003,-22.645
203.12711080000008,circle_tension,1909,-1.9269878568920031,0.6910463329135142,1.3410113338336191,-0.03666328524650714,-110.40827137287124,39.59403832393679,-0.2409729370245076,-0.6476705009918224,-13.80673226837606,-37.10878622195502,0.4238061260995659,2.6,0.35,-27.420256358641915,-168.22000000000003,-22.645
203.2317335000007,circle_tension,1910,-1.783861518866089,0.6350580981652351,1.4791375291887041,-0.16794666080071347,-102.20773626682357,36.3861487704727,-0.13428733323215278,-0.6206977526772931,-7.694097436269238,-35.56336158166389,0.3964411421494731,2.6,0.35,-25.64974189707091,-168.22000000000003,-22.645
203.33595349999996,circle_tension,1911,-1.6268577023556898,0.5948525477597814,1.5984110069333808,-0.15422132623172624,-93.21208021333132,34.082540419239706,-0.033330786581056364,-0.593918018115456,-1.9097133989458084,-34.02899581479,0.36940620595164936,2.6,0.35,-23.900581525071715,-168.22000000000003,-22.645
203.44008160000067,circle_tension,1912,-1.4706648122303436,0.66863743617891,1.3892892348666306,0.3592751827266478,-84.26288681919839,38.31010311749948,0.06683985542391942,-0.6652882493978196,3.8296416190551863,-38.118208850142,0.35,2.6,0.35,-22.645,-168.22000000000003,-22.645
203.54411450000043,circle_tension,1913,-1.3488819574618107,0.7693314875659447,1.0821584498774794,0.722561534722096,-77.28524322390679,44.079447284050005,0.16932789877496382,-0.7504658556236152,9.70177395362385,-42.99852619590733,0.35,2.6,0.35,-22.645,-168.22000000000003,-22.645
203.64966280000044,circle_tension,1914,-1.2584266152775074,0.823695713404713,0.8742090529708066,0.6831215193934065,-72.10253388233454,47.194287981107486,0.25313366401576015,-0.7838354268743251,14.503490600785655,-44.91046179273409,0.35,2.6,0.35,-22.645,-168.22000000000003,-22.645
203.75436330000048,circle_tension,1915,-1.2189457989683743,0.8263705951197451,0.6189918942495893,0.3921500547516972,-69.84044973608994,47.347547414075535,0.28479668842804035,-0.7757442921085422,16.317648266229003,-44.44687391918316,0.35,2.6,0.35,-22.645,-168.22000000000003,-22.645
203.8577126,circle_tension,1916,-1.1880617290569744,0.8304557060832659,0.4580755787543271,0.23786581918829053,-68.07092287597976,47.5816070311279,0.31014082833242673,-0.7703696167214358,17.76976051813944,-44.138927703249124,0.35,2.6,0.35,-22.645,-168.22000000000003,-22.645
203.96158530000048,circle_tension,1917,-1.17793516088793,0.8319734409738547,0.28956992810785653,0.13695174386128875,-67.490713258942,47.66856683477839,0.3185070327757213,-0.7685916188446773,18.24910872328381,-44.037055928927636,0.35,2.6,0.35,-22.645,-168.22000000000003,-22.645
204.06636450000042,circle_tension,1918,-1.1756744779678978,0.8312562678468614,0.1651130424543226,0.07044565358147148,-67.36118566880684,47.62747584142147,0.3199677045987075,-0.7672076973339925,18.332799053994602,-43.95776306718803,0.35,2.6,0.35,-22.645,-168.22000000000003,-22.645
204.17054120000012,circle_tension,1919,-1.17569374301804,0.8310296568824275,0.08815487585143734,0.03662699076267497,-67.3622894748721,47.61449198956802,0.3198657010337041,-0.76700470919046,18.326954680224617,-43.946132703272426,0.35,2.6,0.35,-22.645,-168.22000000000003,-22.645
204.2737917000004,circle_tension,1920,-1.1753608229755406,0.8309538582547842,0.048717116244621564,0.019299837398170906,-67.34321456152155,47.610149048111175,0.3200918361445767,-0.7668282278203544,18.33991126767734,-43.93602106560269,0.35,2.6,0.35,-22.645,-168.22000000000003,-22.645
204.37851910000063,circle_tension,1921,-1.1750648953866616,0.830792088296608,0.027480568656478344,0.009644421165659516,-67.3262591596373,47.600880312255676,0.32025638815383434,-0.766584202695894,18.3493394033182,-43.922039455875954,0.35,2.6,0.35,-22.645,-168.22000000000003,-22.645
204.48193510000056,circle_tension,1922,-1.1747712484670179,0.8307043396271906,0.015994272902101675,0.004767269245636816,-67.30943443047471,47.595852683840164,0.3204476300211014,-0.7664091702800183,18.360296755178805,-43.912010837168296,0.35,2.6,0.35,-22.645,-168.22000000000003,-22.645
204.58596730000045,circle_tension,1923,-1.1744074864537213,0.8305595284355817,0.01021427370714886,0.0019142452035665373,-67.28859240236562,47.587555613734715,0.32067048924519675,-0.7661589701898569,18.37306564814503,-43.89767542796825,0.35,2.6,0.35,-22.645,-168.22000000000003,-22.645
204.6900783000001,circle_tension,1924,-1.1741631669760426,0.8303878326123072,0.0065566421592038555,0.00025993052620799635,-67.2745939274418,47.577718167701065,0.32079133854702485,-0.7659222347365124,18.379989803096883,-43.8841114856305,0.35,2.6,0.35,-22.645,-168.22000000000003,-22.645
204.79407960000026,circle_tension,1925,-1.1740214533776492,0.8301991150844086,0.004147155049460893,-0.0007029763192632108,-67.26647433635425,47.56690544983233,0.32082694782844445,-0.7657027100866365,18.382030064633717,-43.87153364969352,0.35,2.6,0.35,-22.645,-168.22000000000003,-22.645
204.89816599999995,circle_tension,1926,-1.173780081235897,0.8300978500858063,0.0033021503778471986,-0.0008287179913522524,-67.25264473133981,47.56110339280002,0.32097260180967113,-0.765531860607126,18.390375423027287,-43.861744695585564,0.35,2.6,0.35,-22.645,-168.22000000000003,-22.645
205.00198249999994,circle_tension,1927,-1.1734600461388418,0.8300182197186425,0.003192764586198989,-0.0007974276975933174,-67.2343080709825,47.55654090884046,0.32118676838456206,-0.7653556721417739,18.40264626388131,-43.851649840122,0.35,2.6,0.35,-22.645,-168.22000000000003,-22.645
205.10591569999997,circle_tension,1928,-1.173430851236199,0.8300247306844656,0.0018446364258095738,-0.0003989252322255598,-67.23263532627776,47.556913959702676,0.3212116324135162,-0.7653522984548121,18.40407086780207,-43.851456542097694,0.35,2.6,0.35,-22.645,-168.22000000000003,-22.645
205.21047090000047,circle_tension,1929,-1.1734760262440662,0.8300882546192124,0.0007864194709905189,6.984287624166447e-05,-67.23522366356802,47.560553613061735,0.32120163779874306,-0.7654253839089579,18.40349821855771,-43.855644030164044,0.35,2.6,0.35,-22.645,-168.22000000000003,-22.645
205.31533330000002,circle_tension,1930,-1.1734608235950752,0.8300916995036792,0.00048690784134440275,5.2557161439459435e-05,-67.23435261594342,47.56075099040259,0.32121460729719964,-0.7654236772166199,18.404241316081674,-43.85554624389614,0.35,2.6,0.35,-22.645,-168.22000000000003,-22.645
205.41962670000066,circle_tension,1931,-1.1734458941462325,0.8300202188224477,0.000326775926294971,-0.00029028947100837835,-67.23349722153428,47.556655449051306,0.3211983732665378,-0.7653529699850872,18.403311174640265,-43.85149501794827,0.35,2.6,0.35,-22.645,-168.22000000000003,-22.645
205.52331159999994,circle_tension,1932,-1.1734458941462325,0.8300202188224477,0.00017487569316092396,-0.00015534979285494985,-67.23349722153428,47.556655449051306,0.3211983732665378,-0.7653529699850872,18.403311174640265,-43.85149501794827,0.35,2.6,0.35,-22.645,-168.22000000000003,-22.645
205.62853630000063,circle_tension,1933,-1.1734458941462325,0.8300202188224477,9.373973458728873e-05,-8.327314155096809e-05,-67.23349722153428,47.556655449051306,0.3211983732665378,-0.7653529699850872,18.403311174640265,-43.85149501794827,0.35,2.6,0.35,-22.645,-168.22000000000003,-22.645
205.73773820000042,circle_tension,1934,-1.1734458941462325,0.8300202188224477,5.000108081057558e-05,-4.441816587568048e-05,-67.23349722153428,47.556655449051306,0.3211983732665378,-0.7653529699850872,18.403311174640265,-43.85149501794827,0.35,2.6,0.35,-22.645,-168.22000000000003,-22.645
205.84293849999995,circle_tension,1935,-1.1734458941462325,0.8300202188224477,2.615931067026934e-05,-2.3238469683233766e-05,-67.23349722153428,47.556655449051306,0.3211983732665378,-0.7653529699850872,18.403311174640265,-43.85149501794827,0.35,2.6,0.35,-22.645,-168.22000000000003,-22.645
205.94683170000008,circle_tension,1936,-1.1734458941462325,0.8300202188224477,1.3936048758067343e-05,-1.2380006898900484e-05,-67.23349722153428,47.556655449051306,0.3211983732665378,-0.7653529699850872,18.403311174640265,-43.85149501794827,0.35,2.6,0.35,-22.645,-168.22000000000003,-22.645
206.05172219999986,circle_tension,1937,-1.1734458941462325,0.8300202188224477,7.468691205970551e-06,-6.634767878674925e-06,-67.23349722153428,47.556655449051306,0.3211983732665378,-0.7653529699850872,18.403311174640265,-43.85149501794827,0.35,2.6,0.35,-22.645,-168.22000000000003,-22.645
206.15551289999985,circle_tension,1938,-1.1734458941462325,0.8300202188224477,3.9908722176802095e-06,-3.545267847811624e-06,-67.23349722153428,47.556655449051306,0.3211983732665378,-0.7653529699850872,18.403311174640265,-43.85149501794827,0.35,2.6,0.35,-22.645,-168.22000000000003,-22.645
206.26001610000003,circle_tension,1939,-1.1734458941462325,0.8300202188224477,2.139974440861735e-06,-1.9010337005317018e-06,-67.23349722153428,47.556655449051306,0.3211983732665378,-0.7653529699850872,18.403311174640265,-43.85149501794827,0.35,2.6,0.35,-22.645,-168.22000000000003,-22.645
206.36383149999983,circle_tension,1940,-1.1734458941462325,0.8300202188224477,1.1413151365321254e-06,-1.0138805847610098e-06,-67.23349722153428,47.556655449051306,0.3211983732665378,-0.7653529699850872,18.403311174640265,-43.85149501794827,0.35,2.6,0.35,-22.645,-168.22000000000003,-22.645
206.4695485000002,circle_tension,1941,-1.1734458941462325,0.8300202188224477,6.124775343072358e-07,-5.440908130976341e-07,-67.23349722153428,47.556655449051306,0.3211983732665378,-0.7653529699850872,18.403311174640265,-43.85149501794827,0.35,2.6,0.35,-22.645,-168.22000000000003,-22.645
206.57514790000005,circle_tension,1942,-1.1734458941462325,0.8300202188224477,3.2573654222991747e-07,-2.8936614029108867e-07,-67.23349722153428,47.556655449051306,0.3211983732665378,-0.7653529699850872,18.403311174640265,-43.85149501794827,0.35,2.6,0.35,-22.645,-168.22000000000003,-22.645
206.67969360000006,circle_tension,1943,-1.1734458941462325,0.8300202188224477,1.7326557744767543e-07,-1.5391945603681076e-07,-67.23349722153428,47.556655449051306,0.3211983732665378,-0.7653529699850872,18.403311174640265,-43.85149501794827,0.35,2.6,0.35,-22.645,-168.22000000000003,-22.645
206.78353960000004,circle_tension,1944,-1.1734458941462325,0.8300202188224477,9.255594498844548e-08,-8.222152902758032e-08,-67.23349722153428,47.556655449051306,0.3211983732665378,-0.7653529699850872,18.403311174640265,-43.85149501794827,0.35,2.6,0.35,-22.645,-168.22000000000003,-22.645
206.8881237000005,circle_tension,1945,-1.1734458941462325,0.8300202188224477,4.970087151548194e-08,-4.415147671515197e-08,-67.23349722153428,47.556655449051306,0.3211983732665378,-0.7653529699850872,18.403311174640265,-43.85149501794827,0.35,2.6,0.35,-22.645,-168.22000000000003,-22.645
206.99529950000033,circle_tension,1946,-1.1734458941462325,0.8300202188224477,2.652001430860163e-08,-2.3558898637561812e-08,-67.23349722153428,47.556655449051306,0.3211983732665378,-0.7653529699850872,18.403311174640265,-43.85149501794827,0.35,2.6,0.35,-22.645,-168.22000000000003,-22.645
207.09991040000023,circle_tension,1947,-1.1734458941462325,0.8300202188224477,1.4011397537660307e-08,-1.2446942543815231e-08,-67.23349722153428,47.556655449051306,0.3211983732665378,-0.7653529699850872,18.403311174640265,-43.85149501794827,0.35,2.6,0.35,-22.645,-168.22000000000003,-22.645
207.20568900000035,circle_tension,1948,-1.1734458941462325,0.8300202188224477,7.474589085397412e-09,-6.640007225154043e-09,-67.23349722153428,47.556655449051306,0.3211983732665378,-0.7653529699850872,18.403311174640265,-43.85149501794827,0.35,2.6,0.35,-22.645,-168.22000000000003,-22.645
207.3105927000006,circle_tension,1949,-1.1734458941462325,0.8300202188224477,3.979592001714111e-09,-3.5352471343435717e-09,-67.23349722153428,47.556655449051306,0.3211983732665378,-0.7653529699850872,18.403311174640265,-43.85149501794827,0.35,2.6,0.35,-22.645,-168.22000000000003,-22.645
207.4160227000002,circle_tension,1950,-1.1734458941462325,0.8300202188224477,2.125149424116619e-09,-1.88786398415319e-09,-67.23349722153428,47.556655449051306,0.3211983732665378,-0.7653529699850872,18.403311174640265,-43.85149501794827,0.35,2.6,0.35,-22.645,-168.22000000000003,-22.645
207.52402520000032,circle_tension,1951,-1.1734458941462325,0.8300202188224477,1.1303224733700518e-09,-1.0041153171341307e-09,-67.23349722153428,47.556655449051306,0.3211983732665378,-0.7653529699850872,18.403311174640265,-43.85149501794827,0.35,2.6,0.35,-22.645,-168.22000000000003,-22.645
207.62763240000004,circle_tension,1952,-1.1734458941462325,0.8300202188224477,5.948296023291408e-10,-5.284133765851029e-10,-67.23349722153428,47.556655449051306,0.3211983732665378,-0.7653529699850872,18.403311174640265,-43.85149501794827,0.35,2.6,0.35,-22.645,-168.22000000000003,-22.645
207.73271770000065,circle_tension,1953,-1.1734458941462325,0.8300202188224477,3.193184502606463e-10,-2.836646660614323e-10,-67.23349722153428,47.556655449051306,0.3211983732665378,-0.7653529699850872,18.403311174640265,-43.85149501794827,0.35,2.6,0.35,-22.645,-168.22000000000003,-22.645
207.83739479999986,circle_tension,1954,-1.1734458941462325,0.8300202188224477,1.6987855259240225e-10,-1.5091061243967885e-10,-67.23349722153428,47.556655449051306,0.3211983732665378,-0.7653529699850872,18.403311174640265,-43.85149501794827,0.35,2.6,0.35,-22.645,-168.22000000000003,-22.645
207.9436071,circle_tension,1955,-1.1734458941462325,0.8300202188224477,9.076345366330555e-11,-8.062917990791999e-11,-67.23349722153428,47.556655449051306,0.3211983732665378,-0.7653529699850872,18.403311174640265,-43.85149501794827,0.35,2.6,0.35,-22.645,-168.22000000000003,-22.645
208.05240030000004,circle_tension,1956,-1.1734458941462325,0.8300202188224477,4.8206208958259804e-11,-4.2823702028713215e-11,-67.23349722153428,47.556655449051306,0.3211983732665378,-0.7653529699850872,18.403311174640265,-43.85149501794827,0.35,2.6,0.35,-22.645,-168.22000000000003,-22.645
208.15804590000062,circle_tension,1957,-1.1734458941462325,0.8300202188224477,2.5264326618113907e-11,-2.244341586759063e-11,-67.23349722153428,47.556655449051306,0.3211983732665378,-0.7653529699850872,18.403311174640265,-43.85149501794827,0.35,2.6,0.35,-22.645,-168.22000000000003,-22.645
208.26195999999982,circle_tension,1958,-1.1734458941462325,0.8300202188224477,1.3438918377928799e-11,-1.1938384051376686e-11,-67.23349722153428,47.556655449051306,0.3211983732665378,-0.7653529699850872,18.403311174640265,-43.85149501794827,0.35,2.6,0.35,-22.645,-168.22000000000003,-22.645
208.3679888000006,circle_tension,1959,-1.1734458941462325,0.8300202188224477,7.210364863422882e-12,-6.405285192554402e-12,-67.23349722153428,47.556655449051306,0.3211983732665378,-0.7653529699850872,18.403311174640265,-43.85149501794827,0.35,2.6,0.35,-22.645,-168.22000000000003,-22.645
208.4719455000004,circle_tension,1960,-1.1734458941462325,0.8300202188224477,3.822182039255874e-12,-3.395412920570422e-12,-67.23349722153428,47.556655449051306,0.3211983732665378,-0.7653529699850872,18.403311174640265,-43.85149501794827,0.35,2.6,0.35,-22.645,-168.22000000000003,-22.645
208.58078420000038,circle_tension,1961,-1.1734458941462325,0.8300202188224477,2.0507881445530025e-12,-1.821805579077955e-12,-67.23349722153428,47.556655449051306,0.3211983732665378,-0.7653529699850872,18.403311174640265,-43.85149501794827,0.35,2.6,0.35,-22.645,-168.22000000000003,-22.645
208.68467210000017,circle_tension,1962,-1.1734458941462325,0.8300202188224477,1.0751483542866218e-12,-9.551017131527144e-13,-67.23349722153428,47.556655449051306,0.3211983732665378,-0.7653529699850872,18.403311174640265,-43.85149501794827,0.35,2.6,0.35,-22.645,-168.22000000000003,-22.645
208.78886850000072,circle_tension,1963,-1.1734458941462325,0.8300202188224477,5.763294510807293e-13,-5.119788760991991e-13,-67.23349722153428,47.556655449051306,0.3211983732665378,-0.7653529699850872,18.403311174640265,-43.85149501794827,0.35,2.6,0.35,-22.645,-168.22000000000003,-22.645
208.8930618000004,circle_tension,1964,-1.1734458941462325,0.8300202188224477,3.085969281535369e-13,-2.741402649950331e-13,-67.23349722153428,47.556655449051306,0.3211983732665378,-0.7653529699850872,18.403311174640265,-43.85149501794827,0.35,2.6,0.35,-22.645,-168.22000000000003,-22.645
208.99906100000044,circle_tension,1965,-1.1734458941462325,0.8300202188224477,1.6510978393259178e-13,-1.466743048655152e-13,-67.23349722153428,47.556655449051306,0.3211983732665378,-0.7653529699850872,18.403311174640265,-43.85149501794827,0.35,2.6,0.35,-22.645,-168.22000000000003,-22.645
209.10867150000013,circle_tension,1966,-1.1734458941462325,0.8300202188224477,8.752824695863978e-14,-7.775520307141202e-14,-67.23349722153428,47.556655449051306,0.3211983732665378,-0.7653529699850872,18.403311174640265,-43.85149501794827,0.35,2.6,0.35,-22.645,-168.22000000000003,-22.645
209.21475120000014,circle_tension,1967,-1.1734458941462325,0.8300202188224477,4.5802227166994206e-14,-4.068813895216535e-14,-67.23349722153428,47.556655449051306,0.3211983732665378,-0.7653529699850872,18.403311174640265,-43.85149501794827,0.35,2.6,0.35,-22.645,-168.22000000000003,-22.645
209.3191278000004,circle_tension,1968,-1.1734458941462325,0.8300202188224477,2.4309849079378436e-14,-2.1595511363270467e-14,-67.23349722153428,47.556655449051306,0.3211983732665378,-0.7653529699850872,18.403311174640265,-43.85149501794827,0.35,2.6,0.35,-22.645,-168.22000000000003,-22.645
209.42336090000026,circle_tension,1969,-1.1734458941462325,0.8300202188224477,1.2996027435312543e-14,-1.1544944488970174e-14,-67.23349722153428,47.556655449051306,0.3211983732665378,-0.7653529699850872,18.403311174640265,-43.85149501794827,0.35,2.6,0.35,-22.645,-168.22000000000003,-22.645
209.52771870000015,circle_tension,1970,-1.1734458941462325,0.8300202188224477,6.9612687497897195e-15,-6.184002125969069e-15,-67.23349722153428,47.556655449051306,0.3211983732665378,-0.7653529699850872,18.403311174640265,-43.85149501794827,0.35,2.6,0.35,-22.645,-168.22000000000003,-22.645
209.63084150000032,circle_tension,1971,-1.1734458941462325,0.8300202188224477,3.726625841140924e-15,-3.310526134334762e-15,-67.23349722153428,47.556655449051306,0.3211983732665378,-0.7653529699850872,18.403311174640265,-43.85149501794827,0.35,2.6,0.35,-22.645,-168.22000000000003,-22.645
209.73885969999992,circle_tension,1972,-1.1734458941462325,0.8300202188224477,2.0017676846934138e-15,-1.7782585420530106e-15,-67.23349722153428,47.556655449051306,0.3211983732665378,-0.7653529699850872,18.403311174640265,-43.85149501794827,0.35,2.6,0.35,-22.645,-168.22000000000003,-22.645
209.8424058999999,circle_tension,1973,-1.1734458941462325,0.8300202188224477,1.0530003391303849e-15,-9.35426654232413e-16,-67.23349722153428,47.556655449051306,0.3211983732665378,-0.7653529699850872,18.403311174640265,-43.85149501794827,0.35,2.6,0.35,-22.645,-168.22000000000003,-22.645
209.94650020000063,circle_tension,1974,-1.1734458941462325,0.8300202188224477,5.663040279719673e-16,-5.030728504813551e-16,-67.23349722153428,47.556655449051306,0.3211983732665378,-0.7653529699850872,18.403311174640265,-43.85149501794827,0.35,2.6,0.35,-22.645,-168.22000000000003,-22.645
210.05075040000065,circle_tension,1975,-1.1734458941462325,0.8300202188224477,3.0297517470789883e-16,-2.6914621340629792e-16,-67.23349722153428,47.556655449051306,0.3211983732665378,-0.7653529699850872,18.403311174640265,-43.85149501794827,0.35,2.6,0.35,-22.645,-168.22000000000003,-22.645
210.1542927999999,circle_tension,1976,-1.1734458941462325,0.8300202188224477,1.62104702380129e-16,-1.4400475835365242e-16,-67.23349722153428,47.556655449051306,0.3211983732665378,-0.7653529699850872,18.403311174640265,-43.85149501794827,0.35,2.6,0.3725509242143903,-22.645,-168.22000000000003,-24.104044796671054
210.2588298999999,circle_tension,1977,-1.1734458941462325,0.8300202188224477,8.702642519143338e-17,-7.730941265779587e-17,-67.23349722153428,47.556655449051306,0.3211983732665378,-0.7653529699850872,18.403311174640265,-43.85149501794827,0.35,2.6,0.3993460173541309,-22.645,-168.22000000000003,-25.83768732281227
210.3663131000003,circle_tension,1978,-1.1734458941462325,0.8300202188224477,4.649006853853945e-17,-4.1299178786548074e-17,-67.23349722153428,47.556655449051306,0.3211983732665378,-0.7653529699850872,18.403311174640265,-43.85149501794827,0.35,2.6,0.42645774360663224,-22.645,-168.22000000000003,-27.591816011349106
210.4708623000006,circle_tension,1979,-1.1734458941462325,0.8300202188224477,2.4524831969530978e-17,-2.1786490148537223e-17,-67.23349722153428,47.556655449051306,0.3211983732665378,-0.7653529699850872,18.403311174640265,-43.85149501794827,0.35,2.6,0.4539008855835893,-22.645,-168.22000000000003,-29.36738729725823
210.57552110000051,circle_tension,1980,-1.1721037510606294,0.8289002390102785,0.0059848021008535235,-0.004984078903232069,-67.15659808722656,47.49248533267416,0.3217905052496486,-0.7638890475471374,18.437237838187226,-43.76761844071924,0.35,2.6,0.4816908101261904,-22.645,-168.22000000000003,-31.16539541516452
210.6796929000002,circle_tension,1981,-1.1702322521840403,0.8277464425037304,0.01155626076419485,-0.007791304268857182,-67.04936910023451,47.42637766243201,0.3227696494695954,-0.762223016222192,18.493338669524807,-43.672161877263285,0.35,2.6,0.5098435058811648,-22.645,-168.22000000000003,-32.98687483051136
210.78479789999983,circle_tension,1982,-1.1665069207665355,0.8257285395013512,0.022819110551102216,-0.013093346415385303,-66.83592333272401,47.3107603369289,0.3248131630109196,-0.7591600819865836,18.610423370820516,-43.496668672636794,0.35,2.6,0.5383756234419828,-22.645,-168.22000000000003,-34.832902836696285
210.88934450000033,circle_tension,1983,-1.1603256768830856,0.8226885690052256,0.03994188600591023,-0.020413334655857672,-66.48176414606128,47.13658285765661,0.3282864089240115,-0.7543503929127647,18.809425702851744,-43.22109378793679,0.35,2.6,0.5673045182773968,-22.645,-168.22000000000003,-36.70460233254757
210.99645580000015,circle_tension,1984,-1.151840046394517,0.8186241724401249,0.05952014191789771,-0.028718243127342127,-65.99557333255876,46.903710088208875,0.33302222570812884,-0.7478246672099573,19.080768017128886,-42.84719724690588,0.35,2.6,0.5966482966906045,-22.645,-168.22000000000003,-38.60314479588211
211.10066060000008,circle_tension,1985,-1.1467252139870516,0.8162055465452549,0.05421974744631998,-0.025642140245541,-65.70251502269426,46.76513303221178,0.3358476481781323,-0.7439071524218972,19.242652800001512,-42.62274018336995,0.35,2.573918744789233,0.626081255210767,-22.645,-166.53254278786338,-40.50745721213662
211.20509430000038,circle_tension,1986,-1.1447840780063616,0.8145727929534874,0.037732028355640816,-0.020924053322950477,-65.59129612353973,46.67158314241867,0.33661631585883,-0.7417670058162963,19.286694213953602,-42.50011881532976,0.35,2.5449038091967124,0.6550961908032872,-22.645,-164.6552764550273,-42.38472354497268
211.3096103000007,circle_tension,1987,-1.141902191171108,0.8131507657598799,0.03312120728976947,-0.017465826893742306,-65.42617617084538,46.590106985872126,0.33816123178115426,-0.7395006079619756,19.375211376005343,-42.37026378357968,0.35,2.516294053962041,0.683705946037959,-22.645,-162.80422529134404,-44.235774708655946
211.41410570000062,circle_tension,1988,-1.1384450354821767,0.8122985855688967,0.03322268585021284,-0.01307800755251186,-65.22809574074998,46.541280657544135,0.34035870521266276,-0.7375533498691399,19.501117329222907,-42.2586941132375,0.35,2.4880717880308842,0.7119282119691154,-22.645,-160.9782446855982,-46.061755314401765
211.51864120000027,circle_tension,1989,-1.1298410468749434,0.809675783518366,0.05622996418182384,-0.01837966804557516,-64.73512350657687,46.391005169550475,0.3455725082144193,-0.7322257274792214,19.7998462364362,-41.95344383545577,0.35,2.4602200504725795,0.7397799495274204,-22.645,-159.1762372655759,-47.86376273442411
211.62375530000008,circle_tension,1990,-1.1096491396840436,0.8046021740086163,0.12099956138875237,-0.031198173298920998,-63.578212444218444,46.10030875774438,0.35802845944341144,-0.7205555361302619,20.51351967167824,-41.28479112505031,0.35,2.4327225658907388,0.7672774341092612,-22.645,-157.3971500131308,-49.6428499868692
211.72841920000064,circle_tension,1991,-1.092577302551804,0.802450047544801,0.1409625177022651,-0.02476551759421659,-62.6000682280064,45.97700099438934,0.3692864908185932,-0.7124279377618079,21.158557355102015,-40.81911404096048,0.35,2.4055637027650594,0.7944362972349406,-22.645,-155.63997156889934,-51.40002843110066
211.83267310000065,circle_tension,1992,-1.077822901061209,0.8017577418314165,0.1415795750183806,-0.015055516087121133,-61.75470329335378,45.93733479887962,0.3794297307295643,-0.7062921180539271,21.739722192589312,-40.467557467845715,0.35,2.3787284344895476,0.8212715655104522,-22.645,-153.90372971147374,-53.13627028852626
211.9366488000005,circle_tension,1993,-1.0624821149413437,0.8016116087245391,0.14425064875365243,-0.007350129293017897,-60.87574099427262,45.92896198860841,0.3901486117446253,-0.7002608314019035,22.35386883585521,-40.12199019765118,0.35,2.352202302893114,0.8477976971068857,-22.645,-152.18748899718446,-54.852511002815504
212.03984370000035,circle_tension,1994,-1.0403163283085615,0.7982943639607224,0.1773039391930716,-0.01651769497006562,-59.6057349706267,45.738897864029845,0.4038949810628242,-0.6885802319292322,23.141477781416135,-39.45274114568438,0.35,2.3259713840467793,0.8740286159532205,-22.645,-150.4903485478266,-56.549651452173364
212.14433069999995,circle_tension,1995,-1.0177543649779301,0.794734408350114,0.19715416834180813,-0.022161073581513202,-58.3130296942526,45.534927432288065,0.4174566226409096,-0.6762638154070133,23.918502607109566,-38.74706246023604,0.35,2.300022256178589,0.8999777438214112,-22.645,-148.8114399747547,-58.22856002524531
212.24826220000068,circle_tension,1996,-1.0073335649278707,0.7944572405560831,0.15223654298738776,-0.012033054902098337,-57.71596183223448,45.519046887473145,0.4243329988638131,-0.6716426230870323,24.312489943026048,-38.48228764398286,0.35,2.274341969532571,0.9256580304674297,-22.645,-147.14992542875734,-59.8900745712427
212.35305250000056,circle_tension,1997,-1.0050684411050677,0.7951385388857994,0.091700227315346,-0.0032521960923698754,-57.586179797113324,45.5580824063552,0.4262184593305345,-0.6712548852316453,24.42051887020795,-38.46007190131173,0.35,2.2489180180214894,0.9510819819785105,-22.645,-145.50499576599037,-61.53500423400963
212.4566880000002,circle_tension,1998,-1.0049348993683709,0.7946369080449797,0.04948387949298993,-0.0039549166998160985,-57.57852841921175,45.52934107630263,0.4260391501242561,-0.6707745211236688,24.410245209460356,-38.432549065295106,0.35,2.2237383125354158,0.9762616874645845,-22.645,-143.8758688210414,-63.16413117895862
212.56059129999994,circle_tension,1999,-1.0053527610260016,0.793953869827029,0.02474928021739259,-0.005194405554597718,-57.60247012861433,45.490205869167916,0.42539285666826293,-0.6703757639629654,24.373215322105025,-38.40970196293618,0.35,2.198791155779712,1.0012088442202882,-22.645,-142.2617877789474,-64.77821222105266
212.66511619999983,circle_tension,2000,-1.0045417771756906,0.7928967560551899,0.016885265240888712,-0.007483812337101523,-57.55600417673824,45.42963771157638,0.42536926555567,-0.6691384413433988,24.371863650919433,-38.33880859893895,0.35,2.1740652185256395,1.0259347814743602,-22.645,-140.66201963860888,-66.37798036139111
212.76991230000021,circle_tension,2001,-0.9923581832790758,0.7885957770114757,0.06364327556407635,-0.022788214367799448,-56.85793566716086,45.18320976459734,0.4311385867390273,-0.6603050950469845,24.702421405381227,-37.83269513717689,0.35,2.149549517166239,1.0504504828337609,-22.645,-139.0758537606557,-67.96414623934433
212.8748125000002,circle_tension,2002,-0.9716929713157971,0.7818731264378745,0.1271920123528599,-0.04073280670281532,-55.67390623892174,44.7980302595888,0.4408999869551749,-0.6457033276580376,25.261708439904574,-36.99607549235847,0.35,2.1252333924783353,1.0747666075216649,-22.645,-137.5026004933483,-69.53739950665172
212.9781922000002,circle_tension,2003,-0.9565330982410116,0.7777305193318548,0.13667103167756625,-0.039022667442004076,-54.80530949378252,44.56067635623296,0.4482501103646665,-0.6355600673880171,25.68283949016875,-36.41490948838357,0.35,2.1011064894991303,1.0988935105008697,-22.645,-135.94158987059373,-71.09841012940628
213.08394560000033,circle_tension,2004,-0.9502194516195352,0.7800092717689888,0.10163098871943364,-0.010339197076991196,-54.44356418903489,44.69123925343589,0.45357895626089884,-0.6345711894522647,25.98815986969847,-36.35825095621134,0.35,2.077158738432647,1.1228412615673533,-22.645,-134.39217037659225,-72.64782962340776
213.18834740000057,circle_tension,2005,-0.943099858164949,0.7828734301394308,0.08518448878550555,0.007569193552397462,-54.03564153223813,44.85534343991928,0.45976737969707077,-0.6336440358630134,26.342730414430967,-36.30512896858684,0.35,2.0533803365073506,1.1466196634926495,-22.645,-132.8537077720256,-74.18629222797443
213.29384310000023,circle_tension,2006,-0.936295632128116,0.7858066921318617,0.07552484580969472,0.017435515338353438,-53.64578809747457,45.02340697229171,0.4658069264166803,-0.6328633854960041,26.688770951636677,-36.26040099728187,0.35,2.0297617307123197,1.17023826928768,-22.645,-131.3255839770871,-75.7144160229129
213.39798789999986,circle_tension,2007,-0.9325400482515929,0.7873598288253512,0.056771197375829544,0.016332794697322444,-53.43060899174242,45.11239514983556,0.46910575987213265,-0.6323569293545184,26.877780185950655,-36.23138319786626,0.35,2.0062936013439816,1.1937063986560186,-22.645,-129.80719600695562,-77.2328039930444
213.5020185000003,circle_tension,2008,-0.9312840129620925,0.7875282900944751,0.035986514385637894,0.009531371207376304,-53.358643470734556,45.12204726956778,0.4700001906386062,-0.6319023884262518,26.92902729393624,-36.20533992106063,0.35,1.9829668463004113,1.2170331536995884,-22.645,-128.2979549556366,-78.74204504436338
213.60611120000067,circle_tension,2009,-0.9195820956552669,0.7840610381718391,0.07172439347156301,-0.0099502042832451,-52.688172996842354,44.923388367892116,0.47526062830502636,-0.6236016731553995,27.230428170613763,-35.729743969100994,0.35,1.9597725660643688,1.2402274339356312,-22.645,-126.79728502436467,-80.24271497563534
213.71211459999995,circle_tension,2010,-0.8877168677247989,0.7758089446552158,0.18263833663790138,-0.039401018752010276,-50.86242992320414,44.45057823724233,0.48967861353129727,-0.6017427806439444,28.05651787316106,-34.4773216833645,0.35,1.9367020493199258,1.2632979506800743,-22.645,-125.3046225909992,-81.73537740900082
213.8168986999999,circle_tension,2011,-0.8717512026594827,0.772983233633365,0.16855065888719908,-0.03176401173335694,-49.947664697842065,44.288676921566676,0.4974047117707276,-0.5916854165741899,28.49919069438387,-33.901077169141054,0.35,1.913746759151298,1.2862532408487022,-22.645,-123.81941531708898,-83.22058468291104
213.9213233999999,circle_tension,2012,-0.8671104076057574,0.7753149948252429,0.11041603866928887,-0.006225026774694618,-49.681766727678415,44.42227699669368,0.5016539615407906,-0.5911485803681655,28.742654772305414,-33.87031872024604,0.35,1.8908983197753941,1.3091016802246058,-22.645,-122.341121289468,-84.698878710532
214.02584100000058,circle_tension,2013,-0.861138231916633,0.778293050466905,0.08527997495221408,0.010268155978571487,-49.33958626618095,44.592907016116044,0.5071158624969073,-0.5904011978384682,29.055598645209376,-33.82749685561257,0.35,1.8681485037626047,1.3318514962373955,-22.645,-120.86920819344053,-86.17079180655949
214.13176750000002,circle_tension,2014,-0.8560031408545261,0.7809732409953886,0.06767913068131867,0.01752369201439121,-49.045367220906876,44.746470621689085,0.5118976879957658,-0.5898134960946815,29.329577064662008,-33.79382402608111,0.35,1.8454892197028716,1.3545107802971283,-22.645,-119.4031525147758,-87.63684748522421
214.2352361000003,circle_tension,2015,-0.8540886212469081,0.7822251864593478,0.04470806528461061,0.015037042159083237,-48.935673327595325,44.8182018129545,0.5138483690662861,-0.5897763100865271,29.441342857178878,-33.79169342475693,0.35,1.8229125002765607,1.3770874997234395,-22.645,-117.94243876789348,-89.09756123210654
214.3413924000006,circle_tension,2016,-0.8530670240033165,0.7826492060347616,0.028549176549214992,0.00999175450079425,-48.87714011717532,44.84249634505664,0.51472948210732,-0.5895704707296431,29.491826915704056,-33.77989969834979,0.35,1.8004104906914415,1.3995895093085582,-22.645,-116.48655874773627,-90.55344125226372
214.44697480000013,circle_tension,2017,-0.8508457192392433,0.7821436826158622,0.024943544242359703,0.003097806520590762,-48.749868729181635,44.81353198670868,0.5157045112169937,-0.5880455742256243,29.547691968590758,-33.69252956447526,0.35,1.777975437449343,1.4220245625506567,-22.645,-115.0350108029725,-92.00498919702748
214.55254010000044,circle_tension,2018,-0.8308777021629283,0.7784055904717613,0.10232212080890768,-0.014038256496124134,-47.605785625463625,44.59935508342069,0.5248227014166087,-0.5748707640465504,30.07012578382625,-32.93766854532832,0.35,1.7555996774073468,1.4444003225926532,-22.645,-113.58729912825534,-93.45270087174467
214.65841630000068,circle_tension,2019,-0.8026765430115153,0.774687820413747,0.18037359047748702,-0.021359008455824773,-45.98997822871092,44.38634254989636,0.5382408433378884,-0.5571696453148902,30.838928684823134,-31.923469149344232,0.35,1.7332756271002507,1.466724372899749,-22.645,-112.14293307338623,-94.89706692661376
214.76890730000014,circle_tension,2020,-0.7876182934137992,0.7773413511702524,0.1621323223517154,0.001908238659380932,-45.127204079907216,44.53837866305228,0.5484416629915888,-0.5508823091497985,31.423392598554273,-31.56323132270451,0.35,1.7109957722919842,1.4890042277080155,-22.645,-110.70142646729138,-96.33857353270861
214.8744654000002,circle_tension,2021,-0.777961459669664,0.7830460784092128,0.12554953240834374,0.026572561281921495,-44.57390826290875,44.86523545711803,0.5577995251224812,-0.5495642370871503,31.959558603919707,-31.48771135642066,0.35,1.6887526577250447,1.511247342274955,-22.645,-109.2622969548104,-97.7777030451896
214.9802380000001,circle_tension,2022,-0.7698427882351178,0.7886892947535156,0.10183251603116694,0.03966651340004223,-44.10874265445583,45.18856793652582,0.5662947673826909,-0.5489453889903637,32.446300131370904,-31.452253972315088,0.35,1.666538877037882,1.5334611229621182,-22.645,-107.82506534435096,-99.21493465564906
215.08408020000024,circle_tension,2023,-0.7646267895606398,0.7916420793732855,0.07676882466507648,0.03441761537313172,-43.80988794446241,45.357750033049776,0.5712811991128804,-0.5480282596496358,32.73200162434088,-31.39970633182376,0.35,1.6443470628209842,1.555652937179016,-22.645,-106.38925496451768,-100.65074503548234
215.18987110000035,circle_tension,2024,-0.7635809413226452,0.7913839894141504,0.04583510280347586,0.01734049648340138,-43.74996525441413,45.34296256765664,0.5716676059712001,-0.547252014143587,32.75414110649751,-31.35523074046117,0.35,1.6221698767831665,1.5778301232168335,-22.645,-104.95439102787087,-102.08560897212914
215.29668250000032,circle_tension,2025,-0.7593772753442671,0.7896178765247746,0.04301616497093818,0.0015056212903436239,-43.50911293537033,45.24177175295174,0.5726821133125604,-0.5436281707374573,32.812268095442484,-31.147599807673625,0.35,1.6000000000000076,1.599999999999992,-22.645,-103.5200000000005,-103.5199999999995
215.40189830000054,circle_tension,2026,-0.7365871551204117,0.786069244793948,0.12374503766054655,-0.013534386015042942,-42.203335231947676,45.03845013172918,0.5822929721652473,-0.5280527929837038,33.36292974519739,-30.255196398061596,0.35,1.5778301232168248,1.6221698767831754,-22.645,-102.08560897212857,-104.95439102787145
215.5061381000005,circle_tension,2027,-0.7074174901387567,0.7825786910690645,0.19642632082257408,-0.0196985826634501,-40.53203653868829,44.83845613512969,0.5947932310024648,-0.5085768575830193,34.07914181939107,-29.139307497532943,0.35,1.555652937179007,1.6443470628209926,-22.645,-100.65074503548176,-106.38925496451823
215.6102963000003,circle_tension,2028,-0.7067297639026621,0.7814603681344392,0.10850328362032392,-0.015493638182312468,-40.492632727899654,44.774380950842975,0.5942923791511067,-0.507441499138305,34.05044512214693,-29.07425625041628,0.35,1.5334611229621156,1.6665388770378846,-22.645,-99.21493465564888,-107.82506534435115
215.71496490000027,circle_tension,2029,-0.7068270428192767,0.7807529987404991,0.057751113037481594,-0.011463933436321003,-40.49820639925727,44.73385167001348,0.5937051106920247,-0.5070399260220564,34.01679711800038,-29.051247805689314,0.35,1.5112473422749586,1.6887526577250416,-22.645,-97.77770304518982,-109.2622969548102
215.81868660000055,circle_tension,2030,-0.7070902211676846,0.7798508256059041,0.02970344377404231,-0.010143733074761472,-40.513285407880275,44.6821609570111,0.5928857662457189,-0.506610085155672,33.96985213925957,-29.02661973818324,0.35,1.4890042277080193,1.7109957722919806,-22.645,-96.33857353270885,-110.70142646729116
215.92318840000007,circle_tension,2031,-0.7070885371734255,0.779459583680569,0.015928719652707687,-0.00718102607775668,-40.5131889221165,44.65974444592082,0.5925891751765238,-0.5063549269584459,33.95285872275342,-29.01200025037402,0.35,1.4667243728997401,1.7332756271002596,-22.645,-94.89706692661319,-112.1429330733868
216.0297657000001,circle_tension,2032,-0.707202264889303,0.7787552711579647,0.00801545452590032,-0.0069773649866240114,-40.519705040249946,44.61939031091738,0.5919961786559106,-0.5059647189410685,33.91888252485634,-28.98964297784613,0.35,1.4444003225926443,1.7555996774073557,-22.645,-93.45270087174409,-113.58729912825592
216.1357740000003,circle_tension,2033,-0.7071770542639171,0.7784769698943761,0.0043582958917550004,-0.0049237837593011785,-40.51826057781645,44.6034448230806,0.5917973698282932,-0.5057689845376481,33.907491618103926,-28.978428222624625,0.35,1.4220245625506478,1.777975437449352,-22.645,-92.00498919702692,-115.03501080297308
216.24088070000016,circle_tension,2034,-0.7071016632994769,0.7782072537820085,0.002645036465172618,-0.0038021351777461966,-40.513940993740604,44.587991228175255,0.5916304474440445,-0.5055491504256486,33.89792766998021,-28.96583265581405,0.35,1.3995895093085557,1.8004104906914442,-22.645,-90.55344125226357,-116.48655874773644
216.34541040000022,circle_tension,2035,-0.704308402348218,0.7800245066683316,0.013813446482393127,0.006071258953905977,-40.35389893015477,44.69211214886954,0.5944251231825683,-0.5050712859909604,34.058050794905235,-28.938453040527012,0.35,1.377087499723443,1.8229125002765572,-22.645,-89.09756123210677,-117.94243876789325
216.45083560000057,circle_tension,2036,-0.7002327874375975,0.7828821165878959,0.025444885929134603,0.016037223394640053,-40.12038339685563,44.85584113675529,0.5986638486831648,-0.5044858816191039,34.30091187660389,-28.904911840711126,0.35,1.3545107802971317,1.845489219702868,-22.645,-87.63684748522442,-119.40315251477557
216.55574940000042,circle_tension,2037,-0.6921034315597856,0.7859839101926276,0.049308925564253044,0.022491320587832507,-39.654605614897136,45.03356081922709,0.6051332547482214,-0.5015819485184018,34.67158154008797,-28.738528730052558,0.35,1.3318514962373988,1.868148503762601,-22.645,-86.1707918065597,-120.8692081934403
216.65989619999982,circle_tension,2038,-0.6519801433789931,0.7872299387115003,0.20380977892659113,0.021183971619944793,-37.35571054195059,45.10495299451143,0.6257563903148727,-0.47766088010618285,35.85320016838323,-27.367952468588705,0.35,1.309101680224603,1.8908983197753972,-22.645,-84.69887871053182,-122.3411212894682
216.76438150000013,circle_tension,2039,-0.6059729736132073,0.7922190489239789,0.3106926941769162,0.0411416543687896,-34.71969388702918,45.39080795321207,0.6511631146754855,-0.45121792912531095,37.308898245498554,-25.85288297951342,0.35,1.2862532408486995,1.9137467591513007,-22.645,-83.22058468291087,-123.81941531708915
216.86865960000068,circle_tension,2040,-0.5839358532654924,0.8025978023030693,0.26038417900858946,0.07203298297688208,-33.457059898483244,45.985466718441096,0.6696067323894178,-0.44248170154310723,38.3656396994596,-25.35233401018737,0.35,1.2632979506800777,1.9367020493199223,-22.645,-81.73537740900103,-125.30462259099897
216.97337510000034,circle_tension,2041,-0.5734103059262842,0.8131929305765317,0.18362075340916978,0.0873004729180468,-32.85399045888146,46.592522851910225,0.6831274155908609,-0.441157201468818,39.14031778303572,-25.276445745965834,0.35,1.2402274339356283,1.959772566064372,-22.645,-80.24271497563515,-126.79728502436487
217.08316110000032,circle_tension,2042,-0.562146379575986,0.8237837716069338,0.14536879107710243,0.09470334777283113,-32.20861501826318,47.199333344446245,0.6970141855752949,-0.4390796368197382,39.935971094212746,-25.157410059907985,0.35,1.2170331536995858,1.9829668463004144,-22.645,-78.7420450443632,-128.2979549556368
217.18693450000046,circle_tension,2043,-0.557458359441179,0.8290288629663927,0.09559994152418004,0.07274610452419256,-31.940011250266387,47.499854942503774,0.703515930318262,-0.4385820235939684,40.30849362745612,-25.128898922241483,0.35,1.1937063986560155,2.0062936013439843,-22.645,-77.2328039930442,-129.8071960069558
217.29136500000004,circle_tension,2044,-0.5565586236975192,0.8297929564311647,0.05516998730850723,0.042446709179822184,-31.888460189477613,47.54363427318874,0.704559028460319,-0.4383525133472194,40.36825874861393,-25.11574895374776,0.35,1.1702382692876772,2.029761730712323,-22.645,-75.71441602291272,-131.3255839770873
217.3950345000003,circle_tension,2045,-0.5564917172036723,0.8296219923142745,0.029777056290501137,0.021917881291116326,-31.884626729758168,47.53383875084275,0.7044431875828722,-0.43821506774595087,40.361621555241136,-25.107873900882435,0.35,1.146619663492653,2.053380336507347,-22.645,-74.18629222797466,-132.85370777202536
217.50043780000033,circle_tension,2046,-0.5564848016510244,0.8293726370885387,0.016019692924665326,0.010649973002746732,-31.884230497778447,47.51955174880855,0.7042344862798975,-0.43807848553117273,40.34966385140181,-25.100048316419098,0.35,1.1228412615673569,2.077158738432643,-22.645,-72.64782962340799,-134.392170376592
217.6056395000005,circle_tension,2047,-0.5539772869149342,0.8289851951866276,0.019637910636807445,0.0039787663044614395,-31.740560486333614,47.49735296302253,0.7050012637371633,-0.43610740875111703,40.39359696352891,-24.98711393582567,0.35,1.0988935105008666,2.1011064894991334,-22.645,-71.09841012940608,-135.94158987059393
217.71134130000064,circle_tension,2048,-0.5190896290335107,0.8309854717322416,0.16486328502363687,0.013544068365847624,-29.74164493263173,47.61196036694522,0.7215207238492355,-0.41224349514107717,41.340092307785355,-23.61981240330558,0.35,1.0747666075216684,2.1252333924783318,-22.645,-69.53739950665195,-137.50260049334807
217.81708830000025,circle_tension,2049,-0.4856059317162815,0.8348268297742341,0.23471984543844426,0.02873886381766134,-27.823170393860977,47.832053970350024,0.7383144169875298,-0.389650686358002,42.302300047047424,-22.325339812689275,0.35,1.0504504828337644,2.1495495171662355,-22.645,-67.96414623934456,-139.07585376065543
217.92230650000056,circle_tension,2050,-0.48162813607254584,0.838074291239502,0.1417672471946099,0.03010602456971114,-27.5952594917094,48.01811980644124,0.7427365590340103,-0.38821504544635027,42.555670122718105,-22.24308364755532,0.35,1.025934781474364,2.174065218525636,-22.645,-66.37798036139135,-140.66201963860865
218.0281861000003,circle_tension,2051,-0.47725445293726354,0.8436820603380935,0.094163103310777,0.041218642209963956,-27.344665907130175,48.33942130827442,0.7494085329831078,-0.3875387330686269,42.93794607102263,-22.20433380267931,0.35,1.001208844220285,2.198791155779715,-22.645,-64.77821222105246,-142.26178777894756
218.1337481999999,circle_tension,2052,-0.4741220140141005,0.8475036812110797,0.06347383997350334,0.03893666285582712,-27.16519037725043,48.55838405519563,0.7540188685875344,-0.38693414876475546,43.20209884329517,-22.169693673707624,0.35,0.9762616874645813,2.223738312535419,-22.645,-63.164131178958414,-143.87586882104162
218.2414386999999,circle_tension,2053,-0.47312814066374953,0.849015235333406,0.03810954880202359,0.0274656532125544,-27.108245628904793,48.64498972691053,0.7557485653837162,-0.38687333295110116,43.30120316955368,-22.16620918425758,0.35,0.9510819819785074,2.248918018021493,-22.645,-61.53500423400943,-145.5049957659906
218.34644800000024,circle_tension,2054,-0.4726475259659617,0.8493792784359678,0.022203189092855114,0.01610096895991457,-27.080708435149596,48.66584786024817,0.7562585467520212,-0.38667579326992574,43.33042294958786,-22.154890994239867,0.35,0.9256580304674195,2.2743419695325806,-22.645,-59.89007457124204,-147.14992542875797
218.45154559999992,circle_tension,2055,-0.47246151392938485,0.8492274633101932,0.012662180880747973,0.007910247701448159,-27.070050730515106,48.65714949427503,0.7561952761193924,-0.38646602543429515,43.326797809371115,-22.14287218258064,0.35,0.8999777438214152,2.3000222561785852,-22.645,-58.228560025245564,-148.81143997475448
218.5570048999998,circle_tension,2056,-0.4723322743417544,0.8489260504069912,0.007328439293693862,0.0028795336511148856,-27.06264584759787,48.63987980703078,0.7559768054270454,-0.38623115969058275,43.31428036075233,-22.12941536671372,0.35,0.8740286159532171,2.325971384046783,-22.645,-56.54965145217315,-150.49034854782687
218.66236089999984,circle_tension,2057,-0.4721468015595182,0.8487764894128574,0.0047229385650274435,0.00086980361638283,-27.052019039961188,48.63131059328713,0.7559152296709133,-0.38602291969724395,43.31075232980563,-22.117484093969573,0.35,0.8477976971068897,2.3522023028931103,-22.645,-54.85251100281577,-152.18748899718423
218.76657820000037,circle_tension,2058,-0.47181495834957765,0.8486123699995579,0.003986731007137743,-0.0002641024687735062,-27.03300582457152,48.621907243568906,0.7558970986104284,-0.3856974602309469,43.309713496561756,-22.09883664014817,0.35,0.8212715655104564,2.3787284344895436,-22.645,-53.13627028852653,-153.9037297114735
218.87226850000025,circle_tension,2059,-0.47168562884302334,0.8484857314357126,0.002708068566737051,-0.0007051436597644063,-27.02559578967945,48.61465138833697,0.7558341642593076,-0.38554215410046944,43.306107623856136,-22.089938254339305,0.35,0.7944362972349448,2.4055637027650554,-22.645,-51.40002843110093,-155.63997156889909
218.97538580000037,circle_tension,2060,-0.47149714000447185,0.8483348129702101,0.0022752764280247117,-0.0010432058036309358,-27.014796174745126,48.606004397213084,0.7557723695857529,-0.38533113067586083,43.30256704986506,-22.077847502730833,0.35,0.7672774341092652,2.4327225658907343,-22.645,-49.64284998686946,-157.39715001313053
219.08029070000066,circle_tension,2061,-0.47135172328636665,0.8483206294181553,0.0018767763752279743,-0.0006248423416292214,-27.006464410527055,48.605191739541844,0.7558157582723402,-0.3852147840408292,43.30505303848513,-22.071181331582974,0.35,0.7397799495274091,2.4602200504725906,-22.645,-47.863762734423375,-159.17623726557662
219.18948340000043,circle_tension,2062,-0.4685278309284806,0.8487329616997519,0.013550462884264175,0.0015172609998598903,-26.844667296620937,48.628816639034326,0.7572684452371808,-0.38326510684341614,43.38828587052417,-21.95947305675831,0.35,0.7119282119691038,2.488071788030896,-22.645,-46.06175531440102,-160.97824468559895
219.29248270000062,circle_tension,2063,-0.45330451299789054,0.8502050395578569,0.0734633176788164,0.007747654725634004,-25.972435429012297,48.7131604874184,0.7643384450091318,-0.3723376837906677,43.79336701861541,-21.333377834881862,0.35,0.6837059460379477,2.5162940539620524,-22.645,-44.235774708655214,-162.8042252913448
219.39681130000008,circle_tension,2064,-0.39077132145507854,0.8614833553312401,0.3149109680002905,0.06422934421643216,-22.389547474125994,49.35936038124908,0.7965408954418883,-0.3281404781513649,45.63843151839159,-18.80106448547801,0.35,0.6550961908032757,2.5449038091967244,-22.645,-42.38472354497194,-164.6552764550281
219.50105729999996,circle_tension,2065,-0.3581402496553814,0.8744440504900531,0.30831943358013264,0.09903943062785367,-20.51992477901499,50.10195351340471,0.8189608788728278,-0.306521575608139,46.92300194573766,-17.562392612046523,0.35,0.6260812552107714,2.573918744789229,-22.645,-40.50745721213691,-166.53254278786312
219.6077705000007,circle_tension,2066,-0.3521562225438184,0.8873164466799706,0.188042585092855,0.11104372303774243,-20.17706528103057,50.83948748730726,0.8328628707166222,-0.30605541186268237,47.719527405212375,-17.53568339686985,0.35,0.5966482966906007,2.6,-22.645,-38.60314479588187,-168.22000000000003
219.71541620000062,circle_tension,2067,-0.3410180991779761,0.9049150549131991,0.14505199980396513,0.1376362338883149,-19.53889782047176,51.84781346437544,0.8528052084277512,-0.3026458872792722,48.86213918968465,-17.34033202809435,0.35,0.5673045182773847,2.6,-22.645,-36.70460233254679,-168.22000000000003
219.82588060000035,circle_tension,2068,-0.33161252212733944,0.9215722797390601,0.1150632522634741,0.14674916198372417,-18.999997951585172,52.80220214529781,0.8713637199774021,-0.30003455516088795,49.92546357552444,-17.190713718803973,0.35,0.538375623441971,2.6,-22.645,-34.832902836695524,-168.22000000000003
219.93085060000067,circle_tension,2069,-0.30641040189577756,0.9078259794155159,0.16947880245769478,0.01937870129936843,-17.55602282753541,52.014597152839414,0.8655416875632671,-0.27383497948924,49.59188569000614,-15.689588607784916,0.35,0.5098435058811688,2.6,-22.645,-32.986874830511624,-168.22000000000003
220.03769050000028,circle_tension,2070,-0.24413454373231147,0.8647395745800927,0.38478110677170485,-0.1684405235243198,-13.987878989213472,49.5459280013776,0.839097351245466,-0.2090219294184288,48.07673682697161,-11.976074381357352,0.35,0.4816908101261944,2.6,-22.645,-31.16539541516478,-168.22000000000003
220.14495350000016,circle_tension,2071,-0.08936184053875573,0.8485884139782005,0.9133674588398327,-0.08651328060662677,-5.12005631239177,48.6205346646512,0.8452024503626195,-0.07573053703138123,48.42653323989356,-4.3390401521573345,0.35,0.453900885583578,2.6,-22.645,-29.367387297257498,-168.22000000000003
220.25351450000016,circle_tension,2072,0.11980323936603778,0.8515492636580294,1.3898612842339586,0.13452144176462977,6.864219987669525,48.79017885507806,0.8454455043940388,0.10177449354549183,48.44045921008752,5.83124894223812,0.35,0.42645774360662886,2.6,-22.645,-27.59181601134889,-168.22000000000003
220.35647620000054,circle_tension,2073,0.2568303033779493,0.8479223949028845,1.3168228281843122,0.1741691108401119,14.715292434621027,48.582374582560384,0.820110531431816,0.21538594200287883,46.9888721852741,12.340705443214482,0.35,0.39934601735412756,2.6,-22.645,-25.837687322812055,-168.22000000000003
220.46687930000007,circle_tension,2074,0.3648240039538764,0.8268542038031219,1.2043997858724416,0.08550957651424188,20.902875691621173,47.37525615056891,0.7724360911863541,0.2950090835544579,44.257327968560496,16.902775405692697,0.35,0.37255092421438635,2.6,-22.645,-24.1040447966708,-168.22000000000003
220.58140090000052,circle_tension,2075,0.5019892605222926,0.7991806003186498,1.2469539872846447,0.028581712568626513,28.76186598882052,45.789675466990126,0.7005833910991986,0.3845419925594924,40.14047150694721,22.03263321921002,0.35,0.35,2.6,-22.645,-22.645,-168.22000000000003
220.68609410000045,circle_tension,2076,0.5882176773213005,0.827179414678143,0.9696327988133369,0.19096744221119225,33.702390345498635,47.393889361159374,0.6881561758201366,0.4589845985955092,39.42844452035646,26.29788036102889,0.35,0.35,2.6,-22.645,-22.645,-168.22000000000003
220.79071269999986,circle_tension,2077,0.6511817601275354,0.8819570707959663,0.740122406627122,0.37984113225254595,37.30996655120813,50.532417868329624,0.7014804823414551,0.5345777844439484,40.19187104896665,30.62905087009252,0.35,0.35,2.6,-22.645,-22.645,-168.22000000000003
220.8963236999998,circle_tension,2078,0.6940951568103939,0.9124625649634708,0.5567925820044042,0.3570578763428667,39.76872306570663,52.28025393608858,0.7013486887762335,0.5836933691687564,40.18431983391247,33.44316658314123,0.35,0.35,2.6,-22.645,-22.645,-168.22000000000003
221.00637950000055,circle_tension,2079,0.705771677075449,0.9100079013382205,0.3467086533764302,0.18262241451611477,40.43773839629326,52.139612070237455,0.6926172532967105,0.5902505577580701,39.684045431845014,33.818865814780246,0.35,0.35,2.6,-22.645,-22.645,-168.22000000000003
221.1195658000006,circle_tension,2080,0.7102598147435666,0.9092609849759636,0.199609277031461,0.09258501763274178,40.69488974255009,52.09681691503087,0.6893948542342775,0.5928661516352226,39.49941556566069,33.968728304861344,0.35,0.35,2.6,-22.645,-22.645,-168.22000000000003
221.22695000000022,circle_tension,2081,0.7114372640742457,0.9082196482048864,0.1078414345982915,0.043295902247529085,40.7623526197885,52.03715271299637,0.687907572950191,0.5929975551915754,39.41420062513374,33.976257174053366,0.35,0.35,2.6,-22.645,-22.645,-168.22000000000003
221.3347775000002,circle_tension,2082,0.7123823861228096,0.9073079587664451,0.06120995589630325,0.018922202015626204,40.816504124295975,51.984916755947026,0.6866568379592246,0.5930515314243547,39.34253878886203,33.97934978438564,0.35,0.35,2.6,-22.645,-22.645,-168.22000000000003
221.4435736000005,circle_tension,2083,0.7127963759322333,0.9067936040131525,0.034010777410025235,0.007707510536394716,40.84022399313738,51.95544639941087,0.6860221338733783,0.5929993862686357,39.306172923503325,33.97636208704089,0.35,0.35,2.6,-22.645,-22.645,-168.22000000000003
221.55402050000066,circle_tension,2084,0.7133118302532031,0.9059279199788878,0.02007714417982412,0.0002672750029705495,40.86975735026073,51.90584635785564,0.6850617492903984,0.5927864673357964,39.25114694018915,33.96416273081077,0.35,0.35,2.6,-22.645,-22.645,-168.22000000000003
221.66255890000048,circle_tension,2085,0.7145413960857638,0.9048719370582243,0.01583260536986473,-0.004435279806376043,40.94020628309995,51.84534299326373,0.683534678655301,0.5929363925001546,39.16365223777971,33.9727528099713,0.35,0.35,2.6,-22.645,-22.645,-168.22000000000003
221.76842250000027,circle_tension,2086,0.7153907182077992,0.9040347643543668,0.012069941986096311,-0.0059976055067251085,40.98886885613967,51.797376530609135,0.6823989092369284,0.592967607743885,39.09857744360692,33.97454131169352,0.35,0.35,2.6,-22.645,-22.645,-168.22000000000003
221.8796353000007,circle_tension,2087,0.7158229492603247,0.9033933820339168,0.008330796482636292,-0.006021125937466878,41.01363387122388,51.76062803059305,0.6816585892476479,0.5928416065085048,39.05616023273198,33.9673219726928,0.35,0.35,2.6,-22.645,-22.645,-168.22000000000003
221.99220650000007,circle_tension,2088,0.7159059303507727,0.9036270595226988,0.0046728263877452835,-0.002109986199728739,41.01838833748594,51.77401676446747,0.6817857016865692,0.5930515320588858,39.063443239005785,33.9793498207416,0.35,0.35,2.6,-22.645,-22.645,-168.22000000000003
222.09711229999994,circle_tension,2089,0.7161401514831782,0.9032578633814644,0.003417138166733243,-0.002673433535226977,41.03180821984555,51.75286338376222,0.6813682764306973,0.5929688352976984,39.03952653358216,33.97461164534615,0.35,0.35,2.6,-22.645,-22.645,-168.22000000000003
222.2018919000002,circle_tension,2090,0.7162842932886598,0.903067373794195,0.0024733409886702846,-0.002280924259645792,41.04006693695105,51.74194913437049,0.6811391208660376,0.5929419698734318,39.02639688687522,33.97307236992085,0.35,0.35,2.6,-22.645,-22.645,-168.22000000000003
222.3054989000002,circle_tension,2091,0.716301685924142,0.9030379648086029,0.0013989107244694893,-0.0013495185799932206,41.041063461558785,51.740264123616306,0.6811066265298875,0.5929345066554482,39.024535098555745,33.9726447590288,0.35,0.35,2.6,-22.645,-22.645,-168.22000000000003
222.4098225000007,circle_tension,2092,0.7160918296707477,0.9031995005596981,-0.00018775758111380487,-1.8696750551603676e-06,41.02903958393486,51.749519440394536,0.681352901395455,0.5928975978795017,39.03864560895291,33.97053004194007,0.35,0.35,2.6,-22.645,-22.645,-168.22000000000003
222.5179633000007,circle_tension,2093,0.7160646070639466,0.903116137786909,-0.00022205771675155273,-0.00037302398702897493,41.02747984345781,51.744743105345215,0.6813061529156529,0.5928243283894616,39.0359671183616,33.9663320093937,0.35,0.35,2.6,-22.645,-22.645,-168.22000000000003
222.62194030000046,circle_tension,2094,0.7161426622309047,0.9031572887695836,0.00022494915423260046,-1.5800432242189128e-05,41.031952075093706,51.74710088297528,0.6812909198186842,0.5929045208380824,39.03509432619638,33.9709266982485,0.35,0.35,2.6,-22.645,-22.645,-168.22000000000003
222.72663999999986,circle_tension,2095,0.7161426622309047,0.9031572887695836,0.00012062074970602841,-8.472403415935809e-06,41.031952075093706,51.74710088297528,0.6812909198186842,0.5929045208380824,39.03509432619638,33.9709266982485,0.35,0.35,2.6,-22.645,-22.645,-168.22000000000003
222.83234660000016,circle_tension,2096,0.7164766438627321,0.9027162973729683,0.0015508975134959496,-0.001966069479631366,41.05108781303231,51.72183393714765,0.6807603002756751,0.5928424133876844,39.0046920658548,33.96736820346437,0.35,0.35,2.6,-22.645,-22.645,-168.22000000000003
222.93880770000032,circle_tension,2097,0.7167925950500168,0.9026250495620718,0.0022269532558000476,-0.0014504155944404663,41.069190482595864,51.71660582269347,0.6805041637808567,0.5929975237501837,38.990016525722424,33.97625537259432,0.35,0.35,2.6,-22.645,-22.645,-168.22000000000003
223.0461909000005,circle_tension,2098,0.7166650814186872,0.9023777225995078,0.0006165445485355805,-0.0018593268399893768,41.06188448969029,51.70243503157876,0.6803932888528874,0.5927482827708787,38.98366386029597,33.96197491639844,0.35,0.35,2.6,-22.645,-22.645,-168.22000000000003
223.1496803,circle_tension,2099,0.7165058422298438,0.9024219088495969,-0.0003752206408753011,-0.0007871942175770957,41.05276075623648,51.70496671722138,0.6805209900596455,0.5926689494650366,38.99098060048193,33.95742945279886,0.35,0.35,2.6,-22.645,-22.645,-168.22000000000003
223.25486960000035,circle_tension,2100,0.7163589053954955,0.9026539505745981,-0.000858844160897215,0.0006157053268747165,41.04434189577331,51.71826172873488,0.6807830738576381,0.5927213180212726,39.005996895985675,33.96042995005038,0.35,0.35,2.6,-22.645,-22.645,-168.22000000000003
223.36039450000044,circle_tension,2101,0.7164335864638858,0.9028227909235914,-0.0001259376081585452,0.0010770448149330124,41.0486208058016,51.727935568143714,0.6808661382829695,0.5928830353035066,39.01075613698484,33.96969566779672,0.35,0.35,2.6,-22.645,-22.645,-168.22000000000003
223.4685311000003,circle_tension,2102,0.7162514087846401,0.9029062185203125,-0.000873144541139477,0.0009415126576362004,41.03818279365934,51.732715617330754,0.6810370641565932,0.5928137622285928,39.020549468153064,33.965726612970265,0.35,0.35,2.6,-22.645,-22.645,-168.22000000000003
223.5764721000005,circle_tension,2103,0.7162826926415531,0.9026137803306636,-0.0003225517272310444,-0.0007873220161666749,41.03997522662734,51.715960143295426,0.6807979463310804,0.5926430567501781,39.00684902594483,33.95594590951734,0.35,0.35,2.6,-22.645,-22.645,-168.22000000000003
223.6831873000001,circle_tension,2104,0.7163177477840539,0.9027614651591706,-1.6032738851439305e-05,0.00023391204371026224,41.041983738342864,51.724421860666986,0.6808885588544309,0.5927638934664192,39.012040741103846,33.962869343368176,0.35,0.35,2.6,-22.645,-22.645,-168.22000000000003
223.78816970000025,circle_tension,2105,0.7161986681402301,0.9027005515658973,-0.0005336693668045343,-0.00014482005000371345,41.035160977325845,51.720931768857454,0.6809131926005623,0.5926428181796224,39.013452150790776,33.95593224043138,0.35,0.35,2.6,-22.645,-22.645,-168.22000000000003
223.89173519999986,circle_tension,2106,0.7161734612528163,0.9024565166197245,-0.0003966832958082652,-0.0011615939533783847,41.03371672906237,51.70694959638805,0.6807440497996305,0.5924654446056793,39.00376098216236,33.94576948324729,0.35,0.35,2.6,-22.645,-22.645,-168.22000000000003
223.99706770000012,circle_tension,2107,0.7165826478296733,0.9024645316298381,0.0016166751112366969,-0.0005870377049370964,41.05716139294968,51.70740882264031,0.6805076076654026,0.5927492106779845,38.99021384577204,33.96202808155938,0.35,0.35,2.6,-22.645,-22.645,-168.22000000000003
224.10260350000044,circle_tension,2108,0.7161998399580796,0.9022917433062144,-0.0008376897665103529,-0.001078791124395826,41.03522811754297,51.69750878094754,0.6806041315822265,0.5923752240867023,38.99574425882812,33.940600228284424,0.35,0.35,2.6,-22.645,-22.645,-168.22000000000003
224.20749080000041,circle_tension,2109,0.7161998399580796,0.9022917433062144,-0.000445835385992871,-0.0005741543905380302,41.03522811754297,51.69750878094754,0.6806041315822265,0.5923752240867023,38.99574425882812,33.940600228284424,0.35,0.35,2.6,-22.645,-22.645,-168.22000000000003
224.31254900000022,circle_tension,2110,0.7160556751210061,0.902394201144056,-0.000880098808562229,0.00014950337485091666,41.026968080824474,51.703379182633896,0.6807668184516804,0.592344353525545,39.00506552983003,33.938831475418915,0.35,0.35,2.6,-22.645,-22.645,-168.22000000000003
224.4172477000002,circle_tension,2111,0.7159147176906413,0.9024983593530563,-0.0010943131438459538,0.0005420609168896674,41.01889181497356,51.70934700841126,0.6809288936888462,0.5923167483489238,39.01435175688321,33.937249815305805,0.35,0.35,2.6,-22.645,-22.645,-168.22000000000003
224.52214249999997,circle_tension,2112,0.7157503444341811,0.9022629882153483,-0.0013151783207343282,-0.0007572609279329094,41.00947392111357,51.69586123560139,0.6808486342053034,0.5920503671175814,39.009753227210304,33.92198729500839,0.35,0.35,2.6,-22.645,-22.645,-168.22000000000003
224.6314209000002,circle_tension,2113,0.7156422604675536,0.9025165673990705,-0.0011728306482821189,0.0007179202134409081,41.00328116599278,51.710390252601044,0.6811039904922707,0.5921431487109395,39.02438406472566,33.92730328872431,0.35,0.35,2.6,-22.645,-22.645,-168.22000000000003
224.73749700000008,circle_tension,2114,0.7157503444341811,0.9022629882153483,-0.0001434751119603772,-0.0007352079564062978,41.00947392111357,51.69586123560139,0.6808486342053034,0.5920503671175814,39.009753227210304,33.92198729500839,0.35,0.35,2.6,-22.645,-22.645,-168.22000000000003
224.84268320000047,circle_tension,2115,0.7156591779571526,0.9021656857682794,-0.00048041941725354166,-0.0008221874290193055,41.00425046674676,51.690286216048044,0.6808291761689261,0.5919244524894129,39.00863836384827,33.91477291823538,0.35,0.35,2.6,-22.645,-22.645,-168.22000000000003
224.9464768000007,circle_tension,2116,0.7156411352481613,0.9021067948563541,-0.0003359334705811639,-0.0006991694767285233,41.003216695670574,51.686912015343054,0.6807954126124951,0.5918735299806765,39.006703854563426,33.911855273402566,0.35,0.35,2.6,-22.645,-22.645,-168.22000000000003
225.04945260000022,circle_tension,2117,0.7158235930766303,0.9020247605910046,0.0006363430522566617,-0.0007426444186961437,41.013670759180975,51.68221179816307,0.6806255101190268,0.5919439024894788,38.996969158758944,33.91588732115068,0.35,0.35,2.6,-22.645,-22.645,-168.22000000000003
225.1599782000003,circle_tension,2118,0.7166799382721415,0.9013727945822442,0.0041717432909653225,-0.0033102277493413227,41.06273572469007,51.64485689747511,0.679626775944417,0.5920982690672231,38.93974590569832,33.9247318745533,0.35,0.35,2.6,-22.645,-22.645,-168.22000000000003
225.2676037000001,circle_tension,2119,0.71690389374867,0.9011833254541894,0.003114039377520583,-0.002520103707547575,41.07556742829399,51.63400111608955,0.6793513251532387,0.5921259689366866,38.92396373790026,33.926318960166626,0.35,0.35,2.6,-22.645,-22.645,-168.22000000000003
225.37391370000023,circle_tension,2120,0.7173102511767282,0.9009104469738591,0.0034762614393574883,-0.0025616214083520467,41.09884999389552,51.618366330846676,0.6789050194508722,0.5922226000677867,38.89839230478204,33.93185551614824,0.35,0.35,2.6,-22.645,-22.645,-168.22000000000003
225.4802408000005,circle_tension,2121,0.7176618755479716,0.9005594658205491,0.0033897592411631303,-0.0029005614513841925,41.1189965863417,51.598256592073376,0.6784323275499855,0.5922304690018084,38.87130905385121,33.93230637285695,0.35,0.35,2.6,-22.645,-22.645,-168.22000000000003
225.59144749999996,circle_tension,2122,0.717968816488634,0.9002833679994652,0.0031033544124125737,-0.002712031824474002,41.13658300680144,51.582437352192514,0.6780425745354152,0.5922570470782483,38.848977851063836,33.933829184464535,0.35,0.35,2.6,-22.645,-22.645,-168.22000000000003
225.69600910000008,circle_tension,2123,0.7181783430190327,0.900036773103282,0.002562819801008568,-0.002517848607559189,41.1485879926893,51.56830850539175,0.6777327787376328,0.5922368390793803,38.83122785934002,33.93267135141699,0.35,0.35,2.6,-22.645,-22.645,-168.22000000000003
225.79973830000017,circle_tension,2124,0.7183892811932123,0.899788780216195,0.0023086042263581437,-0.0024482092200466803,41.16067385980799,51.554099559612396,0.6774211326827796,0.5922165634273732,38.813371855695024,33.9315096421301,0.35,0.35,2.6,-22.645,-22.645,-168.22000000000003
225.90381570000045,circle_tension,2125,0.7188123220238287,0.8995732696693526,0.0031302002448796024,-0.002275360607502065,41.18491231396402,51.54175171483777,0.67700834956281,0.592361175403866,38.78972112506652,33.93979529805019,0.35,0.35,2.6,-22.645,-22.645,-168.22000000000003
226.0094278000006,circle_tension,2126,0.7192829175327673,0.8992859615218335,0.0037783705653041313,-0.002499593952584466,41.21187545048401,51.525290170565206,0.6765133763944914,0.5924904152385705,38.76136125154965,33.94720019512373,0.35,0.35,2.6,-22.645,-22.645,-168.22000000000003
226.11493690000043,circle_tension,2127,0.7193297779968546,0.8990509379901866,0.0022193542518638993,-0.0023725561660663335,41.21456035730224,51.51182431411558,0.6763088154130983,0.5923672638621805,38.74964077066277,33.94014414101535,0.35,0.35,2.6,-22.645,-22.645,-168.22000000000003
226.21855649999998,circle_tension,2128,0.7196557245055359,0.8988659017865346,0.002626025704314539,-0.0020814156946491087,41.2332357165967,51.501222520589195,0.6759765461742744,0.5924657107519549,38.730603145616136,33.94578473230561,0.35,0.35,2.6,-22.645,-22.645,-168.22000000000003
226.3217396,circle_tension,2129,0.7198807411238439,0.8986768796231535,0.0024186254285821682,-0.00196378545989949,41.24612821914606,51.49039234839302,0.6757010916229391,0.5924931803394671,38.71482076237696,33.94735862373503,0.35,0.35,2.6,-22.645,-22.645,-168.22000000000003
226.4276165000001,circle_tension,2130,0.7205343821295802,0.8983055796419535,0.004231222145911739,-0.002717622044626961,41.28357909009143,51.46911842653698,0.6750346548860205,0.5926897410271053,38.67663675003905,33.95862072155489,0.35,0.35,2.6,-22.645,-22.645,-168.22000000000003
226.54736030000004,circle_tension,2131,0.7205495593995752,0.8983639636525073,0.0021994267412859727,-0.0011261112744296686,41.284448683606676,51.47246358393276,0.6750695316663736,0.592738507779937,38.67863504235629,33.9614148506727,0.35,0.35,2.6,-22.645,-22.645,-168.22000000000003
226.65560929999992,circle_tension,2132,0.7204676056583526,0.898450336328452,0.0007848271096619301,-0.0002103988948322039,41.27975308011931,51.47741237372964,0.6751830153716327,0.5927401644923163,38.68513717971114,33.9615097732999,0.35,0.35,2.6,-22.645,-22.645,-168.22000000000003
226.7587007000002,circle_tension,2133,0.7204998477483682,0.8981579522277041,0.0005645460867996858,-0.0014179286231590996,41.281600415799886,51.460659998760065,0.6749441841918009,0.592569030050953,38.671453161090646,33.95170449208045,0.35,0.35,2.6,-22.645,-22.645,-168.22000000000003
226.86482720000004,circle_tension,2134,0.7204482073379488,0.8979509308075273,7.213571850718567e-05,-0.0016900238880963325,41.27864163823053,51.448798545115125,0.6748192051089682,0.592397598369714,38.664292387116916,33.941882180270625,0.35,0.35,2.6,-22.645,-22.645,-168.22000000000003
226.9700055000003,circle_tension,2135,0.7202068524793451,0.898491919405392,-0.0010273583568347726,0.0014937384310965752,41.26481302346757,51.47979490853747,0.6753688080215734,0.5925915139354465,38.69578231441729,33.95299272376899,0.35,0.35,2.6,-22.645,-22.645,-168.22000000000003
227.0741689000006,circle_tension,2136,0.7203892785190895,0.8984076511190208,0.00026273391441908236,0.0004221324165507693,41.2752652656182,51.4749666913816,0.6751973609158787,0.5926591190570081,38.68595911885125,33.95686621190794,0.35,0.35,2.6,-22.645,-22.645,-168.22000000000003
227.1779403999999,circle_tension,2137,0.720373009185669,0.8983516395372,6.81029834539472e-05,-2.390218983430226e-05,41.27433310147772,51.471757464139415,0.6751649069465644,0.5926111850842949,38.684099643381096,33.95411979757618,0.35,0.35,2.6,-22.645,-22.645,-168.22000000000003
227.28377350000028,circle_tension,2138,0.7205178582414717,0.898248611744011,0.0006821118227371009,-0.00047194242247691374,41.28263234104167,51.465854406417144,0.6750016389992224,0.5926410008161828,38.674745079068636,33.95582811317645,0.35,0.35,2.6,-22.645,-22.645,-168.22000000000003
227.40567740000006,circle_tension,2139,0.7207454957927495,0.8980580146927276,0.0012841353577348117,-0.0010253724711332879,41.29567501198858,51.45493399979097,0.6747235159414727,0.5926688576173214,38.65880980167431,33.95742419031242,0.36940620595166107,0.35,2.6,-23.90058152507247,-22.645,-168.22000000000003
227.50856999999996,circle_tension,2140,0.7210539196906605,0.8977825247821818,0.0020441036594549817,-0.0017602417614400573,41.31334639963985,51.43914959061826,0.6743337672839596,0.5926950582760848,38.636478848527915,33.958925377480035,0.3964411421494701,0.35,2.6,-25.64974189707072,-22.645,-168.22000000000003
227.61204280000038,circle_tension,2141,0.7210165333179668,0.8976341603837845,0.0009339763963982193,-0.001615236975111277,41.3112043182732,51.43064893676009,0.6742444838305738,0.5925719044233746,38.63136328346855,33.95186918148896,0.42380612609957036,0.35,2.6,-27.420256358642202,-22.645,-168.22000000000003
227.71546250000029,circle_tension,2142,0.7210015801532652,0.897576703850829,0.00043435830534905396,-0.0011237692268470478,41.31034756504543,51.427356919916285,0.6742101863973085,0.5925238930657778,38.62939818529432,33.94911833332997,0.4515166533635796,0.35,2.6,-29.2131274726236,-22.645,-168.22000000000003
227.82013900000038,circle_tension,2143,0.7208924029257373,0.8978285044316783,-0.00025548865602665656,0.0005236914200357972,41.304092170689145,51.44178403047789,0.6744640293700812,0.5926164834493708,38.643942316293256,33.95442337153335,0.47958885370207344,0.35,2.6,-31.02939883452415,-22.645,-168.22000000000003
227.92305100000067,circle_tension,2144,0.7210354772306831,0.8977245188487326,0.0005000539197397241,-0.00018298471969189256,41.3122897245193,51.4358260954449,0.6743011283596165,0.5926443284425629,38.63460877591521,33.95601877212383,0.5080395324006873,0.35,2.6,-32.87015774632447,-22.645,-168.22000000000003
228.02978770000027,circle_tension,2145,0.7235194951019093,0.8950212420247506,0.011459723279604359,-0.012225713792387849,41.45461346477564,51.2809397425752,0.6708008575042717,0.5925278333100152,38.4340580287513,33.94934409269503,0.536886214502498,0.35,2.6,-34.73653807831162,-22.645,-168.22000000000003
228.13381730000037,circle_tension,2146,0.727002528737879,0.8917406064485788,0.02148969460087459,-0.020856721657805694,41.65417659201881,51.09297316994009,0.666281805990333,0.5926802377298734,38.17513544960042,33.958076222732046,0.5661471922029252,0.35,2.6,-36.62972333552926,-22.645,-168.22000000000003
228.23743790000026,circle_tension,2147,0.7283501928476444,0.8900253410991961,0.017597953686566206,-0.018833093565591364,41.73139205770962,50.99469570467542,0.6642024100602584,0.59243587523789,38.055994838870454,33.944075283270095,0.5958415756892781,0.35,2.6,-38.55094994709629,-22.645,-168.22000000000003
228.3423173000001,circle_tension,2148,0.7322471964210164,0.886470313828335,0.027027930034864745,-0.025946120237210466,41.95467391521124,50.79100764600117,0.6592448665674278,0.5926430824732548,37.771948519978714,33.95594738334107,0.6256559569415435,0.35,2.574344043058456,-40.47994041411787,-22.645,-166.5600595858821
228.44571919999998,circle_tension,2149,0.7353264850031449,0.8837134724004242,0.028236162819546756,-0.026032235173341918,42.13110415487002,50.633052267395065,0.6553723188199763,0.5928209046807835,37.55006787808685,33.96613584533617,0.6550531050956584,0.35,2.5449468949043417,-42.3819358996891,-22.645,-164.65806410031092
228.55067250000047,circle_tension,2150,0.7381084953552026,0.8810792261227944,0.027731574969037977,-0.0257081034325894,42.290501606604636,50.482121073488834,0.651771886564467,0.5928693031261931,37.343778305423406,33.96890887199313,0.6840431668898947,0.35,2.5159568331101054,-44.25759289777619,-22.645,-162.78240710222383
228.6577528000007,circle_tension,2151,0.74202962508904,0.8774753630687079,0.03245944919082213,-0.029691308656615005,42.51516579127678,50.275634930546545,0.6467857624902282,0.5929849831424864,37.05809443984095,33.975536848700735,0.7126441678705531,0.35,2.4873558321294467,-46.10807766122478,-22.645,-160.9319223387752
228.7621079999999,circle_tension,2152,0.7427935675420305,0.8765049486584596,0.020505499626677352,-0.019904326148943965,42.558936469624,50.220034280460645,0.6456177775993417,0.5928225790828617,36.9911738350581,33.966231781508455,0.7408733967420276,0.35,2.459126603257972,-47.93450876920919,-22.645,-159.1054912307908
228.86602970000058,circle_tension,2153,0.7452266072693626,0.8743291135196395,0.02194174331201585,-0.020351626766590046,42.698339377387796,50.095368110089986,0.6425744114448603,0.5929161192819183,36.81680179889336,33.971591240129214,0.7687474507490675,0.35,2.4312525492509325,-49.73796006346467,-22.645,-157.30203993653535
228.96870910000052,circle_tension,2154,0.7509353792917342,0.8693609355453387,0.037536255918542545,-0.0329701837734028,43.02542792047205,49.81071248029269,0.6355471448619696,0.5931848471682879,36.4141690821804,33.98698821385566,0.7962822780917228,0.35,2.403717721908277,-51.51946339253447,-22.645,-155.52053660746554
229.0728568000004,circle_tension,2155,0.7550798279246687,0.8658623188895873,0.039056730540257656,-0.033351132030092136,43.26288733554796,49.61025651178397,0.6305355180050445,0.5934159719850516,36.127024014784176,34.000230690396954,0.8234932176117802,0.35,2.3765067823882196,-53.28001117948218,-22.645,-153.7599888205178
229.17715560000033,circle_tension,2156,0.7560142828502592,0.8649853153372611,0.025116279401372926,-0.021743009169476905,43.316427658929506,49.560007909617696,0.6293426354967199,0.5934032717260191,36.058676881602196,33.99950301915567,0.8503950359685901,0.35,2.3496049640314096,-55.02055882716778,-22.645,-152.01944117283222
229.28024199999982,circle_tension,2157,0.7603088253906689,0.8644855265503808,0.032660672850504065,-0.013775369491931403,43.56248682143437,49.531372121481496,0.6264262856718231,0.5957561029771266,35.8915823450519,34.13431031975061,0.8770019625031416,0.35,2.322998037496858,-56.74202697395326,-22.645,-150.29797302604672
229.38639980000062,circle_tension,2158,0.7790155938485146,0.8595775860229462,0.10214763415026641,-0.028444563603412232,44.634305702397384,49.25016784315828,0.6116801430735929,0.6039213764742098,35.046690610075224,34.60214602970351,0.9033277219725656,0.35,2.296672278027434,-58.445303611625,-22.645,-148.59469638837498
229.4896888000003,circle_tension,2159,0.8103042787384251,0.8481944411496347,0.19556398694302568,-0.06207632345380543,46.427015293104006,48.59796168433155,0.5846417814494977,0.6145142776052472,33.49750660406609,35.20907455731131,0.9293855653217447,0.35,2.2706144346782553,-60.131246076316884,-22.645,-146.90875392368312
229.59285400000044,circle_tension,2160,0.8462632193904943,0.8377095180162935,0.27129397021101975,-0.07477157111317714,48.48731082822898,47.99721984027202,0.5552220581439121,0.6272843874396438,31.811880624213362,35.940747954740736,0.9551882986449864,0.35,2.2448117013550135,-61.80068292233062,-22.645,-145.23931707766937
229.69602120000036,circle_tension,2161,0.8760778590343126,0.8322851745808503,0.28243585564530094,-0.05913746235226485,50.19556384752319,47.686427854791624,0.532803319632479,0.6393897359323865,30.52738152550084,36.63433333290995,0.9807483104783452,0.35,2.219251689521655,-63.45441568794894,-22.645,-143.5855843120511
229.80017860000044,circle_tension,2162,0.8995365965856079,0.8303063142428769,0.258235996382956,-0.03663659954587639,51.53965050191747,47.57304750917992,0.516428024396933,0.6501620344876129,29.589146220223373,37.251540575779295,1.0060775975515321,0.35,2.193922402448468,-65.09322056158413,-22.645,-141.9467794384159
229.90492580000046,circle_tension,2163,0.9214099243453768,0.8280091427758512,0.237218233197417,-0.026489094431639465,52.792899866458576,47.441429279301474,0.5006953209029814,0.6594720131637585,28.68772870968922,37.78496306127923,1.0311877891186572,0.35,2.168812210881343,-66.71784995597712,-22.645,-140.3221500440229
230.00856310000017,circle_tension,2164,0.9429018456528153,0.8239283850040893,0.2235847317741712,-0.029175128678246523,54.024296251002085,47.2076190817643,0.4840102505150086,0.6667773699008127,27.731744595579674,38.2035291701499,1.0560901699772853,0.35,2.143909830022715,-68.32903399753036,-22.645,-138.71096600246966
230.11564760000056,circle_tension,2165,0.9606646367398035,0.8189266297359481,0.20080057002609739,-0.035657492736494364,55.04202921265911,46.92103961474249,0.4692248088421914,0.6711698024030042,26.8846011894904,38.455197014321556,1.0807957022772714,0.35,2.1192042977227286,-69.92748193733946,-22.645,-137.11251806266054
230.2192187999999,circle_tension,2166,0.9707586668078205,0.8146862961951362,0.15170318304639754,-0.03648543125371676,55.620374533834635,46.6780863991262,0.460031807182668,0.6723722909135963,26.357880993342945,38.52409453089146,1.1053150462130215,0.35,2.0946849537869783,-71.51388348998249,-22.645,-135.5261165100175
230.32314640000004,circle_tension,2167,0.9748078704534011,0.8124988509369016,0.0998471414719666,-0.029052830304847375,55.852376813115384,46.552755017913455,0.4560775987080765,0.6724192194832478,26.13132153643399,38.52678333987107,1.1296585796860446,0.35,2.0703414203139556,-73.08891010568709,-22.645,-133.95108989431293
230.4276219000003,circle_tension,2168,0.9758709164550483,0.8119352903104728,0.058333314035585775,-0.018043180109959523,55.913284862438026,46.52046537251934,0.45504668272890836,0.6724369354734822,26.07225440179506,38.5277983913414,1.1538364170184452,0.35,2.0461635829815545,-74.65321618109341,-22.645,-132.3867838189066
230.53168809999988,circle_tension,2169,0.9759705176151128,0.8120102594899343,0.031636022727074886,-0.009312019454081189,55.91899158854433,46.52476079009604,0.4550217150390796,0.672544348247612,26.07082385854368,38.53395268996483,1.1778584267920997,0.35,2.0221415732079,-76.20744021344886,-22.645,-130.83255978655112
230.63652189999993,circle_tension,2170,0.9764562642673873,0.8118021622393851,0.01911566226324305,-0.0059078158938257515,55.94682282163227,46.512837695911294,0.4545784486303929,0.6725928818069115,26.04542656412601,38.536733458077435,1.2017342488834464,0.35,1.9982657511165534,-77.75220590275899,-22.645,-129.287794097241
230.75596080000014,circle_tension,2171,0.9774301569881487,0.8113865550621283,0.013663590569315855,-0.004689263748963728,56.00262276423041,46.48902515871913,0.45369081103434056,0.6726907088094725,25.994568676135074,38.5423385324466,1.2254733107589977,0.35,1.9745266892410025,-79.28812320610716,-22.645,-127.75187679389286
230.86025280000013,circle_tension,2172,0.9804467347196805,0.809708084506392,0.020761028466452208,-0.009933543343965179,56.175459936820324,46.392855879838464,0.45072520294896523,0.6726618567613482,25.824651849153195,38.54068543185877,1.2490848430923234,0.35,1.9509151569076764,-80.81578934807332,-22.645,-126.22421065192667
230.9637216000001,circle_tension,2173,0.989678025538896,0.8050922225813286,0.0526189104271076,-0.025654522488666544,56.70437394021924,46.1283864727172,0.44196263039296135,0.6729357474507341,25.32259342401701,38.55637821240851,1.27257789475979,0.35,1.9274221052402098,-82.33578979095843,-22.645,-124.70421020904158
231.0674429999999,circle_tension,2174,0.9964967801193021,0.8022550787795181,0.05909000243283731,-0.026231587233089975,57.09505979921201,45.96583010700176,0.43582253825128203,0.6735517252444243,24.970792058477343,38.591671140260736,1.2959613472685658,0.35,1.9040386527314341,-83.84869916827621,-22.645,-123.1913008317238
231.17215670000041,circle_tension,2175,1.0018818138508898,0.7995473571135928,0.05599054617123581,-0.02595743391394791,57.40359950456757,45.81068908344811,0.4307304399000987,0.6736076487175591,24.67903631408901,38.59487531924707,1.3192439286673587,0.35,1.8807560713326414,-85.35508218477811,-22.645,-121.68491781522191
231.27617869999995,circle_tension,2176,1.0022830648303636,0.7994925749919202,0.03169918771084952,-0.01409763599283061,57.426589492216905,45.807550299083495,0.43043062591833714,0.6737342604757157,24.66185823829506,38.60212963862618,1.3424342269877148,0.35,1.8575657730122854,-86.85549448610514,-22.645,-120.18450551389488
231.37960230000044,circle_tension,2177,1.0025780858232585,0.7995008518710096,0.01832320296203834,-0.007520157322071174,57.443492949977546,45.80802452932286,0.43023629548525255,0.6738681934841535,24.650723924648364,38.60980343474716,1.3655407032610223,0.35,1.8344592967389777,-88.35048350098815,-22.645,-118.68951649901186
231.4841311,circle_tension,2178,1.002684419334014,0.7994367157195951,0.01031794391801082,-0.004324970296902564,57.44958541136465,45.80434979853259,0.43013013037111997,0.6738598766712973,24.644641111677043,38.609326916471495,1.3885717041541423,0.35,1.8114282958458578,-89.84058925877301,-22.645,-117.19941074122701
231.58777520000058,circle_tension,2179,1.0082128678976758,0.7969060370406648,0.03024168026288442,-0.013500725826634597,57.76634218131763,45.65935259092614,0.4250483801377133,0.6740868685964467,24.35347827076322,38.62233259576611,1.4115354742646713,0.35,1.7884645257353284,-91.32634518492424,-22.645,-115.71365481507576
231.6923979000003,circle_tension,2180,1.0263190491447904,0.7887221228476233,0.09838702891400972,-0.043032571181051395,58.80374994987621,45.190448847767655,0.40853520684697225,0.6746714547361278,23.407343134835603,38.655826914331676,1.4344401681149774,0.35,1.7655598318850223,-92.80827887703904,-22.645,-114.23172112296095
231.79603029999998,circle_tension,2181,1.0422997809227859,0.7827763567681665,0.12497255675150964,-0.04829426924510864,59.71937843428595,44.84978154544273,0.3947036898696813,0.6759791579024477,22.614855587773285,38.7307527866177,1.4572938618826576,0.35,1.742706138117342,-94.28691286380796,-22.645,-112.75308713619204
231.90200619999996,circle_tension,2182,1.053934618311171,0.7864354450825106,0.1189534837526117,-0.008706185647332611,60.386005511961436,45.05943186272029,0.3886203985789137,0.683706731786731,22.26630867126361,39.173510156062655,1.4801045649036184,0.35,1.7198954350963813,-95.76276534926411,-22.645,-111.27723465073588
232.00555260000056,circle_tension,2183,1.0696448699844723,0.7913392931880212,0.1319141651322719,0.018283186367837236,61.286136627929935,45.34040166253927,0.3801876622757163,0.6940282547538269,21.783148471343647,39.76488986022459,1.5028802309831772,0.35,1.697119769016823,-97.23635094461157,-22.645,-109.80364905538845
232.10894410000037,circle_tension,2184,1.0855937597354188,0.7961772388459388,0.14115834257401846,0.032816107556544,62.19994069857862,45.61759553025159,0.37132715647696096,0.704282854057287,21.275478884723775,40.35243512091065,1.5256287695489719,0.35,1.6743712304510279,-98.70818138981848,-22.645,-108.33181861018151
232.21381350000047,circle_tension,2185,1.111016226682712,0.7945710569507233,0.18924710436752823,0.013107170254554587,63.65654075946935,45.52556808652542,0.35259174430938744,0.7120549321426354,20.202018840083763,40.79774239324723,1.5483580566794057,0.35,1.6516419433205942,-100.17876626715756,-22.645,-106.86123373284245
232.31868510000004,circle_tension,2186,1.1624929300664286,0.7858799309047998,0.3327332746696008,-0.02284612001023217,66.60593860660312,45.02760324487778,0.31203579940715304,0.7212772876552206,17.878334363020624,41.326144441287575,1.5710759460401922,0.35,1.6289240539598078,-101.64861370880044,-22.645,-105.39138629119957
232.43628890000036,circle_tension,2187,1.2097590679012677,0.7837879770458673,0.3687522552604521,-0.01040637433308668,69.31408881842302,44.90774311782484,0.2768690357356365,0.7332578877942412,15.863427225508739,42.0125822652873,1.5937902797613743,0.35,1.6062097202386254,-103.11823110056092,-22.645,-103.92176889943907
232.5392866000002,circle_tension,2188,1.2288381893155327,0.7911237802702459,0.2794784663540636,0.030687624535021784,70.40724195227807,45.328053681920196,0.2652895109815261,0.7453175907438835,15.199969328330951,42.70355234648328,1.6165088992869685,0.35,1.5834911007130317,-104.58812578386687,-22.645,-102.45187421613315
232.6440536,circle_tension,2189,1.242694021640781,0.7979139231429917,0.21021819307689368,0.04890444877449003,71.20112266615574,45.71710021081937,0.2571254847370436,0.7553496632978534,14.732205080688065,43.27834776359478,1.639239656228992,0.35,1.560760343771008,-106.05880575801578,-22.645,-100.98119424198423
232.7487885999999,circle_tension,2190,1.2517348507987496,0.8019907926157673,0.1514300517851458,0.045215803579742135,71.71912402020615,45.95068762523513,0.25156489653858716,0.761514500367522,14.413606845306257,43.63156690907259,1.6619904232579406,0.35,1.5380095767420592,-107.53078038478876,-22.645,-99.50921961521124
232.87300080000023,circle_tension,2191,1.2710197972839863,0.8008197886228723,0.1534008527875734,0.019224492405275264,72.82407006194587,45.883594038649285,0.2364874568982453,0.7651052323568194,13.549733188051421,43.837300697421945,1.6847691050618585,0.35,1.5152308949381417,-109.00456109750225,-22.645,-98.03543890249777
232.97761189999983,circle_tension,2192,1.278263940599695,0.7997737615771688,0.11380421973214885,0.006157746446553449,73.23912890012389,45.823661103673935,0.23063711716417173,0.765796702717826,13.214533412571319,43.876919030766004,1.7075836494065526,0.35,1.4924163505934471,-110.48066211660395,-22.645,-96.55933788339604
233.0850190000001,circle_tension,2193,1.2780922323420105,0.7996820871422342,0.0600101828026377,0.002871764719128106,73.22929074165101,45.81840854546294,0.23074215542340462,0.7656693138729809,13.220551661512763,43.86962018759934,1.7304420583299995,0.35,1.4695579416700006,-111.95960117395097,-22.645,-95.08039882604905
233.1931424000004,circle_tension,2194,1.2781918681689532,0.7997000672409417,0.03168755316389131,0.001576291854952349,73.23499945402314,45.8194387292341,0.23067105248774963,0.7657095161282512,13.216477763388742,43.871923607153235,1.7533523995047182,0.35,1.4466476004952817,-113.44190024795527,-22.645,-93.59809975204473
233.29709790000015,circle_tension,2195,1.2785903553681965,0.799717463613813,0.018693427668860268,0.0009248202284544384,73.25783108872976,45.82043546797846,0.23037092003381507,0.7658180337467145,13.199281440483388,43.878141208694,1.7763228178027703,0.35,1.4236771821972294,-114.92808631183925,-22.645,-92.11191368816074
233.39987550000023,circle_tension,2196,1.2786888537242902,0.7997341137039077,0.010448739887085341,0.0005703011004311101,73.2634746288229,45.8213894478694,0.2303002818431481,0.7658566659661201,13.19523417028573,43.880354671819155,1.7993615470991409,0.35,1.4006384529008593,-116.41869209731442,-22.645,-90.6213079026856
233.50421069999993,circle_tension,2197,1.2855102712286808,0.7982896394145995,0.036282022528706964,-0.006057729561442403,73.65431306212115,45.738627167476885,0.2246642149509787,0.7660237195525682,12.87231132431101,43.889926137275154,1.8224769223503348,0.35,1.377523077649665,-117.91425687606666,-22.645,-89.12574312393333
233.60754439999982,circle_tension,2198,1.3066112572838255,0.7949116363317306,0.11399256387671733,-0.017173570744277118,74.86331050664535,45.545081847646316,0.2075694711222944,0.7673326685562138,11.892854651070088,43.964923390781905,1.8456773919868303,0.35,1.3543226080131696,-119.41532726154793,-22.645,-87.62467273845208
233.71654170000056,circle_tension,2199,1.3304006305315887,0.7918881938413379,0.16886184562826503,-0.020622215142210885,76.22634119100361,45.371851353346294,0.1885382548023269,0.7691165308465221,10.802446276935456,44.06713117124911,1.8689715306592989,0.35,1.3310284693407013,-120.92245803365664,-22.645,-86.11754196634338
233.82120550000036,circle_tension,2200,1.3322842305040687,0.7932237698731474,0.0965920091169541,-0.004836925509320604,76.33426351971767,45.448374223187805,0.1874047526494426,0.7707680635419251,10.737501387506192,44.161757024423565,1.892368052380644,0.35,1.3076319476193559,-122.43621298902768,-22.645,-84.60378701097233
233.92483300000004,circle_tension,2201,1.338326720349233,0.7969674927124971,0.07803484612493829,0.014372843731882239,76.68047268559624,45.66287374154928,0.1836064856767068,0.7755293952248963,10.5198767205045,44.43456123471974,1.9158758241080482,0.35,1.284124175891952,-123.95716581979073,-22.645,-83.08283418020929
234.02882649999992,circle_tension,2202,1.345718849087107,0.8012811437716272,0.07448900126743767,0.0273588645301698,77.10401046389379,45.91002774152957,0.17883143710355842,0.7810702839485337,10.246286590293133,44.75203077333579,1.9395038798114657,0.35,1.260496120188534,-125.48590102380183,-22.645,-81.55409897619816
234.13393859999996,circle_tension,2203,1.3521385095507394,0.8053634923561188,0.06807702216367198,0.03314945867591416,77.47182991436692,46.143929085922146,0.17469912192994516,0.7861873641931358,10.009522371227222,45.045217874781265,1.9632614350779067,0.35,1.236738564922093,-127.02301484954057,-22.645,-80.01698515045942
234.2374491999999,circle_tension,2204,1.354492378454549,0.8070829483532068,0.04663427944550505,0.025409265523555477,77.60669666808231,46.24244665761375,0.17321708933589028,0.7882757927809957,9.924608158487052,45.1648760186801,1.987157902303542,0.35,1.2128420976964578,-128.56911627903918,-22.645,-78.47088372096083
234.34232330000032,circle_tension,2205,1.3642459474738224,0.8061405243462771,0.06849920992733481,0.009780859922642906,78.16553500807622,46.18844973950487,0.16532719283218095,0.789005363925697,9.472550388029484,45.20667736612601,2.0112029065293373,0.35,1.1887970934706629,-130.12482805244812,-22.645,-76.9151719475519
234.44608980000066,circle_tension,2206,1.3913353137581268,0.8038752109330852,0.1573758065011259,-0.0027449045261960805,79.71764136585085,46.058656841654596,0.14349113713497705,0.790965010804159,8.221436555367104,45.318956861597876,2.035406301979238,0.35,1.1645936980207618,-131.6907877380567,-22.645,-75.3492122619433
234.55023150000034,circle_tension,2207,1.4229918171327398,0.8039119302814572,0.2257617458799651,0.0026390631901549604,81.53142540335782,46.06076070534278,0.11838964735763985,0.7951467053615906,6.783227131634902,45.55855031095153,2.059778189364291,0.35,1.1402218106357092,-133.26764885186964,-22.645,-73.77235114813038
234.6530104000003,circle_tension,2208,1.4280808538600702,0.8077542871024748,0.1429761668186358,0.01910940233167598,81.82300572962092,46.28091153457039,0.11488810517542657,0.7995421887690651,6.582603542807052,45.8103929591196,2.084328934020366,0.35,1.115671065979634,-134.8560820311177,-22.645,-72.18391796888233
234.75624430000062,circle_tension,2209,1.4342826712111991,0.8123514904655236,0.10427096383380972,0.031412040658793564,82.17834368915162,46.54431188483643,0.11055294649356838,0.8047937562401611,6.334217246817081,46.111285611041595,2.1090691849522596,0.35,1.0909308150477401,-136.4567762664112,-22.645,-70.5832237335888
234.86134290000064,circle_tension,2210,1.4415018220271376,0.8176725870167516,0.08750908059268088,0.04107239205843872,82.59197056257331,46.84918825960342,0.105426261959087,0.8108475583289384,6.040479860096307,46.458142920736016,2.1340098948622437,0.35,1.0659901051377563,-138.07044019758717,-22.645,-68.96955980241283
234.96467120000034,circle_tension,2211,1.4541283421703675,0.8220688697362613,0.10195219751368285,0.042236523517186125,83.31541687671731,47.101076704977615,0.09569168975637266,0.8164804511444376,5.482729957515406,46.780883905513676,2.159162341247486,0.35,1.0408376587525139,-139.69780347871236,-22.645,-67.34219652128765
235.07088269999986,circle_tension,2212,1.4893810632298514,0.8298592668153498,0.20985674653013642,0.06151132674727521,85.33524900977768,47.54743357834044,0.0674885958235303,0.8271104473727061,3.8668117059525207,47.38993782563345,2.184538148657067,0.35,1.0154618513429332,-141.33961821811224,-22.645,-65.70038178188778
235.174892,circle_tension,2213,1.507867369846676,0.8376474663148787,0.1903433490647473,0.06932852632903427,86.39443635770651,47.993664539669346,0.05267749765671019,0.8359894491345948,3.0181982910397775,47.89866715287889,2.2101493122069136,0.35,0.9898506877930859,-142.9966604997873,-22.645,-64.04333950021267
235.28045850000035,circle_tension,2214,1.511305210105296,0.8420187385600528,0.11638604339501346,0.05688741535297669,86.59141009516559,48.244119990420494,0.05006309234193868,0.8405291445699102,2.8684039005667987,48.15877254159727,2.2360082224591276,0.35,0.9639917775408724,-144.66973199310556,-22.645,-62.37026800689445
235.3857852000001,circle_tension,2215,1.5137614755797157,0.844039193968845,0.07261267483897128,0.03939780331245472,86.73214374021354,48.35988355803867,0.04811355458559837,0.8426667471905582,2.7567036151270954,48.281248150036504,2.2621276917808677,0.35,0.9378723082191318,-146.35966165822214,-22.645,-60.68033834177783
235.49180680000063,circle_tension,2216,1.51396670011993,0.8440513073195425,0.039502411025172206,0.02100325082725268,86.74390224022034,48.36057760190939,0.04794130570458008,0.8426886973225456,2.746834481218896,48.28250579995914,2.288520982308305,0.35,0.9114790176916954,-148.06730755534736,-22.645,-58.972692444652694
235.5996580000001,circle_tension,2217,1.5142169805301142,0.844147788691506,0.022092905609967472,0.011592319070579437,86.7582422514187,48.36610557732453,0.04773585167334811,0.8427969966829376,2.735062832345355,48.28871089623357,2.31520183565159,0.35,0.8847981643484094,-149.7935587666579,-22.645,-57.24644123334209
235.7028994000002,circle_tension,2218,1.5154058943422282,0.8441446515401838,0.01687359592258634,0.00611615395840698,86.82636199505764,48.36592583179408,0.046733631502225814,0.8428500224894774,2.6776398463971685,48.29174905115357,2.3421845044895835,0.35,0.8578154955104166,-151.53933744047606,-22.645,-55.50066255952395
235.80637230000048,circle_tension,2219,1.5207412380782195,0.8445274526124179,0.032935851662606395,0.005097352484584248,87.13205467338149,48.38785871762617,0.04225524623454108,0.8434696866999299,2.4210472715252678,48.32725319512781,2.3694837862156795,0.35,0.8305162137843207,-153.30560096815447,-22.645,-53.734399031845555
235.91054260000055,circle_tension,2220,1.521049399268846,0.8445489889516244,0.019051843843514132,0.002836612654510452,87.14971100901413,48.38909265896887,0.04199639053425988,0.8435041777734743,2.4062159323962518,48.329229388072775,2.3971150588116714,0.35,0.8028849411883284,-155.09334430511515,-22.645,-51.94665569488485
236.01498300000003,circle_tension,2221,1.5211443645919722,0.8445873746206133,0.010615553898732527,0.0016895716343562977,87.15515212122935,48.39129199579572,0.041918191838973856,0.8435465005330122,2.4017354771929327,48.331654303571646,2.4250943191427474,0.35,0.7749056808572521,-156.90360244853576,-22.645,-50.13639755146421
236.1197015000007,circle_tension,2222,1.5212544070959346,0.8445622113512335,0.006162376793508401,0.0007913071549264601,87.16145709227345,48.38985024666151,0.041824119489457065,0.8435259758130851,2.396345528596741,48.33047832374414,2.4534382238849135,0.35,0.7465617761150869,-158.7374530853539,-22.645,-48.30254691464612
236.22438340000008,circle_tension,2223,1.5215010231749293,0.844661413834552,0.004395357173975002,0.0008663551024036256,87.1755871527599,48.39553413027287,0.04162097938723575,0.8436353466372966,2.384706458089604,48.33674481037332,2.482164133316831,0.35,0.7178358666831688,-160.59601942559897,-22.645,-46.443980574401024
236.33730640000067,circle_tension,2224,1.554856074389222,0.8412578758913489,0.14660167396270615,-0.012134352790903665,89.08669081278158,48.2005257707147,0.013409294998160962,0.8411509998548872,0.7682960096405081,48.194402224894354,2.5112901582304383,0.35,0.6887098417695618,-162.48047323750936,-22.645,-44.559526762490655
236.44159320000017,circle_tension,2225,1.611924474452005,0.8368604450711127,0.3322927116414916,-0.016096485782001443,92.35646927994317,47.94857154401441,-0.03440881747878362,0.8361527598497374,-1.9714800195702793,47.908024167605824,2.540835210239771,0.35,0.6591647897602292,-164.3920381025132,-22.645,-42.64796189748683
236.5475393000006,circle_tension,2226,1.6443061058372166,0.8170563306440978,0.33039808483339905,-0.09018926749135008,94.21180009206417,46.81387937035231,-0.06000755256248834,0.8148497659575398,-3.43817950074003,46.68745252658993,2.570819055796082,0.35,0.6291809442039179,-166.33199291000653,-22.645,-40.70800708999349
236.66174480000063,circle_tension,2227,1.6848321108483137,0.7681470060814714,0.3711344916095493,-0.24974938224581714,96.53376913972606,44.011581494078285,-0.08740651691163737,0.7631578629309296,-5.008024520975676,43.725724648165645,2.6,0.35,0.5987384220438343,-168.22000000000003,-22.645,-38.73837590623608
236.80800230000023,circle_tension,2228,1.8077025226408816,0.7079451025233313,0.7082141409695571,-0.3042482996698717,103.57372516247466,40.56226650154325,-0.16615214158737748,0.6881712970131043,-9.519816470016817,39.42931090089471,2.6,0.35,0.5683229710979479,-168.22000000000003,-22.645,-36.77049623003723
236.9151464000006,circle_tension,2229,1.9918731869312332,0.6957244231359923,1.2079586901204207,-0.1080059686208695,114.12592693643255,39.862073149866205,-0.28437282567757177,0.6349524147241764,-16.293362719534347,36.38009355533562,2.6,0.35,0.5383459718881571,-168.22000000000003,-22.645,-34.830984381163766
237.02362320000066,circle_tension,2230,2.1686561477990356,0.697139370307699,1.4084427350751116,0.07557873919403973,124.25484448398402,39.94314365103897,-0.3924021945525051,0.5762150808017724,-22.482989619529963,33.014692221731266,2.6,0.35,0.5087876285103363,-168.22000000000003,-22.645,-32.91855956461876
237.12998920000064,circle_tension,2231,2.305498394847202,0.6902001839187523,1.3407336412768365,0.10825585214268556,132.0953276989305,39.5455575576977,-0.4626868129657746,0.5121495943462747,-26.51000161929778,29.344010235378708,2.6,0.35,0.47962897996599,-168.22000000000003,-22.645,-31.031995003799555
237.23860049999985,circle_tension,2232,2.4267318722239413,0.6665650291948301,1.271922756136877,0.03422322319470862,139.0414942883124,38.19136294387827,-0.5033795836591582,0.4369415669178629,-28.84152563672231,25.034907678226578,2.6,0.35,0.45085184752706353,-168.22000000000003,-22.645,-29.170114535001012
237.3448541000007,circle_tension,2233,2.512069171955636,0.6573396624576193,1.050839484084331,0.026100213646141384,143.9309613979814,37.66278836537571,-0.5313330096771013,0.38701507033624705,-30.44313897048163,22.174330138225656,2.6,0.35,0.4224387856386506,-168.22000000000003,-22.645,-27.331789430820695
237.45063579999987,circle_tension,2234,2.6036201691413012,0.6887419860711012,0.9141205837414073,0.19836987488998176,149.1764471469341,39.462008975332225,-0.5914567235074145,0.35290858248991164,-33.887974021610916,20.220172330616403,2.6,0.35,0.3943730360682757,-168.22000000000003,-22.645,-25.515935433617436
237.56159190000017,circle_tension,2235,2.7148892197271124,0.756336648954771,0.871457046389735,0.4598638207479399,155.55169413592873,43.33489787617611,-0.6885197613983579,0.3130266198202333,-39.449276439480364,17.93510419094553,2.6,0.35,0.3666384850359313,-168.22000000000003,-22.645,-23.72150998182476
237.6664980000005,circle_tension,2236,2.7734621453016155,0.7722944416842857,0.6740920555573517,0.33392810099479203,158.90767556508166,44.24921204992185,-0.7205520679420923,0.2779270084767168,-41.28459241250563,15.924044598412529,2.6,0.35,0.35,-168.22000000000003,-22.645,-22.645
237.77331289999984,circle_tension,2237,2.814183302231635,0.7744301331940807,0.5287913690720673,0.2013946062532273,161.24082599406168,44.37157815977503,-0.7332913586971435,0.24904982324647174,-42.014500006760095,14.26950376050197,2.6,0.35,0.35,-168.22000000000003,-22.645,-22.645
237.87742930000059,circle_tension,2238,2.8484290705668975,0.7749153557442446,0.4255817997262609,0.1180484682254311,163.20296398585498,44.39937936402399,-0.741853164528161,0.22393680101265753,-42.5050553458879,12.830633575686216,2.6,0.35,0.35,-168.22000000000003,-22.645,-22.645
237.98194430000058,circle_tension,2239,2.8668718855854447,0.7749111417964654,0.3087507255216234,0.06705136842457109,164.2596594487582,44.39913792260115,-0.7458527370340851,0.2102164892178196,-42.734213970333904,12.044517616238439,2.6,0.35,0.35,-168.22000000000003,-22.645,-22.645
238.0897840000007,circle_tension,2240,2.87381933928544,0.7735393034147653,0.1959496332162939,0.030692517459587995,164.6577192241305,44.32053737315568,-0.745972245204,0.2046667127617572,-42.741061284087365,11.726538848064994,2.6,0.35,0.35,-168.22000000000003,-22.645,-22.645
238.1969312000001,circle_tension,2241,2.8735438176921644,0.7732133522749722,0.10198478211711424,0.014704384038762485,164.64193299967107,44.30186174851806,-0.7456015155306894,0.20478590814467518,-42.71982003846641,11.733368240443639,2.6,0.35,0.35,-168.22000000000003,-22.645,-22.645
238.30611270000009,circle_tension,2242,2.8734087035943396,0.7728260524548665,0.05250778030341542,0.005966284870254665,164.634191532113,44.27967110341982,-0.7452003839754942,0.20478402055763067,-42.696836893324196,11.733260089672525,2.6,0.35,0.35,-168.22000000000003,-22.645,-22.645
238.41100030000052,circle_tension,2243,2.8731509014455394,0.7724419588875207,0.02684205920998077,0.0014677908655153058,164.61942055703736,44.25766416307278,-0.7447772280573752,0.20487425513510144,-42.67259184514,11.738430150127746,2.6,0.35,0.35,-168.22000000000003,-22.645,-22.645
238.5172276000003,circle_tension,2244,2.872879461888303,0.7718812288017716,0.013121993420408507,-0.001712556230871166,164.6038682160148,44.22553669571335,-0.7441809822930593,0.20492754077934544,-42.63842947929214,11.741483192651563,2.6,0.35,0.35,-168.22000000000003,-22.645,-22.645
238.68843430000015,circle_tension,2245,2.872705786472464,0.7713388866107592,0.004877405924632282,-0.0026025601046921415,164.59391734768204,44.19446277711647,-0.743622525872763,0.2049127058347959,-42.606432283367184,11.740633212939564,2.6,0.35,0.35,-168.22000000000003,-22.645,-22.645
238.80524779999996,circle_tension,2246,2.8724706982576667,0.7710195928701007,0.001467283613196089,-0.0026462852806476518,164.58044778516089,44.17616859335179,-0.7432665320870314,0.20500262161468505,-42.58603534191188,11.745785007638839,2.6,0.35,0.35,-168.22000000000003,-22.645,-22.645
238.92115980000017,circle_tension,2247,2.872278126910482,0.7704853536919928,-7.062420960161157e-05,-0.003626575132521883,164.56941425971206,44.14555894319567,-0.7427120589452832,0.20500360423937272,-42.55426637103635,11.745841307886288,2.6,0.35,0.35,-168.22000000000003,-22.645,-22.645
239.0477705000003,circle_tension,2248,2.8722871858108228,0.7704557848117991,2.3839678832119353e-06,-0.001880670691439891,164.5699332964686,44.14386477115564,-0.7426854129249928,0.204989008920962,-42.55273966653289,11.745005057740704,2.6,0.35,0.35,-168.22000000000003,-22.645,-22.645
239.15517700000055,circle_tension,2249,2.8722628957422174,0.770419297397087,-0.0001049476584185389,-0.0011458272266082483,164.56854157805344,44.141774196287294,-0.7426452614852994,0.20499733997116293,-42.550439158497085,11.745482391756129,2.6,0.35,0.35,-168.22000000000003,-22.645,-22.645
239.26015610000013,circle_tension,2250,2.8722628957422174,0.770419297397087,-5.5400742785086915e-05,-0.0006048698981382843,164.56854157805344,44.141774196287294,-0.7426452614852994,0.20499733997116293,-42.550439158497085,11.745482391756129,2.6,0.35,0.35,-168.22000000000003,-22.645,-22.645
239.36664670000027,circle_tension,2251,2.8722628957422174,0.770419297397087,-2.9496381480551548e-05,-0.00032204393595949865,164.56854157805344,44.141774196287294,-0.7426452614852994,0.20499733997116293,-42.550439158497085,11.745482391756129,2.6,0.35,0.35,-168.22000000000003,-22.645,-22.645
239.47418340000058,circle_tension,2252,2.8722628957422174,0.770419297397087,-1.5661157942550495e-05,-0.00017098981950812553,164.56854157805344,44.141774196287294,-0.7426452614852994,0.20499733997116293,-42.550439158497085,11.745482391756129,2.6,0.35,0.35,-168.22000000000003,-22.645,-22.645
239.5789818000003,circle_tension,2253,2.8722628957422174,0.770419297397087,-8.253933539968418e-06,-9.01171299982063e-05,164.56854157805344,44.141774196287294,-0.7426452614852994,0.20499733997116293,-42.550439158497085,11.745482391756129,2.6,0.35,0.35,-168.22000000000003,-22.645,-22.645
239.68486810000013,circle_tension,2254,2.8722628957422174,0.770419297397087,-4.407102397587211e-06,-4.811710898271822e-05,164.56854157805344,44.141774196287294,-0.7426452614852994,0.20499733997116293,-42.550439158497085,11.745482391756129,2.6,0.35,0.35,-168.22000000000003,-22.645,-22.645
239.79480000000058,circle_tension,2255,2.8722628957422174,0.770419297397087,-2.284218370547246e-06,-2.4939285353596973e-05,164.56854157805344,44.141774196287294,-0.7426452614852994,0.20499733997116293,-42.550439158497085,11.745482391756129,2.6,0.35,0.35,-168.22000000000003,-22.645,-22.645
239.90122060000067,circle_tension,2256,2.8722628957422174,0.770419297397087,-1.2212943487395058e-06,-1.3334192849807456e-05,164.56854157805344,44.141774196287294,-0.7426452614852994,0.20499733997116293,-42.550439158497085,11.745482391756129,2.6,0.35,0.35,-168.22000000000003,-22.645,-22.645
240.0063012999999,circle_tension,2257,2.8722628957422174,0.770419297397087,-6.473700496488658e-07,-7.068039818669944e-06,164.56854157805344,44.141774196287294,-0.7426452614852994,0.20499733997116293,-42.550439158497085,11.745482391756129,2.6,0.35,0.35,-168.22000000000003,-22.645,-22.645
240.10991000000013,circle_tension,2258,2.8722628957422174,0.770419297397087,-3.449083876087891e-07,-3.7657383419799047e-06,164.56854157805344,44.141774196287294,-0.7426452614852994,0.20499733997116293,-42.550439158497085,11.745482391756129,2.6,0.35,0.35,-168.22000000000003,-22.645,-22.645
240.21349640000062,circle_tension,2259,2.8722628957422174,0.770419297397087,-1.8505720641845838e-07,-2.020469906519375e-06,164.56854157805344,44.141774196287294,-0.7426452614852994,0.20499733997116293,-42.550439158497085,11.745482391756129,2.6,0.35,0.35,-168.22000000000003,-22.645,-22.645
240.31657010000072,circle_tension,2260,2.8722628957422174,0.770419297397087,-9.955471898242914e-08,-1.0869466671897618e-06,164.56854157805344,44.141774196287294,-0.7426452614852994,0.20499733997116293,-42.550439158497085,11.745482391756129,2.6,0.35,0.35,-168.22000000000003,-22.645,-22.645
240.42164910000065,circle_tension,2261,2.8722628957422174,0.770419297397087,-5.355564317250191e-08,-5.847249477528958e-07,164.56854157805344,44.141774196287294,-0.7426452614852994,0.20499733997116293,-42.550439158497085,11.745482391756129,2.6,0.35,0.35,-168.22000000000003,-22.645,-22.645
240.53076320000037,circle_tension,2262,2.8722628957422174,0.770419297397087,-2.849501425581112e-08,-3.111109256643591e-07,164.56854157805344,44.141774196287294,-0.7426452614852994,0.20499733997116293,-42.550439158497085,11.745482391756129,2.6,0.35,0.35,-168.22000000000003,-22.645,-22.645
240.63467620000029,circle_tension,2263,2.8722628957422174,0.770419297397087,-1.4951956078596905e-08,-1.6324669481983076e-07,164.56854157805344,44.141774196287294,-0.7426452614852994,0.20499733997116293,-42.550439158497085,11.745482391756129,2.6,0.35,0.35,-168.22000000000003,-22.645,-22.645
240.7394043000004,circle_tension,2264,2.8722628957422174,0.770419297397087,-7.998895857346697e-09,-8.733260745656371e-08,164.56854157805344,44.141774196287294,-0.7426452614852994,0.20499733997116293,-42.550439158497085,11.745482391756129,2.6,0.35,0.35,-168.22000000000003,-22.645,-22.645
240.8437956000007,circle_tension,2265,2.8722628957422174,0.770419297397087,-4.27487262853905e-09,-4.6673413412691703e-08,164.56854157805344,44.141774196287294,-0.7426452614852994,0.20499733997116293,-42.550439158497085,11.745482391756129,2.6,0.35,0.35,-168.22000000000003,-22.645,-22.645
240.94762300000002,circle_tension,2266,2.8724229365754983,0.7708068815938041,0.0007132645566232473,0.00172826566430221,164.5777112423502,44.16398113496515,-0.7430516879948734,0.20498155448804145,-42.57372568217791,11.744577950195692,2.6,0.35,0.35,-168.22000000000003,-22.645,-22.645
241.05253129999983,circle_tension,2267,2.874117402410546,0.7756395621951147,0.007887952203790143,0.022485253631633766,164.67479698322754,44.44087333715499,-0.7480587918778862,0.2049994496003013,-42.8606116022581,11.745603264602096,2.6,0.35,0.35,-168.22000000000003,-22.645,-22.645
241.1580483000007,circle_tension,2268,2.8740447816464467,0.775494970655197,0.0038871207516885096,0.011352562972495102,164.67063611993964,44.432588852164415,-0.7479044554182135,0.20501554837887367,-42.85176877449387,11.746525656669608,2.6,0.35,0.35,-168.22000000000003,-22.645,-22.645
241.2630790000003,circle_tension,2269,2.8740447816464467,0.775494970655197,0.0020684013232078915,0.0060408867576109354,164.67063611993964,44.432588852164415,-0.7479044554182135,0.20501554837887367,-42.85176877449387,11.746525656669608,2.6,0.35,0.35,-168.22000000000003,-22.645,-22.645
241.36710390000007,circle_tension,2270,2.8740447816464467,0.775494970655197,0.0011051041434474238,0.003227521134814872,164.67063611993964,44.432588852164415,-0.7479044554182135,0.20501554837887367,-42.85176877449387,11.746525656669608,2.6,0.35,0.35,-168.22000000000003,-22.645,-22.645
241.4703459000002,circle_tension,2271,2.8740447816464467,0.775494970655197,0.0005921406197598618,0.0017293812319764006,164.67063611993964,44.432588852164415,-0.7479044554182135,0.20501554837887367,-42.85176877449387,11.746525656669608,2.6,0.35,0.35,-168.22000000000003,-22.645,-22.645
241.5754362000007,circle_tension,2272,2.8740447816464467,0.775494970655197,0.00031791760789383626,0.0009284969246484061,164.67063611993964,44.432588852164415,-0.7479044554182135,0.20501554837887367,-42.85176877449387,11.746525656669608,2.6,0.35,0.35,-168.22000000000003,-22.645,-22.645
241.68105580000065,circle_tension,2273,2.8740447816464467,0.775494970655197,0.00016938644524968523,0.0004947029972117111,164.67063611993964,44.432588852164415,-0.7479044554182135,0.20501554837887367,-42.85176877449387,11.746525656669608,2.6,0.35,0.35,-168.22000000000003,-22.645,-22.645
241.78819209999983,circle_tension,2274,2.8740447816464467,0.775494970655197,9.016487826201559e-05,0.00026333178817052397,164.67063611993964,44.432588852164415,-0.7479044554182135,0.20501554837887367,-42.85176877449387,11.746525656669608,2.6,0.35,0.35,-168.22000000000003,-22.645,-22.645
241.8923353,circle_tension,2275,2.8740447816464467,0.775494970655197,4.767263228843087e-05,0.0001392307043417476,164.67063611993964,44.432588852164415,-0.7479044554182135,0.20501554837887367,-42.85176877449387,11.746525656669608,2.6,0.35,0.35,-168.22000000000003,-22.645,-22.645
241.99664630000007,circle_tension,2276,2.8740447816464467,0.775494970655197,2.5506446369405135e-05,7.449306494722568e-05,164.67063611993964,44.432588852164415,-0.7479044554182135,0.20501554837887367,-42.85176877449387,11.746525656669608,2.6,0.35,0.35,-168.22000000000003,-22.645,-22.645
242.10181509999984,circle_tension,2277,2.8740447816464467,0.775494970655197,1.36432825123478e-05,3.9846002675808107e-05,164.67063611993964,44.432588852164415,-0.7479044554182135,0.20501554837887367,-42.85176877449387,11.746525656669608,2.6,0.35,0.35,-168.22000000000003,-22.645,-22.645
242.20589800000016,circle_tension,2278,2.8740447816464467,0.775494970655197,7.271766641156453e-06,2.123761878998945e-05,164.67063611993964,44.432588852164415,-0.7479044554182135,0.20501554837887367,-42.85176877449387,11.746525656669608,2.6,0.35,0.35,-168.22000000000003,-22.645,-22.645
242.31043480000062,circle_tension,2279,2.8740447816464467,0.775494970655197,3.8914997227839955e-06,1.1365352013096588e-05,164.67063611993964,44.432588852164415,-0.7479044554182135,0.20501554837887367,-42.85176877449387,11.746525656669608,2.6,0.35,0.35,-168.22000000000003,-22.645,-22.645
242.41633450000063,circle_tension,2280,2.8740447816464467,0.775494970655197,2.0829354625137603e-06,6.08333455953456e-06,164.67063611993964,44.432588852164415,-0.7479044554182135,0.20501554837887367,-42.85176877449387,11.746525656669608,2.6,0.35,0.35,-168.22000000000003,-22.645,-22.645
242.52130209999996,circle_tension,2281,2.8740447816464467,0.775494970655197,1.1055275236124561e-06,3.2287576412914834e-06,164.67063611993964,44.432588852164415,-0.7479044554182135,0.20501554837887367,-42.85176877449387,11.746525656669608,2.6,0.35,0.35,-168.22000000000003,-22.645,-22.645
242.6261586999999,circle_tension,2282,2.8740447816464467,0.775494970655197,5.896343337384154e-07,1.722061477406596e-06,164.67063611993964,44.432588852164415,-0.7479044554182135,0.20501554837887367,-42.85176877449387,11.746525656669608,2.6,0.35,0.35,-168.22000000000003,-22.645,-22.645
242.73102840000047,circle_tension,2283,2.8740447816464467,0.775494970655197,3.1446898914403676e-07,9.184250323594362e-07,164.67063611993964,44.432588852164415,-0.7479044554182135,0.20501554837887367,-42.85176877449387,11.746525656669608,2.6,0.35,0.35,-168.22000000000003,-22.645,-22.645
242.8347773000005,circle_tension,2284,2.8740447816464467,0.775494970655197,1.6772432316868638e-07,4.898486726877514e-07,164.67063611993964,44.432588852164415,-0.7479044554182135,0.20501554837887367,-42.85176877449387,11.746525656669608,2.6,0.35,0.35,-168.22000000000003,-22.645,-22.645
242.94109019999996,circle_tension,2285,2.875282007475283,0.7753633003879393,0.005535555204895997,-0.0005860872550631298,164.74152393823653,44.42504470156319,-0.7480305047864013,0.20405541281102924,-42.85899087130132,11.691513940871726,2.6,0.35,0.35,-168.22000000000003,-22.645,-22.645
243.04701810000006,circle_tension,2286,2.8775256144364754,0.7752194746885656,0.012857743115499256,-0.0009329576807288397,164.87007314799902,44.41680409600355,-0.7483476016527185,0.20233907441974647,-42.877159183438124,11.59317499483495,2.6,0.35,0.35,-168.22000000000003,-22.645,-22.645
243.15261270000065,circle_tension,2287,2.878889995609419,0.7751215962221515,0.012838335289752182,-0.0009160287841670121,164.94824643085582,44.411196072972814,-0.7485284522352609,0.20129243682826437,-42.88752115854028,11.533207078163286,2.6,0.35,0.35,-168.22000000000003,-22.645,-22.645
243.25702300000012,circle_tension,2288,2.878889995609419,0.7751215962221515,0.006845520951209344,-0.0004884351508510217,164.94824643085582,44.411196072972814,-0.7485284522352609,0.20129243682826437,-42.88752115854028,11.533207078163286,2.6,0.35,0.35,-168.22000000000003,-22.645,-22.645
243.36230200000045,circle_tension,2289,2.878889995609419,0.7751215962221515,0.003657585056188217,-0.00026097255729735653,164.94824643085582,44.411196072972814,-0.7485284522352609,0.20129243682826437,-42.88752115854028,11.533207078163286,2.6,0.35,0.35,-168.22000000000003,-22.645,-22.645
243.4674683000003,circle_tension,2290,2.878889995609419,0.7751215962221515,0.0019498055870121468,-0.0001391206882296077,164.94824643085582,44.411196072972814,-0.7485284522352609,0.20129243682826437,-42.88752115854028,11.533207078163286,2.6,0.35,0.35,-168.22000000000003,-22.645,-22.645
243.57413189999988,circle_tension,2291,2.878889995609419,0.7751215962221515,0.001038649933153275,-7.410876986527962e-05,164.94824643085582,44.411196072972814,-0.7485284522352609,0.20129243682826437,-42.88752115854028,11.533207078163286,2.6,0.35,0.35,-168.22000000000003,-22.645,-22.645
243.67842790000032,circle_tension,2292,2.878889995609419,0.7751215962221515,0.0005500224045009871,-3.924467955450796e-05,164.94824643085582,44.411196072972814,-0.7485284522352609,0.20129243682826437,-42.88752115854028,11.533207078163286,2.6,0.35,0.35,-168.22000000000003,-22.645,-22.645
243.78248620000068,circle_tension,2293,2.878889995609419,0.7751215962221515,0.00029452850156764957,-2.1014919699823e-05,164.94824643085582,44.411196072972814,-0.7485284522352609,0.20129243682826437,-42.88752115854028,11.533207078163286,2.6,0.35,0.35,-168.22000000000003,-22.645,-22.645
243.8865351000004,circle_tension,2294,2.8794931719013004,0.7771135663134197,0.0028399246644083775,0.008871823697752277,164.98280588668297,44.525327552118775,-0.7505736714414789,0.20135704280511393,-43.00470358723567,11.536908727968088,2.6,0.35,0.35,-168.22000000000003,-22.645,-22.645
243.9909886000005,circle_tension,2295,2.8858650282066396,0.7951654926395695,0.029260545991206494,0.08545460413160551,165.34788636064272,45.55962674268826,-0.7693063127459476,0.20113666461876992,-44.07800487311417,11.524281987993827,2.6,0.35,0.35,-168.22000000000003,-22.645,-22.645
244.09535140000025,circle_tension,2296,2.8945209733703354,0.813031063067351,0.05255110632543022,0.1255728259706016,165.84383548621918,46.58324852679387,-0.788341540920852,0.1988394437000959,-45.1686431096047,11.392660924744641,2.6,0.35,0.35,-168.22000000000003,-22.645,-22.645
244.2047309999998,circle_tension,2297,2.9029597518210952,0.8137128196275978,0.06494629238664379,0.07049905735123276,166.32734187569366,46.622310300351366,-0.7906538500720579,0.1923409529781092,-45.30112866489828,11.020324833169878,2.6,0.3688599803656478,0.35,-168.22000000000003,-23.865240729657415,-22.645
244.31395320000047,circle_tension,2298,2.9099626701178156,0.8148228967847325,0.06407675707280551,0.04198517272565068,166.72857953837067,46.68591303638907,-0.7930618308305605,0.1870542317199541,-45.43909579950918,10.7174180176155,2.6,0.397264085041418,0.35,-168.22000000000003,-25.70298630217975,-22.645
244.42141390000052,circle_tension,2299,2.9146003839057197,0.8156751287817212,0.05354819564241758,0.02583944853212811,166.9943009650072,46.73474233298253,-0.7947511732575225,0.1835660325846501,-45.5358879907265,10.517558929061398,2.6,0.4260374979886136,0.35,-168.22000000000003,-27.564626119863302,-22.645
244.53194230000008,circle_tension,2300,2.9200952563740934,0.8165391803030025,0.05223075353708737,0.017601398547522396,167.30913396640764,46.784248838433804,-0.796590784320362,0.17938605103454858,-45.641289940572776,10.278063627798028,2.6,0.4551983693988091,0.35,-168.22000000000003,-29.45133450010295,-22.645
244.6404032999999,circle_tension,2301,2.923582900514731,0.8172234629871444,0.042234486815895575,0.01222719108073762,167.5089612561097,46.82345534822902,-0.7978796586447185,0.1767547418817612,-45.715136999681185,10.127300718749169,2.6,0.484765641621815,0.35,-168.22000000000003,-31.364337012931433,-22.645
244.74775190000037,circle_tension,2302,2.9250230406511193,0.8173235202576505,0.02845314931398116,0.006885431888895839,167.59147520783216,46.82918820753862,-0.7982311027167884,0.17562700083386404,-45.735273261745675,10.062685916321,2.6,0.5147591034995436,0.35,-168.22000000000003,-33.30491399642047,-22.645
244.85440130000006,circle_tension,2303,2.92646139937586,0.8174737276910468,0.021373756362207563,0.0043242833291483205,167.67388709218562,46.837794459523714,-0.7986296364474389,0.17451074251440005,-45.75810756250555,9.998729025769347,2.6,0.5451994487645925,0.35,-168.22000000000003,-35.274404335069136,-22.645
244.9623459000004,circle_tension,2304,2.927775878076469,0.817602919168643,0.017118493040489926,0.0028762756747347283,167.74920117399034,46.84519658593904,-0.7989845866261434,0.17348822371255473,-45.77844470968273,9.940143013950836,2.6,0.5761083388830867,0.35,-168.22000000000003,-37.27420952573571,-22.645
245.07429140000022,circle_tension,2305,2.9276215237006493,0.8176389094088806,0.00829081241045786,0.0016621971785965638,167.7403573197065,46.847258674808316,-0.7989929679383776,0.17361919065692702,-45.77892492350053,9.947646867119094,2.5925196123749172,0.607480387625083,0.35,-167.73601892065716,-39.303981079342876,-22.645
245.18425630000002,circle_tension,2306,2.9277663273839103,0.817761066793109,0.004931769038231959,0.0013925318520911225,167.74865395961532,46.85425777736096,-0.7991374756467035,0.17352941358633728,-45.78720460529472,9.942503019877252,2.561338440120423,0.638661559879577,0.35,-165.71859707579137,-41.321402924208634,-22.645
245.29017810000005,circle_tension,2307,2.9277663273839103,0.817761066793109,0.0025771777945194927,0.000727690639920342,167.74865395961532,46.85425777736096,-0.7991374756467035,0.17352941358633728,-45.78720460529472,9.942503019877252,2.5306147963084693,0.6693852036915304,0.35,-163.73077732115797,-43.30922267884202,-22.645
245.39695690000008,circle_tension,2308,2.9277663273839103,0.817761066793109,0.0013673953073084489,0.00038609705869551016,167.74865395961532,46.85425777736096,-0.7991374756467035,0.17352941358633728,-45.78720460529472,9.942503019877252,2.5003274519356795,0.6996725480643206,0.35,-161.77118614023848,-45.26881385976154,-22.645
245.50304640000013,circle_tension,2309,2.9307253173022936,0.8163332799804313,0.013794988124828128,-0.006074191043879583,167.91819159356044,46.772451618950086,-0.7982512872462779,0.17086517027548223,-45.73642975009688,9.789853122569298,2.4704560900709565,0.7295439099290433,0.35,-159.8385090275909,-47.201490972409104,-22.645
245.6139464000007,circle_tension,2310,2.938346643224939,0.8119969064126502,0.041210269818175174,-0.02221573325846432,168.3548614032217,46.52399571512415,-0.7952831948811396,0.1639012384436482,-45.56637058436946,9.3908492197884,2.440981246935809,0.759018753064191,0.35,-157.93148667674686,-49.108513323253156,-22.645
245.72823000000062,circle_tension,2311,2.946059476454937,0.8071276021793534,0.05372159813979158,-0.03149272074775079,168.7967741953888,46.245005133391054,-0.7917471547264084,0.15681648249603455,-45.363770407314576,8.98492260510993,2.411884257023078,0.7881157429769217,0.35,-156.04891142939317,-50.991088570606834,-22.645
245.8392302000002,circle_tension,2312,2.9545581015721334,0.8053531982500719,0.06604787606436723,-0.024101185628976802,169.28370954626803,46.1433392770918,-0.7913078124710367,0.1497521948217194,-45.33859795032001,8.580168736105383,2.38314720191397,0.8168527980860294,0.35,-154.18962396383387,-52.850376036166104,-22.645
245.94630959999995,circle_tension,2313,2.958301781055294,0.805329174650422,0.050567619435069905,-0.012493956058999497,169.49820658050285,46.14196282622314,-0.7918392690587484,0.14678437082890333,-45.36904816979032,8.410124946979359,2.354752862483832,0.8452471375161682,0.35,-152.35251020270394,-54.68748979729609,-22.645
246.05337400000008,circle_tension,2314,2.9618532546839393,0.8053905167057182,0.042412039259068224,-0.006237002734626791,169.70169103047624,46.145477467098274,-0.7924159289238571,0.14398222108039713,-45.40208834627563,8.249573592826307,2.3266846742151897,0.8733153257848103,0.35,-150.53649842172277,-56.50350157827723,-22.645
246.16893140000047,circle_tension,2315,2.9727251373418486,0.8011413037243306,0.0684597444939031,-0.02091639526522047,170.32460402213593,45.90201549701256,-0.7897456544047242,0.13464468011018485,-45.24909288618799,7.714571904202652,2.298926685361986,0.9010733146380141,0.35,-148.7405565429205,-58.29944345707951,-22.645
246.27742470000067,circle_tension,2316,2.9828820591524305,0.7988584353827888,0.08028477501636111,-0.020378134810289602,170.90655277472663,45.771216775858186,-0.7888182934422968,0.12625569180444865,-45.19595901695571,7.233918279899365,2.271463517730901,0.9285364822690989,0.35,-146.9636895971893,-60.076310402810705,-22.645
246.39281819999997,circle_tension,2317,2.9969403299382495,0.7985819661904978,0.102856295904214,-0.010979831746647482,171.71203235800613,45.755376257974525,-0.7902416421516282,0.11511430725231038,-45.27751089077579,6.595563967129589,2.2442803298664544,0.9557196701335455,0.35,-145.2049373423596,-61.8350626576404,-22.645
246.50003910000032,circle_tension,2318,3.0011412980185206,0.7991827704762297,0.07151538979256526,-0.002889959961498238,171.95273009887484,45.789799807860334,-0.7913131472380249,0.11187762794372179,-45.33890360995312,6.410115903110142,2.2173627824440594,0.9826372175559406,0.35,-143.46337202413065,-63.57662797586936,-22.645
246.60681750000003,circle_tension,2319,3.002853347306134,0.7994221424310539,0.04528153959863005,-0.0004158301575414406,172.05082329737348,45.803514810605556,-0.7917405993048486,0.11055580139212653,-45.363394809326266,6.334380820455402,2.190697005692345,1.0093029943076548,0.35,-141.73809626829473,-65.30190373170527,-22.645
246.71276219999982,circle_tension,2320,3.002845949516285,0.7994690656675236,0.02391728061011873,-1.326099054135234e-05,172.05039943523738,45.806203314016365,-0.7917862537238002,0.11056814809579232,-45.366010614848314,6.33508823446635,2.1642695686801976,1.0357304313198021,0.35,-140.02824109360878,-67.01175890639121,-22.645
246.82172609999998,circle_tension,2321,3.016779151493922,0.7918924592539153,0.07514805743641298,-0.03308623021384484,172.84871310365932,45.372095743484856,-0.7857322498520595,0.09858244552472098,-45.01914174384171,5.648358062644863,2.138067450317452,1.061932549682548,0.35,-138.33296403553916,-68.70703596446086,-22.645
246.92837920000056,circle_tension,2322,3.045816930716162,0.778906920620449,0.1695143304059893,-0.0716520322508547,174.51245529952638,44.62807918508316,-0.7753371982811976,0.07448637427001857,-44.42354916101049,4.267754876903912,2.1120780119303446,1.0879219880696553,0.35,-136.6514473718933,-70.38855262810671,-22.645
247.03433529999984,circle_tension,2323,3.0542660624766844,0.7779264695043208,0.12766696414366632,-0.04157041279851407,174.99655488995424,44.57190347411012,-0.7749621462656548,0.0678473566971237,-44.402060263422015,3.887367189863849,2.08628897128317,1.1137110287168297,0.35,-134.98289644202112,-72.05710355797889,-22.645
247.14040170000044,circle_tension,2324,3.061626521333383,0.7793434237268011,0.10041972498840819,-0.015327151548774226,175.41827811772276,44.653088970821486,-0.7768529634377076,0.06225468098275071,-44.5103961072115,3.5669304752449635,2.0606883779279443,1.1393116220720554,0.35,-133.326538051938,-73.71346194806199,-22.645
247.2499957,circle_tension,2325,3.0747114525716883,0.7822821244760214,0.11012150415817272,0.005662830468229248,176.16798945289653,44.82146412100374,-0.7805331654109995,0.05228097137776609,-44.721256148036844,2.995479008790254,2.0352645897721526,1.1647354102278473,0.35,-131.68161895825827,-75.35838104174172,-22.645
247.35616089999985,circle_tension,2326,3.08553181454655,0.7848748096780994,0.10507787245701351,0.015051016446513027,176.78795052685993,44.97001404068884,-0.7836417734508978,0.04397769627850659,-44.89936626888345,2.5197363894666145,2.01000625076278,1.1899937492372197,0.35,-130.04740442435187,-76.99259557564811,-22.645
247.46142920000057,circle_tension,2327,3.0945809640569486,0.7862015440401519,0.0954530449273984,0.014381572980559837,177.30642860198867,45.04603032016942,-0.7853329124334224,0.03694704994931659,-44.99626139515216,2.116910027554883,1.9849022695922311,1.215097730407769,0.35,-128.42317684261735,-78.61682315738265,-22.645
247.56761570000072,circle_tension,2328,3.1008524650140563,0.7868058772276367,0.07843482204903145,0.010645275338032778,177.6657591380432,45.08065606123199,-0.7861530119073642,0.03204575336812284,-45.04324963378992,1.8360864193105815,1.9599417993376567,1.2400582006623435,0.35,-126.8082344171464,-80.23176558285363,-22.645
247.67762870000024,circle_tension,2329,3.105435097190849,0.7847189277225852,0.062081452628522237,-0.0033967130288580926,177.92832462083427,44.961082662535624,-0.7842060250509677,0.028367336847948624,-44.93169550415096,1.6253286774134001,1.9351142179515781,1.264885782048422,0.35,-125.20188990146711,-81.83811009853291,-22.645
247.78475210000033,circle_tension,2330,3.1339693197129197,0.7742777598447461,0.1587224676717203,-0.045089532014889064,179.56321514303605,44.36284780994788,-0.7742552612927611,0.005902520705298947,-44.361558737873985,0.33818952490221166,1.9104091095265958,1.2895908904734044,0.35,-123.60346938637076,-83.43653061362926,-22.645
247.89117350000015,circle_tension,2331,-3.121832491022127,0.7650304820481633,0.20734839835916302,-0.06136770923658115,-178.86782608238033,43.83301782021864,-0.7648811284675052,-0.01511614293134308,-43.82446049039177,-0.866091192482471,1.8858162462616148,1.3141837537383854,0.35,-122.01231113312649,-85.02768886687353,-22.645
247.9979989000003,circle_tension,2332,-3.1141740946770313,0.7640256573407529,0.14438962671898797,-0.03625887143460606,-178.42903229396794,43.775445605333566,-0.7637384867313926,-0.020945857829463198,-43.758991941417015,-1.2001092519092924,1.8613255710615881,1.3386744289384116,0.35,-120.42776444768475,-86.61223555231524,-22.645
248.10526889999983,circle_tension,2333,-3.106068445097844,0.7657692473917289,0.11203033719339726,-0.010907492529395836,-177.96461278286853,43.87534595645549,-0.765286109529086,-0.027197625130342896,-43.84766419600308,-1.5583091327475935,1.8369271807059366,1.3630728192940635,0.35,-118.8491885916741,-88.19081140832591,-22.645
248.21086790000027,circle_tension,2334,-3.1018777779502087,0.766191903203805,0.07762567539951291,-0.0036822210318291216,-177.7245052419649,43.899562350674124,-0.7655877363536839,-0.03042121759415824,-43.86494614004047,-1.7430073757943911,1.8126113095246557,1.3873886904753445,0.35,-117.27595172624522,-89.7640482737548,-22.645
248.31713970000055,circle_tension,2335,-3.0982334708792743,0.7671332925935112,0.05732463871366436,0.0023496790384372867,-177.51570182755066,43.95349998958268,-0.7664122930843972,-0.033251851293989707,-43.912189760679446,-1.9051907401422354,1.7883683135238617,1.4116316864761382,0.35,-115.70742988499386,-91.33257011500615,-22.645
248.42322349999995,circle_tension,2336,-3.0927189683470164,0.7686821800548141,0.05472697399466947,0.00828277188981946,-177.19974410633807,44.04224470405608,-0.7677643113909992,-0.03755337652097948,-43.98965470347217,-2.151649981117803,1.764188654904912,1.4358113450950878,0.35,-114.14300597234781,-92.89699402765218,-22.645
248.52768280000055,circle_tension,2337,-3.0891570347747694,0.7683686480503101,0.04475857790790797,0.003107674945966692,-176.99566034574238,44.02428064345572,-0.7673125775151217,-0.040271425276015745,-43.9637722589213,-2.3073827032921685,1.7400628869237673,1.4599371130762326,0.35,-112.58206878396776,-94.45793121603225,-22.645
248.63603899999998,circle_tension,2338,-3.0875254245425614,0.7681065022560047,0.031197711768599125,0.000527951854410338,-176.9021759656265,44.009260795824915,-0.7669840861968289,-0.041509159576762225,-43.944951092776435,-2.378299654883518,1.715981639038891,1.484018360961109,0.35,-111.02401204581625,-96.01598795418376,-22.645
248.74144250000063,circle_tension,2339,-3.087076315860985,0.767958767415269,0.018376023027750748,-0.00036375047332396583,-176.87644393362947,44.00079621296372,-0.7668178513648811,-0.04184556461712798,-43.93542653849776,-2.397574243903404,1.6919356022979377,1.508064397702062,0.35,-109.46823346867657,-97.57176653132342,-22.645
248.84729490000063,circle_tension,2340,-3.086864538899156,0.7678793155088763,0.010731132262445427,-0.0005448497948444576,-176.86431000751855,43.996243954053156,-0.7667296392924727,-0.04200361194962985,-43.93037235904666,-2.406629689019062,1.6679155149142795,1.5320844850857207,0.35,-107.91413381495389,-99.12586618504614,-22.645
248.95219390000057,circle_tension,2341,-3.0865557144451023,0.7677673702243336,0.007067573767583227,-0.0007833424772526335,-176.84661566969086,43.989829961712466,-0.7666048552050907,-0.04223423678925564,-43.92322275748928,-2.419843518980501,1.6439121479859673,1.5560878520140324,0.35,-106.36111597469208,-100.67888402530791,-22.645
249.06891330000053,circle_tension,2342,-3.08629370506313,0.767704367795914,0.004759665106117524,-0.0006722382443758836,-176.83160363791103,43.98622018846495,-0.7665308570025618,-0.0424316108089489,-43.91898297279282,-2.431152217294457,1.6199162913103433,1.5800837086896569,0.35,-104.80858404777922,-102.2314159522208,-22.645
249.18584660000033,circle_tension,2343,-3.08629370506313,0.767704367795914,0.0024378482628556555,-0.00034431305559093643,-176.83160363791103,43.98622018846495,-0.7665308570025618,-0.0424316108089489,-43.91898297279282,-2.431152217294457,1.59591873924745,1.60408126075255,0.35,-103.25594242931002,-103.78405757069,-22.645
249.29209429999992,circle_tension,2344,-3.08629370506313,0.767704367795914,0.0012657582411495856,-0.00017877121160080495,-176.83160363791103,43.98622018846495,-0.7665308570025618,-0.0424316108089489,-43.91898297279282,-2.431152217294457,1.5719102765868445,1.6280897234131557,0.35,-101.70259489516884,-105.33740510483118,-22.645
249.3966758000006,circle_tension,2345,-3.08629370506313,0.767704367795914,0.000669738160224804,-9.459144603312343e-05,-176.83160363791103,43.98622018846495,-0.7665308570025618,-0.0424316108089489,-43.91898297279282,-2.431152217294457,1.5478816643710132,1.6521183356289866,0.35,-100.14794368480456,-106.89205631519543,-22.645
249.50400210000043,circle_tension,2346,-3.08629370506313,0.767704367795914,0.00035896056914315775,-5.0698319613036674e-05,-176.83160363791103,43.98622018846495,-0.7665308570025618,-0.0424316108089489,-43.91898297279282,-2.431152217294457,1.5238236256292432,1.676176374370757,0.35,-98.59138857821205,-108.44861142178797,-22.645
249.61470510000072,circle_tension,2347,-3.085064039147747,0.7674068798213409,0.005580585091537161,-0.001327822586109142,-176.76114897074848,43.969175383066016,-0.7661810879908528,-0.04335734773113968,-43.89894268461743,-2.4841930358754194,1.4997268309751686,1.7002731690248316,0.35,-97.03232596409342,-110.0076740359066,-22.645
249.72243320000052,circle_tension,2348,-3.035990433020232,0.754870325840511,0.21928093794539794,-0.05094677628126434,-173.94943845415455,43.25088375032652,-0.7506651435852276,-0.07956790207570422,-43.00994455501549,-4.558904973648074,1.4755818840196453,1.7244181159803547,0.35,-95.47014789607105,-111.56985210392895,-22.645
249.82837830000062,circle_tension,2349,-2.9682253478908165,0.7438573010835801,0.42198888029654946,-0.06174916254340035,-170.06678507789428,42.61988391208129,-0.7327065020040213,-0.12831549515307594,-41.98099018662422,-7.351936318402623,1.4513793065507574,1.7486206934492423,0.35,-93.904241133834,-113.13575886616599,-22.645
249.9347312,circle_tension,2350,-2.9283081298095084,0.7519571636885745,0.39816836411866663,0.012360887338279255,-167.77969695193204,43.083971853983314,-0.7349185279034025,-0.15916762662947906,-42.10772993483239,-9.119633240983243,1.4271095234301758,1.7728904765698243,0.35,-92.33398616593239,-114.70601383406765,-22.645
250.04207310000038,circle_tension,2351,-2.8985171682948443,0.7692264598197869,0.33481588682138386,0.08909212475720713,-166.07280058950514,44.073429637463384,-0.7466129952160485,-0.18514421908718312,-42.7777735555007,-10.607982354941052,1.4027628471543299,1.7972371528456703,0.35,-90.75875621088515,-116.28124378911487,-22.645
250.1485843999999,circle_tension,2352,-2.878066479810978,0.7812316206549298,0.2610080762250341,0.10319007376519135,-164.9010624512428,44.761274685692825,-0.7542615218122692,-0.2035003730329943,-43.21600184895771,-11.659712504128445,1.3783294620264042,1.8216705379735956,0.35,-89.17791619310836,-117.86208380689163,-22.645
250.2548127,circle_tension,2353,-2.8597524202903624,0.7866424995938868,0.21656348160569053,0.0811938715238099,-163.85174413496014,45.07129521235129,-0.7556057183556417,-0.21878395863402034,-43.29301863772903,-12.535397454894152,1.3537994078829176,1.8462005921170825,0.35,-87.59082169002477,-119.44917830997525,-22.645
250.36090719999993,circle_tension,2354,-2.826151007229902,0.7868253937258266,0.261554987771627,0.04887823637223192,-161.92652498092,45.081774274209145,-0.7480030014545513,-0.24410184355466163,-42.85741504646377,-13.986005407044809,1.3291625633162238,1.8708374366837761,0.35,-85.9968178465597,-121.04318215344031,-22.645
250.46803739999996,circle_tension,2355,-2.795542925137692,0.7848165372373126,0.2738042692256615,0.022017963245986233,-160.1728110580464,44.96667527576982,-0.7382925497303439,-0.26619749836133677,-42.30104714550115,-15.251993173045244,1.3044086283310645,1.8955913716689352,0.35,-84.39523825301988,-122.64476174698011,-22.645
250.5741177,circle_tension,2356,-2.7939247055681644,0.7842573879600206,0.15164403110523045,0.009345401785341888,-160.080093906387,44.934638382063206,-0.7373351219865353,-0.26720136312334836,-42.246190576592184,-15.309510387110413,1.2795271063698457,1.920472893630154,0.35,-82.78540378212902,-124.25459621787097,-22.645
250.6790088000007,circle_tension,2357,-2.792722117548613,0.7836680192216783,0.0859498103786762,0.002434275227052609,-160.01119068837372,44.90087004077924,-0.7364593909178486,-0.26788641227158216,-42.196014882367955,-15.348760812063242,1.2545072856376205,1.9454927143623797,0.35,-81.16662138075405,-125.87337861924597,-22.645
250.78720909999993,circle_tension,2358,-2.791826694974221,0.7830162274266684,0.04988071531244102,-0.0015656752734522644,-159.95988675398033,44.86352512180392,-0.7356068964515153,-0.2683223924805042,-42.147170547388804,-15.373740637985708,1.2293382196533251,1.970661780346675,0.35,-79.53818281157014,-127.50181718842988,-22.645
250.89729570000054,circle_tension,2359,-2.79078425175151,0.7821923692809415,0.03083072719266407,-0.004410158923641518,-159.90015915693692,44.81632152713629,-0.7345531047194577,-0.26880595028447224,-42.086792728656114,-15.40144645930369,1.2040087069490584,1.9959912930509418,0.35,-77.89936333960408,-129.14063666039593,-22.645
251.00479929999983,circle_tension,2360,-2.79020598660944,0.7816748826433867,0.018603848811026245,-0.004540619427734259,-159.86702700485682,44.78667172684998,-0.7339116745011439,-0.269052552833976,-42.05004148429458,-15.415575744607422,1.1785072698336494,2.0214927301663503,0.35,-76.24942035823712,-130.79057964176286,-22.645
251.11061980000068,circle_tension,2361,-2.7897057707169313,0.7814357106067426,0.011997013412044335,-0.0034363718210505363,-159.83836674537068,44.772968178572725,-0.733552481786893,-0.26933719809145307,-42.02946125773616,-15.431884716519273,1.1528221321309742,2.047177867869026,0.35,-74.58759194887404,-132.45240805112599,-22.645
251.21684710000045,circle_tension,2362,-2.7891212732566477,0.7809242052892551,0.00898376020610548,-0.004093606667578476,-159.80487750776032,44.743661082682195,-0.7329148703777847,-0.2695893306230232,-41.99292881502486,-15.44633084645619,1.1269411957967503,2.0730588042032494,0.35,-72.91309536804975,-134.12690463195025,-22.645
251.3255294999999,circle_tension,2363,-2.789079015933576,0.7808662859827585,0.004947563162383999,-0.002424795673413796,-159.80245634149477,44.74034255086762,-0.7328491198775903,-0.2696003043009198,-41.98916158886285,-15.4469595918854,1.1008520163098692,2.0991479836901306,0.35,-71.22512545524854,-135.81487454475146,-22.645
251.43075640000006,circle_tension,2364,-2.788865101317393,0.7807503203744568,0.0035370312534042077,-0.0017812706359701582,-159.79019993681135,44.73369821094326,-0.7326826056013834,-0.26971700393928527,-41.97962102360752,-15.453645988634445,1.0745417767266614,2.125458223273339,0.35,-69.522852954215,-137.51714704578504,-22.645
251.5372728000002,circle_tension,2365,-2.788914698230085,0.7807162115258809,0.0016642749278028034,-0.0011005350016032236,-159.79304163058546,44.73174391787581,-0.7326639723451239,-0.2696688832008384,-41.978553416665264,-15.450888873414389,1.0479972602767995,2.1520027397232004,0.35,-67.80542273990893,-139.23457726009107,-22.645
251.64433559999998,circle_tension,2366,-2.7886902571977106,0.7806755393445444,0.0018729644333497786,-0.0007624139146285207,-159.78018210668085,44.729413573541635,-0.7325652634310947,-0.2698192590328313,-41.97289781249107,-15.45950477392835,1.0212048213697398,2.1787951786302604,0.35,-66.07195194262216,-140.96804805737784,-22.645
251.75313240000014,circle_tension,2367,-2.7886643266776563,0.7806524137977808,0.0011043893647294666,-0.0005048909813127199,-159.77869639732117,44.72808857731315,-0.7325365664373624,-0.26983026146164807,-41.9712535958655,-15.460135166663942,0.9941503548693685,2.2058496451306313,0.35,-64.32152796004814,-142.71847203995185,-22.645
251.85960680000062,circle_tension,2368,-2.7886643266776563,0.7806524137977808,0.000579357623125746,-0.0002648635057642169,-159.77869639732117,44.72808857731315,-0.7325365664373624,-0.26983026146164807,-41.9712535958655,-15.460135166663942,0.9668192634819327,2.233180736518067,0.35,-62.55320634728105,-144.48679365271894,-22.645
251.96702430000005,circle_tension,2369,-2.7886643266776563,0.7806524137977808,0.0003063900932227127,-0.00014007160859395385,-159.77869639732117,44.72808857731315,-0.7325365664373624,-0.26983026146164807,-41.9712535958655,-15.460135166663942,0.9391964230886094,2.2608035769113908,0.35,-60.766008573833034,-146.273991426167,-22.645
252.0860332000002,circle_tension,2370,-2.7886643266776563,0.7806524137977808,0.00015463833776376056,-7.069563017861769e-05,-159.77869639732117,44.72808857731315,-0.7325365664373624,-0.26983026146164807,-41.9712535958655,-15.460135166663942,0.9112661458387056,2.2887338541612943,0.35,-58.95891963576425,-148.08108036423576,-22.645
252.19612980000056,circle_tension,2371,-2.7886643266776563,0.7806524137977808,8.027516815748066e-05,-3.6699202039130816e-05,-159.77869639732117,44.72808857731315,-0.7325365664373624,-0.26983026146164807,-41.9712535958655,-15.460135166663942,0.8830121408023239,2.3169878591976762,0.35,-57.130885509910364,-149.90911449008965,-22.645
252.30687780000062,circle_tension,2372,-2.7886643266776563,0.7806524137977808,4.236914953069223e-05,-1.9369800332310106e-05,-159.77869639732117,44.72808857731315,-0.7325365664373624,-0.26983026146164807,-41.9712535958655,-15.460135166663942,0.8544174719622701,2.3455825280377303,0.35,-55.28081043595888,-151.75918956404115,-22.645
252.41402749999997,circle_tension,2373,-2.7886643266776563,0.7806524137977808,2.203426180528814e-05,-1.0073349509390191e-05,-159.77869639732117,44.72808857731315,-0.7325365664373624,-0.26983026146164807,-41.9712535958655,-15.460135166663942,0.8254645133041489,2.3745354866958506,0.35,-53.40755401077844,-153.63244598922154,-22.645
252.52144700000008,circle_tension,2374,-2.7886643266776563,0.7806524137977808,1.1635960364719267e-05,-5.319583504408475e-06,-159.77869639732117,44.72808857731315,-0.7325365664373624,-0.26983026146164807,-41.9712535958655,-15.460135166663942,0.7961349007395931,2.403865099260407,0.35,-51.509928077851676,-155.53007192214835,-22.645
252.63351370000055,circle_tension,2375,-2.7886643266776563,0.7806524137977808,6.144198733891476e-06,-2.808928288525078e-06,-159.77869639732117,44.72808857731315,-0.7325365664373624,-0.26983026146164807,-41.9712535958655,-15.460135166663942,0.7664094805713959,2.4335905194286043,0.35,-49.586693392969316,-157.4533066070307,-22.645
252.73994910000056,circle_tension,2376,-2.7886643266776563,0.7806524137977808,3.1775037873712786e-06,-1.4526516250215435e-06,-159.77869639732117,44.72808857731315,-0.7325365664373624,-0.26983026146164807,-41.9712535958655,-15.460135166663942,0.7362682541801056,2.463731745819894,0.35,-47.63655604545283,-159.40344395454716,-22.645
252.8464868000001,circle_tension,2377,-2.7886643266776563,0.7806524137977808,1.6813649796088096e-06,-7.686655102002755e-07,-159.77869639732117,44.72808857731315,-0.7325365664373624,-0.26983026146164807,-41.9712535958655,-15.460135166663942,0.7056903185785358,2.4943096814214645,0.35,-45.65816361203127,-161.38183638796875,-22.645
252.95602490000056,circle_tension,2378,-2.7886643266776563,0.7806524137977808,8.909876526747742e-07,-4.0733064321629017e-07,-159.77869639732117,44.72808857731315,-0.7325365664373624,-0.26983026146164807,-41.9712535958655,-15.460135166663942,0.6746538024438082,2.5253461975561917,0.35,-43.6501010181144,-163.3898989818856,-22.645
253.07118900000023,circle_tension,2379,-2.7883322454292085,0.7798934633819876,0.0014488895105730292,-0.0033070852544012015,-159.75966954332966,44.68460392162851,-0.7317348354509992,-0.26981094272369843,-41.92531779404202,-15.45902828451391,0.6431357971955555,2.5568642028044444,0.35,-41.61088607855244,-165.42911392144757,-22.645
253.17879730000004,circle_tension,2380,-2.7883322454292085,0.7798934633819876,0.000737990885486602,-0.0016844616221356875,-159.75966954332966,44.68460392162851,-0.7317348354509992,-0.26981094272369843,-41.92531779404202,-15.45902828451391,0.6111122826424341,2.5888877173575655,0.35,-39.538964686965485,-167.5010353130345,-22.645
253.28768339999988,circle_tension,2381,-2.754051613475721,0.7669723481037276,0.15382714770991876,-0.0557317701679535,-157.79553401335352,43.9442785495822,-0.710094546025948,-0.28984878550711296,-40.685420542545,-16.607112106550236,0.5787854869659707,2.6,0.35,-37.447421006698306,-168.22000000000003,-22.645
253.39538110000012,circle_tension,2382,-2.59943667817388,0.7373050100213959,0.788789342687173,-0.10897387055336086,-148.93675077086976,42.24446528807685,-0.6315741623158995,-0.3804375839709065,-36.18653395021144,-21.7974679296868,0.5468951241690627,2.6,0.35,-35.38411453373836,-168.22000000000003,-22.645
253.50190999999995,circle_tension,2383,-2.408987885909019,0.7055374183997326,1.3124355445085165,-0.07944264308210991,-138.02483876072947,40.42431636286039,-0.5245210948713556,-0.4718693355126117,-30.052845001709724,-27.036121406515264,0.5154795362833982,2.6,0.35,-33.35152599753586,-168.22000000000003,-22.645
253.6089004000005,circle_tension,2384,-2.2356339136249126,0.6763979242555596,1.5183939337245322,-0.03877474278932419,-128.09238778702232,38.754746331253095,-0.41729106353970535,-0.5323366606078631,-23.909016769350583,-30.50064393291866,0.48451604171410617,2.6,0.35,-31.34818789890267,-168.22000000000003,-22.645
253.71718000000055,circle_tension,2385,-2.0319517527643596,0.6419348712069675,1.77416958604331,-0.00047631359497846154,-116.42225960760791,36.78015884243331,-0.2856501899940931,-0.5748776807529097,-16.366550303771632,-32.93806484341084,0.45398295086459817,2.6,0.35,-29.372696920939504,-168.22000000000003,-22.645
253.82428299999992,circle_tension,2386,-1.816074459220849,0.6453926364898711,1.8378093028857314,0.20822351469273975,-104.05340179485799,36.978274199690546,-0.15671820402695996,-0.6260759217234848,-8.979291663614948,-35.871507969518575,0.42385950041902,2.6,0.35,-27.423709677110594,-168.22000000000003,-22.645
253.9319499000003,circle_tension,2387,-1.6097186712693268,0.6910303302706404,1.697796970602281,0.49737650756897067,-92.2300860671392,39.59312144003907,-0.026889729929097026,-0.6905069585299562,-1.540668037183874,-39.56313444818145,0.39412579221823757,2.6,0.35,-25.49993875651997,-168.22000000000003,-22.645
254.0428066000004,circle_tension,2388,-1.4315719310856476,0.7527472310676673,1.4611896821562036,0.6866458885899893,-82.02302972060075,43.129239380336294,0.10446253987835245,-0.7454635951152838,5.985262652246652,-42.71191778075497,0.364762736332525,2.6,0.35,-23.600149040714367,-168.22000000000003,-22.645
254.14957910000066,circle_tension,2389,-1.343626145637837,0.7659088886093505,1.0765997776389957,0.4753770554003155,-76.98410738847815,43.88334680887127,0.17249900698167758,-0.7462308746233605,9.883465070247848,-42.75587965827464,0.35,2.6,0.35,-22.645,-168.22000000000003,-22.645
254.2570140000007,circle_tension,2390,-1.2703303129347299,0.7572846663121185,0.8777673191513297,0.25411497110008197,-72.78456551869316,43.389215269657264,0.22413003994494726,-0.723357305227322,12.841705350944032,-41.44532066948203,0.35,2.6,0.35,-22.645,-168.22000000000003,-22.645
254.36497539999982,circle_tension,2391,-1.2307541500826855,0.7569996941435113,0.6274189627900242,0.148599782615249,-70.51701841794858,43.37288756711738,0.25247972656990253,-0.7136543453273138,14.466022745072449,-40.88938201842688,0.35,2.6,0.35,-22.645,-168.22000000000003,-22.645
254.47126180000032,circle_tension,2392,-1.2039933390335689,0.7517379057973039,0.4490926376092113,0.0631625820546239,-68.98373688848713,43.07140930218858,0.2695979655639044,-0.7017312989858155,15.446825592125029,-40.20624178412014,0.35,2.6,0.35,-22.645,-168.22000000000003,-22.645
254.57912570000008,circle_tension,2393,-1.1992152586010147,0.7486152016486014,0.2605826263995144,0.020623837043424454,-68.70997304552775,42.89249153379993,0.27181398424203446,-0.6975255393961193,15.573794109704039,-39.96526950998387,0.35,2.6,0.35,-22.645,-168.22000000000003,-22.645
254.6861671000006,circle_tension,2394,-1.199223595978808,0.7483929247388255,0.13704843770302103,0.009871363041255611,-68.7104507420875,42.879756004986554,0.2717274641128215,-0.697320697416869,15.56883687145721,-39.95353292910572,0.35,2.6,0.35,-22.645,-168.22000000000003,-22.645
254.7968008000007,circle_tension,2395,-1.1991604764039996,0.7479662036822418,0.07276505933148504,0.0033418243767950376,-68.70683425684632,42.855306689414945,0.2716165186321888,-0.6969059539543012,15.562480163660904,-39.929769879119945,0.35,2.6,0.35,-22.645,-168.22000000000003,-22.645
254.90264970000044,circle_tension,2396,-1.1990950434971013,0.747829428813549,0.03817511331844312,0.0011483277284850399,-68.70308522743977,42.847470066695394,0.27161244185569744,-0.6967607451835847,15.562246581573932,-39.921450029409606,0.35,2.6,0.35,-22.645,-168.22000000000003,-22.645
255.00941870000042,circle_tension,2397,-1.1989275631221799,0.7476896866677208,0.021001676066783104,-6.007632740821756e-06,-68.69348930880551,42.83946343151934,0.2716783554959499,-0.6965850548958762,15.566023154972742,-39.91138371742247,0.35,2.6,0.35,-22.645,-168.22000000000003,-22.645
255.11662690000048,circle_tension,2398,-1.1987244362388787,0.7476550483381718,0.012010326026790738,-0.00015417690590010307,-68.6818509956867,42.8374788014268,0.2718072524035896,-0.6964975871073533,15.573408403772785,-39.906372182296764,0.35,2.6,0.35,-22.645,-168.22000000000003,-22.645
255.2262569000004,circle_tension,2399,-1.1981525193773785,0.747600901017764,0.008880992540753292,-0.00031720420278376376,-68.64908257329037,42.834376388495485,0.27218583273789415,-0.6962915909727416,15.595099459135087,-39.89456947318751,0.35,2.6,0.35,-22.645,-168.22000000000003,-22.645
