time_s,segment,k,phi_rad,theta_rad,phi_dot_rad_s,theta_dot_rad_s,phi_deg,theta_deg,bx_rad,by_rad,bx_deg,by_deg,T1_N,T2_N,T3_N,I1_mA,I2_mA,I3_mA
0.245000799999616,sine,0,0.5446726860416072,0.38344455839643465,-0.21253065122549347,-0.059049267473203666,31.20744612623824,21.96975487337334,0.3279589537934673,0.19867726087937485,18.790663905891655,11.383368533607797,0.5999999999999996,1.6760365642021648,0.35,-38.81999999999998,-108.43956570388006,-22.645
0.3490846999993664,sine,1,0.2022249165894947,0.3402685840136475,-1.1302760809270922,-0.06659493540991088,11.586634232963153,19.495953764874677,0.33333463495093074,0.06834274218073506,19.09866774822231,3.915750687306827,0.6708084221158581,1.6402584381168985,0.35,-43.40130491089602,-106.12472094616334,-22.645
0.4530045000001337,sine,2,-0.059921135765509614,0.2951700342789779,-2.041155642899468,-0.1306235326906718,-3.4332281829941103,16.91199720291727,0.2946402825373616,-0.017676341322703862,16.88164466393295,-1.0127797550236264,0.7415512821751258,1.6037660143677264,0.35,-47.978367956730644,-103.7636611295919,-22.645
0.5564724999994723,sine,3,-0.34013151304585065,0.2667713818234448,-2.5997151125904425,-0.053337804509260116,-19.488100176926142,15.28487427335639,0.2514882626351475,-0.08899788714764656,14.40921604607155,-5.099203319141741,0.8121631161313345,1.566594277483437,0.35,-52.54695361369735,-101.35864975317837,-22.645
0.6614082999994935,sine,4,-0.6588881289922703,0.23532408928549783,-3.1312126639269837,0.008924595987506102,-37.75150896252847,13.483077133818782,0.1860645095181157,-0.1440743741816427,10.660711112559765,-8.254853576596721,0.8825786557828654,1.52877961047104,0.35,-57.1028390291514,-98.9120407974763,-22.645
0.765107000000171,sine,5,-1.0513978588055908,0.23394491208975104,-3.2552363825968182,0.22818806057324245,-60.24065989865199,13.404056101301803,0.11612043498299654,-0.20309176859745207,6.653210839748981,-11.63630119448155,0.9527329262572105,1.490359738180134,0.35,-61.641820328841526,-96.42627506025467,-22.645
0.8695620999997118,sine,6,-1.2868062609985007,0.2431046869935568,-2.5157605754103756,0.2836275791714689,-73.72856780622396,13.928872544579722,0.06811504349741335,-0.233367156402911,3.902704513751807,-13.370953138856187,1.0225613429703682,1.4513736677944487,0.35,-66.15971889018282,-93.90387630630083,-22.645
0.9739451999994344,sine,7,-1.3294222047942101,0.25563057402120476,-1.4341405465071366,0.22236812043845083,-76.17028152568484,14.646553005921618,0.061105200920004724,-0.2482199524513219,3.5010701190151856,-14.221955666398717,1.0919998078879538,1.4118616265593569,0.35,-70.65238757035061,-91.34744723839039,-22.645
1.0774407999997493,sine,8,-1.3403549445485001,0.25890937286049254,-0.8011520319307089,0.13588322045991158,-76.79668137212055,14.8344143412852,0.059136780540424635,-0.2520652783354487,3.388287938957707,-14.442276610411593,1.1609848049159424,1.3718649968597374,0.35,-75.11571687806148,-88.75966529682502,-22.645
1.1816629999993893,sine,9,-1.3320157946457536,0.2589656345354266,-0.3947681092452538,0.07225989695225567,-76.31888327796624,14.837637897807259,0.06125001699821719,-0.2516180345047911,3.509367469102396,-14.41665142650165,1.2294534942505773,1.3314262487679152,0.35,-79.54564107801235,-86.14327829528412,-22.645
1.2918541999997615,sine,10,-1.340652347649002,0.2572941321569473,-0.2503596611120228,0.0317637827924331,-76.81372131459341,14.741867866074317,0.05869334792244316,-0.2505102020917545,3.362881121448932,-14.353177304826861,1.2973438055189783,1.290588870186549,0.35,-83.9381442170779,-83.50109990106974,-22.645
1.3951239999996687,sine,11,-1.3958931062856124,0.25594262207988355,-0.3685627587106542,0.014221555686141665,-79.97878364157204,14.664432042689164,0.04453730137946207,-0.2520378038766428,2.551799399945356,-14.440702439877612,1.3645945295442292,1.2493972947162266,0.35,-88.28926606151164,-80.83600496813986,-22.645
1.5021139000000403,sine,12,-1.517451347476501,0.25638979149820124,-0.733796834639717,0.024162795267887026,-86.94355782684327,14.690052963086087,0.013670622253441704,-0.2560250754744441,0.7832689584398325,-14.66915627420401,1.4311454085713557,1.2078968273821653,0.35,-92.59510793456673,-78.1509247316261,-22.645
1.6073538999999073,sine,13,-1.5310603680055814,0.25742217700841014,-0.4459292037911354,0.018802407518889567,-87.72329726646647,14.749204295651516,0.010226225410913562,-0.2572189758349769,0.5859195563947831,-14.737561726021685,1.4969372247934878,1.1661335683588177,0.35,-96.85183844413866,-75.4488418728155,-22.645
1.7115914999994857,sine,14,-1.5348410247207809,0.25925295841989715,-0.2522165928963597,0.01837015375731165,-87.9399129400352,14.854100343740727,0.009319510112161138,-0.2590853974672024,0.5339685965563257,-14.844499808340125,1.5619118870207176,1.124154334835286,0.35,-101.05569909024044,-72.73278546384302,-22.645
1.815142299999934,sine,15,-1.5382961621960027,0.258886706790841,-0.15043679077133668,0.008323759467864615,-88.1378777350029,14.833115671156019,0.008412379456349465,-0.25874999289833667,0.4819938385113823,-14.825282542114715,1.62601251533767,1.082006581168311,0.35,-105.20300974234726,-70.00582580158972,-22.645
1.9192763000000923,sine,16,-1.5936862007881893,0.26026988836819026,-0.325538277572663,0.013580231045193904,-91.31149317340194,14.91236613783838,-0.005957024723654876,-0.2602017076185934,-0.3413123751205099,-14.90845966864244,1.6891835235996013,1.0397383174731554,0.35,-109.29017397689421,-67.27106914051315,-22.645
2.0242254999993747,sine,17,-1.6833733651303004,0.26732373527749714,-0.5565148456350899,0.047517745263914925,-96.45018916670112,15.316521795073063,-0.03003098707637876,-0.2656315479342236,-1.7206488140884222,-15.219566602158034,1.7513706996209106,0.9973980268059922,0.35,-113.31368426547293,-64.5316523343477,-22.645
2.1328653000000486,sine,18,-1.70963661900074,0.2762125043462478,-0.39739224403006945,0.0672802068172175,-97.95496276975793,15.825810747778906,-0.0382263355868723,-0.2735545554817645,-2.1902076953785277,-15.673521495682424,1.8125212829143158,0.9550345810943678,0.35,-117.27012700455624,-61.790737396805596,-22.645
2.236750399999437,sine,19,-1.7264787031534647,0.28490379990461656,-0.27131102554971054,0.07440889953259311,-98.91994310991322,16.323785301774237,-0.04417554758244183,-0.28145816064893414,-2.531072434153264,-16.126364714699033,1.8725840398435545,0.912697155975021,0.35,-121.15618737787798,-59.05150599158386,-22.645
2.3398793999995178,sine,20,-1.7890938075898022,0.29973833956168505,-0.39607270870669936,0.11137136412215097,-102.50752432788623,17.173741815143707,-0.0649136798054336,-0.29262482187489436,-3.719279885514948,-16.766167274198935,1.9315093360573585,0.8704351447006751,0.35,-124.9686540429111,-56.31715386213368,-22.645
2.443500800000038,sine,21,-1.910671676214751,0.32996111242618875,-0.6623458508521679,0.21209518400926114,-109.4734230822918,18.905379145462277,-0.10999899569538009,-0.31108609203809756,-6.302478204022989,-17.823920139001274,1.9892492060775702,0.8282980712795222,0.35,-128.7044236332188,-53.590885211785086,-22.645
2.5486885000000257,sine,22,-1.9931563217754689,0.36178270036284155,-0.6334170141451266,0.27051069764534685,-114.19944514755343,20.728621831636897,-0.14829986650032573,-0.3299907148357589,-8.496956452822205,-18.907075238594068,2.04575741991964,0.786335503012827,0.35,-132.3605050688007,-50.8759070449299,-22.645
2.6534443000000465,sine,23,-2.003464977581619,0.38350955809268267,-0.35816022599242764,0.24227623961424818,-114.79008761769886,21.973479081637983,-0.16080365063031773,-0.3481691644767058,-9.213370511413407,-19.94862368111143,2.1009895466293336,0.7445969625975429,0.35,-135.93402366691788,-48.17542348006103,-22.645
2.7602084999998624,sine,24,-2.0103890687741193,0.4022113937959287,-0.2094095848658425,0.21303988982041475,-115.18680881999283,23.045015336581056,-0.17116948993856218,-0.3639711678326129,-9.807289354886622,-20.85401178125647,2.154903014625291,0.7031318399618961,0.35,-139.42222504625636,-45.49263004553468,-22.645
2.864599800000178,sine,25,-2.0158811623974695,0.4087691042324774,-0.13111190812486648,0.1416654621546792,-115.50148260530152,23.420744467864193,-0.17598918239623515,-0.36894442434400154,-10.083437391262319,-21.138958389794993,2.2074571687431064,0.6619893040027209,0.35,-142.82247881767898,-42.83070796897605,-22.645
2.9700982999993357,sine,26,-2.0732891345061804,0.4251836906805506,-0.30324938876539925,0.1536084434358458,-118.7907171175354,24.361230993791423,-0.20477343639036055,-0.37262449002932846,-11.732653661558286,-21.349810621895145,2.258613323882784,0.6212182143937454,0.35,-146.13228205521614,-40.192818471275324,-22.645
3.0768413999994664,sine,27,-2.1534367771587943,0.45375290299604876,-0.4644531937460151,0.2175924223372649,-123.38283877945287,25.99812628348264,-0.24966876016793038,-0.3788894392478498,-14.30496623388637,-21.7087657709802,2.3083348151678647,0.5808670336341777,0.35,-149.34926254136084,-37.5820970761313,-22.645
3.180788699999539,sine,28,-2.1822829537476642,0.4724626977537023,-0.3547560624902995,0.20377024118591394,-125.0356029530842,27.070118558652183,-0.27123390727305585,-0.3868503177122873,-15.540558147588824,-22.16489050820906,2.3565870445310355,0.5409837395067325,0.35,-152.471181781158,-35.0016479460856,-22.645
3.2840409000000363,sine,29,-2.178770585482368,0.48202428686374216,-0.17178040293522637,0.15161341343721893,-124.83435907538704,27.617957260095714,-0.2753351122460124,-0.3956488204089264,-15.7755398834573,-22.669007578760954,2.4033375236478,0.5016157381137191,0.35,-155.49593778001267,-32.45453825595762,-22.645
3.3905384999998205,sine,30,-2.177631728546078,0.49449839920802585,-0.0851248501247789,0.13716641179040495,-124.76910737946842,28.33267125059521,-0.28199796765336094,-0.4062090755493704,-16.15729337780429,-23.274065628889726,2.4485559131466323,0.4628097776589468,0.35,-158.42156758058712,-29.943792614533862,-22.645
3.495050900000024,sine,31,-2.1778042097512516,0.49946722635600044,-0.045450308438504144,0.09476001838884597,-124.7789898245702,28.61736407530418,-0.2849023075902949,-0.4102416182367181,-16.323699798461895,-23.505113305581094,2.492214058031058,0.4246118631420427,0.35,-161.24624955460945,-27.472387545290164,-22.645
3.598620199999459,sine,32,-2.1973513501963495,0.49744189228144564,-0.10976417129511913,0.04226196647879684,-125.89895847362378,28.501320980728156,-0.29167884984149967,-0.40295394867364837,-16.711967069148013,-23.087560597131247,2.534286019256197,0.3870671721302539,0.35,-163.96830544587596,-25.043246036827426,-22.645
3.7022994999997536,sine,33,-2.265378519771067,0.4949164419903433,-0.36162084673367473,0.018477101811276937,-129.79662818247587,28.356623337677906,-0.31677843776621345,-0.38025479079004126,-18.150067524751638,-21.78699465189945,2.5747481014095754,0.3502199717710076,0.35,-166.58620216119954,-22.659232173584194,-22.645
3.805469699999776,sine,34,-2.4187790114897365,0.5265414692472404,-0.8196422168049912,0.19188662178946275,-138.58582893318714,30.168603926484305,-0.39487844968965585,-0.3483057978382452,-22.624868587886294,-19.956452196068323,2.613578876453287,0.35,0.35,-169.09855330652766,-22.645,-22.645
3.9084932999994635,sine,35,-2.601730059993847,0.590203529196039,-1.0806203032887254,0.4676712444167832,-149.0681518699659,33.8161712766593,-0.5062643812533492,-0.3033753156564048,-29.00681236361894,-17.38212519556112,2.650759203491993,0.35,0.35,-171.50412046593195,-22.645,-22.645
4.013218000000052,sine,36,-2.7455588912677715,0.646925911678764,-1.057414392105707,0.5809012607513482,-157.308936874261,37.066124396846234,-0.5968527276060426,-0.24955952546562352,-34.1971422826976,-14.298707546467819,2.6862722445387286,0.35,0.35,-173.80181422165575,-22.645,-22.645
4.1199422999998205,sine,37,-2.8697837472627303,0.687624518504905,-0.9875141011487476,0.5549720332456285,-164.42649683339258,39.397982800046435,-0.6623796410438041,-0.18460955982771765,-37.951557867200414,-10.57734863589609,2.7201034762579477,0.35,0.35,-175.99069491388923,-22.645,-22.645
4.223168599999553,sine,38,-2.9279262368256678,0.6968950518264043,-0.7446298505773756,0.36080798973852723,-167.75781609573232,39.92914523320374,-0.6810476875668927,-0.1477726649956441,-39.02115814472726,-8.466750031651003,2.7522406976728213,0.35,0.35,-178.06997313943154,-22.645,-22.645
4.326579200000197,sine,39,-2.9634304595796817,0.7078622904259535,-0.5407266461372465,0.2548655949541708,-169.79205821442966,40.55752171787088,-0.6966575755666929,-0.12544817500710984,-39.91553884578772,-7.18765097552593,2.7826740338313325,0.35,0.35,-180.03900998888722,-22.645,-22.645
4.431477699999959,sine,40,-2.9822359838281454,0.7511457654325308,-0.3492599578589784,0.33476156493014253,-170.86953538539757,43.037482158407734,-0.741628428066582,-0.11919410895976806,-42.49217889513672,-6.829319386217181,2.8113959354332905,0.35,0.35,-181.8973170225339,-22.645,-22.645
4.5365045999997164,sine,41,-2.98819934150031,0.795874399598721,-0.1993138072781233,0.37791527392594854,-171.21121061173955,45.60024411951509,-0.7865294780233967,-0.12160361892997967,-45.06481955336827,-6.967374138204999,2.8384011744279483,0.35,0.35,-183.64455598548827,-22.645,-22.645
4.641584999999395,sine,42,-2.9908558208969613,0.8024699591332587,-0.11672609279379248,0.23161519761246177,-171.36341566953112,45.97814184437137,-0.7933705104274498,-0.12050422604797567,-45.45678183763274,-6.904383566039446,2.8636868355994243,0.35,0.35,-185.28053826328275,-22.645,-22.645
4.74993859999995,sine,43,-2.9911340712804746,0.802940187466276,-0.06327481886606658,0.12536304167690349,-171.37935824215432,46.005083943260736,-0.7938689259636852,-0.1203539489906479,-45.48533894430278,-6.895773324896918,2.8872523041646416,0.35,0.35,-186.80522407945233,-22.645,-22.645
4.855597099999613,sine,44,-2.9917592981476457,0.8035622748210594,-0.0359008734506419,0.06860288024770156,-171.41518110288143,46.040726923178276,-0.7945591367838495,-0.11995043838560839,-45.52488511127246,-6.872653870239384,2.909099249415924,0.35,0.35,-188.2187214372103,-22.645,-22.645
4.961632200000167,sine,45,-2.992558738688186,0.80443866657956,-0.022556586586905843,0.040349100978946006,-171.46098567182605,46.09094047214042,-0.7955214530574999,-0.11944532646187705,-45.58002177230938,-6.843713088827845,2.929231604447781,0.35,0.35,-189.52128480777142,-22.645,-22.645
5.06688209999993,sine,46,-2.9930489600739096,0.8050612929870128,-0.014124200704133377,0.024188061989159314,-171.48907328825507,46.126614337500854,-0.7961956819518846,-0.1191474779720258,-45.6186522423834,-6.8266476274250225,2.9476555420146906,0.35,0.35,-190.7133135683505,-22.645,-22.645
5.170967399999427,sine,47,-2.993427697539582,0.805352323175848,-0.009211003532247169,0.014202821500912835,-171.51077334658157,46.14328913903201,-0.7965285920175668,-0.11888888317773108,-45.637726584104406,-6.811831237107882,2.9643794465739153,0.35,0.35,-191.79535019333233,-22.645,-22.645
5.278121399999691,sine,48,-2.9935120580995562,0.805671909395437,-0.0052915700654469055,0.009007465660410777,-171.51560685062546,46.161600080605,-0.7968547074123067,-0.11886883890968349,-45.65641161985725,-6.8106827851453255,2.9794138825744425,0.35,0.35,-192.76807820256644,-22.645,-22.645
5.381860399999823,sine,49,-2.9938151154480583,0.8058717296738117,-0.004132738008460969,0.005647130636458159,-171.53297075764505,46.173048939217,-0.79708833728229,-0.11865676236951389,-45.66979762537549,-6.7985316944598715,2.9927715590601527,0.35,0.35,-193.6323198711919,-22.645,-22.645
5.485397800000101,sine,50,-2.9939435366229867,0.8061243587163289,-0.0027909713073240505,0.00416084593574526,-171.54032874896856,46.187523517135666,-0.7973534491021496,-0.11859156344663929,-45.68498741375247,-6.794796071350358,3.0044672906621175,0.35,0.35,-194.389033705839,-22.645,-22.645
5.59059889999935,sine,51,-2.994185985220237,0.8063651291089564,-0.0025824458734188833,0.0033124517062578834,-171.55422003033985,46.201318644464926,-0.7976203373341246,-0.1184336055091681,-45.70027898304635,-6.785745748192667,3.014517955061648,0.35,0.35,-195.03931169248864,-22.645,-22.645
5.69591279999986,sine,52,-2.9943459292386345,0.8066108461872247,-0.0020866637580014015,0.0028582326960335585,-171.5633841475524,46.215397196003984,-0.7978823279966787,-0.11834207982569464,-45.71528994228253,-6.780501712812588,3.022942447012211,0.35,0.35,-195.58437632169006,-22.645,-22.645
5.801773499999399,sine,53,-2.9944455755681694,0.8067526616598236,-0.0015514319727989402,0.0021494326142474365,-171.56909346167873,46.22352262405356,-0.7980343993172261,-0.11828336570120067,-45.72400298713488,-6.777137641281278,3.0297616290147045,0.35,0.35,-196.0255773972514,-22.645,-22.645
5.907412300000033,sine,54,-2.9944455755681694,0.8067526616598236,-0.0008234518322181994,0.001140851971252358,-171.56909346167873,46.22352262405356,-0.7980343993172261,-0.11828336570120067,-45.72400298713488,-6.777137641281278,3.0349982787467495,0.35,0.35,-196.36438863491472,-22.645,-22.645
6.011221400000068,sine,55,-2.9944455755681694,0.8067526616598236,-0.0004384248962262443,0.0006074161080660312,-171.56909346167873,46.22352262405356,-0.7980343993172261,-0.11828336570120067,-45.72400298713488,-6.777137641281278,3.038677033352605,0.35,0.35,-196.60240405791356,-22.645,-22.645
6.116799899999933,sine,56,-2.9944455755681694,0.8067526616598236,-0.0002351450960010582,0.0003257819532448947,-171.56909346167873,46.22352262405356,-0.7980343993172261,-0.11828336570120067,-45.72400298713488,-6.777137641281278,3.0408243307061036,0.35,0.35,-196.7413341966849,-22.645,-22.645
6.2219170999997,sine,57,-2.9944455755681694,0.8067526616598236,-0.00012509148439911983,0.00017330809281119403,-171.56909346167873,46.22352262405356,-0.7980343993172261,-0.11828336570120067,-45.72400298713488,-6.777137641281278,3.0414683477645235,0.35,0.35,-196.78300210036468,-22.645,-22.645
6.325853199999983,sine,58,-2.9944455755681694,0.8067526616598236,-6.659018002099041e-05,9.225741588108556e-05,-171.56909346167873,46.22352262405356,-0.7980343993172261,-0.11828336570120067,-45.72400298713488,-6.777137641281278,3.0406389361366326,0.35,0.35,-196.72933916804013,-22.645,-22.645
6.433931900000061,sine,59,-2.9944455755681694,0.8067526616598236,-3.576531060035535e-05,4.9551076947578226e-05,-171.56909346167873,46.22352262405356,-0.7980343993172261,-0.11828336570120067,-45.72400298713488,-6.777137641281278,3.03836755499322,0.35,0.35,-196.58238080806134,-22.645,-22.645
6.539543599999888,sine,60,-2.9944455755681694,0.8067526616598236,-1.878736887652744e-05,2.60289745906498e-05,-171.56909346167873,46.22352262405356,-0.7980343993172261,-0.11828336570120067,-45.72400298713488,-6.777137641281278,3.034687201453233,0.35,0.35,-196.3442619340242,-22.645,-22.645
6.644535299999916,sine,61,-2.9944455755681694,0.8067526616598236,-1.000287183667106e-05,1.3858486442746737e-05,-171.56909346167873,46.22352262405356,-0.7980343993172261,-0.11828336570120067,-45.72400298713488,-6.777137641281278,3.029632338583213,0.35,0.35,-196.01721230633387,-22.645,-22.645
6.749702899999647,sine,62,-2.9944455755681694,0.8067526616598236,-5.33370815754169e-06,7.389590049517086e-06,-171.56909346167873,46.22352262405356,-0.7980343993172261,-0.11828336570120067,-45.72400298713488,-6.777137641281278,3.0232388211520247,0.35,0.35,-195.60355172853602,-22.645,-22.645
6.854860999999801,sine,63,-2.9944455755681694,0.8067526616598236,-2.8459990462250703e-06,3.942991557043308e-06,-171.56909346167873,46.22352262405356,-0.7980343993172261,-0.11828336570120067,-45.72400298713488,-6.777137641281278,3.015543819286869,0.35,0.35,-195.10568510786044,-22.645,-22.645
6.959285299999465,sine,64,-2.9944455755681694,0.8067526616598236,-1.5143320435167468e-06,2.0980324888255304e-06,-171.56909346167873,46.22352262405356,-0.7980343993172261,-0.11828336570120067,-45.72400298713488,-6.777137641281278,3.0065857401803306,0.35,0.35,-194.5260973896674,-22.645,-22.645
7.063950199999454,sine,65,-2.9944455755681694,0.8067526616598236,-8.098321028461645e-07,1.1219825067687424e-06,-171.56909346167873,46.22352262405356,-0.7980343993172261,-0.11828336570120067,-45.72400298713488,-6.777137641281278,2.9964041480016426,0.35,0.35,-193.86734837570629,-22.645,-22.645
7.168382699999711,sine,66,-2.994703909695565,0.8067925588507626,-0.0011494405170005579,0.0001781806468422631,-171.58389491688268,46.22580856470879,-0.7981043968652716,-0.118083041632922,-45.72801355121415,-6.76565991763402,2.985039682168498,0.35,0.35,-193.13206743630184,-22.645,-22.645
7.273292699999729,sine,67,-2.9948636509178326,0.8070383232854437,-0.0013270271358681203,0.0011914387482984889,-171.5930474147329,46.23988982957043,-0.7983663730091913,-0.11799148147018525,-45.743023678593865,-6.760413906737672,2.9725339741386008,0.35,0.35,-192.32294812676747,-22.645,-22.645
7.378254899999774,sine,68,-2.994667945586275,0.8072290938270685,0.00016206429938789505,0.0014851199971704298,-171.58183432520642,46.25082017646096,-0.798531981331999,-0.11817565193753862,-45.752512336542985,-6.770966097227973,2.9589295628826524,0.35,0.35,-191.44274271850762,-22.645,-22.645
7.482202600000164,sine,69,-2.994529456730108,0.8074001374928594,0.00070006241469766,0.0015487771114510033,-171.57389949823846,46.26062025662323,-0.7986848050299616,-0.11831130224006661,-45.761268489445825,-6.7787382870525,2.9442698092027464,0.35,0.35,-190.4942566554177,-22.645,-22.645
7.586016700000073,sine,70,-2.9946891845165635,0.8076458734430861,-0.00033829657294894797,0.0019297382750781485,-171.58305122627334,46.274699889445856,-0.7989467815910175,-0.1182196983374622,-45.77627864072568,-6.773489770046338,2.928598809061988,0.35,0.35,-189.48034294631063,-22.645,-22.645
7.691563999999744,sine,71,-2.9948135937681952,0.8079790902044065,-0.0007362186948474207,0.0025215905328908584,-171.5901793513242,46.29379180353253,-0.7992911168068545,-0.11816903486612591,-45.79600759533086,-6.770586966963288,2.91196130609281,0.35,0.35,-188.40389650420482,-22.645,-22.645
7.796665199999552,sine,72,-2.995070270284269,0.8083674481366245,-0.0015310615438118421,0.0030686596596116527,-171.60488583239535,46.31604307398905,-0.7997056182869497,-0.11802057145771615,-45.819756780742246,-6.762080640249281,2.8944026034526615,0.35,0.35,-187.2678484433872,-22.645,-22.645
7.902207299999645,sine,73,-2.9951446838421854,0.8086406800348045,-0.0011459414485755519,0.00284901936837551,-171.60914941520252,46.33169810858311,-0.7999847055311915,-0.118000933569713,-45.83574730195323,-6.76095547214815,2.875968475196733,0.35,0.35,-186.07516034522862,-22.645,-22.645
8.005852599999344,sine,74,-2.9954441483010563,0.8088416221580698,-0.0019361212116751402,0.0024067020953572344,-171.62630746481,46.34321124417261,-0.8002188066856526,-0.1177906242529003,-45.849160310083,-6.748905635902503,2.856705077337952,0.35,0.35,-184.8288185037655,-22.645,-22.645
8.109346499999447,sine,75,-2.9955651764256435,0.8090512094098717,-0.001579116914652168,0.0022282035560276248,-171.6332418655512,46.355219709140606,-0.8004404134013449,-0.11772427125049606,-45.861857439603924,-6.745103888906718,2.8366588587648063,0.35,0.35,-183.53182816208297,-22.645,-22.645
8.21287729999949,sine,76,-2.9955261234867754,0.8093640402280923,-0.0006728915844375607,0.0025959383538841562,-171.6310042969765,46.373143594726265,-0.8007453148693551,-0.11780106251268863,-45.879327006888246,-6.749503704133835,2.8158764721874765,0.35,0.35,-182.18720775052975,-22.645,-22.645
8.321967400000176,sine,77,-2.9957686017583995,0.8094599956275091,-0.0014453187066176736,0.0018229341539304712,-171.64489727856417,46.378641434134344,-0.8008687925037624,-0.11762083877805243,-45.88640175420405,-6.739177644771096,2.794404685282401,0.35,0.35,-180.79798313777135,-22.645,-22.645
8.425863099999333,sine,78,-2.995685318906184,0.8096098549773448,-0.00039353919435002207,0.0016088910146728227,-171.64012552262642,46.387227742400505,-0.8010072609310811,-0.11770932508567195,-45.89433541068522,-6.74424753674239,2.772290292204694,0.35,0.35,-179.36718190564372,-22.645,-22.645
8.531282099999771,sine,79,-2.995685318906184,0.8096098549773448,-0.00021095651039751198,0.0008624453140578826,-171.64012552262642,46.387227742400505,-0.8010072609310811,-0.11770932508567195,-45.89433541068522,-6.74424753674239,2.7495800256368113,0.35,0.35,-177.8978276587017,-22.645,-22.645
8.634567699999934,sine,80,-2.995685318906184,0.8096098549773448,-0.00011236631000199745,0.0004593828241498113,-171.64012552262642,46.387227742400505,-0.8010072609310811,-0.11770932508567195,-45.89433541068522,-6.74424753674239,2.7263204695405094,0.35,0.35,-176.39293437927097,-22.645,-22.645
8.739881800000148,sine,81,-2.995685318906184,0.8096098549773448,-6.0349455068466336e-05,0.00024672433494311055,-171.64012552262642,46.387227742400505,-0.8010072609310811,-0.11770932508567195,-45.89433541068522,-6.74424753674239,2.702557972777473,0.35,0.35,-174.8555008387025,-22.645,-22.645
8.843618500000048,sine,82,-2.995685318906184,0.8096098549773448,-3.212063580191665e-05,0.000131317548719983,-171.64012552262642,46.387227742400505,-0.8010072609310811,-0.11770932508567195,-45.89433541068522,-6.74424753674239,2.6783385637619954,0.35,0.35,-173.2885050754011,-22.645,-22.645
8.94706479999968,sine,83,-2.995685318906184,0.8096098549773448,-1.724861062128425e-05,7.05168253698563e-05,-171.64012552262642,46.387227742400505,-0.8010072609310811,-0.11770932508567195,-45.89433541068522,-6.74424753674239,2.653707866306797,0.35,0.35,-171.69489895004975,-22.645,-22.645
9.0511534999996,sine,84,-2.995685318906184,0.8096098549773448,-9.258459646417921e-06,3.7851001243815185e-05,-171.64012552262642,46.387227742400505,-0.8010072609310811,-0.11770932508567195,-45.89433541068522,-6.74424753674239,2.6287110168204646,0.35,0.35,-170.07760278828405,-22.645,-22.645
9.156727099999443,sine,85,-2.995685318906184,0.8096098549773448,-4.954646902910039e-06,2.0255890639137916e-05,-171.64012552262642,46.387227742400505,-0.8010072609310811,-0.11770932508567195,-45.89433541068522,-6.74424753674239,2.603392583012067,0.35,0.35,-168.43950012088075,-22.645,-22.645
9.25989909999953,sine,86,-2.995685318906184,0.8096098549773448,-2.6382735265025863e-06,1.0785951264777636e-05,-171.64012552262642,46.387227742400505,-0.8010072609310811,-0.11770932508567195,-45.89433541068522,-6.74424753674239,2.5777964842553036,0.35,0.35,-166.78343253131814,-22.645,-22.645
9.365658900000199,sine,87,-2.995685318906184,0.8096098549773448,-1.4175546278220453e-06,5.795333568433013e-06,-171.64012552262642,46.387227742400505,-0.8010072609310811,-0.11770932508567195,-45.89433541068522,-6.74424753674239,2.5519659137610327,0.35,0.35,-165.1121946203388,-22.645,-22.645
9.470538300000044,sine,88,-2.995685318906184,0.8096098549773448,-7.518096449733218e-07,3.073594193177406e-06,-171.64012552262642,46.387227742400505,-0.8010072609310811,-0.11770932508567195,-45.89433541068522,-6.74424753674239,2.525943262703244,0.35,0.35,-163.4285290968999,-22.645,-22.645
9.577180599999338,sine,89,-2.995685318906184,0.8096098549773448,-4.021799060490605e-07,1.6442165009586857e-06,-171.64012552262642,46.387227742400505,-0.8010072609310811,-0.11770932508567195,-45.89433541068522,-6.74424753674239,2.4997700464394765,0.35,0.35,-161.73512200463415,-22.645,-22.645
9.683324699999503,sine,90,-2.995685318906184,0.8096098549773448,-2.1268163376888451e-07,8.694980689835706e-07,-171.64012552262642,46.387227742400505,-0.8010072609310811,-0.11770932508567195,-45.89433541068522,-6.74424753674239,2.4734868329623434,0.35,0.35,-160.03459809266363,-22.645,-22.645
9.793974199999866,sine,91,-2.995685318906184,0.8096098549773448,-1.129741406237177e-07,4.618677944901706e-07,-171.64012552262642,46.387227742400505,-0.8010072609310811,-0.11770932508567195,-45.89433541068522,-6.74424753674239,2.447133173714248,0.35,0.35,-158.32951633931185,-22.645,-22.645
9.89823509999951,sine,92,-2.995685318906184,0.8096098549773448,-5.870227399901898e-08,2.399902285053768e-07,-171.64012552262642,46.387227742400505,-0.8010072609310811,-0.11770932508567195,-45.89433541068522,-6.74424753674239,2.4207475368925073,0.35,0.35,-156.62236563694523,-22.645,-22.645
10.003377899999577,sine,93,-2.9958803141459636,0.809543946956502,-0.000871389328887714,-0.000294295875486962,-171.65129792689092,46.38345149097015,-0.8009649888850335,-0.11754356058206632,-45.891913400855316,-6.734749930292706,2.3943672433670438,0.35,0.35,-154.91556064584773,-22.645,-22.645
10.112359499999911,sine,94,-2.995685318906184,0.8096098549773448,0.0004013322402767433,0.00013576645753443832,-171.64012552262642,46.387227742400505,-0.8010072609310811,-0.11770932508567195,-45.89433541068522,-6.74424753674239,2.3680284053274585,0.35,0.35,-153.21143782468658,-22.645,-22.645
10.220560699999623,sine,95,-2.9956995388494296,0.8099029789613221,0.00014798764177479816,0.0013496158161836708,-171.64094026535932,46.40402250955646,-0.8012989446404858,-0.11774054802177343,-45.91104765618683,-6.746036479205012,2.3417658677707833,0.35,0.35,-151.5122516447697,-22.645,-22.645
10.325795599999765,sine,96,-2.995995317769403,0.8098566067085201,-0.0012182721177536595,0.000506688605602962,-171.6578871491427,46.40136557518439,-0.8012878531538045,-0.11749680769112704,-45.91041216081147,-6.73207118696185,2.315613152935449,0.35,0.35,-149.82017099492356,-22.645,-22.645
10.42840939999951,sine,97,-2.99634680620968,0.8099136561352975,-0.0022136872842906177,0.0005246787775975801,-171.6780259533182,46.40463426656238,-0.80138555114187,-0.11722341410949555,-45.916009843194544,-6.7164068885884,2.2896024077810604,0.35,0.35,-148.1372757834346,-22.645,-22.645
10.537866499999836,sine,98,-2.9961258108203266,0.8102349758944256,-0.000200443961114714,0.0017251341236569954,-171.66536385021644,46.42304453263458,-0.8016775518286002,-0.11744709045669259,-45.93274025015911,-6.7292225992596935,2.2637643546074266,0.35,0.35,-146.46555374310051,-22.645,-22.645
10.643829900000128,sine,99,-2.9962640812560513,0.8100641014104427,-0.0007064993899376742,0.00015734961201254374,-171.6732861626149,46.41325414587588,-0.8015247104359353,-0.11731149540645171,-45.9239830834245,-6.721453575158026,2.2381282449000026,0.35,0.35,-144.8068974450302,-22.645,-22.645
10.747071699999651,sine,100,-2.9964198493117333,0.8101864046066825,-0.0010651558559532433,0.000625368085336362,-171.68221101478844,46.420261602841386,-0.8016639907748396,-0.11720433483647617,-45.931963259012875,-6.715313726768212,2.2127218164824005,0.35,0.35,-143.1631015264113,-22.645,-22.645
10.849994499999411,sine,101,-2.9964198493117333,0.8101864046066825,-0.0005730904050730125,0.00033646949161671055,-171.68221101478844,46.420261602841386,-0.8016639907748396,-0.11720433483647617,-45.931963259012875,-6.715313726768212,2.1875712540500185,0.35,0.35,-141.5358601370362,-22.645,-22.645
10.95417499999985,sine,102,-2.99638050373355,0.8104991946566752,-0.00013183833405987252,0.0015828413301003305,-171.67995667921602,46.438183152579654,-0.8019688766885229,-0.11728113813426184,-45.949431935099916,-6.7197142315840175,2.1627011531520672,0.35,0.35,-139.92676460893875,-22.645,-22.645
11.06619049999972,sine,103,-2.9967292994167036,0.8104334058184468,-0.0016268052428966872,0.0005542475768209465,-171.69994119977312,46.434413729810096,-0.8019446353169405,-0.1169919106300375,-45.94804300681864,-6.70314271627286,2.1381344876823847,0.35,0.35,-138.3373013530503,-22.645,-22.645
11.17020119999961,sine,104,-2.996903007808108,0.810623485691728,-0.0015887756446488668,0.0011054760097649074,-171.7098939574666,46.445304504319495,-0.8021530393663112,-0.11688001108143518,-45.95998367928101,-6.696731344408529,2.1138925809324345,0.35665080965586743,0.35,-136.76884998632852,-23.075307384734625,-22.645
11.273799300000064,sine,105,-2.9966507608632287,0.8107081980726583,0.0002751703072789878,0.0009717909498109974,-171.69544127212993,46.450158166219296,-0.8022073553333452,-0.11709458344132137,-45.96309575495223,-6.70902543503017,2.0899950802528044,0.3765845292098965,0.35,-135.22268169235645,-24.365019039880305,-22.645
11.37831339999957,sine,106,-2.996703951151349,0.8106885760843222,-9.020739660914585e-05,0.0004339428458699919,-171.6984888511503,46.44903390910199,-0.8021941661043903,-0.1170490805675455,-45.96234006779808,-6.706418312407095,2.066459935362286,0.3960223778860913,0.35,-133.6999578179399,-25.62264784923011,-22.645
11.482597700000042,sine,107,-2.996998808141724,0.8106418968177476,-0.0013604957318853453,2.4174932128035016e-05,-171.71538291225872,46.44635938413649,-0.8021824518262947,-0.11680581688524821,-45.96166888910316,-6.69248033010265,2.043303380336459,0.4149167135368491,0.35,-132.20172870776892,-26.84511136583414,-22.645
11.587410199999795,sine,108,-2.9971572732666387,0.8108878953547856,-0.0014341721468132966,0.0011100127353216257,-171.72446229511635,46.460454062075165,-0.8024443884384992,-0.1167141049594127,-45.97667675148244,-6.687225623821258,2.0205399193003046,0.43322093671381834,0.35,-130.72893277872973,-28.02939460538405,-22.645
11.69588179999937,sine,109,-2.9972956729291362,0.8107171539927073,-0.0013820810587053525,-0.00016695167025980307,-171.7323920116635,46.45067130263976,-0.8022915670575107,-0.11657849375609064,-45.967920731332434,-6.6794556742162134,1.9981823158420968,0.45088957393895956,0.35,-129.28239583498367,-29.172555433850686,-22.645
11.800745699999425,sine,110,-2.997505269233824,0.8108217787840122,-0.001643205389107987,0.000370469534388787,-171.74440099532364,46.45666586161397,-0.802419524458491,-0.11642535685270163,-45.97525215036607,-6.670681575964321,1.9762415861584248,0.4678783589591001,0.35,-127.8628306244501,-30.27172982465378,-22.645
11.90633379999963,sine,111,-2.9976039110234605,0.8109638165557125,-0.0013131210100748103,0.0008280619430916859,-171.75005275355343,46.464804026463845,-0.8025715728566885,-0.11636658543133592,-45.983963881864504,-6.66731422156408,1.954726995932794,0.4841443118342732,0.35,-126.47083663685177,-31.324136975677476,-22.645
12.010356400000092,sine,112,-2.9970754067707226,0.8111637292474655,0.0016435392113825797,0.0013268306636595073,-171.71977169041685,46.47625817997239,-0.8027077892492808,-0.11681952202088414,-45.99176850626054,-6.693265576532243,1.933646060942916,0.4996458157141848,0.35,-125.10690014300667,-32.32708427670776,-22.645
12.11399689999962,sine,113,-2.9974494408124457,0.8108410053566957,-0.0007902086732659366,-0.0007307710532355786,-171.7412022624018,46.457767463083236,-0.8024320505445895,-0.1164729162795466,-45.97596984223333,-6.673406530398599,1.9130045513843923,0.5143426911614731,0.35,-123.77139447457019,-33.27797211814731,-22.645
12.219458799999302,sine,114,-2.9976016758720263,0.810840883713343,-0.0011040087220338865,-0.0003922844682065215,-171.74992468880967,46.457760493432524,-0.8024496521229932,-0.11635073918425273,-45.97697833838863,-6.666406298485092,1.8928064998911878,0.5281962678850007,0.35,-122.46458054295985,-34.17429853215955,-22.645
12.32359279999946,sine,115,-2.997426231625984,0.8110974326994028,0.00019045289835607518,0.000928632945555109,-171.73987247397162,46.47245966757211,-0.8026831142542891,-0.11652838033113742,-45.99035473318801,-6.6765843864694485,1.8730542132259718,0.5411694537512884,0.35,-121.18660759572037,-35.01366365770836,-22.645
12.428165599999375,sine,116,-2.9976612962626863,0.8109449067021357,-0.0009470829644851475,-0.0001832955062278791,-171.75334068556742,46.463720571662684,-0.8025595349385735,-0.11631781714473627,-45.98327415996239,-6.664520004567836,1.8537482876062148,0.553226800947286,0.35,-119.9375142081221,-35.79377402128941,-22.645
12.533085999999457,sine,117,-2.997621438206668,0.8112576355227771,-0.00032850628065515743,0.0012947894086850912,-171.75105698717798,46.481638613217534,-0.8028643914378341,-0.11639467408418395,-46.00074115072716,-6.668923582824481,1.8348876276247243,0.5643345691730137,0.35,-118.71722950731967,-36.512446625493986,-22.645
12.638730900000155,sine,118,-2.9971884884597357,0.8114748679567069,0.0017496881209619652,0.0016577360223973402,-171.7262507939375,46.49408511485507,-0.8030288945885602,-0.11677352345985746,-46.010166486980374,-6.6906300531217395,1.816469468716262,0.5744607857481875,0.35,-117.52557462594216,-37.16761283790773,-22.645
12.743708899999547,sine,119,-2.997114404306226,0.8110780112791922,0.0012600670099298943,-0.0008775959418185696,-171.7220060846126,46.4713469021619,-0.8026275194258599,-0.11677587696480969,-45.98716938415627,-6.690764899022565,1.7984894031149135,0.5835753025227157,0.35,-116.3622643815349,-37.75732207321971,-22.645
12.851544199999807,sine,120,-2.9977176707986173,0.8110500072302176,-0.002007823353921894,-0.0005916728295426964,-171.75657070854828,46.46974238834637,-0.8026701056384311,-0.11628764226058559,-45.989609394402045,-6.662791111058706,1.7809414092400053,0.591649849486959,0.35,-115.22690917782835,-38.27974526180625,-22.645
12.957011699999384,sine,121,-2.9977176707986173,0.8110500072302176,-0.0010580712586503041,-0.0003117963610895327,-171.75657070854828,46.46974238834637,-0.8026701056384311,-0.11628764226058559,-45.989609394402045,-6.662791111058706,1.763817884441654,0.5986580849838486,0.35,-114.11901712337503,-38.73317809845501,-22.645
13.060663700000077,sine,122,-2.9978133692638815,0.8110685194320687,-0.0009871699408303641,-8.374608745030133e-05,-171.7620538267138,46.470803059381936,-0.8026995516964752,-0.11621347994103656,-45.99129652925127,-6.658541923149646,1.7471096810304427,0.6045756424313123,0.35,-113.03799636266965,-39.11604406530591,-22.645
13.164623900000151,sine,123,-2.9980656329852504,0.8109841041592487,-0.0016570161862778292,-0.0004219557840065995,-171.7765074732725,46.4659664205229,-0.8026452953135471,-0.11599890995180892,-45.98818786749784,-6.646247968356735,1.7308061455092796,0.6093801734700375,0.35,-111.98315761445039,-39.426897223511425,-22.645
13.269393799999307,sine,124,-2.9980829489732486,0.8112779389044199,-0.0009665338389392155,0.001087852233797238,-171.77749960630288,46.48280191129552,-0.8029381179950598,-0.11602703488219955,-46.00496537129422,-6.647859408167217,1.714895160919216,0.6130513874582879,0.35,-110.95371691147328,-39.66442476855123,-22.645
13.372665299999426,sine,125,-2.997804123902166,0.8116178155485502,0.0007235611966352459,0.002091715989200185,-171.76152410650744,46.50227540855925,-0.803242104732304,-0.11629961178361185,-46.022382528366265,-6.663476914210896,1.6993631922049448,0.6155710872423711,0.35,-109.94879853565993,-39.82744934458141,-22.645
13.476279599999543,sine,126,-2.9979035130586373,0.8117595685373963,-5.602955836138891e-05,0.0017564161821245951,-171.7672186857026,46.510397256553496,-0.8033939518337512,-0.11624007600207463,-46.03108272641049,-6.6600657651988,1.6841953344997527,0.6169232011383273,0.35,-108.967438142134,-39.91493111364978,-22.645
13.582891000000018,sine,127,-2.997976290742977,0.8120351441391044,-0.00035531149879002976,0.0021748698359667635,-171.77138853985798,46.526186575468145,-0.803675147908523,-0.11622104779784793,-46.04719407471056,-6.658975529404897,1.6693753642240474,0.6170938110675481,0.35,-108.00858606529587,-39.925969576070365,-22.645
13.6883715999993,sine,128,-2.9979324453018354,0.8122226041293092,5.276149591791833e-06,0.001982129126176705,-171.7688763811297,46.53692724173445,-0.8038555802641748,-0.11628312318106741,-46.05753208717701,-6.662532186875031,1.654885792886049,0.6160711767962271,0.35,-107.07111079972738,-39.8598051387159,-22.645
13.791990699999587,sine,129,-2.998048187077247,0.8124317617795022,-0.0005101523391574869,0.0019822444576031153,-171.7755078963741,46.54891109234338,-0.8040760401945514,-0.11622000315434484,-46.070163510739334,-6.658915675741074,1.6407079234680109,0.6138457562358909,0.35,-106.1538026483803,-39.715820428462145,-22.645
13.89675459999944,sine,130,-2.99808892986345,0.8124712070625569,-0.00045577638761127936,0.0012398419934941927,-171.77784228606916,46.55117114058412,-0.8041198144788577,-0.11619288389645818,-46.07267159248129,-6.657361856720642,1.6268219092762823,0.6104102217696215,0.35,-105.25537753017547,-39.49354134849451,-22.645
14.000441600000158,sine,131,-2.998148393800542,0.8125752520207549,-0.0005072497460614205,0.0011236852311779677,-171.78124931869777,46.55713247756847,-0.8042296987080834,-0.11615994108339905,-46.078967495050975,-6.655474372567065,1.6132068151287364,0.6057594725760832,0.35,-104.37448093882925,-39.19263787567259,-22.645
14.104615499999454,sine,132,-2.9982078480164374,0.8126792981790331,-0.0005382309157764336,0.001068833163102726,-171.78465579434283,46.56309388331236,-0.8043395819213334,-0.11612699360347051,-46.085263339409536,-6.653586621021567,1.5998406807485723,0.5998906429309266,0.35,-103.50969204443264,-38.81292459763095,-22.645
14.211259199999404,sine,133,-2.9983061386613237,0.8128213954812878,-0.0007260173693321839,0.001205462199168108,-171.79028743346043,46.57123545901176,-0.8044916333276314,-0.11606822501437629,-46.093975243259436,-6.65021942889853,1.5867005862291879,0.5928031064727359,0.35,-102.65952792902846,-38.35436098878601,-22.645
14.315917299999455,sine,134,-2.998365565262515,0.8129254457152517,-0.0006465394552141001,0.0010974775103843534,-171.7936923268995,46.577197098275235,-0.8046015142611868,-0.11603526851757566,-46.10027095700112,-6.648331160724318,1.5737627194308659,0.5844984764282374,0.35,-101.82244794717703,-37.81705142490696,-22.645
14.420628099999703,sine,135,-2.9982263967583758,0.8130963573312903,0.00027413726247938397,0.0013478220106280003,-171.78571855897118,46.586989612544,-0.8047545161885163,-0.11617166168907217,-46.10903732169447,-6.656145913805472,1.5610024451662363,0.5749806017990533,0.35,-100.9968582022555,-37.20124493639875,-22.645
14.524284600000101,sine,136,-2.998281200326907,0.8130782610888039,-9.747116610625152e-05,0.0006394104625095213,-171.78885857215027,46.58595277422449,-0.804742970873177,-0.1161249735647164,-46.108375823852384,-6.653470881326505,1.5483943760280723,0.5642555595198947,0.35,-100.18111612901627,-36.507334700937186,-22.645
14.629242999999406,sine,137,-2.9980849006071306,0.8131423457231235,0.0008247531569487092,0.0006292897658214442,-171.77761142668749,46.58962455330264,-0.8047835859400928,-0.11629210725371303,-46.1107028957713,-6.663046936320463,1.5359124447097927,0.5523316426055789,0.35,-99.37353517272359,-35.73585727658096,-22.645
14.7334050999998,sine,138,-2.9980254545001177,0.8130383030225463,0.0007042220836057665,-0.00012677813470450626,-171.77420541564717,46.58366334567042,-0.80467369910421,-0.11632506244025419,-46.104406843851166,-6.664935129422338,1.5235299776662203,0.5392193443118414,0.35,-98.57238955500446,-34.88749157697614,-22.645
14.836755999999696,sine,139,-2.9980254545001177,0.8130383030225463,0.0003771281520419753,-6.789279230726977e-05,-171.77420541564717,46.58366334567042,-0.80467369910421,-0.11632506244025419,-46.104406843851166,-6.664935129422338,1.5112197699595606,0.5249313383423104,0.35,-97.77591911638358,-33.96305759074749,-22.645
14.94106599999941,sine,140,-2.9980254545001177,0.8130383030225463,0.00020248219596596771,-3.645201664793046e-05,-171.77420541564717,46.58366334567042,-0.80467369910421,-0.11632506244025419,-46.104406843851166,-6.664935129422338,1.498954161133335,0.5094824551414747,0.35,-96.98233422532678,-32.963514847653414,-22.645
15.046247899999798,sine,141,-2.9980254545001177,0.8130383030225463,0.00010827447236467361,-1.9492197081102054e-05,-171.77420541564717,46.58366334567042,-0.80467369910421,-0.11632506244025419,-46.104406843851166,-6.664935129422338,1.4867051119550663,0.4928896543207276,0.35,-96.18982074349279,-31.889960634551077,-22.645
15.15096689999973,sine,142,-2.9980254545001177,0.8130383030225463,5.7775606879272254e-05,-1.040109908804768e-05,-171.77420541564717,46.58366334567042,-0.80467369910421,-0.11632506244025419,-46.104406843851166,-6.664935129422338,1.474444281866886,0.4751719932718896,0.35,-95.39654503678753,-30.743627964691257,-22.645
15.256460300000072,sine,143,-2.9980254545001177,0.8130383030225463,3.0862131122923544e-05,-5.555979438668794e-06,-171.77420541564717,46.58366334567042,-0.80467369910421,-0.11632506244025419,-46.104406843851166,-6.664935129422338,1.46214310698194,0.4563505920296327,0.35,-94.60065902173152,-29.525883304317237,-22.645
15.361460199999783,sine,144,-2.9980254545001177,0.8130383030225463,1.6419127613405164e-05,-2.955866367672813e-06,-171.77420541564717,46.58366334567042,-0.80467369910421,-0.11632506244025419,-46.104406843851166,-6.664935129422338,1.4497728784634807,0.43644859445132334,0.35,-93.8003052365872,-28.238224061000622,-22.645
15.464923699999417,sine,145,-2.9980254545001177,0.8130383030225463,8.757031525058594e-06,-1.5764914905977184e-06,-171.77420541564717,46.58366334567042,-0.80467369910421,-0.11632506244025419,-46.104406843851166,-6.664935129422338,1.4373048211228867,0.4154911257896259,0.35,-92.99362192665077,-26.882275838588797,-22.645
15.57078619999993,sine,146,-2.9980254545001177,0.8130383030225463,4.70121499515771e-06,-8.463399285623711e-07,-171.77420541564717,46.58366334567042,-0.80467369910421,-0.11632506244025419,-46.104406843851166,-6.664935129422338,1.4247101720724915,0.39350524673992315,0.35,-92.17874813309021,-25.45978946407303,-22.645
15.67574759999934,sine,147,-2.9980254545001177,0.8130383030225463,2.4974613465893126e-06,-4.49607443998373e-07,-171.77420541564717,46.58366334567042,-0.80467369910421,-0.11632506244025419,-46.104406843851166,-6.664935129422338,1.4119602592691298,0.37051990405122676,0.35,-91.35382877471271,-23.972637792114373,-22.645
15.779749700000139,sine,148,-2.9980254545001177,0.8130383030225463,1.332034442273087e-06,-2.3980054855547054e-07,-171.77420541564717,46.58366334567042,-0.80467369910421,-0.11632506244025419,-46.104406843851166,-6.664935129422338,1.3990265797845869,0.35,0.35,-90.51701971206278,-22.645,-22.645
15.884257499999876,sine,149,-2.9980254545001177,0.8130383030225463,7.138556635494481e-07,-1.285124275138615e-07,-171.77420541564717,46.58366334567042,-0.80467369910421,-0.11632506244025419,-46.104406843851166,-6.664935129422338,1.3858808776397984,0.35,0.35,-89.66649278329496,-22.645,-22.645
15.988495799999328,sine,150,-2.9980254545001177,0.8130383030225463,3.8104801217559255e-07,-6.859846821208946e-08,-171.77420541564717,46.58366334567042,-0.80467369910421,-0.11632506244025419,-46.104406843851166,-6.664935129422338,1.3724952210406003,0.35,0.35,-88.80044080132684,-22.645,-22.645
16.092158200000085,sine,151,-2.9980254545001177,0.8130383030225463,2.0400244781476426e-07,-3.6725701183190504e-08,-171.77420541564717,46.58366334567042,-0.80467369910421,-0.11632506244025419,-46.104406843851166,-6.664935129422338,1.3588420788541056,0.35,0.35,-87.91708250186063,-22.645,-22.645
16.196676900000057,sine,152,-2.9980254545001177,0.8130383030225463,1.0952774216596094e-07,-1.9717817963189645e-08,-171.77420541564717,46.58366334567042,-0.80467369910421,-0.11632506244025419,-46.104406843851166,-6.664935129422338,1.3448943961663946,0.35,0.35,-87.01466743196573,-22.645,-22.645
16.300811000000067,sine,153,-2.9980254545001177,0.8130383030225463,5.85205750124335e-08,-1.0535212562383644e-08,-171.77420541564717,46.58366334567042,-0.80467369910421,-0.11632506244025419,-46.104406843851166,-6.664935129422338,1.3306256687640923,0.35,0.35,-86.09148076903678,-22.645,-22.645
16.404537999999775,sine,154,-2.9980254545001177,0.8130383030225463,3.1314813260736676e-08,-5.6374738967126916e-09,-171.77420541564717,46.58366334567042,-0.80467369910421,-0.11632506244025419,-46.104406843851166,-6.664935129422338,1.3160100163846757,0.35,0.35,-85.14584806008853,-22.645,-22.645
16.50977789999979,sine,155,-2.9980254545001177,0.8130383030225463,1.6825616171853543e-08,-3.0290447902450586e-09,-171.77420541564717,46.58366334567042,-0.80467369910421,-0.11632506244025419,-46.104406843851166,-6.664935129422338,1.3010222545828305,0.35,0.35,-84.17613987150914,-22.645,-22.645
16.614304400000037,sine,156,-2.9980254545001177,0.8130383030225463,8.956660226831674e-09,-1.612429804708359e-09,-171.77420541564717,46.58366334567042,-0.80467369910421,-0.11632506244025419,-46.104406843851166,-6.664935129422338,1.2856379650630514,0.35,0.39004950188434584,-83.18077633957942,-22.645,-25.236202771917178
16.718003099999805,sine,157,-2.9980254545001177,0.8130383030225463,4.790195811735122e-09,-8.623587700795357e-10,-171.77420541564717,46.58366334567042,-0.80467369910421,-0.11632506244025419,-46.104406843851166,-6.664935129422338,1.2698335643317886,0.35,0.4368685575481721,-82.15823161226673,-22.645,-28.265395673366736
16.82181750000018,sine,158,-2.9980254545001177,0.8130383030225463,2.564088427145209e-09,-4.61602036599664e-10,-171.77420541564717,46.58366334567042,-0.80467369910421,-0.11632506244025419,-46.104406843851166,-6.664935129422338,1.2535863705258543,0.35,0.4847042262588426,-81.10703817302277,-22.645,-31.360363438947115
16.92516269999942,sine,159,-2.9980254545001177,0.8130383030225463,1.3775176672234886e-09,-2.479887019147528e-10,-171.77420541564717,46.58366334567042,-0.80467369910421,-0.11632506244025419,-46.104406843851166,-6.664935129422338,1.2368746682775262,0.35,0.5335315999188166,-80.02579103755595,-22.645,-34.519494514747436
17.03035910000017,sine,160,-2.998069317641478,0.8128508420498799,-0.00019618168800170557,-0.000838241868663541,-171.7767185885233,46.57292262311322,-0.8044932671775149,-0.1162629540621022,-46.09406885596212,-6.661376581481827,1.21967777148074,0.35,0.5833237588230914,-78.91315181480388,-22.645,-37.741047195854016
17.134501999999884,sine,161,-2.998069317641478,0.8128508420498799,-0.00010451619481907083,-0.0004465750669347843,-171.7767185885233,46.57292262311322,-0.8044932671775149,-0.1162629540621022,-46.09406885596212,-6.661376581481827,1.2019760838270137,0.35,0.634051796119126,-77.7678526236078,-22.645,-41.02315120890745
17.237821300000178,sine,162,-2.998069317641478,0.8128508420498799,-5.6054555685835985e-05,-0.00023950897753918386,-171.7767185885233,46.57292262311322,-0.8044932671775149,-0.1162629540621022,-46.09406885596212,-6.661376581481827,1.1837511569842536,0.35,0.6856848460862275,-76.5886998568812,-22.645,-44.36380954177892
17.34249110000019,sine,163,-2.998069317641478,0.8128508420498799,-3.0107088028640145e-05,-0.00012864106729943944,-171.7767185885233,46.57292262311322,-0.8044932671775149,-0.1162629540621022,-46.09406885596212,-6.661376581481827,1.1649857462963418,0.35,0.7381901161934902,-75.37457778537332,-22.645,-47.76090051771882
17.4471496999995,sine,164,-2.998009137747538,0.8127441565617016,0.00025160651388345134,-0.000543104504135315,-171.773270534589,46.56680999490531,-0.8043806813783284,-0.11629610247350441,-46.087618164835625,-6.663275845552737,1.145663863886405,0.35,0.791532922888071,-74.1244519934504,-22.645,-51.21218011085819
17.550677799999903,sine,165,-2.998009137747538,0.8127441565617016,0.0001344010009748578,-0.0002901108872862973,-171.773270534589,46.56680999490531,-0.8043806813783284,-0.11629610247350441,-46.087618164835625,-6.663275845552737,1.125770829051895,0.35,0.84567673105839,-72.83737263965762,-22.645,-54.71528449947784
17.654419999999845,sine,166,-2.9984955761970964,0.8125095299024251,-0.0021057390899351797,-0.0012055707363774963,-171.80114140474157,46.55336687756752,-0.8042049285475471,-0.11587134711435168,-46.077548269394384,-6.638939156147721,1.105293315845025,0.35,0.9005831971098321,-71.51247753517313,-22.645,-58.267732853006144
17.76026659999934,sine,167,-2.998620919544204,0.8120446670339618,-0.0016894653009456922,-0.002722197656154579,-171.80832304952088,46.52673219715223,-0.8037593260881299,-0.11570430841007229,-46.05201712912913,-6.629368543377178,1.0842193977378507,0.35,0.9562122155833621,-70.14899503363894,-22.645,-61.86693034824353
17.86355139999978,sine,168,-3.0001766502613125,0.8116814919785963,-0.007789830862873338,-0.003047979653043251,-171.89745985367006,46.50592379925535,-0.8035788084661359,-0.11440254806928585,-46.04167423126113,-6.554783169912604,1.0625385892770174,0.35,1.0125219692408867,-68.74624672622303,-22.645,-65.51017140988537
17.96853789999932,sine,169,-3.0044503712887787,0.8095684907121958,-0.02341569605413556,-0.011062832777611721,-172.14232603136017,46.38485774458481,-0.801967231283725,-0.11067836781024036,-45.94933766034941,-6.34140335892336,1.0402418846393848,0.35,1.0694689825341845,-67.3036499361682,-22.645,-69.19464316996174
18.074016699999447,sine,170,-3.020450735134598,0.8023050760807448,-0.08431295916951402,-0.03748869407935357,-173.05907935039934,45.96869474134909,-0.7964252124434291,-0.0969552272410744,-45.63180337081846,-5.555125322645392,1.0173217930058278,0.35,1.1270081783679253,-65.82072000747706,-22.645,-72.91742914040478
18.17923719999999,sine,171,-3.0416647539356614,0.7924124995700307,-0.14127888573004013,-0.06228797796568469,-174.27455309421146,45.40189185877492,-0.7884594394452612,-0.07905239923296702,-45.17539819746417,-4.529368836432236,0.9937723706770063,0.35,1.1850929380607496,-64.29707238280231,-22.645,-76.6755130925305
18.28256109999984,sine,172,-3.0580475728213043,0.785418512345405,-0.1502682187727337,-0.0628947251880228,-175.213219472886,45.00116590883545,-0.7826790818704232,-0.0655415466505067,-44.84420810434948,-3.755254005833831,0.969589249861376,0.35,1.2436751644021768,-62.73242446603103,-22.645,-80.46578313682085
18.388670399999683,sine,173,-3.059185647046348,0.7846776386023396,-0.08596130939408461,-0.03703460610140349,-175.27842632275363,44.95871697020575,-0.7820148065701086,-0.0645897733984216,-44.80614793320666,-3.7007214154359143,0.9447696640723992,0.35,1.3027053476972061,-61.12659726548423,-22.645,-84.28503599600924
18.493035200000122,sine,174,-3.059247118186961,0.7846626336697425,-0.04590365420459521,-0.01972259133856596,-175.2819483596726,44.957857250896055,-0.7820038214109393,-0.06454046774097899,-44.80551852994898,-3.6978964093583344,0.919312470078756,0.35,1.362132634684434,-59.47951681409552,-22.645,-88.12998146408289
18.597889499999837,sine,175,-3.059247118186961,0.7846626336697425,-0.024529470670289318,-0.010539133194607987,-175.2819483596726,44.957857250896055,-0.7820038214109393,-0.06454046774097899,-44.80551852994898,-3.6978964093583344,0.8932181663581933,0.35,1.421904900208153,-57.79121536337511,-22.645,-91.9972470434675
18.70336319999933,sine,176,-3.0598325842868026,0.7846109378454248,-0.01569132001555112,-0.005844632084822116,-175.3154930962415,44.9548952983442,-0.7819899505059943,-0.06407839803170588,-44.804723785637606,-3.6714217651761487,0.8664889080127567,0.35,1.4819688215192865,-56.06183234842536,-22.645,-95.88338275229785
18.80849020000005,sine,177,-3.06363800753902,0.7827123458181284,-0.02530930046972341,-0.011482936236064365,-175.53352778785452,44.84611398816293,-0.7803353071099978,-0.06095428429292711,-44.70991970244781,-3.492423233225289,0.8391285181101852,0.35,1.5422699550749828,-54.29161512172898,-22.645,-99.78486609335138
18.917125599999963,sine,178,-3.092789317992544,0.7698334361267906,-0.14567435778807666,-0.0615811907169458,-177.20377484411705,44.108206818119136,-0.7689168366909022,-0.03755552731673276,-44.05568953893866,-2.151773212637061,0.8111424954234373,0.35,1.602752815701777,-52.4809194538964,-22.645,-103.69810717590498
19.02062870000009,sine,179,-3.140342856342784,0.7548884525449775,-0.2922044046055205,-0.09112727424064442,-179.92839189249932,43.25192233398894,-0.754887862979755,-0.0009434572641772782,-43.25188855438994,-0.0540561193883172,0.7825380185475522,0.35,1.6633609579824964,-50.630209800026634,-22.645,-107.61945398146752
19.1249428000001,sine,180,3.0963717498429713,0.7576550949942267,-0.3659821436415927,-0.027328940600816528,177.4090330695398,43.41043926975265,-0.7568805511302951,0.03425017213696054,-43.36606117530162,1.9623903110444068,0.7533239463803221,0.35,1.7240370597227943,-48.740059330806844,-22.645,-111.5451977640648
19.230301799999324,sine,181,3.061959208297327,0.7714124000214734,-0.3431341790923177,0.05376839800231256,175.43733967665574,44.198674785288,-0.7689677420114422,0.06136532125487185,-44.05860619896036,3.515973916368602,0.723510814960525,0.35,1.784723007348985,-46.811149727945974,-22.645,-115.47157857547934
19.333588699999382,sine,182,3.0188498148531604,0.7845378287903297,-0.3665720746701129,0.09626426891378767,172.96735337493607,44.950706458043065,-0.7786353980210501,0.0960547851574594,-44.61252208609518,5.5035337915582865,0.6931108306648303,0.35,1.8453599830850598,-44.84427074401452,-22.645,-119.39479090560337
19.437325999999302,sine,183,2.9485957455604037,0.7884541754381146,-0.5035683008166293,0.0886310347925732,168.94209171084148,45.17509659207134,-0.7738156037928678,0.15122631415357732,-44.33636821869882,8.664629552319486,0.6621378597717513,0.35,1.9058885537531913,-42.84031952723231,-22.645,-123.31098942783149
19.542053999999553,sine,184,2.8389905102725184,0.7819557112986604,-0.7569393971076162,0.06264040321255376,162.6621743163073,44.8027620235635,-0.7464269824944159,0.23302681012466114,-42.76711581161541,13.351452733539483,0.6306074144083526,0.35,1.9662487610387918,-40.800299712220415,-22.645,-127.21629483920984
19.646658699999534,sine,185,2.7439880711663527,0.7609071098832649,-0.8429183384587062,-0.014689652903100998,157.21893551207538,43.59676599780825,-0.7015496365925183,0.2946315279595999,-40.19583329568796,16.881143063575784,0.5985366349026909,0.35,2.0263802130581574,-38.72532027820411,-22.645,-131.1067997848628
19.749947299999803,sine,186,2.7126217257697114,0.7265782290178507,-0.6181547118263333,-0.14832000771785855,155.42177630209824,41.629866008812606,-0.6607460697850528,0.30220945409818417,-37.85796112854009,17.315326248778533,0.5659442685721543,0.35,2.0862221770642186,-36.616594176618385,-22.645,-134.97857485605496
19.853507199999513,sine,187,2.6534713993901136,0.6858051635255171,-0.6389873353778426,-0.24231994348166885,152.03271224372594,39.2937414382914,-0.6057137417114627,0.3216202503266246,-34.70484099314407,18.42748294965663,0.5328506449851395,0.35,2.145713673123352,-34.475436730538526,-22.645,-138.82767465108088
19.95769829999972,sine,188,2.494138909930248,0.653109203303525,-1.1307655383245856,-0.19820697437926724,142.90363305836297,37.420400910443625,-0.5209343838619682,0.39392765725462414,-29.847341598538723,22.570392194166008,0.4992776477404468,0.35,2.204793568594427,-32.30326380880691,-22.645,-142.65014388805943
20.061660200000006,sine,189,2.291231255691157,0.6358350979204231,-1.5663320213167335,-0.04155516476909843,131.27788083956327,36.43066757712767,-0.4194677844642553,0.47784207594572825,-24.033733691505113,27.378334225459984,0.46524868281597165,0.35,2.2634006732393526,-30.101589778193368,-22.645,-146.44202355858613
20.166190599999936,sine,190,2.0999903507068574,0.6208723970548785,-1.7213633878637034,0.06457861878966828,120.32058411370052,35.57336796741522,-0.3134398396222921,0.5359458931293555,-17.958779941614733,30.707437723681533,0.43078864354503543,0.35,2.3214738347930903,-27.872025237363793,-22.645,-150.19935711111296
20.26931859999968,sine,191,1.9316666784196226,0.6062439570805587,-1.6830156908237055,0.10361945715032501,110.6763480994988,34.73522009602623,-0.21405786587325965,0.5671957030465586,-12.264612286115234,32.49791994252334,0.39592387228559656,0.35,2.3789520348200712,-25.616274536878098,-22.645,-153.91819665285863
20.37306819999958,sine,192,1.7526504572340187,0.5996254895032963,-1.688532267363123,0.16608104149489822,100.41947416118326,34.356009837004926,-0.10844433199963179,0.5897376997608524,-6.2134025356944,33.78948121605014,0.3606821188542385,0.35,2.4357744846830838,-23.336133089869232,-22.645,-157.59460915899552
20.478895100000045,sine,193,1.5114410246254337,0.6755035754831716,-1.6982126755442608,0.6334452667826556,86.59919169396608,38.703503921182566,0.040071180356901666,0.6743140077110615,2.295909514557993,38.63534670839587,0.35,0.35,2.4918807214505003,-22.645,-22.645,-161.22468267784737
20.584141700000146,sine,194,1.3787498305826889,0.7636720565394005,-1.250420408252659,0.8305585298209787,78.99654629676535,43.75518577178363,0.1457606848853778,0.7496324650659568,8.351472062868478,42.950776434267446,0.35,0.35,2.5472107035674285,-22.645,-22.645,-164.80453252081264
20.69003799999973,sine,195,1.2914517354962278,0.8339622572810721,-0.9155474212470895,0.809823353462679,73.99473388877938,47.78251761540874,0.22994483146292732,0.80163484271383,13.17486836367276,45.930293198136035,0.35,0.35,2.6017049061167734,-22.645,-22.645,-168.33030742575525
20.79353759999958,sine,196,1.2454179448998932,0.8567870180361856,-0.6483642677754015,0.5535997645563175,71.35719197262038,49.09028007507258,0.27388682431864364,0.8118312643277465,15.69255909769932,46.51450512274942,0.35,0.35,2.6553044154967433,-22.645,-22.645,-171.7981956826393
20.898379700000078,sine,197,1.2243117043076088,0.8621523658170899,-0.4326646245342213,0.3284967007290541,70.1478934652948,49.39769185853827,0.2927812927154483,0.810916652017873,16.77513239297954,46.46210169750295,0.35,0.35,2.7079510233422077,-22.645,-22.645,-175.20443121024084
21.006315199999335,sine,198,1.2175523507241124,0.8632182197207661,-0.2592795427310924,0.18149164615672905,69.76061103272382,49.45876078879646,0.2986245599753013,0.8099191731509056,17.109926945536092,46.40495036827223,0.35,0.35,2.7595873195186336,-22.645,-22.645,-178.5452995728556
21.110064200000124,sine,199,1.220265126484387,0.863110281990536,-0.12488606567847634,0.09474705985423355,69.91604163455294,49.452576412404056,0.2963892692920817,0.8106249193839826,16.981854223402696,46.4453866488348,0.35,0.35,2.810156784018834,-22.645,-22.645,-181.81714392601856
21.215016499999365,sine,200,1.223084645578619,0.8628957517650118,-0.05461585761667781,0.04976185105425365,70.077588178909,49.44028473590353,0.2940294211805853,0.8112556797300804,16.846644886322032,46.48152655455041,0.35,0.35,2.8596038775946915,-22.645,-22.645,-185.01637088037654
21.320335299999897,sine,201,1.226122652950564,0.8625117482635735,-0.015661284236593083,0.024671411873219265,70.25165317945107,49.41828295595287,0.29143371659182216,0.8117837795411802,16.697921968523165,46.511784444888086,0.35,0.35,2.9078741309582155,-22.645,-22.645,-188.13945627299654
21.423420799999803,sine,202,1.2279526214076153,0.8622079061851403,-0.0002480982051384999,0.01183004979676356,70.35650264868218,49.40087408722017,0.28984554916055566,0.8120295752741888,16.60692667755146,46.52586750301181,0.35,0.35,2.9549142323888216,-22.645,-22.645,-191.18295083555677
21.52744139999959,sine,203,1.2297952871512408,0.8622444697471454,0.0081110401102654,0.006532564161612824,70.46207961884525,49.402969025007025,0.2883609868291893,0.8125967430924346,16.521867521540067,46.558363825272934,0.35,0.35,3.00067211358656,-22.645,-22.645,-194.14348574905043
21.633486799999446,sine,204,1.2290092667865427,0.8670412075182591,0.0008343745296306641,0.024901344812622937,70.41704396933672,49.67780185472283,0.2906073441933765,0.8168891155080922,16.650574317786127,46.80429864878849,0.35,0.35,3.045097033614174,-22.645,-22.645,-197.01777807483705
21.73708499999975,sine,205,1.2185314711598352,0.9245119422301784,-0.042900462175850855,0.26763982599963293,69.81671050132574,52.9706323992318,0.31897924265448946,0.8677410754838019,18.276164356381614,49.717901335364836,0.35,0.35,3.088139660774254,-22.645,-22.645,-199.80263605209424
21.840725899999597,sine,206,1.2079514500397526,1.0003245071977922,-0.0634859871517401,0.48312151999813047,69.21051994398574,57.31437240593743,0.35505049433336566,0.935194239810179,20.342894839335404,53.58268296606865,0.35,0.35,3.1297521522715743,-22.645,-22.645,-202.49496425197086
21.944085299999642,sine,207,1.1952615943859257,1.0192240562488208,-0.08590409337411825,0.3445610427824874,68.48344477239124,58.397236801261855,0.3738208573365315,0.9481959942208573,21.41835741934531,54.32762862006612,0.35,0.35,3.169888231514635,-22.645,-22.645,-205.0917685789969
22.048834399999578,sine,208,1.1812142252478939,1.025062671282968,-0.10598705257050696,0.21256516873201148,67.67858980751969,58.73176480092012,0.3893207131381137,0.9482525309111517,22.306433739837335,54.330867933807625,0.35,0.35,3.2085032629147654,-22.645,-22.645,-207.59016111058534
22.152476999999635,sine,209,1.1695209804604634,1.029563464046678,-0.10677005911802256,0.1344038650079027,67.00861623238657,58.98964123074372,0.40213997021300113,0.9477786507707808,23.040923066721607,54.30371660176931,0.35,0.35,3.245554324045736,-22.645,-22.645,-209.9873647657591
22.25639619999947,sine,210,1.162197162761137,1.032829195367609,-0.08927195632437043,0.0873047224930325,66.58899238829196,59.17675385245675,0.4103680353011205,0.9478049495580834,23.512356469829783,54.305223411288054,0.35,0.35,3.281000275031543,-22.645,-22.645,-212.28071779454083
22.359846299999845,sine,211,1.1596290088971921,1.0341245024730807,-0.0590861483505897,0.052683762776254923,66.4418480107477,59.25096948277359,0.41331849615777105,0.9479352864774448,23.681405424534415,54.31269116668221,0.35,0.35,3.3148018250352873,-22.645,-22.645,-214.4676780797831
22.465269700000135,sine,212,1.161063019656459,1.0338027924413722,-0.02535894755234495,0.026808987064733825,66.52401077503005,59.23253685572967,0.4118305643244107,0.9482319336258489,23.596153210279702,54.32968779629035,0.35,0.35,3.346921595727175,-22.645,-22.645,-216.54582724354825
22.570366099999774,sine,213,1.1618473045989983,1.03378681297995,-0.010020892376520174,0.014176287033047987,66.56894699217321,59.23162130003128,0.41108039955731596,0.9485399726901547,23.55317193518576,54.34733713460023,0.35,0.35,3.377324181615406,-22.645,-22.645,-218.51287455051678
22.67486749999989,sine,214,1.162971968487537,1.0335729407378391,-0.0003547324046179311,0.006615527517760282,66.63338548635724,59.21936732320333,0.40992852662235163,0.9488053682851361,23.487174477476955,54.36254318209403,0.35,0.35,3.405976207129372,-22.645,-22.645,-220.36666060127038
22.778604399999494,sine,215,1.1636687917318342,1.0333062990027244,0.0029089365211374353,0.002346414719095758,66.6733105173221,59.20408987713922,0.4091616945129058,0.9488459386549721,23.443238234010597,54.36486769305892,0.35,0.35,3.4328463803506004,-22.645,-22.645,-222.10516080868385
22.883446699999695,sine,216,1.1642276474925692,1.033224577626896,0.00406464758569284,0.0008963931210349763,66.70533059376878,59.19940758720824,0.4085990450874749,0.9489993931325148,23.411000796587945,54.3736599869695,0.35,0.35,3.457905543293087,-22.645,-22.645,-223.72648865106274
22.99277559999973,sine,217,1.1650023271961478,1.0330807827381117,0.00560990057671939,-0.00015786102578545529,66.74971647125828,59.191168746965346,0.4078069891837394,0.949183524528151,23.36561933616548,54.38420993881531,0.35,0.35,3.4811267186409736,-22.645,-22.645,-225.228898696071
23.09755469999982,sine,218,1.1657903439806452,1.03295948915202,0.006376352950651069,-0.0006080922467503654,66.79486650719545,59.18421913640029,0.40701109747881214,0.9493931075999525,23.320018100523676,54.39621816428692,0.35,0.35,3.5024851528581378,-22.645,-22.645,-226.61078938992154
23.203039299999546,sine,219,1.1662597051492218,1.0329002940286882,0.0054850921731796455,-0.0005850225111953874,66.82175892122221,59.18082750566562,0.40654214562862584,0.9495296210399251,23.29314913871315,54.404039808244164,0.35,0.35,3.5219583555908955,-22.645,-22.645,-227.87070560673095
23.30836629999976,sine,220,1.1667336729753028,1.0328096482945468,0.005021287522788948,-0.0007113470151624596,66.84891527728165,59.175633887668454,0.4060564154799928,0.9496388561226025,23.265318851214218,54.41029851745634,0.35,0.35,3.539526135291937,-22.645,-22.645,-229.00734095338834
23.4117483,sine,221,1.1670771252492989,1.0328741632124125,0.004204558416525041,-9.143619735907038e-05,66.86859364304578,59.1793303201778,0.40575558003384077,0.9498375894347112,23.248082249821767,54.421685097488826,0.35,0.35,3.555170631000564,-22.645,-22.645,-230.0195398257365
23.516588899999988,sine,222,1.1677269730489037,1.0327461977457126,0.005165842417050749,-0.0006191659806607549,66.905827179289,59.17199843901247,0.4050880509031579,0.9499833577351274,23.209835647931605,54.43003700588947,0.35,0.35,3.568876340221421,-22.645,-22.645,-230.90629921232596
23.623324299999695,sine,223,1.168234547088927,1.032778913165145,0.005007478419940711,-0.00018265587965741656,66.93490902957275,59.17387289447095,0.40461862898767864,0.9502189476929563,23.182939753363694,54.443535316168735,0.35,0.35,3.580630142851167,-22.645,-22.645,-231.66677024247053
23.72813319999932,sine,224,1.1686367815715801,1.0327982454231006,0.0044319255823321415,-9.955264093035908e-06,66.95795536780341,59.174980551260255,0.40424395221053877,0.9503994122737234,23.161472355352018,54.45387517499828,0.35,0.35,3.590421321109802,-22.645,-22.645,-232.30025947580418
23.83163609999974,sine,225,1.1690739362863987,1.032806735736359,0.004311174378430316,3.396732395055697e-05,66.98300248795675,59.17546701037671,0.40383176176143226,0.9505838529951217,23.137855582262613,54.464442849904756,0.35,0.35,3.5982415754408152,-22.645,-22.645,-232.80622993102077
23.93687080000018,sine,226,1.1693806675262985,1.0329393427182434,0.003680976021742514,0.0006115661537531634,67.00057689344783,59.18306483077265,0.40359198145171815,0.9508297419849007,23.124117182505653,54.47853125124782,0.35,0.35,3.604085036351763,-22.645,-22.645,-233.18430185195908
24.040717500000028,sine,227,1.169236029759519,1.0326159518523426,0.0013208746786070075,-0.0011114222634963763,66.99228975985316,59.16453589902345,0.4036031041843777,0.9504736915415669,23.1247544681437,54.458131063551036,0.35,0.35,3.6079482721744194,-22.645,-22.645,-233.43425320968495
24.145707099999527,sine,228,1.1691975078609103,1.0325249463577864,0.000536108831553177,-0.0010025365033936502,66.99008261764405,59.15932166827288,0.4036041447570259,0.9503743784352034,23.124814088564715,54.45244084170608,0.35,0.35,3.609830292731199,-22.645,-22.645,-233.5560199397086
24.249098799999956,sine,229,1.1690879771370177,1.032350638285381,-0.00020103080414852028,-0.0013097951555429666,66.98380696943799,59.149334551388996,0.4036400845952715,0.9501697335087852,23.126873289612572,54.440715551123546,0.35,0.35,3.6097325489021492,-22.645,-22.645,-233.54969591396906
24.35474720000002,sine,230,1.1693164360524246,1.0322740746004102,0.0009149584569538179,-0.0010462703026407744,66.99689670108295,59.144947775376195,0.4033930796844706,0.9501914482644073,23.112720950704674,54.44195971497385,0.35,0.35,3.6076589280944007,-22.645,-22.645,-233.41553264770775
24.459017700000004,sine,231,1.1692080728504806,1.032101089814015,6.287691182255797e-06,-0.0013229883882932608,66.99068794695702,59.13503647719578,0.4034284266841628,0.9499885073717569,23.114746184605487,54.430332058334365,0.35,0.35,3.603615745623553,-22.645,-22.645,-233.1539387418439
24.5636685999998,sine,232,1.167242181523923,1.0461210302000166,-0.008653200633711318,0.06186426247086063,66.8780506709639,59.93831989033868,0.4108007029032981,0.9620873101340129,23.537146497366606,55.12354239377286,0.35,0.35,3.5976117320240646,-22.645,-22.645,-232.765479061957
24.668459699999403,sine,233,1.1596160270834392,1.1022169032784874,-0.0363138533211011,0.28242885897256587,66.44110420760923,63.1523766658366,0.4405467577328934,1.0103467999275564,25.241469896267155,57.88860748039757,0.35,0.35,3.5896580163132437,-22.645,-22.645,-232.25087365546688
24.774027399999795,sine,234,1.1489140288258097,1.1382114604061424,-0.0633976272369861,0.311108070994193,65.8279248750907,65.21471287469376,0.4660730476722048,1.0384128479720511,26.704018576416953,59.496673580958515,0.35,0.35,3.579768105240934,-22.645,-22.645,-231.61099640908841
24.880807300000015,sine,235,1.133031729992,1.1460410404887433,-0.10122749928691561,0.20164637996092266,64.91793618294786,65.66331476878649,0.4858250394862549,1.0379711448266278,27.835724344338974,59.4713658549281,0.35,0.35,3.5679578585644274,-22.645,-22.645,-230.84687344911845
24.98587359999965,sine,236,1.1181719085561417,1.1544041512268333,-0.11678781151539275,0.1449654903896229,64.06653113035514,66.14248571767958,0.504852315810987,1.038158506004757,28.925906973375316,59.482100859679505,0.35,0.35,3.5542454603954896,-22.645,-22.645,-229.95968128758818
25.091027899999972,sine,237,1.1076108063148116,1.1602048910356415,-0.10788849465179026,0.1040577293842374,63.461424544920774,66.47484362677781,0.5183798275128277,1.0379584498479675,29.700976301204623,59.47063848622986,0.35,0.35,3.5386513866736493,-22.645,-22.645,-228.9507447177851
25.194715499999802,sine,238,1.1030252145694321,1.1631359934517047,-0.07743943963631948,0.06882597125173225,63.1986894913405,66.64278342453883,0.5244556424755574,1.0381866972459406,30.04909485567147,59.48371609881856,0.35,0.35,3.521198368827063,-22.645,-22.645,-227.821534463111
25.300062199999957,sine,239,1.1032873757611146,1.1638221791121963,-0.040398634922980896,0.040020032474215976,63.21371022117603,66.6820989668474,0.5244926913292941,1.0389367070883648,30.05121759862638,59.52668849738274,0.35,0.35,3.501911353689313,-22.645,-22.645,-226.57366458369856
25.403494000000137,sine,240,1.1034049976523184,1.16369524639117,-0.02100922096227888,0.020758773396176527,63.22044945912035,66.6748262576505,0.524313295329005,1.038885072957854,30.040938964948282,59.52373007962565,0.35,0.35,3.4808174597474366,-22.645,-22.645,-225.20888964565916
25.510603699999592,sine,241,1.1041769691264935,1.163828491531408,-0.007830044032796345,0.011729408928257362,63.26468016649508,66.68246064182675,0.5235710924796715,1.0394085187354951,29.99841387413889,59.553721313488424,0.35,0.35,3.457945929803183,-22.645,-22.645,-223.72910165826593
25.615631599999688,sine,242,1.1043372680563195,1.1638439606375541,-0.0034294267872926132,0.006259886706373754,63.27386461863457,66.68334695632177,0.5234114265467794,1.0395062497516665,29.989265690052157,59.55932088824257,0.35,0.35,3.433328080136212,-22.645,-22.645,-222.13632678481292
25.721242199999324,sine,243,1.1045908501876678,1.1638186876566563,-0.0007033240429526723,0.0032285959127114146,63.28839380452076,66.6818989211806,0.5231364493067349,1.039616368255908,29.97351065473545,59.56563021378191,0.35,0.35,3.406997246264277,-22.645,-22.645,-220.43272183329873
25.8258993999998,sine,244,1.1048215876149445,1.1637151702268502,0.0006487283136445932,0.0012591954643117837,63.301614085279425,66.67596780934667,0.5228500472342361,1.0396445669185521,29.95710102473747,59.567245878139325,0.35,0.35,3.378988725401797,-22.645,-22.645,-218.62057053349628
25.930495900000096,sine,245,1.1047379741953582,1.1637784823402604,-2.562474868307257e-05,0.0009547169973739679,63.296823389226475,66.67959532623713,0.5229654241150933,1.0396574056574215,29.96371163306397,59.56798148369081,0.35,0.35,3.349339715724229,-22.645,-22.645,-216.7022796073576
26.039170600000034,sine,246,1.1047457515571582,1.1636363663343718,2.0916471325180247e-05,-0.00012254856396472504,63.29726899923335,66.67145267889846,0.5228934768344488,1.0395345135876164,29.959589357535595,59.56094028675535,0.35,0.35,3.318089252551509,-22.645,-22.645,-214.68037464008265
26.14321370000016,sine,247,1.1045804806850361,1.1632940701584902,-0.0007122883231104159,-0.0015617960454576687,63.28779967578431,66.65184055267697,0.5229114091812944,1.0391423154765371,29.960616805326616,59.538468990257506,0.35,0.35,3.2852781415695467,-22.645,-22.645,-212.55749575954968
26.247854399999596,sine,248,1.1047209876311497,1.1632454134592782,0.0002457123725880735,-0.0010535658420815508,63.29585013078889,66.6490527291671,0.5227435317790551,1.039172310984664,29.950998138702683,59.54018760627753,0.35,0.35,3.250948889214067,-22.645,-22.645,-210.33639313215014
26.356802199999947,sine,249,1.1046588092590817,1.1632212725556037,-0.0001454034679192704,-0.0006695104775567223,63.292287572492405,66.6476695572729,0.522797294941493,1.0391182403017165,29.95407854100365,59.537089584349246,0.35,0.35,3.215145630346373,-22.645,-22.645,-208.01992228341035
26.46548299999995,sine,250,1.104923869041766,1.1628662134302448,0.0010827320816995327,-0.001903001589129538,63.30747437935887,66.62732616791223,0.5223623546949573,1.0389395558621952,29.929158300536777,59.52685172010001,0.35,0.35,3.1779140533554755,-22.645,-22.645,-205.61103925209926
26.56885759999932,sine,251,1.104894354327361,1.1627794949234302,0.0004395597328952629,-0.0013792549260551459,63.305783310789934,66.62235756346608,0.522354062019101,1.0388466622685626,29.92868316520934,59.52152930924106,0.35,0.35,3.1393013228257307,-22.645,-22.645,-203.11279558682477
26.672184500000185,sine,252,1.104781694420982,1.1627550539398144,-0.00026822829911816515,-0.0008501623975380506,63.29932837363408,66.62095719825774,0.5224601130174082,1.0387659725695761,29.934759439825495,59.516906130038954,0.35,0.35,3.099355999913544,-22.645,-22.645,-200.52833319440631
26.776483599999665,sine,253,1.1045495757693624,1.1621912144526192,-0.0011843550944200141,-0.0029818574982584524,63.286028954550005,66.58865157531865,0.5224477492840911,1.038141015574879,29.934051050087398,59.48109873186562,0.35,0.35,3.058127960580817,-22.645,-22.645,-197.86087904957887
26.879875199999333,sine,254,1.1048466876175365,1.1619595294175769,0.0006907256762361584,-0.00262512038972008,63.30305220949371,66.57537700063438,0.5220351927714746,1.0380892088411122,29.910413303103834,59.47813042467043,0.35,0.35,3.0156683118366745,-22.645,-22.645,-195.11373977583284
26.98319739999988,sine,255,1.1047963406388774,1.1623080270814556,0.00014572893165497699,0.00015004540463622447,63.30016754010531,66.5953444459448,0.5222440424760262,1.038374262930416,29.922379509727197,59.49446282092049,0.35,0.35,2.9720293061425953,-22.645,-22.645,-192.29029610742592
27.087884099999428,sine,256,1.104690010539966,1.1621425433206156,-0.0003976665975361747,-0.0006600230626172908,63.29407527420248,66.58586292487071,0.5222800796769438,1.0381708960322256,29.92444428924524,59.48281075596151,0.35,0.35,2.9272642541392915,-22.645,-22.645,-189.39399724281216
27.194891999999527,sine,257,1.1048410439822014,1.1612839177792769,0.00045981121480475126,-0.004170417320356316,63.3027288530079,66.53666730516987,0.5217375149622834,1.0374826760836864,29.893357620982478,59.4433786575335,0.35,0.35,2.881427435856709,-22.645,-22.645,-186.42835509992906
27.30012170000009,sine,258,1.1050125826250303,1.161671978399072,0.0009994526973171154,-0.0004953368721010591,63.3125572932654,66.55890154087936,0.5217338259406465,1.037918879425049,29.893146255612155,59.468371268003075,0.35,0.35,2.8345740105711146,-22.645,-22.645,-183.39693848395112
27.403397099999893,sine,259,1.1050495408693504,1.161617637442572,0.0006957111983601093,-0.0005044865477758796,63.314674844683154,66.5557880334172,0.5216710619354272,1.0378896081746007,29.88955014300775,59.46669414889133,0.35,0.35,2.78675992547563,-22.645,-22.645,-180.30336717827325
27.507718099999693,sine,260,1.1051409794884028,1.1610634355031872,0.0007843302006097177,-0.002754942620939123,63.31991389163937,66.5240346012925,0.5213273151980734,1.0374421100431737,29.869854905735984,59.441054394620565,0.35,0.35,2.738041823332626,-22.645,-22.645,-177.15130596962092
27.612137099999927,sine,261,1.1052968674653645,1.1608801031791858,0.0011162346272506325,-0.0022936671574843256,63.3288456147961,66.51353043287888,0.5210832918839139,1.0373595407941938,29.85587339973185,59.43632352513645,0.35,0.35,2.688476949277968,-22.645,-22.645,-173.94445861828453
27.71690469999976,sine,262,1.1052649532870849,1.1609450130539956,0.00045395456917069697,-0.0009359113105847512,63.327017067074046,66.51724949475421,0.521145535988807,1.0374009126918486,29.859439724241792,59.438693960262526,0.35,0.35,2.638123056948685,-22.645,-22.645,-170.68656178457994
27.82463699999971,sine,263,1.1050811725926133,1.1605378260193941,-0.0005758555959869167,-0.0023123747838473267,63.31648720892484,66.4939193961991,0.5211533292607282,1.0369412968062757,29.85988624583148,59.41235990982202,0.35,0.35,2.587038314106525,-22.645,-22.645,-167.38137892269216
27.92910589999974,sine,264,1.1052708830902525,1.160641052802708,0.0005295651247353795,-0.0007648887378726549,63.327356819768895,66.4998338552157,0.5210029389520207,1.0371323883932733,29.851269515862864,59.42330865125744,0.35,0.35,2.535281207930656,-22.645,-22.645,-164.03269415311345
28.03384929999993,sine,265,1.1053495994582985,1.1603799846556917,0.0006347912163643806,-0.0015739940475846042,63.33186693543653,66.48487575222636,0.5208041249019204,1.0369401006204206,29.83987830988422,59.41229137342102,0.35,0.35,2.4829104501532226,-22.645,-22.645,-160.6443061249135
28.13706490000004,sine,266,1.1056235999443622,1.1600701567697007,0.0015575874267627601,-0.0022170835635542687,63.34756600687251,66.46712392198361,0.52038100154395,1.0368058554328257,29.815635127259107,59.40459969075189,0.35,0.35,2.429984882211401,-22.645,-22.645,-157.22002187907765
28.240725900000143,sine,267,1.1056328295954678,1.1599293734030893,0.0008802103953791007,-0.0018254797395698265,63.348094826927245,66.45905762925113,0.5203082811209622,1.0366848334379322,29.8114685539375,59.397665641216236,0.35,0.35,2.376563380589507,-22.645,-22.645,-153.76365072414112
28.345700299999407,sine,268,1.105400188920001,1.160031523445322,-0.0005668701064189003,-0.0005216111324654541,63.33476549807992,66.46491039554816,0.5205952846721518,1.0366550462733473,29.827912646125935,59.395958962401856,0.35,0.35,2.322704762523956,-22.645,-22.645,-150.27899813529996
28.45293479999964,sine,269,1.1054520677137605,1.1596843610668908,-7.120918945971199e-05,-0.0018069842204086865,63.33773793400857,66.44501945645833,0.5203857212171843,1.0363718051242004,29.81590554461612,59.379730439971304,0.35,0.35,2.2684676922431004,-22.645,-22.645,-146.7698596881286
28.603194799999983,sine,270,1.1052680177920466,1.1596258860200808,-0.0007143591133706453,-0.001020857508869448,63.327192650274654,66.44166908306929,0.5205502073984576,1.03622375822275,29.8253299085913,59.37124797734821,0.35,0.35,2.2139105879126006,-22.645,-22.645,-143.24001503794526
28.712419899999986,sine,271,1.1052054054022236,1.1592529573585355,-0.0006451992139679191,-0.002154100427671333,63.32360522459256,66.42030184470327,0.5204476601651883,1.0358579304967894,29.819454384924224,59.3502875926218,0.35,0.35,2.159091529455517,-22.645,-22.645,-139.69322195577195
28.81871239999964,sine,272,1.1052229064868309,1.1589680983318615,-0.0002658677924552368,-0.002410330955820458,63.324607962877465,66.40398062471866,0.5203016481861076,1.0356124988844966,29.81108851476455,59.33622539707833,0.35,0.3773712802194649,2.1040681674143475,-22.645,-24.41592183019938,-136.13321043170828
28.924771399999372,sine,273,1.1051930078983272,1.158881371494028,-0.000273146784920077,-0.0016613107765500138,63.3228948999428,66.39901154294027,0.5202936742527338,1.0355194472961238,29.81063164203611,59.33089393378758,0.35,0.40464132432170197,2.0488976330200916,-22.645,-26.180293683614117,-132.56367685639992
29.028326699999525,sine,274,1.1053313223779764,1.1589842935174843,0.0004674574512415456,-0.0004270593078267113,63.330819735872254,66.40490854050327,0.5201966372975076,1.0356833739925477,29.805071834044856,59.3402862416422,0.35,0.43140268192380593,1.9936364496308205,-22.645,-27.911753520470246,-128.98827829111409
29.132560000000012,sine,275,1.1053464601477074,1.158348992658658,0.00031882170747597207,-0.0030711192193538534,63.33168706618908,66.36850848257149,0.5198958204846368,1.0351235310995177,29.78783630026078,59.30820960668118,0.35,0.4576476371889983,1.9383404456995192,-22.645,-29.60980212612819,-125.4106268367589
29.238580600000205,sine,276,1.105317040644092,1.1582612051589627,3.939854005009495e-05,-0.002035969276623825,63.330001452796544,66.36347862934494,0.5198868695602489,1.035029788090728,29.78732345007061,59.302838527918674,0.35,0.48337012445373984,1.8830646694277027,-22.645,-31.27404705215697,-121.83428411197237
29.343424900000173,sine,277,1.105210371280469,1.1582477385841643,-0.00045120230805567363,-0.0011406783493197,63.32388974845761,66.36270705144449,0.5199912267999983,1.0349622930263513,29.79330267946989,59.29897134559192,0.35,0.5085657279025733,1.8278633052580209,-22.645,-32.90420259529649,-118.26275585019395
29.44727580000017,sine,278,1.1054479265421495,1.157652064034928,0.0008153393016171042,-0.003254268705350709,63.33750066235302,66.3285774138099,0.5194780518602382,1.0345534568111117,29.763899921269754,59.27554675594659,0.35,0.5332316776147379,1.7727895923552448,-22.645,-34.500089541673546,-114.69948662538434
29.551303999999618,sine,279,1.10601995852757,1.157461420241101,0.00299895549294194,-0.0025994643540088714,63.37027568086411,66.31765432903325,0.5188007183178557,1.0346800249446317,29.725091567968587,59.28279857581814,0.35,0.5573668419940981,1.7178957452210613,-22.645,-36.06163467701815,-111.14785471580267
29.660422999999355,sine,280,1.1059666452258483,1.1579626108033312,0.001365914835064227,0.0008435569094758097,63.367221053683544,66.34637043298082,0.5190805487632154,1.035100377699741,29.741124671466967,59.30688301459259,0.35,0.5809717166011921,1.6632328765838893,-22.645,-37.58887006409713,-107.61116711497765
29.76393300000018,sine,281,1.1059835118691614,1.15732866162045,0.0007896061355664902,-0.002325587128632657,63.36818744115994,66.31004782037596,0.5187789188230086,1.0345424420452802,29.723842548918334,59.27491565635212,0.35,0.604048409413519,1.6088509227002956,-22.645,-39.08193208905468,-104.09265469870913
29.867698500000188,sine,282,1.1059855102920109,1.1571773109565824,0.00043332716288334793,-0.0019274988327416774,63.3683019423549,66.30137606610984,0.5187090078740757,1.0344081854582352,29.719836946602722,59.26722332054261,0.35,0.6266006225472822,1.5547985711998913,-22.645,-40.54106027880916,-100.59546755663297
29.9732656999995,sine,283,1.105469246735498,1.1572158050107046,-0.0020749388883502507,-0.0008609948030513264,63.3387222194503,66.3035816129474,0.5192602388382612,1.0341746582314832,29.751420154387482,59.25384319604833,0.35,0.6486336304810039,1.5011231916004668,-22.645,-41.96659589212095,-97.12267049655021
30.078156099999433,sine,284,1.1051827516765416,1.1568042738120372,-0.0023735099139700505,-0.002280540630113448,63.32230726172074,66.2800026121258,0.5193717378206769,1.0336581281366315,29.757808575499904,59.22424820162183,0.35,0.6701542548284327,1.4478707686148862,-22.645,-43.358980287399596,-93.67723872938313
30.181625299999723,sine,285,1.105258097086491,1.1568840960866336,-0.00093118406290214,-0.0008619183550326022,63.32662423571652,66.2845760915713,0.519329687474931,1.0337685850737472,29.755399268161597,59.23057691793651,0.35,0.6911708357150698,1.395085838365809,-22.645,-44.71875307076502,-90.26205374226784
30.287847300000067,sine,286,1.105406031286515,1.1568439084337507,0.00016204010175664972,-0.0006427806353032082,63.33510024102355,66.28227350867257,0.5191587169860419,1.0338094868290206,29.745603380726962,59.23292041588835,0.35,0.7116931998196067,1.3428114276184069,-22.645,-46.046550028328554,-86.87989936691093
30.39142449999963,sine,287,1.1052699615818886,1.1565886371054508,-0.0005158058551645588,-0.0014696805461874125,63.32730402122886,66.26764753893029,0.5191847927635348,1.0335107287515353,29.747097412724827,59.215802838952996,0.35,0.7317326251481089,1.2910889961355787,-22.645,-47.343100847082646,-83.53345804997194
30.49498919999951,sine,288,1.1051233912311336,1.156627818473018,-0.000931624744544819,-0.0006129018383500343,63.31890615872884,66.26989246592746,0.5193538625978328,1.0334696298732557,29.75678440067308,59.21344804668486,0.35,0.7513018026155368,1.2399583822537696,-22.645,-48.60922662922523,-80.2253073318189
30.599650899999688,sine,289,1.1050492754958041,1.1563978002587887,-0.0008325392971981956,-0.001359059447871182,63.314659639898956,66.25671339304097,0.5193271585594756,1.0332256166132867,29.75525437197926,59.199467116743406,0.35,0.7704147945154936,1.1894577517713982,-22.645,-49.845837205152435,-76.95791653960947
30.703257099999973,sine,290,1.1052416149895308,1.1563506339673424,0.00041108919431342435,-0.0009347603923448791,63.32567988112318,66.25401096360581,0.5191072450396099,1.0332833381140243,29.742654255433088,59.20277431512283,0.35,0.789086989965473,1.1396235502353225,-22.645,-51.053928250766106,-73.73364370022537
30.808200999999826,sine,291,1.105166245585207,1.1562708290378714,-0.00011663879156636331,-0.0008596495312900747,63.321361532351006,66.24943847796278,0.519149290227331,1.0331729015708768,29.745063267238343,59.196446767296464,0.35,0.8073350574208877,1.09049045870416,-22.645,-52.234578215131435,-70.55473267815916
30.91782819999935,sine,292,1.1053999916884374,1.1560159771082719,0.0009777057202447635,-0.0015922259265734753,63.33475419754374,66.23483653799596,0.5187934042181093,1.0330664756294137,29.724672500922182,59.19034901001992,0.35,0.8251768943571798,1.0420913530605176,-22.645,-53.388945064909535,-67.42331054301549
31.02120079999986,sine,293,1.105544880303892,1.156128109852638,0.0011413554838807748,-0.0003434471201607745,63.34305570370879,66.24126127099336,0.5186940272812822,1.0332418460622652,29.718978621861055,59.20039699567369,0.35,0.8426315742249393,0.9944572669372387,-22.645,-54.51826285235357,-64.34138517083935
31.126151200000095,sine,294,1.1056507228587291,1.156293260415081,0.0010863191860983785,0.0005546727134410596,63.34912003539383,66.25072370120556,0.5186587421897924,1.0334443445253552,29.71695693503895,59.21199930296663,0.35,0.8597192907885759,0.9476173583157913,-22.645,-55.62383811402086,-61.3108430830317
31.230681600000025,sine,295,1.1057238625639005,1.156525822235812,0.0009039577952211855,0.0013290886947468963,63.353310631814985,66.26404851200932,0.5186874560738676,1.0336901375218015,29.718602119409887,59.22608220429688,0.35,0.8764612999642776,0.9015988798477803,-22.645,-56.70704610768876,-58.33344752615139
31.334309899999425,sine,296,1.1057355616871138,1.15689845310348,0.0005354572298596099,0.0023717661866869476,63.353980942199115,66.285398688043,0.5188424791861259,1.034029260990819,29.727484289469274,59.245512547805426,0.35,0.892879859278183,0.8564271529432935,-22.645,-57.76932689529844,-55.410836795431095
31.439921899999717,sine,297,1.105671103531387,1.1570255891868855,-8.383427631017799e-07,0.0018418643174865912,63.350287761920775,66.29268304904596,0.5189661546755845,1.0341094450465562,29.734570373044466,59.250106755783406,0.35,0.9089981650704111,0.8121255456625758,-22.645,-58.8121812800556,-52.544522804368654
31.54761640000015,sine,298,1.1063035533580372,1.157524082938514,0.002796717592181846,0.003185243425783324,63.3865244677416,66.32124463712792,0.5185353385223036,1.0348831360526696,29.70988642571541,59.29443598508093,0.35,0.9248402875752844,0.768715454440076,-22.645,-59.8371666061209,-49.73588990227292
31.652626699999928,sine,299,1.1066131343792707,1.1573477928789029,0.002835627098187091,0.0009058899058838452,63.40426215367563,66.31114396074209,0.5181360097508322,1.0348859787827611,29.687006572471955,59.29459886151747,0.35,0.9404311040123184,0.7262162896625772,-22.645,-60.84589242959701,-46.98619394116875
31.757608199999595,sine,300,1.1066031852884493,1.1535903008918487,0.001472622937378141,-0.01621376325112073,63.403692112761576,66.09585552832965,0.5164640712210443,1.0315209379598311,29.5912115511098,59.101796224474356,0.35,0.9557962298266753,0.6846454651156327,-22.645,-61.8400160697859,-44.29656159298144
31.861903099999836,sine,301,1.1074681342660018,1.1422045506234508,0.004681599474253443,-0.059238939502757874,63.45325003866949,65.44350009136052,0.5104830559529174,1.021781916579996,29.248524619042822,58.54379140282212,0.35,0.9709619482215612,0.6440183913050503,-22.645,-62.82123804993501,-41.667989917436756
31.96665269999994,sine,302,1.1076482397337015,1.1233773419918385,0.0033670372381540675,-0.11559231011698863,63.46356932183591,64.36478049675685,0.5018876482824958,1.0050300697004613,28.756044036333286,57.58398127757539,0.35,0.9859551381285319,0.6043484726527432,-22.645,-63.79129743691601,-39.10134618063248
32.07030140000006,sine,303,1.0901681824999505,1.073244070348646,-0.08057305820218431,-0.28420077607076455,62.46203581669486,61.49235561841904,0.49619963367269465,0.9516505440977866,28.43014480538293,54.525559748131606,0.35,1.000803200764907,0.5656471085588037,-22.645,-64.75196708948948,-36.597367923754604
32.175470700000005,sine,304,1.0329436425074938,0.9805246913164394,-0.3361400053240714,-0.5564604898533269,59.183311190549496,56.17992652079982,0.502315971388656,0.8420851115944692,28.780585142584204,48.24792288516603,0.35,1.015533984930458,0.5279236983141232,-22.645,-65.70504882500065,-34.15666328092377
32.280783499999416,sine,305,0.9768448879969824,0.8924579743551858,-0.4887103736844185,-0.6704896370321882,55.9690893211567,51.134075323346806,0.4994552540730271,0.739611847639699,28.616678114018672,42.37663734762763,0.35,1.0301757111980863,0.491185649840654,-22.645,-66.65236851451618,-31.779711544690315
32.38624609999988,sine,306,0.9239361911548709,0.7992709087300305,-0.5756071415329891,-0.7519389551082121,52.93764429256657,45.79484975781677,0.48170765368695434,0.6378022592634319,27.599815515411954,36.543377619703364,0.35,1.0447568951556048,0.4554383922288915,-22.645,-67.59577111656763,-29.46686397720928
32.48973289999958,sine,307,0.8611789736125717,0.7049549503021364,-0.6982347518546834,-0.7960749391410756,49.341920593408446,40.390943399167114,0.459308842838077,0.5347867508140365,26.31645818765944,30.64102376115873,0.35,1.0593062698577336,0.42068539203496513,-22.645,-68.53711565979536,-27.218344864662246
32.59334299999955,sine,308,0.7757003032277202,0.6122479050982415,-0.928668905901102,-0.8058468348541089,44.44435354196656,35.07922097785539,0.4371026645332744,0.4287059108002793,25.044137891679277,24.56303934116794,0.35,1.0738527076490816,0.386928173292519,-22.645,-69.47827018489558,-25.03425281202598
32.69793320000008,sine,309,0.6645924481717911,0.5256212236058377,-1.2467249129376692,-0.7670856236642384,38.078342376510534,30.11587773511662,0.4137523142264796,0.32417077779641174,23.70626136894793,18.57361740920761,0.3574085172922411,1.0884251415203114,0.3541663411874475,-23.124331068808,-70.42110665636416,-22.914562274827855
32.805090500000006,sine,310,0.4983253399447354,0.4305457964860068,-1.8582837439533042,-0.7369481834912068,28.551938803255354,24.66845702574666,0.37818462747684733,0.2057816085367402,21.66838303115062,11.790417670568486,0.37454990450271536,1.1030524861607587,0.35,-24.233378821325683,-71.36749585460109,-22.645
32.909523100000115,sine,311,0.3754971380619647,0.3724276239513059,-1.8789874038515726,-0.5764891700665408,21.514401230191762,21.33853102649516,0.34647888526943954,0.1365822724384898,19.851777816336355,7.825587767031452,0.3906186105244096,1.1177635588714612,0.35,-25.2730241009293,-72.31930225898354,-22.645
33.01304019999952,sine,312,0.29944588940749295,0.32178660712521717,-1.6242639429538095,-0.49984513117412793,17.15698565559055,18.437014492109288,0.30746713314096413,0.0949240884245695,17.616569067964207,5.438749640854463,0.405591968112445,1.1325870005030383,0.35,-26.241800336875194,-73.27837893254659,-22.645
33.11816199999976,sine,313,0.2518961626938734,0.2797900953045785,-1.29166704257366,-0.44088070847485206,14.432586997899682,16.03079161051542,0.2709603569301809,0.06973508731488103,15.524884867457732,3.9955261871189673,0.41944935414661333,1.1475511965829068,0.35,-27.138373213285885,-74.24656241891408,-22.645
33.22313140000006,sine,314,0.21391269089373746,0.2524410948668597,-0.9841581734410269,-0.3478619273025581,12.256294372497715,14.463809311532692,0.2466874047360756,0.05358946465639022,14.134147150412687,3.070450151176652,0.4321722271810756,1.1626841987961258,0.35,-27.961543098615593,-75.22566766210934,-22.645
33.327676699999756,sine,315,0.1940122158800648,0.2377921894300687,-0.6676173091302898,-0.24814365330528385,11.11608114390872,13.62448885551832,0.23333087276735048,0.04584571045989113,13.368874239673177,2.626765718130534,0.44374416126777394,1.178013646983552,0.35,-28.710247234024976,-76.21748295983582,-22.645
33.433155499999884,sine,316,0.18768300303375532,0.23735606653474361,-0.3886872070305585,-0.1338139074329302,10.753443960175206,13.599500854267168,0.23318790039055604,0.044286628143151235,13.360682525895902,2.5374368814678596,0.4541508759886412,1.1935666918202212,0.35,-29.383561676465085,-77.22376496076832,-22.645
33.537459999999555,sine,317,0.1895440337011567,0.23937179539807832,-0.19640631998397515,-0.062374048153715576,10.860073162961719,13.714993610778949,0.2350847055054471,0.045100306756347866,13.469361453537987,2.5840572318840844,0.4633802626387503,1.2093699183354918,0.35,-29.980702992727146,-78.24623371630632,-22.645
33.64225410000017,sine,318,0.19112420834040877,0.24091196830412354,-0.09723692817413243,-0.026555600683220187,10.950610500684471,13.80323901801574,0.23652527403297305,0.045764300669780045,13.5518999502646,2.622101280746123,0.47142240650980105,1.2254492704351765,0.35,-30.50102970118413,-79.28656779715593,-22.645
33.74759509999967,sine,319,0.19194799915656094,0.24204052961083852,-0.04790945575289358,-0.00915402760173812,10.997810237651628,13.867900817812277,0.23759532825593563,0.04617442977719812,13.613209541090507,2.6455999476566463,0.47826960523055156,1.241829976583872,0.35,-30.944043458416687,-80.34639948497653,-22.645
33.85352939999939,sine,320,0.19278965896573252,0.24314987112086758,-0.02170094701577272,4.344886604229654e-05,11.046033792502945,13.931461404375613,0.23864517030778049,0.0465869350232977,13.673361059816571,2.6692347572851576,0.4839163831282582,1.2585364768036684,0.35,-31.309389988398305,-81.42731004919735,-22.645
33.958641700000044,sine,321,0.19328708488095492,0.24422037728222867,-0.00928284589915593,0.004759605051476421,11.07453419806562,13.992796889364353,0.23967253857663207,0.046911266579649356,13.732224925627428,2.687817586627017,0.48835950158254826,1.2755923511428908,0.35,-31.596859752390873,-82.53082511894505,-22.645
34.06264839999949,sine,322,0.1946711724748602,0.24506411564418326,0.0011816011545903414,0.0062846815686705675,11.15383657567281,14.041139536517633,0.24043518099354738,0.04740616539086182,13.775921117394333,2.716173199795533,0.49159796535075495,1.293020249765784,0.35,-31.806388358193846,-83.65841015984623,-22.645
34.16761210000004,sine,323,0.19499550922474995,0.24580262450330942,0.002070016086560888,0.00666310202247277,11.172419702582484,14.083452977278583,0.2411443058238033,0.047627239910275544,13.816550977315927,2.728839836715822,0.49363302485117044,1.3108418248110316,0.35,-31.93805670787073,-84.81146606527375,-22.645
34.27321639999991,sine,324,0.1958697113095158,0.2462937024217618,0.00496574699309377,0.005735673037870873,11.222507792481105,14.111589669417974,0.2415842657602754,0.04793360397141006,13.841758824830622,2.746393204413318,0.4944681743983433,1.3290776641635458,0.35,-31.99209088357281,-85.99132487138142,-22.645
34.378294000000096,sine,325,0.19651280594660125,0.24668592513173265,0.005468601687562688,0.004784279462502639,11.259354401013598,14.134062375328487,0.24193806372525734,0.048165537254058755,13.862029955024404,2.759682002637703,0.49410914639207953,1.3477472272804456,0.35,-31.968861771567546,-87.19924560504484,-22.645
34.4833251,sine,326,0.19755515322263492,0.24717254010136688,0.00752418878360193,0.004716051497260472,11.319076500717285,14.161943359336416,0.24236487708558915,0.04851320372279165,13.886484559211214,2.779601823974315,0.49256390146936835,1.3668687832080981,0.35,-31.868884425068135,-88.43641027356395,-22.645
34.591759799999636,sine,327,0.19145253401414575,0.24801062118797368,-0.022977832446721278,0.006256582326797835,10.969422176095389,14.209961868488723,0.24347918820176664,0.04719272332312769,13.950329883232696,2.7039438701438216,0.4898426146361003,1.3864593509230039,0.35,-31.69281716695569,-89.70392000471836,-22.645
34.696126199999526,sine,328,0.11088631481748124,0.2571907079787882,-0.3504912747681912,0.04725061975533734,6.353317844800638,14.73594209716619,0.2556111479524162,0.02846052200994063,14.645439974167502,1.6306677939087848,0.4859576574028681,1.4065346421247888,0.35,-31.441460433965567,-91.00279134547384,-22.645
34.801072599999316,sine,329,-0.04486769131020507,0.27631302963437027,-0.802001462805203,0.1315936753258344,-2.5707293485705494,15.831570422522661,0.27603495206577655,-0.012393368540022385,15.815637751464982,-0.7100877112934936,0.48092357595672675,1.4271090066048622,0.35,-31.115755364400222,-92.33395272733459,-22.645
34.90436880000016,sine,330,-0.13675597663067363,0.2793374097229254,-0.8019876818481954,0.09939448570498087,-7.8355402841273145,16.004854637240275,0.27672936655160246,-0.03808209761373907,15.855424770735553,-2.1819434682724723,0.4747570654081672,1.4481953803093752,0.35,-30.71678213190842,-93.69824110601658,-22.645
35.008367200000066,sine,331,-0.19972429217472865,0.2731325687536154,-0.7146822974382503,0.035520482004634694,-11.443359007849686,15.649343437148946,0.26770305253257254,-0.054189258886712596,15.33825507288537,-3.104815829150422,0.46747694015992325,1.4698052362098128,0.35,-30.245758028347037,-95.0963987827749,-22.645
35.11417410000013,sine,332,-0.2743144122766834,0.2690101846374363,-0.7204351478579065,0.011760216300809674,-15.717058083065615,15.413148225760116,0.25895220068712443,-0.0728713743383696,14.836868194996926,-4.1752221969065095,0.4591041004514962,1.49194853808932,0.35,-29.704035299211803,-96.529070414379,-22.645
35.22026089999963,sine,333,-0.33069110666489454,0.26668660281393397,-0.6351642653452082,0.0036410703056363276,-18.947204734408984,15.28001679392012,0.2522370344559733,-0.08659227776940111,14.452117511223195,-4.961372054611186,0.449661495140475,1.5146336973469705,0.35,-29.093098735588732,-97.996800218349,-22.645
35.32367989999966,sine,334,-0.3477116164792351,0.26753990547736267,-0.4119832784164357,0.007426756974020757,-19.922408111931695,15.328907435181858,0.2515289622431459,-0.09116349146298774,14.411547961837696,-5.223283306506109,0.43917408078873943,1.5378675329165867,0.35,-28.41456302703144,-99.50002937970316,-22.645
35.42783969999982,sine,335,-0.3643782373881779,0.2743521986502876,-0.288143463635187,0.03561869473458293,-20.877335148758608,15.71922308279624,0.25633974724879977,-0.09777046018439477,14.687185638806483,-5.601834729617677,0.4276687771285794,1.5616552343904853,0.35,-27.67016988021909,-101.0390936650644,-22.645
35.53208469999936,sine,336,-0.4200108539539045,0.2962405002562785,-0.3687906504443143,0.12093376030249677,-24.06484928124433,16.973330385528943,0.27049261333555524,-0.12079809652056595,15.498085133591404,-6.921221103842384,0.415174418990556,1.5860003284324031,0.35,-26.861784908688975,-102.61422124957649,-22.645
35.63644469999963,sine,337,-0.4766124632368393,0.31845954070711957,-0.40622615392299116,0.16901889921345548,-27.307882606805,18.246387628192586,0.2829685383539219,-0.14610025793692014,16.212902982665486,-8.370928165558231,0.401721704781513,1.6109046485574638,0.35,-25.99139429936389,-104.22553076166791,-22.645
35.74026439999943,sine,338,-0.49792232660297264,0.320119905491151,-0.30464041530569885,0.09960357585866411,-28.528847839684886,18.341519522769737,0.28124990832785435,-0.1528896430672692,16.114432735627357,-8.759931279016111,0.3873431416076665,1.6363683083504168,0.35,-25.06110126201602,-105.87302955027197,-22.645
35.84910639999998,sine,339,-0.520332482000768,0.3211600617518008,-0.25873245600592143,0.05954445459330764,-29.81285516221088,18.40111608653908,0.278655789099558,-0.1596707126110582,15.965800652292245,-9.148457944459924,0.37207298714389764,1.6623896781867868,0.35,-24.073122268210177,-107.55661217868511,-22.645
35.954273499999545,sine,340,-0.5330236598051759,0.3220803114921251,-0.18912233030331854,0.03586676763314507,-30.540006087453555,18.453842512757674,0.2773995811056396,-0.16366184483036975,15.893825236050125,-9.377132976105157,0.3559471883565598,1.6889653655146373,0.35,-23.029783086669422,-109.27605914879703,-22.645
36.058041299999786,sine,341,-0.5377543270574456,0.3228491802880898,-0.12147121803127041,0.022744190815636514,-30.811053355289364,18.497895449765757,0.27728260177635605,-0.1653661149233006,15.887122814191905,-9.474780459580463,0.35,1.7160901987478026,0.35,-22.645,-111.03103585898283,-22.645
36.1635526,sine,342,-0.537520691548337,0.3231062794406309,-0.06397580036129683,0.01332459384363059,-30.79766702667305,18.512626146122752,0.2775420728263886,-0.16543296414317998,15.901989410264598,-9.478610637743294,0.35,1.7437572148142833,0.35,-22.645,-112.82109179848413,-22.645
36.26846269999987,sine,343,-0.5369916712116178,0.3233385473572351,-0.03171908955983758,0.008123148039561951,-30.767356394102453,18.52593411746047,0.2778291279408456,-0.16540493304226517,15.918436456810628,-9.47700457396577,0.35,1.7719576503964642,0.35,-22.645,-114.64565998065125,-22.645
36.377032499999586,sine,344,-0.5369922125306652,0.32387559472069943,-0.016858178984018844,0.006706093731428546,-30.767387409399237,18.556704664785602,0.2782904970014255,-0.1656798120906296,15.944870956779772,-9.492753983313625,0.35,1.8006809368924785,0.35,-22.645,-116.50405661694337,-22.645
36.48268419999931,sine,345,-0.5364682383996353,0.32410835055367665,-0.0065633600125871985,0.004540618801038546,-30.737365903117187,18.57004059167225,0.27857732882286745,-0.16565293466926848,15.961305209578446,-9.491214020505437,0.35,1.8299146991208377,0.35,-22.645,-118.3954810331182,-22.645
36.58712639999976,sine,346,-0.5361276757951421,0.3244325009325071,-0.001980559056166252,0.00384872752598942,-30.717853103219742,18.5886130403068,0.27891239772083154,-0.16572363156453543,15.980503243277889,-9.495264654228912,0.35,1.8596447577830562,0.35,-22.645,-120.31901582856374,-22.645
36.690546699999686,sine,347,-0.5358201456769658,0.3246885877301338,0.0003099461083045143,0.0032076789762652456,-30.700232925375083,18.603285732999833,0.2791835458221404,-0.1657685939626854,15.996038885105872,-9.497840809879692,0.35,1.8898551356916329,0.35,-22.645,-122.27362727924866,-22.645
36.79594319999978,sine,348,-0.5357208792663544,0.3247548187525082,0.0006095622532989747,0.0020174473547632456,-30.694545378999635,18.607080491054724,0.2792569518138055,-0.16577468795517727,16.000244738619255,-9.49818996992986,0.35,1.9205280677633967,0.35,-22.645,-124.25816598429176,-22.645
36.905708700000105,sine,349,-0.5357208792663544,0.3247548187525082,0.0003246538661588302,0.0010744958040808097,-30.694545378999635,18.607080491054724,0.2792569518138055,-0.16577468795517727,16.000244738619255,-9.49818996992986,0.35,1.9516440147707135,0.35,-22.645,-126.27136775566517,-22.645
37.010794499999975,sine,350,-0.5364990816701591,0.32511503803082653,-0.0032084837439362145,0.002126686582119802,-30.739133092344584,18.62771953540161,0.2794374706908159,-0.16617607507612264,16.010587708394393,-9.521187757910937,0.35,1.983181680835807,0.35,-22.645,-128.31185475007672,-22.645
37.11550360000001,sine,351,-0.5702206076003007,0.34761338887970106,-0.14175891237812002,0.102054808331408,-32.671234206882666,19.916780085046696,0.29261466164893585,-0.18764788279250325,16.765585136132614,-10.751431718575981,0.35,2.0151180346459094,0.35,-22.645,-130.37813684159033,-22.645
37.21881399999984,sine,352,-0.6336653862402022,0.3973816867784921,-0.30399606382336103,0.28045369791377855,-36.30635225509077,22.768293508197225,0.3202350560361547,-0.23529070077765604,18.348117163007082,-13.481164113235208,0.35,2.047428334359735,0.35,-22.645,-132.46861323307488,-22.645
37.32307649999984,sine,353,-0.6765950377697095,0.42372346760379576,-0.31822119945337135,0.2731159405594075,-38.766040103698884,24.277566374345763,0.33038109595361337,-0.26531096553794054,18.929442429048727,-15.201198583864823,0.35,2.0800861561684285,0.35,-22.645,-134.58157430409733,-22.645
37.42718479999985,sine,354,-0.7097152595871883,0.4298333824972663,-0.3021801890745773,0.17679844520200147,-40.663689030377526,24.62763871092575,0.32604901564312505,-0.2800870866484038,18.68123251074602,-16.04780796106853,0.35,2.1130634264669252,0.35,-22.645,-136.71520369241006,-22.645
37.53081329999986,sine,355,-0.7544558256068967,0.43788090922913786,-0.34466268634396163,0.13541648833679387,-43.22713463633324,25.088728028180697,0.3190594513057442,-0.2999012457456853,18.280759973578945,-17.1830756519435,0.35,2.146330457584507,0.35,-22.645,-138.86758060571762,-22.645
37.63541509999959,sine,356,-0.7914579917626852,0.4433374184822539,-0.3398319029056806,0.10133961735688891,-45.347202589901734,25.401362979258327,0.31158147397079855,-0.31538080427428317,17.852303432992073,-18.0699890243579,0.35,2.1798559870162677,0.35,-22.645,-141.03668235995252,-22.645
37.739062799999374,sine,357,-0.8040287031621145,0.4463271685817546,-0.23446028448197642,0.06863550211673962,-46.06745129856603,25.572663041758535,0.30966672080298013,-0.32142567327663035,17.74259615766677,-18.41633450590185,0.35,2.213607220090327,0.35,-22.645,-143.22038713984415,-22.645
37.8446586,sine,358,-0.8041768677928274,0.4471159839664783,-0.12607373313398842,0.04031275537315355,-46.07594050657899,25.61785883411819,0.31016629814305685,-0.3220397034754324,17.77121983079354,-18.451515844786787,0.35,2.247549875998673,0.35,-22.645,-145.41647697711414,-22.645
37.95035000000007,sine,359,-0.8038653590206817,0.44734745788169045,-0.0656684395113497,0.02246241514770247,-46.05809236865374,25.631121312527217,0.3104272276718737,-0.3221097396744866,17.786169991545083,-18.45552862340573,0.35,2.2816482371129614,0.35,-22.645,-147.6226409412086,-22.645
38.05613540000013,sine,360,-0.8035524322430048,0.447675376708351,-0.03352372754485519,0.013395647320148005,-46.04016298499622,25.649909677317748,0.3107556353860893,-0.3222486275948307,17.804986367529175,-18.463486315066795,0.35,2.3158652014999332,0.35,-22.645,-149.83647853704568,-22.645
38.16321749999952,sine,361,-0.8031484503816424,0.44809435276079446,-0.016026292372930285,0.008975970678888202,-46.017016529340324,25.67391523683981,0.31117674832407616,-0.3224245342379668,17.829114361574177,-18.473565023306808,0.35,2.3501623385447656,0.35,-22.645,-152.05550330384634,-22.645
38.268167399999584,sine,362,-0.8028372572726621,0.4483267112692213,-0.007096874579591022,0.005764364753829346,-45.99918647758219,25.687228398706623,0.311438481704359,-0.3224948249990368,17.844110579622075,-18.477592387254884,0.35,2.3844999475844926,0.35,-22.645,-154.27714660871666,-22.645
38.372006199999305,sine,363,-0.8022050098057569,0.44856367006657494,-0.0009792264320973635,0.004128479924361204,-45.962961366120695,25.700805137713484,0.31180703154714345,-0.32246820181430874,17.865226930153835,-18.476066991132768,0.35,2.4188371194475016,0.35,-22.645,-156.49876162825336,-22.645
38.47591250000005,sine,364,-0.802018522032053,0.44884216093687096,0.0003067891327345032,0.0034543765098164155,-45.95227640375667,25.71676148921437,0.3120607853101825,-0.32261021636964965,17.879765949811535,-18.48420382578323,0.35,2.453131800789368,0.35,-22.645,-158.71762751107212,-22.645
38.58243709999988,sine,365,-0.8015858438080629,0.44912347146402243,0.0020964450155543813,0.003111957947036754,-45.92748576763481,25.73287939515275,0.3123960131731348,-0.3226772746467051,17.898973091533893,-18.488045982039925,0.35,2.487340861109563,0.35,-22.645,-160.93095371378874,-22.645
38.69345720000001,sine,366,-0.8015858438080629,0.44912347146402243,0.0011077516994149861,0.0016443439626420843,-45.92748576763481,25.73287939515275,0.3123960131731348,-0.3226772746467051,17.898973091533893,-18.488045982039925,0.35,2.5214201623282406,0.35,-22.645,-163.13588450263717,-22.645
38.79941449999933,sine,367,-0.8015858438080629,0.44912347146402243,0.0005755254380705268,0.0008543085783014314,-45.92748576763481,25.73287939515275,0.3123960131731348,-0.3226772746467051,17.898973091533893,-18.488045982039925,0.35,2.5553246307970396,0.35,-22.645,-165.32950361256846,-22.645
38.908473099999355,sine,368,-0.8015858438080629,0.44912347146402243,0.0003059854260991091,0.0004542040317593296,-45.92748576763481,25.73287939515275,0.3123960131731348,-0.3226772746467051,17.898973091533893,-18.488045982039925,0.35,2.5890083316129577,0.35,-22.645,-167.50883905535838,-22.645
39.01307469999938,sine,369,-0.8015858438080629,0.44912347146402243,0.00015989825219206045,0.00023735258160099458,-45.92748576763481,25.73287939515275,0.3123960131731348,-0.3226772746467051,17.898973091533893,-18.488045982039925,0.35,2.6224245450995802,0.35,-22.645,-169.67086806794285,-22.645
39.11656099999982,sine,370,-0.8015858438080629,0.44912347146402243,8.578032995920642e-05,0.00012733211581291914,-45.92748576763481,25.73287939515275,0.3123960131731348,-0.3226772746467051,17.898973091533893,-18.488045982039925,0.35,2.655525845315581,0.35,-22.645,-171.8125221919181,-22.645
39.22260319999987,sine,371,-0.8159584042390913,0.4751289503424635,-0.06063788801593705,0.11643643024276983,-46.75097282112947,27.22288357910403,0.32554439903815846,-0.34607566182616106,18.652320109009217,-19.828674814835765,0.35,2.6882641804461307,0.35,-22.645,-173.93069247486466,-22.645
39.328170699999646,sine,372,-0.8498680662196803,0.5752502686495188,-0.14678829787426387,0.5063576094500318,-48.69385333733245,32.9594125573842,0.3797124970532886,-0.4321241617439366,21.755923509527143,-24.758890693556115,0.35,2.7205909549290572,0.35,-22.645,-176.02223478391002,-22.645
39.43309749999935,sine,373,-0.872491681167296,0.6590430006860207,-0.14662645329500246,0.6432946294872969,-49.99009099115992,37.7603824569464,0.42371198103042534,-0.5047829572048831,24.27690824217057,-28.921933017972652,0.35,2.7524571131639064,0.35,-22.645,-178.08397522170475,-22.645
39.539179700000204,sine,374,-0.8866187080081582,0.6881810498932329,-0.1279401282222301,0.4734838846162661,-50.79951000620935,39.429869699764176,0.43495514985758577,-0.5332983921263194,24.921094364319913,-30.555747089950913,0.35,2.7838132246487044,0.35,-22.645,-180.11271563477118,-22.645
39.64810189999935,sine,375,-0.9025351194098605,0.7185668931619543,-0.12690637696469204,0.3868867601319574,-51.711453204520794,41.17085027600792,0.4452399601376855,-0.5640033314130474,25.510370586462393,-32.315010521285856,0.35,2.8146095703862595,0.35,-22.645,-182.105239203991,-22.645
39.756643599999734,sine,376,-0.9087818137600854,0.7277152230973896,-0.09084040171155103,0.24299141391768372,-52.0693624266969,41.69501097090154,0.44733168272444396,-0.5739893827925747,25.630217462595837,-32.88716911933357,0.35,2.8447962303990426,0.35,-22.645,-184.05831610681807,-22.645
39.86377189999985,sine,377,-0.9123165256031966,0.7306337430524208,-0.06226834824796898,0.14044141598311072,-52.27188649710208,41.86222984674954,0.44708589207830557,-0.5778753079958828,25.616134695928313,-33.10981623298664,0.35,2.8743231721892473,0.35,-22.645,-185.9687092406443,-22.645
39.968216700000085,sine,378,-0.9111671706756663,0.7313025131872836,-0.027943811632655614,0.07715904562635899,-52.20603331059203,41.900547552941575,0.4481596187470328,-0.5778895412780467,25.677654702397028,-33.11063173998325,0.35,2.9031403399785995,0.35,-22.645,-187.8331799966154,-22.645
40.075615599999765,sine,379,-0.9098598961097686,0.7321380925419337,-0.009188186398931833,0.04500964474010307,-52.13113199530129,41.9484227234113,0.44942762158397254,-0.5779628011458131,25.75030591336429,-33.11482922121395,0.35,2.931197744560569,0.35,-22.645,-189.6484940730688,-22.645
40.18071520000012,sine,380,-0.9090421465326339,0.7325012610487254,-0.0012760913149335055,0.025300108827001247,-52.08427839583287,41.969230746102525,0.45012326776180484,-0.577881597957062,25.790163503388488,-33.11017662121551,0.35,2.9584455535962513,0.35,-22.645,-191.41142731767746,-22.645
40.28960759999973,sine,381,-0.908269401865518,0.7330410131853834,0.0027358843057460193,0.01588298975105221,-52.04000338776588,42.000156265516196,0.4509016958023384,-0.5779591574968157,25.8347641447657,-33.11462045550437,0.35,2.9848341821839606,0.35,-22.645,-193.11877158730226,-22.645
40.39809890000015,sine,382,-0.9077722034067857,0.7331711525669404,0.0035806390749618445,0.00884794346418208,-52.01151601450011,42.007612702827856,0.4512691016499599,-0.5778374657742209,25.855814949202838,-33.107648033398014,0.35,3.0103143835318185,0.35,-22.645,-194.76734061450867,-22.645
40.504316099999414,sine,383,-0.9073048116637668,0.7333657461991213,0.003948865913825404,0.005537044257095582,-51.98473644024586,42.01876209667194,0.45165897345803746,-0.5777797931678,25.878152958356814,-33.104343636456576,0.35,3.03483733956203,0.35,-22.645,-196.35397586966334,-22.645
40.613184799999544,sine,384,-0.9067877502754511,0.7333594529587164,0.004378716534542833,0.0029108310926217866,-51.955111004946204,42.01840152055728,0.4519537823008747,-0.577541224422847,25.895044260814522,-33.09067465424704,0.35,3.058354751275437,0.35,-22.645,-197.8755524075208,-22.645
40.720343399999365,sine,385,-0.9064062993540536,0.7337227257075761,0.003949841507081121,0.0031065259007540718,-51.933255477058744,42.039215515879064,0.4523980394026106,-0.5776547863252143,25.920498317762704,-33.09718127196616,0.35,3.08081892870504,0.35,-22.645,-199.3289846872161,-22.645
40.82941489999939,sine,386,-0.9060091666254122,0.7338486414012653,0.0038336560768123325,0.0021964553565142356,-51.91050144780108,42.04642995370191,0.452705085680957,-0.5775741804176154,25.938090773627156,-33.092562893656925,0.35,3.1021828802877196,0.35,-22.645,-200.71123235461548,-22.645
40.935821699999906,sine,387,-0.9059753170076363,0.7338829452705699,0.0021575125122652843,0.0013014035427236844,-51.90856200756439,42.04839542063403,0.4527457987706331,-0.577585854271508,25.94042346183653,-33.09323175621562,0.35,3.122400401484114,0.35,-22.645,-202.01930597602217,-22.645
41.04191449999962,sine,388,-0.9059052767182152,0.7339207721023172,0.0014544250404045084,0.0008579051714665929,-51.90454899458469,42.05056273844551,0.45280959008928223,-0.5775839115197355,25.944078435164702,-33.09312044473842,0.35,3.141426162477833,0.35,-22.645,-203.2502727123158,-22.645
41.147241900000154,sine,389,-0.9056995030301014,0.7341414170579268,0.0016810320522885967,0.0014310800865466335,-51.892759030720924,42.063204763172784,0.4530645998692425,-0.5776643390284223,25.958689419290987,-33.09772860154292,0.35,3.1592157947865953,0.35,-22.645,-204.40126192269273,-22.645
41.25279529999989,sine,390,-0.9056995030301014,0.7341414170579268,0.0008947204263736651,0.000761684813485071,-51.892759030720924,42.063204763172784,0.4530645998692425,-0.5776643390284223,25.958689419290987,-33.09772860154292,0.35,3.1757259766196784,0.35,-22.645,-205.4694706872932,-22.645
41.357464900000195,sine,391,-0.9058854038102755,0.7340102178045329,-0.00034883430396864806,-0.00017680017246214376,-51.90341036083309,42.05568759967805,0.45287625528918085,-0.5776453040029899,25.947898069759287,-33.096637974922714,0.35,3.1909145168181743,0.35,-22.645,-206.4521692381359,-22.645
41.463571799999954,sine,392,-0.9058854038102755,0.7340102178045329,-0.000186177437706636,-9.436056809955153e-05,-51.90341036083309,42.05568759967805,0.45287625528918085,-0.5776453040029899,25.947898069759287,-33.096637974922714,0.35,3.2047404372169392,0.35,-22.645,-207.34670628793597,-22.645
41.5700096999999,sine,393,-0.9058854038102755,0.7340102178045329,-9.876769680667239e-05,-5.0058568295731146e-05,-51.90341036083309,42.05568759967805,0.45287625528918085,-0.5776453040029899,25.947898069759287,-33.096637974922714,0.35,3.2171640532699017,0.35,-22.645,-208.15051424656266,-22.645
41.67409189999944,sine,394,-0.9058854038102755,0.7340102178045329,-5.2334742880747265e-05,-2.6524890074772213e-05,-51.90341036083309,42.05568759967805,0.45287625528918085,-0.5776453040029899,25.947898069759287,-33.096637974922714,0.35,3.228147052783363,0.35,-22.645,-208.8611143150836,-22.645
41.777664399999594,sine,395,-0.9058854038102755,0.7340102178045329,-2.80814749786406e-05,-1.4232572779485732e-05,-51.90341036083309,42.05568759967805,0.45287625528918085,-0.5776453040029899,25.947898069759287,-33.096637974922714,0.35,3.2376525726053065,0.35,-22.645,-209.47612144756334,-22.645
41.8858467,sine,396,-0.9058854038102755,0.7340102178045329,-1.5059782791550724e-05,-7.63277052886374e-06,-51.90341036083309,42.05568759967805,0.45287625528918085,-0.5776453040029899,25.947898069759287,-33.096637974922714,0.35,3.2456452731223524,0.35,-22.645,-209.9932491710162,-22.645
41.991734799999904,sine,397,-0.9058854038102755,0.7340102178045329,-7.916267941773908e-06,-4.012213023315382e-06,-51.90341036083309,42.05568759967805,0.45287625528918085,-0.5776453040029899,25.947898069759287,-33.096637974922714,0.35,3.2520914104198613,0.35,-22.645,-210.41031425416503,-22.645
42.095564499999455,sine,398,-0.9058854038102755,0.7340102178045329,-4.202394658411077e-06,-2.1299054935487275e-06,-51.90341036083309,42.05568759967805,0.45287625528918085,-0.5776453040029899,25.947898069759287,-33.096637974922714,0.35,3.2569589059649457,0.35,-22.645,-210.725241215932,-22.645
42.19908459999988,sine,399,-0.9058854038102755,0.7340102178045329,-2.255036885112662e-06,-1.1429234615419215e-06,-51.90341036083309,42.05568759967805,0.45287625528918085,-0.5776453040029899,25.947898069759287,-33.096637974922714,0.35,3.260217413676578,0.35,-22.645,-210.9360666648746,-22.645
42.30275290000009,sine,400,-0.9058854038102755,0.7340102178045329,-1.210104548517809e-06,-6.133189610113631e-07,-51.90341036083309,42.05568759967805,0.45287625528918085,-0.5776453040029899,25.947898069759287,-33.096637974922714,0.35,3.2618383842516976,0.35,-22.645,-211.04094346108485,-22.645
42.407766999999694,sine,401,-0.9058854038102755,0.7340102178045329,-6.498313395796667e-07,-3.2935491607877217e-07,-51.90341036083309,42.05568759967805,0.45287625528918085,-0.5776453040029899,25.947898069759287,-33.096637974922714,0.35,3.2617951266212466,0.35,-22.645,-211.03814469239467,-22.645
42.51607839999997,sine,402,-0.9058854038102755,0.7340102178045329,-3.4608619494299787e-07,-1.7540734456605646e-07,-51.90341036083309,42.05568759967805,0.45287625528918085,-0.5776453040029899,25.947898069759287,-33.096637974922714,0.35,3.2600628664152222,0.35,-22.645,-210.92606745706487,-22.645
42.61986259999958,sine,403,-0.9058854038102755,0.7340102178045329,-1.8221400422653243e-07,-9.235177563031226e-08,-51.90341036083309,42.05568759967805,0.45287625528918085,-0.5776453040029899,25.947898069759287,-33.096637974922714,0.35,3.2566188013213573,0.35,-22.645,-210.70323644549183,-22.645
42.723434099999395,sine,404,-0.9058854038102755,0.7340102178045329,-9.760658386324221e-08,-4.9470079817645756e-08,-51.90341036083309,42.05568759967805,0.45287625528918085,-0.5776453040029899,25.947898069759287,-33.096637974922714,0.35,3.2514421532276723,0.35,-22.645,-210.3683073138304,-22.645
42.82735749999938,sine,405,-0.9058854038102755,0.7340102178045329,-5.2436649203686144e-08,-2.6576539397288948e-08,-51.90341036083309,42.05568759967805,0.45287625528918085,-0.5776453040029899,25.947898069759287,-33.096637974922714,0.35,3.244514217045101,0.35,-22.645,-209.92006984281807,-22.645
42.93080379999992,sine,406,-0.9058854038102755,0.7340102178045329,-2.81091573434407e-08,-1.4246603070701752e-08,-51.90341036083309,42.05568759967805,0.45287625528918085,-0.5776453040029899,25.947898069759287,-33.096637974922714,0.35,3.235818406112395,0.35,-22.645,-209.35745087547195,-22.645
43.034422699999595,sine,407,-0.9058854038102755,0.7340102178045329,-1.5079993066918562e-08,-7.643013730664391e-09,-51.90341036083309,42.05568759967805,0.45287625528918085,-0.5776453040029899,25.947898069759287,-33.096637974922714,0.35,3.2253402940919083,0.35,-22.645,-208.67951702774647,-22.645
43.13986380000006,sine,408,-0.9058854038102755,0.7340102178045329,-8.095333004532547e-09,-4.102968816588849e-09,-51.90341036083309,42.05568759967805,0.45287625528918085,-0.5776453040029899,25.947898069759287,-33.096637974922714,0.35,3.213067653271253,0.35,-22.645,-207.8854771666501,-22.645
43.246822999999495,sine,409,-0.9058854038102755,0.7340102178045329,-4.305608320747692e-09,-2.182217416699505e-09,-51.90341036083309,42.05568759967805,0.45287625528918085,-0.5776453040029899,25.947898069759287,-33.096637974922714,0.35,3.1989904891925085,0.35,-22.645,-206.9746846507553,-22.645
43.350524999999834,sine,410,-0.9058854038102755,0.7340102178045329,-2.277262234646233e-09,-1.154187966167361e-09,-51.90341036083309,42.05568759967805,0.45287625528918085,-0.5776453040029899,25.947898069759287,-33.096637974922714,0.35,3.183101071537391,0.35,-22.645,-205.9466393284692,-22.645
43.455552699999316,sine,411,-0.9058854038102755,0.7340102178045329,-1.223045733876855e-09,-6.198779598750457e-10,-51.90341036083309,42.05568759967805,0.45287625528918085,-0.5776453040029899,25.947898069759287,-33.096637974922714,0.35,3.1653939612037774,0.35,-22.645,-204.8009892898844,-22.645
43.56047839999974,sine,412,-0.9058854038102755,0.7340102178045329,-6.511736440942962e-10,-3.3003523813134334e-10,-51.90341036083309,42.05568759967805,0.45287625528918085,-0.5776453040029899,25.947898069759287,-33.096637974922714,0.35,3.1458660335160196,0.35,-22.645,-203.53753236848647,-22.645
43.665544299999965,sine,413,-0.9058854038102755,0.7340102178045329,-3.476795388791755e-10,-1.762149012756541e-10,-51.90341036083309,42.05568759967805,0.45287625528918085,-0.5776453040029899,25.947898069759287,-33.096637974922714,0.35,3.1245164975186293,0.35,-22.645,-202.15621738945532,-22.645
43.77388059999976,sine,414,-0.9058854038102755,0.7340102178045329,-1.8542636781538776e-10,-9.397990230839197e-11,-51.90341036083309,42.05568759967805,0.45287625528918085,-0.5776453040029899,25.947898069759287,-33.096637974922714,0.35,3.1013469113102095,0.35,-22.645,-200.65714516177056,-22.645
43.8794199999993,sine,415,-0.9058854038102755,0.7340102178045329,-9.729717830160608e-11,-4.9313263369161e-11,-51.90341036083309,42.05568759967805,0.45287625528918085,-0.5776453040029899,25.947898069759287,-33.096637974922714,0.35,3.076361193381857,0.35,-22.645,-199.04056921180617,-22.645
43.98322670000016,sine,416,-0.9058854038102755,0.7340102178045329,-5.176295018430824e-11,-2.6235087592066555e-11,-51.90341036083309,42.05568759967805,0.45287625528918085,-0.5776453040029899,25.947898069759287,-33.096637974922714,0.35,3.0495656299316978,0.35,-22.645,-197.30689625658084,-22.645
44.08795860000009,sine,417,-0.9058854038102755,0.7340102178045329,-2.7804852600064507e-11,-1.4092371876986369e-11,-51.90341036083309,42.05568759967805,0.45287625528918085,-0.5776453040029899,25.947898069759287,-33.096637974922714,0.35,3.0209688781347084,0.35,-22.645,-195.45668641531563,-22.645
44.19243389999974,sine,418,-0.9058854038102755,0.7340102178045329,-1.4842580058616067e-11,-7.522685367498569e-12,-51.90341036083309,42.05568759967805,0.45287625528918085,-0.5776453040029899,25.947898069759287,-33.096637974922714,0.35,2.9905819653544623,0.35,-22.645,-193.49065315843373,-22.645
44.30208849999963,sine,419,-0.9058854038102755,0.7340102178045329,-7.939649923685545e-12,-4.024063745527771e-12,-51.90341036083309,42.05568759967805,0.45287625528918085,-0.5776453040029899,25.947898069759287,-33.096637974922714,0.35,2.9584182842910933,0.35,-22.645,-191.40966299363376,-22.645
44.40600790000008,sine,420,-0.9058854038102755,0.7340102178045329,-4.14555143243931e-12,-2.1010955627570115e-12,-51.90341036083309,42.05568759967805,0.45287625528918085,-0.5776453040029899,25.947898069759287,-33.096637974922714,0.35,2.92449358406723,0.35,-22.645,-189.2147348891498,-22.645
44.51053899999988,sine,421,-0.9058854038102755,0.7340102178045329,-2.2188509981178036e-12,-1.124583318417805e-12,-51.90341036083309,42.05568759967805,0.45287625528918085,-0.5776453040029899,25.947898069759287,-33.096637974922714,0.35,2.8888259572613393,0.35,-22.645,-186.90703943480867,-22.645
44.61443700000018,sine,422,-0.9058854038102755,0.7340102178045329,-1.1872428360645245e-12,-6.017319276877025e-13,-51.90341036083309,42.05568759967805,0.45287625528918085,-0.5776453040029899,25.947898069759287,-33.096637974922714,0.35,2.851435822905423,0.35,-22.645,-184.48789774198087,-22.645
44.719471800000065,sine,423,-0.9058854038102755,0.7340102178045329,-6.369112115640345e-13,-3.228065897375587e-13,-51.90341036083309,42.05568759967805,0.45287625528918085,-0.5776453040029899,25.947898069759287,-33.096637974922714,0.35,2.8123459054715214,0.35,-22.645,-181.95878008400743,-22.645
44.8230308000002,sine,424,-0.9058854038102755,0.7340102178045329,-3.392658929329172e-13,-1.7195060147081736e-13,-51.90341036083309,42.05568759967805,0.45287625528918085,-0.5776453040029899,25.947898069759287,-33.096637974922714,0.35,2.7715812098790544,0.35,-22.645,-179.32130427917483,-22.645
44.92664309999964,sine,425,-0.9058854038102755,0.7340102178045329,-1.8213467023096672e-13,-9.231156667167901e-14,-51.90341036083309,42.05568759967805,0.45287625528918085,-0.5776453040029899,25.947898069759287,-33.096637974922714,0.35,2.729168992562377,0.35,-22.645,-176.5772338187858,-22.645
45.03277519999938,sine,426,-0.9058854038102755,0.7340102178045329,-9.766348628600417e-14,-4.949891975122847e-14,-51.90341036083309,42.05568759967805,0.45287625528918085,-0.5776453040029899,25.947898069759287,-33.096637974922714,0.35,2.6851387286453416,0.35,-22.645,-173.7284757433536,-22.645
45.13594959999955,sine,427,-0.9058854038102755,0.7340102178045329,-5.192461095960524e-14,-2.6317022346268492e-14,-51.90341036083309,42.05568759967805,0.45287625528918085,-0.5776453040029899,25.947898069759287,-33.096637974922714,0.3638435197142109,2.639522075276925,0.35,-23.54067572550945,-170.77707827041706,-22.645
45.23949949999951,sine,428,-0.9058854038102755,0.7340102178045329,-2.792373869506383e-14,-1.4152627080847054e-14,-51.90341036083309,42.05568759967805,0.45287625528918085,-0.5776453040029899,25.947898069759287,-33.096637974922714,0.40447747948985535,2.592352831189155,0.35,-26.169692922993644,-167.72522817793833,-22.645
45.34377069999937,sine,429,-0.9058854038102755,0.7340102178045329,-1.4961116055091964e-14,-7.582763130440694e-15,-51.90341036083309,42.05568759967805,0.45287625528918085,-0.5776453040029899,25.947898069759287,-33.096637974922714,0.4455141583265113,2.5436668925456245,0.35,-28.824766043725283,-164.5752479477019,-22.645
45.44747610000013,sine,430,-0.9058854038102755,0.7340102178045329,-8.012329670857169e-15,-4.060900122249491e-15,-51.90341036083309,42.05568759967805,0.45287625528918085,-0.5776453040029899,25.947898069759287,-33.096637974922714,0.4869058399615754,2.493502205155851,0.35,-31.502807845513928,-161.32959267358356,-22.645
45.55281239999931,sine,431,-0.9058854038102755,0.7340102178045329,-4.300788564005528e-15,-2.179774612727689e-15,-51.90341036083309,42.05568759967805,0.45287625528918085,-0.5776453040029899,25.947898069759287,-33.096637974922714,0.5286045424483602,2.441898713137486,0.35,-34.20071389640891,-157.99084673999536,-22.645
45.656195300000036,sine,432,-0.9058854038102755,0.7340102178045329,-2.2906945509658684e-15,-1.1609958856146726e-15,-51.90341036083309,42.05568759967805,0.45287625528918085,-0.5776453040029899,25.947898069759287,-33.096637974922714,0.5705621052785179,2.388898304115112,0.35,-36.91536821152011,-154.56172027624774,-22.645
45.76158570000007,sine,433,-0.9058854038102755,0.7340102178045329,-1.2295950281623947e-15,-6.23197347750651e-16,-51.90341036083309,42.05568759967805,0.45287625528918085,-0.5776453040029899,25.947898069759287,-33.096637974922714,0.6127302764713493,2.3345447510507507,0.35,-39.6436488876963,-151.04504539298358,-22.645
45.8667504999994,sine,434,-0.9058854038102755,0.7340102178045329,-6.538155942046828e-16,-3.3137426135766785e-16,-51.90341036083309,42.05568759967805,0.45287625528918085,-0.5776453040029899,25.947898069759287,-33.096637974922714,0.6550607994617893,2.278883650807537,0.35,-42.38243372517777,-147.44377220724766,-22.645
45.97252130000015,sine,435,-0.9058854038102755,0.7340102178045329,-3.48411462207603e-16,-1.7658586298791358e-16,-51.90341036083309,42.05568759967805,0.45287625528918085,-0.5776453040029899,25.947898069759287,-33.096637974922714,0.6975054996195276,2.221962359554184,0.35,-45.12860582538344,-143.76096466315573,-22.645
46.077600199999324,sine,436,-0.906095251887507,0.7337835049139186,-0.0009301059353879414,-0.0010044735791203362,-51.915433769997385,42.042697907884644,0.45261518563829994,-0.5775618805057706,25.93293988060486,-33.091858160619836,0.7400163702327655,2.163829925123679,0.35,-47.879059154059924,-139.99979615550205,-22.645
46.18126249999932,sine,437,-0.9115345706089317,0.7317970163250197,-0.024738970324147617,-0.00931332389127247,-52.22708377616152,41.92888049568983,0.44825017165288467,-0.5784450334434211,25.682843001724983,-33.14245909661179,0.7825456577913013,2.104537016445452,0.35,-50.63070405909719,-136.16354496402076,-22.645
46.28889629999958,sine,438,-0.9226708631111475,0.7275098353599647,-0.06359609536678987,-0.023885912144992978,-52.86514633596167,41.68324312038336,0.43919263529908936,-0.579983094274759,25.1638843958662,-33.230583490881834,0.8250459464054214,2.0441358501756204,0.35,-53.38047273243077,-132.25558950636264,-22.645
46.39427100000012,sine,439,-0.9229421019043538,0.7273401256368299,-0.03471482206352567,-0.013324801639210853,-52.88068717405261,41.6735194695054,0.4389328893505027,-0.5799668757850046,25.14900204926656,-33.22965423986883,0.8674702411988336,1.982680114655233,0.35,-56.125324605564536,-128.2794034181936,-22.645
46.498051999999916,sine,440,-0.9239468619164612,0.7268772485716942,-0.02292724710004177,-0.00911785673641661,-52.93825568216988,41.64699856723973,0.43807097578099663,-0.5800382355236955,25.099618039428808,-33.23374285172297,0.9097720505162998,1.9202248913314053,0.35,-58.8622516684046,-124.23855046914193,-22.645
46.60283220000019,sine,441,-0.9343422485650867,0.722462520129385,-0.05930186198594839,-0.02440049073992887,-53.53386746354277,41.394053259799044,0.42939381007961974,-0.5810103689754681,24.602453066604237,-33.28944199563303,0.9519054667890643,1.8568265737809804,0.35,-61.588283701252465,-120.13667932362944,-22.645
46.7065149,sine,442,-0.9524131987033906,0.7160451068196044,-0.11314390902251206,-0.040552726109571904,-54.56925663825893,41.02636256175754,0.4151045697698565,-0.5834456197080249,23.783739904406595,-33.42897158466467,0.9938252459040854,1.7925427844808448,0.35,-64.30049340999433,-115.97751815591066,-22.645
46.81210740000006,sine,443,-0.9667386789324972,0.7118614984622802,-0.12610116567619337,-0.03956706056552879,-55.390046194884846,40.7866594597472,0.4043278898680838,-0.5858888550465742,23.166281628871563,-33.56895865792076,1.035486884926277,1.7274322894731498,0.35,-66.99600145473013,-111.76486912891279,-22.645
46.9195452999993,sine,444,-0.969295755470069,0.7113754487027675,-0.07846441987513311,-0.023046504040146826,-55.53655588837963,40.75881085989377,0.402553360989607,-0.5865200939209457,23.064608613510757,-33.60512598128684,1.0768466980263494,1.6615549110777406,0.35,-69.6719813623048,-107.50260274672982,-22.645
47.02328810000017,sine,445,-0.9688302188163926,0.7115742688367324,-0.039310551835911194,-0.011292379624518628,-55.50988260291533,40.770202414452186,0.40293894866025554,-0.5864964993272322,23.0867011596712,-33.603774110647734,1.1178618904706026,1.594971438807665,0.35,-72.32566431344799,-103.19465209085593,-22.645
47.126825800000006,sine,446,-0.9720315142340499,0.7100134912048817,-0.035537023600124666,-0.012982721616847229,-55.693303319321664,40.680776443388716,0.4001796490502086,-0.5864941655114708,22.928604937603414,-33.603640392854444,1.1584906305330822,1.5277435386469334,0.35,-74.95434379549042,-98.8450069504566,-22.645
47.23165559999961,sine,447,-0.9802937098134158,0.7068384765956213,-0.05632192406843854,-0.020934378077801467,-56.166692255530975,40.498861506385715,0.3935525356693221,-0.587143111740456,22.548899310523943,-33.64082227290622,1.1986921191946922,1.4599336608528897,0.35,-77.55538011189658,-94.45770785718197,-22.645
47.33554539999932,sine,448,-0.9928377359849989,0.7020146937712178,-0.08663201530480552,-0.03211090418905099,-56.885412013264336,40.2224791092597,0.383521321371484,-0.5879932196243147,21.974153067866535,-33.689529866782124,1.2384266574985272,1.3916049464480662,0.35,-80.12620474015472,-90.03684003518988,-22.645
47.43866069999967,sine,449,-1.012491347573616,0.695873151357606,-0.13615588965045528,-0.04348326935386682,-58.0114810094815,39.870594649259154,0.368638329097286,-0.5902077812946274,21.12142042402918,-33.81641490396248,1.277655711435337,1.3228211325690904,0.35,-82.6643245298663,-85.58652727722016,-22.645
47.546535599999515,sine,450,-1.0412124343975746,0.6943403197969422,-0.20290710574555842,-0.027441590956737812,-59.65707806752313,39.78276987012867,0.35076286895378667,-0.599227744233383,20.09723200095235,-34.3332207117176,1.3163419742382214,1.2536464568420618,0.35,-85.16732573321293,-81.1109257576814,-22.645
47.65004039999985,sine,451,-1.053154491430841,0.6975893217012725,-0.15886193657016953,0.0009118530819309859,-60.34130753423381,39.968923966876766,0.3451897268949931,-0.6061970918750778,19.77791448235663,-34.73253491754616,1.3544494259707904,1.1841455609558025,0.35,-87.63287786031015,-76.61421779384042,-22.645
47.75523379999959,sine,452,-1.061653967389855,0.7000432379430862,-0.12292197105288155,0.012091429501280745,-60.82829163475822,40.109523010811294,0.34122107183060996,-0.6112517608388627,19.550527296824253,-35.0221461160068,1.3919433902985836,1.114383393605734,0.35,-90.05873735231836,-72.10060556629098,-22.645
47.85955959999956,sine,453,-1.0755976031565062,0.6999149109428479,-0.12717516794015538,0.006807225624755808,-61.627203115255,40.10217041530006,0.33260412385751253,-0.6158371370363361,19.05681254568196,-35.284868819601776,1.4287905883392211,1.044425112982335,0.35,-92.44275106554761,-67.57430480995707,-22.645
47.96362020000015,sine,454,-1.1096910274051792,0.6956146237537202,-0.22115892426171638,-0.012096168051684389,-63.58061243385294,39.85578210866887,0.3095055477049452,-0.622965505240773,17.73336161937832,-35.69329423253126,1.4649591894926899,0.9743359889788707,0.35,-94.78285956017704,-63.03953848693294,-22.645
48.068113399999675,sine,455,-1.153134844117877,0.6912041234163467,-0.31479389996851515,-0.019663302723720334,-66.06975977743043,39.60307905379634,0.28036902680303516,-0.6317882153358665,16.06396194200417,-36.198798284847584,1.500418859159177,0.9041813052936841,0.35,-97.07710018759876,-58.500530452501366,-22.645
48.17976809999982,sine,456,-1.1787551074408886,0.6966775553362647,-0.27368383651050077,0.017430174059862545,-67.53769273585281,39.91668360225983,0.2661834699119147,-0.6438213855216112,15.251189402100248,-36.8882481506534,1.5351408032582228,0.8340262616023311,0.35,-99.32360997080701,-53.96149912567082,-22.645
48.28387479999947,sine,457,-1.1919752971843405,0.7041462911062883,-0.2012454002835671,0.04386145411996272,-68.29515381251476,40.344610640180576,0.2604111441764167,-0.6542232304553784,14.920459499481463,-37.484229964507804,1.569097809469294,0.7639358759748469,0.35,-101.52062827266333,-49.426651175572594,-22.645
48.388779500000055,sine,458,-1.2061655653241659,0.7086203290731699,-0.16951984635726391,0.044841940472745326,-69.1081962870857,40.60095413306418,0.2526970958626013,-0.6620324376632725,14.478477088139831,-37.93166457886328,1.6022642851205546,0.6939748877127085,0.35,-103.6664992472999,-44.90017523501224,-22.645
48.492601099999774,sine,459,-1.247907375437343,0.7077696698490705,-0.27521931599366345,0.025577534380641063,-71.49982583580726,40.55221494971941,0.22458065216086856,-0.6711940376919786,12.86752352911336,-38.456585594095074,1.6346162916592455,0.6242076607793832,0.35,-105.75967407035319,-40.386235652426095,-22.645
48.59812160000001,sine,460,-1.2905861725573076,0.6950539308868492,-0.34318250975411063,-0.03575437872002511,-73.94514078547631,39.82365677379407,0.192222455568698,-0.6679449785846143,11.013535431727384,-38.27042821985456,1.6661315756439667,0.554698087997116,0.35,-107.79871294416465,-35.888966293413404,-22.645
48.70513249999931,sine,461,-1.3469783967337814,0.6629690082599524,-0.4551139039748723,-0.14932359586531999,-77.17617722814387,37.98532612126909,0.14714857799012704,-0.6464326739179173,8.430992480185918,-37.03786395485323,1.696789596206103,0.48550949618107014,0.35,-109.78228687453488,-31.41246440291524,-22.645
48.80880479999996,sine,462,-1.3982354528194434,0.6153934029650686,-0.5084183595119741,-0.27632663046860534,-80.11299021211765,35.25944473009199,0.10566658576021667,-0.6062537530330894,6.054249399617579,-34.73578136276255,1.7265715489346563,0.4167045523802319,0.35,-111.70917921607226,-26.960784539001004,-22.645
48.91205819999959,sine,463,-1.4889158181350357,0.5611655799891612,-0.7635240196251459,-0.36249632429604756,-85.30859242940558,32.15241934138994,0.045897197325138764,-0.5592854865292581,2.629715698209582,-32.044697921047344,1.75546038614594,0.35,0.35,-113.57828698364231,-22.645,-22.645
49.01702889999979,sine,464,-1.7166552029509439,0.49746665837511855,-1.6842782781985648,-0.35910086900836585,-98.35709800826287,28.50273997337064,-0.07230291812578678,-0.4921842787263757,-4.142652055087523,-28.200081913711877,1.7834408335067535,0.35,0.35,-115.38862192788696,-22.645,-22.645
49.12167979999958,sine,465,-1.9895522278121922,0.4652537441641438,-2.3186016730934975,-0.1254458826043078,-113.9929457744891,26.657075943264793,-0.18918341512624975,-0.4250537400140406,-10.839411240605529,-24.353785369055487,1.8104994029869013,0.35,0.35,-117.13931137325251,-22.645,-22.645
49.22648179999942,sine,466,-2.241332970559966,0.45614429638811455,-2.3874851705623534,0.10324942054555199,-128.41891969660566,26.135143032003484,-0.28345104467539073,-0.35738372150930114,-16.240548558474035,-20.476578909161734,1.8366244021242863,0.35,0.35,-118.82959881744134,-22.645,-22.645
49.33559090000017,sine,467,-2.4709653970714656,0.4665095678176948,-2.180340147536096,0.2858575269534245,-141.5758885750626,26.729029338425967,-0.3654785210290912,-0.2899252102385037,-20.940376757650228,-16.611490921109347,1.8618059395930575,0.35,0.35,-120.45884429167083,-22.645,-22.645
49.44041829999969,sine,468,-2.5988941332054423,0.48696349101152225,-1.5789578948876422,0.3223085135882461,-148.90566523398223,27.900952811917026,-0.4169956775292414,-0.2514916430024224,-23.89209239762379,-14.409409726849606,1.8860359270727463,0.35,0.35,-122.02652448160669,-22.645,-22.645
49.54395719999957,sine,469,-2.6755411489232905,0.5096512045088041,-1.1023507878819043,0.3101920834742873,-153.29721574688782,29.200863042113266,-0.45529667567935544,-0.22901809398517547,-26.0865779427637,-13.121770217480979,1.9093080774235243,0.35,0.35,-123.53223260930203,-22.645,-22.645
49.654041799999504,sine,470,-2.6967598968671145,0.5109668959669292,-0.6772893976214247,0.17912592045638812,-154.51296045062082,29.276246609805252,-0.46124094862710174,-0.21987259056928848,-26.427159694943352,-12.597771470228176,1.9316178991802024,0.35,0.35,-124.9756780769591,-22.645,-22.645
49.761669399999846,sine,471,-2.6972489786475076,0.511325820595362,-0.35527061883748134,0.09513684008207875,-154.54098277247408,29.29681147617775,-0.4616724996676296,-0.2198012690094462,-26.451885748210078,-12.593685045860923,1.9529626873847623,0.35,0.35,-126.35668587379412,-22.645,-22.645
49.86650809999992,sine,472,-2.6982096201820993,0.5121348389112436,-0.1908657046384992,0.05373118677484655,-154.59602347803116,29.343164811226544,-0.46261422755185333,-0.2197047329787127,-26.505842781425883,-12.588153938728949,1.9733415107845347,0.35,0.35,-127.6751957477594,-22.645,-22.645
49.97045539999999,sine,473,-2.6996241528777754,0.5134702699460822,-0.10786379994381998,0.03471360339757901,-154.67707023147665,29.41967937335359,-0.4641316555547412,-0.21962132052812558,-26.59278500170632,-12.583374757351464,1.9927551954303349,0.35,0.35,-128.93126114434267,-22.645,-22.645
50.07386739999947,sine,474,-2.7003412111854654,0.5139990919830499,-0.060923636909689,0.020988550191741295,-154.7181546461721,29.44997864418535,-0.46476718787208526,-0.21951429939043518,-26.629198321234306,-12.577242897843115,2.0112063047159583,0.35,0.35,-130.1250479151225,-22.645,-22.645
50.17940559999988,sine,475,-2.7008484252075635,0.5143142584569942,-0.03496942745520089,0.012695930384992083,-154.74721586894816,29.468036352986374,-0.46516351621954827,-0.21941298874595805,-26.65190626284533,-12.571438225494825,2.028699115907517,0.35,0.35,-131.25683279921634,-22.645,-22.645
50.28329659999963,sine,476,-2.7010343172990323,0.5146585294439661,-0.01942002426508225,0.00828556478652512,-154.7578667012342,29.487761627548664,-0.465515693147485,-0.2194733272241579,-26.672084514457985,-12.57489536563792,2.045239593218008,0.35,0.35,-132.32700168120513,-22.645,-22.645
50.392316200000096,sine,477,-2.701580683301326,0.5151103932217018,-0.012838119451337943,0.006464941079527102,-154.78917116723505,29.513651514927762,-0.4660443586245746,-0.21941142403991898,-26.702374815069494,-12.571348574442608,2.0608353574893563,0.35,0.35,-133.33604762956136,-22.645,-22.645
50.497231599999395,sine,478,-2.702002898096244,0.5154448530773214,-0.008553725130771156,0.0048447920039749025,-154.81336229303184,29.532814653071316,-0.46643961735992606,-0.21935696916448125,-26.72502147242081,-12.568228539906116,2.075495652550864,0.35,0.35,-134.2845687200409,-22.645,-22.645
50.60312909999993,sine,479,-2.7096658392975117,0.5231578574076419,-0.03798737492350207,0.03692534806686464,-155.2524164825214,29.97473724856481,-0.47511147412629035,-0.21900509336747823,-27.221882265675447,-12.54806754182504,2.089231308329556,0.35,0.35,-135.17326564892227,-22.645,-22.645
50.70808669999951,sine,480,-2.7277884535656143,0.5437863733464308,-0.09593309849862243,0.11150011688588632,-156.29076579382723,31.156664149475763,-0.497889607437247,-0.21865397010630264,-28.526973169579616,-12.52794966087081,2.1020547007943438,0.35,0.38893585551011084,-136.00293914139405,-22.645,-25.164149851504174
50.81268679999994,sine,481,-2.7355956423476813,0.555973403638896,-0.0833072466185447,0.11414418795966709,-156.73808476090156,31.854929550032107,-0.5107778248856595,-0.2195733115815612,-29.26541363482052,-12.580624047334457,2.1139797088221406,0.35,0.4281244031933654,-136.7744871607925,-22.645,-27.699648886610746
50.920710999999756,sine,482,-2.7350990140591485,0.5554248368509958,-0.042417587517704324,0.058562381404013555,-156.70963005598182,31.823498988304372,-0.5101648499393202,-0.21961005276932602,-29.23029275744802,-12.582729162327677,2.1250216680801586,0.35,0.46682547752462317,-137.48890192478626,-22.645,-30.20360839584312
51.02648529999988,sine,483,-2.735149629537301,0.5556127182622992,-0.022481728530090995,0.03156990863986891,-156.71253010925798,31.834263800221024,-0.5103485402040601,-0.21965850815847285,-29.240817434355254,-12.585505451620454,2.13519732202448,0.35,0.5049915887653029,-138.14726673498387,-22.645,-32.6729557931151
51.13077340000018,sine,484,-2.735114702946867,0.5558438741228136,-0.011814275585271036,0.017838915049185125,-156.71052896303337,31.84750805543821,-0.5105531890321937,-0.21976772640429992,-29.252542948489612,-12.591763196152169,2.1445247701207006,0.35,0.5425760336205016,-138.75075262680934,-22.645,-35.10466937524645
51.236101399999825,sine,485,-2.736093757972361,0.5554821932415536,-0.01062522468979776,0.007898409390667833,-156.76662468390523,31.82678526741144,-0.5104357583732908,-0.21912508661111846,-29.245814667349034,-12.554942648255711,2.1530234133978468,0.35,0.5795329798147129,-139.3006148468407,-22.645,-37.49578379401192
51.340156399999614,sine,486,-2.736672533709638,0.5553097630729514,-0.008258379935763222,0.0034571922708896497,-156.79978609093575,31.81690574648981,-0.5104040107486277,-0.2187616940322327,-29.243995662446274,-12.534121787179181,2.160713897452122,0.35,0.6158175493253001,-139.79818916515228,-22.645,-39.843395441346914
51.44398869999986,sine,487,-2.7416542165934255,0.5528034793618736,-0.0267461660548093,-0.009286197612055616,-157.08521549504934,31.673306267582664,-0.5091789740039238,-0.2152404683764299,-29.17380622722629,-12.332370418388496,2.1676180530219336,0.35,0.651385900113232,-140.24488803051912,-22.645,-42.14466773732612
51.54965529999936,sine,488,-2.751808438441991,0.5473626150432065,-0.06042719132437501,-0.0290967424514904,-157.6670095512117,31.361567705219716,-0.5063055349211383,-0.20799167688914255,-29.00917029509474,-11.917045259596572,2.1737588342605045,0.35,0.6861953061934003,-140.64219657665464,-22.645,-44.396836310713
51.653258399999686,sine,489,-2.75812796038813,0.5442254142937955,-0.06069613662661532,-0.029230936434731358,-158.02909148726576,31.181819342793187,-0.5047004659580188,-0.20361419701241856,-28.917206617680552,-11.66623413775684,2.179160254836872,0.35,0.7202042358896132,-140.99166848794562,-22.645,-46.59721406205798
51.757528699999966,sine,490,-2.7648180092812624,0.5407773598587479,-0.06302130037037229,-0.03090330556217785,-158.4124030535784,30.984260376133594,-0.5028451557607986,-0.1989645753989787,-28.81090517369225,-11.399830442973926,2.1838473220003247,0.35,0.7533724281227657,-141.294921733421,-22.645,-48.74319609954294
51.86259759999939,sine,491,-2.769142040390227,0.5387565550513297,-0.053358899993862806,-0.025457109736951804,-158.66015178660535,30.868476789448785,-0.5018185260605776,-0.1960530349501527,-28.752083624746813,-11.233011463374572,2.1878459687473377,0.35,0.7856609665841213,-141.55363417795274,-22.645,-50.83226453799265
51.967630899999676,sine,492,-2.7704782394921157,0.5385843194282934,-0.034414021187663985,-0.014308597298603135,-158.73671035573275,30.858608415167,-0.5019195334190543,-0.1953198686934763,-28.75787092008729,-11.19100413118561,2.1911829842337713,0.35,0.8170323516495159,-141.769539079925,-22.645,-52.86199315172368
52.076394799999434,sine,493,-2.7733827962276507,0.5370600681983547,-0.0313564691660624,-0.014350054670518378,-158.9031291980352,30.771275252773886,-0.5010626475142133,-0.1933125451678413,-28.70877497421565,-11.075992965049403,2.193885942578544,0.35,0.8474505698944399,-141.9444204848318,-22.645,-54.830051872170266
52.18035489999966,sine,494,-2.7871566610528804,0.5299932067660805,-0.07796245436881269,-0.03811783918389526,-159.69231352010456,30.366373918300802,-0.49705009213149226,-0.18394022162177687,-28.478872485723237,-10.538998381628826,2.195983130208117,0.35,0.8768811610742697,-142.0801085244652,-22.645,-56.734211121505254
52.28382539999984,sine,495,-2.809449010950083,0.5205251443604008,-0.14483048362546372,-0.06165315712330394,-160.96957108464315,29.82389390228887,-0.4920761226273842,-0.16972776865149555,-28.193885025711065,-9.724684809903534,2.197503471894009,0.35,0.9052912824386321,-142.1784746315424,-22.645,-58.5723459737795
52.387365300000056,sine,496,-2.829488868661682,0.5157581927209519,-0.17017557396451496,-0.05312649654399147,-162.11777035356047,29.550767692205483,-0.49084175203203434,-0.1583694661887369,-28.123160800242466,-9.073902016354415,2.1984764556380436,0.35,0.9326497702537369,-142.24142667978143,-22.645,-60.34244013541678
52.492204799999854,sine,497,-2.836095767304743,0.5157234541206127,-0.12135268148248247,-0.02832925476772472,-162.4963177614786,29.54877731701985,-0.49184423245587744,-0.1551126433595422,-28.180598697573163,-8.887299813619702,2.198932056562346,0.35,0.9589271984117114,-142.27090405958378,-22.645,-62.042589737237726
52.59677969999939,sine,498,-2.846689994797437,0.5163204411489238,-0.1120322579809089,-0.011977826260289648,-163.1033222840114,29.58298215416614,-0.49403111424326357,-0.15006683880117816,-28.305897794284412,-8.59819650817757,2.19890065996298,0.35,0.9840959340113387,-142.2688726996048,-22.645,-63.671006930533615
52.700892199999544,sine,499,-2.8643832018211266,0.5155156894285003,-0.138968528542161,-0.009069280542789746,-164.11706837252007,29.53687327702998,-0.49583478464418373,-0.14108257292733908,-28.409240495889808,-8.083435991583178,2.1984129836877537,0.35,1.0081301898001667,-142.23732004459768,-22.645,-65.22602328007079
52.80733799999962,sine,500,-2.908350577775749,0.5076197971832076,-0.27550482902727025,-0.036229202438268306,-166.6362134509849,29.08447197588463,-0.49387454890413,-0.11732769680285593,-28.296927261134027,-6.722381846794207,2.1974999999999993,0.35,1.0310060733739026,-142.17824999999996,-22.645,-66.7060929472915
52.91143379999994,sine,501,-2.963065366202893,0.49912058461055386,-0.3957841728830331,-0.04927109814752194,-169.7711399048115,28.597502966287045,-0.49118770422985,-0.08863406340335811,-28.142982401090578,-5.0783577541073655,2.1961928570911513,0.35,1.0527016330348673,-142.0936778537975,-22.645,-68.10979565735592
53.01513949999935,sine,502,-3.013559922822705,0.49658085261917,-0.4412019383647284,-0.0294648086525299,-172.66426488751108,28.451987042086394,-0.4925163383729901,-0.06340504414984821,-28.219107530009484,-3.632841429626953,2.19452280040553,0.35,1.0731969002176913,-141.9856251862378,-22.645,-69.43583944408464
53.11913420000019,sine,503,-3.0386120080660457,0.5005177407899467,-0.34706450546627693,0.0054454665446827585,-174.09964363995647,28.677554118686878,-0.49786608677313104,-0.05145258483965011,-28.52562553479443,-2.948015956350755,2.1925210939411452,0.35,1.0924739283966718,-141.8561147779921,-22.645,-70.68306316726466
53.22289009999986,sine,504,-3.05850022763204,0.5037283099105706,-0.2729088593913324,0.01954949727022001,-175.23915468311745,28.861506179133656,-0.5019903516185918,-0.04180785915593298,-28.761928504033506,-2.395413880112336,2.190218941690281,0.35,1.1105168283959377,-141.70716552736118,-22.645,-71.85043879721717
53.3279751,sine,505,-3.0721154834526416,0.5042104949154587,-0.20656294201177952,0.013840751538461624,-176.01925137862887,28.889133344858234,-0.5029940528707086,-0.03500294215620447,-28.819436349671793,-2.0055208560910653,2.187647409383331,0.35,1.1273118000301408,-141.54078738710152,-22.645,-72.9370734619501
53.43534219999947,sine,506,-3.1128590772212927,0.49639471131640245,-0.29531748329839397,-0.023257116544130905,-178.3536873437681,28.441321931044744,-0.49618980910819654,-0.014261232768102287,-28.429581899301635,-0.8171084482659333,2.1848373466987208,0.35,1.1428471600104058,-141.35897633140723,-22.645,-73.94221125267326
53.54021089999969,sine,507,3.1413116027602763,0.4907033739881988,-0.28730146928957634,-0.03412544410283537,179.98389697364004,28.115232322353414,-0.490703354607975,0.0001379125884905234,-28.115231211948384,0.007901809262231482,2.1818193101007535,0.35,1.1571133660571888,-141.16370936351876,-22.645,-74.86523478390012
53.64514019999933,sine,508,3.136287671811834,0.49138260102937975,-0.17546084621547495,-0.014772874280796735,179.69604693372912,28.15414916514424,-0.49137568659668396,0.002606763517475791,-28.153752997333044,0.14935654774003984,2.178623486465982,0.35,1.1701030371688186,-140.95693957434906,-22.645,-75.70566650482256
53.74979769999936,sine,509,3.1319479510728208,0.492923934807145,-0.1126570213649334,-0.0008088379815938079,179.44739925111827,28.242461085431145,-0.4929010090220055,0.004754031010356038,-28.24114753470063,0.27238591256771555,2.1752796176570603,0.35,1.181810970001751,-140.7405912624118,-22.645,-76.46316975911328
53.853220500000134,sine,510,3.1315554721979986,0.4935604120900499,-0.06187032573219318,0.0024139456491003015,179.42491186804293,28.27892854749755,-0.4935355504243772,0.004953872203328071,-28.277504078982837,0.2838359694978725,2.171816926201138,0.35,1.1922341513258536,-140.51655512521364,-22.645,-77.13754959078274
53.95741369999996,sine,511,3.1311417214192367,0.49415765103910786,-0.03499492606232738,0.003971651713860559,179.40120569464963,28.3131478186394,-0.4941306648453947,0.005164314081935628,-28.311601623634512,0.2958934009748899,2.1682640422276305,0.35,1.2013717665254369,-140.2866835321277,-22.645,-77.72875329419577
54.06118559999959,sine,512,3.130866067377525,0.4945638314889254,-0.0199583614025309,0.003943233323370796,179.38541188145382,28.336420244134672,-0.49453537959061805,0.0053048798449654355,-28.334790070442523,0.3039472259405339,2.1646489318176547,0.35,1.2092252041241278,-140.05278588860227,-22.645,-78.23687070683107
54.16616509999949,sine,513,3.130591380339741,0.4950045558496915,-0.011926581544450194,0.004088393478171351,179.36967347350185,28.36167188993517,-0.49497460144286304,0.005445570532941896,-28.35995562884608,0.3120082085783771,2.1609988269146085,0.35,1.2157980563193058,-139.81662410137517,-22.645,-78.66213424385909
54.2715976999998,sine,514,3.1304071247224003,0.49543144015264046,-0.00716008815097034,0.004071152519367474,179.35911640427665,28.386130558834527,-0.495400447261869,0.005541547117867986,-28.384354796998412,0.31750726182672095,2.157340156942175,0.35,1.2210961155192235,-139.57990815415872,-22.645,-79.00491867409376
54.375676900000144,sine,515,3.1301890038898392,0.4956990565052907,-0.004779276026467998,0.0033574129370168054,179.34661900114702,28.401463846370074,-0.4956668257022408,0.005652655880190452,-28.399617157384995,0.32387332497472043,2.1536984822727296,0.35,1.2251273668835232,-139.34429180304562,-22.645,-79.26574063736395
54.47979899999973,sine,516,3.130232169520985,0.4957701102632484,-0.002366123847373007,0.002114589385907916,179.3490922096317,28.40553492681959,-0.49573811841380516,0.005632067291283703,-28.403701928867676,0.32269368572423385,2.1500984296852765,0.35,1.227901976875424,-139.1113684006374,-22.645,-79.44525790383993
54.583208600000034,sine,517,3.130132481712269,0.4960126232691912,-0.001711119109712068,0.0022149968225825484,179.34338051892334,28.419429898537146,-0.49598005158294994,0.005684265489834396,-28.417563678383896,0.32568442219937443,2.1465636299481834,0.35,1.2294322778413287,-138.88266685764748,-22.645,-79.54426837633397
54.68579859999954,sine,518,3.130011909636181,0.496285781406858,-0.0014593440899553767,0.0024152249963397317,179.33647224783638,28.435080706965106,-0.49625250243483104,0.005747230096632129,-28.43317396232143,0.3292920284275853,2.143116657657674,0.35,1.229732748641213,-138.6596477504515,-22.645,-79.5637088370865
54.79486949999955,sine,519,3.1298470231645394,0.49632713044462085,-0.0015243768822432813,0.0014854199738576171,179.3270249489125,28.437449832315846,-0.49629289423394096,0.005829541001653562,-28.435488241937367,0.33400809589321556,2.1397789734585237,0.35,1.2288199913605156,-138.4436995827665,-22.645,-79.50465344102535
54.89834549999978,sine,520,3.1297537557867683,0.4964815895992567,-0.0012056872018311432,0.0014530800952123526,179.32168112179997,28.446299689983636,-0.49644679669966496,0.0058776574965133145,-28.444306203680007,0.3367649679736423,2.136570868768673,0.35,1.2267127041417116,-138.23613520933313,-22.645,-79.36831195796874
55.0016598000002,sine,521,3.129503910895348,0.49675246582637556,-0.0017663884384763935,0.001995147778230129,179.3073660639887,28.461819754567976,-0.4967161691370092,0.006004966481047551,-28.459740107456987,0.3440592354815503,2.133511413124452,0.35,1.2234316501811362,-138.03818842915206,-22.645,-79.15602776671952
55.11123090000001,sine,522,3.129334419795468,0.496879893630352,-0.0017049472838839646,0.001640520929131072,179.29765493930051,28.469120829928446,-0.49684256244417163,0.006090717364920375,-28.466981910516093,0.3489723992169796,2.130618404257886,0.35,1.218999622943794,-137.85101075548522,-22.645,-78.86927560446348
55.2158343000001,sine,523,3.129466470117105,0.49688555137996254,-0.00031646604555355686,0.0008828162748048809,179.30522086541367,28.469444995102673,-0.4968490197272087,0.006025177697062843,-28.467351885581238,0.34521725285805377,2.1279083210120686,0.35,1.2134414076561755,-137.67566836948083,-22.645,-78.50965907535456
55.3235851999998,sine,524,3.129466470117105,0.49688555137996254,-0.00016907352400468036,0.0004716488884893197,179.30522086541367,28.469444995102673,-0.4968490197272087,0.006025177697062843,-28.467351885581238,0.34521725285805377,2.1253962791949546,0.35,1.2067837391440461,-137.51313926391356,-22.645,-78.07890792261979
55.428289599999516,sine,525,3.129466470117105,0.49688555137996254,-8.90384729985405e-05,0.00024838245414098904,179.30522086541367,28.469444995102673,-0.4968490197272087,0.006025177697062843,-28.467351885581238,0.34521725285805377,2.123095990466045,0.35,1.1990552560891758,-137.3643105831531,-22.645,-77.57887506896968
55.53098249999948,sine,526,3.129466470117105,0.49688555137996254,-4.7595915824667636e-05,0.00013277395693671282,179.30522086541367,28.469444995102673,-0.4968490197272087,0.006025177697062843,-28.467351885581238,0.34521725285805377,2.1210197243443614,0.35,1.1902864517857557,-137.2299761650802,-22.645,-77.01153343053839
55.63472060000004,sine,527,3.129466470117105,0.49688555137996254,-2.563180689664989e-05,7.150269862739207e-05,179.30522086541367,28.469444995102673,-0.4968490197272087,0.006025177697062843,-28.467351885581238,0.34521725285805377,2.1191782734199127,0.35,1.1805096214838642,-137.11083429026837,-22.645,-76.37897251000602
55.73885849999988,sine,528,3.129466470117105,0.49688555137996254,-1.3747675036734723e-05,3.835062697462203e-05,179.30522086541367,28.469444995102673,-0.4968490197272087,0.006025177697062843,-28.467351885581238,0.34521725285805377,2.117580921844397,0.35,1.1697588064138984,-137.0074856433325,-22.645,-75.68339477497923
55.8435443999997,sine,529,3.129466470117105,0.49688555137996254,-7.3630344599384e-06,2.0539981285552257e-05,179.30522086541367,28.469444995102673,-0.4968490197272087,0.006025177697062843,-28.467351885581238,0.34521725285805377,2.116235417170405,0.35,1.1580697345920945,-136.9204314909252,-22.645,-74.92711182810852
55.95104469999933,sine,530,3.129466470117105,0.49688555137996254,-3.926335713518705e-06,1.0952938291306644e-05,179.30522086541367,28.469444995102673,-0.4968490197272087,0.006025177697062843,-28.467351885581238,0.34521725285805377,2.1151479456016324,0.35,1.1454797585134813,-136.85007208042563,-22.645,-74.11254037582223
56.055693899999824,sine,531,3.129466470117105,0.49688555137996254,-2.0746792744122605e-06,5.7875423104168745e-06,179.30522086541367,28.469444995102673,-0.4968490197272087,0.006025177697062843,-28.467351885581238,0.34521725285805377,2.1143231107098517,0.35,1.1320277898444098,-136.79670526292742,-22.645,-73.24219800293332
56.15949490000003,sine,532,3.129466470117105,0.49688555137996254,-1.1067809165453348e-06,3.0874851172756476e-06,179.30522086541367,28.469444995102673,-0.4968490197272087,0.006025177697062843,-28.467351885581238,0.34521725285805377,2.1137639156673984,0.35,1.1177542312326825,-136.76052534368068,-22.645,-72.31869876075456
56.263031299999966,sine,533,3.129466470117105,0.49688555137996254,-5.932761678375112e-07,1.6550080609901945e-06,179.30522086541367,28.469444995102673,-0.4968490197272087,0.006025177697062843,-28.467351885581238,0.34521725285805377,2.113471749036963,0.35,1.1027009053585997,-136.74162216269153,-22.645,-71.3447485767014
56.36804829999983,sine,534,3.129466470117105,0.49688555137996254,-3.1889010239362263e-07,8.895784436363545e-07,179.30522086541367,28.469444995102673,-0.4968490197272087,0.006025177697062843,-28.467351885581238,0.34521725285805377,2.1134463741533156,0.35,1.0869109813556221,-136.73998040771951,-22.645,-70.32314049370875
56.47258509999938,sine,535,3.129466470117105,0.49688555137996254,-1.7000754940429918e-07,4.742544534004692e-07,179.30522086541367,28.469444995102673,-0.4968490197272087,0.006025177697062843,-28.467351885581238,0.34521725285805377,2.1136859221244224,0.35,1.0704288987343475,-136.75547916145013,-22.645,-69.25674974811228
56.57566459999998,sine,536,3.129466470117105,0.49688555137996254,-9.092098839443064e-08,2.536339345206788e-07,179.30522086541367,28.469444995102673,-0.4968490197272087,0.006025177697062843,-28.467351885581238,0.34521725285805377,2.114186888472186,0.35,1.0533002889481615,-136.78789168415045,-22.645,-68.14852869494605
56.68303120000019,sine,537,3.129466470117105,0.49688555137996254,-4.884577068705531e-08,1.3626056230611287e-07,179.30522086541367,28.469444995102673,-0.4968490197272087,0.006025177697062843,-28.467351885581238,0.34521725285805377,2.1149441334256855,0.35,1.0355718947436114,-136.83688543264185,-22.645,-67.00150158991167
56.786591499999304,sine,538,3.129466470117105,0.49688555137996254,-2.5799378958705433e-08,7.197015902532029e-08,179.30522086541367,28.469444995102673,-0.4968490197272087,0.006025177697062843,-28.467351885581238,0.34521725285805377,2.1159508858725724,0.35,1.017291487442542,-136.90202231595543,-22.645,-65.81875923753248
56.8916537999994,sine,539,3.129466470117105,0.49688555137996254,-1.3848396996235061e-08,3.863160177848003e-08,179.30522086541367,28.469444995102673,-0.4968490197272087,0.006025177697062843,-28.467351885581238,0.34521725285805377,2.1171987509668475,0.35,0.9985077823072064,-136.98275918755505,-22.645,-64.60345351527626
56.996395699999994,sine,540,3.12912972305125,0.49684251847680705,-0.0014953962256236226,-0.00019093349412959313,179.28592667977676,28.466979391371666,-0.4968039330341846,0.006191953499644423,-28.464768608358757,0.35477280247088533,2.11867772138399,0.35,0.9792703521430359,-137.07844857354414,-22.645,-63.358791783654425
57.1000626999994,sine,541,3.12912972305125,0.49684251847680705,-0.0007986016473120306,-0.00010196615473958857,179.28592667977676,28.466979391371666,-0.4968039330341846,0.006191953499644423,-28.464768608358757,0.35477280247088533,2.1203761922070106,0.35,0.9596295392973089,-137.1883396357936,-22.645,-62.08803119253589
57.20379049999974,sine,542,3.12912972305125,0.49684251847680705,-0.00042880646017216643,-5.475038277020553e-05,179.28592667977676,28.466979391371666,-0.4968039330341846,0.006191953499644423,-28.464768608358757,0.35477280247088533,2.122280979419781,0.35,0.9396363662148844,-137.31157936845986,-22.645,-60.79447289410302
57.31025319999935,sine,543,3.12912972305125,0.49684251847680705,-0.0002297769345970559,-2.933811938351454e-05,179.28592667977676,28.466979391371666,-0.4968039330341846,0.006191953499644423,-28.464768608358757,0.35477280247088533,2.124377341976672,0.35,0.9193424447150107,-137.44721402589067,-22.645,-59.4814561730612
57.41523249999955,sine,544,3.12912972305125,0.49684251847680705,-0.00012162218068418213,-1.5528826088889905e-05,179.28592667977676,28.466979391371666,-0.4968039330341846,0.006191953499644423,-28.464768608358757,0.35477280247088533,2.1266490074104243,0.35,0.8987998841556119,-137.59419077945446,-22.645,-58.15235250486809
57.52006489999985,sine,545,3.12912972305125,0.49684251847680705,-6.493159526808333e-05,-8.290522706631517e-06,179.28592667977676,28.466979391371666,-0.4968039330341846,0.006191953499644423,-28.464768608358757,0.35477280247088533,2.129078200932921,0.35,0.8780611986537276,-137.75135960036002,-22.645,-56.81055955289617
57.62348999999995,sine,546,3.12912972305125,0.49684251847680705,-3.4681173174473265e-05,-4.428122434209179e-06,179.28592667977676,28.466979391371666,-0.4968039330341846,0.006191953499644423,-28.464768608358757,0.35477280247088533,2.131645677976633,0.35,0.8571792135324285,-137.91747536508814,-22.645,-55.45949511554813
57.72697849999986,sine,547,3.12912972305125,0.49684251847680705,-1.8614967244825055e-05,-2.376775250773529e-06,179.28592667977676,28.466979391371666,-0.4968039330341846,0.006191953499644423,-28.464768608358757,0.35477280247088533,2.1343307601174417,0.35,0.836206971166207,-138.09120017959847,-22.645,-54.102591034453596
57.83120549999967,sine,548,3.12912972305125,0.49684251847680705,-9.996621555634853e-06,-1.2763773576548879e-06,179.28592667977676,28.466979391371666,-0.4968039330341846,0.006191953499644423,-28.464768608358757,0.35477280247088533,2.1371113743128296,0.35,0.8151976363978037,-138.2711059180401,-22.645,-52.7432870749379
57.93604890000006,sine,549,3.12912972305125,0.49684251847680705,-5.347407354620799e-06,-6.827616341790942e-07,179.28592667977676,28.466979391371666,-0.4968039330341846,0.006191953499644423,-28.464768608358757,0.35477280247088533,2.139964095382599,0.35,0.7942044017005351,-138.45567697125418,-22.645,-51.38502479002462
58.041957499999626,sine,550,3.12912972305125,0.49684251847680705,-2.8565578996250957e-06,-3.6472780365047316e-07,179.28592667977676,28.466979391371666,-0.4968039330341846,0.006191953499644423,-28.464768608358757,0.35477280247088533,2.142864191652802,0.35,0.7732803922604841,-138.6433131999363,-22.645,-50.03124137925332
58.14689069999986,sine,551,3.12912972305125,0.49684251847680705,-1.514486687233847e-06,-1.9337098091559e-07,179.28592667977676,28.466979391371666,-0.4968039330341846,0.006191953499644423,-28.464768608358757,0.35477280247088533,2.1457856736771124,0.35,0.7524785711532241,-138.8323330869092,-22.645,-48.685363553613605
58.25075659999948,sine,552,3.12912972305125,0.49684251847680705,-8.094426112791369e-07,-1.0335033847263863e-07,179.28592667977676,28.466979391371666,-0.4968039330341846,0.006191953499644423,-28.464768608358757,0.35477280247088533,2.1487013459436364,0.35,0.7318516447895145,-139.0209770825533,-22.645,-47.35080141788159
58.35548740000013,sine,553,3.12912972305125,0.49684251847680705,-4.3377017104384813e-07,-5.538415370284516e-08,179.28592667977676,28.466979391371666,-0.4968039330341846,0.006191953499644423,-28.464768608358757,0.35477280247088533,2.1515828614690338,0.35,0.7114519688040501,-139.20741113704648,-22.645,-46.03094238162205
58.459692800000084,sine,554,3.12912972305125,0.49684251847680705,-2.3159153391132587e-07,-2.956980900635966e-08,179.28592667977676,28.466979391371666,-0.4968039330341846,0.006191953499644423,-28.464768608358757,0.35477280247088533,2.1544007791759876,0.35,0.6913314545603959,-139.3897304126864,-22.645,-44.729145110057615
58.56784819999939,sine,555,3.12912972305125,0.49684251847680705,-1.239380860842824e-07,-1.5824522909931663e-08,179.28592667977676,28.466979391371666,-0.4968039330341846,0.006191953499644423,-28.464768608358757,0.35477280247088533,2.1571246239443362,0.35,0.6715414764442312,-139.56596316919857,-22.645,-43.44873352594176
58.67224669999996,sine,556,3.12912972305125,0.49684251847680705,-6.527606445949854e-08,-8.334504833381556e-09,179.28592667977676,28.466979391371666,-0.4968039330341846,0.006191953499644423,-28.464768608358757,0.35477280247088533,2.1597229492207184,0.35,0.6521327801154537,-139.73407481458048,-22.645,-42.19299087346986
58.77755720000005,sine,557,3.12912972305125,0.49684251847680705,-3.4849230420464776e-08,-4.4495801299296415e-09,179.28592667977676,28.466979391371666,-0.4968039330341846,0.006191953499644423,-28.464768608358757,0.35477280247088533,2.162163402066303,0.35,0.6331553918880116,-139.8919721136898,-22.645,-40.965153855154355
58.88197020000007,sine,558,3.12912972305125,0.49684251847680705,-1.8594272421660752e-08,-2.3741329177052444e-09,179.28592667977676,28.466979391371666,-0.4968039330341846,0.006191953499644423,-28.464768608358757,0.35477280247088533,2.1644127905171784,0.35,0.6146585294041531,-140.03750754646146,-22.645,-39.768406852448706
58.98653469999954,sine,559,3.12912972305125,0.49684251847680705,-9.9413391286191e-09,-1.269318849165153e-09,179.28592667977676,28.466979391371666,-0.4968039330341846,0.006191953499644423,-28.464768608358757,0.35477280247088533,2.166437153127138,0.35,0.5966905137673947,-140.16848380732583,-22.645,-38.60587624075044
59.09210989999974,sine,560,3.12912972305125,0.49684251847680705,-5.301126317293653e-09,-6.768524309743522e-10,179.28592667977676,28.466979391371666,-0.4968039330341846,0.006191953499644423,-28.464768608358757,0.35477280247088533,2.168201830558156,0.35,0.5792986832957723,-140.2826584371127,-22.645,-37.48062480923647
59.19842439999957,sine,561,3.12912972305125,0.49684251847680705,-2.8192094421500796e-09,-3.599591200307982e-10,179.28592667977676,28.466979391371666,-0.4968039330341846,0.006191953499644423,-28.464768608358757,0.35477280247088533,2.169671539079446,0.35,0.5625293090538939,-140.37774857844016,-22.645,-36.39564629578693
59.30330789999971,sine,562,3.12912972305125,0.49684251847680705,-1.4969935933304772e-09,-1.9113744743136937e-10,179.28592667977676,28.466979391371666,-0.4968039330341846,0.006191953499644423,-28.464768608358757,0.35477280247088533,2.1708104458321418,0.35,0.5464275123189586,-140.45143584533957,-22.645,-35.35386004703662
59.4068685000002,sine,563,3.12912972305125,0.49684251847680705,-7.9898463580128e-10,-1.0201505504387643e-10,179.28592667977676,28.466979391371666,-0.4968039330341846,0.006191953499644423,-28.464768608358757,0.35477280247088533,2.1715822457127327,0.35,0.5310371841323319,-140.50137129761382,-22.645,-34.358105813361874
59.5111238999998,sine,564,3.12912972305125,0.49684251847680705,-4.2895778566250585e-10,-5.4769704140773635e-11,179.28592667977676,28.466979391371666,-0.4968039330341846,0.006191953499644423,-28.464768608358757,0.35477280247088533,2.171950239725132,0.35,0.5164009070842772,-140.52518051021605,-22.645,-33.411138688352736
59.61435789999996,sine,565,3.12912972305125,0.49684251847680705,-2.2947058885215753e-10,-2.929900489166087e-11,179.28592667977676,28.466979391371666,-0.4968039330341846,0.006191953499644423,-28.464768608358757,0.35477280247088533,2.171877414647932,0.35,0.5025598794752626,-140.5204687277212,-22.645,-32.515624202049494
59.71812709999995,sine,566,3.12912972305125,0.49684251847680705,-1.2335962264427395e-10,-1.5750664193469428e-11,179.28592667977676,28.466979391371666,-0.4968039330341846,0.006191953499644423,-28.464768608358757,0.35477280247088533,2.1713265238606523,0.35,0.4895538419928324,-140.48482609378422,-22.645,-31.67413357693626
59.82322909999948,sine,567,3.12912972305125,0.49684251847680705,-6.609890896324982e-11,-8.439566337171993e-12,179.28592667977676,28.466979391371666,-0.4968039330341846,0.006191953499644423,-28.464768608358757,0.35477280247088533,2.170260169170197,0.35,0.4774210070382324,-140.41583294531173,-22.645,-30.889139155373638
59.92975529999967,sine,568,3.12912972305125,0.49684251847680705,-3.523593216215768e-11,-4.49895454552751e-12,179.28592667977676,28.466979391371666,-0.4968039330341846,0.006191953499644423,-28.464768608358757,0.35477280247088533,2.1686408834764657,0.35,0.4661979908320363,-140.31106516092734,-22.645,-30.16301000683275
60.033574600000065,sine,569,3.12912972305125,0.49684251847680705,-1.868395582570944e-11,-2.3855837729414954e-12,179.28592667977676,28.466979391371666,-0.4968039330341846,0.006191953499644423,-28.464768608358757,0.35477280247088533,2.1664312141141773,0.35,0.45591974842278493,-140.1680995531873,-22.645,-29.498007722954185
60.138465399999404,sine,570,3.12912972305125,0.49684251847680705,-1.0009369292762028e-11,-1.2780049998477942e-12,179.28592667977676,28.466979391371666,-0.4968039330341846,0.006191953499644423,-28.464768608358757,0.35477280247088533,2.1635938067062797,0.35,0.4466195117171581,-139.9845192938963,-22.645,-28.896282408100127
60.24328329999935,sine,571,3.12912972305125,0.49684251847680705,-5.3406421941370426e-12,-6.818978525890529e-13,179.28592667977676,28.466979391371666,-0.4968039330341846,0.006191953499644423,-28.464768608358757,0.35477280247088533,2.1600914893631433,0.35,0.4383287306444802,-139.7579193617954,-22.645,-28.35986887269787
60.34798080000019,sine,572,3.12912972305125,0.49684251847680705,-2.8517709659696537e-12,-3.6411660378695954e-13,179.28592667977676,28.466979391371666,-0.4968039330341846,0.006191953499644423,-28.464768608358757,0.35477280247088533,2.1558873570605552,0.35,0.43107701756260286,-139.48591200181792,-22.645,-27.890683036300405
60.45228700000007,sine,573,3.12912972305125,0.49684251847680705,-1.522627526140568e-12,-1.9441041032631906e-13,179.28592667977676,28.466979391371666,-0.4968039330341846,0.006191953499644423,-28.464768608358757,0.35477280247088533,2.150944856029114,0.35,0.42489209500586855,-139.16613218508365,-22.645,-27.490518546879695
60.5595143999999,sine,574,3.12912972305125,0.49684251847680705,-8.044815739267833e-13,-1.0271690889727825e-13,179.28592667977676,28.466979391371666,-0.4968039330341846,0.006191953499644423,-28.464768608358757,0.35477280247088533,2.145227867987115,0.35,0.4197997468697966,-138.79624305876635,-22.645,-27.16104362247584
60.662998799999514,sine,575,3.12912972305125,0.49684251847680705,-4.2998943874386673e-13,-5.490142650584222e-14,179.28592667977676,28.466979391371666,-0.4968039330341846,0.006191953499644423,-28.464768608358757,0.35477280247088533,2.138700794049105,0.35,0.4158237731204824,-138.3739413749771,-22.645,-26.903798120895214
60.76769329999934,sine,576,3.12912972305125,0.49684251847680705,-2.313197233113204e-13,-2.953510399192184e-14,179.28592667977676,28.466979391371666,-0.4968039330341846,0.006191953499644423,-28.464768608358757,0.35477280247088533,2.1313286381426138,0.35,0.4129859481101459,-137.89696288782713,-22.645,-26.72019084272644
60.87255709999954,sine,577,3.12912972305125,0.49684251847680705,-1.233363686292469e-13,-1.5747695100552393e-14,179.28592667977676,28.466979391371666,-0.4968039330341846,0.006191953499644423,-28.464768608358757,0.35477280247088533,2.1230770897661615,0.35,0.4113059825735005,-137.36308770787065,-22.645,-26.611497072505482
60.97826689999965,sine,578,3.12912972305125,0.49684251847680705,-6.583253076928844e-14,-8.405554937075159e-15,179.28592667977676,28.466979391371666,-0.4968039330341846,0.006191953499644423,-28.464768608358757,0.35477280247088533,2.1139126059227005,0.35,0.41080148937259614,-136.77014560319873,-22.645,-26.57885636240697
61.08594449999964,sine,579,3.12912972305125,0.49684251847680705,-3.495821863273104e-14,-4.463495839913632e-15,179.28592667977676,28.466979391371666,-0.4968039330341846,0.006191953499644423,-28.464768608358757,0.35477280247088533,2.103802492063867,0.35,0.4114879530507945,-136.1160212365322,-22.645,-26.623270562386406
61.19085769999947,sine,580,3.12912972305125,0.49684251847680705,-1.8436193579056206e-14,-2.3539492732307767e-15,179.28592667977676,28.466979391371666,-0.4968039330341846,0.006191953499644423,-28.464768608358757,0.35477280247088533,2.092714981882164,0.35,0.41337870324932224,-135.39865932777602,-22.645,-26.74560210023115
61.29511449999973,sine,581,3.12912972305125,0.49684251847680705,-9.832636575515721e-15,-1.2554396123921834e-15,179.28592667977676,28.466979391371666,-0.4968039330341846,0.006191953499644423,-28.464768608358757,0.35477280247088533,2.0806193157899595,0.35,0.4164848920326494,-134.6160697316104,-22.645,-26.946572514512415
61.3992674000001,sine,582,3.12912972305125,0.49684251847680705,-5.265361280967594e-15,-6.722859199477791e-16,179.28592667977676,28.466979391371666,-0.4968039330341846,0.006191953499644423,-28.464768608358757,0.35477280247088533,2.0674858179266353,0.35,0.42081547516148365,-133.7663324198533,-22.645,-27.226761242947994
61.50413279999975,sine,583,3.12912972305125,0.49684251847680705,-2.8169816659780774e-15,-3.59674675626452e-16,179.28592667977676,28.466979391371666,-0.4968039330341846,0.006191953499644423,-28.464768608358757,0.35477280247088533,2.05328597153763,0.35,0.4263771973448508,-132.84760235848466,-22.645,-27.586604668211848
61.607555599999614,sine,584,3.12912972305125,0.49684251847680705,-1.505276338355949e-15,-1.9219499553908803e-16,179.28592667977676,28.466979391371666,-0.4968039330341846,0.006191953499644423,-28.464768608358757,0.35477280247088533,2.0379924925721116,0.35,0.4331745814951088,-131.85811426941564,-22.645,-28.02639542273354
61.71207299999969,sine,585,3.12912972305125,0.49684251847680705,-8.083539663037756e-16,-1.03211339332845e-16,179.28592667977676,28.466979391371666,-0.4968039330341846,0.006191953499644423,-28.464768608358757,0.35477280247088533,2.021579401349108,0.35,0.44120992200240394,-130.7961872672873,-22.645,-28.546281953555535
61.8191796000001,sine,586,3.12912972305125,0.49684251847680705,-4.319493463547794e-16,-5.5151669218716986e-17,179.28592667977676,28.466979391371666,-0.4968039330341846,0.006191953499644423,-28.464768608358757,0.35477280247088533,2.004022092145391,0.35,0.45048328203733834,-129.66022936180678,-22.645,-29.14626834781579
61.922481999999945,sine,587,3.12912972305125,0.49684251847680705,-2.2842507718719377e-16,-2.916551305055265e-17,179.28592667977676,28.466979391371666,-0.4968039330341846,0.006191953499644423,-28.464768608358757,0.35477280247088533,1.9852974005622697,0.35,0.46099249488319327,-128.44874181637886,-22.645,-29.826214418942605
62.02666719999979,sine,588,3.12912972305125,0.49684251847680705,-1.2264598299957377e-16,-1.5659546061313392e-17,179.28592667977676,28.466979391371666,-0.4968039330341846,0.006191953499644423,-28.464768608358757,0.35477280247088533,1.9653836685323367,0.35,0.4727331692913417,-127.16032335404219,-22.645,-30.58583605314981
62.13135319999947,sine,589,3.12912972305125,0.49684251847680705,-6.569660618870319e-17,-8.388199968094667e-18,179.28592667977676,28.466979391371666,-0.4968039330341846,0.006191953499644423,-28.464768608358757,0.35477280247088533,1.9442608068316312,0.35,0.4856986988461065,-125.79367420200654,-22.645,-31.424705815343092
62.23648739999953,sine,590,3.12912972305125,0.49684251847680705,-3.5049951173229086e-17,-4.475208330678661e-18,179.28592667977676,28.466979391371666,-0.4968039330341846,0.006191953499644423,-28.464768608358757,0.35477280247088533,1.9219103549671859,0.35,0.4998802753176304,-124.34759996637693,-22.645,-32.34225381305069
62.34386970000014,sine,591,3.12912972305125,0.49684251847680705,-1.8687950079992663e-17,-2.3860937628115166e-18,179.28592667977676,28.466979391371666,-0.4968039330341846,0.006191953499644423,-28.464768608358757,0.35477280247088533,1.8983155383148262,0.35,0.5152669059739625,-122.82101532896927,-22.645,-33.33776881651538
62.449213199999576,sine,592,3.12912972305125,0.49684251847680705,-9.868376452889799e-18,-1.2600029111018274e-18,179.28592667977676,28.466979391371666,-0.4968039330341846,0.006191953499644423,-28.464768608358757,0.35477280247088533,1.8734613223871057,0.35,0.5318454348160546,-121.21294755844575,-22.645,-34.41039963259873
62.55290539999987,sine,593,3.12912972305125,0.49684251847680705,-5.247470990347554e-18,-6.70001672040403e-19,179.28592667977676,28.466979391371666,-0.4968039330341846,0.006191953499644423,-28.464768608358757,0.35477280247088533,1.8473344641165839,0.35,0.5496005676921021,-119.52253982834299,-22.645,-35.559156729679
62.65655389999938,sine,594,3.12912972305125,0.49684251847680705,-2.8175664576795e-18,-3.5974934234084986e-19,179.28592667977676,28.466979391371666,-0.4968039330341846,0.006191953499644423,-28.464768608358757,0.35477280247088533,1.819923560045246,0.35,0.5685149012403381,-117.74905433492742,-22.645,-36.78291411024988
62.762019099999634,sine,595,3.12912972305125,0.49684251847680705,-1.51097959274521e-18,-1.929231920329619e-19,179.28592667977676,28.466979391371666,-0.4968039330341846,0.006191953499644423,-28.464768608358757,0.35477280247088533,1.7912190913165462,0.35,0.5885689556022393,-115.89187520818055,-22.645,-38.08041142746489
62.86643879999974,sine,596,3.12912972305125,0.49684251847680705,-8.047863112079e-19,-1.0275581801907362e-19,179.28592667977676,28.466979391371666,-0.4968039330341846,0.006191953499644423,-28.464768608358757,0.35477280247088533,1.76121346537259,0.35,0.6097412108410968,-113.95051120960657,-22.645,-39.450256341418964
62.97435249999944,sine,597,3.12912972305125,0.49684251847680705,-4.3028072509957076e-19,-5.493861820175118e-20,179.28592667977676,28.466979391371666,-0.4968039330341846,0.006191953499644423,-28.464768608358757,0.35477280247088533,1.7299010542651025,0.35,0.632008146993899,-111.92459821095214,-22.645,-40.89092711050527
63.07811439999932,sine,598,3.12912972305125,0.49684251847680705,-2.265547576262128e-19,-2.8926709018017315e-20,179.28592667977676,28.466979391371666,-0.4968039330341846,0.006191953499644423,-28.464768608358757,0.35477280247088533,1.6972782294951325,0.35,0.6553442876778106,-109.81390144833507,-22.645,-42.40077541275435
63.18195689999993,sine,599,3.12912972305125,0.49684251847680705,-1.212789062519046e-19,-1.5484996510028446e-20,179.28592667977676,28.466979391371666,-0.4968039330341846,0.006191953499644423,-28.464768608358757,0.35477280247088533,1.6633433933030064,0.35,0.6797222471658012,-107.61831754670452,-22.645,-43.97802939162734
63.28678359999958,sine,600,3.12912972305125,0.49684251847680705,-6.511371491557571e-20,-8.31377590203855e-21,179.28592667977676,28.466979391371666,-0.4968039330341846,0.006191953499644423,-28.464768608358757,0.35477280247088533,1.62809700633674,0.35,0.7051127808395856,-105.33787630998708,-22.645,-45.62079692032119
63.39085669999986,sine,601,3.12912972305125,0.49684251847680705,-3.477352477230617e-20,-4.439913966754564e-21,179.28592667977676,28.466979391371666,-0.4968039330341846,0.006191953499644423,-28.464768608358757,0.35477280247088533,1.591541611633793,0.35,0.7314848389217372,-102.97274227270641,-22.645,-47.3270690782364
63.49442529999942,sine,602,3.12912972305125,0.49684251847680705,-1.8611939857136705e-20,-2.3763887112734827e-21,179.28592667977676,28.466979391371666,-0.4968039330341846,0.006191953499644423,-28.464768608358757,0.35477280247088533,1.5536818548582065,0.35,0.758805623382707,-100.52321600932596,-22.645,-49.09472383286114
63.601423299999624,sine,603,3.12912972305125,0.49684251847680705,-9.996780804772503e-21,-1.2763976907236538e-21,179.28592667977676,28.466979391371666,-0.4968039330341846,0.006191953499644423,-28.464768608358757,0.35477280247088533,1.5145245007420083,0.35,0.7870406479127042,-97.98973519800793,-22.645,-50.921529919951965
63.70491940000011,sine,604,3.12912972305125,0.49684251847680705,-5.283815511546986e-21,-6.746421722009413e-22,179.28592667977676,28.466979391371666,-0.4968039330341846,0.006191953499644423,-28.464768608358757,0.35477280247088533,1.4740784456871237,0.35,0.8161538008425764,-95.3728754359569,-22.645,-52.80515091451469
63.808680600000116,sine,605,3.12912972305125,0.49684251847680705,-2.8365582955052405e-21,-3.6217423675603997e-22,179.28592667977676,28.466979391371666,-0.4968039330341846,0.006191953499644423,-28.464768608358757,0.35477280247088533,1.4323547264911807,0.35,0.8461074108925012,-92.67335080397939,-22.645,-54.743149484744826
63.912947599999825,sine,606,3.12912972305125,0.49684251847680705,-1.5206268378572288e-21,-1.9415496070162638e-22,179.28592667977676,28.466979391371666,-0.4968039330341846,0.006191953499644423,-28.464768608358757,0.35477280247088533,1.38936652516795,0.35,0.8768623156220261,-89.89201417836637,-22.645,-56.73299182074509
64.01773950000006,sine,607,3.12912972305125,0.49684251847680705,-8.141773574564467e-22,-1.0395487499343491e-22,179.28592667977676,28.466979391371666,-0.4968039330341846,0.006191953499644423,-28.464768608358757,0.35477280247088533,1.345129169840651,0.35,0.9083779324499999,-87.02985728869011,-22.645,-58.772052229515
64.12316490000012,sine,608,3.12912972305125,0.49684251847680705,-4.341096532121804e-22,-5.542749908213905e-23,179.28592667977676,28.466979391371666,-0.4968039330341846,0.006191953499644423,-28.464768608358757,0.35477280247088533,1.2996601316936762,0.35,0.9406123321083247,-84.08801052058085,-22.645,-60.857617887408615
64.23193989999982,sine,609,3.12912972305125,0.49684251847680705,-2.3114668420902723e-22,-2.951301020844442e-23,179.28592667977676,28.466979391371666,-0.4968039330341846,0.006191953499644423,-28.464768608358757,0.35477280247088533,1.2529790179758495,0.35,0.9735223143888792,-81.06774246303748,-22.645,-62.98689374096048
64.33705610000015,sine,610,3.12912972305125,0.49684251847680705,-1.2131221880197342e-22,-1.548924988547103e-23,179.28592667977676,28.466979391371666,-0.4968039330341846,0.006191953499644423,-28.464768608358757,0.35477280247088533,1.2051075610558413,0.35,1.0070634860388847,-77.97045920031293,-22.645,-65.15700754671585
64.44234640000013,sine,611,3.12912972305125,0.49684251847680705,-6.460756171528685e-23,-8.249149820040969e-24,179.28592667977676,28.466979391371666,-0.4968039330341846,0.006191953499644423,-28.464768608358757,0.35477280247088533,1.1560696035378677,0.35,1.041190340656005,-74.79770334890004,-22.645,-67.36501504044352
64.54764699999942,sine,612,3.12912972305125,0.49684251847680705,-3.440183404311204e-23,-4.392456170322709e-24,179.28592667977676,28.466979391371666,-0.4968039330341846,0.006191953499644423,-28.464768608358757,0.35477280247088533,1.1058910794532646,0.35,1.0758563404309243,-71.55115284062622,-22.645,-69.6079052258808
64.65148510000017,sine,613,3.12912972305125,0.49684251847680705,-1.834652772328878e-23,-2.342500658574378e-24,179.28592667977676,28.466979391371666,-0.4968039330341846,0.006191953499644423,-28.464768608358757,0.35477280247088533,1.0545999915510824,0.35,1.111013999581774,-68.23261945335504,-22.645,-71.88260577294078
64.75997629999983,sine,614,3.12912972305125,0.49684251847680705,-9.836089226000752e-24,-1.255880449816953e-24,179.28592667977676,28.466979391371666,-0.4968039330341846,0.006191953499644423,-28.464768608358757,0.35477280247088533,1.0022263847182344,0.35,1.1466149693217904,-64.84404709126977,-22.645,-74.18598851511985
64.86364679999951,sine,615,3.12912972305125,0.49684251847680705,-5.160470621619626e-24,-6.588933890936148e-25,179.28592667977676,28.466979391371666,-0.4968039330341846,0.006191953499644423,-28.464768608358757,0.35477280247088533,0.9488023155671254,0.35,1.1826101241988412,-61.38750981719301,-22.645,-76.51487503566503
64.96899229999963,sine,616,3.12912972305125,0.49684251847680705,-2.7721687224493796e-24,-3.5395291991812893e-25,179.28592667977676,28.466979391371666,-0.4968039330341846,0.006191953499644423,-28.464768608358757,0.35477280247088533,0.8943618182360679,0.35,1.2189496496430863,-57.86520963987359,-22.645,-78.86604233190768
65.07428439999967,sine,617,3.12912972305125,0.49684251847680705,-1.4757896182619553e-24,-1.8843010540395356e-25,179.28592667977676,28.466979391371666,-0.4968039330341846,0.006191953499644423,-28.464768608358757,0.35477280247088533,0.8389408664549953,0.35,1.255583130556901,-54.2794740596382,-22.645,-81.2362285470315
65.17920939999931,sine,618,3.12912972305125,0.49684251847680705,-7.864565339600559e-25,-1.0041545607581107e-25,179.28592667977676,28.466979391371666,-0.4968039330341846,0.006191953499644423,-28.464768608358757,0.35477280247088533,0.7825773319360995,0.35,1.2924596407794733,-50.63275337626564,-22.645,-83.62213875843193
65.28291300000001,sine,619,3.12912972305125,0.49684251847680705,-4.194871114389476e-25,-5.356048019712417e-26,179.28592667977676,28.466979391371666,-0.4968039330341846,0.006191953499644423,-28.464768608358757,0.35477280247088533,0.7253109391561547,0.35,1.3295278332569973,-46.92761776340321,-22.645,-86.02045081172773
65.38866929999949,sine,620,3.1262415593610964,0.4966998711001911,-0.012910298454169546,-0.0006282015548297566,179.12044708978803,28.45880629873296,-0.49664134707373847,0.007624587053006634,-28.45545311901711,0.4368566586673702,0.6671832166041644,0.35,1.3667360307482619,-43.16675411428943,-22.645,-88.42782118941255
65.49322429999938,sine,621,3.1255635540727322,0.49661740553579403,-0.009859346633456431,-0.0006957922473196448,179.08160024827723,28.454081369937843,-0.4965536084423728,0.007959988942332064,-28.450426065739602,0.4560737713664313,0.6082374445747109,0.35,1.4040323168946571,-39.352962663983796,-22.645,-90.84089090308431
65.59791069999937,sine,622,3.118974351718565,0.4952681662231361,-0.03476079646329476,-0.0063241225251222935,178.7040667630258,28.37677565176941,-0.4951414851027914,0.011201169770616444,-28.369517358229672,0.6417797534658427,0.5485185995941583,0.35,1.4413646274831313,-35.48915339374204,-22.645,-93.2562913981586
65.70257159999983,sine,623,3.0749175441225516,0.48540227558352866,-0.21921140903393904,-0.0447357677108867,176.1797976289543,27.81150175698228,-0.4843237302836379,0.032340275598855106,-27.749705663284868,1.8529613001043186,0.488073295573158,0.35,1.4786808417305068,-31.578342223583324,-22.645,-95.6706504599638
65.80731120000019,sine,624,2.9926155839756596,0.45637053999652333,-0.5171315288224078,-0.1409189422814993,171.46424266688348,26.148105835907117,-0.45131551766389233,0.06773753237674941,-25.858474390902984,3.8810747198185096,0.42694972178541174,0.35,1.5159288734177103,-27.62364699951614,-22.645,-98.08059811012586
65.91255619999993,sine,625,2.9017762840381467,0.40274579124022497,-0.7856515199027414,-0.2936330776273441,166.259534166541,23.07563405472181,-0.39121985427585737,0.09566189409630052,-22.41524651172972,5.481022791945466,0.36519757777860445,0.35,1.5530567617030662,-23.62828328227571,-22.645,-100.48277248218838
66.01838059999955,sine,626,2.7143091636164094,0.3051882909218467,-1.7328779350269428,-0.524902157713464,155.51845936890467,17.48600102663255,-0.2777502851877514,0.12647004385988206,-15.913919099813139,7.246199748005654,0.35,0.35,1.590012761444565,-22.645,-22.645,-102.87382566546336
66.12392829999953,sine,627,2.230534588735476,0.24313605446586536,-4.136466181839086,-0.23558103024267552,127.80021799249158,13.930669768356996,-0.14902053371644922,0.1921146051503968,-8.538247642739524,11.007356057940004,0.35,0.35,1.6267454328622146,-22.645,-22.645,-105.25042950618528
66.22889070000019,sine,628,1.6344210093499019,0.276066097696345,-4.055269891411753,0.5291610677361506,93.64542578326144,15.817422264646826,-0.017552769672929354,0.27550751455104994,-1.0056996210240783,15.785417807914277,0.35,0.35,1.6632037303731138,-22.645,-22.645,-107.60928135514047
66.33374999999978,sine,629,1.2968305739540114,0.36295343799309887,-2.415032674344866,0.9197399223051862,74.30291863109304,20.79570015676779,0.09819756309754707,0.34941728170299985,5.6263059239590465,20.020135530515653,0.35,0.35,1.6993370904336338,-22.645,-22.645,-109.94710975105612
66.4375012999999,sine,630,1.1376589081906916,0.4343057625717431,-1.4713630346090398,0.8952489272678846,65.18305396478783,24.883887213571672,0.18228705444415058,0.3941990933336841,10.444278879521285,22.585944335903722,0.35,0.35,1.7350955182252843,-22.645,-22.645,-112.2606800291759
66.54617229999985,sine,631,1.0482959930362945,0.4695048464926099,-1.0067979809322796,0.6752512641952205,60.06293608145521,26.900646164964137,0.23430565182915222,0.4068607407958714,13.424724965872139,23.311403297169587,0.35,0.35,1.7704296730232283,-22.645,-22.645,-114.54679984460287
66.65120190000016,sine,632,1.02504927719814,0.47581503058981617,-0.6036308952378958,0.3878178064690272,58.73099737638904,27.26219308168463,0.2469750120782697,0.40669802894054724,14.150625837277383,23.30208059458277,0.35,0.35,1.805290952089179,-22.645,-22.645,-116.80232460016988
66.75462499999958,sine,633,1.0211176182426476,0.4767850511359313,-0.33702203765036165,0.21177077080036436,58.5057299117545,27.317771165017998,0.2490788486740266,0.4065509957310571,14.271166794999425,23.29365621223072,0.35,0.35,1.839631572933496,-22.645,-22.645,-119.0241627687972
66.85877359999995,sine,634,1.024059414275813,0.47617763187719675,-0.1685420859391568,0.11063283182066404,58.674282408643215,27.282968605097544,0.24756598366348226,0.40676310161186885,14.18448601492222,23.30580898401114,0.35,0.35,1.873404653794577,-22.645,-22.645,-121.20928110050913
66.96236020000015,sine,635,1.0275300683026867,0.47543821503407097,-0.07539151972446409,0.055864414685058206,58.873136236533156,27.24060314068555,0.2457705312266757,0.4069869067861288,14.081614167976724,23.318632075929425,0.35,0.35,1.9065642921873445,-22.645,-22.645,-123.3547097045212
67.06738589999986,sine,636,1.0309507846362083,0.4750033878717644,-0.02540377586339091,0.0279858408287658,59.06912884535541,27.215689379467733,0.24415340658038748,0.40745224572315936,13.988959750797823,23.345294033064377,0.35,0.35,1.9390656413764873,-22.645,-22.645,-125.45754699705873
67.17097419999936,sine,637,1.0327274066501273,0.47519453775221887,-0.0056978091070153235,0.01574431552833307,59.170921788543,27.226641460872205,0.24352709325875238,0.40804951116070204,13.953074640815313,23.37951482188461,0.35,0.35,1.9708649846343231,-22.645,-22.645,-127.51496450584071
67.27529709999999,sine,638,1.0349028906883646,0.4816898896001258,0.00655765707803987,0.03758222466669229,59.295567842332076,27.598797708209776,0.2459554003972949,0.41416312095403635,14.09220639121529,23.729798860632513,0.35,0.35,2.0019198071476554,-22.645,-22.645,-129.5242115224533
67.37997039999937,sine,639,1.0347823435041432,0.5084520074643722,0.0028169063759828582,0.13930228722122512,59.288660997444005,29.13215411266276,0.2596730883213351,0.4371422321123986,14.87817201394037,25.046404946968646,0.35,0.35,2.032188865442646,-22.645,-22.645,-131.4826195941392
67.48490129999936,sine,640,1.0336265088186725,0.5339653492196801,-0.0033011710388668315,0.1877427479207615,59.2224365481517,30.593960916516796,0.27323352080474156,0.4587618524637154,15.655127563611664,26.285117947774243,0.35,0.35,2.061632254201702,-22.645,-22.645,-133.3876068468501
67.5894460999998,sine,641,1.0349665533306638,0.5333559531195543,0.00394978317192841,0.097457207327925,59.29921544304847,30.559045091927857,0.2723073843225605,0.45860359916977705,15.602063851929598,26.27605070193753,0.35,0.3728569682644578,2.0902114703516217,-22.645,-24.12384584671042,-135.23668213174992
67.69303889999992,sine,642,1.0354108589798061,0.5333671579117405,0.004047459321964555,0.05215140749654505,59.32467228155814,30.559687079230446,0.27210931365972063,0.45873417853750914,15.590715238903513,26.283532348600065,0.35,0.4089178497628375,2.117889474307595,-22.645,-26.45698487965559,-137.0274489877014
67.79691269999967,sine,643,1.0362201857625655,0.5331951923038545,0.005755831157898598,0.027243381746846523,59.37104329045716,30.549834175677177,0.2716503463141246,0.4588062798647819,15.564418347066539,26.287663450350085,0.35,0.44548041229723045,2.1446307482634204,-22.645,-28.822582675630812,-138.7576094126433
67.90091440000015,sine,644,1.0366856494915933,0.5331624846992651,0.005146183786574814,0.01444171840565686,59.39771239764687,30.54796016797622,0.27142010856313775,0.4589045213966284,15.551226695650408,26.29329227549779,0.35,0.4825156979318376,2.170401351423997,-22.645,-31.21876565618989,-140.4249674371326
68.00575739999931,sine,645,1.037369756909512,0.5330214532291548,0.005807527829332576,0.007114698629124228,59.436908865427206,30.539879659960377,0.27103439244165933,0.45896865657286523,15.52912678979954,26.29696695041449,0.35,0.5199933477325225,2.195168972082328,-22.645,-33.64356959829421,-142.02743249372665
68.11156930000016,sine,646,1.037634415943982,0.5329808819871952,0.004277562929758287,0.0036193724386872554,59.45207271111235,30.537555099026484,0.2708922920533843,0.459005432070158,15.520985037284207,26.299074031198856,0.35,0.5578816496463688,2.2189029764494794,-22.645,-36.09494273212006,-143.56302257628133
68.21644239999932,sine,647,1.038096293217297,0.5329471760949867,0.004313044084681533,0.0017732379816733045,59.47853632952631,30.53562389365821,0.27066314107709266,0.4591014665298975,15.507855653471395,26.30457640042975,0.35,0.5961475894017243,2.241574454152242,-22.645,-38.570749034291566,-145.02986718365005
68.32005509999999,sine,648,1.038996417679817,0.5326969654419144,0.006301749645330195,-0.00016424591837660606,59.53010966226518,30.52128787924796,0.27012290483014223,0.4591292555230499,15.47690239658115,26.306168592454302,0.35,0.634756904333274,2.263156260320015,-22.645,-41.06877171036283,-146.42621004270495
68.42342310000004,sine,649,1.0394051032306457,0.5327245109835046,0.005217495956290856,3.6035137248682095e-05,59.55352561947565,30.522866122525482,0.2699492010248699,0.459263359597354,15.466949901653683,26.313852189927434,0.35,0.6736741400304642,2.2836230541888574,-22.645,-43.586716859971034,-147.75041160601907
68.53255420000005,sine,650,1.0398073046284981,0.5326698772790135,0.004596631804063633,-0.00022407507967776383,59.57657006208685,30.519735841838976,0.26973679706381376,0.4593247853863258,15.454780051133305,26.31737162838878,0.35,0.7128627097019763,2.3029513341577643,-22.645,-46.12221731771787,-149.00095132000735
68.63692999999967,sine,651,1.039907764483945,0.5326754078939584,0.002846999414961971,-9.311445395580489e-05,59.58232598781445,30.520052722733432,0.2696934521504689,0.45935665015558197,15.452296570535285,26.319197345182317,0.35,0.7522849561434898,2.3211194692390187,-22.645,-48.67283666248379,-150.17642965976452
68.74191599999995,sine,652,1.039907764483945,0.5326754078939584,0.0015217976931379265,-4.9772177852602136e-05,59.58232598781445,30.520052722733432,0.2696934521504689,0.45935665015558197,15.452296570535285,26.319197345182317,0.35,0.7919022161904551,2.3381077268515598,-22.645,-51.236073387522445,-151.27556992729592
68.84626889999981,sine,653,1.039907764483945,0.5326754078939584,0.0008116654785051844,-2.6546471147341945e-05,59.58232598781445,30.520052722733432,0.2696934521504689,0.45935665015558197,15.452296570535285,26.319197345182317,0.35,0.8316748875327471,2.3538982969135755,-22.645,-53.80936522336874,-152.29721981030835
68.95290229999955,sine,654,1.039907764483945,0.5326754078939584,0.0004342500634014538,-1.4202657479098958e-05,59.58232598781445,30.520052722733432,0.2696934521504689,0.45935665015558197,15.452296570535285,26.319197345182317,0.35,0.8715624977630283,2.3684753121975755,-22.645,-56.390093605267936,-153.24035269918315
69.06065229999967,sine,655,1.039907764483945,0.5326754078939584,0.00022973114542039488,-7.513626469342776e-06,59.58232598781445,30.520052722733432,0.2696934521504689,0.45935665015558197,15.452296570535285,26.319197345182317,0.35,0.9115237755261618,2.3818248649186744,-22.645,-58.97558827654267,-154.10406876023825
69.16340049999963,sine,656,1.039907764483945,0.5326754078939584,0.000121335484058842,-3.968419271260456e-06,59.58232598781445,30.520052722733432,0.2696934521504689,0.45935665015558197,15.452296570535285,26.319197345182317,0.35,0.9515167236326901,2.393935019534116,-22.645,-61.56313201903505,-154.88759576385732
69.26674490000005,sine,657,1.039907764483945,0.5326754078939584,6.536629882487839e-05,-2.137881444654889e-06,59.58232598781445,30.520052722733432,0.2696934521504689,0.45935665015558197,15.452296570535285,26.319197345182317,0.35,0.9914986939951533,2.404795821739365,-22.645,-64.14996550148642,-155.59028966653693
69.3712174000002,sine,658,1.040374482667671,0.5364122381083658,0.0021084862850580003,0.016718374628468615,59.60906696996397,30.734157322775943,0.2713694848738355,0.46270583730026066,15.548326171910007,26.511091633371876,0.35,1.0314264642424988,2.41439930365365,-22.645,-66.73329223648967,-156.21163494639117
69.47619169999962,sine,659,1.0399060175588772,0.5674889087778433,-0.0008989433735960626,0.1472314202506599,59.58222589638095,32.514719393454996,0.2873203755704786,0.4893778329347443,16.46224488830215,28.039284414419146,0.35,1.071256315863989,2.4227394851951525,-22.645,-69.31028363640009,-156.75124469212636
69.59128659999988,sine,660,1.0223094242945248,0.6204746457915898,-0.06971575501619015,0.3143052387289455,58.57401536852522,35.55057849873278,0.32351341932449285,0.5294599641022669,18.535953543139488,30.335821364207966,0.35,1.1109441137310454,2.429812371653474,-22.645,-71.87808415839864,-157.20886044597975
69.69648719999986,sine,661,0.9982833281632626,0.6296859728131143,-0.12940837402221683,0.2005207427586536,57.197421462028295,36.07834866078095,0.34112988131753347,0.5292776477708875,19.54530246529334,30.325375407883616,0.35,1.1504453868424087,2.4356159474744437,-22.645,-74.43381652870384,-157.5843518015965
69.80262809999931,sine,662,0.9726063216442755,0.6415495121653987,-0.17536820549123003,0.1616110866961945,55.726237357960436,36.75807939575421,0.36128712970464494,0.530148457009393,20.700227724471713,30.375269102010982,0.35,1.1897154101353018,2.4401501662795915,-22.645,-76.97458703575403,-157.87771575828958
69.91098609999972,sine,663,0.9545367719975957,0.6504858644519201,-0.1669078593297503,0.12583996803336558,54.69092842550357,37.27009466601397,0.375972266176389,0.5308264451946156,21.541624065876285,30.414114963583977,0.35,1.22870928720316,2.443416937149976,-22.645,-79.49749088204446,-158.08907583360346
70.01860870000019,sine,664,0.9423832670049741,0.6564904149900994,-0.13972941337507053,0.09421140475337794,53.994583883135185,37.61413006972465,0.3859255879936692,0.5310754235564038,22.111907398141923,30.428380372904517,0.35,1.2673820337581707,2.445420107211328,-22.645,-81.99961758415365,-158.21868093657295
70.1222216999995,sine,665,0.9427138788484122,0.6568689259699536,-0.07229715226734502,0.05138706848367402,54.013526546421225,37.63581715136966,0.3859723979523341,0.5315092604309406,22.114589411212602,30.453237394812625,0.35,1.3056886616754126,2.446165440564493,-22.645,-84.4780564103992,-158.2669040045227
70.22740049999993,sine,666,0.9430442427149881,0.657160912986035,-0.037324345111927386,0.02887920803778025,54.03245500167965,37.65254677506374,0.38596827726553223,0.5318730623948879,22.11435331325016,30.474081711925372,0.35,1.3435842634539275,2.445660593612415,-22.645,-86.9299018454691,-158.23424040672325
70.33363389999977,sine,667,0.93212624076435,0.6556155006812245,-0.06812354907341243,0.008822545504253298,53.40689956919249,37.56400117239051,0.3908308851678733,0.5263866487026332,22.392960223481264,30.159733362696393,0.35,1.3810240969288343,2.4439150868416637,-22.645,-89.35225907129558,-158.12130611865564
70.43733189999966,sine,668,0.9188978482031764,0.6531935712847408,-0.09498540089227732,-0.0054665570367431375,52.64896850569499,37.425234839693324,0.396290359511075,0.5192454068417905,22.70576506170668,29.75057034358796,0.35,1.4179636700681415,2.440940273123498,-22.645,-91.74224945340876,-157.92883567109033
70.54475249999996,sine,669,0.9102990507305027,0.6519167153256366,-0.0895514867715581,-0.00824129191980673,52.15629370162302,37.352076382190525,0.3999571765376277,0.5148103152200972,22.91585820157486,29.4964583119111,0.35,1.4543588256871873,2.4367493026061138,-22.645,-94.09701602196102,-157.65767987861557
70.64873290000014,sine,670,0.9102990507305027,0.6519167153256366,-0.04727470393356128,-0.004350621632143063,52.15629370162302,37.352076382190525,0.3999571765376277,0.5148103152200972,22.91585820157486,29.4964583119111,0.35,1.490165825913748,2.4313570842762564,-22.645,-96.4137289366195,-157.3088033526738
70.75270839999939,sine,671,0.9108696902870683,0.6520564728697883,-0.022779354389949144,-0.0017163258160099604,52.18898893983745,37.360083899625536,0.3997490199100606,0.5151488764350893,22.903931705337587,29.51585644063697,0.35,1.5253414362370652,2.4247802442748303,-22.645,-98.68959092453812,-156.88328180458151
70.85646059999999,sine,672,0.9111022402404867,0.6522833591014693,-0.011168961865103981,9.171965679458014e-05,52.20231307069429,37.37308352313048,0.3997682641890039,0.5154211050277308,22.90503432130081,29.531453990058107,0.35,1.5598430089744064,2.4170370810573947,-22.645,-100.9218426806441,-156.38229914441345
70.9599288999998,sine,673,0.9101330226438451,0.6521538352693173,-0.010317785947940663,-0.0005242288515260093,52.14678099297691,37.36566235420181,0.4001881504498722,0.5149311304397804,22.929092031924096,29.503380514099895,0.35,1.5936285659900329,2.4081475174963134,-22.645,-103.10776821955513,-155.80714438201147
71.06400669999948,sine,674,0.8941901909674259,0.6500430519957825,-0.0770979634045288,-0.009293960928182307,51.23332402443061,37.244723381161464,0.4070247375518144,0.5068400462363527,23.320799619138956,29.039795537558515,0.35,1.6266568805021797,2.39813305002751,-22.645,-105.24470016849104,-155.15920833677993
71.16965979999986,sine,675,0.8499024432198512,0.6439725746689601,-0.24137400806976717,-0.028024992420880197,48.695822994354565,36.896910650704676,0.42505824202931225,0.483762511785194,24.354043315529857,27.717550211939365,0.35,1.6588875578155928,2.3870166949500478,-22.645,-107.33002499066886,-154.4399801632681
71.27674260000003,sine,676,0.8256006277833863,0.6427250806043904,-0.23692602252625058,-0.01756849808345205,47.30343153533925,36.825434505837215,0.43584193802156024,0.4723741465189756,24.971903583437808,27.06504494663167,0.35,1.690281114818804,2.374822931992504,-22.645,-109.36118812877662,-153.65104369991502
71.38018219999958,sine,677,0.820128731885009,0.6457697738841616,-0.14891798007619908,0.004614422430510986,46.98991499442729,36.99988258067995,0.44049705011767537,0.4722085870672275,25.238621859705503,27.055559088788005,0.35,1.7207990580874428,2.361577645265155,-22.645,-111.33569905825756,-152.79407364865554
71.48380110000016,sine,678,0.8143570297462794,0.6489623244456353,-0.10516350457687557,0.017096152883443325,46.65922082127145,37.182802253734515,0.4454063081642025,0.47198021059936124,25.519901626312148,27.042474081039163,0.35,1.750403960437609,2.3473080617218973,-22.645,-113.2511362403133,-151.87083159340676
71.58922110000003,sine,679,0.8092064317871013,0.6522366421090428,-0.07889935946843943,0.024014767558508343,46.36411329624185,37.370406836632895,0.45009088789279805,0.4720496053865019,25.788308273553213,27.046450109462533,0.35,1.7790595357757177,2.332042687260838,-22.645,-115.10515196468894,-150.88316186577623
71.6927840999997,sine,680,0.8055588760492589,0.6548395412842157,-0.057972589107880966,0.024489258563811407,46.15512374692475,37.51954197386839,0.45361276696032643,0.47228199465988396,25.99009708007806,27.059765034031436,0.35,1.8067307120946694,2.315811240596604,-22.645,-116.89547707252511,-149.8329872666003
71.79860889999964,sine,681,0.803217152969971,0.6563599471427476,-0.04139648974440898,0.01997621596351558,46.02095289769317,37.60665481270923,0.455773238493135,0.4723125398363993,26.113882980666148,27.061515143730247,0.35,1.833383702469415,2.298644585041802,-22.645,-118.61992554977115,-148.7223046522046
71.90412800000013,sine,682,0.8032427949885599,0.6565681340508749,-0.021899712104444063,0.011548352522306134,46.02242207713651,37.61858304389481,0.4559056874578341,0.472474040339411,26.121471747344284,27.070768440942054,0.35,1.858986073908543,2.280574658339091,-22.645,-120.27639898188275,-147.5531803945392
72.00962849999996,sine,683,0.8032427949885599,0.6565681340508749,-0.011638042606662654,0.006137076964773675,46.02242207713651,37.61858304389481,0.4559056874578341,0.472474040339411,26.121471747344284,27.070768440942054,0.35,1.8835068139226943,2.26163440068872,-22.645,-121.86289086079833,-146.32774572456017
72.11531139999988,sine,684,0.8032427949885599,0.6565681340508749,-0.006192281725270727,0.0032653695144398208,46.02242207713651,37.61858304389481,0.4559056874578341,0.472474040339411,26.121471747344284,27.070768440942054,0.35,1.9069163946746408,2.241857681119976,-22.645,-123.37749073544927,-145.04819196846245
72.21889800000008,sine,685,0.8030451500149464,0.6567234145341306,-0.004171328274973862,0.0024274195635588494,46.011097854306485,37.62747996022611,0.45610690592173664,0.47249564396708216,26.133000716086006,27.072006237629786,0.35,1.9291868345803622,2.2212792223579876,-22.645,-124.81838819734944,-143.7167656865618
72.32311789999949,sine,686,0.8031660005246222,0.6567957374798937,-0.0017003067543288676,0.0016280250104714535,46.01802207846291,37.63162375978029,0.4561000246248508,0.4726028018420627,26.13260644681687,27.07814593160776,0.35,1.9502917572353988,2.1999345243399744,-22.645,-126.18387669313032,-142.33576372479635
72.43011750000005,sine,687,0.8030436749290195,0.6568648691987005,-0.0014554059229258199,0.0011798590656295152,46.011013338108455,37.6355847154984,0.45620584599883646,0.47259674402593144,26.138669564928524,27.077798844310372,0.35,1.9702064475453813,2.177859786537772,-22.645,-127.47235715618618,-140.90752818899387
72.5341757999995,sine,688,0.8030436749290195,0.6568648691987005,-0.0007691166905999187,0.0006235025470468259,46.011013338108455,37.6355847154984,0.45620584599883646,0.47259674402593144,26.138669564928524,27.077798844310372,0.35,1.9889079049452563,2.1550918292453494,-22.645,-128.68234144995807,-139.4344413521741
72.63881200000014,sine,689,0.8030436749290195,0.6568648691987005,-0.0004117079087048038,0.0003337607060854939,46.011013338108455,37.6355847154984,0.45620584599883646,0.47259674402593144,26.138669564928524,27.077798844310372,0.35,2.0063748935969152,2.131668013991994,-22.645,-129.8124556157204,-137.91892050528202
72.74408330000006,sine,690,0.8030436749290195,0.6568648691987005,-0.00021965994819654827,0.00017807250688824949,46.011013338108455,37.6355847154984,0.45620584599883646,0.47259674402593144,26.138669564928524,27.077798844310372,0.35,2.0225879894607117,2.1076261632434683,-22.645,-130.86144291810805,-136.3634127618524
72.84787659999984,sine,691,0.8030436749290195,0.6568648691987005,-0.0001170171166453026,9.486267970535369e-05,46.011013338108455,37.6355847154984,0.45620584599883646,0.47259674402593144,26.138669564928524,27.077798844310372,0.35,2.037529624142262,2.0830044795543783,-22.645,-131.82816668200437,-134.7703898271683
72.95118180000009,sine,692,0.7858880293713155,0.6547000379245156,-0.07715316650466009,-0.009211764822104713,45.02806725282966,37.51154902012968,0.4627160009792699,0.46316956084798405,26.511673969283432,26.53766103551726,0.35,2.051184125421951,2.057841464336203,-22.645,-132.71161291480024,-133.14234274255236
73.05727799999931,sine,693,0.6990468926493065,0.6526079630312922,-0.4312459513416002,-0.0008967435615711458,40.052436630539994,37.3916819583227,0.4995425820200484,0.4199456657242644,28.621681636816536,24.061114270812027,0.35,2.063537754380828,2.03217583640577,-22.645,-133.5108927084396,-131.48177661545333
73.16272179999942,sine,694,0.6195274863243649,0.6639901015566292,-0.5695071198969581,0.07084019776135737,35.49631025873494,38.04383045765776,0.5405894752890261,0.38554620238295445,30.973495383252907,22.09017020383997,0.35,2.0745787390430896,2.0060464504792512,-22.645,-134.22524441608792,-129.79120534600756
73.26740759999939,sine,695,0.6017101589678924,0.6799832020061833,-0.3725119322889387,0.11280667429544469,34.475452599006076,38.960167614746,0.5605569227160125,0.3849066008861582,32.11754584846858,22.053523737503298,0.35,2.0842973044618485,1.9794922157767534,-22.645,-134.8540355986816,-128.07314636075594
73.37119579999944,sine,696,0.5798744292413995,0.6985111720267995,-0.2859102670844304,0.14614935072118615,33.22435744308969,40.02174209987222,0.5843265699344886,0.3827274710741943,33.479446314602136,21.928668796266628,0.35,2.092685699181722,1.9525520149020212,-22.645,-135.39676473705742,-126.33011536416078
73.47543729999961,sine,697,0.567518354584949,0.7119802683888996,-0.20327377077363373,0.14015687533782653,32.51640651392651,40.79346447527557,0.6003685019619812,0.38271864917593973,34.39858131501321,21.928163338729348,0.35,2.099738218018585,1.9252646231611972,-22.645,-135.85306270580244,-124.56462111852946
73.58083859999988,sine,698,0.5607479448161166,0.7190802910120887,-0.13702342722719696,0.10736487539081141,32.12849060859827,41.20026580603171,0.6089585922685005,0.38242110012968206,34.890757235213,21.91111503418064,0.35,2.1054512211038836,1.8976686284833528,-22.645,-136.2226940054213,-122.77916026287294
73.6846418999994,sine,699,0.5603705234091354,0.7195477076196297,-0.07442576703406975,0.05915825024143367,32.106865954880355,41.22704680491813,0.6094988118896391,0.3824396708577479,34.921709539514396,21.912179058521296,0.35,2.1098231491480033,1.8698023521042884,-22.645,-136.5055577498758,-120.97621218114746
73.79160109999975,sine,700,0.5603705234091354,0.7195477076196297,-0.03995581706184805,0.03175938009834305,32.106865954880355,41.22704680491813,0.6094988118896391,0.3824396708577479,34.921709539514396,21.912179058521296,0.35,2.1128545348843684,1.841703770173321,-22.645,-136.70168840701865,-119.15823393021387
73.8972789999998,sine,701,0.5603705234091354,0.7195477076196297,-0.021116985103654087,0.016785099286040696,32.106865954880355,41.22704680491813,0.6094988118896391,0.3824396708577479,34.921709539514396,21.912179058521296,0.35,2.114548010663276,1.81341043644073,-22.645,-136.81125628991398,-117.32765523771523
74.00100419999944,sine,702,0.5602737206846533,0.7196343500374032,-0.011659084112078093,0.009313222834040076,32.101319567322165,41.23201104978336,0.6096092258669565,0.38242671126850664,34.928035794413944,21.91143652875355,0.35,2.114908312171807,1.7849594061813416,-22.645,-136.83456779751592,-115.4868735799328
74.10678989999997,sine,703,0.5602737206846533,0.7196343500374032,-0.00624622792061816,0.004989458171646311,32.101319567322165,41.23201104978336,0.6096092258669565,0.38242671126850664,34.928035794413944,21.91143652875355,0.35,2.113942278263529,1.7563871615069755,-22.645,-136.77206540365032,-113.63824934950132
74.21207909999976,sine,704,0.5602737206846533,0.7196343500374032,-0.0033201908024570056,0.002652153162080671,32.101319567322165,41.23201104978336,0.6096092258669565,0.38242671126850664,34.928035794413944,21.91143652875355,0.35,2.111658846889188,1.7277295382176585,-22.645,-136.62432739373045,-111.78410112268251
74.3191397999999,sine,705,0.5601526917971258,0.7198063908187136,-0.0023055261430033895,0.0021770576516118513,32.09438512286768,41.24186826045658,0.6098012545572176,0.38244433608553574,34.939038227911325,21.91244635638401,0.35,2.1080690471270596,1.6990216543382233,-22.645,-136.39206734912077,-109.92670103568305
74.42414550000012,sine,706,0.5601526917971258,0.7198063908187136,-0.0012194545317399453,0.0011515041055482373,32.09438512286768,41.24186826045658,0.6098012545572176,0.38244433608553574,34.939038227911325,21.91244635638401,0.35,2.1031859873190664,1.6702978404834,-22.645,-136.0761333795436,-108.06827027927598
74.5285444000001,sine,707,0.5601526917971258,0.7198063908187136,-0.00065017116306794,0.0006139423357700589,32.09438512286768,41.24186826045658,0.6098012545572176,0.38244433608553574,34.939038227911325,21.91244635638401,0.35,2.097024839326265,1.6415915721908516,-22.645,-135.67750710440936,-106.2109747207481
74.63386350000019,sine,708,0.5601526917971258,0.7198063908187136,-0.00034792373008158285,0.00032853672947933814,32.09438512286768,41.24186826045658,0.6098012545572176,0.38244433608553574,34.939038227911325,21.91244635638401,0.35,2.089602818924768,1.6129354043572879,-22.645,-135.1973023844325,-104.35692066191653
74.7391931000002,sine,709,0.5601526917971258,0.7198063908187136,-0.00018531733944628236,0.00017499108957936752,32.09438512286768,41.24186826045658,0.6098012545572176,0.38244433608553574,34.939038227911325,21.91244635638401,0.35,2.0809391623705276,1.5843609079088194,-22.645,-134.63676380537314,-102.50815074170062
74.84253159999935,sine,710,0.5601526917971258,0.7198063908187136,-9.866489521976104e-05,9.316709148387502e-05,32.09438512286768,41.24186826045658,0.6098012545572176,0.38244433608553574,34.939038227911325,21.91244635638401,0.35,2.071055099168906,1.555898608831762,-22.645,-133.9972649162282,-100.666639991415
74.94852709999941,sine,711,0.5601526917971258,0.7198063908187136,-5.3040604684371104e-05,5.0085076946386104e-05,32.09438512286768,41.24186826045658,0.6098012545572176,0.38244433608553574,34.939038227911325,21.91244635638401,0.35,2.059973821092059,1.5275779296855438,-22.645,-133.28030622465621,-98.8342920506547
75.05387699999937,sine,712,0.5601526917971258,0.7198063908187136,-2.81501988558932e-05,2.658161391906081e-05,32.09438512286768,41.24186826045658,0.6098012545572176,0.38244433608553574,34.939038227911325,21.91244635638401,0.35,2.047720447494615,1.4994271337142346,-22.645,-132.4875129529016,-97.01293555131099
75.15873219999958,sine,713,0.5601526917971258,0.7198063908187136,-1.4993627809622582e-05,1.4158153117204145e-05,32.09438512286768,41.24186826045658,0.6098012545572176,0.38244433608553574,34.939038227911325,21.91244635638401,0.35,2.034321986985102,1.4714732716677483,-22.645,-131.6206325579361,-95.20432067690332
75.26390829999946,sine,714,0.5601526917971258,0.7198063908187136,-7.995020261122128e-06,7.549521868181273e-06,32.09438512286768,41.24186826045658,0.6098012545572176,0.38244433608553574,34.939038227911325,21.91244635638401,0.35,2.0198072955176913,1.4437421314385872,-22.645,-130.68153201999465,-93.41011590407659
75.36960610000006,sine,715,0.5601526917971258,0.7198063908187136,-4.2592536927994375e-06,4.021919625680609e-06,32.09438512286768,41.24186826045658,0.6098012545572176,0.38244433608553574,34.939038227911325,21.91244635638401,0.35,2.0042070309757327,1.4162581906139642,-22.645,-129.67219490412992,-91.63190493272349
75.47371539999949,sine,716,0.5601526917971258,0.7198063908187136,-2.262238313756495e-06,2.1361819061037766e-06,32.09438512286768,41.24186826045658,0.6098012545572176,0.38244433608553574,34.939038227911325,21.91244635638401,0.35,1.987553604325313,1.3890445720373363,-22.645,-128.59471819984776,-89.87118381081567
75.58037229999991,sine,717,0.5601526917971258,0.7198063908187136,-1.2127124732643758e-06,1.1451377279487483e-06,32.09438512286768,41.24186826045658,0.6098012545572176,0.38244433608553574,34.939038227911325,21.91244635638401,0.35,1.9698811274237427,1.3621230024674476,-22.645,-127.45130894431615,-88.12935825964387
75.6867801999997,sine,718,0.5601526917971258,0.7198063908187136,-6.418434960974694e-07,6.06078702927223e-07,32.09438512286768,41.24186826045658,0.6098012545572176,0.38244433608553574,34.939038227911325,21.91244635638401,0.35,1.951225357574375,1.3355137744162824,-22.645,-126.24428063506207,-86.40774120473347
75.79172719999951,sine,719,0.5601526917971258,0.7198063908187136,-3.400117052396247e-07,3.2106557836088273e-07,32.09438512286768,41.24186826045658,0.6098012545572176,0.38244433608553574,34.939038227911325,21.91244635638401,0.35,1.9316236389253763,1.3092357112414676,-22.645,-124.97604943847185,-84.70755051732296
75.8952804999999,sine,720,0.5601526917971258,0.7198063908187136,-1.8159332253026725e-07,1.7147458227523379e-07,32.09438512286768,41.24186826045658,0.6098012545572176,0.38244433608553574,34.939038227911325,21.91244635638401,0.35,1.9111148408163845,1.2833061355615483,-22.645,-123.64913020082008,-83.02990697083217
75.99993970000014,sine,721,0.5601526917971258,0.7198063908187136,-9.740968287340808e-08,9.19818220600959e-08,32.09438512286768,41.24186826045658,0.6098012545572176,0.38244433608553574,34.939038227911325,21.91244635638401,0.35,1.8897392931826662,1.2577408410561757,-22.645,-122.26613226891851,-81.37583241633457
76.10515260000011,sine,722,0.5601526917971258,0.7198063908187136,-5.208017957501131e-08,4.917816862982801e-08,32.09438512286768,41.24186826045658,0.6098012545572176,0.38244433608553574,34.939038227911325,21.91244635638401,0.35,1.8675387191324346,1.2325540677063291,-22.645,-120.82975512786852,-79.7462481805995
76.21011079999971,sine,723,0.5601526917971258,0.7198063908187136,-2.775268484179575e-08,2.62062501745897e-08,32.09438512286768,41.24186826045658,0.6098012545572176,0.38244433608553574,34.939038227911325,21.91244635638401,0.35,1.8445561648181625,1.2077584805226689,-22.645,-119.34278386373512,-78.14197368981668
76.31407119999949,sine,724,0.5601526917971258,0.7198063908187136,-1.4786225104570108e-08,1.3962307302412696e-08,32.09438512286768,41.24186826045658,0.6098012545572176,0.38244433608553574,34.939038227911325,21.91244635638401,0.35,1.8208359267283543,1.183365151803161,-22.645,-117.80808445932452,-76.56372532166452
76.4194080999996,sine,725,0.5601526917971258,0.7198063908187136,-7.935252295487092e-09,7.493084292185049e-09,32.09438512286768,41.24186826045658,0.6098012545572176,0.38244433608553574,34.939038227911325,21.91244635638401,0.35,1.796423476530975,1.1593835469540656,-22.645,-116.22859893155409,-75.01211548792806
76.52296769999975,sine,726,0.5601526917971258,0.7198063908187136,-4.223655334856543e-09,3.9883048788777655e-09,32.09438512286768,41.24186826045658,0.6098012545572176,0.38244433608553574,34.939038227911325,21.91244635638401,0.35,1.7713653836047847,1.1358215139009027,-22.645,-114.60734031922958,-73.48765194938841
76.62780979999934,sine,727,0.5601526917971258,0.7198063908187136,-2.2648584936994078e-09,2.1386560844212205e-09,32.09438512286768,41.24186826045658,0.6098012545572176,0.38244433608553574,34.939038227911325,21.91244635638401,0.35,1.745709235399223,1.1126852761092232,-22.645,-112.94738753032973,-71.99073736426675
76.73369189999994,sine,728,0.5601526917971258,0.7198063908187136,-1.209977189054065e-09,1.14255485920208e-09,32.09438512286768,41.24186826045658,0.6098012545572176,0.38244433608553574,34.939038227911325,21.91244635638401,0.35,1.7195035557678313,1.0899794292272857,-22.645,-111.25188005817868,-70.52166907100539
76.83865950000018,sine,729,0.5601526917971258,0.7198063908187136,-6.427606945583863e-10,6.069447932699611e-10,32.09438512286768,41.24186826045658,0.6098012545572176,0.38244433608553574,34.939038227911325,21.91244635638401,0.35,1.692797721424177,1.067706941355735,-22.645,-109.52401257614426,-69.08063910571606
76.9433239,sine,730,0.5601526917971258,0.7198063908187136,-3.4251068789327274e-10,3.234253127425031e-10,32.09438512286768,41.24186826045658,0.6098012545572176,0.38244433608553574,34.939038227911325,21.91244635638401,0.35,1.6656418766730248,1.045869156941985,-22.645,-107.7670294207447,-67.66773445414643
77.04843319999964,sine,731,0.5601526917971258,0.7198063908187136,-1.8293888851035094e-10,1.7274517064898943e-10,32.09438512286768,41.24186826045658,0.6098012545572176,0.38244433608553574,34.939038227911325,21.91244635638401,0.35,1.638086846572822,1.0244658042896273,-22.645,-105.98421897326159,-66.28293753753888
77.15427910000017,sine,732,0.5601526917971258,0.7198063908187136,-9.767658792494939e-11,9.223385463256327e-11,32.09438512286768,41.24186826045658,0.6098012545572176,0.38244433608553574,34.939038227911325,21.91244635638401,0.35,1.6101840486888577,1.0034950066660258,-22.645,-104.17890795016909,-64.92612693129188
77.25808049999978,sine,733,0.5601526917971258,0.7198063908187136,-5.182313372103652e-11,4.8935445880875816e-11,32.09438512286768,41.24186826045658,0.6098012545572176,0.38244433608553574,34.939038227911325,21.91244635638401,0.35,1.581985403599127,0.9829532969839108,-22.645,-102.35445561286352,-63.597078314859026
77.36269209999955,sine,734,0.5601526917971258,0.7198063908187136,-2.7776752653846782e-11,2.6228976880397073e-11,32.09438512286768,41.24186826045658,0.6098012545572176,0.38244433608553574,34.939038227911325,21.91244635638401,0.35,1.5535432443175963,0.9628356360256207,-22.645,-100.51424790734848,-62.295465650857665
77.46742929999982,sine,735,0.5601526917971258,0.7198063908187136,-1.4864735510749207e-11,1.4036442952976478e-11,32.09438512286768,41.24186826045658,0.6098012545572176,0.38244433608553574,34.939038227911325,21.91244635638401,0.35,1.5249102248017543,0.9431354341715038,-22.645,-98.6616915446735,-61.0208625908963
77.57193229999939,sine,736,0.5601526917971258,0.7198063908187136,-7.928863261748899e-12,7.487051268084088e-12,32.09438512286768,41.24186826045658,0.6098012545572176,0.38244433608553574,34.939038227911325,21.91244635638401,0.35,1.4961392277130672,0.9238445765868792,-22.645,-96.80020803303545,-59.77274410517109
77.67671259999952,sine,737,0.5601526917971258,0.7198063908187136,-4.2348761130606455e-12,3.998900413055685e-12,32.09438512286768,41.24186826045658,0.6098012545572176,0.38244433608553574,34.939038227911325,21.91244635638401,0.35,1.4672832716009143,0.904953451815018,-22.645,-94.93322767257916,-58.55048833243166
77.78130019999935,sine,738,0.5601526917971258,0.7198063908187136,-2.2656664520675023e-12,2.1394190217458667e-12,32.09438512286768,41.24186826045658,0.6098012545572176,0.38244433608553574,34.939038227911325,21.91244635638401,0.35,1.4383954176813187,0.8864509837167275,-22.645,-93.06418352398133,-57.35337864647227
77.89147589999993,sine,739,0.5601526917971258,0.7198063908187136,-1.2095854551123525e-12,1.1421849534528917e-12,32.09438512286768,41.24186826045658,0.6098012545572176,0.38244433608553574,34.939038227911325,21.91244635638401,0.35,1.409528676383258,0.8683246666903084,-22.645,-91.1965053619968,-56.18060593486295
77.99684590000015,sine,740,0.5601526917971258,0.7198063908187136,-6.305104611283181e-13,5.953771671539463e-13,32.09438512286768,41.24186826045658,0.6098012545572176,0.38244433608553574,34.939038227911325,21.91244635638401,0.35,1.3807359138354807,0.8505606040991502,-22.645,-89.3336136251556,-55.031271085215025
78.10147700000016,sine,741,0.5601526917971258,0.7198063908187136,-3.3530938640399686e-13,3.166252820612771e-13,32.09438512286768,41.24186826045658,0.6098012545572176,0.38244433608553574,34.939038227911325,21.91244635638401,0.35,1.3520697584673167,0.8331435498275462,-22.645,-87.4789133728354,-53.904387673842244
78.20565649999935,sine,742,0.5601526917971258,0.7198063908187136,-1.7946754620571086e-13,1.6946725842551936e-13,32.09438512286768,41.24186826045658,0.6098012545572176,0.38244433608553574,34.939038227911325,21.91244635638401,0.35,1.3235825078968153,0.816056952879198,-22.645,-85.63578826092396,-52.798884851284114
78.31130099999973,sine,743,0.5601526917971258,0.7198063908187136,-9.611792572985744e-14,9.076204418773239e-14,32.09438512286768,41.24186826045658,0.6098012545572176,0.38244433608553574,34.939038227911325,21.91244635638401,0.35,1.2953260362791181,0.7992830049265043,-22.645,-83.80759454725894,-51.71361041874483
78.4198035999998,sine,744,0.5601526917971258,0.7198063908187136,-5.101960954886331e-14,4.8176695669956095e-14,32.09438512286768,41.24186826045658,0.6098012545572176,0.38244433608553574,34.939038227911325,21.91244635638401,0.35,1.2673517022872987,0.7828026907129773,-22.645,-81.99765513798823,-50.64733408912963
78.52348439999969,sine,745,0.5601526917971258,0.7198063908187136,-2.679391428048294e-14,2.53009042113784e-14,32.09438512286768,41.24186826045658,0.6098012545572176,0.38244433608553574,34.939038227911325,21.91244635638401,0.35,1.2397102578969137,0.7665958412050734,-22.645,-80.20925368593032,-49.598750925968254
78.62869789999968,sine,746,0.5601526917971258,0.7198063908187136,-1.438992813538539e-14,1.3588092786696877e-14,32.09438512286768,41.24186826045658,0.6098012545572176,0.38244433608553574,34.939038227911325,21.91244635638401,0.35,1.2124517581439496,0.7506411893843585,-22.645,-78.44562875191355,-48.566484953168
78.73413699999946,sine,747,0.5601526917971258,0.7198063908187136,-7.657241296305492e-15,7.230564617516731e-15,32.09438512286768,41.24186826045658,0.6098012545572176,0.38244433608553574,34.939038227911325,21.91244635638401,0.35,1.1856254720243877,0.7349164285654701,-22.645,-76.7099680399779,-47.54909292818592
78.83908479999991,sine,748,0.5601526917971258,0.7198063908187136,-4.075907664453662e-15,3.848790001835686e-15,32.09438512286768,41.24186826045658,0.6098012545572176,0.38244433608553574,34.939038227911325,21.91244635638401,0.35,1.1592797947014075,0.7193982731201058,-22.645,-75.00540271718107,-46.54506827087085
78.94795609999983,sine,749,0.5601526917971258,0.7198063908187136,-2.175777554861686e-15,2.0545389122529657e-15,32.09438512286768,41.24186826045658,0.6098012545572176,0.38244433608553574,34.939038227911325,21.91244635638401,0.35,1.1334621611839957,0.7040625214825595,-22.645,-73.33500182860452,-45.5528451399216
79.06582679999974,sine,750,0.5601526917971258,0.7198063908187136,-1.0776844527696644e-15,1.0176337366831932e-15,32.09438512286768,41.24186826045658,0.6098012545572176,0.38244433608553574,34.939038227911325,21.91244635638401,0.35,1.1082189616380962,0.6888841213074174,-22.645,-71.70176681798483,-44.570802648589904
79.1767906999994,sine,751,0.5601526917971258,0.7198063908187136,-5.761134028910032e-16,5.440112209381077e-16,32.09438512286768,41.24186826045658,0.6098012545572176,0.38244433608553574,34.939038227911325,21.91244635638401,0.35,1.0835954584883873,0.6738372366457669,-22.645,-70.10862616419867,-43.59726921098112
79.28706659999989,sine,752,0.5601526917971258,0.7198063908187136,-2.9176872910134843e-16,2.755107965783853e-16,32.09438512286768,41.24186826045658,0.6098012545572176,0.38244433608553574,34.939038227911325,21.91244635638401,0.35,1.0596357054656769,0.6588953170021175,-22.645,-68.5584301436293,-42.630527010037
79.39156000000003,sine,753,0.5601526917971258,0.7198063908187136,-1.5617109424306258e-16,1.4746893099184224e-16,32.09438512286768,41.24186826045658,0.6098012545572176,0.38244433608553574,34.939038227911325,21.91244635638401,0.35,1.036382468751118,0.6440311681301927,-22.645,-67.05394572819735,-41.66881657802347
79.49653989999933,sine,754,0.5601526917971258,0.7198063908187136,-8.355088929327614e-17,7.889526795733851e-17,32.09438512286768,41.24186826045658,0.6098012545572176,0.38244433608553574,34.939038227911325,21.91244635638401,0.35,1.01387715036489,0.6292170244223861,-22.645,-65.59785162860838,-40.710341480128385
79.60301329999947,sine,755,0.5601526917971258,0.7198063908187136,-4.448812670948224e-17,4.2009160014375734e-17,32.09438512286768,41.24186826045658,0.6098012545572176,0.38244433608553574,34.939038227911325,21.91244635638401,0.35,0.9921597139426035,0.614424622744163,-22.645,-64.19273349208645,-39.75327309154735
79.70695599999999,sine,756,0.5601526917971258,0.7198063908187136,-2.3603976983720298e-17,2.228871655037345e-17,32.09438512286768,41.24186826045658,0.6098012545572176,0.38244433608553574,34.939038227911325,21.91244635638401,0.35,0.9712686130384626,0.5996252775616753,-22.645,-62.84107926358853,-38.79575545824039
79.81116039999961,sine,757,0.5601526917971258,0.7198063908187136,-1.2648646742617999e-17,1.1943839048244251e-17,32.09438512286768,41.24186826045658,0.6098012545572176,0.38244433608553574,34.939038227911325,21.91244635638401,0.35,0.9512407220894634,0.5847899572083488,-22.645,-61.545274719188285,-37.83591023138017
79.91632109999955,sine,758,0.5601526917971258,0.7198063908187136,-6.762267540524859e-18,6.3854605752455626e-18,32.09438512286768,41.24186826045658,0.6098012545572176,0.38244433608553574,34.939038227911325,21.91244635638401,0.35,0.93211127017005,0.5698893611333562,-22.645,-60.30759918000224,-36.87184166532815
80.02119169999969,sine,759,0.560195729036196,0.7199517150959353,0.00019121982117886716,0.0006458272139268342,32.096850975028296,41.25019472820217,0.609907906269277,0.3825477982420046,34.945148920890176,21.918374301288996,0.35,0.9139137776613928,0.5548939979732938,-22.645,-59.130221414692116,-35.90164166887211
80.12540369999988,sine,760,0.5563010023138117,0.7161862013954685,-0.017296486241026386,-0.016367209814728955,31.873699571478856,41.03444668546673,0.6081954682464401,0.3781811040675672,34.8470334495039,21.668181154669373,0.36354573975973725,0.8966799959541965,0.5397742642860662,-23.521409362455,-58.015195738236514,-34.923394899308484
80.23340459999963,sine,761,0.5458590680672648,0.7054762161637717,-0.056855540261906,-0.056333565216808996,31.2754208091986,40.420809733043065,0.6029575545031539,0.36624974954302536,34.54692309856002,20.984564896538803,0.39505962591702004,0.880439850298091,0.5245005237848888,-25.560357796831198,-56.96445831428649,-33.93518388888231
80.3379989999994,sine,762,0.5270587350162428,0.6851590904503922,-0.11646923471402629,-0.11776213654101025,30.198241071934728,39.2567241778297,0.5921763173265152,0.344630510002256,33.929203710409084,19.74587371457037,0.4257354271860234,0.8652213859050792,0.5090431869088973,-27.545082138935715,-55.97982366805863,-32.93509419300565
80.44251609999992,sine,763,0.504339533863353,0.6623821966053259,-0.171223055783758,-0.16264372238106822,28.896526731965388,37.9517042900899,0.5799115208987099,0.3200824929742984,33.22648263850871,18.339375943453124,0.455576492025653,0.8510507174081676,0.4933727905661793,-29.475799034059747,-55.062981416308446,-31.9212195496318
80.55053619999944,sine,764,0.4800441266815749,0.6320334188250235,-0.2084209893931273,-0.21539557602387072,27.504502438897674,36.21284740989816,0.5605975541712379,0.29188460865361426,32.11987385936847,16.723756180679803,0.4845879403453387,0.8379519817703612,0.4774600778843,-31.352839740343416,-54.21549322054237,-30.89166703911421
80.65446669999983,sine,765,0.4616953278813938,0.5963752706323703,-0.20893703039971817,-0.2731419935847964,26.453193708512586,34.16978601320709,0.5339339285275709,0.26566524685955384,30.59216064346956,15.221497408353583,0.512776627463976,0.8259472947324769,0.46127607780354707,-33.17664779691925,-53.438789969191255,-29.844562233889498
80.7614496999995,sine,766,0.4489965122589683,0.5364500974226444,-0.19115840668167955,-0.4133123487995742,25.725605168532812,30.736326501699363,0.48327884365484824,0.23285245607551008,27.68983806938557,13.341462982382112,0.5401511047703941,0.815056710881875,0.4447921843477309,-34.9477764786445,-52.734169194057316,-28.77805432729819
80.86658299999999,sine,767,0.4390997086823738,0.48782632170712537,-0.16318431998640545,-0.4312075018038717,25.15856009292397,27.95038936920942,0.44154856360006806,0.20738704427475801,25.298869144347705,11.882402362636377,0.5667215771742788,0.805298187417283,0.4279802354084381,-36.66688604317584,-52.10279272589821,-27.690321230925946
80.97091099999943,sine,768,0.4216486786352358,0.4442895645896933,-0.1897484257737759,-0.422399556093847,24.158689723066974,25.455916932694414,0.4053766557712798,0.18183229679843071,23.22637148882192,10.418223185720231,0.5924998574431001,0.7966875516780654,0.4108125908788345,-38.33474077656857,-51.54568459357083,-26.57957462986059
81.07595919999949,sine,769,0.38971128379657394,0.40589242706482376,-0.2846408444903719,-0.3945633380233007,22.328811790168754,23.25592300713599,0.3754581208861712,0.15420720414169548,21.512165710690272,8.83542196783146,0.6174993175261041,0.7892384724992522,0.39326220997464373,-39.952205843938934,-51.06372917070162,-25.44406498535945
81.18087550000018,sine,770,0.3514912889575102,0.3659191893680998,-0.3786356841802933,-0.38428241673398394,20.138967392878612,20.965625193640463,0.3435470031141714,0.12598535549451279,19.68379334280977,7.218429150290899,0.6417348369725222,0.7829624354464617,0.3753027275810161,-41.520243952122186,-50.65766957338607,-24.282086474491745
81.28431209999962,sine,771,0.3073398927094426,0.31835699854022215,-0.4855726385943023,-0.4111265668839138,17.6092787282546,18.24051239480724,0.3034393270376434,0.09631071241809554,17.385792777546897,5.518197343455082,0.6652227485563159,0.777868721977607,0.35690852946607693,-43.03991183159364,-50.328106311951174,-23.091981856455178
81.38995829999931,sine,772,0.2373607881608328,0.2558556042941537,-0.7748639429866555,-0.4916111924917994,13.599771383514518,14.65944629082427,0.2486819092061218,0.0601614351750751,14.24842383876631,3.446996324981698,0.687980781225442,0.7739643925709667,0.35,-44.5123565452861,-50.07549619934155,-22.645
81.49394419999953,sine,773,0.152774401440817,0.2087845944213887,-1.0662983700039788,-0.455510224527058,8.753328420196176,11.962476087696205,0.2063528116988423,0.03177300696638435,11.823145201001463,1.820459201613586,0.7100280004983363,0.7712542738516984,0.35,-45.938811632242356,-49.90015151820489,-22.645
81.59794129999955,sine,774,0.04281534336667692,0.17442712904050062,-1.4215050274230099,-0.3777365895092445,2.4531384733140325,9.993938326604482,0.17426727759991623,0.0074658759181484066,9.98477951370991,0.4277631804782622,0.7313847464353969,0.7697409497415026,0.35,-47.32059309437018,-49.80223944827522,-22.645
81.70160889999988,sine,775,-0.08060685032830374,0.15058458300858754,-1.6766350575111508,-0.2848477370792843,-4.618432323654519,8.627861066129475,0.15009563885843907,-0.012125008682356482,8.599846629908356,-0.6947118240585058,0.7520725693176427,0.7694247566485094,0.35,-48.659095234851485,-49.78178175515856,-22.645
81.80612669999937,sine,776,-0.08060685032830374,0.0,0.0,0.0,-4.618432323654519,0.0,0.0,-0.0,0.0,-0.0,0.7721141631691146,0.7703037827069453,0.35,-49.95578635704172,-49.838654741139365,-22.645
81.90981529999954,sine,777,-0.08060685032830374,0.0,0.0,0.0,-4.618432323654519,0.0,0.0,-0.0,0.0,-0.0,0.7915332972635114,0.7723738710685828,0.35,-51.21220433294919,-49.97258945813731,-22.645
82.01391830000011,sine,778,-0.08060685032830374,0.0,0.0,0.0,-4.618432323654519,0.0,0.0,-0.0,0.0,-0.0,0.8103547457595195,0.7756286272403071,0.35,-52.429952050640914,-50.183172182447876,-22.645
82.11796890000005,sine,779,-0.08060685032830374,0.0,0.0,0.0,-4.618432323654519,0.0,0.0,-0.0,0.0,-0.0,0.8286042156124096,0.7800594304546589,0.35,-53.6106927501229,-50.46984515041643,-22.645
82.2238041999999,sine,780,-0.08060685032830374,0.0,0.0,0.0,-4.618432323654519,0.0,0.0,-0.0,0.0,-0.0,0.8463082729130157,0.7856554490525719,0.35,-54.75614525747212,-50.831907553701406,-22.645
82.32857849999982,sine,781,-0.08060685032830374,0.0,0.0,0.0,-4.618432323654519,0.0,0.0,-0.0,0.0,-0.0,0.8634942678078359,0.7924036598500599,0.35,-55.868079127166986,-51.268516792298875,-22.645
82.43356700000004,sine,782,-0.08060685032830374,0.0,0.0,0.0,-4.618432323654519,0.0,0.0,-0.0,0.0,-0.0,0.8801902581566214,0.8002888714531508,0.35,-56.94830970273341,-51.77868998301886,-22.645
82.53859329999977,sine,783,-0.08060685032830374,0.0,0.0,0.0,-4.618432323654519,0.0,0.0,-0.0,0.0,-0.0,0.896424932086216,0.809293751477953,0.35,-57.99869310597818,-52.36130572062356,-22.645
82.64367289999973,sine,784,-0.08060685032830374,0.0,0.0,0.0,-4.618432323654519,0.0,0.0,-0.0,0.0,-0.0,0.9122275296010589,0.8193988576254312,0.35,-59.02112116518851,-53.0151060883654,-22.645
82.74855269999989,sine,785,-0.08060685032830374,0.0,0.0,0.0,-4.618432323654519,0.0,0.0,-0.0,0.0,-0.0,0.9276277634128072,0.8305826725532758,0.35,-60.01751629280863,-53.738698914196945,-22.645
82.85366749999957,sine,786,-0.08060685032830374,0.0,0.0,0.0,-4.618432323654519,0.0,0.0,-0.0,0.0,-0.0,0.9426557391523862,0.8428216424801361,0.35,-60.98982632315939,-54.53056026846481,-22.645
82.9570520999996,sine,787,-0.08060685032830374,0.0,0.0,0.0,-4.618432323654519,0.0,0.0,-0.0,0.0,-0.0,0.9573418751291954,0.8560902194504774,0.35,-61.940019320858944,-55.38903719844589,-22.645
83.06191909999961,sine,788,-0.08060685032830374,0.0,0.0,0.0,-4.618432323654519,0.0,0.0,-0.0,0.0,-0.0,0.97171682180253,0.8703609071815797,0.35,-62.870078370623695,-56.31235069464821,-22.645
83.16698029999952,sine,789,-0.08060685032830374,0.0,0.0,0.0,-4.618432323654519,0.0,0.0,-0.0,0.0,-0.0,0.9858113811308507,0.8856043104073092,0.35,-63.78199635916604,-57.29859888335291,-22.645
83.27106920000006,sine,790,-0.08060685032830374,0.0,0.0,0.0,-4.618432323654519,0.0,0.0,-0.0,0.0,-0.0,0.9996564259643658,0.9017891876270171,0.35,-64.67777075989447,-58.34576043946801,-22.645
83.3786455999998,sine,791,-0.08060685032830374,0.0,0.0,0.0,-4.618432323654519,0.0,0.0,-0.0,0.0,-0.0,1.0132828196462944,0.9188825071613173,0.35,-65.55939843111526,-59.45169821333723,-22.645
83.48333529999945,sine,792,-0.08060685032830374,0.0,0.0,0.0,-4.618432323654519,0.0,0.0,-0.0,0.0,-0.0,1.02672133598725,0.9368495064104954,0.35,-66.42887043837509,-60.614163064759055,-22.645
83.58840019999934,sine,793,-0.08060685032830374,0.0,0.0,0.0,-4.618432323654519,0.0,0.0,-0.0,0.0,-0.0,1.0400025797766248,0.9556537542052652,0.35,-67.28816691154763,-61.830797897080664,-22.645
83.6924898999996,sine,794,-0.08060685032830374,0.0,0.0,0.0,-4.618432323654519,0.0,0.0,-0.0,0.0,-0.0,1.0531569079931105,0.975257216133811,0.35,-68.13925194715425,-63.09914188385758,-22.645
83.7971593000002,sine,795,-0.08060685032830374,0.0,0.0,0.0,-4.618432323654519,0.0,0.0,-0.0,0.0,-0.0,1.0662143518753362,0.9956203227235487,0.35,-68.98406856633426,-64.4166348802136,-22.645
83.90092559999994,sine,796,-0.08060685032830374,0.0,0.0,0.0,-4.618432323654519,0.0,0.0,-0.0,0.0,-0.0,1.079204540011364,1.0167020403507534,0.35,-69.82453373873524,-65.78062201069375,-22.645
84.0067153,sine,797,-0.08060685032830374,0.0,0.0,0.0,-4.618432323654519,0.0,0.0,-0.0,0.0,-0.0,1.0921566226037498,1.0384599447460021,0.35,-70.66253348246262,-67.18835842506634,-22.645
84.1114791,sine,798,-0.08060685032830374,0.0,0.0,0.0,-4.618432323654519,0.0,0.0,-0.0,0.0,-0.0,1.1050991970642783,1.060850296958834,0.35,-71.49991805005881,-68.63701421323657,-22.645
84.21681159999935,sine,799,-0.08060685032830374,0.0,0.0,0.0,-4.618432323654519,0.0,0.0,-0.0,0.0,-0.0,1.1180602350896434,1.0838281216400971,0.35,-72.33849721029993,-70.12367947011428,-22.645
84.32085999999981,sine,800,-0.08060685032830374,0.0,0.0,0.0,-4.618432323654519,0.0,0.0,-0.0,0.0,-0.0,1.1310670113662027,1.1073472874965904,0.35,-73.18003563539332,-71.6453695010294,-22.645
84.42512979999992,sine,801,-0.08060685032830374,0.0,0.0,0.0,-4.618432323654519,0.0,0.0,-0.0,0.0,-0.0,1.1441460340486331,1.1313605897682142,0.35,-74.02624840294656,-73.19903015800347,-22.645
84.52866929999982,sine,802,-0.08060685032830374,0.0,0.0,0.0,-4.618432323654519,0.0,0.0,-0.0,0.0,-0.0,1.1573229771533877,1.1558198345744022,0.35,-74.8787966218242,-74.78154329696382,-22.645
84.63627989999986,sine,803,-0.08060685032830374,0.0,0.0,0.0,-4.618432323654519,0.0,0.0,-0.0,0.0,-0.0,1.1706226150041656,1.1806759249730514,0.35,-75.73928319076953,-76.38973234575643,-22.645
84.73919959999967,sine,804,-0.08060685032830374,0.0,0.0,0.0,-4.618432323654519,0.0,0.0,-0.0,0.0,-0.0,1.184068758862039,1.205878948572031,0.35,-76.60924869837393,-78.0203679726104,-22.645
84.84339289999934,sine,805,-0.08060685032830374,0.0,0.0,0.0,-4.618432323654519,0.0,0.0,-0.0,0.0,-0.0,1.1976841958687237,1.2313782665305686,0.35,-77.49016747270642,-79.6701738445278,-22.645
84.94762609999998,sine,806,-0.08060685032830374,0.0,0.0,0.0,-4.618432323654519,0.0,0.0,-0.0,0.0,-0.0,1.2114906304263673,1.2571226037853085,0.35,-78.38344378858596,-81.33583246490946,-22.645
85.05195599999934,sine,807,-0.08060685032830374,0.0,0.0,0.0,-4.618432323654519,0.0,0.0,-0.0,0.0,-0.0,1.2255086281325487,1.2830601403335098,0.35,-79.2904082401759,-83.01399107957809,-22.645
85.15654240000003,sine,808,-0.08060685032830374,0.0,0.0,0.0,-4.618432323654519,0.0,0.0,-0.0,0.0,-0.0,1.239757562383712,1.3091386034042323,0.35,-80.21231428622617,-84.70126764025383,-22.645
85.25995520000015,sine,809,-0.08060685032830374,0.0,0.0,0.0,-4.618432323654519,0.0,0.0,-0.0,0.0,-0.0,1.2542555637549777,1.3353053603464073,0.35,-81.15033497494706,-86.39425681441256,-22.645
85.36577579999994,sine,810,-0.08060685032830374,0.0,0.0,0.0,-4.618432323654519,0.0,0.0,-0.0,0.0,-0.0,1.2690194722585022,1.361507512061934,0.35,-82.1055598551251,-88.08953603040713,-22.645
85.46952529999999,sine,811,-0.08060685032830374,0.0,0.0,0.0,-4.618432323654519,0.0,0.0,-0.0,0.0,-0.0,1.2840647925767417,1.3876919868105342,0.35,-83.07899207971519,-89.78367154664157,-22.645
85.57336099999975,sine,812,-0.08060685032830374,0.0,0.0,0.0,-4.618432323654519,0.0,0.0,-0.0,0.0,-0.0,1.2994056523609419,1.413805634212938,0.35,-84.07154570775295,-91.47322453357708,-22.645
85.67808669999977,sine,813,-0.08060685032830374,0.0,0.0,0.0,-4.618432323654519,0.0,0.0,-0.0,0.0,-0.0,1.315054763678919,1.439795319278479,0.35,-85.08404321002605,-93.15475715731759,-22.645
85.78267400000004,sine,814,-0.08060685032830374,0.0,0.0,0.0,-4.618432323654519,0.0,0.0,-0.0,0.0,-0.0,1.3310233876897974,1.4656080162833383,0.35,-86.1172131835299,-94.82483865353198,-22.645
85.88760649999949,sine,815,-0.08060685032830374,0.0,0.0,0.0,-4.618432323654519,0.0,0.0,-0.0,0.0,-0.0,1.3473213026169268,1.4911909023261036,0.35,-87.17168827931518,-96.4800513804989,-22.645
85.99582439999995,sine,816,-0.08060685032830374,0.0,0.0,0.0,-4.618432323654519,0.0,0.0,-0.0,0.0,-0.0,1.3639567750833588,1.5164914503880182,0.35,-88.24800334789332,-98.11699684010479,-22.645
86.09942940000019,sine,817,-0.08060685032830374,0.0,0.0,0.0,-4.618432323654519,0.0,0.0,-0.0,0.0,-0.0,1.3809365348676157,1.5414575217263695,0.35,-89.34659380593475,-99.7323016556961,-22.645
86.20314719999988,sine,818,-0.08060685032830374,0.0,0.0,0.0,-4.618432323654519,0.0,0.0,-0.0,0.0,-0.0,1.3982657531305098,1.5660374574308933,0.35,-90.46779422754399,-101.3226234957788,-22.645
86.3081258000002,sine,819,-0.08060685032830374,0.0,0.0,0.0,-4.618432323654519,0.0,0.0,-0.0,0.0,-0.0,1.4159480241566875,1.5901801689747597,0.35,-91.61183716293769,-102.88465693266696,-22.645
86.41278210000019,sine,820,-0.08060685032830374,0.0,0.0,0.0,-4.618432323654519,0.0,0.0,-0.0,0.0,-0.0,1.4339853506476352,1.613835227593758,0.35,-92.778852186902,-104.41513922531614,-22.645
86.51783869999963,sine,821,-2.127502776838388,0.1438939482322969,-2.5794473955784526e-12,0.6403673977997397,-121.89693001520267,8.244515931184566,-0.0760325326733596,-0.12216596217094779,-4.3563432278740395,-6.99959403255018,1.452378132595535,1.6369529523296444,0.35,-93.96886517893111,-105.910856015728,-22.645
86.62377749999996,sine,822,-2.1283144947670327,0.15053811197646988,-0.0015997740025822625,0.36942613014481995,-121.94343802666911,8.625198472119516,-0.07964697815729098,-0.12774224840612522,-4.563435699383428,-7.319091699182742,1.471125159760268,1.6594844965762463,0.35,-95.18179783648934,-107.36864692848314,-22.645
86.72895269999935,sine,823,-2.1296219439100654,0.15907034545002302,-0.004682073374235043,0.23469103123811177,-122.01834934449288,9.114059439974357,-0.08433763847438595,-0.13487230085585933,-4.832190738682466,-7.727613612259421,1.4902236077645452,1.681381932970043,0.35,-96.41746742236607,-108.78541106316179,-22.645
86.83259859999998,sine,824,-2.133458852334253,0.1689616414850716,-0.01556179647609797,0.1691218420374222,-122.23818800357702,9.680788956697125,-0.09013092351784706,-0.14291414527313195,-5.164121521189052,-8.188377356869985,1.509669037814792,1.702598336469915,0.35,-97.67558674661704,-110.15811236960351,-22.645
86.93761819999963,sine,825,-2.1646610945818296,0.18294729931945353,-0.12094887421354697,0.15350146992785862,-124.02594479570796,10.482108124321284,-0.10237150061073447,-0.15162384440116308,-5.865454927416015,-8.687406357734941,1.5294554000482687,1.7230878654747115,0.35,-98.955764383123,-111.48378489621383,-22.645
87.04228199999943,sine,826,-2.2487200234561335,0.20599263744263743,-0.3556873500368109,0.1881598448154107,-128.84216665059594,11.80250873623166,-0.1291938841242446,-0.16044284647644821,-7.402264299221425,-9.192697956165894,1.549575040499369,1.7428058408307137,0.35,-100.25750512030918,-112.75953790174718,-22.645
87.15162789999977,sine,827,-2.2691643327850013,0.23054570428067955,-0.24188623163562628,0.21056957479885594,-130.0135392902,13.209295840154095,-0.14823365148798606,-0.17657323219789808,-8.493162612074737,-10.116900979923058,1.5700187116709234,1.7617088225855948,0.35,-101.58021064510875,-113.98256082128799,-22.645
87.25532779999958,sine,828,-2.183865455812359,0.24707813925028613,0.1908479470974194,0.1829197093989772,-125.12627364246194,14.156534588987045,-0.14216390959728725,-0.20208174015333033,-8.145392019003939,-11.57843082744521,1.5907755866890327,1.779754684349586,0.35,-102.92318045878042,-115.15012807741822,-22.645
87.36000539999986,sine,829,-2.084768062284161,0.2750293212917173,0.4538704120973493,0.23067967481792478,-119.44841123254916,15.758019352362913,-0.13521533237522873,-0.23949518045430285,-7.747267870559247,-13.7220630537556,1.6118332770126425,1.7969026851293672,0.35,-104.28561302271797,-116.25960372787007,-22.645
87.46505149999939,sine,830,-2.038935182579465,0.30205331239976085,0.38756429138502146,0.24774832683867185,-116.82238066253926,17.30637998845287,-0.13629435772174656,-0.2695552848394631,-7.80909146890236,-15.444380166747981,1.6331778536620223,1.8131135385050885,0.35,-105.66660713193285,-117.30844594127923,-22.645
87.5704195999997,sine,831,-2.03405447187846,0.31672376895533055,0.21543318949393953,0.1973401465678314,-116.54273653834736,18.146935232617047,-0.14153283494327268,-0.2833414944094669,-8.109234104771225,-16.23427179059206,1.6547938719231503,1.828349479026096,0.35,-107.06516351342783,-118.29421129298841,-22.645
87.6738577999995,sine,832,-2.029777863681554,0.3271276731158066,0.12826979300814884,0.15165593264940883,-116.29770493803359,18.74303503147092,-0.14492910040527615,-0.29327132552276464,-8.303825781850072,-16.803209204661716,1.6766643994779642,1.8425743257062663,0.35,-108.48018664622428,-119.21455887319544,-22.645
87.7821727999999,sine,833,-2.024740983782265,0.3300722663905462,0.0893675066742183,0.0947535496929238,-116.00911297789004,18.91174779849611,-0.14474134143068335,-0.29664397030959194,-8.293067985040201,-16.996447516743718,1.698771047903695,1.8557535425056275,0.35,-109.91048679936907,-120.0672542001141,-22.645
87.88661950000005,sine,834,-2.0233429123586255,0.33006572721963945,0.052874423052580916,0.049786746322936434,-115.92900938585765,18.911373131601636,-0.14432361135247082,-0.29684015815116793,-8.269133814582952,-17.007688252057804,1.7210940074774115,1.8678542956905466,0.35,-111.35478228378852,-120.85017293117838,-22.645
87.9912247000002,sine,835,-2.021045967009247,0.33001114781334023,0.038321731533943644,0.026398869190929156,-115.79740411156605,18.908245961972362,-0.14361765318010203,-0.29712173830959965,-8.228685390793451,-17.023821606730568,1.7436120852155628,1.8788455079710604,0.35,-112.81170191344691,-121.56130436572761,-22.645
88.09589369999958,sine,836,-2.0194061387267013,0.32990999557994466,0.027712894126375127,0.013666527485260583,-115.70344887185001,18.90245036591047,-0.14308636060077792,-0.2972657036955041,-8.198244568311562,-17.032070215738862,1.7663027460714922,1.8886979093198901,0.35,-114.27978767082556,-122.1987547329969,-22.645
88.2006621999999,sine,837,-2.0192843149571376,0.33024658839427856,0.015336949194753993,0.008804679609844364,-115.69646888400963,18.921735713586237,-0.14319609334995798,-0.29758643785523925,-8.204531791713945,-17.050446929437364,1.7891421572076935,1.8973840843842997,0.35,-115.75749757133778,-122.76075025966419,-22.645
88.31041719999939,sine,838,-2.046216338070443,0.33686673255278954,-0.10892934688580126,0.03457315758589361,-117.23956014215082,19.3010420336371,-0.15418791887312003,-0.2995083991716573,-8.83431700333531,-17.160567201255525,1.8121052352533078,1.9048785164083597,0.35,-117.24320872088902,-123.24564001162088,-22.645
88.41538719999971,sine,839,-2.0845814123802153,0.3459832963110063,-0.21574874869568159,0.05949748481174505,-119.43771698080656,19.823382660644846,-0.1700428860197613,-0.3013135546906247,-9.742739705156433,-17.263994993857104,1.8351656964512646,1.9111576275900095,0.35,-118.73522056039683,-123.65189850507362,-22.645
88.51873089999935,sine,840,-2.1167474697866044,0.35632337021345417,-0.24808410093445485,0.07990544152184514,-121.28069631376817,20.415825255108476,-0.18501421260485312,-0.30452600101548066,-10.6005335321942,-17.448054610183664,1.8582961095937125,1.9161998158040912,0.35,-120.2317582907132,-123.9781280825247,-22.645
88.62324959999933,sine,841,-2.1150186706151484,0.3577589128362526,-0.12503946189025628,0.04919492229257143,-121.18164341761803,20.498075788705968,-0.18523072850034358,-0.30607354824128363,-10.6129389792033,-17.536722534819354,1.8814679516386779,1.9199854876295648,0.35,-121.73097647102246,-124.22306104963285,-22.645
88.72823989999961,sine,842,-2.1141265001440686,0.3583955275147355,-0.06279938828428853,0.029103030453806546,-121.13052581501896,20.534551122959115,-0.18528670811105669,-0.30678362071651355,-10.616146374635946,-17.577406690798433,1.9046516658954071,1.922497087626161,0.35,-123.23096278343284,-124.38556156941262,-22.645
88.83136680000007,sine,843,-2.1134965111558035,0.359129217953218,-0.030709478622117398,0.018807001434637115,-121.09443010485165,20.576588488553263,-0.18547231554229304,-0.3075285602266398,-10.626780897092054,-17.620088580721212,1.9278167226607956,1.9237191238129943,0.35,-124.72974195615348,-124.46462731070073,-22.645
88.93600460000016,sine,844,-2.11280296518449,0.3592497890034611,-0.013421332555937868,0.010650237441130948,-121.05469284779709,20.583496700863655,-0.18532118306645368,-0.3077604100690686,-10.618121644079094,-17.633372598173157,1.9509316821840152,1.9236381893088534,0.35,-126.22527983730579,-124.45939084828282,-22.645
89.04063249999945,sine,845,-2.112757563261674,0.3594697989058452,-0.006963642786611215,0.006668295125330777,-121.05209150923795,20.596102339721348,-0.18542069484658036,-0.30795730588511794,-10.623823249092188,-17.644653897436566,1.97396425983211,1.9222429801013026,0.35,-127.71548761113753,-124.36912081255429,-22.645
89.14404599999943,sine,846,-2.114231378901295,0.36001776665055835,-0.010241206105992365,0.005999729644426311,-121.1365349251686,20.62749857880271,-0.18615770833451845,-0.3081527217658417,-10.666051011395256,-17.65585040265187,1.9968813933243963,1.9195243089191192,0.35,-129.19822614808845,-124.19322278706701,-22.645
89.24786479999966,sine,847,-2.114604321898124,0.36003403947848706,-0.007165115641239285,0.0032956776563293237,-121.15790298488588,20.62843094316377,-0.18628103832062082,-0.3080971995091617,-10.673117299086329,-17.652669211675065,2.019649311899638,1.915475115190031,0.35,-130.67131047990657,-123.93123995279502,-22.645
89.35284799999954,sine,848,-2.1145192657339633,0.3601824853049502,-0.003464708583065502,0.002433034186062434,-121.1530296256579,20.63693626250644,-0.18633162690980215,-0.3082400809979081,-10.67601581173794,-17.66085571795078,2.0422336072757705,1.9100904710732216,0.35,-132.13251439074236,-123.58285347843744,-22.645
89.45706239999981,sine,849,-2.114762226868016,0.3602230551364936,-0.0029269442554513757,0.0014783786502082067,-121.16695027322483,20.639260742629435,-0.18642750801710103,-0.308229514658157,-10.681509394521209,-17.66025031127814,2.064599306258343,1.903367583563528,0.35,-133.5795751149148,-123.14788265656027,-22.645
89.5618072999996,sine,850,-2.114762226868016,0.3602230551364936,-0.0015636450962649418,0.0007897859764549415,-121.16695027322483,20.639260742629435,-0.18642750801710103,-0.308229514658157,-10.681509394521209,-17.66025031127814,2.0867109448504206,1.8953057926718029,0.35,-135.01019813182222,-122.62628478586565,-22.645
89.67178869999952,sine,851,-2.114762226868016,0.3602230551364936,-0.0008350098950828789,0.000421757537508261,-121.16695027322483,20.639260742629435,-0.18642750801710103,-0.308229514658157,-10.681509394521209,-17.66025031127814,2.108532643713591,1.8859065656933316,0.35,-136.42206204826937,-122.01815480035856,-22.645
89.77590349999991,sine,852,-2.1252307140905846,0.3627542097329544,-0.045681445705615116,0.011327009651947939,-121.76675040896464,20.78428521830178,-0.19097648866871372,-0.30841303061762637,-10.942146786945287,-17.67076500122903,2.130028184826824,1.875173487583707,0.35,-137.81282355829552,-121.32372464666584,-22.645
89.88071880000007,sine,853,-2.1727419515653286,0.377578980531505,-0.22651158780525774,0.0745221150901996,-124.48894379571125,21.633682017307514,-0.2138030394037999,-0.31121398889013296,-12.250011804906972,-17.83124808883591,2.1511610891875286,1.8631122474689077,0.35,-139.1801224704331,-120.54336241123833,-22.645
89.98589059999995,sine,854,-2.2244647814230976,0.3978041958744106,-0.32698538340816236,0.1339980287454636,-127.45244365103466,22.792501496199243,-0.24190581525700003,-0.3158001817607657,-13.860182253897499,-18.094017584356152,2.171894695396828,1.8497306213237246,0.35,-140.5215867921748,-119.67757119964499,-22.645
90.08971609999935,sine,855,-2.2279581775883557,0.40467274322586466,-0.186252882322659,0.10234189657055519,-127.65260050747113,23.18604027082332,-0.24720335718226547,-0.32039121290660244,-14.163709048008817,-18.357064292625708,2.1921922389692106,1.8350384508599262,0.35,-141.83483786130793,-118.72698777063724,-22.645
90.19321619999937,sine,856,-2.2270140166630616,0.4132034085364327,-0.09386019688076454,0.09301526128220329,-127.59850407127063,23.674811389557526,-0.2521055138984432,-0.32738336348710206,-14.444581938357514,-18.757685010608284,2.2120169322051697,1.8190476186727493,0.35,-143.1174955136745,-117.69238092812688,-22.645
90.29768469999999,sine,857,-2.225265832137287,0.42662057080761817,-0.04135949052065628,0.10972973325036228,-127.49834047613365,24.443558160738615,-0.2597003449875988,-0.3384683770303219,-14.879733705880875,-19.39280950248014,2.2313320444640246,1.801772019701437,0.35,-144.3671832768224,-116.57464967468299,-22.645
90.40168939999967,sine,858,-2.2243003684328966,0.4385158339369662,-0.017456572198239567,0.11165237977282778,-127.44302348059902,25.125106534247838,-0.2666054343098228,-0.34816329359928744,-15.275366181205161,-19.94828730461332,2.2501009826734486,1.7832275290663762,0.35,-145.58153357897214,-115.37482113059454,-22.645
90.5059283999999,sine,859,-2.2285738547911924,0.44938587650527456,-0.02721052998429237,0.10852458456718836,-127.6878762127361,25.747914096539454,-0.2747363713204104,-0.3556228230528905,-15.741234555398549,-20.375686859458305,2.2682873719111885,1.763431966352492,0.35,-146.7581929626539,-114.09404822300624,-22.645
90.60955860000013,sine,860,-2.2686345754876083,0.4722909334270989,-0.17852220278588693,0.16173783468509442,-129.98318643289312,27.060277187666898,-0.303476577352041,-0.3618849165081781,-17.387927063347412,-20.734478385362777,2.285855135894623,1.7424050564149622,0.35,-147.8948272923821,-112.73360715004806,-22.645
90.71294789999956,sine,861,-2.31027133579176,0.4979902645411605,-0.260383810596746,0.20561346090050422,-132.36879707091884,28.53274039681187,-0.3355957037014826,-0.3679263883372348,-19.228217444817854,-21.080629223214906,2.3027685772133903,1.720168386790152,0.35,-148.98912694570637,-111.29489462532284,-22.645
90.81749779999973,sine,862,-2.3265094227697722,0.5109934803101357,-0.2037208546590125,0.17015249816105166,-133.29917092212528,29.27776978047211,-0.35044332572783304,-0.371892205312616,-20.078923522733213,-21.30785379822559,2.3189924571410065,1.6967453618008452,0.35,-150.03881197702313,-109.77942490851468,-22.645
90.9227852999993,sine,863,-2.324442426807755,0.5158516184436258,-0.09898665762098789,0.11233801590174558,-133.1807407772311,29.556120591812654,-0.3529983117654956,-0.3761583232385242,-20.22531343940613,-21.552284350285234,2.3344920748618327,1.672161153451186,0.35,-151.0416372435606,-108.18882662829174,-22.645
91.0277372999999,sine,864,-2.3217719627411992,0.5235107527521549,-0.04054738093866032,0.09369650975913747,-133.02773445687615,29.99495666241522,-0.3572187648843387,-0.3826986572508915,-20.467127590748664,-21.927017885799746,2.349233345950869,1.6464426492127568,0.35,-151.99539748302124,-106.52483940406537,-22.645
91.13105319999977,sine,865,-2.320464505121906,0.5276083135645842,-0.015850286064494897,0.06832060642144992,-132.9528226533984,30.229729603265614,-0.3595101586984786,-0.3861644446800602,-20.598414785501262,-22.12559287818061,2.363182879945088,1.6196183968089444,0.35,-152.8979323324472,-104.7893102735387,-22.645
91.23582350000015,sine,866,-2.319540087789444,0.5302891643860628,-0.004413804037120203,0.048650200607499645,-132.8998574417396,30.38333104084052,-0.3609779342487455,-0.3884604598292818,-20.682512129804053,-22.257144855929102,2.376308056846738,1.5917185461105041,0.35,-153.74713127798395,-102.98418993334963,-22.645
91.34118820000003,sine,867,-2.3194299723349596,0.5303707070590904,-0.001871901071407259,0.026339651325188878,-132.89354829093847,30.388003091855218,-0.3609906576329282,-0.38855994647944025,-20.683241126018842,-22.262845021101075,2.388577102400834,1.5627747882605387,0.35,-154.54093852533398,-101.11152880045687,-22.645
91.44580229999974,sine,868,-2.3194299723349596,0.5303707070590904,-0.0009955579060646788,0.014008565153534058,-132.89354829093847,30.388003091855218,-0.3609906576329282,-0.38855994647944025,-20.683241126018842,-22.262845021101075,2.3999591619915743,1.53282029215217,0.35,-155.27735778085486,-99.17347290224541,-22.645
91.5508007999997,sine,869,-2.3193190015661393,0.5304525003724673,-3.941771167685569e-05,0.007854621231559219,-132.88719013423577,30.392689503504105,-0.36100320163234867,-0.3886599330553591,-20.68395984424385,-22.268573829909194,2.4104243730046386,1.5018896383873728,0.35,-155.95445693340014,-97.17225960366302,-22.645
91.65694410000015,sine,870,-2.3192813718482554,0.5305174128712584,0.0001458279330742476,0.00447525570664981,-132.88503411021674,30.396408715722483,-0.3610327510836416,-0.38872107995912775,-20.68565290308986,-22.272077289425425,2.419943935505555,1.4700187508496982,0.35,-156.57037262720942,-95.11021317997547,-22.645
91.76100419999966,sine,871,-2.32059501644327,0.5311972497124153,-0.005728723705091081,0.005392726756134878,-132.96030040129125,30.435360497478282,-0.36200638376662375,-0.3887439982999687,-20.74143794662074,-22.273390413629055,2.428490181087158,1.43724482602843,0.35,-157.12331471633914,-92.98974024403942,-22.645
91.86586480000005,sine,872,-2.3217602972791407,0.5318672296607952,-0.008248609492777807,0.005879355877068742,-133.02706607513412,30.47374752087884,-0.3629162904584917,-0.38881167177297654,-20.793571759815485,-22.277267818017396,2.4360366397428868,1.4036062602355255,0.35,-157.61157059136477,-90.8133250372385,-22.645
91.96970069999952,sine,873,-2.3244096869553936,0.5333785533453821,-0.01610312724091841,0.009861156911390851,-133.17886492186895,30.56033998948383,-0.36497929497018555,-0.388950890745707,-20.911773211451987,-22.285244477583,2.4425581046262024,1.3691425748606645,0.35,-158.0335093693153,-88.583524593485,-22.645
92.07455440000012,sine,874,-2.3244096869553936,0.5333785533453821,-0.008649596738974042,0.005296799148834958,-133.17886492186895,30.56033998948383,-0.36497929497018555,-0.388950890745707,-20.911773211451987,-22.285244477583,2.4480306945605665,1.3338943398133685,0.35,-158.38758593806867,-86.30296378592494,-22.645
92.17864019999979,sine,875,-2.3244096869553936,0.5333785533453821,-0.004609191229868083,0.0028225547294218295,-133.17886492186895,30.56033998948383,-0.36497929497018555,-0.388950890745707,-20.911773211451987,-22.285244477583,2.4524319141686157,1.2979030953042523,0.35,-158.67234484670945,-83.97433026618512,-22.645
92.28433739999946,sine,876,-2.3244096869553936,0.5333785533453821,-0.002467862178746508,0.0015112577710041284,-133.17886492186895,30.56033998948383,-0.36497929497018555,-0.388950890745707,-20.911773211451987,-22.285244477583,2.455740711493747,1.261211272120593,0.35,-158.88642403364545,-81.60036930620237,-22.645
92.38943440000003,sine,877,-2.3244096869553936,0.5333785533453821,-0.0013120441867124826,0.0008034634146697631,-133.17886492186895,30.56033998948383,-0.36497929497018555,-0.388950890745707,-20.911773211451987,-22.285244477583,2.4579375329921445,1.2238621105540775,0.35,-159.02855838459175,-79.18387855284881,-22.645
92.49289640000006,sine,878,-2.3244096869553936,0.5333785533453821,-0.0007001053964889438,0.0004287272320463409,-133.17886492186895,30.56033998948383,-0.36497929497018555,-0.388950890745707,-20.911773211451987,-22.285244477583,2.4590043757783078,1.1858995781406818,0.35,-159.0975831128565,-76.72770270570211,-22.645
92.59848039999997,sine,879,-2.3276095918928306,0.5351591439218883,-0.014642342623365135,0.008209609256638004,-133.36220596962715,30.662360314558406,-0.36744459803661167,-0.38907554111884407,-21.053024672378864,-22.292386417878486,2.458924837012352,1.1473682863752261,0.35,-159.09243695469917,-74.23472812847713,-22.645
92.70301279999967,sine,880,-2.333574814527839,0.5385795483155364,-0.03399951405381991,0.019615647722886997,-133.70398805046904,30.858335050542443,-0.37212223831330576,-0.38934941841033044,-21.321033718313842,-22.308078430785127,2.457684160323011,1.1083134065642224,0.35,-159.01216517289882,-71.70787740470519,-22.645
92.80786149999949,sine,881,-2.3334246998311183,0.538725939764923,-0.017487375260187787,0.011125697584918973,-133.69538711190407,30.866722662749098,-0.3721649178071857,-0.38951111939092337,-21.323479073184917,-22.317343214516228,2.4552692791657496,1.0687805849826368,0.35,-158.855922362024,-69.1501038483766,-22.645
92.91412510000009,sine,882,-2.3330974001150158,0.5389214125698967,-0.007862374255210849,0.00679205168397733,-133.67663421953554,30.87792242948367,-0.37217240207628494,-0.3897742834758354,-21.323907890217043,-22.332421405901112,2.45166885702157,1.0288158575008808,0.35,-158.62297504929558,-66.564385980307,-22.645
93.01853149999988,sine,883,-2.3330974001150158,0.5389214125698967,-0.004180879716464961,0.0036117272209348636,-133.67663421953554,30.87792242948367,-0.37217240207628494,-0.3897742834758354,-21.323907890217043,-22.332421405901112,2.44687332434794,0.9884655638492783,0.35,-158.31270408531174,-63.95372198104831,-22.645
93.12262219999957,sine,884,-2.3329878050988695,0.5390037215138689,-0.0017470125019863373,0.0022974430566665054,-133.6703548876547,30.88263838458946,-0.37218651752740617,-0.38987460545234554,-21.324716645992215,-22.338169431747552,2.4408749121997606,0.9477762616877217,0.35,-157.9246068193245,-61.321124131195596,-22.645
93.22698589999982,sine,885,-2.3329878050988695,0.5390037215138689,-0.0009352039966626076,0.0012298583589163562,-133.6703548876547,30.88263838458946,-0.37218651752740617,-0.38987460545234554,-21.324716645992215,-22.338169431747552,2.4336676824446046,0.9067946406482276,0.35,-157.45829905416593,-58.669613249940326,-22.645
93.33178659999976,sine,886,-2.3329878050988695,0.5390037215138689,-0.0005002125198777416,0.0006578142854410787,-133.6703548876547,30.88263838458946,-0.37218651752740617,-0.38987460545234554,-21.324716645992215,-22.338169431747552,2.4252475545031085,0.8655674365179878,0.35,-156.91351677635112,-56.00221314271381,-22.645
93.43572559999939,sine,887,-2.3329878050988695,0.5390037215138689,-0.0002670832985244477,0.00035123313030039136,-133.6703548876547,30.88263838458946,-0.37218651752740617,-0.38987460545234554,-21.324716645992215,-22.338169431747552,2.4156123285521467,0.8241413457300055,0.35,-156.2901176573239,-53.32194506873136,-22.645
93.54008650000014,sine,888,-2.3329878050988695,0.5390037215138689,-0.00014289311024614183,0.00018791438733679284,-133.6703548876547,30.88263838458946,-0.37218651752740617,-0.38987460545234554,-21.324716645992215,-22.338169431747552,2.404761705135242,0.7825629403273247,0.35,-155.58808232225016,-50.63182223917791,-22.645
93.64572589999989,sine,889,-2.3329878050988695,0.5390037215138689,-7.648831422511619e-05,0.00010058745786467957,-133.6703548876547,30.88263838458946,-0.37218651752740617,-0.38987460545234554,-21.324716645992215,-22.338169431747552,2.392697301131709,0.7408785835660208,0.35,-154.80751538322158,-47.93484435672155,-22.645
93.74987239999973,sine,890,-2.3329878050988695,0.5390037215138689,-4.0707810782689015e-05,5.353360501338542e-05,-133.6703548876547,30.88263838458946,-0.37218651752740617,-0.38987460545234554,-21.324716645992215,-22.338169431747552,2.3794226620430408,0.6991343463202897,0.35,-153.94864623418474,-45.23399220692274,-22.645
93.86421659999996,sine,891,-2.3329878050988695,0.5390037215138689,-2.17459835918404e-05,2.859748224849751e-05,-133.6703548876547,30.88263838458946,-0.37218651752740617,-0.38987460545234554,-21.324716645992215,-22.338169431747552,2.364943270562303,0.6573759244513404,0.35,-153.01182960538102,-42.53222231200173,-22.645
93.97101909999947,sine,892,-2.3329878050988695,0.5390037215138689,-1.1117914827092556e-05,1.4620831960315963e-05,-133.6703548876547,30.88263838458946,-0.37218651752740617,-0.38987460545234554,-21.324716645992215,-22.338169431747552,2.34926655139945,0.615648557299652,0.35,-151.99754587554443,-39.83246165728748,-22.645
94.07598229999985,sine,893,-2.3329878050988695,0.5390037215138689,-5.893504661265206e-06,7.750368900085486e-06,-133.6703548876547,30.88263838458946,-0.37218651752740617,-0.38987460545234554,-21.324716645992215,-22.338169431747552,2.332401872342837,0.5739969474575106,0.35,-150.90640114058155,-37.13760250050094,-22.645
94.1795419,sine,894,-2.3329878050988695,0.5390037215138689,-3.1477100067378924e-06,4.139457783591872e-06,-133.6703548876547,30.88263838458946,-0.37218651752740617,-0.38987460545234554,-21.324716645992215,-22.338169431747552,2.314360541544554,0.5324651819763944,0.35,-149.73912703793263,-34.45049727387271,-22.645
94.28412949999984,sine,895,-2.3329878050988695,0.5390037215138689,-1.6908362111575396e-06,2.2235673235694873e-06,-133.6703548876547,30.88263838458946,-0.37218651752740617,-0.38987460545234554,-21.324716645992215,-22.338169431747552,2.295155801024539,0.4910966551601982,0.35,-148.49658032628767,-31.773953588864824,-22.645
94.38749310000003,sine,896,-2.3329878050988695,0.5390037215138689,-9.03031918222806e-07,1.1875498361404669e-06,-133.6703548876547,30.88263838458946,-0.37218651752740617,-0.38987460545234554,-21.324716645992215,-22.338169431747552,2.274802816395891,0.4499339930924535,0.35,-147.17974222081415,-29.110729353081744,-22.645
94.49230799999987,sine,897,-2.338361355740934,0.5383888545874728,-0.02409532789810309,-0.0027184203202048514,-133.97823666044482,30.84740910474478,-0.37384919052013815,-0.387426562707629,-21.41998079118614,-22.19790691440767,2.253318662821108,0.40901898004174914,0.35,-145.78971748452568,-26.46352800870117,-22.645
94.59777119999944,sine,898,-2.3812089033976904,0.5333010425704758,-0.205301879017417,-0.02157184853056396,-136.4332203036626,30.555898949214914,-0.38641478097177323,-0.36755083873294725,-22.139936091154716,-21.059111815891423,2.2307223072164417,0.36839248688568355,0.35,-144.32773327690379,-23.834993901503726,-22.645
94.70296879999933,sine,899,-2.439517668293805,0.5272343206027947,-0.37291013871468953,-0.030941986998821343,-139.77406644083055,30.208301384987482,-0.4025454069951184,-0.3404896828519552,-23.064152883196293,-19.508621795164952,2.2070345867288825,0.35,0.35,-142.79513776135872,-22.645,-22.645
94.80828489999931,sine,900,-2.5057631623540124,0.522120508626959,-0.49872729045009256,-0.02706704287149018,-143.5696536622394,29.91530154154864,-0.42008739721183863,-0.3100587109446489,-24.06923488687414,-17.765055538395128,2.1822781835175955,0.35,0.35,-141.19339847358845,-22.645,-22.645
94.91312719999951,sine,901,-2.589262937519902,0.5323595438522456,-0.6257557592919507,0.05078757327373619,-148.35383836953616,30.501955046243342,-0.45320007357137493,-0.2793141193091952,-25.966451490658184,-16.00352019483042,2.1564775958788975,0.35,0.35,-139.52410045336467,-22.645,-22.645
95.01877349999995,sine,902,-2.684705873326329,0.5774918824238879,-0.6920358872132389,0.2551798162861163,-153.82231577558247,33.08784756595394,-0.5182586907535741,-0.25476421201549654,-29.694035676155497,-14.596914119464047,2.1296591057610836,0.35,0.35,-137.7889441427421,-22.645,-22.645
95.12321509999947,sine,903,-2.7545689932585558,0.616076126983067,-0.619282202716747,0.3277315702446995,-157.82517769131536,35.29856193489552,-0.5705089996804777,-0.2325280101880992,-32.68775785592181,-13.322873602353093,2.1018507427224256,0.35,0.35,-135.98974305414094,-22.645,-22.645
95.22970939999959,sine,904,-2.7936168406690287,0.6208711003492211,-0.4897981481597171,0.20648042691809546,-160.0624545470063,35.57329367165378,-0.5836591147216186,-0.21171433832225225,-33.44120394789068,-12.13033804826988,2.0730822443928747,0.35,0.35,-134.128421212219,-22.645,-22.645
95.33325419999983,sine,905,-2.8163193212413584,0.6241998501398487,-0.353816373213793,0.12844766881586342,-161.36321086827854,35.7640169857118,-0.591468940764517,-0.19947417132428416,-33.88867401888011,-11.429028138750994,2.043385013506556,0.35,0.35,-132.2070103738742,-22.645,-22.645
95.43812239999988,sine,906,-2.8243200373903576,0.6253157803227961,-0.22446896019719023,0.07499230326895262,-161.82161813669836,35.82795507542595,-0.5941061635862103,-0.19508380637454917,-34.03977575619872,-11.177478756609013,2.012792071579377,0.35,0.35,-130.22764703118568,-22.645,-22.645
95.54222609999943,sine,907,-2.824587588293954,0.6254955994325518,-0.12081305427500211,0.04080138203032293,-161.83694767427934,35.83825795149075,-0.5943291964809421,-0.19498089937172094,-34.05255459975944,-11.171582619664616,1.9813380093122523,0.35,0.35,-128.19256920250274,-22.645,-22.645
95.6462735999994,sine,908,-2.824307635290264,0.6256261342757162,-0.06347519342914554,0.02243193693936536,-161.8209075487059,35.845737047083475,-0.5943986070252445,-0.19518800130957215,-34.056531531001674,-11.183448686632468,1.949058933807243,0.35,0.35,-126.10411301732863,-22.645,-22.645
95.75086879999981,sine,909,-2.8242498712314656,0.6259616655438397,-0.033749917203884504,0.013521887302868511,-161.8175979119292,35.86496157264162,-0.5947061086823561,-0.19532703608642507,-34.07415007814745,-11.191414792551685,1.9159924126901466,0.35,0.35,-123.96470910105249,-22.645,-22.645
95.85847749999994,sine,910,-2.8239516706979004,0.6262040848851729,-0.01670068730192376,0.008300313289039022,-161.80051227990737,35.878851177772354,-0.5948781278911283,-0.1955800830443204,-34.08400605280527,-11.205913315257712,1.88217741523912,0.35,0.35,-121.77687876597106,-22.645,-22.645
95.96315390000018,sine,911,-2.8237446573632172,0.6263608371465273,-0.007887469581713383,0.0050589380630377346,-161.78865128952708,35.887832420777094,-0.594986528026534,-0.19575221525650507,-34.09021692306266,-11.215775764534145,1.8476542506250198,0.35,0.35,-119.54323001543878,-22.645,-22.645
96.06782789999943,sine,912,-2.8237081712927528,0.6265228836181933,-0.004048725957387009,0.003422544736801703,-161.78656079167845,35.89711699968854,-0.5951333131446269,-0.19582457272455767,-34.09862709082472,-11.21992154206981,1.8124645033749145,0.35,0.35,-117.26645336835698,-22.645,-22.645
96.17240109999966,sine,913,-2.823516758426569,0.6266312709042247,-0.001312390822503706,0.002312973653065751,-161.7755936423016,35.90332713373101,-0.5951987693622764,-0.1959723823008624,-34.102377455838926,-11.228390406963689,1.7766509661755019,0.35,0.35,-114.94931751155498,-22.645,-22.645
96.2780415999996,sine,914,-2.8234864314207093,0.6268040361711337,-0.0005650250897188994,0.0020012994796124585,-161.7738560328606,35.913225854371355,-0.5953569233687915,-0.19604446831591718,-34.11143901292533,-11.232520631388244,1.740257570138989,0.35,0.35,-112.5946647879926,-22.645,-22.645
96.38158289999956,sine,915,-2.82342175473829,0.6269559228115563,-1.3973544176531034e-05,0.0017389218119542489,-161.77015033192504,35.92192831783199,-0.5954885059468001,-0.19613048828200552,-34.11897813930267,-11.237449212398964,1.7033293126585067,0.35,0.35,-110.20540652900539,-22.645,-22.645
96.4866806,sine,916,-2.8232104627108043,0.6269359384297182,0.0009391371723397567,0.0008456877714472879,-161.75804419050536,35.920783297096484,-0.5954280718175532,-0.19625005015638122,-34.11551551875827,-11.244299603191365,1.665912182985506,0.35,0.408146694016717,-107.78451823916224,-22.645,-26.40709110288159
96.59183759999996,sine,917,-2.8232104627108043,0.6269359384297182,0.0005000894628283325,0.00045032776446267853,-161.75804419050536,35.920783297096484,-0.5954280718175532,-0.19625005015638122,-34.11551551875827,-11.244299603191365,1.6280530856658646,0.35,0.47503878098897934,-105.33503464258145,-22.645,-30.735009129986963
96.69668189999993,sine,918,-2.8232104627108043,0.6269359384297182,0.00026648709629149007,0.00023997013984734233,-161.75804419050536,35.920783297096484,-0.5954280718175532,-0.19625005015638122,-34.11551551875827,-11.244299603191365,1.5897997619758315,0.35,0.5414982098701543,-102.8600445998363,-22.645,-35.03493417859898
96.80148519999966,sine,919,-2.823657464880851,0.6266248384619342,-0.0018462145057059928,-0.0012550150879626562,-161.78365552828222,35.902958581935806,-0.5952202279822411,-0.19588662123334027,-34.103606944197075,-11.223476659748135,1.5512007095031846,0.35,0.6074665245225801,-100.36268590485605,-22.645,-39.303084136610934
96.90675009999995,sine,920,-2.8298006055559495,0.6233591629351518,-0.028452918390014938,-0.015132858858719355,-162.13563156192052,35.715849156992014,-0.5933041260951062,-0.19122463223584843,-33.993822392947195,-10.956364366055427,1.5123051000225052,0.35,0.6728863528742602,-97.84613997145608,-22.645,-43.535747030964636
97.01161030000003,sine,921,-2.8470922653546924,0.6144721199417919,-0.09354035729546875,-0.046970674582881705,-163.12637068916453,35.20665910112118,-0.5880174237834155,-0.1783577739064799,-33.69091666294526,-10.219147688189858,1.4731626958171944,0.35,0.7377014893884938,-95.31362641937248,-22.645,-47.72928636343555
97.1159506999993,sine,922,-2.873483784183292,0.6009822814375219,-0.17210359475010747,-0.083285001317187,-164.63849333298333,34.43374828851344,-0.5795113460403991,-0.15920522105852386,-33.20355430806026,-9.121787243100714,1.4338237646040533,0.35,0.8018569752676379,-92.76839756988225,-22.645,-51.880146299816175
97.22060749999946,sine,923,-2.8849735223524626,0.5972519076291445,-0.14516659345819083,-0.060423570072667084,-165.2968068377872,34.22001361328727,-0.5776940631605856,-0.1515896122947268,-33.09943166886556,-8.685445002512301,1.3943389932190198,0.35,0.8652991762500666,-90.21373286127059,-22.645,-55.98485670337931
97.32375769999999,sine,924,-2.8991664818605347,0.59535150709319,-0.1417767020554136,-0.03976431411314386,-166.1100035163998,34.11112868319268,-0.5779424819579594,-0.14291922385181904,-33.1136650175068,-8.18866833799468,1.3547594002254806,0.35,0.9279758578637392,-87.6529331945886,-22.645,-60.04003800378393
97.42861240000002,sine,925,-2.9217970283139953,0.5904961503953321,-0.17997052313238623,-0.041440604432251754,-167.40663831625784,33.832937236374846,-0.5762900114690183,-0.12874597590894027,-33.018985432720555,-7.3766010488752505,1.3151362476087551,0.35,0.9898362580050661,-85.08931522028647,-22.645,-64.04240589292779
97.53233779999937,sine,926,-2.951870352396999,0.5843849415461048,-0.23320495603283362,-0.0463789521266818,-169.12971286214307,33.48279076159112,-0.5738991139975216,-0.11020692745333223,-32.88199709835529,-6.3143918161803825,1.275520951722362,0.35,1.0508311567165407,-82.52620557643682,-22.645,-67.98877583956019
97.6367911999996,sine,927,-2.987722308687035,0.5770546882292346,-0.2907174190037583,-0.05338670667427548,-171.18387864484964,33.062798183772685,-0.570236958237806,-0.08844164554684543,-32.67217102940406,-5.067333023026235,1.2359649936535115,0.35,1.110912943042151,-79.9669350893822,-22.645,-71.87606741482716
97.7405562999993,sine,928,-3.0281259283603967,0.5707327316824553,-0.3402170002648118,-0.05084790015566425,-173.49883552918502,32.700576755377135,-0.5670626660968631,-0.06462030433876868,-32.49029748678649,-3.7024707094623674,1.1965198291762633,0.35,1.1700356788453814,-77.41483294770424,-22.645,-75.70130842129618
97.84557359999963,sine,929,-3.0696813089197543,0.5702759352891282,-0.3707530898199809,-0.022790675855276405,-175.8797834512962,32.6744042499427,-0.568802053314056,-0.040973973636977815,-32.58995703327065,-2.347635759279129,1.157236798462356,0.35,1.2281551594799267,-74.87322086051444,-22.645,-79.46163881835126
97.94898289999946,sine,930,-3.0898699647092815,0.5748964530507904,-0.28543521456581106,0.011172157539833145,-177.03650822207845,32.93914041685117,-0.5741276324713904,-0.029721934041642452,-32.89509024244875,-1.7029413795523216,1.1181670357198454,0.35,1.2852289712098783,-72.345407211074,-22.645,-83.15431443727913
98.05238329999975,sine,931,-3.118944771294856,0.5749355787244541,-0.2829026980893635,0.009818232106356767,-178.70237192959104,32.941382152822705,-0.5747881351590399,-0.013019960200253342,-32.93293425880811,-0.7459887689028226,1.079361378930625,0.35,1.341216545281803,-69.83468121681143,-22.645,-86.77671047973266
98.15714889999981,sine,932,3.107178522651102,0.564714346386834,-0.4145697915435585,-0.03137187090756806,178.0282155416024,32.35574867845444,-0.5643799746384773,0.01943031760370576,-32.336590588485194,1.1132751932910874,1.040870279857486,0.35,1.3960792085579472,-67.34430710677935,-22.645,-90.32632479369919
98.26259200000004,sine,933,3.0408360433350268,0.5556374093331302,-0.5245507546481405,-0.043145946025598764,174.22707147435733,31.835678494371297,-0.5528194083650838,0.05588946578122983,-31.67421893223846,3.2022305085053038,1.0027437144914149,0.35,1.449780230626173,-64.87751832759454,-22.645,-93.8007809215134
98.36608679999972,sine,934,3.01358142432556,0.5590200197615871,-0.3995454854226451,-0.0028161221281580084,172.66549683287786,32.02948779565882,-0.5544459755313235,0.07136555689801821,-31.767414365958548,4.088945212857182,0.965031094109098,0.35,1.5022848673088889,-62.43751178885864,-22.645,-97.19783091488512
98.46958949999953,sine,935,2.996539502590961,0.5657921587388586,-0.28716881970834984,0.031180934007421574,171.6890666426931,32.417502777332516,-0.559850336540794,0.08178244044743002,-32.077061442766265,4.6857886759177365,0.9277811771096816,0.35,1.5535604005003303,-60.0274421589964,-22.645,-100.51535791237137
98.57461549999971,sine,936,2.96917515682712,0.5730901566942977,-0.2722557864351424,0.05272875823448627,170.1212051212883,32.835647259074285,-0.5645928856181297,0.09832192639125953,-32.34878948903127,5.6334314158151155,0.8910419817986012,0.35,1.6035761742682864,-57.6504162223695,-22.645,-103.75137847515813
98.6786919999995,sine,937,2.936419271313232,0.5738026305087554,-0.2885368761838298,0.03534325562756394,168.24443112712882,32.87646900165629,-0.5617675075737696,0.11690477412459259,-32.186907251560505,6.698150162269348,0.8548607002847515,0.35,1.6523036271636289,-55.30948730842342,-22.645,-106.9040446774868
98.78238629999942,sine,938,2.8890325079595858,0.5712839366242398,-0.36585285363396436,0.014742990388700548,165.52936958217967,32.73215847218814,-0.5531604432941202,0.14275454535509877,-31.693758794338788,8.17923295515605,0.8192836136551938,0.35,1.6997163206882693,-53.00764980349104,-22.645,-109.97164594853103
98.88683709999987,sine,939,2.8593928181000496,0.5713182588552274,-0.32842730714301727,0.012510906578489104,163.83114044715154,32.7341249911672,-0.54871986592514,0.1590945053748399,-31.439332452494916,9.115443701699718,0.7843560085897356,0.35,1.7457899638791803,-50.7478337557559,-22.645,-112.95261066298296
98.9922531000002,sine,940,2.8561325552646553,0.5743964707891649,-0.188819761495626,0.020717686930840643,163.6443411465801,32.91049354342862,-0.5511519041269867,0.16174944893954,-31.578677977075316,9.26756076280245,0.7501220955747221,0.35,1.7905024339738982,-48.53289958368452,-22.645,-115.84550747811122
99.09711770000013,sine,941,2.848025121137839,0.5795803440071293,-0.1351809653016332,0.03459665337225374,163.1798193884332,33.20750760034888,-0.5547845267147825,0.16771256386233296,-31.78681191991991,9.609222080629968,0.7166249288730301,0.35,1.833833793129974,-46.365632898085046,-22.645,-118.64904641550932
99.20728939999935,sine,942,2.837041988288897,0.5856719725185353,-0.11941411547334255,0.04618216696969136,162.55053223035733,33.55653220441401,-0.558720395767812,0.17562226153540858,-32.01232060537465,10.062414374521648,0.6839063284036959,0.35,1.8757663011785906,-44.248739447719124,-22.645,-121.36207968625482
99.31194619999951,sine,943,2.8175034616688137,0.5895341919729711,-0.14492975148214882,0.04192456402733281,161.43105711712255,33.777821078706495,-0.5588437271689188,0.18773452561842455,-32.01938697413951,10.756395986826357,0.6520068036814349,0.35,1.9162844244000063,-42.184840198188844,-22.645,-123.98360225868042
99.4214820999996,sine,944,2.765264105102318,0.590803963342501,-0.30760530582291823,0.03403554294152182,158.43796246138334,33.850573619127104,-0.5494596142694783,0.21712543698987297,-31.48171691052729,12.44037116445341,0.6209654799625395,0.35,1.9553748403158173,-40.176466553576304,-22.645,-126.51275216843338
99.5327172999996,sine,945,2.7140907117410737,0.5939941545971443,-0.37974824858573913,0.039886516952796054,155.50594299842123,34.033358113857716,-0.5405372229738268,0.24626929624969415,-30.970501546122197,14.110191298764427,0.5908200267394927,0.35,1.9930264385009893,-38.22605573004518,-22.645,-128.948810571014
99.63981619999959,sine,946,2.6984523078702214,0.591547670417676,-0.26510362816222915,0.012255787663522167,154.60992845830035,33.89318489572865,-0.5344098484651911,0.25364297790396406,-30.619428847281327,14.532672137027136,0.5616065887225639,0.35,2.0292303174256117,-36.33594629034988,-22.645,-131.29120153743708
99.74386139999933,sine,947,2.672515784978062,0.5799311381315958,-0.25949676289752416,-0.04172756159690594,153.12387516133515,33.2276066231588,-0.5172904456208226,0.26216544364965183,-29.638559316514755,15.02097345529986,0.5333597194419532,0.35,2.0639797773442474,-34.50837384789437,-22.645,-133.5394915941728
99.85021340000003,sine,948,2.603919138510526,0.554840347664196,-0.46748444014724416,-0.12268068300633403,149.19357682999436,31.790010224729713,-0.47655375545646544,0.28415546722958757,-27.304518898764996,16.28090899782334,0.5061123175991961,0.35,2.0972703092580223,-32.74546694866799,-22.645,-135.69338900899405
99.95727519999946,sine,949,2.4632410038873864,0.5298868576421512,-0.9218922122466637,-0.13101624455696045,141.13331344631524,30.360280562344734,-0.4125742169801788,0.33250954480295103,-23.63876136887891,19.05139356502525,0.479895566291739,0.35,2.1290995799818924,-31.049243139075514,-22.645,-137.75274282482843
100.06168809999963,sine,950,2.216934588694679,0.5038566396466659,-1.660926989564824,-0.04844754213256816,127.02099538877617,28.868858931397945,-0.3033759290056071,0.40228666273692815,-17.382160337881782,23.049327929228745,0.45473887522890233,0.35,2.159467413357146,-29.421605227309982,-22.645,-139.71754164420736
100.16666259999965,sine,951,1.9892274608440967,0.4916434740523389,-1.9306940051281347,0.07936458968128612,113.97433799789196,28.169096088348617,-0.1997682330638706,0.449228181035865,-11.445876635345572,25.73887881169395,0.43066982605228943,0.35,2.188375767656157,-27.86433774558313,-22.645,-141.58791216735338
100.27061049999975,sine,952,1.759285933027141,0.4980087906357147,-1.9684066527259245,0.24214899465599013,100.79965891919039,28.533801863840687,-0.0933146297368663,0.489188241301361,-5.346534450748407,28.02842161399529,0.40771412086771713,0.35,2.2158287092336533,-26.3791036201413,-22.645,-143.36411748741736
100.37447650000013,sine,953,1.5562865569386988,0.5334326748653558,-1.7578005652176218,0.4373000430754654,89.16865142553372,30.56344092415916,0.007739713761331964,0.5333765231474864,0.44345293316364526,30.56022366771283,0.38589553408980937,0.35,2.2418323824859834,-24.967441055610667,-22.645,-145.04655514684313
100.47990990000017,sine,954,1.402705735596677,0.5913888585271723,-1.3962376058216952,0.5957283712917324,80.36911854848316,33.8840856446663,0.09893944922011275,0.5830538288855434,5.6688128676613845,33.40652362408452,0.36523586769437555,0.35,2.266394976186365,-23.6307606398261,-22.645,-146.63575495925784
100.58366459999979,sine,955,1.301118738221561,0.6485825703151906,-1.033718468727855,0.626627089939185,74.54861234548244,37.161043944807375,0.1727958172552347,0.6251407489963797,9.900471046238794,35.81792651913971,0.35,0.35,2.2895266862713766,-22.645,-22.645,-148.13237660175807
100.6909044999993,sine,956,1.2270604641860245,0.6813992399014248,-0.8056315988625614,0.5170802604019511,70.30538580522291,39.04130060977392,0.22963614919985237,0.641538902264627,13.157182172788017,36.75747149321894,0.35,0.35,2.3112396751601563,-22.645,-22.645,-149.53720698286213
100.79511899999943,sine,957,1.1994123054659402,0.6848386215088885,-0.5320178854581472,0.29661372216497245,68.72126299925425,39.23836266001651,0.24853166547604782,0.6381504123370105,14.23981550713477,36.563325321443926,0.35,0.35,2.3315480276944482,-22.645,-22.645,-150.8511573918308
100.89929609999945,sine,958,1.1891202095113522,0.6875480484617856,-0.32767179109278705,0.17337725025852216,68.1315693387127,39.39360138931651,0.2560954896445302,0.6380732082820421,14.67319070896786,36.558901854932934,0.35,0.35,2.350467703793989,-22.645,-22.645,-152.07526043547108
101.00379749999956,sine,959,1.191987002654499,0.6875524912618443,-0.16254577900604408,0.09223760721375843,68.29582448655205,39.393855943009086,0.2542668589034771,0.6388088858991613,14.568417885217638,36.60105307747611,0.35,0.35,2.368016487927518,-22.645,-22.645,-153.21066676891041
101.10801720000018,sine,960,1.1938670436596324,0.6877095634714784,-0.0787743073105372,0.04998941131112924,68.40354290145773,39.40285551769992,0.25312323645742,0.6394318344088386,14.502893145702139,36.63674539793458,0.35,0.35,2.3842139355060223,-22.645,-22.645,-154.25864162723965
101.21138340000016,sine,961,1.1955370512594037,0.6877702908306498,-0.034799063720392154,0.027000739802875772,68.49922728867939,39.40633493908141,0.25207728537358914,0.6399101617789474,14.442964563021496,36.66415153746741,0.35,0.35,2.3990813163101357,-22.645,-22.645,-155.2205611652658
101.31876049999937,sine,962,1.1976179103008162,0.6879138059411428,-0.009408255121844579,0.015107276765734267,68.61845172951396,39.41455774920902,0.25079750004248136,0.6405669507372901,14.369638264866266,36.70178277281124,0.35,0.35,2.412641555069323,-22.645,-22.645,-156.0979086129852
101.4231108999993,sine,963,1.1998812396811376,0.6877683471369562,0.004961855712852123,0.00733064534354895,68.74813095065434,39.406223573636105,0.2492943206797504,0.6409973798700916,14.283512431530617,36.72644454550024,0.35,0.35,2.4249191693155967,-22.645,-22.645,-156.8922702547191
101.5292658999997,sine,964,1.1997054677085028,0.6896948357450091,0.001866483776467207,0.012508992138153553,68.73805995846568,39.51660324015757,0.2501055931089552,0.6427489080107043,14.329994917759379,36.826799715655746,0.35,0.35,2.4359402046396044,-22.645,-22.645,-157.6053312401824
101.63323179999952,sine,965,1.2004335651790985,0.6898197914196161,0.004203141683705201,0.007193055109929804,68.77977687060496,39.523762672938766,0.2496827711612819,0.6430473220684662,14.305769004672197,36.84389758171287,0.35,0.35,2.445732167481545,-22.645,-22.645,-158.23887123605599
101.7380921999993,sine,966,1.2014178271315687,0.6899402248426666,0.006642763344520949,0.004396547581387521,68.83617092641681,39.530662999791865,0.24909320409968608,0.6434050742163147,14.271989300302828,36.864395269896335,0.35,0.35,2.454323955594027,-22.645,-22.645,-158.79475992693355
101.84668210000018,sine,967,1.201137426474486,0.6924811847391086,0.0022894350422869264,0.013639385670119885,68.82010515219328,39.67624927776999,0.2501916477002818,0.6457045227026814,14.334925482650116,36.996143963372894,0.35,0.35,2.461745786317974,-22.645,-22.645,-159.2749523747729
101.95023069999934,sine,968,1.201333000970652,0.7054108588279419,0.0020214203298021083,0.06383964232722028,68.83131074540398,40.4170650335398,0.2547344591471981,0.6578106377030999,14.595209405682139,37.68977325919689,0.35,0.35,2.468029122816894,-22.645,-22.645,-159.68148424625306
102.05443500000001,sine,969,1.1950477739646086,0.7406958433850618,-0.0254165815795906,0.19189863717942757,68.47119376467606,42.43874572884705,0.2718123837070214,0.6890198549181402,15.573702405802827,39.47792968752573,0.35,0.35,2.4732065984182254,-22.645,-22.645,-160.0164669176592
102.15839119999964,sine,970,1.1925440540675307,0.7543709986059679,-0.023966545577996344,0.1636414492524578,68.32774118149057,43.22227440719127,0.2785868344451741,0.7010456327597957,15.961849841618264,40.16695600321454,0.35,0.35,2.477311939214062,-22.645,-22.645,-160.28208246714982
102.26407589999963,sine,971,1.1896151689690875,0.7552147997688559,-0.0255868022816507,0.0916220450763206,68.159928426671,43.27062065257298,0.2809528271772948,0.7010099162572511,16.097411239527407,40.16490959835976,0.35,0.35,2.480379885076385,-22.645,-22.645,-160.48057856444214
102.37001599999985,sine,972,1.186241210460767,0.7563842683718526,-0.02825117203169941,0.0538719875384928,67.96661484389199,43.33762626779775,0.2837551243192674,0.7011420618269737,16.25797103870401,40.17248098178622,0.35,0.35,2.482446109245024,-22.645,-22.645,-160.61426326815305
102.47720990000016,sine,973,1.1846707913668633,0.7576124835114538,-0.021895831569817076,0.03412553140166748,67.87663645774455,43.40799781163098,0.28531840917840895,0.7018333709337957,16.347540663309523,40.21209007594608,0.35,0.35,2.483547136648613,-22.645,-22.645,-160.68549974116527
102.58211879999999,sine,974,1.1845042980309959,0.7583034882095454,-0.012275830578836987,0.021055779554140848,67.8670970922823,43.44758946445533,0.28569559615730433,0.7024259438311534,16.36915188528752,40.24604200201851,0.35,0.35,2.483720261121392,-22.645,-22.645,-160.69670089455406
102.68858569999975,sine,975,1.184792268690483,0.7586486738802712,-0.005274762712253138,0.012776319114150747,67.8835965956945,43.46736714653632,0.2856232650347733,0.7028279738678376,16.365007617239048,40.26907662635801,0.35,0.35,2.4830034616801364,-22.645,-22.645,-160.65032397070485
102.79318839999996,sine,976,1.1843555325030453,0.7592091236612657,-0.004706700593586813,0.009227510187604013,67.85857345539368,43.49947855361633,0.28614141839538787,0.7032222850060873,16.39469561794278,40.29166899039471,0.35,0.35,2.481435318027301,-22.645,-22.645,-160.54886507636638
102.90344839999943,sine,977,1.1845447198539905,0.7595428688706453,-0.0016751270140590794,0.006424397528713942,67.8694130921401,43.51860074554649,0.2861341006188636,0.70358556417488,16.39427634023252,40.31248335355156,0.35,0.35,2.4790549254474756,-22.645,-22.645,-160.39485367645167
103.00870789999954,sine,978,1.1848836904806976,0.7597590918024246,0.0005968421498947865,0.00428261190843652,67.88883467842933,43.53098940697139,0.28597697669682387,0.7038828356877225,16.3852738026391,40.3295157566069,0.35,0.35,2.4759018092651908,-22.645,-22.645,-160.19084705945784
103.11272439999993,sine,979,1.1851018536498152,0.7600169393839278,0.0012862959048044543,0.0034287388819443255,67.90133450726496,43.54576298514918,0.28592041153426273,0.7041841140061247,16.382032857556876,40.346777732710144,0.35,0.35,2.472015839032607,-22.645,-22.645,-159.93942478540967
103.21809829999984,sine,980,1.1852442404148391,0.7601902000341838,0.001324356448424128,0.0026109312543405425,67.90949266795936,43.55569008916454,0.28588530040133503,0.7043853599007086,16.380021137826198,40.35830827311414,0.35,0.35,2.467437142615874,-22.645,-22.645,-159.64318312724706
103.32336450000003,sine,981,1.1854601841770123,0.7604487924242262,0.0016627703108971102,0.0025384167813480335,67.92186533414406,43.570506341728176,0.28583038340246175,0.704686708987381,16.376874625567233,40.37557430394059,0.35,0.35,2.4622060203487153,-22.645,-22.645,-159.30472951656188
103.42886439999984,sine,982,1.1854601841770123,0.7604487924242262,0.0008861936478376994,0.001352880077574613,67.92186533414406,43.570506341728176,0.28583038340246175,0.704686708987381,16.376874625567233,40.37557430394059,0.35,0.35,2.4563628594215756,-22.645,-22.645,-158.92667700457594
103.53430219999973,sine,983,1.1854601841770123,0.7604487924242262,0.0004704528744809537,0.0007182023058684314,67.92186533414406,43.570506341728176,0.28583038340246175,0.704686708987381,16.376874625567233,40.37557430394059,0.35,0.35,2.4499480486735625,-22.645,-22.645,-158.5116387491795
103.63957269999992,sine,984,1.1854601841770123,0.7604487924242262,0.00025070796762635564,0.00038273555166921697,67.92186533414406,43.570506341728176,0.28583038340246175,0.704686708987381,16.376874625567233,40.37557430394059,0.35,0.35,2.443001893953647,-22.645,-22.645,-158.06222253880097
103.74325580000004,sine,985,1.1854601841770123,0.7604487924242262,0.00013353210174621292,0.00020385264621328346,67.92186533414406,43.570506341728176,0.28583038340246175,0.704686708987381,16.376874625567233,40.37557430394059,0.35,0.35,2.4355645342159438,-22.645,-22.645,-157.58102536377157
103.84814920000008,sine,986,1.1854601841770123,0.7604487924242262,7.16790526037079e-05,0.00010942660499044685,67.92186533414406,43.570506341728176,0.28583038340246175,0.704686708987381,16.376874625567233,40.37557430394059,0.35,0.35,2.42767585851226,-22.645,-22.645,-157.07062804574323
103.95447739999963,sine,987,1.1854601841770123,0.7604487924242262,3.827874353686602e-05,5.8437057918404735e-05,67.92186533414406,43.570506341728176,0.28583038340246175,0.704686708987381,16.376874625567233,40.37557430394059,0.35096818387057516,0.35,2.4193754240430003,-22.707641496426213,-22.645,-156.5335899355821
104.06240960000014,sine,988,1.1854601841770123,0.7604487924242262,2.0285986436781992e-05,3.096897271971583e-05,67.92186533414406,43.570506341728176,0.28583038340246175,0.704686708987381,16.376874625567233,40.37557430394059,0.3675378915300411,0.35,2.4107023754251893,-23.779701581993663,-22.645,-155.97244369000975
104.16716759999963,sine,989,1.1854601841770123,0.7604487924242262,1.067690989241949e-05,1.6299573709152858e-05,67.92186533414406,43.570506341728176,0.28583038340246175,0.704686708987381,16.376874625567233,40.37557430394059,0.3847189458484914,0.35,2.4016953653336497,-24.891315796397397,-22.645,-155.38969013708714
104.27256219999981,sine,990,1.1854601841770123,0.7604487924242262,5.698112696998111e-06,8.698847217369717e-06,67.92186533414406,43.570506341728176,0.28583038340246175,0.704686708987381,16.376874625567233,40.37557430394059,0.402464310284564,0.35,2.3923924766684674,-26.03944087541129,-22.645,-154.78779324044984
104.37754319999931,sine,991,1.1854601841770123,0.7604487924242262,3.0368217734111388e-06,4.636069877523171e-06,67.92186533414406,43.570506341728176,0.28583038340246175,0.704686708987381,16.376874625567233,40.37557430394059,0.4207259417900018,0.35,2.3828311463985554,-27.220968433813116,-22.645,-154.16917517198655
104.48296419999951,sine,992,1.1854601841770123,0.7604487924242262,1.6197541815647188e-06,2.4727475401724035e-06,67.92186533414406,43.570506341728176,0.28583038340246175,0.704686708987381,16.376874625567233,40.37557430394059,0.4394548763220134,0.35,2.373048091227565,-28.432730498034267,-22.645,-153.53621150242344
104.59120609999991,sine,993,1.1854601841770123,0.7604487924242262,8.623725845809663e-07,1.3165143893468621e-06,67.92186533414406,43.570506341728176,0.28583038340246175,0.704686708987381,16.376874625567233,40.37557430394059,0.45860131604793947,0.35,2.363079235224647,-29.671505148301684,-22.645,-152.89122651903466
104.69688679999945,sine,994,1.1854601841770123,0.7604487924242262,4.530852225973167e-07,6.91688518182236e-07,67.92186533414406,43.570506341728176,0.28583038340246175,0.704686708987381,16.376874625567233,40.37557430394059,0.4781147180822895,0.35,2.3529596395582786,-30.93402225992413,-22.645,-152.23648867942063
104.80216289999953,sine,995,1.1854601841770123,0.7604487924242262,2.4105310422328163e-07,3.679962535693108e-07,67.92186533414406,43.570506341728176,0.28583038340246175,0.704686708987381,16.376874625567233,40.37557430394059,0.4979438845932589,0.35,2.3427234344672003,-32.216969333183854,-22.645,-151.57420621002788
104.90775309999935,sine,996,1.1854601841770123,0.7604487924242262,1.2822570424066761e-07,1.9575179885733554e-07,67.92186533414406,43.570506341728176,0.28583038340246175,0.704686708987381,16.376874625567233,40.37557430394059,0.5180370541132944,0.35,2.3324037535977244,-33.51699740113015,-22.645,-150.90652285777279
105.0175548999996,sine,997,1.1850846110412654,0.7605930869210472,-0.0016661503707155313,0.0006406217882665919,67.90034657856727,43.57877380740298,0.28614931091636553,0.7047130023876222,16.39514782608452,40.37708080480346,0.538341993885977,0.35,2.322032670831813,-34.83072700442271,-22.645,-150.2355138028183
105.1214645,sine,998,1.1852378005050728,0.7604791556473436,-0.00020341720952278812,-0.00016122971024177328,67.90912368830931,43.57224602626521,0.28599850605262406,0.7046512617669565,16.38650734386209,40.373543327814794,0.5588060930795024,0.35,2.3116411397252974,-36.1547542222438,-22.645,-149.56318174022675
105.22645499999999,sine,999,1.1852885392678072,0.7603514813448263,0.00011765414515740002,-0.0006568488922568918,67.9120308052717,43.5649308275787,0.28591474322100696,0.7045474680900766,16.381708087130363,40.36759638818943,0.5793764566954139,0.35,2.3012589356701425,-37.485656748193286,-22.645,-148.89145313785824
105.33057989999998,sine,1000,1.1853898697135428,0.7603638552505547,0.0005136325851948057,-0.0002955828249439365,67.91783661214853,43.56563980015303,0.28584800143854616,0.7045879025679304,16.37788406467818,40.36991311311727,0.6000000000000061,0.35,2.2909146008891113,-38.8200000000004,-22.645,-148.22217467752552
105.43616199999997,sine,1001,1.1855109629724758,0.7603211319315303,0.0008142018683441093,-0.000348331867394486,67.92477474481288,43.56319193428614,0.2857466220662536,0.7045829203432121,16.372075454516132,40.36962765266833,0.620623543304598,0.35,2.2806353923655496,-40.1543432518075,-22.645,-147.55710988605105
105.54011749999972,sine,1002,1.1856857804068976,0.7604191582588445,0.0012074650975244258,0.000249255830230593,67.93479104599055,43.56880842912241,0.2856602690478891,0.7047237096441252,16.36712779101563,40.377694285411245,0.6411939069205133,0.35,2.270447232804794,-41.48524577775721,-22.645,-146.89793596247017
105.6478188000001,sine,1003,1.1854251059765968,0.7599972330502481,-0.0005176755045517031,-0.0017519915542429402,67.91985550130734,43.544633895399656,0.2856853597736271,0.7042582406014476,16.368565383705334,40.35102487377182,0.6616580061140321,0.35,2.2603746647177845,-42.80927299557788,-22.645,-146.24624080724067
105.75393489999988,sine,1004,1.1854251059765968,0.7599972330502481,-0.0002724679620788908,-0.0009221250844723437,67.91985550130734,43.544633895399656,0.2856853597736271,0.7042582406014476,16.368565383705334,40.35102487377182,0.6819629458867157,0.35,2.2504408077110147,-44.12300259887051,-22.645,-145.60352025890265
105.85944740000014,sine,1005,1.1856203990092196,0.7600418465756582,0.0007199420788969231,-0.00029234005661297666,67.93104496784493,43.54719006211486,0.28556457989006334,0.70435536432851,16.36164520612705,40.35658965342308,0.7020561154067494,0.35,2.2406673190604556,-45.423030666816686,-22.645,-144.97117554321147
105.9635989999997,sine,1006,1.1856203990092196,0.7600418465756582,0.0003830421467495883,-0.00015553829418819555,67.93104496784493,43.54719006211486,0.28556457989006334,0.70435536432851,16.36164520612705,40.35658965342308,0.7218852819177222,0.35,2.231074357640563,-46.70597774007663,-22.645,-144.35051093934442
106.06736790000014,sine,1007,1.18572939372031,0.7597637920247595,0.000692331686876394,-0.0013251414135130864,67.93728990477966,43.53125870987395,0.28538336400898506,0.7041287916416692,16.35126230096052,40.34360799471416,0.7413986839520685,0.35,2.2216805512725855,-47.968494851698836,-22.645,-143.74273166733627
106.1759462,sine,1008,1.1857005036816588,0.7598385369969948,0.00024181986736141836,-0.0003761464416268615,67.93563462749498,43.53554128132286,0.28543178399301744,0.7041898174443427,16.354036561689668,40.34710451564875,0.7605451236779994,0.35,2.2125029675495753,-49.207269501966564,-22.645,-143.14894200045754
106.27959259999989,sine,1009,1.1856570668777628,0.7596795553275876,-6.31471628376838e-05,-0.0008936182801502837,67.93314588195621,43.52643230264588,0.2854026439416934,0.7040300828897953,16.352366959734006,40.33795239983078,0.7792740582100066,0.35,2.2035570881885524,-50.41903156618743,-22.645,-142.57014360579936
106.38290599999982,sine,1010,1.185737686188391,0.7594750168350607,0.0003269343548863753,-0.0013948921972225868,67.93776502820245,43.51471311027612,0.2852690571785119,0.7038635281168493,16.344713002004895,40.328409514283216,0.7975356897154442,0.35,2.194856786953029,-51.60055912458924,-22.645,-142.007234115861
106.4887289999997,sine,1011,1.1855058217652683,0.7597956183934913,-0.0008615311640696481,0.0006854063568454177,67.92448017533829,43.533082226479515,0.2855527415778425,0.7040944634829376,16.360966920800237,40.341641136100385,0.8152810541515193,0.35,2.1864143111821375,-52.748684203603304,-22.645,-141.4610059334843
106.59338939999998,sine,1012,1.1857005036816588,0.7598385369969948,0.00040375902026379613,0.0005536979676566257,67.93563462749498,43.53554128132286,0.28543178399301744,0.7041898174443427,16.354036561689668,40.34710451564875,0.83246210846997,0.35,2.1782402669552305,-53.86029841800706,-22.645,-140.93214527200342
106.69881949999944,sine,1013,1.1854251059765968,0.7599972330502481,-0.001011037311091099,0.001003387201708033,67.91985550130734,43.544633895399656,0.2856853597736271,0.7042582406014476,16.368565383705334,40.35102487377182,0.8490318161294368,0.35,2.170343607913574,-54.93235850357456,-22.645,-140.42123143200826
106.80603689999953,sine,1014,1.18558534583169,0.7595902768068897,0.00017251423586863798,-0.0012704634006501505,67.92903656871397,43.52131702020872,0.28541959016096363,0.7039268755857493,16.353337906576893,40.332039056894025,0.8649442307587702,0.35,2.1627316277534976,-55.96189173009244,-22.645,-139.9287363156513
106.9100411999998,sine,1015,1.1858091730438085,0.7595613519019168,0.0010757012243392573,-0.0007976304899949752,67.94186092330854,43.51965974523095,0.285251162354653,0.7039639349273419,16.343687704122644,40.334162400758814,0.8801545778180562,0.35,2.155409956397894,-56.94600118482823,-22.645,-139.45502417894375
107.0140720999998,sine,1016,1.1857807601277264,0.7596349152381406,0.0004500845621282323,-9.906360138132263e-05,67.94023298313337,43.52387461392348,0.28529879235207284,0.7040240077804918,16.34641670195302,40.33760432170761,0.8946193341078934,0.35,2.14838255984576,-57.881870916780706,-22.645,-139.0003516220207
107.12003649999951,sine,1017,1.1858091730438085,0.7595613519019168,0.00036811341978185234,-0.0003815908930097802,67.94186092330854,43.51965974523095,0.285251162354653,0.7039639349273419,16.343687704122644,40.334162400758814,0.9082963049815456,0.35,2.141651743692025,-58.766770932306,-22.645,-138.564867816874
107.22567499999968,sine,1018,1.1872444364897845,0.7588903531318862,0.0065398928812725205,-0.0031619376911148785,68.02409546125236,43.48121434764974,0.2839893962889149,0.7037503753974819,16.271393833823026,40.32192634102304,0.9211446991189833,0.35,2.1352181603026033,-59.59806203299822,-22.645,-138.14861497157844
107.32933830000002,sine,1019,1.1887879782430621,0.7587604609876246,0.010339601818900993,-0.002252570128896007,68.11253388921739,43.47377207599164,0.28285436850931295,0.7040673571281021,16.20636153242173,40.34008805637033,0.9331252007263459,0.35,2.129080819622377,-60.37320048699458,-22.645,-137.75152902956782
107.43497639999987,sine,1020,1.1890166807562705,0.7592533624895964,0.0065663247120062145,0.0009963096737651046,68.12563757798827,43.502013251770286,0.2828769807214058,0.7045894423206325,16.20765711674011,40.370001334448595,0.9442000390294069,0.35,2.123237103586475,-61.089742525202624,-22.645,-137.37344060204495
107.53880739999931,sine,1021,1.1891302057437105,0.7594997598893782,0.003992682601005691,0.0016216976219882355,68.13214208063786,43.51613078286078,0.2828887653460373,0.704850219346648,16.208332325994636,40.38494275743326,0.9543330549344824,0.35,2.1176827840981325,-61.745348654261015,-22.645,-137.01407613114918
107.6441562,sine,1022,1.1892215337150853,0.7598022731870099,0.002547379738418411,0.0022210451348830583,68.13737478794913,43.53346351806166,0.2829370422727294,0.7051568084122193,16.211098390141956,40.40250901693535,0.9634897647359406,0.35,2.1124120445292576,-62.33778777841536,-22.645,-136.67305928104298
107.74913789999937,sine,1023,1.1894897624601262,0.7599332434970519,0.002544773913899826,0.0017635126964395877,68.15274316298405,43.54096756406859,0.2827966272125494,0.705354238811362,16.203053199813567,40.413820945553816,0.9716374207546127,0.35,2.1074175046928705,-62.864941122823446,-22.645,-136.3499125536287
107.85453069999949,sine,1024,1.1897047627702362,0.7601914455827559,0.002310920062698965,0.002087683773242597,68.16506177334736,43.5557614538409,0.28274100341785946,0.7056547023321407,16.199866191137332,40.43103623719207,0.9787450687977487,0.35,2.1026902492295596,-63.324805951214344,-22.645,-136.0440591251525
107.96185669999977,sine,1025,1.1897470063381572,0.7603514622580371,0.0014175946064780337,0.0018217233536545854,68.1674821515008,43.564929733986226,0.282770703151785,0.7058151851561287,16.201567860543925,40.44023122569093,0.984783602336649,0.35,2.098219859343496,-63.71549907118119,-22.645,-135.7548248995242
108.06703409999955,sine,1026,1.1899188076849603,0.7604518154850867,0.0015051969596229797,0.001404688271538613,68.1773256435873,43.57067955035669,0.28268674381158043,0.7059569169204096,16.196757344699503,40.448351857607165,0.9897258133046607,0.35,2.093994447816734,-64.03526012081154,-22.645,-135.4814407737427
108.17217329999949,sine,1027,1.1899593452461001,0.7606116188107434,0.0009807046465672117,0.0014564798053069254,68.17964827475235,43.57983560646897,0.282717524322584,0.7061167298052133,16.198520938071262,40.45750846141823,0.9935464394245457,0.35,2.090000697224074,-64.28245463076811,-22.645,-135.22304511039758
108.2759361999997,sine,1028,1.1901335811506648,0.7607100605252896,0.0012970997790798672,0.00121444854941156,68.18963125672356,43.5854759012405,0.2826310637713846,0.7062573737497155,16.19356711339316,40.46556676585227,0.9962222079806309,0.35,2.0862239012643973,-64.45557685634682,-22.645,-134.9786864118065
108.37945260000015,sine,1029,1.1901335811506648,0.7607100605252896,0.0006958456484586721,0.0006515063467086959,68.18963125672356,43.5854759012405,0.2826310637713846,0.7062573737497155,16.19356711339316,40.46556676585227,0.9977318759581509,0.35,2.082648009118241,-64.55325237449237,-22.645,-134.7473261899502
108.48275190000004,sine,1030,1.1901335811506648,0.7607100605252896,0.00037395190219434687,0.0003501236778343902,68.18963125672356,43.5854759012405,0.2826310637713846,0.7062573737497155,16.19356711339316,40.46556676585227,0.998056266478784,0.35,2.0792556727352856,-64.57424044117732,-22.645,-134.52784202597297
108.58663089999936,sine,1031,1.1901335811506648,0.7607100605252896,0.00020069001999260661,0.00018790204700697187,68.18963125672356,43.5854759012405,0.2826310637713846,0.7062573737497155,16.19356711339316,40.46556676585227,0.9971783014685303,0.35,2.076028296949705,-64.51743610501391,-22.645,-134.3190308126459
108.69129729999986,sine,1032,1.1901335811506648,0.7607100605252896,0.00010759109063161336,0.00010073538370337282,68.18963125672356,43.5854759012405,0.2826310637713846,0.7062573737497155,16.19356711339316,40.46556676585227,0.9950830305012176,0.35,2.072946092315678,-64.38187207342878,-22.645,-134.1196121728244
108.79499260000011,sine,1033,1.1901335811506648,0.7607100605252896,5.7485107158115026e-05,5.3822154723104196e-05,68.18963125672356,43.5854759012405,0.2826310637713846,0.7062573737497155,16.19356711339316,40.46556676585227,0.9917576557680341,0.35,2.069988130549947,-64.16672032819181,-22.645,-133.92823204658157
108.89948499999991,sine,1034,1.1901335811506648,0.7607100605252896,3.085447834146457e-05,2.888843022641114e-05,68.18963125672356,43.5854759012405,0.2826310637713846,0.7062573737497155,16.19356711339316,40.46556676585227,0.9871915531308482,0.35,2.067132402463181,-63.87129348756588,-22.645,-133.7434664393678
109.0026657999997,sine,1035,1.1901335811506648,0.7607100605252896,1.649229068795871e-05,1.544140152168816e-05,68.18963125672356,43.5854759012405,0.2826310637713846,0.7062573737497155,16.19356711339316,40.46556676585227,0.9813762892245369,0.35,2.0643558782570155,-63.49504591282754,-22.645,-133.5638253232289
109.10689490000004,sine,1036,1.1901335811506648,0.7607100605252896,8.855412481766917e-06,8.291145381700558e-06,68.18963125672356,43.5854759012405,0.2826310637713846,0.7062573737497155,16.19356711339316,40.46556676585227,0.9743056345808354,0.35,2.0616345700587697,-63.037574557380054,-22.645,-133.3877566828024
109.2108274000002,sine,1037,1.1901335811506648,0.7607100605252896,4.7361035432188006e-06,4.43431890953307e-06,68.18963125672356,43.5854759012405,0.2826310637713846,0.7062573737497155,16.19356711339316,40.46556676585227,0.9659755727539158,0.35,2.0589435965616842,-62.49861955717835,-22.645,-133.21365069754097
109.31562119999944,sine,1038,1.1901335811506648,0.7607100605252896,2.544272312420797e-06,2.3821512184045917e-06,68.18963125672356,43.5854759012405,0.2826310637713846,0.7062573737497155,16.19356711339316,40.46556676585227,0.9563843054352621,0.35,2.056257249634064,-61.87806456166146,-22.645,-133.03984405132394
109.4198566999994,sine,1039,1.1901335811506648,0.7607100605252896,1.3555715874191987e-06,1.269194532692465e-06,68.18963125672356,43.5854759012405,0.2826310637713846,0.7062573737497155,16.19356711339316,40.46556676585227,0.9455322535530579,0.35,2.0535490627570874,-61.17593680488285,-22.645,-132.86462436038357
109.52501690000008,sine,1040,1.1901335811506648,0.7607100605252896,7.262940665466983e-07,6.800145908509555e-07,68.18963125672356,43.5854759012405,0.2826310637713846,0.7062573737497155,16.19356711339316,40.46556676585227,0.9334220543588381,0.35,2.0507918811471884,-60.39240691701683,-22.645,-132.6862347102231
109.62972230000014,sine,1041,1.1901335811506648,0.7607100605252896,3.8703190070910295e-07,3.6237021852366497e-07,68.18963125672356,43.5854759012405,0.2826310637713846,0.7062573737497155,16.19356711339316,40.46556676585227,0.9200585545117477,0.35,2.0479579334157725,-59.527788476910075,-22.645,-132.50287829200047
109.73503149999942,sine,1042,1.1901335811506648,0.7607100605252896,2.066307157893311e-07,1.9346420152213597e-07,68.18963125672356,43.5854759012405,0.2826310637713846,0.7062573737497155,16.19356711339316,40.46556676585227,0.9054487991781623,0.35,2.045018904615825,-58.582537306827106,-22.645,-132.31272312864388
109.83993689999988,sine,1043,1.1901335811506648,0.7607100605252896,1.1016598368766567e-07,1.031462045108753e-07,68.18963125672356,43.5854759012405,0.2826310637713846,0.7062573737497155,16.19356711339316,40.46556676585227,0.8896020171720589,0.35,2.0419460105223926,-57.557250511032215,-22.645,-132.1139068807988
109.94377639999948,sine,1044,1.1901335811506648,0.7607100605252896,5.866648757094023e-08,5.492825754711096e-08,68.18963125672356,43.5854759012405,0.2826310637713846,0.7062573737497155,16.19356711339316,40.46556676585227,0.8725296021688593,0.35,2.038710072991298,-56.452665260325205,-22.645,-131.90454172253698
110.05035270000008,sine,1045,1.1901335811506648,0.7607100605252896,3.150488890475146e-08,2.9497396612687187e-08,68.18963125672356,43.5854759012405,0.2826310637713846,0.7062573737497155,16.19356711339316,40.46556676585227,0.8542450900328407,0.35,2.035281596238542,-55.26965732512479,-22.645,-131.68271927663366
110.15496399999938,sine,1046,1.1901335811506648,0.7607100605252896,1.668283945773981e-08,1.5619808519195302e-08,68.18963125672356,43.5854759012405,0.2826310637713846,0.7062573737497155,16.19356711339316,40.46556676585227,0.8347641323056203,0.35,2.031630843880745,-54.00923936017364,-22.645,-131.44651559908422
110.26006879999932,sine,1047,1.1901335811506648,0.7607100605252896,8.901692238336892e-09,8.334476191049239e-09,68.18963125672356,43.5854759012405,0.2826310637713846,0.7062573737497155,16.19356711339316,40.46556676585227,0.8141044659101853,0.35,2.027727916575796,-52.67255894438899,-22.645,-131.19399620245403
110.3648134999994,sine,1048,1.1901335811506648,0.7607100605252896,4.7470438542600275e-09,4.444562103686995e-09,68.18963125672356,43.5854759012405,0.2826310637713846,0.7062573737497155,16.19356711339316,40.46556676585227,0.7922858791322788,0.35,2.023542830101373,-51.26089637985844,-22.645,-130.92322110755885
110.46977739999966,sine,1049,1.1901335811506648,0.7607100605252896,2.536780675468988e-09,2.375136948742703e-09,68.18963125672356,43.5854759012405,0.2826310637713846,0.7062573737497155,16.19356711339316,40.46556676585227,0.7693301739477068,0.35,2.019045593708449,-49.77566225441663,-22.645,-130.63224991293666
110.57326990000001,sine,1050,1.1901335811506648,0.7607100605252896,1.3529280467365717e-09,1.2667194384868333e-09,68.18963125672356,43.5854759012405,0.2826310637713846,0.7062573737497155,16.19356711339316,40.46556676585227,0.7452611247710971,0.35,2.0142062885860503,-48.21839477268998,-22.645,-130.31914687151746
110.6806861999994,sine,1051,1.1901335811506648,0.7607100605252896,7.263240510261426e-10,6.800426647186358e-10,68.18963125672356,43.5854759012405,0.2826310637713846,0.7062573737497155,16.19356711339316,40.46556676585227,0.7201044337082546,0.35,2.008995146273635,-46.590756860924074,-22.645,-129.9819859639042
110.78459019999991,sine,1052,1.1901335811506648,0.7607100605252896,3.8298568365358643e-10,3.5858182651795343e-10,68.18963125672356,43.5854759012405,0.2826310637713846,0.7062573737497155,16.19356711339316,40.46556676585227,0.6938876824007998,0.35,2.0033826268572237,-44.89453305133175,-22.645,-129.6188559576624
110.88954120000017,sine,1053,1.1901335811506648,0.7607100605252896,2.0556707743642135e-10,1.9246833823110523e-10,68.18963125672356,43.5854759012405,0.2826310637713846,0.7062573737497155,16.19356711339316,40.46556676585227,0.666640280558039,0.35,1.9973394967862048,-43.13162615210513,-22.645,-129.22786544206747
110.99443369999972,sine,1054,1.1901335811506648,0.7607100605252896,1.0949484260418149e-10,1.0251782855365631e-10,68.18963125672356,43.5854759012405,0.2826310637713846,0.7062573737497155,16.19356711339316,40.46556676585227,0.6383934112774285,0.35,1.9908369061481799,-41.30405370964963,-22.645,-128.80714782778725
111.09990609999932,sine,1055,1.1901335811506648,0.7607100605252896,5.85105778770919e-11,5.478228242277041e-11,68.18963125672356,43.5854759012405,0.2826310637713846,0.7062573737497155,16.19356711339316,40.46556676585227,0.6091799732605023,0.35,1.9838464652404868,-39.413944269954506,-22.645,-128.3548663010595
111.2046221999999,sine,1056,1.1901335811506648,0.7607100605252896,3.111244248446759e-11,2.9129956887908576e-11,68.18963125672356,43.5854759012405,0.2826310637713846,0.7062573737497155,16.19356711339316,40.46556676585227,0.5790345200374514,0.35,1.976340320278363,-37.46353344642311,-22.645,-127.86921872201009
111.31113709999954,sine,1057,1.1901335811506648,0.7607100605252896,1.662117452127924e-11,1.556207287399519e-11,68.18963125672356,43.5854759012405,0.2826310637713846,0.7062573737497155,16.19356711339316,40.46556676585227,0.5479931963185561,0.35,1.9682912280814486,-35.45515980181058,-22.645,-127.34844245686973
111.41670629999953,sine,1058,1.1901335811506648,0.7607100605252896,8.786678807334404e-12,8.226791418685079e-12,68.18963125672356,43.5854759012405,0.2826310637713846,0.7062573737497155,16.19356711339316,40.46556676585227,0.5160936715962979,0.35,1.9596726295822924,-33.39126055228048,-22.645,-126.79081913397432
111.52019539999947,sine,1059,1.1901335811506648,0.7607100605252896,4.6850230846516895e-12,4.386493299036002e-12,68.18963125672356,43.5854759012405,0.2826310637713846,0.7062573737497155,16.19356711339316,40.46556676585227,0.4833750711269606,0.35,1.9504587220030083,-31.27436710191435,-22.645,-126.19467931359465
111.62293559999944,sine,1060,1.1901335811506648,0.7607100605252896,2.515948448627631e-12,2.355632151905527e-12,68.18963125672356,43.5854759012405,0.2826310637713846,0.7062573737497155,16.19356711339316,40.46556676585227,0.4498779044252721,0.35,1.9406245295486246,-29.107100416315106,-22.645,-125.55840706179602
111.72743319999972,sine,1061,1.1901335811506648,0.7607100605252896,1.3565654441485988e-12,1.2701250608467442e-12,68.18963125672356,43.5854759012405,0.2826310637713846,0.7062573737497155,16.19356711339316,40.46556676585227,0.4156439914102539,0.35,1.9301459724689214,-26.892166244243427,-22.645,-124.88044441873922
111.83683139999994,sine,1062,1.1901335811506648,0.7607100605252896,7.23356577404979e-13,6.772642785892392e-13,68.18963125672356,43.5854759012405,0.2826310637713846,0.7062573737497155,16.19356711339316,40.46556676585227,0.3807163863447958,0.35,1.9189999343434696,-24.63235019650829,-22.645,-124.15929575202249
111.94050439999955,sine,1063,1.1902050598656908,0.7607952919539809,0.00031194645475065544,0.0003720160222225074,68.19372668541956,43.59035930238638,0.2826122415554874,0.7063567067582256,16.192488679861167,40.47125812800624,0.35,0.35,1.9071643274483807,-22.645,-22.645,-123.39353198591024
112.04520169999978,sine,1064,1.188027139781652,0.7614675480466433,-0.009564252907797721,0.003214104041439511,68.06894105648736,43.62887673924789,0.2844010399272207,0.7063631326849401,16.29497927696136,40.47162630648644,0.35,0.35,1.8946181560668895,-22.645,-22.645,-122.58179469752776
112.15064100000018,sine,1065,1.1862489245681758,0.7622085734924642,-0.013004903435809751,0.005026632521738802,67.96705682968923,43.67133436980523,0.28593464330169566,0.7065431970271522,16.382848277765795,40.48194323333599,0.35,0.35,1.8813415776100184,-22.645,-22.645,-121.7228000713682
112.25454089999948,sine,1066,1.184131770407232,0.7630234185550987,-0.016269281607151617,0.006301304561883884,67.84575283168859,43.71802155285126,0.28773714137749257,0.7066909329653369,16.48612381008941,40.490407879076386,0.35,0.35,1.8673159614179915,-22.645,-22.645,-120.81534270374405
112.35937319999994,sine,1067,1.1821381402322393,0.7637982555029427,-0.01760009308334426,0.0068590909829968506,67.73152623675158,43.76241643977352,0.28943907114899814,0.7068329358495852,16.583637203024345,40.49854404502249,0.35,0.35,1.852523945117591,-22.645,-22.645,-119.85829924910814
112.46651800000018,sine,1068,1.1807960757128768,0.7645345064644167,-0.01535836870313088,0.006955827262758824,67.65463160395785,43.80460051252843,0.2906673398660119,0.707124818621158,16.65401181661718,40.51526769594619,0.35,0.35,1.8369494884154358,-22.645,-22.645,-118.8506319004787
112.57042169999932,sine,1069,1.180545043720608,0.764639939574721,-0.009209079802742454,0.004137254903158595,67.64024853027809,43.8106413847698,0.2908849506076204,0.707149335503354,16.66647999368806,40.516672409822846,0.35,0.35,1.8205779242124263,-22.645,-22.645,-117.79139169654398
112.67553179999959,sine,1070,1.180645849803999,0.7646518942330613,-0.004483372330064396,0.0022692619424206505,67.64602429340563,43.811326336238224,0.29081821086126564,0.707189711170674,16.66265608789616,40.51898576515531,0.35,0.35,1.8033960069297281,-22.645,-22.645,-116.67972164835342
112.78041219999977,sine,1071,1.1807198525767157,0.7647373924217268,-0.002061822179265123,0.0015899114484829314,67.65026433995457,43.81622502160477,0.29079838753371157,0.7072903061514243,16.661520294891407,40.5247494329925,0.35,0.35,1.7853919579422826,-22.645,-22.645,-115.51485967886569
112.88406399999985,sine,1072,1.180689810993563,0.7648116192840955,-0.0012329861183817423,0.0011778599831631816,67.64854308403002,43.820477907545,0.2908478630286745,0.7073502198795258,16.6643550319421,40.52818223674761,0.35,0.35,1.766555508021645,-22.645,-22.645,-114.29614136900044
112.98878689999947,sine,1073,1.180689810993563,0.7648116192840955,-0.000662214559780539,0.0006326073088780926,67.64854308403002,43.820477907545,0.2908478630286745,0.7073502198795258,16.6643550319421,40.52818223674761,0.35,0.35,1.746877936695661,-22.645,-22.645,-113.02300250420927
113.09475469999961,sine,1074,1.180689810993563,0.7648116192840955,-0.0003536869494839991,0.0003378737993506586,67.64854308403002,43.820477907545,0.2908478630286745,0.7073502198795258,16.6643550319421,40.52818223674761,0.35,0.35,1.7263521084389009,-22.645,-22.645,-111.69498141599689
113.19874769999933,sine,1075,1.180689810993563,0.7648116192840955,-0.00018780428030349292,0.000179407653612981,67.64854308403002,43.820477907545,0.2908478630286745,0.7073502198795258,16.6643550319421,40.52818223674761,0.35,0.35,1.704972505613823,-22.645,-22.645,-110.31172111321435
113.30264910000005,sine,1076,1.180689810993563,0.7648116192840955,-0.0001004966015229657,9.600345341531962e-05,67.64854308403002,43.820477907545,0.2908478630286745,0.7073502198795258,16.6643550319421,40.52818223674761,0.35,0.35,1.6827352580892194,-22.645,-22.645,-108.8729711983725
113.40728119999949,sine,1077,1.180689810993563,0.7648116192840955,-5.394943426224104e-05,5.153738455319122e-05,67.64854308403002,43.820477907545,0.2908478630286745,0.7073502198795258,16.6643550319421,40.52818223674761,0.35,0.35,1.6596381694690825,-22.645,-22.645,-107.37858956464964
113.5121911999995,sine,1078,1.180689810993563,0.7648116192840955,-2.8790984384803608e-05,2.7503755214409358e-05,67.64854308403002,43.820477907545,0.2908478630286745,0.7073502198795258,16.6643550319421,40.52818223674761,0.35,0.3981430247323723,1.635680739871693,-22.645,-25.75985370018449,-105.82854386969855
113.61733639999966,sine,1079,1.180689810993563,0.7648116192840955,-1.534737474229924e-05,1.4661202008737314e-05,67.64854308403002,43.820477907545,0.2908478630286745,0.7073502198795258,16.6643550319421,40.52818223674761,0.35,0.4622985106115096,1.610864185205691,-22.645,-29.910713636564672,-104.22291278280822
113.72416639999938,sine,1080,1.180689810993563,0.7648116192840955,-8.180289277671981e-06,7.814553016634634e-06,67.64854308403002,43.820477907545,0.2908478630286745,0.7073502198795258,16.6643550319421,40.52818223674761,0.35,0.5271136471257423,1.5851914528967685,-22.645,-34.10425296903553,-102.56188700242093
113.8274365999996,sine,1081,1.180689810993563,0.7648116192840955,-4.3258893884244215e-06,4.132481239044924e-06,67.64854308403002,43.820477907545,0.2908478630286745,0.7073502198795258,16.6643550319421,40.52818223674761,0.35,0.5925334754774334,1.5586672340257635,-22.645,-38.33691586338994,-100.8457700414669
113.93263649999972,sine,1082,1.180689810993563,0.7648116192840955,-2.3284572571929872e-06,2.2243532063062445e-06,67.64854308403002,43.820477907545,0.2908478630286745,0.7073502198795258,16.6643550319421,40.52818223674761,0.35,0.6585017901298612,1.5312979718459818,-22.645,-42.60506582140202,-99.07497877843502
114.03816279999955,sine,1083,1.180689810993563,0.7648116192840955,-1.2414063437366018e-06,1.185903744846177e-06,67.64854308403002,43.820477907545,0.2908478630286745,0.7073502198795258,16.6643550319421,40.52818223674761,0.35,0.7249612190110335,1.5030918666548416,-22.645,-46.90499087001387,-97.25004377256826
114.14367450000009,sine,1084,1.180689810993563,0.7648116192840955,-6.591955209926094e-07,6.297232496637137e-07,67.64854308403002,43.820477907545,0.2908478630286745,0.7073502198795258,16.6643550319421,40.52818223674761,0.35,0.7918533059832946,1.474058877002223,-22.645,-51.23290889711917,-95.37160934204383
114.25260829999934,sine,1085,1.180689810993563,0.7648116192840955,-3.5097008374530933e-07,3.3527840319370113e-07,67.64854308403002,43.820477907545,0.2908478630286745,0.7073502198795258,16.6643550319421,40.52818223674761,0.35,0.8591185954334177,1.4442107172250944,-22.645,-55.58497312454213,-93.44043340446362
114.35777830000006,sine,1086,1.180689810993563,0.7648116192840955,-1.842696360996748e-07,1.7603104141895138e-07,67.64854308403002,43.820477907545,0.2908478630286745,0.7073502198795258,16.6643550319421,40.52818223674761,0.35,0.9266967188335324,1.4135608513054683,-22.645,-59.95727770852955,-91.4573870794638
114.46160809999947,sine,1087,1.1806183364818814,0.7647228141004616,-0.0003170143152540563,-0.00039361202576162493,67.64444789616792,43.81538974532389,0.2908646424762458,0.7072472991556029,16.6653164234705,40.5222853136424,0.35,0.9945264831196021,1.38212448305591,-22.645,-64.34586345783826,-89.42345405371738
114.56638289999955,sine,1088,1.178304157747366,0.7636098242235574,-0.010545873158544047,-0.005184359579696123,67.51185522164126,43.75162012273649,0.2920748488084565,0.7055439365087404,16.73465613864618,40.42468982299694,0.35,1.062545960730679,1.3499185426442453,-22.645,-68.74672365927493,-87.33972970908268
114.66976189999968,sine,1089,1.167923789448996,0.7594688174169374,-0.052073193020940836,-0.020939834974483516,66.91710392835326,43.51435790978222,0.2977592539653228,0.6986646629869696,17.06034856317702,40.03053648408338,0.35,1.1306925811485742,1.316961669476456,-22.645,-73.15581000031275,-85.20742001512671
114.77536509999936,sine,1090,1.1578411525191425,0.7548623355149656,-0.07378088199792136,-0.03151559132674615,66.33941138590991,43.25042593839584,0.3029397184879239,0.6914077469493424,17.357167316239316,39.61474582284654,0.35,1.198903223775237,1.2832741914638874,-22.645,-77.56903857825785,-83.02784018771352
114.8825711999998,sine,1091,1.1221914576311693,0.745137778685397,-0.20036445169148998,-0.05661433890289719,64.29683432789994,42.69324987442644,0.3231728637596456,0.6714086753636694,18.516441146584047,38.46888342680747,0.35,1.2671143119818238,1.2488781007083338,-22.645,-81.982295985224,-80.8024131158292
114.98755919999985,sine,1092,1.0972484965914147,0.74387250287917,-0.216935169845541,-0.03247475967037386,62.86770793176275,42.620754910809616,0.33924049704713766,0.662013735282684,19.437048720721254,37.93059301138871,0.35,1.33526190816174,1.2137970256455115,-22.645,-86.39144545806458,-78.5326675592646
115.09237059999941,sine,1093,1.0825734285187245,0.7492629916325397,-0.1800888978263227,0.00826531931537095,62.026888467130426,42.929607165890445,0.3514471639149741,0.6617249591833941,20.13643921417046,37.91404735967515,0.35,1.4032818096176038,1.1780561996946561,-22.645,-90.79233308225898,-76.22023612024425
115.19805459999952,sine,1094,1.065649431421182,0.7545975306156854,-0.16988202884292708,0.029801482741266504,61.057214860949585,43.23525373527269,0.365176906188142,0.6603508615865865,20.923095500225333,37.835317366739005,0.35,1.4711096451103218,1.1416824264690644,-22.645,-95.18079403863783,-73.86685299254847
115.30175650000001,sine,1095,1.0269207310660198,0.7504261643781746,-0.262724359307562,0.0024997612692962464,58.83822378457198,42.99625205505996,0.38831271208402157,0.642146919183835,22.248679533693117,36.792308296562105,0.35,1.5386809718975711,1.1047040416089908,-22.645,-99.55265888177286,-71.4743514921017
115.40652559999944,sine,1096,0.945119265767806,0.7396543266110619,-0.5132588717336088,-0.026973867300189483,54.151345064998466,42.37907121340478,0.43317575332171027,0.5995392310838652,24.81914245273405,34.35106759362405,0.35,1.6059313730873512,1.0671508713055338,-22.645,-103.90375983875163,-69.04466137346803
115.5112650000001,sine,1097,0.8715887377880227,0.7398763361569047,-0.6004300949386235,0.010391251246976603,49.93835614638827,42.391791423393194,0.47619285614717055,0.566266153464398,27.28384089151321,32.44466067461739,0.35,1.6727965551320074,1.0290541875904298,-22.645,-108.22993711704089,-66.57980593710082
115.61504239999977,sine,1098,0.8483305226658251,0.751961716268864,-0.41693218061097637,0.0657168526958719,48.605758580879,43.0842326976198,0.4972245117228445,0.5641047843051806,28.488865992172116,32.32082334382449,0.35,1.7392124452877824,0.9904466604733084,-22.645,-112.52704521011952,-64.08189893262306
115.71967909999967,sine,1099,0.8299522368485208,0.7624676665357252,-0.3011050722852231,0.08598328696508103,47.55276036886233,43.686179307685286,0.5145978192764725,0.5626242324219004,29.484283191177752,32.23599396956239,0.35,1.8051152888643993,0.9513623070145079,-22.645,-116.79095918952665,-61.55314126383866
115.82319980000011,sine,1100,0.8212011768465053,0.7685216977742269,-0.19754274721752088,0.07402400454300377,47.05136156448109,44.033049746691795,0.5236264794135244,0.5625308080512373,30.00158731168883,32.23064114741973,0.35,1.8704417460902318,0.9118364374273709,-22.645,-121.017580972038,-58.995817501550896
115.92746829999942,sine,1101,0.8060005006152835,0.7686672536915129,-0.1732901228602012,0.042039149663041654,46.18042697068726,44.041389486435435,0.5322172866756442,0.5546116719482812,30.493804310418636,31.776908071330663,0.35,1.935128988418629,0.8719055983102624,-22.645,-125.2028455506853,-56.412292210673975
116.0327784000001,sine,1102,0.7601993590930456,0.7651110663737547,-0.29686284400672097,0.01347345767764803,43.556214864581634,43.83763496196995,0.5544749596428037,0.5272119716173896,31.7690750332193,30.207020882447374,0.35,1.9991147941021334,0.8316075131143137,-22.645,-129.34272717840804,-53.8050060984961
116.14041819999966,sine,1103,0.7053178705742429,0.7653085397162189,-0.4002446657212134,0.01976698834387247,40.41173719905856,43.84894935105949,0.5827101484819088,0.49613107523996447,33.386832187454914,28.426216696537463,0.35,2.0623376428628704,0.7909810199582443,-22.645,-133.43324549322773,-51.17647199129841
116.24404139999933,sine,1104,0.6961545454042737,0.7701449314264378,-0.24959013284391632,0.033294145947497356,39.88671734051332,44.126054184127085,0.5909428616026015,0.49387219978731467,33.85853190321257,28.296792666654923,0.35,2.1247368094883567,0.750066006907539,-22.645,-137.47047157389667,-48.52927064691777
116.3475268000002,sine,1105,0.6877855970370197,0.7772125171703399,-0.16989800313769096,0.050542089437714356,39.40721192010677,44.53099701859951,0.6005161058871316,0.4933960918130699,34.407038396963884,28.269513689138176,0.35,2.1862524561847376,0.7089033448398041,-22.645,-141.45053391515253,-45.86604641113533
116.45245960000011,sine,1106,0.6822271968396478,0.7821738195833622,-0.11514227139340885,0.049774850589636946,39.08873904795268,44.81525870775375,0.6071001238148693,0.4931787948661178,34.784274836461734,28.257063491176744,0.35,2.2468257235209577,0.6675348180235992,-22.645,-145.36962431180598,-43.18950272612687
116.55872339999951,sine,1107,0.6800275426210547,0.7845020247664481,-0.07074531462249994,0.03692763155145297,38.96270814483914,44.94865503858506,0.6099937855488538,0.4933062015162954,34.950069441157545,28.26436335451382,0.35,2.30639881980036,0.626003052542482,-22.645,-149.2240036410833,-40.502397499498585
116.66343309999957,sine,1108,0.6790439121638797,0.7825489578809607,-0.041960958517872,0.010987137037320805,38.90635027104249,44.83675254893987,0.6089588964006764,0.49147933219520823,34.890774660703094,28.159691452693593,0.35,2.3649151086991114,0.5843514427003441,-22.645,-153.0100075328325,-37.80753834271226
116.76955159999943,sine,1109,0.6688030167528352,0.7712622615674334,-0.0690276950773039,-0.04408215372680715,38.319590185554745,44.19007248552889,0.6051049242938894,0.47821909906798826,34.66995832462306,27.399936059144327,0.35,2.4223191950136576,0.5426240755486484,-22.645,-156.72405191738366,-35.107777687997554
116.87268439999934,sine,1110,0.5743629412292752,0.7412809384035183,-0.4739228615178917,-0.13775538652038932,32.908572441158014,42.472269204018744,0.6223339514712518,0.4027379824235334,35.657108867002115,23.075186642482397,0.35,2.4785570083633295,0.500865653679712,-22.645,-160.36263844110744,-32.40600779307737
116.97786059999999,sine,1111,0.40115077094870966,0.6980094516496483,-1.1063725557096369,-0.18482511633007748,22.98424612378026,39.992995639765745,0.6425960538413639,0.272557344754732,36.81804181687156,15.616385529738288,0.35,2.533575884697738,0.4591214164339731,-22.645,-163.92235973994366,-29.70515564327806
117.08124849999967,sine,1112,0.18737152514089495,0.657375196516446,-1.6439936067834306,-0.11883302849580894,10.735597591502678,37.664824316975455,0.6458693248533526,0.1224539268807274,37.00558643106103,7.016093195069262,0.35,2.587324645462575,0.4174370596726712,-22.645,-167.39990456142863,-27.008177760821827
117.18608570000015,sine,1113,-0.05113505890239267,0.6306595218551999,-2.0208051819797683,0.03883771264609051,-2.929823060259968,36.134128912041454,0.6298351790571903,-0.03223475963345158,36.0868975488435,-1.8469156806154479,0.35,2.6397536742821632,0.37585865426998716,-22.645,-170.79206272605597,-24.31805493126817
117.28934169999957,sine,1114,-0.2941966569631109,0.637536700251961,-2.0879323728975168,0.29704920622651976,-16.856226790844318,36.52816220913441,0.6101451892757833,-0.1848672284959593,34.95874423571316,-10.592111963099093,0.35,2.690814991021106,0.35,-22.645,-174.09572991906558,-22.645
117.39281130000018,sine,1115,-0.514000640570726,0.685343606179256,-1.8755549901380746,0.5943452130682847,-29.450067371723396,39.26729615034738,0.5967865942137264,-0.33695937366033946,34.193353118432995,-19.30634997810913,0.35,2.740462323092833,0.35,-22.645,-177.30791230410628,-22.645
117.49965639999937,sine,1116,-0.708756643197145,0.7889904521558152,-1.5323573664064376,0.9685462990331194,-40.60876435705598,45.205822984646716,0.5989792635160257,-0.5135462739333595,34.318983815322646,-29.424034081050742,0.35,2.788651173887492,0.35,-22.645,-180.42573095052074,-22.645
117.60485470000003,sine,1117,-0.7829743933490163,0.8382975564675076,-1.0236424190816933,0.7856753695431652,-44.86112820571463,48.03091196171799,0.5942008724772642,-0.591327418886231,34.04520217593847,-33.880565412545565,0.35,2.835338888197229,0.35,-22.645,-183.44642606636071,-22.645
117.71091999999953,sine,1118,-0.8120843639187179,0.8405470257133781,-0.6571304759621279,0.4426522693961219,-46.52900666110856,48.15979705565085,0.5782856436123044,-0.6100041121398357,33.133326731991495,-34.95066111123757,0.35,2.8804847145224595,0.35,-22.645,-186.36736102960313,-22.645
117.81699019999996,sine,1119,-0.824276186337078,0.8447222587598542,-0.3968736491407204,0.2569695739635314,-47.22754663025358,48.399020287697475,0.5736411408261733,-0.6200738149575391,32.86721632440943,-35.52761258364297,0.35,2.9240498641483916,0.35,-22.645,-189.18602621040094,-22.645
117.92659689999982,sine,1120,-0.821437451489742,0.8440507157933718,-0.1990342608696171,0.13314898865137273,-47.06489910434451,48.36054370995634,0.5749416176931619,-0.6179512497565429,32.94172816024227,-35.40599855588455,0.35,2.9659975668872365,0.35,-22.645,-191.9000425776042,-22.645
118.03154309999991,sine,1121,-0.8182060526171848,0.8442129520049718,-0.09014373078283901,0.0699885490399305,-46.87975358702366,48.36983916016521,0.5770463530407909,-0.616208580575824,33.062320612653416,-35.30615096674183,0.35,3.0062931233875867,0.35,-22.645,-194.50716508317686,-22.645
118.13532029999988,sine,1122,-0.81469319080969,0.8445046952598411,-0.03267346549910199,0.038581833718742346,-46.678481431441504,48.38655481737063,0.5794076063538788,-0.6143899462191628,33.19761046185464,-35.201950893627654,0.35,3.0449039539189973,0.35,-22.645,-197.00528581855914,-22.645
118.2387818999996,sine,1123,-0.8113663889617881,0.8451799946465665,-0.002733680789491599,0.023678216859122896,-46.4878697262804,48.42524662213777,0.5819132989851369,-0.6129487220110706,33.34117607438275,-35.119374829171896,0.35,3.0817996435462325,0.35,-22.645,-199.39243693744126,-22.645
118.34400180000011,sine,1124,-0.8088058971295613,0.8456044360124604,0.009940160012641107,0.014614155939843342,-46.341164350816086,48.44956532105426,0.5837738584572738,-0.611763797871252,33.447778279669286,-35.051483676917115,0.35,3.116951983614349,0.35,-22.645,-201.66679333984837,-22.645
118.44800229999964,sine,1125,-0.8066944538035958,0.8458914694280145,0.014634285429045837,0.009071091541834431,-46.2201875595572,48.46601112434474,0.585262856010835,-0.6107370689790543,33.53309155519365,-34.99265644469005,0.35,3.1503350094728697,0.35,-22.645,-203.8266751128947,-22.645
118.55468119999932,sine,1126,-0.8046412554917128,0.8459504459834357,0.017005626041213407,0.005148232790956928,-46.10254796178292,48.46939023206059,0.586556478386912,-0.6095766192382364,33.60721065762655,-34.92616757220413,0.35,3.1819250343739407,0.35,-22.645,-205.87054972399397,-22.645
118.66067659999953,sine,1127,-0.8031413668825458,0.8465377272943742,0.015591728158696581,0.005327751017327213,-46.0166106747379,48.503038972564276,0.5878779526808291,-0.6091187375910554,33.682925557403024,-34.89993288630416,0.35,3.2117006794868717,0.35,-22.645,-207.7970339628006,-22.645
118.76415309999993,sine,1128,-0.8018410413836845,0.8463691655142369,0.014050295534554138,0.002098221706168455,-45.942107511659906,48.493381093975195,0.5885522927706441,-0.6082326553282746,33.7215623985059,-34.84916411234542,0.35,3.2396428999784175,0.35,-22.645,-209.60489562860363,-22.645
118.86961419999989,sine,1129,-0.8007663080748628,0.846284138311758,0.012359969301885642,0.0007556480969380931,-45.880529828962295,48.48850939412935,0.5891464483706103,-0.6075387272679582,33.755605006758024,-34.80940496320359,0.35,3.2657350071155915,0.35,-22.645,-211.29305496037878,-22.645
118.97517239999979,sine,1130,-0.7994918603019547,0.8466552660237344,0.012223118111131501,0.002058071190271262,-45.80750935036481,48.509773445685944,0.5901789485040938,-0.6070534970069135,33.81476290675332,-34.781603317153696,0.35,3.289962686355253,0.35,-22.645,-212.8605858071849,-22.645
119.08214359999965,sine,1131,-0.7980741212951878,0.846535624717432,0.012779866326896396,0.0005756954434322228,-45.726278888826,48.50291850377939,0.5909554784772111,-0.6061305027578661,33.85925479687835,-34.72871964216843,0.35,3.3123140113920133,0.35,-22.645,-214.30671653706327,-22.645
119.18624819999968,sine,1132,-0.7971225118377495,0.8467339349169553,0.010934024374147432,0.00118387941315456,-45.67175568317005,48.51428084124647,0.59167058315871,-0.6057097304522874,33.90022727703829,-34.70461116492278,0.35,3.332779454143744,0.35,-22.645,-215.63083068310024,-22.645
119.2898940999994,sine,1133,-0.796197987723799,0.8470176307579135,0.009981980764877807,0.001907144107613382,-45.618784353382615,48.530535415598784,0.5924287485835945,-0.6053652159369789,33.943666956056916,-34.68487193721461,0.35,3.3513518906613755,0.35,-22.645,-216.83246732579101,-22.645
119.39324279999983,sine,1134,-0.7954482635075921,0.8467228968597571,0.008722147898436484,-0.00029048483871614767,-45.5758283199952,48.51364840715499,0.592676135681423,-0.6047103953631973,33.957841192668475,-34.64735348199859,0.35,3.3680266029572428,0.35,-22.645,-217.91132121133361,-22.645
119.49778009999955,sine,1135,-0.7948096077209176,0.8466877048730637,0.007540726221326488,-0.00031010795052571446,-45.53923603885715,48.511632054844775,0.5930375673828938,-0.6043066384343264,33.97854970374498,-34.624219914025126,0.35,3.382801276754033,0.35,-22.645,-218.86724260598595,-22.645
119.60276109999995,sine,1136,-0.7942732824849514,0.8466567483321931,0.006421123071157871,-0.00030133055805359454,-45.50850686638993,48.50985837570456,0.593339892527936,-0.603966407535535,33.99587165859658,-34.60472611946444,0.35,3.3956759951636255,0.35,-22.645,-219.7002368870866,-22.645
119.7121889,sine,1137,-0.793298468490947,0.8466917290546004,0.007755213443160334,-6.252223524265766e-07,-45.45265413872318,48.511862623462825,0.5939529043476741,-0.6034126543804261,34.03099464865921,-34.57299840078464,0.35,3.406653228313019,0.35,-22.645,-220.41046387185236,-22.645
119.81683350000003,sine,1138,-0.793386549688595,0.8466336800071603,0.003671958757465455,-0.0002535858529448504,-45.45770081960287,48.50853665803975,0.5938590350638401,-0.6034235946625817,34.0256163348696,-34.57362523277884,0.35,3.4157378189418486,0.35,-22.645,-220.9982368855376,-22.645
119.9212994999998,sine,1139,-0.7932761077361543,0.8468707857391609,0.00245349181068207,0.0009206129392960507,-45.451372961846836,48.522121815781745,0.5940920077950589,-0.6035269786948213,34.03896468911008,-34.57954870149521,0.35,3.4229369640035414,0.35,-22.645,-221.46402157102915,-22.645
120.02615969999988,sine,1140,-0.7932202927034995,0.8469673047914816,0.0015602116707430394,0.0009222963178303962,-45.448174996042326,48.527651950122326,0.5941934060869318,-0.6035625995276357,34.044774383284235,-34.58158962487822,0.35,3.428260192309584,0.35,-22.645,-221.8084344424301,-22.645
120.12976220000019,sine,1141,-0.7932719245569686,0.8469170232498807,0.0006029143704097147,0.0002684802685545077,-45.45113328333455,48.52477103000118,0.5941269688664215,-0.6035574447689609,34.04096781094641,-34.58129427896174,0.35,3.431719338263679,0.35,-22.645,-222.03224118566004,-22.645
120.23351559999992,sine,1142,-0.7932229420917012,0.8469188160487773,0.0005419990718469538,0.0001519474897892941,-45.44832679480458,48.52487374981147,0.5941577896273215,-0.6035296198221245,34.04273371046736,-34.579700026942845,0.35,3.4333285117398207,0.35,-22.645,-222.1363547095664,-22.645
120.34242339999946,sine,1143,-0.7932229420917012,0.8469188160487773,0.0002906572942705246,8.148472672260465e-05,-45.44832679480458,48.52487374981147,0.5941577896273215,-0.6035296198221245,34.04273371046736,-34.579700026942845,0.35,3.4331040641654598,0.35,-22.645,-222.12183295150527,-22.645
120.44768419999946,sine,1144,-0.7932229420917012,0.8469188160487773,0.00015241718957976436,4.272961073247698e-05,-45.44832679480458,48.52487374981147,0.5941577896273215,-0.6035296198221245,34.04273371046736,-34.579700026942845,0.35,3.4310645508779154,0.35,-22.645,-221.98987644180113,-22.645
120.55295449999994,sine,1145,-0.7932229420917012,0.8469188160487773,8.12898903527512e-05,2.2789328295815464e-05,-45.44832679480458,48.52487374981147,0.5941577896273215,-0.6035296198221245,34.04273371046736,-34.579700026942845,0.35,3.4272306898291336,0.35,-22.645,-221.74182563194495,-22.645
120.65755759999956,sine,1146,-0.7932229420917012,0.8469188160487773,4.3231523237839287e-05,1.2119802001454546e-05,-45.44832679480458,48.52487374981147,0.5941577896273215,-0.6035296198221245,34.04273371046736,-34.579700026942845,0.35,3.4216253167205486,0.35,-22.645,-221.3791579918195,-22.645
120.76270999999997,sine,1147,-0.7932229420917012,0.8469188160487773,2.311404276345696e-05,6.479938729085893e-06,-45.44832679480458,48.52487374981147,0.5941577896273215,-0.6035296198221245,34.04273371046736,-34.579700026942845,0.35,3.4142733366564335,0.35,-22.645,-220.90348488167126,-22.645
120.86901559999933,sine,1148,-0.7932229420917012,0.8469188160487773,1.2334868466237555e-05,3.458035996148636e-06,-45.44832679480458,48.52487374981147,0.5941577896273215,-0.6035296198221245,34.04273371046736,-34.579700026942845,0.35,3.4052016724105245,0.35,-22.645,-220.31654820496095,-22.645
120.97319619999962,sine,1149,-0.7932229420917012,0.8469188160487773,6.536943113811369e-06,1.832608483358295e-06,-45.44832679480458,48.52487374981147,0.5941577896273215,-0.6035296198221245,34.04273371046736,-34.579700026942845,0.35,3.3944392094069182,0.35,-22.645,-219.62021684862762,-22.645
121.07649669999955,sine,1150,-0.7932229420917012,0.8469188160487773,3.500777304184652e-06,9.814303221397292e-07,-45.44832679480458,48.52487374981147,0.5941577896273215,-0.6035296198221245,34.04273371046736,-34.579700026942845,0.35,3.382016737522218,0.35,-22.645,-218.81648291768752,-22.645
121.17993999999999,sine,1151,-0.7932229420917012,0.8469188160487773,1.8815364462338476e-06,5.274819733142115e-07,-45.44832679480458,48.52487374981147,0.5941577896273215,-0.6035296198221245,34.04273371046736,-34.579700026942845,0.35,3.3679668898218638,0.35,-22.645,-217.90745777147458,-22.645
121.28422479999972,sine,1152,-0.7932229420917012,0.8469188160487773,1.0090822505806635e-06,2.8289257847651617e-07,-45.44832679480458,48.52487374981147,0.5941577896273215,-0.6035296198221245,34.04273371046736,-34.579700026942845,0.35,3.352324078348984,0.35,-22.645,-216.89536786917927,-22.645
121.38915819999966,sine,1153,-0.7932229420917012,0.8469188160487773,5.403785825719618e-07,1.5149319145124266e-07,-45.44832679480458,48.52487374981147,0.5941577896273215,-0.6035296198221245,34.04273371046736,-34.579700026942845,0.35,3.33512442708966,0.35,-22.645,-215.78255043270102,-22.645
121.49822369999947,sine,1154,-0.7932229420917012,0.8469188160487773,2.87980997281584e-07,8.073443649053022e-08,-45.44832679480458,48.52487374981147,0.5941577896273215,-0.6035296198221245,34.04273371046736,-34.579700026942845,0.35,3.316405702243507,0.35,-22.645,-214.5714489351549,-22.645
121.60365709999951,sine,1155,-0.7932229420917012,0.8469188160487773,1.5080085369479868e-07,4.227647678237633e-08,-45.44832679480458,48.52487374981147,0.5941577896273215,-0.6035296198221245,34.04273371046736,-34.579700026942845,0.35,3.2962072399334077,0.35,-22.645,-213.2646084236915,-22.645
121.70770259999972,sine,1156,-0.7932229420917012,0.8469188160487773,8.036707883303104e-08,2.253062140635105e-08,-45.44832679480458,48.52487374981147,0.5941577896273215,-0.6035296198221245,34.04273371046736,-34.579700026942845,0.35,3.27456987149286,0.35,-22.645,-211.86467068558807,-22.645
121.81358229999933,sine,1157,-0.7932229420917012,0.8469188160487773,4.3008729068041986e-08,1.2057342457520216e-08,-45.44832679480458,48.52487374981147,0.5941577896273215,-0.6035296198221245,34.04273371046736,-34.579700026942845,0.35,3.251535846473781,0.35,-22.645,-210.37436926685365,-22.645
121.91867459999958,sine,1158,-0.7932229420917012,0.8469188160487773,2.28579858857217e-08,6.408154104653655e-09,-45.44832679480458,48.52487374981147,0.5941577896273215,-0.6035296198221245,34.04273371046736,-34.579700026942845,0.35,3.2271487535215573,0.35,-22.645,-208.79652435284476,-22.645
122.02615129999958,sine,1159,-0.7932229420917012,0.8469188160487773,1.2182538804540438e-08,3.4153309235431525e-09,-45.44832679480458,48.52487374981147,0.5941577896273215,-0.6035296198221245,34.04273371046736,-34.579700026942845,0.35,3.2014534392682314,0.35,-22.645,-207.13403752065457,-22.645
122.12941499999943,sine,1160,-0.7932229420917012,0.8469188160487773,6.437990038293668e-09,1.804867344650052e-09,-45.44832679480458,48.52487374981147,0.5941577896273215,-0.6035296198221245,34.04273371046736,-34.579700026942845,0.35,3.1744959253977973,0.35,-22.645,-205.3898863732375,-22.645
122.23397740000019,sine,1161,-0.7932229420917012,0.8469188160487773,3.4564100658880212e-09,9.689921265076155e-10,-45.44832679480458,48.52487374981147,0.5941577896273215,-0.6035296198221245,34.04273371046736,-34.579700026942845,0.35,3.146323324041264,0.35,-22.645,-203.56711906546977,-22.645
122.33817699999963,sine,1162,-0.7932229420917012,0.8469188160487773,1.8482677348880045e-09,5.181552097824967e-10,-45.44832679480458,48.52487374981147,0.5941577896273215,-0.6035296198221245,34.04273371046736,-34.579700026942845,0.35,3.116983751661657,0.35,-22.645,-201.66884873250922,-22.645
122.44262389999949,sine,1163,-0.7932229420917012,0.8469188160487773,9.892950205958205e-10,2.773452997407155e-10,-45.44832679480458,48.52487374981147,0.5941577896273215,-0.6035296198221245,34.04273371046736,-34.579700026942845,0.35,3.0865262415919816,0.35,-22.645,-199.69824783100123,-22.645
122.54769429999942,sine,1164,-0.7932229420917012,0.8469188160487773,5.282442871639526e-10,1.4809138539034702e-10,-45.44832679480458,48.52487374981147,0.5941577896273215,-0.6035296198221245,34.04273371046736,-34.579700026942845,0.35,3.055000655391371,0.35,-22.645,-197.6585424038217,-22.645
122.65084709999974,sine,1165,-0.7932229420917012,0.8469188160487773,2.8193578635009e-10,7.903968335533171e-11,-45.44832679480458,48.52487374981147,0.5941577896273215,-0.6035296198221245,34.04273371046736,-34.579700026942845,0.35,3.022457593186617,0.35,-22.645,-195.55300627917413,-22.645
122.75629509999999,sine,1166,-0.7932229420917012,0.8469188160487773,1.5148404157794e-10,4.246800604744322e-11,-45.44832679480458,48.52487374981147,0.5941577896273215,-0.6035296198221245,34.04273371046736,-34.579700026942845,0.35,2.9889483031679474,0.35,-22.645,-193.3849552149662,-22.645
122.86007019999943,sine,1167,-0.7932229420917012,0.8469188160487773,8.067753630355517e-11,2.2617657041249326e-11,-45.44832679480458,48.52487374981147,0.5941577896273215,-0.6035296198221245,34.04273371046736,-34.579700026942845,0.35,2.954524590409312,0.35,-22.645,-191.15774099948248,-22.645
122.96452469999986,sine,1168,-0.7932229420917012,0.8469188160487773,4.3294637359794106e-11,1.2137495818472738e-11,-45.44832679480458,48.52487374981147,0.5941577896273215,-0.6035296198221245,34.04273371046736,-34.579700026942845,0.35,2.9192387251842216,0.35,-22.645,-188.87474551941915,-22.645
123.06884199999968,sine,1169,-0.7932229420917012,0.8469188160487773,2.3136344918445944e-11,6.486191057998414e-12,-45.44832679480458,48.52487374981147,0.5941577896273215,-0.6035296198221245,34.04273371046736,-34.579700026942845,0.35,2.8831433509492337,0.35,-22.645,-186.53937480641542,-22.645
123.17444239999986,sine,1170,-0.7932229420917012,0.8469188160487773,1.2373281247893564e-11,3.4688048812844824e-12,-45.44832679480458,48.52487374981147,0.5941577896273215,-0.6035296198221245,34.04273371046736,-34.579700026942845,0.35,2.8462913921671036,0.35,-22.645,-184.1550530732116,-22.645
123.27840229999947,sine,1171,-0.7932229420917012,0.8469188160487773,6.583633738369085e-12,1.8456980319696305e-12,-45.44832679480458,48.52487374981147,0.5941577896273215,-0.6035296198221245,34.04273371046736,-34.579700026942845,0.35,2.8087359621419963,0.35,-22.645,-181.72521675058718,-22.645
123.38540319999993,sine,1172,-0.7932229420917012,0.8469188160487773,3.5236652322966762e-12,9.878468704398008e-13,-45.44832679480458,48.52487374981147,0.5941577896273215,-0.6035296198221245,34.04273371046736,-34.579700026942845,0.35,2.7705302710386097,0.35,-22.645,-179.25330853619806,-22.645
123.49141869999949,sine,1173,-0.7932229420917012,0.8469188160487773,1.8652662953988956e-12,5.229206950643437e-13,-45.44832679480458,48.52487374981147,0.5941577896273215,-0.6035296198221245,34.04273371046736,-34.579700026942845,0.35,2.731727534256503,0.35,-22.645,-176.74277146639574,-22.645
123.59654789999968,sine,1174,-0.7932229420917012,0.8469188160487773,9.886448199748383e-13,2.771630183359134e-13,-45.44832679480458,48.52487374981147,0.5941577896273215,-0.6035296198221245,34.04273371046736,-34.579700026942845,0.35,2.692380881330071,0.35,-22.645,-174.19704302205562,-22.645
123.70121749999998,sine,1175,-0.7932229420917012,0.8469188160487773,5.268978708532821e-13,1.4771392242178408e-13,-45.44832679480458,48.52487374981147,0.5941577896273215,-0.6035296198221245,34.04273371046736,-34.579700026942845,0.35,2.6525432655229726,0.35,-22.645,-171.61954927933633,-22.645
123.80627860000004,sine,1176,-0.7932229420917012,0.8469188160487773,2.8145752614087955e-13,7.890560482636302e-14,-45.44832679480458,48.52487374981147,0.5941577896273215,-0.6035296198221245,34.04273371046736,-34.579700026942845,0.35,2.612267374284698,0.35,-22.645,-169.01369911621998,-22.645
123.91416949999984,sine,1177,-0.7932229420917012,0.8469188160487773,1.5029042795997235e-13,4.213338076402628e-14,-45.44832679480458,48.52487374981147,0.5941577896273215,-0.6035296198221245,34.04273371046736,-34.579700026942845,0.35,2.5716055407345753,0.35,-22.645,-166.38287848552702,-22.645
124.01969589999953,sine,1178,-0.7932229420917012,0.8469188160487773,7.907476871576124e-14,2.2168326914444804e-14,-45.44832679480458,48.52487374981147,0.5941577896273215,-0.6035296198221245,34.04273371046736,-34.579700026942845,0.35,2.530609656336507,0.35,-22.645,-163.73044476497202,-22.645
124.12358899999981,sine,1179,-0.7932229420917012,0.8469188160487773,4.2056722207148496e-14,1.1790450759196795e-14,-45.44832679480458,48.52487374981147,0.5941577896273215,-0.6035296198221245,34.04273371046736,-34.579700026942845,0.35,2.4893310849251673,0.35,-22.645,-161.05972119465832,-22.645
124.22906739999962,sine,1180,-0.7932229420917012,0.8469188160487773,2.2538426272811313e-14,6.31856671688506e-15,-45.44832679480458,48.52487374981147,0.5941577896273215,-0.6035296198221245,34.04273371046736,-34.579700026942845,0.35,2.44782057824139,0.35,-22.645,-158.37399141221795,-22.645
124.33295159999943,sine,1181,-0.7932229420917012,0.8469188160487773,1.1989199537130471e-14,3.361128955520335e-15,-45.44832679480458,48.52487374981147,0.5941577896273215,-0.6035296198221245,34.04273371046736,-34.579700026942845,0.35,2.406128193131435,0.35,-22.645,-155.67649409560386,-22.645
124.43747549999989,sine,1182,-0.7932229420917012,0.8469188160487773,6.439510946080885e-15,1.8052937256762805e-15,-45.44832679480458,48.52487374981147,0.5941577896273215,-0.6035296198221245,34.04273371046736,-34.579700026942845,0.35,2.364303210561394,0.35,-22.645,-152.9704177233222,-22.645
124.54354400000011,sine,1183,-0.7932229420917012,0.8469188160487773,3.4415627588626154e-15,9.648297374006495e-16,-45.44832679480458,48.52487374981147,0.5941577896273215,-0.6035296198221245,34.04273371046736,-34.579700026942845,0.35,2.3223940565939745,0.35,-22.645,-150.25889546163015,-22.645
124.64883569999984,sine,1184,-0.7932229420917012,0.8469188160487773,1.8238381118780195e-15,5.113064528644881e-16,-45.44832679480458,48.52487374981147,0.5941577896273215,-0.6035296198221245,34.04273371046736,-34.579700026942845,0.35,2.280448225471369,0.35,-22.645,-147.54500018799757,-22.645
124.75314590000016,sine,1185,-0.7932229420917012,0.8469188160487773,9.723588567259185e-16,2.725973071326794e-16,-45.44832679480458,48.52487374981147,0.5941577896273215,-0.6035296198221245,34.04273371046736,-34.579700026942845,0.35,2.238512204943025,0.35,-22.645,-144.8317396598137,-22.645
124.85821549999946,sine,1186,-0.7932229420917012,0.8469188160487773,5.204423144314972e-16,1.459041304047226e-16,-45.44832679480458,48.52487374981147,0.5941577896273215,-0.6035296198221245,34.04273371046736,-34.579700026942845,0.35,2.1966314039731243,0.35,-22.645,-142.12205183706115,-22.645
124.96317269999963,sine,1187,-0.7932229420917012,0.8469188160487773,2.7723138171940386e-16,7.772082044261489e-17,-45.44832679480458,48.52487374981147,0.5941577896273215,-0.6035296198221245,34.04273371046736,-34.579700026942845,0.35,2.154850082957387,0.35,-22.645,-139.41880036734293,-22.645
125.06819629999973,sine,1188,-0.7932229420917012,0.8469188160487773,1.4785607977894743e-16,4.145092000976819e-17,-45.44832679480458,48.52487374981147,0.5941577896273215,-0.6035296198221245,34.04273371046736,-34.579700026942845,0.35,2.11321128657387,0.35,-22.645,-136.7247702413294,-22.645
125.17399509999996,sine,1189,-0.7932229420917012,0.8469188160487773,7.891907979343258e-17,2.2124680085207203e-17,-45.44832679480458,48.52487374981147,0.5941577896273215,-0.6035296198221245,34.04273371046736,-34.579700026942845,0.35,2.071756779387266,0.35,-22.645,-134.0426636263561,-22.645
125.27784650000012,sine,1190,-0.7932229420917012,0.8469188160487773,4.194203661651366e-17,1.1758299066477874e-17,-45.44832679480458,48.52487374981147,0.5941577896273215,-0.6035296198221245,34.04273371046736,-34.579700026942845,0.35,2.0305269843204314,0.35,-22.645,-131.37509588553192,-22.645
125.38198509999984,sine,1191,-0.7932229420917012,0.8469188160487773,2.2461608054772822e-17,6.297031005834375e-18,-45.44832679480458,48.52487374981147,0.5941577896273215,-0.6035296198221245,34.04273371046736,-34.579700026942845,0.35,1.9895609241013772,0.35,-22.645,-128.72459178935912,-22.645
125.4872905000002,sine,1192,-0.7932229420917012,0.8469188160487773,1.2023396333169338e-17,3.3707159042566784e-18,-45.44832679480458,48.52487374981147,0.5941577896273215,-0.6035296198221245,34.04273371046736,-34.579700026942845,0.35,1.9488961657879345,0.35,-22.645,-126.09358192647936,-22.645
125.59179510000013,sine,1193,-0.7932229420917012,0.8469188160487773,6.408746729587132e-18,1.7966690882656832e-18,-45.44832679480458,48.52487374981147,0.5941577896273215,-0.6035296198221245,34.04273371046736,-34.579700026942845,0.35,1.9085687684660502,0.35,-22.645,-123.48439931975345,-22.645
125.69998989999931,sine,1194,-0.7932229420917012,0.8469188160487773,3.425433730590392e-18,9.603080223535123e-19,-45.44832679480458,48.52487374981147,0.5941577896273215,-0.6035296198221245,34.04273371046736,-34.579700026942845,0.35,1.8686132342116655,0.35,-22.645,-120.89927625349476,-22.645
125.80327269999998,sine,1195,-0.7932229420917012,0.8469188160487773,1.8021824589237843e-18,5.052353684714264e-19,-45.44832679480458,48.52487374981147,0.5941577896273215,-0.6035296198221245,34.04273371046736,-34.579700026942845,0.35,1.8290624623992868,0.35,-22.645,-118.34034131723386,-22.645
125.90821229999983,sine,1196,-0.7932229420917012,0.8469188160487773,9.680400743003247e-19,2.713865520177696e-19,-45.44832679480458,48.52487374981147,0.5941577896273215,-0.6035296198221245,34.04273371046736,-34.579700026942845,0.35,1.7899477074340577,0.35,-22.645,-115.80961667098354,-22.645
126.01324839999961,sine,1197,-0.7932229420917012,0.8469188160487773,5.161325116963215e-19,1.4469589271371433e-19,-45.44832679480458,48.52487374981147,0.5941577896273215,-0.6035296198221245,34.04273371046736,-34.579700026942845,0.35,1.7512985399772045,0.35,-22.645,-113.30901553652514,-22.645
126.11798910000016,sine,1198,-0.7932229420917012,0.8469188160487773,2.755348189515504e-19,7.724519517453674e-20,-45.44832679480458,48.52487374981147,0.5941577896273215,-0.6035296198221245,34.04273371046736,-34.579700026942845,0.35,1.7131428117277814,0.35,-22.645,-110.84033991878746,-22.645
126.22321680000005,sine,1199,-0.7932229420917012,0.8469188160487773,1.4708827061078022e-19,4.1235667471894537e-20,-45.44832679480458,48.52487374981147,0.5941577896273215,-0.6035296198221245,34.04273371046736,-34.579700026942845,0.35,1.6755066238168417,0.35,-22.645,-108.40527856094967,-22.645
126.33034099999986,sine,1200,-0.7932229420917012,0.8469188160487773,7.833531927025597e-20,2.1961024922786896e-20,-45.44832679480458,48.52487374981147,0.5941577896273215,-0.6035296198221245,34.04273371046736,-34.579700026942845,0.35,1.638414298862794,0.35,-22.645,-106.00540513642278,-22.645
126.43556809999973,sine,1201,-0.7932229420917012,0.8469188160487773,4.1343317252731366e-20,1.1590450246912639e-20,-45.44832679480458,48.52487374981147,0.5941577896273215,-0.6035296198221245,34.04273371046736,-34.579700026942845,0.35,1.6018883567297348,0.35,-22.645,-103.64217668041385,-22.645
126.54078409999966,sine,1202,-0.7932229420917012,0.8469188160487773,2.204975940162095e-20,6.1815707176713736e-21,-45.44832679480458,48.52487374981147,0.5941577896273215,-0.6035296198221245,34.04273371046736,-34.579700026942845,0.35,1.5659494940231065,0.35,-22.645,-101.31693226329499,-22.645
126.6441119000001,sine,1203,-0.7932229420917012,0.8469188160487773,1.1763709264242324e-20,3.297913568784522e-21,-45.44832679480458,48.52487374981147,0.5941577896273215,-0.6035296198221245,34.04273371046736,-34.579700026942845,0.35,1.5306165673497454,0.35,-22.645,-99.03089190752853,-22.645
126.74811379999937,sine,1204,-0.7932229420917012,0.8469188160487773,6.315579699472883e-21,1.7705500465692777e-21,-45.44832679480458,48.52487374981147,0.5941577896273215,-0.6035296198221245,34.04273371046736,-34.579700026942845,0.35,1.4959065803621119,0.35,-22.645,-96.78515574942864,-22.645
126.85346969999955,sine,1205,-0.7932229420917012,0.8469188160487773,3.381807846945684e-21,9.480776628308209e-22,-45.44832679480458,48.52487374981147,0.5941577896273215,-0.6035296198221245,34.04273371046736,-34.579700026942845,0.35,1.4618346745988875,0.35,-22.645,-94.58070344654803,-22.645
126.95974139999998,sine,1206,-0.7932229420917012,0.8469188160487773,1.8004923934071724e-21,5.047615646843577e-22,-45.44832679480458,48.52487374981147,0.5941577896273215,-0.6035296198221245,34.04273371046736,-34.579700026942845,0.35,1.4284141241269175,0.35,-22.645,-92.41839383101157,-22.645
127.06383610000012,sine,1207,-0.7932229420917012,0.8469188160487773,9.556639548658537e-22,2.6791695146108925e-22,-45.44832679480458,48.52487374981147,0.5941577896273215,-0.6035296198221245,34.04273371046736,-34.579700026942845,0.35,1.395656333981886,0.35,-22.645,-90.29896480862803,-22.645
127.1693293999997,sine,1208,-0.7932229420917012,0.8469188160487773,5.116846044601068e-22,1.4344893792271172e-22,-45.44832679480458,48.52487374981147,0.5941577896273215,-0.6035296198221245,34.04273371046736,-34.579700026942845,0.35,1.3635708423977408,0.35,-22.645,-88.22303350313383,-22.645
127.27462899999955,sine,1209,-0.7932229420917012,0.8469188160487773,2.719337556074558e-22,7.623565002191714e-23,-45.44832679480458,48.52487374981147,0.5941577896273215,-0.6035296198221245,34.04273371046736,-34.579700026942845,0.35,1.332165326807607,0.35,-22.645,-86.19109664445217,-22.645
127.37844669999959,sine,1210,-0.7932229420917012,0.8469188160487773,1.4482471972383481e-22,4.06010891245375e-23,-45.44832679480458,48.52487374981147,0.5941577896273215,-0.6035296198221245,34.04273371046736,-34.579700026942845,0.35,1.3014456135913868,0.35,-22.645,-84.20353119936273,-22.645
127.4860048999999,sine,1211,-0.7932229420917012,0.8469188160487773,7.77124805566941e-23,2.1786414330287494e-23,-45.44832679480458,48.52487374981147,0.5941577896273215,-0.6035296198221245,34.04273371046736,-34.579700026942845,0.35,1.2714156915381563,0.35,-22.645,-82.26059524251872,-22.645
127.5901100000001,sine,1212,-0.7932229420917012,0.8469188160487773,4.096670854687799e-23,1.148486935118857e-23,-45.44832679480458,48.52487374981147,0.5941577896273215,-0.6035296198221245,34.04273371046736,-34.579700026942845,0.35,1.242077728984111,0.35,-22.645,-80.36242906527198,-22.645
127.69321760000003,sine,1213,-0.7932229420917012,0.8469188160487773,2.1955733185576286e-23,6.155210806290549e-24,-45.44832679480458,48.52487374981147,0.5941577896273215,-0.6035296198221245,34.04273371046736,-34.579700026942845,0.35,1.2134320945796686,0.35,-22.645,-78.50905651930456,-22.645
127.79857839999931,sine,1214,-0.7932229420917012,0.8469188160487773,1.1812244145035513e-23,3.311520147996211e-24,-45.44832679480458,48.52487374981147,0.5941577896273215,-0.6035296198221245,34.04273371046736,-34.579700026942845,0.35,1.1854773816325208,0.35717835751987104,-22.645,-76.7003865916241,-23.10943973153566
127.9023943000002,sine,1215,-0.7932229420917012,0.8469188160487773,6.2816495521730836e-24,1.7610378518475833e-24,-45.44832679480458,48.52487374981147,0.5941577896273215,-0.6035296198221245,34.04273371046736,-34.579700026942845,0.35,1.1582104359660828,0.3694173274467254,-22.645,-74.93621520700556,-23.901301085803134
128.00549599999977,sine,1216,-0.7932229420917012,0.8469188160487773,3.3745412874817436e-24,9.460405090287158e-25,-45.44832679480458,48.52487374981147,0.5941577896273215,-0.6035296198221245,34.04273371046736,-34.579700026942845,0.35,1.1316263872264893,0.38060114237457277,-22.645,-73.21622725355387,-24.62489391163486
128.10908990000007,sine,1217,-0.7932229420917012,0.8469188160487773,1.8139038029849223e-24,5.085214051079418e-25,-45.44832679480458,48.52487374981147,0.5941577896273215,-0.6035296198221245,34.04273371046736,-34.579700026942845,0.35,1.1057186835641666,0.3907062485220506,-22.645,-71.53999882660158,-25.278694279376676
128.21545030000016,sine,1218,-0.7932229420917012,0.8469188160487773,9.726403857441256e-25,2.726762327800492e-25,-45.44832679480458,48.52487374981147,0.5941577896273215,-0.6035296198221245,34.04273371046736,-34.579700026942845,0.35,1.0804791296097755,0.39971112854685453,-22.645,-69.90699968575248,-25.861310016981488
128.32021759999952,sine,1219,-0.7932229420917012,0.8469188160487773,5.156082450484671e-25,1.4454891644519358e-25,-45.44832679480458,48.52487374981147,0.5941577896273215,-0.6035296198221245,34.04273371046736,-34.579700026942845,0.35,1.0558979276578886,0.40759634014994495,-22.645,-68.3165959194654,-26.371483207701438
128.4249964999999,sine,1220,-0.7932229420917012,0.8469188160487773,2.754062542537475e-25,7.720915252405747e-26,-45.44832679480458,48.52487374981147,0.5941577896273215,-0.6035296198221245,34.04273371046736,-34.579700026942845,0.3536917270869834,1.0319637219655855,0.414344550947431,-22.883854742527827,-66.76805281117339,-26.808092446298787
128.53058489999967,sine,1221,-0.7932229420917012,0.8469188160487773,1.4693564469156535e-25,4.119287934455983e-26,-45.44832679480458,48.52487374981147,0.5941577896273215,-0.6035296198221245,34.04273371046736,-34.579700026942845,0.3713957843875927,1.0086636460670648,0.4199405695453424,-24.02930724987725,-65.26053790053909,-27.170154849583657
128.63416079999934,sine,1222,-0.7932229420917012,0.8469188160487773,7.824590876451318e-26,2.193595900918281e-26,-45.44832679480458,48.52487374981147,0.5941577896273215,-0.6035296198221245,34.04273371046736,-34.579700026942845,0.38964525424047747,0.9859833729998269,0.4243713727596956,-25.210047949358895,-63.793124233088804,-27.456827817552306
128.73752729999978,sine,1223,-0.7932229420917012,0.8469188160487773,4.202327849624773e-26,1.1781074935169475e-26,-45.44832679480458,48.52487374981147,0.5941577896273215,-0.6035296198221245,34.04273371046736,-34.579700026942845,0.4084667027364881,0.9639071683320908,0.42762612893142105,-26.42779566705078,-62.36479379108628,-27.667410541862942
128.8455328,sine,1224,-0.7932229420917012,0.8469188160487773,2.251295304340222e-26,6.311425388667746e-27,-45.44832679480458,48.52487374981147,0.5941577896273215,-0.6035296198221245,34.04273371046736,-34.579700026942845,0.4278858368308871,0.9424179458760561,0.42969621729305674,-27.684213642958397,-60.97444109818083,-27.80134525886077
128.95334920000005,sine,1225,-0.7932229420917012,0.8469188160487773,1.1858461434378445e-26,3.3244769987830454e-27,-45.44832679480458,48.52487374981147,0.5941577896273215,-0.6035296198221245,34.04273371046736,-34.579700026942845,0.44792743068235036,0.9214973259661563,0.43057524335149333,-28.98090476514807,-59.620876990010316,-27.85821824484162
129.05925919999936,sine,1226,-0.7932229420917012,0.8469188160487773,6.232400653289128e-27,1.747231100233041e-27,-45.44832679480458,48.52487374981147,0.5941577896273215,-0.6035296198221245,34.04273371046736,-34.579700026942845,0.46861525356460176,0.901125696176901,0.4302590502584972,-30.319406905629734,-58.3028325426455,-27.83776055172477
129.17384499999935,sine,1227,-0.7932229420917012,0.8469188160487773,3.3165415463228944e-27,9.297804902661664e-28,-45.44832679480458,48.52487374981147,0.5941577896273215,-0.6035296198221245,34.04273371046736,-34.579700026942845,0.48997199950166065,0.8812822743500373,0.42874572614830203,-31.701188367757446,-57.01896315044741,-27.739848481795143
129.2794087000002,sine,1228,-0.7932229420917012,0.8469188160487773,1.69704470925957e-27,4.75760378617415e-28,-45.44832679480458,48.52487374981147,0.5941577896273215,-0.6035296198221245,34.04273371046736,-34.579700026942845,0.5120192187745554,0.8619451737964113,0.42603560742903324,-33.127643454713734,-55.76785274462782,-27.56450380065845
129.38845330000004,sine,1229,-0.7932229420917012,0.8469188160487773,9.007795807024413e-28,2.5253031462725027e-28,-45.44832679480458,48.52487374981147,0.5941577896273215,-0.6035296198221245,34.04273371046736,-34.579700026942845,0.5347772514436834,0.8430914705339252,0.42213127802239137,-34.600088168406316,-54.548018143544965,-27.311893688048723
129.49415669999962,sine,1230,-0.7932229420917012,0.8469188160487773,4.720881415577905e-28,1.3234821200810953e-28,-45.44832679480458,48.52487374981147,0.5941577896273215,-0.6035296198221245,34.04273371046736,-34.579700026942845,0.5582651630274734,0.8246972724189882,0.4170375645535383,-36.11975604787753,-53.357913525508536,-26.982330426613927
129.60092059999988,sine,1231,-0.7932229420917012,0.8469188160487773,2.5183014857136157e-28,7.059967611805875e-29,-45.44832679480458,48.52487374981147,0.5941577896273215,-0.6035296198221245,34.04273371046736,-34.579700026942845,0.5825006824738909,0.8067377900253634,0.41076152750074574,-37.68779415606074,-52.195935014641016,-26.57627082929825
129.71138539999993,sine,1232,-0.7943969671412248,0.8459260246098042,-0.00517547722632639,-0.004368842279929663,-45.515593475184914,48.46799099042159,0.5927531574499778,-0.6035184615612258,33.962254214937296,-34.57906070568664,0.6075001425568985,0.7891874091211688,0.4033124483219325,-39.305259223431335,-51.060425370139626,-26.094315406429036
129.82285839999986,sine,1233,-0.7988524670558901,0.8429659327444703,-0.02204102979279528,-0.015020589838276246,-45.77087481591614,48.298390219566954,0.5879935551670973,-0.6040324021521631,33.689549091967415,-34.60850733246781,0.6332784228257201,0.7720197645915652,0.39470181258271464,-40.97311395682409,-49.94967876907427,-25.53720727410164
129.93106439999974,sine,1234,-0.8032925560571531,0.8397321745899314,-0.03086015519434126,-0.021744029813357064,-46.025273176350964,48.11310952534586,0.5830604795191112,-0.6043100216482259,33.40690467731905,-34.62441375790276,0.6598488952296068,0.7552078156522718,0.38494328911812137,-42.69222352135556,-48.861945672701985,-24.905830805942454
130.0366157999997,sine,1235,-0.8053957764230777,0.8379684427321458,-0.025515648110906886,-0.019117955207884757,-46.14577882670441,48.01205513370198,0.5805662346179572,-0.6042631531348446,33.263994971410895,-34.62172838989395,0.6872233725360205,0.7387239221964579,0.37405270526752155,-44.463352203080525,-47.79543776611083,-24.201210030808646
130.13993429999937,sine,1236,-0.8059229080279042,0.8374519583563999,-0.01596780381069637,-0.012485509720479541,-46.175981242908925,47.982462758787285,0.5798899903922115,-0.6041964759893012,33.225249031355574,-34.61790807086434,0.7154120596546615,0.7225399221157038,0.3620480182296346,-46.2871602596566,-46.74833296088604,-23.42450677945736
130.24397119999958,sine,1237,-0.8084924403207192,0.8353990988072797,-0.02014059813374079,-0.015858311170239385,-46.3232045986098,47.86484257068957,0.5769178920218514,-0.6041998015169142,33.05496033843623,-34.61809860956122,0.7444235079743426,0.7066272094338292,0.35,-48.16420096593997,-45.71878045036875,-22.645
130.3477143,sine,1238,-0.8113705690254794,0.8331508229552043,-0.023747243932515212,-0.018503336867260724,-46.48810922628801,47.73602585318447,0.5736285907558925,-0.6042272202229413,32.866497258349746,-34.61966958569628,0.7742645728139791,0.6909568130911028,0.35,-50.09491786106445,-44.704905806994354,-22.645
130.45531299999948,sine,1239,-0.8218792986908308,0.8265722040046934,-0.06031966668489016,-0.03901894069349733,-47.09021508415657,47.35909875229542,0.5627683473766697,-0.6054034981928239,32.244251148235385,-34.687065348904774,0.8049403740829779,0.6754994762151194,0.35,-52.079642203168675,-43.70481611111823,-22.645
130.55923729999995,sine,1240,-0.830382547112949,0.8212417115405223,-0.06983521646872827,-0.04364438717800109,-47.57741533089522,47.05368403137212,0.5540042525198147,-0.606231999290674,31.742105501685284,-34.734534965133534,0.8364542602402603,0.6602257357139389,0.35,-54.11859063754484,-42.71660510069185,-22.645
130.66322189999937,sine,1241,-0.8324371900054515,0.8197246556905483,-0.04672727803416006,-0.030081489742828586,-47.69513769704216,46.96676313388298,0.5517364009588949,-0.6062470247381949,31.612167178682423,-34.73539585986178,0.8688077756346889,0.6451060020267102,0.35,-56.211863083564374,-41.738358331128154,-22.645
130.76873859999978,sine,1242,-0.8322570471134494,0.8196401644391833,-0.024214989936812953,-0.016487588961675258,-47.684816269621166,46.96192214177398,0.5517887228699732,-0.6060851462256895,31.615165003363266,-34.72612090430137,0.9020006313034066,0.6301106388666478,0.35,-58.35944084533041,-40.76815833467211,-22.645
130.87391449999996,sine,1243,-0.8323493220455194,0.8194364050601813,-0.013286576238558973,-0.009667063993205037,-47.69010323378363,46.950247589320966,0.5515956354136858,-0.605985376828951,31.604101907041088,-34.72040453894368,0.9360306792978191,0.6152100427916537,0.35,-60.5611849505689,-39.804089768619995,-22.645
130.97865039999942,sine,1244,-0.835552971975543,0.8168869238824586,-0.02142437556309329,-0.016459498689043325,-47.873658853811364,46.804173077889416,0.5479413335773585,-0.6058585159652472,31.394725834752627,-34.71313594686807,0.9708938906001446,0.6003747224383246,0.35,-62.81683472182936,-38.8442445417596,-22.645
131.08365689999937,sine,1245,-0.8439600307682356,0.8114003563884944,-0.04930623284030394,-0.033019795812156215,-48.355347840750994,46.48981591647159,0.5391826693254322,-0.6063436215929688,30.89289133894514,-34.74093045195456,1.0065843366867682,0.5855753772558421,0.35,-65.12600658363391,-37.886726908452985,-22.645
131.18779219999942,sine,1246,-0.8543336950839181,0.8058681682729147,-0.07297688765183487,-0.041698080829351336,-48.94971502412508,46.172844885976446,0.5292306608237338,-0.6077321879575055,30.322683254119507,-34.82048944421634,1.0430941747872846,0.5707829755776107,0.35,-67.48819310873732,-36.92965851987142,-22.645
131.29335619999983,sine,1247,-0.8709320942670868,0.8015894916849258,-0.11431961964571623,-0.04044161631916614,-49.90073324399404,45.92769477558324,0.516314886081994,-0.6131595645424078,29.582663872276147,-35.13145521635937,1.0804136368813158,0.5559688318698074,0.35,-69.90276230622113,-35.97118342197654,-22.645
131.39790730000004,sine,1248,-0.8938887276986325,0.7987058270799435,-0.1636550055510051,-0.032214901429798354,-51.21605145145053,45.7624729641865,0.5002977126822645,-0.6226019570290082,28.664947436742438,-35.67246445434761,1.1185310224678036,0.5411046829978815,0.35,-72.3689571536669,-35.00947298996294,-22.645
131.50171299999965,sine,1249,-0.9175268029086525,0.7991476564302195,-0.19320425746043782,-0.012605716613339315,-52.5704133967975,45.78778792122232,0.48571074267872333,-0.6346038537736712,27.829175619655597,-36.3601224839686,1.1574326951341627,0.5261627633542364,0.35,-74.88589537518033,-34.042730789019096,-22.645
131.60562919999938,sine,1250,-0.9429101475789978,0.799118665698637,-0.2170166088060096,-0.0036320317630981823,-54.024771916334174,45.78612687465765,0.4694306071397485,-0.6467036005376628,26.896392563371396,-37.053386906722395,1.1971030829455134,0.5111158786925871,0.35,-77.45256946657472,-33.06919735141039,-22.645
131.71286220000002,sine,1251,-0.9913851424134332,0.7838549558787151,-0.3395038584418166,-0.061476966448540865,-56.80218453226579,44.911580722263736,0.4291851383255276,-0.655918218146226,24.590497055791168,-37.58134560552,1.2375246826665611,0.49593747851744346,0.35,-80.06784696852651,-32.08715486007859,-22.645
131.81885259999945,sine,1252,-1.0421005775376297,0.7217299960843456,-0.4383874623796162,-0.29381993559432557,-59.70796492105178,41.35208272362644,0.36404609141096417,-0.6231890809187124,20.858304586082017,-35.706104175278966,1.278678067821513,0.4806017268799,0.35,-82.73047098805189,-31.09493172912953,-22.645
131.92295560000002,sine,1253,-1.120514650469711,0.6483650956998396,-0.6635091478779244,-0.4575373932321399,-64.20076035449107,37.148583567196525,0.2821809068018538,-0.5837390111671016,16.167775018920647,-33.44578167701495,1.3205419005898662,0.4650835714345323,0.35,-85.43906096816434,-30.09090707181424,-22.645
132.02724450000005,sine,1254,-1.2308033042182718,0.5687671496952068,-1.009994252429893,-0.5558511212586823,-70.51983474246329,32.58795720322086,0.1896727615030331,-0.5362092074146277,10.867448722715235,-30.722524520913137,1.3630929475283153,0.44935881061564165,0.35,-88.19211370508201,-29.073515046832014,-22.645
132.1308670999997,sine,1255,-1.365576204401214,0.4992803387187045,-1.3722978298416217,-0.5401439621288087,-78.2417531156838,28.60665620244395,0.10174467961323543,-0.4888035155371372,5.829540729749139,-28.00637845143532,1.406306099101991,0.4334041587949289,0.35,-90.98800461189882,-28.0412490740319,-22.645
132.23593269999947,sine,1256,-1.5200261558265136,0.44237556216866825,-1.698458148837437,-0.4577324086840961,-87.09108347835404,25.34625267199186,0.02244983553471195,-0.4418055487298792,1.2862808269018164,-25.313593307683508,1.4501543930002838,0.41719730928702126,0.35,-93.82498922711837,-26.992665910870276,-22.645
132.3417883000002,sine,1257,-1.7218421362927403,0.393241697728373,-2.1216631545296325,-0.3367874482869873,-98.65428739736349,22.531089608395025,-0.05917191065078848,-0.3887643474165656,-3.3903007460153844,-22.27455633212688,1.4946090412056234,0.400716995073501,0.35,-96.70120496600384,-25.926389581255517,-22.645
132.44718419999936,sine,1258,-1.8661434858851906,0.3716038529863828,-1.9270951048085339,-0.191397132532102,-106.92214570705274,21.29133242691965,-0.10816347489729126,-0.35551383412248283,-6.197310609084015,-20.3694422537323,1.5396394607760198,0.38394304712080907,0.35,-99.61467311220848,-24.841115148716348,-22.645
132.5507818999995,sine,1259,-1.9952995935217368,0.36006970671042,-1.6756595843950555,-0.08935728340303685,-114.32224557296422,20.630474525020443,-0.14830125752739562,-0.32811115602234703,-8.4970361528025,-18.79938445123895,1.5852133082948727,0.36685645017245616,0.35,-102.56330104667828,-23.735612326157916,-22.645
132.65580239999963,sine,1260,-2.1064963105210768,0.35655612039958356,-1.4192296381894927,-0.017503454185799752,-120.69334815273702,20.429160858454573,-0.18200160732565915,-0.3066067219179627,-10.427923964357555,-17.567271136240535,1.6312965179346324,0.35,0.35,-105.54488471037072,-22.645,-22.645
132.76071199999933,sine,1261,-2.188837985895957,0.3550751634025522,-1.126937145778091,0.011683362761252225,-125.41117862975393,20.34430827288431,-0.20574482224981772,-0.2893914991542427,-11.78830997158387,-16.58091152850184,1.677853343073577,0.35,0.35,-108.55711129686043,-22.645,-22.645
132.86475969999992,sine,1262,-2.27804818662223,0.36391966911121987,-0.9690906444687969,0.07081729875901364,-130.5225466208843,20.85106112187033,-0.23645579603619168,-0.2766336604372481,-13.547919154280004,-15.84994121430945,1.724846401398049,0.35,0.35,-111.59756217045377,-22.645,-22.645
132.97010729999965,sine,1263,-2.3529675963833703,0.3747210439127995,-0.8187083635223016,0.10462183469202094,-134.81511260380887,21.4699343109398,-0.26411139023000324,-0.2658214331122928,-15.13246798151191,-15.230446221453487,1.7722367234159435,0.35,0.35,-114.66371600501155,-22.645,-22.645
133.07560999999987,sine,1264,-2.3950366530257674,0.38023328086517527,-0.6074911615680135,0.08853271891972589,-137.225491997515,21.785762223986985,-0.27910342923767023,-0.2582220433372567,-15.991448542946728,-14.795033260469047,1.8199838042999583,0.35,0.35,-117.7529521382073,-22.645,-22.645
133.18096629999945,sine,1265,-2.425134093487637,0.3850904881202434,-0.44646029904655676,0.07298279359871443,-138.94994831012642,22.064059699922712,-0.29041067003221716,-0.25289588128739066,-16.63930571841242,-14.489866654008976,1.8680456589732617,0.35,0.35,-120.86255413557004,-22.645,-22.645
133.28627489999963,sine,1266,-2.4342834215960827,0.38572233465586403,-0.2772513308720781,0.042620693283892695,-139.47416619612076,22.10026183971374,-0.29319258486704075,-0.25063883903208906,-16.798697697412642,-14.360547658597506,1.916378880343229,0.35,0.35,-123.98971355820692,-22.645,-22.645
133.39014289999977,sine,1267,-2.4421978489689815,0.3898971023678601,-0.18013048283792601,0.04167752078290072,-139.9276294818507,22.3394584100586,-0.2983617101041222,-0.250998088396301,-17.094866757271973,-14.38113113095961,1.9649387005830414,0.35,0.35,-127.13153392772278,-22.645,-22.645
133.49841259999994,sine,1268,-2.4568786191571075,0.39718922188429856,-0.15852377483583655,0.05572387760297806,-140.7687756536318,22.7572660820555,-0.3076627466941328,-0.2512029304719124,-17.62777689897633,-14.392867717358842,2.0136790553548978,0.35,0.35,-130.28503488146188,-22.645,-22.645
133.6036841999994,sine,1269,-2.469729454887583,0.40408116089539176,-0.1363101793409504,0.06005234358825752,-141.50507430420396,23.15214510005271,-0.316259489093394,-0.25151842904438015,-18.120333956015166,-14.410944454003646,2.0625526508624645,0.35,0.35,-133.44715651080145,-22.645,-22.645
133.70854879999933,sine,1270,-2.494943236612213,0.4173534605949667,-0.17681330926671754,0.09226366183746362,-142.94971758258933,23.912591857271103,-0.33309274069324396,-0.2514619994513242,-19.08480822816841,-14.4077112764819,2.1115110336150167,0.35,0.35,-136.6147638748916,-22.645,-22.645
133.81320849999975,sine,1271,-2.524816805337732,0.43776005258896356,-0.2128699569866844,0.14175109552812304,-144.6613469895556,25.08180345277258,-0.3571016985965856,-0.25320395040781946,-20.460420186537146,-14.507517714407854,2.160504662779926,0.35,0.35,-139.78465168186122,-22.645,-22.645
133.9184854999994,sine,1272,-2.5374562280930775,0.442502360719626,-0.16609548348801537,0.09767743110819459,-145.3855325689185,25.35351769381011,-0.36417632734759825,-0.25136416180923044,-20.86576655559208,-14.402105592512415,2.2094829849951254,0.35,0.35,-142.9535491291846,-22.645,-22.645
134.02670799999942,sine,1273,-2.560403247120365,0.4469949166330238,-0.185730610816807,0.07337849367518003,-146.70029991158847,25.610922186874348,-0.3736029263981688,-0.2454084531602129,-21.4058708963518,-14.06086862291415,2.258394511508463,0.35,0.35,-146.11812489459757,-22.645,-22.645
134.13024599999972,sine,1274,-2.6042118416366278,0.4611458210267822,-0.2772098060167397,0.10445371243096886,-149.21034748377028,26.421709284929836,-0.3961484043198382,-0.23605488769629626,-22.69763162836884,-13.5249487984324,2.3071868975056993,0.35,0.35,-149.27499226861875,-22.645,-22.645
134.23446090000016,sine,1275,-2.656787558666416,0.4752950034494967,-0.3661606892343766,0.12577860787379144,-152.22271417445123,27.232397721312065,-0.4205247633358271,-0.22150454560889646,-24.094294119880676,-12.691275606352818,2.3558070234850477,0.35,0.35,-152.42071441948258,-22.645,-22.645
134.3401404999995,sine,1276,-2.7048460306510993,0.4851079901823246,-0.39420948522447163,0.11767873401398823,-154.9762617890213,27.794640445520972,-0.43957217136650545,-0.20519763229352794,-25.185630210702136,-11.756958296496517,2.4042010785315258,0.35,0.35,-155.55180978098971,-22.645,-22.645
134.4442468999996,sine,1277,-2.76473429978833,0.5146355384046206,-0.4404901709603878,0.20348971135717608,-158.4076068529282,29.486444338027553,-0.47852117044990894,-0.18938644835431842,-27.417243474440067,-10.85104418767478,2.452314645340836,0.35,0.35,-158.6647575535521,-22.645,-22.645
134.54905409999992,sine,1278,-2.8254561878545212,0.5554900229031581,-0.4571268485760856,0.30268808837156036,-161.88671476318675,31.827233873976393,-0.5279619755629208,-0.17270008078935256,-30.249992943144466,-9.894985750798249,2.500092786838777,0.35,0.35,-161.75600330846888,-22.645,-22.645
134.65435530000013,sine,1279,-2.880823566365463,0.588078493779062,-0.4473035321198406,0.3174682845012755,-165.05903187456704,33.69441571595069,-0.5681967213467369,-0.15162058137426057,-32.55527406633892,-8.68721940006499,2.5474801342388513,0.35,0.35,-164.82196468525368,-22.645,-22.645
134.75958429999991,sine,1280,-2.9052062020875487,0.5947800010822395,-0.33569525489858165,0.2030639991652619,-166.45605399484748,34.07838380079886,-0.5782395149516056,-0.13929218583940955,-33.13068375441887,-7.980854367750098,2.594420976377938,0.35,0.35,-167.8590371716526,-22.645,-22.645
134.86494309999944,sine,1281,-2.92472297833897,0.599457101448675,-0.25988700934661496,0.13152088012826443,-167.57428290375506,34.346361912154705,-0.5854152962741237,-0.12898739227353623,-33.54182573890795,-7.39043318767199,2.640859350166853,0.35,0.35,-170.8635999557954,-22.645,-22.645
134.97032510000008,sine,1282,-2.9356583444848896,0.6113589268094788,-0.1819208151527164,0.12384717281679464,-168.2008332313465,35.02828627383053,-0.5984411343455944,-0.12501178389574277,-34.28815128502406,-7.162647606627574,2.6867391319906706,0.35,0.35,-173.8320218397964,-22.645,-22.645
135.07587289999992,sine,1283,-2.9467992325451395,0.646254578520814,-0.13716293184410713,0.2214545980084716,-168.8391590972265,37.02765984024851,-0.634032403000714,-0.1250915353021747,-36.32738076647866,-7.167217025626356,2.7320041298912012,0.35,0.35,-176.76066720396074,-22.645,-22.645
135.1807891999997,sine,1284,-2.9504655685980707,0.6737022409578363,-0.08497923346807795,0.23977808329206182,-169.04922467933613,38.600295055389644,-0.6614346293740535,-0.1279802349443807,-37.897412686933095,-7.33272732340571,2.776598176362662,0.35,0.35,-179.64590201066426,-22.645,-22.645
135.28694600000017,sine,1285,-2.944376294508866,0.6770346660111192,-0.019335611245081905,0.14268634186151366,-168.7003349737263,38.79122894648641,-0.6639108934196886,-0.13265845084071617,-38.03929216570798,-7.600769349916744,2.8204652215897004,0.35,0.35,-182.48409983685363,-22.645,-22.645
135.39164170000004,sine,1286,-2.93992291530058,0.67932822732345,0.008887536072621204,0.08569231398100179,-168.44517514052023,38.922640329737455,-0.6655606122813408,-0.13607318552201145,-38.13381409386377,-7.796419235311913,2.863549426956284,0.35,0.35,-185.27164792407157,-22.645,-22.645
135.49515770000016,sine,1287,-2.93746931690864,0.6813057363536839,0.015493379783276844,0.05471495133417927,-168.30459430804197,39.035943251118866,-0.6671611943824296,-0.1381066511745375,-38.22552069302034,-7.912928234986472,2.9057952586528613,0.35,0.35,-188.00495323484014,-22.645,-22.645
135.59979649999968,sine,1288,-2.9372520663554753,0.6819903234939991,0.009261069932806317,0.032403429583073,-168.29214676824876,39.07516720496786,-0.6678015192012964,-0.13839050650926243,-38.26220860265889,-7.9291919476584845,2.947147581208862,0.35,0.35,-190.6804485042134,-22.645,-22.645
135.70342470000014,sine,1289,-2.9373668918382374,0.6825079676430414,0.0044366945806852305,0.01961855849193442,-168.29872578379158,39.104826029997625,-0.6683242921794447,-0.13841880789502245,-38.29216128795027,-7.930813497616905,2.9875517507776137,0.35,0.35,-193.2945982753116,-22.645,-22.645
135.81238799999937,sine,1290,-2.9373772744806566,0.6832431477938993,0.002329797039907089,0.013802023051679909,-168.2993206653824,39.14694874982357,-0.6690456327023471,-0.13856096264544415,-38.33349105550434,-7.9389583648538045,3.0269537080006734,0.35,0.35,-195.84390490764358,-22.645,-22.645
135.9173622999997,sine,1291,-2.937318050095514,0.6837524864759441,0.0014783938014077845,0.00946087768722492,-168.29592735806946,39.176131706647496,-0.669536174053943,-0.13870390908422303,-38.36159700462743,-7.947148592492259,3.065300070279351,0.35,0.35,-198.324914547074,-22.645,-22.645
136.02199259999998,sine,1292,-2.9373626585780377,0.6841698245096506,0.0005905240390166047,0.006904571660057628,-168.29848323584855,39.20004341460917,-0.6699510254404942,-0.13875868362303073,-38.38536623820196,-7.950286942390716,3.1025382232820684,0.35,0.35,-200.73422304634983,-22.645,-22.645
136.12747839999975,sine,1293,-2.937247061249789,0.6846370018369738,0.0008291037859980631,0.005769815388884797,-168.29185999681692,39.22681070374899,-0.6703924380627828,-0.13893092986285802,-38.410657318482905,-7.9601559249698175,3.1386164115171264,0.35,0.35,-203.0684818251581,-22.645,-22.645
136.23224219999975,sine,1294,-2.9417507059414936,0.703701321231747,-0.01899526132747425,0.08770447599550488,-168.5498998300781,40.31911574435889,-0.6896962334381684,-0.13969486420233865,-39.51668332207665,-8.003926138447172,3.173483827802478,0.35,0.35,-205.32440365882036,-22.645,-22.645
136.34087490000002,sine,1295,-2.951293673315424,0.7588179408909412,-0.04814716401713562,0.29200116282639554,-169.09667158463535,43.477065431858506,-0.7451195516148178,-0.14353230026478642,-42.692205540209365,-8.22379502897673,3.2070907014652863,0.35,0.35,-207.49876838480404,-22.645,-22.645
136.44540729999972,sine,1296,-2.9498601151075587,0.7850439917803569,-0.018638011321563452,0.2678366762302555,-169.01453474963833,44.97970746111734,-0.7706584972270184,-0.14959796015397622,-44.15547933700261,-8.571331740589097,3.239388385106851,0.35,0.35,-209.58842851641325,-22.645,-22.645
136.5506422999997,sine,1297,-2.9514116337139895,0.8008368334613684,-0.01627044740790598,0.21362138234131517,-169.10343021762282,45.88457063595759,-0.7863977708322758,-0.15138751553037263,-45.05727328718552,-8.673865710861556,3.270329439770513,0.35,0.35,-211.5903147531522,-22.645,-22.645
136.65528799999993,sine,1298,-2.954888317416908,0.8162920726401153,-0.023147204669381857,0.18235034594786656,-169.30262952050197,46.77009061226502,-0.8021059910282301,-0.15152137476843372,-45.95728800807586,-8.681535280251294,3.2998677183531577,0.35,0.35,-213.5014413774493,-22.645,-22.645
136.7604352999997,sine,1299,-2.9610064638735913,0.825123301892068,-0.03846672171890112,0.13689612959816266,-169.65317349091285,47.27608277631439,-0.8117056240623997,-0.14819731168526298,-46.50730646580814,-8.491080494750367,3.327958447104012,0.35,0.35,-215.31891152762958,-22.645,-22.645
136.87192520000008,sine,1300,-2.9686940881835295,0.8461043276468713,-0.05254506935415961,0.16612523165479257,-170.09364191835448,48.4782070019199,-0.8334891162106268,-0.14556244852705805,-47.75540862895792,-8.340113956190713,3.3545583050576937,0.35,0.35,-217.03992233723278,-22.645,-22.645
136.97687489999953,sine,1301,-2.9764455788541504,0.8970888606428158,-0.05658284459546787,0.3069486166755652,-170.53776961871608,51.39940556303301,-0.8848832376383361,-0.14747908202901688,-50.700074878548534,-8.449928966726333,3.3796255012522933,0.35,0.35,-218.6617699310234,-22.645,-22.645
137.08337519999986,sine,1302,-2.981524651429442,0.9238859811975801,-0.049716057242997165,0.2795907370894197,-170.82877904112092,52.934767473924275,-0.9120754358933391,-0.14725388108091048,-52.25807307424321,-8.43702590285749,3.4031198495872426,0.35,0.35,-220.18185426829461,-22.645,-22.645
137.1964941999995,sine,1303,-2.9907453684860044,0.9280322264345453,-0.06618992283708251,0.16915989802191517,-171.35708721254625,53.172329826828594,-0.9174935911508476,-0.13946083141219426,-52.568510503245065,-7.990517047304228,3.425002841179787,0.35,0.35,-221.59768382433222,-22.645,-22.645
137.30146879999938,sine,1304,-3.0013323336615882,0.9327037558620696,-0.0779803463979468,0.1075078646011186,-171.96367563495917,53.4399887468969,-0.923544266228722,-0.13039280852586396,-52.915188648412254,-7.470957607389463,3.4452377140837496,0.35,0.35,-222.9068801012186,-22.645,-22.645
137.40632199999982,sine,1305,-3.007816432530383,0.9360291806381328,-0.06978964195103336,0.07248612646868319,-172.33518713408668,53.63052155165356,-0.9276660387967235,-0.12484529414154973,-53.151348820671544,-7.153108446380141,3.4637895202386053,0.35,0.35,-224.10718195943778,-22.645,-22.645
137.51135169999998,sine,1306,-3.0085027383051104,0.9369244508187845,-0.04026591147143995,0.04272820741971779,-172.374509558434,53.68181675452882,-0.92863885531415,-0.1243274022205331,-53.2070871013607,-7.123435425061966,3.4806251895223452,0.35,0.35,-225.19644976209574,-22.645,-22.645
137.61494309999944,sine,1307,-3.008743818031188,0.9373889775792849,-0.022526620269142313,0.02485464191751345,-172.38832240926445,53.70843217737637,-0.929129234756708,-0.12416505308480019,-53.23518377377924,-7.114133504776874,3.4957135907866044,0.35,0.35,-226.1726693238933,-22.645,-22.645
137.71970919999967,sine,1308,-3.0088098077788623,0.9379121950680022,-0.012367548906797974,0.01566794405073547,-172.3921033432973,53.73841033124731,-0.9296560381178622,-0.12417301014422612,-53.26536738300669,-7.114589410699314,3.5090255897581604,0.35,0.35,-227.03395565735298,-22.645,-22.645
137.8236152999998,sine,1309,-3.009011463954375,0.9386822555272056,-0.007502409868687889,0.011808510525991484,-172.40365739106693,53.78253154552957,-0.9304443618633813,-0.12408733343209234,-53.310535006514876,-7.1096804966914915,3.520534103696643,0.35,0.35,-227.7785565091728,-22.645,-22.645
137.92742149999958,sine,1310,-3.009199678857626,0.9390375827944969,-0.004854026302792262,0.007909371615483753,-172.41444131066467,53.80289029829128,-0.9308199182111402,-0.12395911326698768,-53.33205280021081,-7.102334022382523,3.530214152704183,0.35,0.35,-228.40485567996066,-22.645,-22.645
138.0316011999994,sine,1311,-3.009265540712977,0.9395607963498982,-0.002896779399111674,0.006582858933768992,-172.4182149170072,53.83286822679981,-0.9313467197491121,-0.12396684093024132,-53.3622363049776,-7.102776784872456,3.538042907588913,0.35,0.35,-228.91137612100266,-22.645,-22.645
138.13604359999954,sine,1312,-3.009452899875633,0.9399163942150317,-0.0023818061438739342,0.005103958071653521,-172.42894980628049,53.85324248367582,-0.9317224275736197,-0.12383919440349996,-53.383762777651924,-7.095463177620672,3.543999734190606,0.35,0.35,-229.2967828021322,-22.645,-22.645
138.24111859999994,sine,1313,-3.0095996460186916,0.940286751833111,-0.0019264499677410275,0.004380029495494092,-172.43735774093756,53.87446241210228,-0.9321077265512253,-0.12375120919154123,-53.40583878291944,-7.0904219963158726,3.548066234083156,0.35,0.35,-229.5598853451802,-22.645,-22.645
138.3459613999994,sine,1314,-3.0097065626730215,0.9407949675216771,-0.001501760163331434,0.004595528789269759,-172.4434836139903,53.903581026139456,-0.9326247544435988,-0.12371838308485289,-53.43546229904298,-7.088541198944784,3.5502262815753727,0.35,0.35,-229.69964041792662,-22.645,-22.645
138.4542309999997,sine,1315,-3.0098190455498277,0.9411333889239846,-0.0013005626228182329,0.003956556503510635,-172.4499284080988,53.92297114418857,-0.9329741521721353,-0.12365794404820614,-53.45548131425958,-7.085078297227089,3.550466056938352,0.35,0.35,-229.71515388391137,-22.645,-22.645
138.5579385000001,sine,1316,-3.0098190455498277,0.9411333889239846,-0.0006839133187877024,0.0020805931539255138,-172.4499284080988,53.92297114418857,-0.9329741521721353,-0.12365794404820614,-53.45548131425958,-7.085078297227089,3.548774075794618,0.35,0.35,-229.60568270391178,-22.645,-22.645
138.66189829999985,sine,1317,-3.0098190455498277,0.9411333889239846,-0.00036623269904460895,0.0011141488627923733,-172.4499284080988,53.92297114418857,-0.9329741521721353,-0.12365794404820614,-53.45548131425958,-7.085078297227089,3.545141214611415,0.35,0.35,-229.37063658535857,-22.645,-22.645
138.76627889999963,sine,1318,-3.0098190455498277,0.9411333889239846,-0.00019662339354109003,0.0005981654038092848,-172.4499284080988,53.92297114418857,-0.9329741521721353,-0.12365794404820614,-53.45548131425958,-7.085078297227089,3.539560732247632,0.35,0.35,-229.0095793764218,-22.645,-22.645
138.87115799999992,sine,1319,-3.0098190455498277,0.9411333889239846,-0.00010514362270534442,0.00031986670762230583,-172.4499284080988,53.92297114418857,-0.9329741521721353,-0.12365794404820614,-53.45548131425958,-7.085078297227089,3.5320282875112166,0.35,0.35,-228.52223020197573,-22.645,-22.645
138.97499979999975,sine,1320,-3.0098190455498277,0.9411333889239846,-5.608190786341799e-05,0.00017061172864207572,-172.4499284080988,53.92297114418857,-0.9329741521721353,-0.12365794404820614,-53.45548131425958,-7.085078297227089,3.522541952691273,0.35,0.35,-227.90846433912537,-22.645,-22.645
139.08002320000014,sine,1321,-3.0098190455498277,0.9411333889239846,-3.0036383525726716e-05,9.137633705260107e-05,-172.4499284080988,53.92297114418857,-0.9329741521721353,-0.12365794404820614,-53.45548131425958,-7.085078297227089,3.511102223036555,0.35,0.35,-227.16831383046514,-22.645,-22.645
139.18582650000008,sine,1322,-3.0098190455498277,0.9411333889239846,-1.60397286654915e-05,4.879587622507421e-05,-172.4499284080988,53.92297114418857,-0.9329741521721353,-0.12365794404820614,-53.45548131425958,-7.085078297227089,3.4977120221595026,0.35,0.35,-226.30196783371983,-22.645,-22.645
139.29038630000014,sine,1323,-3.0098190455498277,0.9411333889239846,-8.527873298411684e-06,2.594339708673997e-05,-172.4499284080988,53.92297114418857,-0.9329741521721353,-0.12365794404820614,-53.45548131425958,-7.085078297227089,3.4823767033525925,0.35,0.35,-225.30977270691275,-22.645,-22.645
139.39385549999952,sine,1324,-3.0098190455498277,0.9411333889239846,-4.554682936686448e-06,1.385620352176943e-05,-172.4499284080988,53.92297114418857,-0.9329741521721353,-0.12365794404820614,-53.45548131425958,-7.085078297227089,3.4651040468113052,0.35,0.35,-224.19223182869146,-22.645,-22.645
139.49916699999994,sine,1325,-3.0098190455498277,0.9411333889239846,-2.4433891012642975e-06,7.433249940910677e-06,-172.4499284080988,53.92297114418857,-0.9329741521721353,-0.12365794404820614,-53.45548131425958,-7.085078297227089,3.4459042527656383,0.35,0.35,-222.95000515393681,-22.645,-22.645
139.60382089999985,sine,1326,-3.0098190455498277,0.9411333889239846,-1.3032706018365243e-06,3.964794685823591e-06,-172.4499284080988,53.92297114418857,-0.9329741521721353,-0.12365794404820614,-53.45548131425958,-7.085078297227089,3.4247899305296894,0.35,0.35,-221.58390850527093,-22.645,-22.645
139.7112159999997,sine,1327,-3.0098190455498277,0.9411333889239846,-6.951663266391443e-07,2.1148269236937094e-06,-172.4499284080988,53.92297114418857,-0.9329741521721353,-0.12365794404820614,-53.45548131425958,-7.085078297227089,3.4017760834863426,0.35,0.35,-220.0949126015664,-22.645,-22.645
139.81604169999991,sine,1328,-3.0098190455498277,0.9411333889239846,-3.67337664576423e-07,1.1175103760977311e-06,-172.4499284080988,53.92297114418857,-0.9329741521721353,-0.12365794404820614,-53.45548131425958,-7.085078297227089,3.3768800900317952,0.35,0.35,-218.48414182505715,-22.645,-22.645
139.92057119999936,sine,1329,-3.0098190455498277,0.9411333889239846,-1.9583456505586202e-07,5.957656389547326e-07,-172.4499284080988,53.92297114418857,-0.9329741521721353,-0.12365794404820614,-53.45548131425958,-7.085078297227089,3.3501216805118905,0.35,0.35,-216.75287272911933,-22.645,-22.645
140.0257303999997,sine,1330,-3.0098190455498277,0.9411333889239846,-1.0477198997217045e-07,3.187361308384132e-07,-172.4499284080988,53.92297114418857,-0.9329741521721353,-0.12365794404820614,-53.45548131425958,-7.085078297227089,3.3215229101900015,0.35,0.35,-214.9025322892931,-22.645,-22.645
140.1300096999994,sine,1331,-3.0098190455498277,0.9411333889239846,-5.577611365409718e-08,1.6968144505065413e-07,-172.4499284080988,53.92297114418857,-0.9329741521721353,-0.12365794404820614,-53.45548131425958,-7.085078297227089,3.2911081282933,0.35,0.35,-212.93469590057651,-22.645,-22.645
140.2348704999995,sine,1332,-3.0098190455498277,0.9411333889239846,-2.983018853957484e-08,9.074905306093705e-08,-172.4499284080988,53.92297114418857,-0.9329741521721353,-0.12365794404820614,-53.45548131425958,-7.085078297227089,3.258903943191634,0.35,0.35,-210.85108512449872,-22.645,-22.645
140.3412889000001,sine,1333,-3.0098190455498277,0.9411333889239846,-1.5938988314129005e-08,4.848940509838174e-08,-172.4499284080988,53.92297114418857,-0.9329741521721353,-0.12365794404820614,-53.45548131425958,-7.085078297227089,3.224939183770489,0.35,0.35,-208.65356518995065,-22.645,-22.645
140.44449889999942,sine,1334,-3.0098190455498277,0.9411333889239846,-8.453106973383173e-09,2.5715943841240627e-08,-172.4499284080988,53.92297114418857,-0.9329741521721353,-0.12365794404820614,-53.45548131425958,-7.085078297227089,3.189244857066336,0.35,0.35,-206.34414225219194,-22.645,-22.645
140.5499925999993,sine,1335,-3.0098190455498277,0.9411333889239846,-4.5405779669768764e-09,1.381329354676546e-08,-172.4499284080988,53.92297114418857,-0.9329741521721353,-0.12365794404820614,-53.45548131425958,-7.085078297227089,3.1518541022399007,0.35,0.35,-203.92496041492157,-22.645,-22.645
140.6536712999996,sine,1336,-3.0098190455498277,0.9411333889239846,-2.4136529275714046e-09,7.342786898724216e-09,-172.4499284080988,53.92297114418857,-0.9329741521721353,-0.12365794404820614,-53.45548131425958,-7.085078297227089,3.1128021409694955,0.35,0.35,-201.39829852072637,-22.645,-22.645
140.75916640000014,sine,1337,-3.0098190455498277,0.9411333889239846,-1.296281789867514e-09,3.943533403235073e-09,-172.4499284080988,53.92297114418857,-0.9329741521721353,-0.12365794404820614,-53.45548131425958,-7.085078297227089,3.0721262243531275,0.35,0.35,-198.76656671564737,-22.645,-22.645
140.8624689999997,sine,1338,-3.0098190455498277,0.9411333889239846,-6.904520864815316e-10,2.1004853170478903e-09,-172.4499284080988,53.92297114418857,-0.9329741521721353,-0.12365794404820614,-53.45548131425958,-7.085078297227089,3.0298655764148865,0.35,0.35,-196.03230279404318,-22.645,-22.645
140.96874489999936,sine,1339,-3.0098190455498277,0.9411333889239846,-3.706080629527566e-10,1.1274595440485323e-09,-172.4499284080988,53.92297114418857,-0.9329741521721353,-0.12365794404820614,-53.45548131425958,-7.085078297227089,2.9860613343168434,0.35,0.35,-193.19816833029978,-22.645,-22.645
141.07375609999963,sine,1340,-3.0098190455498277,0.9411333889239846,-1.966031417017939e-10,5.98103793899028e-10,-172.4499284080988,53.92297114418857,-0.9329741521721353,-0.12365794404820614,-53.45548131425958,-7.085078297227089,2.940756485384518,0.35,0.35,-190.26694460437832,-22.645,-22.645
141.1774346000002,sine,1341,-3.0098190455498277,0.9411333889239846,-1.0495726060314724e-10,3.192997589998255e-10,-172.4499284080988,53.92297114418857,-0.9329741521721353,-0.12365794404820614,-53.45548131425958,-7.085078297227089,2.8939958010591367,0.35,0.35,-187.24152832852616,-22.645,-22.645
141.28066189999936,sine,1342,-3.0098190455498277,0.9411333889239846,-5.627126679065693e-11,1.711877941708863e-10,-172.4499284080988,53.92297114418857,-0.9329741521721353,-0.12365794404820614,-53.45548131425958,-7.085078297227089,2.845825767896136,0.35,0.35,-184.12492718288001,-22.645,-22.645
141.38497619999998,sine,1343,-3.0098190455498277,0.9411333889239846,-3.021401792052186e-11,9.191673434500594e-11,-172.4499284080988,53.92297114418857,-0.9329741521721353,-0.12365794404820614,-53.45548131425958,-7.085078297227089,2.7962945157345076,0.35,0.35,-180.92025516802266,-22.645,-22.645
141.4893258000002,sine,1344,-3.0098190455498277,0.9411333889239846,-1.619116968218682e-11,4.9256588326891905e-11,-172.4499284080988,53.92297114418857,-0.9329741521721353,-0.12365794404820614,-53.45548131425958,-7.085078297227089,2.745451743166795,0.35,0.35,-177.63072778289163,-22.645,-22.645
141.5932855000001,sine,1345,-3.0098190455498277,0.9411333889239846,-8.65888499670115e-12,2.6341959353414933e-11,-172.4499284080988,53.92297114418857,-0.9329741521721353,-0.12365794404820614,-53.45548131425958,-7.085078297227089,2.6933486404448312,0.35,0.35,-174.2596570367806,-22.645,-22.645
141.70004719999997,sine,1346,-3.0098190455498277,0.9411333889239846,-4.628594336028802e-12,1.4081055922277354e-11,-172.4499284080988,53.92297114418857,-0.9329741521721353,-0.12365794404820614,-53.45548131425958,-7.085078297227089,2.640037809960598,0.35,0.35,-170.8104463044507,-22.645,-22.645
141.80365110000002,sine,1347,-3.0098190455498277,0.9411333889239846,-2.4518879237075384e-12,7.459104959823277e-12,-172.4499284080988,53.92297114418857,-0.9329741521721353,-0.12365794404820614,-53.45548131425958,-7.085078297227089,2.5855731844463103,0.35,0.36832511246726135,-167.2865850336763,-22.645,-23.83063477663181
141.9086411999997,sine,1348,-3.0098190455498277,0.9411333889239846,-1.315892918907104e-12,4.003194152192043e-12,-172.4499284080988,53.92297114418857,-0.9329741521721353,-0.12365794404820614,-53.45548131425958,-7.085078297227089,2.530009943042004,0.35,0.40809778380955186,-163.69164331481767,-22.645,-26.403926612478006
142.01356140000007,sine,1349,-3.0098190455498277,0.9411333889239846,-7.01544528816896e-13,2.1342306162682385e-12,-172.4499284080988,53.92297114418857,-0.9329741521721353,-0.12365794404820614,-53.45548131425958,-7.085078297227089,2.4734044253824976,0.35,0.44771504385651784,-160.0292663222476,-22.645,-28.967163337516705
142.11692949999997,sine,1350,-3.0098190455498277,0.9411333889239846,-3.751638550826658e-13,1.1413191219450394e-12,-172.4499284080988,53.92297114418857,-0.9329741521721353,-0.12365794404820614,-53.45548131425958,-7.085078297227089,2.4158140438597386,0.35,0.48713729029802527,-156.3031686377251,-22.645,-31.51778268228224
142.2204101999996,sine,1351,-3.0098190455498277,0.9411333889239846,-2.0126879246251495e-13,6.122975824460484e-13,-172.4499284080988,53.92297114418857,-0.9329741521721353,-0.12365794404820614,-53.45548131425958,-7.085078297227089,2.357297194219318,0.35,0.5263258599695388,-152.51712846598988,-22.645,-34.053283140029166
142.32832899999994,sine,1352,-3.0098190455498277,0.9411333889239846,-1.0804666775618075e-13,3.28698317553538e-13,-172.4499284080988,53.92297114418857,-0.9329741521721353,-0.12365794404820614,-53.45548131425958,-7.085078297227089,2.2979131646532753,0.35,0.5652430956667338,-148.67498175306693,-22.645,-36.57122828963768
142.43292589999965,sine,1353,-3.0098190455498277,0.9411333889239846,-5.690842504484575e-14,1.7312614961040643e-13,-172.4499284080988,53.92297114418857,-0.9329741521721353,-0.12365794404820614,-53.45548131425958,-7.085078297227089,2.237722043553957,0.35,0.60385241059828,-144.78061621794103,-22.645,-39.06925096570872
142.5371586000001,sine,1354,-3.0098190455498277,0.9411333889239846,-3.0405200199804955e-14,9.249834685422473e-14,-172.4499284080988,53.92297114418857,-0.9329741521721353,-0.12365794404820614,-53.45548131425958,-7.085078297227089,2.1767846260958295,0.35,0.6421183503536382,-140.8379653084002,-22.645,-41.545057267880395
142.64176919999954,sine,1355,-3.0098190455498277,0.9411333889239846,-1.6276445364673768e-14,4.9516013017572254e-14,-172.4499284080988,53.92297114418857,-0.9329741521721353,-0.12365794404820614,-53.45548131425958,-7.085078297227089,2.1151623198148455,0.35,0.6800066522674768,-136.8510020920205,-22.645,-43.99643040170575
142.74600889999965,sine,1356,-3.0098190455498277,0.9411333889239846,-8.703554833580508e-15,2.6477853412274473e-14,-172.4499284080988,53.92297114418857,-0.9329741521721353,-0.12365794404820614,-53.45548131425958,-7.085078297227089,2.052917049355825,0.35,0.7174843020681653,-132.8237330933219,-22.645,-46.4212343438103
142.85172650000004,sine,1357,-3.0098190455498277,0.9411333889239846,-4.652352331578076e-15,1.4153332220359152e-14,-172.4499284080988,53.92297114418857,-0.9329741521721353,-0.12365794404820614,-53.45548131425958,-7.085078297227089,1.9901111605606383,0.35,0.75451958770277,-128.7601920882733,-22.645,-48.81741732436922
142.95798849999937,sine,1358,-3.0098190455498277,0.9411333889239846,-2.4741301815333987e-15,7.526770098210055e-15,-172.4499284080988,53.92297114418857,-0.9329741521721353,-0.12365794404820614,-53.45548131425958,-7.085078297227089,1.9268073240704156,0.35,0.7910821502371661,-124.6644338673559,-22.645,-51.18301512034465
143.06198760000007,sine,1359,-3.0098190455498277,0.9411333889239846,-1.3104184961246342e-15,3.986539926795335e-15,-172.4499284080988,53.92297114418857,-0.9329741521721353,-0.12365794404820614,-53.45548131425958,-7.085078297227089,1.8630684386160672,0.35,0.8271430317355424,-120.54052797845955,-22.645,-53.51615415328959
143.16774970000006,sine,1360,-3.0124304918705205,0.9401068380331757,-0.011676839593711302,-0.004570791861201354,-172.59955326069948,53.86415411068983,-0.9322758967262326,-0.1210888900768136,-53.41547422418733,-6.937882347324974,1.7989575341718793,0.35,0.8626747200298147,-116.3925524609206,-22.645,-55.81505438592902
143.27339949999987,sine,1361,-3.0129934983370386,0.9400821965346533,-0.008690278613159998,-0.0025312826026878447,-172.63181115506953,53.862742256823616,-0.9323194847743048,-0.12056083340618295,-53.41797163537908,-6.907626928754108,1.734537675146988,0.35,0.8976511902956523,-112.22458758201013,-22.645,-58.07803201212871
143.37834889999976,sine,1362,-3.0129934983370386,0.9400821965346533,-0.004630713477256638,-0.0013488226309869233,-172.63181115506953,53.862742256823616,-0.9323194847743048,-0.12056083340618295,-53.41797163537908,-6.907626928754108,1.6698718637891674,0.35,0.9320479433584727,-108.04070958715914,-22.645,-60.30350193529319
143.48251269999946,sine,1363,-3.013597639246744,0.9400410112449097,-0.00516235295822119,-0.0009014540721266135,-172.66642587942684,53.860382513543286,-0.9323513019730981,-0.11999230196733966,-53.41979462658587,-6.875052476787888,1.605022943975221,0.35,0.9658420406590899,-103.84498447519681,-22.645,-62.48998003064312
143.5871975,sine,1364,-3.01794341602508,0.9386409233910139,-0.022177033983182364,-0.006675005336043641,-172.91542054753145,53.78016338856753,-0.9314745575979367,-0.1157667120206114,-53.36956087417728,-6.632944006887447,1.5400535055607945,0.35,0.9990121358156825,-99.64146180978341,-22.645,-64.63608518727466
143.69102759999987,sine,1365,-3.022387302228993,0.936765333215113,-0.031667578055847176,-0.011808860122767441,-173.17003647165208,53.67269998739221,-0.930117532617139,-0.11140316437079803,-53.29180907008375,-6.382931142848912,1.475025789461915,0.35,1.0315385027254231,-95.4341685781859,-22.645,-66.74054112633488
143.79486970000016,sine,1366,-3.028674561921023,0.9342125425008154,-0.045251479430666236,-0.01756061595800768,-173.53026991670814,53.526435853482766,-0.9282630317587358,-0.10526546649266331,-53.18555399779386,-6.031266958505393,1.4100015936384356,0.35,1.0634030601561328,-91.22710310840678,-22.645,-68.8021779921018
143.89976899999965,sine,1367,-3.0288599325674443,0.934277062736565,-0.025109003369118865,-0.009129512528683196,-173.54089087239367,53.53013259068441,-0.928346639624263,-0.10510065011217666,-53.190344375622665,-6.021823675508885,1.3450421801480066,0.35,1.0945893927854737,-87.02422905557603,-22.645,-70.81993371322015
144.00437839999995,sine,1368,-3.0289477096463955,0.93453916964525,-0.01376059783284317,-0.0036983139068451306,-173.54592012855557,53.545150210333276,-0.92861630722027,-0.10504862476883058,-53.205795190745306,-6.018842842907435,1.2802081834370913,0.35,1.1250827686520752,-82.82946946837981,-22.645,-72.79285513178927
144.1077267999999,sine,1369,-3.0290497153412237,0.9347563663377771,-0.0078170696989097,-0.0010097943074680654,-173.5517646243555,53.55759466413929,-0.9288428405935516,-0.10497829245661551,-53.2187745969532,-6.014813098254115,1.2155595200326534,0.35,1.1548701529905676,-78.64670094611269,-22.645,-74.72009889848972
144.2131631000002,sine,1370,-3.0323524599323606,0.9333828655099119,-0.019017129026984304,-0.006656323833416307,-173.74099795023733,53.478898863544885,-0.9278191767966102,-0.10176025155213966,-53.160122981748124,-5.830432936127187,1.1511552997959247,0.35,1.1839402184293526,-74.47974789679633,-22.645,-76.60093213237911
144.31804999999986,sine,1371,-3.0476944323157635,0.9254252219405421,-0.07884623313799255,-0.03818118012701463,-174.6200282172126,53.022959472150575,-0.921348538866888,-0.08676814698696945,-52.78938273761777,-4.9714486185241205,1.0870537388961605,0.35,1.2122833515374678,-70.33237690658159,-22.645,-78.43473284447417
144.4218839999994,sine,1372,-3.0644497169401674,0.9170574239998215,-0.11800941832423936,-0.05635207161833323,-175.58003531073138,52.54351996632902,-0.9143300576087429,-0.07067435649782369,-52.38725338293439,-4.049342347128284,1.0233120746588515,0.35,1.2398916557142456,-66.2082912304277,-22.645,-80.22099012471169
144.52681839999968,sine,1373,-3.071043561232872,0.917470416318962,-0.09281418322192718,-0.027868266248510035,-175.95783475946976,52.56718268318709,-0.9151881580051024,-0.06467302581228965,-52.436418914044296,-3.7054914273848296,0.9599864824396638,0.35,1.2667589504225396,-62.11112541384625,-22.645,-81.95930409233831
144.6314999999995,sine,1374,-3.0820263999995734,0.9205010081204696,-0.09837732645547956,-0.000649587561102479,-176.58710506787443,52.74082280284043,-0.918868458351684,-0.05479837768767026,-52.64728459124395,-3.1397157656673653,0.8971319946705716,0.35,1.292880766773984,-58.04444005518599,-22.645,-83.64938561027677
144.73665679999976,sine,1375,-3.0941758059803797,0.9244598766466129,-0.10602874710327921,0.018140676314544427,-177.2832147541656,52.96764926103561,-0.9234208132311315,-0.043818548823832806,-52.90811531268208,-2.5106179119935574,0.8348024222213903,0.35,1.3182543394816701,-54.01171671772396,-22.645,-85.29105576446406
144.84389329999976,sine,1376,-3.1108971846571714,0.9268743402891736,-0.13019724387104967,0.021829331128079228,-178.24127917998584,53.10598783754212,-0.9264377185970079,-0.028446374940614586,-53.08097125733717,-1.6298572265439235,0.7730502782145849,0.35,1.3428785952031177,-50.01635300048365,-22.645,-86.88424510964172
144.94878710000012,sine,1377,-3.1402534747573543,0.9207800263773152,-0.19889721271823607,-0.011672018364858474,-179.92327070488798,52.756809371364774,-0.9207792007140141,-0.0012330887520867928,-52.756762064342325,-0.0706507812596267,0.7119267044268267,0.35,1.3667541373036656,-46.06165777641569,-22.645,-88.42899268354716
145.0522688000001,sine,1378,3.1065746575509454,0.9067682691631752,-0.27192044369304336,-0.06223515589033138,177.99361661996818,51.95399481943257,-0.9062123591241917,0.031746718440611575,-51.92214352040987,1.8189529800371855,0.6514814004058331,0.35,1.3898832270772867,-42.1508466062574,-22.645,-89.92544479190046
145.1578241999996,sine,1379,3.079419343339275,0.8782179559556682,-0.2770346506531983,-0.15598569228733927,176.43773172428786,50.318182368865806,-0.8765211178987836,0.05456654689843216,-50.220960709689145,3.126432839882835,0.5917625554252822,0.35,1.4122697614693656,-38.287037336015764,-22.645,-91.37385356706795
145.2635664999998,sine,1380,3.0569116794558964,0.8228070888319972,-0.2658702026315134,-0.32452095363596534,175.14813757707122,47.14337354351925,-0.8198587310639793,0.06959286263940896,-46.974445086917214,3.9873773134718,0.5328167833958313,0.35,1.4339192473524207,-34.473245885710284,-22.645,-92.77457530370162
145.37189549999948,sine,1381,2.959042964227434,0.7100121888712484,-0.689190167635617,-0.6433206007164438,169.5406732481126,40.68070182516801,-0.6982146444768017,0.12889382678730055,-40.00475232274799,7.385072280202596,0.47468906084384604,0.35,1.4548387724131464,-30.71238223659684,-22.645,-94.12806857513057
145.47528739999962,sine,1382,2.813703016385814,0.6115829623105041,-1.2338437350233304,-0.6963380790731407,161.21330764213624,35.041122562500384,-0.5790003202183677,0.1969577339824948,-33.17427468523565,11.284846899657344,0.4174226680638887,0.35,1.4750369727155719,-27.0072466237336,-22.645,-95.4348921346975
145.5806735999995,sine,1383,2.619757852917301,0.5191058457113874,-1.9172770454062102,-0.6501100499661482,150.10106831841563,29.742574079831783,-0.4500159948242937,0.258759508915201,-25.78401721681313,14.825827769718815,0.36105913354499714,0.35,1.4945239970118926,-23.360525940361317,-22.645,-96.69570260666946
145.6867628,sine,1384,2.3653665141333686,0.4423075431389734,-2.6731569370152313,-0.46936429693694437,135.52551826141362,25.34235546866377,-0.31561409736951457,0.30987691791945615,-18.083355734104202,17.754639565306668,0.35,0.35,1.513311467879152,-22.645,-22.645,-97.91125197178114
145.7908295999996,sine,1385,2.043360549882885,0.3995912205775187,-3.2359317471929328,-0.12607986847367816,117.07593553182042,22.894890469572957,-0.18188232505038432,0.3557976438889071,-10.421089593413589,20.385703355533003,0.35,0.35,1.5314124397659565,-22.645,-22.645,-99.08238485285739
145.89478979999967,sine,1386,1.732219817383804,0.4158943785176899,-2.946643675264381,0.3060144010109125,99.24888472501415,23.82899261227996,-0.06684393920526688,0.4104875416795717,-3.8298756024908505,23.51920368093993,0.35,0.35,1.5488413540400177,-22.645,-22.645,-100.21003560638914
146.00223279999955,sine,1387,1.4991660370702817,0.47161609713403996,-2.1841548785387306,0.6103030077659578,85.89588671348027,27.02161191621237,0.03375311642050018,0.47040670723093264,1.9339111163083769,26.952318978978585,0.35,0.35,1.5656139911328566,-22.645,-22.645,-101.29522522629583
146.10707329999968,sine,1388,1.4086661723089753,0.5010530534579242,-1.3947798202915207,0.5072066607275416,80.71062641615268,28.708225275281873,0.08088037981754487,0.4944820790888979,4.634104408960404,28.33173617664803,0.35,0.35,1.5817474198841854,-22.645,-22.645,-102.33905806650681
146.2118332,sine,1389,1.3792814631524273,0.5014525926448232,-0.8593615551761059,0.2846663722111172,79.02700659926306,28.731117184441278,0.09544963571776799,0.4922845414103112,5.468861282689262,28.205826542344035,0.35,0.35,1.5972599441938669,-22.645,-22.645,-103.34271838934319
146.31664399999954,sine,1390,1.3771306139657522,0.5014072012559792,-0.46744172378575444,0.15217356255148612,78.90377201849742,28.728516449434274,0.09649950801767676,0.4920335622939764,5.529014534501727,28.19144649823213,0.35,0.35,1.6121710470947193,-22.645,-22.645,-104.30746674702834
146.4226463999994,sine,1391,1.3822846511178284,0.5009970543858584,-0.2275518392352109,0.07876885882778052,79.19907659476502,28.705016764795857,0.0938854179239864,0.4921215061390278,5.379238204866312,28.196485309387725,0.35,0.35,1.6265013323647222,-22.645,-22.645,-105.23463620399752
146.5302474,sine,1392,1.3872071991911348,0.5007235686194894,-0.09951641572033247,0.04034638285133257,79.48111782381572,28.689347184626012,0.09141187100719078,0.4923088075689904,5.2375144061063255,28.20721689082135,0.35,0.35,1.6402724638019985,-22.645,-22.645,-106.12562840798931
146.63546419999966,sine,1393,1.3908474400719086,0.5005437211365001,-0.036620585562008895,0.020388618871312405,79.68968826269506,28.679042682894675,0.08958695767902825,0.4924613627311187,5.1329545744254395,28.21595765775423,0.35,0.35,1.6535071022906425,-22.645,-22.645,-106.98190951820457
146.73948430000019,sine,1394,1.3940387403662893,0.5004281807241262,-0.005407190708866076,0.0103200029497349,79.87253630072192,28.67242270490245,0.08799459559509627,0.49263101324309067,5.041718947559481,28.22567791608246,0.35,0.35,1.6662288407899686,-22.645,-22.645,-107.80500599911097
146.8446960000001,sine,1395,1.3954335267057196,0.5002943519257009,0.003320400206625207,0.004938566474019727,79.95245167129379,28.664754879575373,0.08728404672378992,0.49262149136662353,5.001007496095843,28.22513235274785,0.35,0.35389258910750204,1.6784621373836748,-22.645,-22.896850515255384,-108.59650028872376
146.9509938000001,sine,1396,1.3982967632784895,0.5001773434888243,0.014480713303607624,0.0021249250532585956,80.116503042661,28.658050789974915,0.08585311504387895,0.4927541147233575,4.9190211500653795,28.232731111353562,0.35,0.3838461991574273,1.6902322465296962,-22.645,-24.834849085485548,-109.35802635047135
147.063126,sine,1397,1.4000937105995188,0.5000034177988731,0.015573105173956606,0.0003675676898698371,80.21946054016333,28.64808558199182,0.08493797813242566,0.49273619481557274,4.866587667362468,28.231704376268233,0.35,0.41295935208730644,1.7015651486547023,-22.645,-26.71847008004873,-110.09126511795924
147.17019840000012,sine,1398,1.401249452966013,0.4999084179678584,0.01303577839632111,-0.00021321839682876236,80.2856796999679,28.642642492620215,0.0843524155692669,0.49274039447031004,4.833037403852608,28.231944998760092,0.35,0.44119437661730027,1.7124874782409063,-22.645,-28.545276167139328,-110.79793984218664
147.27506189999986,sine,1399,1.4014304290415645,0.49904758689166206,0.007704925638619948,-0.0039058901766766186,80.29604886528983,28.593320505080463,0.08411814055744339,0.4919071379961356,4.819614434429744,28.184202919537945,0.35,0.46851516107826685,1.7230264505555217,-22.645,-30.312930921763865,-111.47981135094226
147.38312270000006,sine,1400,1.39694944305164,0.49676151554339054,-0.015937690028904678,-0.012261120955572137,80.03930728000992,28.46233826515872,0.08592609014482028,0.4892736558996309,4.923202315358859,28.033315509984963,0.35,0.4948872191604155,1.7332097871763201,-22.645,-32.01920307967888,-112.13867323030792
147.48762410000018,sine,1401,1.3920963617333024,0.4943329076536694,-0.02984046135100323,-0.017034966296795448,79.7612462028354,28.323189282985528,0.08786786777949829,0.48646095568012016,5.034457978578804,27.872159658371476,0.35,0.5202777528342046,1.743065640468799,-22.645,-33.66197060837304,-112.7763469383313
147.5910260999999,sine,1402,1.3881442115857627,0.4924517221092636,-0.03379550713305301,-0.017457141497674696,79.53480467937936,28.215405290810054,0.08944804811717759,0.48425999762153227,5.124995642797385,27.746054050729082,0.35,0.5446557123221972,1.752622517172934,-22.645,-35.23922458724616,-113.39467686108883
147.69585879999977,sine,1403,1.3882768934997136,0.4925315095982887,-0.017512882007709528,-0.009000006783983676,79.54240679306646,28.21997677718914,0.08939827683279622,0.48435032367749675,5.122143958261388,27.75122935251591,0.35,0.5679918530061061,1.761909201259002,-22.645,-36.74907288949507,-113.99552532145744
147.80270560000008,sine,1404,1.3878731441493413,0.49192023435189297,-0.011181004012300795,-0.007534006562202598,79.51927365930898,28.184953285449843,0.08948263179293366,0.4837131128801777,5.126977141458257,27.714719863169364,0.35,0.5902587891589034,1.7709546762136856,-22.645,-38.18974365858105,-114.58076755102546
147.90800539999964,sine,1405,1.3844940415980806,0.48996813212925205,-0.02091382215553386,-0.01256427973426069,79.32566534457986,28.073106066914413,0.09075505307914951,0.4814896580850195,5.199881510921033,27.587325287468673,0.35,0.611431044397763,1.7797880469187795,-22.645,-39.55958857253527,-115.15228663564504
148.01760120000017,sine,1406,1.3745197666326545,0.48569343996066106,-0.05594259874961858,-0.0254607810636701,78.75418148535795,27.828184246936523,0.09471932419934175,0.4763678906517947,5.427017514953647,27.293869629897337,0.35,0.6314850987596623,1.7884384612855784,-22.645,-40.85708588975015,-115.71196844517692
148.12211750000006,sine,1407,1.3673104354684948,0.4823752925174759,-0.061324110795595264,-0.027633340339406655,78.34111723653946,27.638068402639888,0.09748058060652309,0.47242296645689824,5.585225853238596,27.06784212303073,0.35,0.6503994323079016,1.796935031808685,-22.645,-42.08084327032124,-116.26169655802192
148.23091879999993,sine,1408,1.3661660970308187,0.4818619978235712,-0.03799080343522865,-0.01705503396911118,78.27555147372603,27.608658783032688,0.09791682431293698,0.4718085209732787,5.610220776455256,27.03263699007845,0.35,0.6681545651839479,1.805306757203161,-22.645,-43.22960036740143,-116.80334719104452
148.3358602999997,sine,1409,1.3661660970308187,0.4818619978235712,-0.019919413511904575,-0.008942329284230895,78.27555147372603,27.608658783032688,0.09791682431293698,0.4718085209732787,5.610220776455256,27.03263699007845,0.35,0.6847330940260383,1.8135824442887833,-22.645,-44.30223118348468,-117.33878414548428
148.44164949999958,sine,1410,1.3661660970308187,0.4818619978235712,-0.010624603283250171,-0.00476965353504826,78.27555147372603,27.608658783032688,0.09791682431293698,0.4718085209732787,5.610220776455256,27.03263699007845,0.35,0.7001197246823703,1.8217906302848124,-22.645,-45.29774618694936,-117.86985377942736
148.5478564999994,sine,1411,1.3661660970308187,0.4818619978235712,-0.005645471494126223,-0.0025343951535041305,78.27555147372603,27.608658783032688,0.09791682431293698,0.4718085209732787,5.610220776455256,27.03263699007845,0.35,0.7143013011538915,1.8299595056777331,-22.645,-46.21529418465678,-118.39838001734934
148.65738019999935,sine,1412,1.3661660970308187,0.4818619978235712,-0.002996746847336722,-0.001345315567365995,78.27555147372603,27.608658783032688,0.09791682431293698,0.4718085209732787,5.610220776455256,27.03263699007845,0.35,0.7272668307086584,1.8381168378236792,-22.645,-47.0541639468502,-118.92615940719205
148.7607277999996,sine,1413,1.3661660970308187,0.4818619978235712,-0.0015648604312387682,-0.0007025054854972308,78.27555147372603,27.608658783032688,0.09791682431293698,0.4718085209732787,5.610220776455256,27.03263699007845,0.35,0.7390075051168086,1.8462898954454592,-22.645,-47.813785581057516,-119.45495623532122
148.86430389999987,sine,1414,1.3661660970308187,0.4818619978235712,-0.0008414110249380438,-0.0003777307220356402,78.27555147372603,27.608658783032688,0.09791682431293698,0.4718085209732787,5.610220776455256,27.03263699007845,0.35,0.7495167179626594,1.8545053741827267,-22.645,-48.49373165218407,-119.98649770962243
148.9684059000001,sine,1415,1.3645359077803514,0.4847731918924063,-0.007698227281625544,0.012823203170524239,78.18214850986665,27.77545791652046,0.09928204657281291,0.4744977584834997,5.688442250043459,27.186718949522383,0.35,0.7587900779975971,1.8627893233515076,-22.645,-49.093718046444536,-120.52246922084255
149.07272060000014,sine,1416,1.354422891349027,0.4990300037171328,-0.04768755750965022,0.07059317053876592,77.60271535020532,28.592313063389494,0.10713627276221055,0.48739384861582197,6.138456262037063,27.92561048632476,0.35,0.7668254185048882,1.8711670740672193,-22.645,-49.613604577266265,-121.06450969214909
149.17837509999936,sine,1417,1.352848874195379,0.5015256602720334,-0.032266462823975786,0.048941693090428555,77.51253081042009,28.735303651099454,0.10844293206349913,0.48966122819432045,6.2133223252624115,28.055521766726873,0.35,0.7736228026551475,1.8796631688824799,-22.645,-50.053395331788046,-121.61420702669645
149.28312769999957,sine,1418,1.352623358382898,0.5012519438991728,-0.018143890616834902,0.024798359200889866,77.49960970615145,28.719620858150915,0.10849411076831378,0.48936953234880937,6.216254649049237,28.038808825877588,0.35,0.7791845248385119,1.8883012930881145,-22.645,-50.41323875705172,-122.17309366280101
149.38842889999978,sine,1419,1.3530178510156166,0.5011685997919099,-0.007958098586845447,0.01289077477742333,77.52221246905523,28.714845592557463,0.10828304223592604,0.4893309188897797,6.204161312955399,28.03659643764279,0.35,0.7835151079673514,1.8971042078226046,-22.645,-50.69342748548763,-122.74264224612253
149.49634590000005,sine,1420,1.3531911602769693,0.5009788744536505,-0.003462618958124487,0.006005279119130251,77.53214235828128,28.703975131408512,0.10815727486863251,0.48916442689737527,6.196955373609009,28.02705714915529,0.35,0.7866212967506728,1.9060936851314825,-22.645,-50.894397899768535,-123.32426142800692
149.6008643999994,sine,1421,1.3534020805518239,0.5009132810281425,-0.0009006276475682763,0.002878711311509308,77.54422719984419,28.700216904963092,0.10803995018879384,0.48912317903937225,6.190233164621529,28.024693820977763,0.35,0.7885120469492013,1.915290445114656,-22.645,-51.01672943761333,-123.91929179891825
149.70416190000014,sine,1422,1.3535280270033994,0.5008074959917617,7.929666632260685e-05,0.001068360802024525,77.5514433999641,28.694155868842834,0.10795554266846659,0.4890334843839379,6.185396969947613,28.019554695776492,0.35,0.7891985106273997,1.9247140952952937,-22.645,-51.06114363759276,-124.5290019656055
149.8101106999993,sine,1423,1.3537568640888642,0.5007056832674565,0.001065889343518944,0.00011808451376100199,77.56455479915732,28.688322429439417,0.10782170654541826,0.48895875168971475,6.1777287249505495,28.015272827805866,0.35,0.7886940174264958,1.93438307233966,-22.645,-51.02850292749428,-125.15458478037601
149.91510609999932,sine,1424,1.353861565140818,0.5006344811549586,0.0010285660964324008,-0.0002521146989110707,77.57055372754485,28.684242848900873,0.10775518611237987,0.48890050479333824,6.173917384886067,28.011935526473756,0.35,0.7870140518898523,1.9443145862527564,-22.645,-50.91980915727345,-125.79715373055335
150.0247193999994,sine,1425,1.3540931812832913,0.5005329492224084,0.001581115520808748,-0.0005866147493471375,77.58382435497566,28.678425497679942,0.10762011548656891,0.4888262922551729,6.166178408090909,28.007683461249925,0.35,0.7841762268795119,1.9545245671695857,-22.645,-50.73620187910443,-126.4577394958722
150.13066639999943,sine,1426,1.3540380148128532,0.5004450751416423,0.0005862301578990119,-0.000689417177229634,77.58066354904894,28.67339068372345,0.10762818351123613,0.48873453668386857,6.166640671853347,28.002426254267377,0.35,0.780200253130197,1.9650276148569095,-22.645,-50.47895637752375,-127.13728668124205
150.23668709999947,sine,1427,1.3540866978042327,0.5003653728370516,0.0005268838248367224,-0.0007188264887841493,77.58345287898905,28.66882407805294,0.10758725294352671,0.4886619376812842,6.164295523070524,27.998266637822432,0.35,0.7751079049941283,1.975836951034982,-22.645,-50.1494814531201,-127.83665073196335
150.34509489999982,sine,1428,1.3540866978042327,0.5003653728370516,0.00027961940988532365,-0.0003814841699990522,77.58345287898905,28.66882407805294,0.10758725294352671,0.4886619376812842,6.164295523070524,27.998266637822432,0.35,0.7689229824373932,1.9869643746231547,-22.645,-49.74931696369934,-128.5565950381181
150.45149309999942,sine,1429,1.3540866978042327,0.5003653728370516,0.0001467566768346944,-0.00020021982407109366,77.58345287898905,28.66882407805294,0.10758725294352671,0.4886619376812842,6.164295523070524,27.998266637822432,0.35,0.7616712693555169,1.9984202200076222,-22.645,-49.28013112730194,-129.29778823449317
150.55825949999962,sine,1430,1.3540866978042327,0.5003653728370516,7.774978784310237e-05,-0.00010607387124911128,77.58345287898905,28.66882407805294,0.10758725294352671,0.4886619376812842,6.164295523070524,27.998266637822432,0.35,0.753380488282835,2.0102133184234345,-22.645,-48.743717591899426,-130.0608017019962
150.66211599999951,sine,1431,1.3540866978042327,0.5003653728370516,4.120405620902125e-05,-5.621460681123407e-05,77.58345287898905,28.66882407805294,0.10758725294352671,0.4886619376812842,6.164295523070524,27.998266637822432,0.35,0.7440802515772089,2.0223509625369602,-22.645,-48.14199227704542,-130.84610727614134
150.76910700000008,sine,1432,1.3540866978042327,0.5003653728370516,2.2090386289384384e-05,-3.013786733195791e-05,77.58345287898905,28.66882407805294,0.10758725294352671,0.4886619376812842,6.164295523070524,27.998266637822432,0.35,0.7338020091679596,2.0348388743085017,-22.645,-47.47698999316699,-131.65407516776006
150.87336979999964,sine,1433,1.3540866978042327,0.5003653728370516,1.166804300359459e-05,-1.5918686412238073e-05,77.58345287898905,28.66882407805294,0.10758725294352671,0.4886619376812842,6.164295523070524,27.998266637822432,0.35,0.7225789929617632,2.0476811762084277,-22.645,-46.75086084462608,-132.48497210068527
150.9769140999997,sine,1434,1.3542557739977976,0.5005498999154911,0.00076154038801415,0.0008161037506455045,77.59314023129646,28.679396700853406,0.10754427636528333,0.48886033887653,6.161833146519264,28.00963418896037,0.35,0.7104461580071614,2.060880365853484,-22.645,-45.965866423063346,-133.3389596707204
151.08298099999956,sine,1435,1.3531659046147961,0.503722674775879,-0.004435969057656472,0.014627113791023954,77.53069531542994,28.861183309698834,0.10876206089860105,0.4918407742272441,6.231607060634678,28.18040055566788,0.35,0.6974401205247303,2.0744372941231934,-22.645,-45.12437579795005,-134.2160929297706
151.18963199999962,sine,1436,1.3419177641792732,0.5249031636489887,-0.04982331302863751,0.10157485187127278,76.88622434110404,30.074735930151824,0.11909290335842582,0.5112144477402587,6.823520732397187,29.29043028162801,0.35,0.6835990929157199,2.088351146809407,-22.645,-44.22886131164708,-135.11631919856865
151.29442749999998,sine,1437,1.3206193526840835,0.5524613167430734,-0.11197168278970414,0.17572244989538513,75.66591525209675,31.65370179361827,0.13677584683207655,0.5352624349054012,7.836678762805778,30.668278451975443,0.35,0.6689628158676583,2.102619429845067,-22.645,-43.281894186637494,-136.03947711097584
151.39848399999937,sine,1438,1.2911562019081417,0.5609221846603127,-0.18348855726104263,0.13380441116393893,73.97780106147769,32.138473816293725,0.15482000359189121,0.5391330668136622,8.870532790015613,30.89004932436747,0.35,0.6535724876810323,2.117237958151101,-22.645,-42.28613995296279,-136.98529589237623
151.5062638999998,sine,1439,1.2592710124834738,0.5661890496545193,-0.23401825085568806,0.09807228406701746,72.15091427846906,32.44024295172696,0.17354310896945324,0.538936758143202,9.943287707528611,30.878801666068274,0.35,0.6374706909460954,2.1322008481333423,-22.645,-41.24435370421238,-137.95339487422726
151.61209619999954,sine,1440,1.2244799246996463,0.5727968387277572,-0.26924760616774746,0.08446670423833143,70.15753178378658,32.81884137753615,0.1944274195681868,0.5387895665067843,11.139870562876379,30.87036820652192,0.35,0.62070131670422,2.1475005138539283,-22.645,-40.159375190763036,-138.94328324634915
151.7169914999995,sine,1441,1.2080349378194128,0.5758800291123901,-0.21358389362556765,0.060263650138922445,69.21530344140119,32.995495174010934,0.20435521041144472,0.5384020392867968,11.708691078083682,30.848164532370195,0.35,0.6033094862326054,2.1631276668945305,-22.645,-39.03412375924957,-139.95436004807613
151.82193899999947,sine,1442,1.2017718921702158,0.5896207555213283,-0.138346893818568,0.09383833286546121,68.85645735880443,33.78278080468704,0.2126795754637166,0.549927298396902,12.18564206270506,31.50851323717393,0.35,0.5853414705958347,2.179071319921334,-22.645,-37.87159314755051,-140.9859143989103
151.9265977999994,sine,1443,1.1923056963550787,0.6212448876054187,-0.10901174232028792,0.19080846414003613,68.31408429055267,35.59471010386968,0.2295613853777002,0.5772753075607343,13.152898521318432,33.07543874034662,0.35,0.5668446081119802,2.195318793954318,-22.645,-36.67484614484512,-142.03712596884438
152.03246579999995,sine,1444,1.1866101842745351,0.6409163366378429,-0.08006132776809773,0.18961992947590273,67.98775548617175,36.72180111033429,0.24021847490081363,0.5941959566385485,13.763504772885918,34.0449205191273,0.35,0.5478672198845362,2.211855729336173,-22.645,-35.447009126529494,-143.1070656880504
152.14903090000007,sine,1445,1.1822112637387248,0.6411406891917758,-0.058639313041362356,0.09746348595638903,67.7357159050564,36.73465556479763,0.2429149656458349,0.5933411352692379,13.918002312071723,33.99594286242821,0.35,0.528458523555764,2.2286661003885677,-22.645,-34.191266474057926,-144.19469669514035
152.2596813,sine,1446,1.1781820838156243,0.642321909731814,-0.04741370737428984,0.055745203887944024,67.50486090056388,36.80233451641598,0.2457556065377434,0.5934489174114235,14.080759046290359,34.00211832428232,0.35,0.5086685454395939,2.2457322337363856,-22.645,-32.91085488994173,-145.29887552274417
152.3647149999997,sine,1447,1.1761002307987578,0.6430026912841486,-0.03438252845301622,0.03277298610554671,67.38557950913086,36.84134042613512,0.2472523258416058,0.5935644433122442,14.166514745517434,34.008737470823796,0.35,0.48854803119593904,2.2630348302730887,-22.645,-31.609057618377257,-146.41835351866885
152.47122750000017,sine,1448,1.1760330270808677,0.6431291579142298,-0.018587928765712455,0.018000533422147576,67.38172901972817,36.84858643028801,0.24734085278452544,0.5936645654772482,14.171586965719923,34.014474048314234,0.35,0.4681483552104774,2.2805529907331543,-22.645,-30.289198582117887,-147.5517785004351
152.57800409999982,sine,1449,1.1760109119672002,0.6432056996163958,-0.009961236502324427,0.009891860048032984,67.38046191705156,36.85297194677887,0.24738342039653163,0.5937297494078683,14.174025910231828,34.01820881243084,0.35,0.44752142884676716,2.2982642448303383,-22.645,-28.954636446385837,-148.6976966405229
152.68367039999976,sine,1450,1.1758008528589468,0.6434009443376786,-0.006195447463804411,0.006097747894047063,67.36842641670036,36.86415864528058,0.24758326423137056,0.5938579817154569,14.18547611852981,34.02555598245289,0.35,0.42671960773950424,2.316144583913291,-22.645,-27.608758620745924,-149.85455457918994
152.79304369999954,sine,1451,1.1758008528589468,0.6434009443376786,-0.003292136752657104,0.0032402211571821893,67.36842641670036,36.86415864528058,0.24758326423137056,0.5938579817154569,14.18547611852981,34.02555598245289,0.35,0.4057955982994562,2.3341684970831373,-22.645,-26.25497520997482,-151.02070176127899
152.89980529999957,sine,1452,1.175714006544676,0.6436033166088514,-0.0021033381812821817,0.002581577422618799,67.36345048942638,36.87575372230926,0.24771272755792756,0.5940232602817211,14.19289382074325,34.035025746743806,0.35,0.38480236360218467,2.3523090107106404,-22.645,-24.89671292506135,-152.19439299297844
153.0037338000002,sine,1453,1.175714006544676,0.6436033166088514,-0.0011111420425151603,0.0013637841198370945,67.36345048942638,36.87575372230926,0.24771272755792756,0.5940232602817211,14.19289382074325,34.035025746743806,0.35,0.3637930288337795,2.3705377312836555,-22.645,-23.537408965545534,-153.37379121405252
153.1108994999995,sine,1454,1.1756268494653392,0.643806455409844,-0.0009860967978684327,0.0016411032296901383,67.3584567566257,36.88739271826149,0.24784270119878488,0.5941891512724524,14.200340761812322,34.04453060037195,0.35,0.35,2.3888248915090724,-22.645,-22.645,-154.55697048063698
153.22002369999973,sine,1455,1.1756268494653392,0.643806455409844,-0.0005198807438245842,0.000865207117180062,67.3584567566257,36.88739271826149,0.24784270119878488,0.5941891512724524,14.200340761812322,34.04453060037195,0.35,0.35,2.407139399586654,-22.645,-22.645,-155.7419191532565
153.32455089999985,sine,1456,1.1756268494653392,0.643806455409844,-0.00027214387001083163,0.0004529131267645975,67.3584567566257,36.88739271826149,0.24784270119878488,0.5941891512724524,14.200340761812322,34.04453060037195,0.35,0.35,2.4254488915660426,-22.645,-22.645,-156.92654328432297
153.42898689999947,sine,1457,1.1756268494653392,0.643806455409844,-0.00014589231120293062,0.00024280004115177428,67.3584567566257,36.88739271826149,0.24784270119878488,0.5941891512724524,14.200340761812322,34.04453060037195,0.35,0.35,2.4437197866916933,-22.645,-22.645,-158.10867019895255
153.53457029999936,sine,1458,1.1755377675978949,0.6440094862484915,-0.00047393357849925,0.00103267945099692,67.35335274158999,36.89902552842699,0.2479738080743753,0.5943544471837818,14.2078526324488,34.054001358461896,0.35,0.35,2.4619173456346743,-22.645,-22.645,-159.28605226256343
153.64035139999942,sine,1459,1.171789207647178,0.6576097460336551,-0.01652258663315085,0.06087897699110524,67.13857607716216,37.67826301439836,0.25548378443130226,0.6059526499414852,14.638142581943749,34.718529426415294,0.35,0.35,2.4800057315043227,-22.645,-22.645,-160.45637082832968
153.74538479999956,sine,1460,1.1694969942074724,0.6673549174178881,-0.018558359443879183,0.07558851144257253,67.00724192132385,38.236620205346576,0.2606786927914398,0.6143363939458433,14.935788905936857,35.19888257438312,0.35,0.35,2.4979480735270303,-22.645,-22.645,-161.61724035719888
153.8508998999996,sine,1461,1.1638973018092056,0.6690206058320589,-0.03433249415421829,0.04776013848010609,66.68640318033168,38.332057121462405,0.2647739012550335,0.6143967384696023,15.17042706712703,35.20234006091124,0.35,0.35,2.5157065332740594,-22.645,-22.645,-162.76621270283164
153.95623710000018,sine,1462,1.1562977711041365,0.6711167836193084,-0.05153520476608518,0.034899478384533764,66.25098214465113,38.45215926178087,0.27027953327864146,0.6142855290060196,15.485876545631838,35.19596822800604,0.35,0.35,2.5332423733151237,-22.645,-22.645,-163.9007815534885
154.0596101000001,sine,1463,1.1495288796645315,0.6733021596437759,-0.05711965520155733,0.02848124515083069,65.86315323317955,38.57737208463194,0.27532498010944545,0.6144362892185863,15.774959354794563,35.2046061519046,0.35,0.35,2.550516028169303,-22.645,-22.645,-165.0183870225539
154.1630024999995,sine,1464,1.1395308120443772,0.6904654290148564,-0.07339403894779532,0.09255439819181012,65.29030615525829,39.56075498224101,0.28862889572989253,0.6272446645563535,16.53721757084435,35.93847200117811,0.35,0.35,2.567487177420356,-22.645,-22.645,-166.11642037909704
154.2662478000002,sine,1465,1.1244591595042408,0.7344128814515011,-0.0993226344131026,0.2468370854155175,64.42676407442084,42.07875852721267,0.31701992267886286,0.6624655833072269,18.16390359106253,37.95648199617634,0.35,0.35,2.584114820858777,-22.645,-22.645,-167.19222890956289
154.3706014999998,sine,1466,1.1074057639565469,0.7703768232619062,-0.12102408069078423,0.29552365109731493,63.4496764831708,44.13934060760296,0.34434586101654446,0.6891345135892417,19.72956452904642,39.484499145464426,0.35,0.35,2.6003573555089425,-22.645,-22.645,-168.2431209014286
154.47418039999957,sine,1467,1.0894169211339673,0.7778051390286079,-0.13974271875987435,0.19244378966145717,62.41899171111278,44.56495174992546,0.3601255384883928,0.689413106074839,20.633673450260996,39.50046131909321,0.35,0.35,2.6161726543955672,-22.645,-22.645,-169.2663707393932
154.58092159999978,sine,1468,1.0648015217120994,0.7893085348357638,-0.17892255165994606,0.1570004750322834,61.008633213210985,45.224047779743984,0.38256034691668916,0.6904024508441164,21.919093287386904,39.55714659885615,0.35,0.35,2.6315181469000914,-22.645,-22.645,-170.25922410443593
154.68468200000007,sine,1469,1.0547810918218374,0.7940009928723043,-0.13697476737875927,0.1046776634134494,60.43450487159224,45.492905820779995,0.391774498352815,0.6906158983998306,22.447025276471322,39.56937624294596,0.35,0.35,2.6463509005542676,-22.645,-22.645,-171.21890326586112
154.78902130000006,sine,1470,1.0521048011898682,0.7955081727344246,-0.08509396743183127,0.06306129922279141,60.28116471363,45.5792608658466,0.39436855762323497,0.6908738623261358,22.595653924473172,39.584156487189865,0.35,0.35,2.660627704115119,-22.645,-22.645,-172.1426124562482
154.89257949999956,sine,1471,1.0521900388860832,0.7955897668759514,-0.0451672284852437,0.03411585932742644,60.28604847387854,45.58393586578908,0.3943501114759114,0.6909783402804077,22.594597038083258,39.59014263302181,0.35,0.35,2.674305151762503,-22.645,-22.645,-173.02754331903395
154.99665189999996,sine,1472,1.0521761235278237,0.7956616674953517,-0.024284234217320823,0.01861899324731268,60.285251182579856,45.58805546782509,0.3943953665097697,0.6910352986621654,22.597189960525057,39.59340610790442,0.35,0.35,2.6873397282583054,-22.645,-22.645,-173.87088041831237
155.10224949999974,sine,1473,1.0522612540349083,0.7957445324306346,-0.01262488908086849,0.010340062981921567,60.29012880134361,45.59280327888643,0.39437760544611855,0.6911408432554358,22.596172326538184,39.59945336764924,0.35,0.35,2.6996878949037857,-22.645,-22.645,-174.66980680027496
155.20930809999936,sine,1474,1.0524252762126594,0.7959005835731359,-0.005984428104174268,0.006186941165167955,60.29952657987529,45.60174435073994,0.3943415557266494,0.691341070933258,22.59410682975997,39.610925568530156,0.35,0.35,2.711306176130121,-22.645,-22.645,-175.42150959561886
155.3157053999994,sine,1475,1.0524252762126594,0.7959005835731359,-0.00316708882015284,0.0032742631132086234,60.29952657987529,45.60174435073994,0.3943415557266494,0.691341070933258,22.59410682975997,39.610925568530156,0.35,0.35,2.7221512465552244,-22.645,-22.645,-176.12318565212303
155.42077209999934,sine,1476,1.052310123932343,0.7959564205765424,-0.002183473517209268,0.001979187501785647,60.29292884021185,45.60494357537579,0.3944488335257686,0.6913441553865789,22.60025339488495,39.61110229468755,0.35,0.35,2.7321800183390073,-22.645,-22.645,-176.77204718653377
155.52926659999957,sine,1477,1.0523832516363667,0.7961090195354468,-0.0008398235782252031,0.0017345114772603532,60.2971187490179,45.613686851679105,0.3944738892029356,0.6915055471381271,22.601688979439462,39.62034936089948,0.35,0.35,2.741349728668254,-22.645,-22.645,-177.36532744483605
155.6356337999996,sine,1478,1.0524698541580664,0.7961919539470993,-6.203967963288211e-05,0.00127191691034815,60.30208070800648,45.6184386434432,0.3944550895565928,0.6916117479142472,22.600611839047684,39.62643421715218,0.35,0.35,2.7496180272016857,-22.645,-22.645,-177.90028635994906
155.74254349999956,sine,1479,1.0524698541580664,0.7961919539470993,-3.2962075158456526e-05,0.0006757775191989623,60.30208070800648,45.6184386434432,0.3944550895565928,0.6916117479142472,22.600611839047684,39.62643421715218,0.35,0.35,2.7569430633055934,-22.645,-22.645,-178.3742161958719
155.84722499999953,sine,1480,1.0524698541580664,0.7961919539470993,-1.739023531089072e-05,0.00035652882957719226,60.30208070800648,45.6184386434432,0.3944550895565928,0.6916117479142472,22.600611839047684,39.62643421715218,0.35,0.35,2.763283572910394,-22.645,-22.645,-178.78444716730252
155.95322579999993,sine,1481,1.0524698541580664,0.7961919539470993,-9.290983252631923e-06,0.00019048065339332567,60.30208070800648,45.6184386434432,0.3944550895565928,0.6916117479142472,22.600611839047684,39.62643421715218,0.35,0.35,2.768598964819044,-22.645,-22.645,-179.12835302379216
156.05874940000012,sine,1482,1.0524698541580664,0.7961919539470993,-4.938162090453174e-06,0.0001012405593654703,60.30208070800648,45.6184386434432,0.3944550895565928,0.6916117479142472,22.600611839047684,39.62643421715218,0.35,0.35,2.772849406298895,-22.645,-22.645,-179.4033565875385
156.1658349999998,sine,1483,1.0524698541580664,0.7961919539470993,-2.630163198518075e-06,5.3922732499047634e-05,60.30208070800648,45.6184386434432,0.3944550895565928,0.6916117479142472,22.600611839047684,39.62643421715218,0.35,0.35,2.7759959077895147,-22.645,-22.645,-179.6069352339816
156.27305629999955,sine,1484,1.0524698541580664,0.7961919539470993,-1.3869474364660216e-06,2.8434735779489042e-05,60.30208070800648,45.6184386434432,0.3944550895565928,0.6916117479142472,22.600611839047684,39.62643421715218,0.35,0.35,2.778000406560712,-22.645,-22.645,-179.73662630447805
156.37862479999967,sine,1485,1.0524698541580664,0.7961919539470993,-7.343925406114516e-07,1.5056271998254563e-05,60.30208070800648,45.6184386434432,0.3944550895565928,0.6916117479142472,22.600611839047684,39.62643421715218,0.35,0.35,2.778825849156263,-22.645,-22.645,-179.79003244041022
156.48501690000012,sine,1486,1.0524698541580664,0.7961919539470993,-3.9012816648448864e-07,7.998278119601058e-06,60.30208070800648,45.6184386434432,0.3944550895565928,0.6916117479142472,22.600611839047684,39.62643421715218,0.35,0.35,2.7784362724614065,-22.645,-22.645,-179.764826828253
156.59101419999934,sine,1487,1.0524698541580664,0.7961919539470993,-2.0681916768609467e-07,4.240137897563372e-06,60.30208070800648,45.6184386434432,0.3944550895565928,0.6916117479142472,22.600611839047684,39.62643421715218,0.35,0.35,2.776796883233918,-22.645,-22.645,-179.6587583452345
156.69510979999995,sine,1488,1.0524698541580664,0.7961919539470993,-1.098925092731943e-07,2.2529797331687717e-06,60.30208070800648,45.6184386434432,0.3944550895565928,0.6916117479142472,22.600611839047684,39.62643421715218,0.35,0.35,2.7738741359417847,-22.645,-22.645,-179.46965659543346
156.80110819999936,sine,1489,1.0524698541580664,0.7961919539470993,-5.8884525294119444e-08,1.2072309838253516e-06,60.30208070800648,45.6184386434432,0.3944550895565928,0.6916117479142472,22.600611839047684,39.62643421715218,0.35,0.35,2.7696358087530775,-22.645,-22.645,-179.1954368263241
156.90569330000017,sine,1490,1.0524698541580664,0.7961919539470993,-3.124335068768856e-08,6.405408008352496e-07,60.30208070800648,45.6184386434432,0.3944550895565928,0.6916117479142472,22.600611839047684,39.62643421715218,0.35,0.35,2.7640510775269997,-22.645,-22.645,-178.8341047159969
157.00948119999975,sine,1491,1.0524698541580664,0.7961919539470993,-1.6696253153626734e-08,3.423010378392722e-07,60.30208070800648,45.6184386434432,0.3944550895565928,0.6916117479142472,22.600611839047684,39.62643421715218,0.35,0.35,2.7570905876588174,-22.645,-22.645,-178.3837610215255
157.1145203999995,sine,1492,1.0524698541580664,0.7961919539470993,-8.963047665729435e-09,1.8375742688805696e-07,60.30208070800648,45.6184386434432,0.3944550895565928,0.6916117479142472,22.600611839047684,39.62643421715218,0.35,0.35,2.7487265236348035,-22.645,-22.645,-177.8426060791718
157.21914809999998,sine,1493,1.0524698541580664,0.7961919539470993,-4.780935921076809e-09,9.801716065093125e-08,60.30208070800648,45.6184386434432,0.3944550895565928,0.6916117479142472,22.600611839047684,39.62643421715218,0.35,0.35,2.7389326761579484,-22.645,-22.645,-177.20894414741926
157.3263208999997,sine,1494,1.0524698541580664,0.7961919539470993,-2.5516220288302166e-09,5.231250751923394e-08,60.30208070800648,45.6184386434432,0.3944550895565928,0.6916117479142472,22.600611839047684,39.62643421715218,0.35,0.35,2.7276845067091333,-22.645,-22.645,-176.48118758408094
157.43346870000005,sine,1495,1.0524698541580664,0.7961919539470993,-1.3479362763593707e-09,2.7634941929398845e-08,60.30208070800648,45.6184386434432,0.3944550895565928,0.6916117479142472,22.600611839047684,39.62643421715218,0.35,0.35,2.714959209413475,-22.645,-22.645,-175.65786084905184
157.53826299999946,sine,1496,1.0524698541580664,0.7961919539470993,-7.108724911647841e-10,1.4574071754789974e-08,60.30208070800648,45.6184386434432,0.3944550895565928,0.6916117479142472,22.600611839047684,39.62643421715218,0.35,0.35,2.700735770086229,-22.645,-22.645,-174.73760432457902
157.64298989999952,sine,1497,1.0524698541580664,0.7961919539470993,-3.790408570204273e-10,7.770969782726162e-09,60.30208070800648,45.6184386434432,0.3944550895565928,0.6916117479142472,22.600611839047684,39.62643421715218,0.35,0.35,2.684995022337823,-22.645,-22.645,-173.71917794525714
157.75146679999943,sine,1498,1.0524698541580664,0.7961919539470993,-2.0284253455602574e-10,4.158610285649266e-09,60.30208070800648,45.6184386434432,0.3944550895565928,0.6916117479142472,22.600611839047684,39.62643421715218,0.35,0.35,2.6677197006232274,-22.645,-22.645,-172.60146463032282
157.85619589999988,sine,1499,1.0524698541580664,0.7961919539470993,-1.0657155993573199e-10,2.1848947326380966e-09,60.30208070800648,45.6184386434432,0.3944550895565928,0.6916117479142472,22.600611839047684,39.62643421715218,0.35,0.35,2.6488944901260236,-22.645,-22.645,-171.38347351115374
157.9602058999999,sine,1500,1.0524698541580664,0.7961919539470993,-5.696071945155056e-11,1.1677897552782437e-09,60.30208070800648,45.6184386434432,0.3944550895565928,0.6916117479142472,22.600611839047684,39.62643421715218,0.35,0.35,2.6285060733739085,-22.645,-22.645,-170.0643429472919
158.0643156999995,sine,1501,1.0524698541580664,0.7961919539470993,-3.05029737889489e-11,6.253618395138734e-10,60.30208070800648,45.6184386434432,0.3944550895565928,0.6916117479142472,22.600611839047684,39.62643421715218,0.35,0.35,2.6065431734879287,-22.645,-22.645,-168.643343324669
158.16799399999945,sine,1502,1.0524698541580664,0.7961919539470993,-1.6309344988257803e-11,3.343687751132778e-10,60.30208070800648,45.6184386434432,0.3944550895565928,0.6916117479142472,22.600611839047684,39.62643421715218,0.35,0.35,2.5829965939743156,-22.645,-22.645,-167.11987963013823
158.27217529999962,sine,1503,1.0524698541580664,0.7961919539470993,-8.760771896485035e-12,1.796104362366207e-10,60.30208070800648,45.6184386434432,0.3944550895565928,0.6916117479142472,22.600611839047684,39.62643421715218,0.35,0.35,2.557859254974059,-22.645,-22.645,-165.4934937968216
158.37977520000004,sine,1504,1.0524698541580664,0.7961919539470993,-4.690525445057162e-12,9.616359509413779e-11,60.30208070800648,45.6184386434432,0.3944550895565928,0.6916117479142472,22.600611839047684,39.62643421715218,0.35,0.35,2.531126225891779,-22.645,-22.645,-163.7638668151981
158.48332309999932,sine,1505,1.0524698541580664,0.7961919539470993,-2.473090592525617e-12,5.070248209001159e-11,60.30208070800648,45.6184386434432,0.3944550895565928,0.6916117479142472,22.600611839047684,39.62643421715218,0.35,0.35,2.502794754332647,-22.645,-22.645,-161.93082060532228
158.58894259999943,sine,1506,1.0524698541580664,0.7961919539470993,-1.3252491945396505e-12,2.7169818911618796e-11,60.30208070800648,45.6184386434432,0.3944550895565928,0.6916117479142472,22.600611839047684,39.62643421715218,0.35,0.35,2.4728642912823915,-22.645,-22.645,-159.99431964597073
158.69482419999986,sine,1507,1.0524698541580664,0.7961919539470993,-7.049147849332542e-13,1.4451928840003659e-11,60.30208070800648,45.6184386434432,0.3944550895565928,0.6916117479142472,22.600611839047684,39.62643421715218,0.35,0.3525494301055666,2.441336512472977,-22.645,-22.80994812783016,-157.95447235700163
158.8060633999994,sine,1508,1.0524698541580664,0.7961919539470993,-3.7483969541221467e-13,7.684838962512189e-12,60.30208070800648,45.6184386434432,0.3944550895565928,0.6916117479142472,22.600611839047684,39.62643421715218,0.35,0.38296764835048475,2.408215335883286,-22.645,-24.778006848276362,-155.8115322316486
158.91077959999984,sine,1509,1.0524698541580664,0.7961919539470993,-1.9470405075196514e-13,3.991757793240637e-12,60.30208070800648,45.6184386434432,0.3944550895565928,0.6916117479142472,22.600611839047684,39.62643421715218,0.35,0.4143390334158837,2.373506935331458,-22.645,-26.807735462007674,-153.56589871594534
159.0165503999997,sine,1510,1.0524698541580664,0.7961919539470993,-1.0386441046587687e-13,2.12939365316889e-12,60.30208070800648,45.6184386434432,0.3944550895565928,0.6916117479142472,22.600611839047684,39.62643421715218,0.35,0.44662757187723323,2.337219750123094,-22.645,-28.89680390045699,-151.2181178329642
159.12174520000008,sine,1511,1.0524698541580664,0.7961919539470993,-5.514953732440277e-14,1.130657500745799e-12,60.30208070800648,45.6184386434432,0.3944550895565928,0.6916117479142472,22.600611839047684,39.62643421715218,0.35,0.4797957641103866,2.299364490726486,-22.645,-31.042785937942014,-148.76888255000364
159.22763659999964,sine,1512,1.0524698541580664,0.7961919539470993,-2.938977068827336e-14,6.025393192046163e-13,60.30208070800648,45.6184386434432,0.3944550895565928,0.6916117479142472,22.600611839047684,39.62643421715218,0.35,0.5138046938066075,2.2599541404538948,-22.645,-33.243163689287506,-146.219032887367
159.33479720000014,sine,1513,1.0524698541580664,0.7961919539470993,-1.5621583726791555e-14,3.2026852211523307e-13,60.30208070800648,45.6184386434432,0.3944550895565928,0.6916117479142472,22.600611839047684,39.62643421715218,0.35,0.548614099886775,2.2190039531351626,-22.645,-35.495332262674346,-143.56955576784503
159.43945499999973,sine,1514,1.0524698541580664,0.7961919539470993,-8.258939105401652e-15,1.6932202699719216e-13,60.30208070800648,45.6184386434432,0.3944550895565928,0.6916117479142472,22.600611839047684,39.62643421715218,0.35,0.5841824506747056,2.176531446777419,-22.645,-37.796604558653456,-140.82158460649902
159.54262449999987,sine,1515,1.0524698541580664,0.7961919539470993,-4.4065791165160866e-15,9.034222175630302e-14,60.30208070800648,45.6184386434432,0.3944550895565928,0.6916117479142472,22.600611839047684,39.62643421715218,0.35,0.6204670201852854,2.1325563932125626,-22.645,-40.144216205987966,-137.9763986408528
159.64621910000005,sine,1516,1.0524698541580664,0.7961919539470993,-2.370994972210717e-15,4.860935158515688e-14,60.30208070800648,45.6184386434432,0.3944550895565928,0.6916117479142472,22.600611839047684,39.62643421715218,0.35,0.6574239663794974,2.0871008037412024,-22.645,-42.535330624753485,-135.0354220020558
159.75132639999993,sine,1517,1.0524698541580664,0.7961919539470993,-1.273268100500817e-15,2.610411978297037e-14,60.30208070800648,45.6184386434432,0.3944550895565928,0.6916117479142472,22.600611839047684,39.62643421715218,0.35,0.6950084112347071,2.040188910789778,-22.645,-44.967044206885554,-132.00022252809865
159.8558906999997,sine,1518,1.0524698541580664,0.7961919539470993,-6.775805236178434e-16,1.3891530891389534e-14,60.30208070800648,45.6184386434432,0.3944550895565928,0.6916117479142472,22.600611839047684,39.62643421715218,0.35,0.733174522475385,1.9918471456047753,-22.645,-47.43639160415741,-128.87251032062898
159.96471949999977,sine,1519,1.0524698541580664,0.7961919539470993,-3.6241568745458105e-16,7.430126076998871e-15,60.30208070800648,45.6184386434432,0.3944550895565928,0.6916117479142472,22.600611839047684,39.62643421715218,0.35,0.7718755968066351,1.9421041120155076,-22.645,-49.94035111338929,-125.65413604740334
160.0692369999997,sine,1520,1.0524698541580664,0.7961919539470993,-1.899522147882862e-16,3.894337230253068e-15,60.30208070800648,45.6184386434432,0.3944550895565928,0.6916117479142472,22.600611839047684,39.62643421715218,0.35,0.8110641444898863,1.890990556304458,-22.645,-52.475850148495645,-122.34708899289843
160.17411889999948,sine,1521,1.0524698541580664,0.7961919539470993,-1.0139121399651182e-16,2.0786890004270787e-15,60.30208070800648,45.6184386434432,0.3944550895565928,0.6916117479142472,22.600611839047684,39.62643421715218,0.35,0.8506919750981469,1.8385393332314122,-22.645,-55.039770788850106,-118.95349486007237
160.28312219999953,sine,1522,1.0524698541580664,0.7961919539470993,-5.420311302684193e-17,1.1112542240758488e-15,60.30208070800648,45.6184386434432,0.3944550895565928,0.6916117479142472,22.600611839047684,39.62643421715218,0.35,0.8907102842860088,1.7847853682648558,-22.645,-57.62895539330478,-115.47561332673618
160.3896949,sine,1523,1.0524698541580664,0.7961919539470993,-2.8400773567555066e-17,5.822632286514276e-16,60.30208070800648,45.6184386434432,0.3944550895565928,0.6916117479142472,22.600611839047684,39.62643421715218,0.35,0.9310697414079481,1.7297656160814086,-22.645,-60.24021226909424,-111.91583536046714
160.49692090000008,sine,1524,1.0524698541580664,0.7961919539470993,-1.5020625596000496e-17,3.0794787807761953e-16,60.30208070800648,45.6184386434432,0.3944550895565928,0.6916117479142472,22.600611839047684,39.62643421715218,0.35,0.9717205778170561,1.6735190154009532,-22.645,-62.870321384763535,-108.27668029644167
160.60250839999935,sine,1525,1.0524698541580664,0.7961919539470993,-7.94418443067822e-18,1.6286903117643894e-16,60.30208070800648,45.6184386434432,0.3944550895565928,0.6916117479142472,22.600611839047684,39.62643421715218,0.35,1.0126126756752787,1.6160864402322423,-22.645,-65.51604011619054,-104.56079268302608
160.7086994000001,sine,1526,1.0524698541580664,0.7961919539470993,-4.228342077936149e-18,8.66880651784211e-17,60.30208070800648,45.6184386434432,0.3944550895565928,0.6916117479142472,22.600611839047684,39.62643421715218,0.35,1.053695657105491,1.5575106476104723,-22.645,-68.17410901472527,-100.77093890039757
160.82023639999989,sine,1527,1.0524698541580664,0.7961919539470993,-2.2428330244357687e-18,4.598181789054849e-17,60.30208070800648,45.6184386434432,0.3944550895565928,0.6916117479142472,22.600611839047684,39.62643421715218,0.35,1.09491897351555,1.4978362219147845,-22.645,-70.8412575864561,-96.91000355788655
160.92595569999958,sine,1528,1.0524698541580664,0.7961919539470993,-1.1607289508761373e-18,2.379687950818404e-17,60.30208070800648,45.6184386434432,0.3944550895565928,0.6916117479142472,22.600611839047684,39.62643421715218,0.35,1.1362319949238917,1.4371095158606422,-22.645,-73.5142100715758,-92.98098567618355
161.0298757999999,sine,1529,1.0524698541580664,0.7961919539470993,-6.177502029257162e-19,1.2664909524384062e-17,60.30208070800648,45.6184386434432,0.3944550895565928,0.6916117479142472,22.600611839047684,39.62643421715218,0.35,1.1775840991171944,1.375378588267569,-22.645,-76.18969121288248,-88.98699466091172
161.13446759999988,sine,1530,1.0524698541580664,0.7961919539470993,-3.3118318695776467e-19,6.789807723173872e-18,60.30208070800648,45.6184386434432,0.3944550895565928,0.6916117479142472,22.600611839047684,39.62643421715218,0.35,1.2189247604705182,1.3126931387096872,-22.645,-78.86443200244253,-84.93124607451676
161.2405536999995,sine,1531,1.041206498139739,0.7934195121372701,-0.050323197989348964,-0.012119174055028867,59.65673794500305,45.459589428794374,0.40081919305228525,0.6847324270991251,22.965248109735313,39.232278168529184,0.35,1.2602036382616637,1.2491044391618642,-22.645,-81.53517539552965,-80.81705721377261
161.34944029999951,sine,1532,1.0197390284213945,0.7874014854575377,-0.12268440043422725,-0.03176766695445066,58.42674253331701,45.11478189904858,0.4122742125917546,0.6708435532466461,23.621572383586802,38.43650431459254,0.35,1.3013706643127425,1.1846652627600007,-22.645,-84.19868198103444,-76.64784250057205
161.45312639999975,sine,1533,1.0002226870921884,0.7832691546274642,-0.1509184891191018,-0.0330942536514271,57.30853854361676,44.87801678293357,0.42305534719209525,0.6591924922228697,24.23928589454878,37.768947691080776,0.35,1.3423761297930747,1.1194298097999806,-22.645,-86.85173559761193,-72.42710869405875
161.55998589999945,sine,1534,0.9971949215739668,0.7827094918415323,-0.09451301566610883,-0.02002211625728068,57.13506035806742,44.84595046734914,0.4247455783647439,0.6574384703365241,24.336129007142997,37.6684496398196,0.35,1.383170771020069,1.0534536311042177,-22.645,-89.49114888499847,-68.15844993244289
161.66804279999997,sine,1535,0.9958971225580076,0.7834837321717243,-0.05568751030897346,-0.007125726775729777,57.06070195179672,44.89031117059796,0.4260194367644936,0.6575364614046874,24.409115717145944,37.674064114455334,0.35,1.4237058540962095,0.9867935488906936,-22.645,-92.11376876002475,-63.84554261322788
161.77701129999969,sine,1536,0.9946966564999159,0.7843395924225014,-0.03444972675756186,3.334623483845973e-05,56.99192031321937,44.939348350820495,0.4272747159229263,0.6577422849220492,24.48103791503487,37.68585693332471,0.35,1.4639332582233893,0.9195075752833604,-22.645,-94.71648180705328,-59.49214012083342
161.88153479999983,sine,1537,0.9933840528040898,0.7853362941597664,-0.02383893923942888,0.004407136684578831,56.91671366127526,44.99645515379913,0.4286817597337724,0.65801599053226,24.561655586986358,37.701539109618835,0.35,1.503805557538147,0.8516548286077887,-22.645,-97.29621957271812,-55.10206741092394
161.98562140000013,sine,1538,0.991985312400895,0.786253596452321,-0.01892374523814379,0.006451330658878997,56.83657173953777,45.049012703700186,0.4301035245958865,0.6581836188058807,24.643116713045494,37.71114350222437,0.35,1.5432761013148957,0.783295447619759,-22.645,-99.84996375507376,-50.67921546099841
162.09128169999985,sine,1539,0.9860299186752526,0.7844829672104935,-0.036786477527400795,-0.004339563676179539,56.49535281371976,44.94756312106102,0.43303822134288633,0.6541341029938507,24.811262450799354,37.47912333712355,0.35,1.582299092387177,0.7144905038189268,-22.645,-102.37475127745036,-46.22753559708456
162.19740349999938,sine,1540,0.9614875429225318,0.778730490683205,-0.12933427935839406,-0.026377355659282568,55.08917826386466,44.61797049429932,0.44566805894555445,0.6385931086031285,25.534898841367863,36.58868994909868,0.35,1.6208296636410835,0.6453019120028843,-22.645,-104.8676792375781,-41.75103370658662
162.30493109999952,sine,1541,0.9174145588433227,0.7620606806602231,-0.2699334951821551,-0.08199003871266265,52.5639822855787,43.66286073469758,0.4632377206328149,0.6051010619650545,26.541566303520586,34.66973702948173,0.35,1.6588239524386368,0.5757923392206029,-22.645,-107.3259097227798,-37.25376434757301
162.40960449999966,sine,1542,0.897438380941905,0.7397188258125077,-0.23782839577353274,-0.13834940826403866,51.41943160102497,42.38276674542959,0.4612993943905373,0.5782618870342041,26.43050839051863,33.13196558033068,0.35,1.6962391728332733,0.5060251122872742,-22.645,-109.74667448231278,-32.73982476498664
162.51752570000008,sine,1543,0.8750247653916583,0.6905821543002282,-0.2459843775924768,-0.2904783836886403,50.13522602636704,39.56744284845527,0.4426478641328129,0.5300628078035687,25.361854425290467,30.370361763998606,0.35,1.7330336854441466,0.43606412402514527,-22.645,-112.1272794482363,-28.2133488244269
162.62239859999954,sine,1544,0.7620533902221887,0.6100414566636969,-0.7325062615340532,-0.47506912418601516,43.66244302336741,34.952800794842744,0.441316104608273,0.4211777233683485,25.28555022520798,24.131705973934878,0.35,1.7691670648605564,0.36597373839766645,-22.645,-114.465109096478,-23.67850087432902
162.73031469999933,sine,1545,0.3980738108344637,0.500391073489905,-2.554362323147635,-0.4616614770875711,22.807949295503875,28.670296616992168,0.4612651843450773,0.1939733387336552,26.42854829929682,11.113853647499939,0.35,1.8046001644528582,0.35,-22.645,-116.75763064009993,-22.645
162.83509179999965,sine,1546,0.048234365603784475,0.4628461898734595,-3.1738442671004403,-0.029450157734758328,2.7636255765878373,26.519133243459972,0.46230787592059347,0.022316436592065097,26.488290125907742,1.278637630496644,0.35,1.8392951784715712,0.35,-22.645,-119.00239804711066,-22.645
162.9412754999994,sine,1547,-0.2643867628195862,0.4659713928699238,-2.9718775656964285,0.3400552665701692,-15.1482456686886,26.698194185279014,0.44978025315207626,-0.12176642742394593,25.770510213939712,-6.976702377778147,0.35,1.8732157013215636,0.35,-22.645,-121.19705587550517,-22.645
163.0479346000002,sine,1548,-0.48746151960347817,0.48566909716612017,-2.331408836795532,0.4765915704681359,-27.92948774831294,27.826789507547776,0.42910063807678334,-0.2274799207496163,24.585655548170315,-13.033639382923456,0.35,1.9063267839043214,0.35,-22.645,-123.3393429186096,-22.645
163.16042089999974,sine,1549,-0.6453104231513596,0.5117748904383782,-1.7375181442930892,0.4852553403281453,-36.97356372237415,29.32254128288918,0.4088636655172977,-0.3078052005781796,23.426162430389727,-17.63593890530746,0.35,1.938594986926594,0.35,-22.645,-125.42709565415063,-22.645
163.26641699999982,sine,1550,-0.6958114854240263,0.519358283608342,-1.0719458054193758,0.30866246441003337,-39.8670614515253,29.757037705916442,0.3986250294560665,-0.3329130707012765,22.83953179611073,-19.074513895923527,0.35,1.9699884310802838,0.35,-22.645,-127.45825149089437,-22.645
163.3735582999998,sine,1551,-0.7075596520532921,0.5184767170931088,-0.6185058574974932,0.16362302030015988,-40.54018181639867,29.706527665233523,0.39401654576191586,-0.33700010064315367,22.57548513048104,-19.308683462336685,0.35,2.0004768440044383,0.35,-22.645,-129.43085180708715,-22.645
163.4871837999999,sine,1552,-0.7015853898917815,0.5197509723593376,-0.30041645928095034,0.09099123307205749,-40.19788180883941,29.779537114010754,0.39699613069214684,-0.33546258432788123,22.74620277168406,-19.22059026653907,0.35,2.0300316039466026,0.35,-22.645,-131.3430447753452,-22.645
163.5941646000001,sine,1553,-0.6980193447128595,0.520884381501377,-0.1390519525187319,0.051313531817002996,-39.99356247053421,29.84447667431115,0.39905820228052363,-0.3347731920042414,22.864350770751887,-19.18109099596579,0.35,2.058625780047588,0.35,-22.645,-133.19308796907896,-22.645
163.69980029999988,sine,1554,-0.6952230813172314,0.5213576225827712,-0.06141563116193064,0.02917758094026707,-39.8333483795578,29.871591390967247,0.4003561618975317,-0.3339591505795831,22.938718378784866,-19.134449857984052,0.35,2.0862341691800217,0.35,-22.645,-134.97935074594741,-22.645
163.80688849999933,sine,1555,-0.6920244266403,0.5221432633903436,-0.01856792573755303,0.018971309634550293,-39.65007896644984,29.916605293454392,0.40202724068270135,-0.33317815842724596,23.034464140408936,-19.089702303822296,0.35,2.1128333292782684,0.35,-22.645,-136.70031640430398,-22.645
163.91454049999993,sine,1556,-0.6887123337974304,0.5236049004879391,0.004680760709372865,0.016401827065789853,-39.46031002519793,30.000350930326366,0.40425702942895064,-0.3327737158675022,23.162221624774787,-19.066529452093512,0.35,2.1384016091040983,0.35,-22.645,-138.35458410903516,-22.645
164.0202948999995,sine,1557,-0.6868696161767307,0.5242322802782797,0.010534365965860814,0.01142483234998057,-39.35473008269744,30.03629714446469,0.4053546626337256,-0.33242605368241424,23.22511137486181,-19.046609876191674,0.35,2.1629191743994336,0.35,-22.645,-139.94087058364337,-22.645
164.1247475,sine,1558,-0.6851674587418897,0.5244677898726734,0.013127327433830265,0.007131796805398932,-39.25720364561424,30.049790850258287,0.4061022747759802,-0.331884626091208,23.267946395325737,-19.01558836030362,0.35,2.1863680303849358,0.35,-22.645,-141.45801156590534,-22.645
164.2312869999996,sine,1559,-0.6839457579902023,0.5246633560864423,0.012424460939818078,0.004681644233639757,-39.18720534871459,30.060995968922597,0.4066590158653192,-0.3315118128141726,23.299845310026377,-18.994227732983052,0.35,2.208732040570048,0.35,-22.645,-142.9049630248821,-22.645
164.3372488999994,sine,1560,-0.6827965011236179,0.5249149574429567,0.011663771505613247,0.0036023183976016445,-39.12135778068288,30.075411664770638,0.4072349346183155,-0.331202989983118,23.3328430239155,-18.97653348814634,0.35,2.229996941847706,0.35,-22.645,-144.28080213754657,-22.645
164.44238869999936,sine,1561,-0.6816238258551723,0.525098538431778,0.011383607876921203,0.0027328210811949443,-39.05416843706158,30.085930080628938,0.40776560801147405,-0.33084087411657936,23.363248369643372,-18.955785777298956,0.35,2.2501503558540734,0.35,-22.645,-145.58472802375854,-22.645
164.5483078999996,sine,1562,-0.6804298350671036,0.5251899999851345,0.011362104278013194,0.001867746832910102,-38.98575780412774,30.091170441623973,0.4082314314976369,-0.330411310977357,23.389938089398573,-18.931173622387124,0.3749540535945853,2.2691817965810483,0.35,-24.25952726756967,-146.81606223879385,-22.645
164.65502370000013,sine,1563,-0.6795883079823466,0.5254871636059723,0.009757987845623683,0.002312121754209844,-38.937541853825216,30.108196662922804,0.4087404802153955,-0.3302544154859065,23.419104432492688,-18.92218417290238,0.41745434220870814,2.2870826742367583,0.35,-27.009295940903417,-147.97424902311826,-22.645
164.75873839999986,sine,1564,-0.6807238676632142,0.5248623929356704,0.00015890837741225496,-0.0015329488364475995,-39.002604630924154,30.072399940350948,0.407879673033807,-0.3303251486702045,23.369783814013115,-18.926236885834175,0.45998362976723756,2.3038462953564447,0.35,-29.760940845940272,-149.05885530956198,-22.645
164.86247379999986,sine,1565,-0.6878506039004999,0.5205544033154444,-0.03201671883009298,-0.020001916891527954,-39.41093653902357,29.825570316925834,0.4021867884064707,-0.3304885384432978,23.04360555161184,-18.93559843024802,0.5024945003804717,2.3194678591737126,0.35,-32.51139417461652,-150.0695704885392,-22.645
164.97012769999947,sine,1566,-0.7061685383494822,0.5119667605180003,-0.10121410024105443,-0.048618159472254334,-40.460476872347556,29.333534628666364,0.3895318447540725,-0.3322271900338451,22.31853069035355,-19.03521582843009,0.5449392005382223,2.3339444502693314,0.35,-35.257566274822985,-151.00620593242576,-22.645
165.0744979000001,sine,1567,-0.7199762924290622,0.5057324314893328,-0.11595988224338168,-0.05235445375817953,-41.25160290566203,28.976333887227824,0.38022044511534175,-0.3334631994334668,21.78502678969464,-19.106033950466912,0.5872697235286621,2.347275027522103,0.35,-37.99635111230444,-151.86869428068007,-22.645
165.1803762999998,sine,1568,-0.7220643155673994,0.5046035023232075,-0.07156631422663266,-0.032946181094034424,-41.37123781901441,28.91165101063962,0.3786761409611282,-0.3335102319624317,21.696544679373684,-19.108728715876428,0.6294378947214914,2.3594604093936313,0.35,-40.724631788480494,-152.65708848776796,-22.645
165.2866144999998,sine,1569,-0.7216618350955297,0.5045773045406339,-0.03627149612581657,-0.0176484569740455,-41.34817738663985,28.91014998826555,0.3787906747334488,-0.33334048807858635,21.703106981139367,-19.09900310773393,0.6713954575516407,2.370503255585846,0.35,-43.43928610359115,-153.37156063640424,-22.645
165.3918660999998,sine,1570,-0.7269738400359178,0.501139147010052,-0.04303008892445272,-0.024429224486178912,-41.652532850476724,28.71315807246209,0.3744456788810403,-0.3330628742944482,21.45415705679451,-19.083097009568156,0.7130941600384233,2.3804080451174285,0.35,-46.13719215448599,-154.01240051909764,-22.645
165.49793129999944,sine,1571,-0.7512797685640096,0.4911037265824627,-0.1341648930528117,-0.05664131244533353,-43.04515997228301,28.138170836321848,0.35890642670426043,-0.33521492677618275,20.563823490275546,-19.2064005340622,0.754485841673507,2.389181050872137,0.35,-48.815233956275904,-154.58001399142728,-22.645
165.60148179999942,sine,1572,-0.7751758890420515,0.4824979895273199,-0.18184538493491964,-0.06678316155722934,-44.41430682241095,27.645098423462827,0.3446473250953958,-0.33767222450550216,19.7468371484394,-19.347193322959285,0.7955225205101542,2.396830310679012,0.35,-51.47030707700698,-155.07492110093207,-22.645
165.70490509999945,sine,1573,-0.7824464194305945,0.479214747470359,-0.13162680892997694,-0.05015718298433917,-44.830877528496075,27.456982510479115,0.33985473608502,-0.3378543066969273,19.47224202520409,-19.357625864052437,0.8361564802857961,2.4033655949911368,0.35,-54.09932427449101,-155.49775399592656,-22.645
165.80896080000002,sine,1574,-0.7819788881385126,0.47941219087910486,-0.06849992862899472,-0.026052397270398608,-44.80408995866948,27.468295184492927,0.3401527465295413,-0.33783451243458373,19.489316765925977,-19.356491736361576,0.8763403574089864,2.408798371236356,0.35,-56.69922112436142,-155.84925461899223,-22.645
165.9155049000001,sine,1575,-0.7819788881385126,0.47941219087910486,-0.03665969790712931,-0.013942686259749896,-44.80408995866948,27.468295184492927,0.3401527465295413,-0.33783451243458373,19.489316765925977,-19.356491736361576,0.9160272276426449,2.413141764919735,0.35,-59.26696162847912,-156.13027219030687,-22.645
166.02097159999994,sine,1576,-0.7832621934657795,0.47878337918635894,-0.025165816442519844,-0.010159426727391745,-44.87761793774853,27.43226692839011,0.3392733359966262,-0.337827067694152,19.43893025393059,-19.35606518415527,0.9551706923150738,2.41641051756399,0.35,-61.79954379278528,-156.34176048639014,-22.645
166.12858439999945,sine,1577,-0.8015315911497534,0.4710094967118172,-0.09610529205780542,-0.03938131732246536,-45.924377319286315,26.98685627216815,0.3276375954758153,-0.33838373486848533,18.77225143057877,-19.38795986383804,0.9937249638914406,2.418620941580088,0.35,-64.2940051637762,-156.4847749202317,-22.645
166.23272139999972,sine,1578,-0.8380750699171192,0.45928106858699574,-0.2184334140214712,-0.07010007681756994,-48.018164421382316,26.314866840293348,0.30721079857149963,-0.34140976143554264,17.60188217899059,-19.56133841482489,1.03164495073899,2.419790872166434,0.35,-66.74742831281266,-156.56046942916828,-22.645
166.33772259999932,sine,1579,-0.8681115071174293,0.4527654994385158,-0.2563345215348214,-0.06388449543422575,-49.73912550456983,25.9415522269598,0.292608227903771,-0.3455098007941648,16.765216509688205,-19.796253365911465,1.0688863409207823,2.419939616340559,0.35,-69.15694625757462,-156.57009317723416,-22.645
166.4421567999998,sine,1580,-0.8782184425676851,0.4538275453618518,-0.1822808613841499,-0.028672288473493696,-50.31821024968064,26.00240297601603,0.28977943825484337,-0.34926682936384196,16.60313880167436,-20.011515246464036,1.1054056848542029,2.4190878992130234,0.35,-71.51974781006693,-156.51498707908263,-22.645
166.54698579999967,sine,1581,-0.8921292645064445,0.4553417574247529,-0.15930867685792824,-0.007768255236013541,-51.11524163632954,26.08916093650806,0.28584352470426144,-0.354442654655597,16.377627566697665,-20.308068191178666,1.1411604766727532,2.4172578076183466,0.35,-73.83308284072713,-156.39658015290703,-22.645
166.65118149999944,sine,1582,-0.9091545413086641,0.4560316406971572,-0.16076274247292188,-0.00012456795778940572,-52.09071814213871,26.128688336373497,0.28019177887827185,-0.3598019237941491,16.05380638398778,-20.615131694092415,1.1761092341312995,2.4144727312231695,0.35,-76.09426744829508,-156.21638571013906,-22.645
166.75691499999994,sine,1583,-0.961506864482657,0.44739742531393395,-0.3252475220047156,-0.0337115841642917,-55.09028530771344,25.633984235507874,0.25603880187111633,-0.3668904306655331,14.66994273880125,-21.021273220872203,1.2102115768982649,2.4107573012364436,0.35,-78.30068902531774,-155.9759973899979,-22.645
166.86192130000018,sine,1584,-1.0156282037857087,0.4383810082654211,-0.42198266022420605,-0.05063133095895625,-58.19120963137381,25.117381592298287,0.23106457128325544,-0.37254136992486153,13.239024729530298,-21.345048190716504,1.2434283030804045,2.406137326851294,0.35,-80.44981120930218,-155.67708504727872,-22.645
166.96568380000008,sine,1585,-1.0356185065260677,0.438927174699383,-0.31578922319241176,-0.022286632082563953,-59.33656960958518,25.148674623876015,0.22385022753787223,-0.3775554797918122,12.825673280963237,-21.63233552410768,1.275721463829486,2.400639729552367,0.35,-82.53917870976775,-155.32139050203816,-22.645
167.07076299999972,sine,1586,-1.0516787902156919,0.44236154859442783,-0.23890970990644517,0.004829403741534085,-60.25675608278344,25.345449753331987,0.21946181296429002,-0.3840836527701841,12.574235647143272,-22.006372283699736,1.3070544358834404,2.394292475426773,0.35,-84.5664220016586,-154.91072316011224,-22.645
167.17439299999933,sine,1587,-1.0750989904102437,0.4464304583376939,-0.2295693578989193,0.022552559833420315,-61.59863470928273,25.578581108840794,0.21234249121404009,-0.3926968558017988,12.166328557858261,-22.499872465500548,1.3373919918982202,2.3871245056204127,0.35,-86.52926187581485,-154.44695551364072,-22.645
167.28153049999946,sine,1588,-1.1198471519030213,0.4465802749345087,-0.3221145425517453,0.017236107893137485,-64.16251550378871,25.587164967539294,0.1946286242760941,-0.40193735901627303,11.151398743457628,-23.02931430026699,1.3667003684309502,2.3791656650850683,0.35,-88.42551383748248,-153.93201853100393,-22.645
167.3867798000001,sine,1589,-1.2114512200170535,0.44241768865521797,-0.5742683830219649,0.005922263146656453,-69.41104199295168,25.34866634187687,0.15558115533075054,-0.4141592874015676,8.914143572221295,-23.729579214255512,1.3949473314389196,2.3704466297648565,0.35,-90.2530923440981,-153.3678969457862,-22.645
167.49458400000003,sine,1590,-1.263912345310736,0.4437252823504743,-0.5365026813689943,0.018760682093172852,-72.41684306078669,25.423585941932977,0.13404482465525533,-0.42299422121365915,7.6802027183172905,-24.235783633965784,1.4221022391636429,2.3609988323737454,0.35,-92.0100148738877,-152.75662445458133,-22.645
167.60244710000006,sine,1591,-1.286961382779258,0.45086132924134353,-0.37777508209829425,0.0446891736915643,-73.73745562957191,25.832451311187235,0.12625884648440214,-0.43282172067688485,7.234099029746414,-24.7988578763757,1.4481361022742516,2.3508543869182597,0.35,-93.69440581714409,-152.1002788336114,-22.645
167.70708319999994,sine,1592,-1.3014351087680447,0.45733470800809645,-0.25760578301775233,0.05336822249342489,-74.5667390425582,26.20334859371178,0.12170396554671183,-0.44084371371162323,6.973123575832168,-25.25848422054955,1.4730216411491606,2.3400460121220923,0.35,-95.3045001823507,-151.40097698429938,-22.645
167.8139715999996,sine,1593,-1.3143149883527308,0.46333873996514685,-0.19175464300824083,0.05625429091879449,-75.30470178339742,26.547354284912437,0.11753910814135853,-0.4481822687365309,6.734494824231618,-25.678952451201283,1.4967333401806973,2.3286069539112075,0.35,-96.83864710969112,-150.66086991805514,-22.645
167.91904650000015,sine,1594,-1.3363030997092065,0.46319998565467463,-0.19668801926660648,0.030620727808205395,-76.56452776358715,26.53940424853313,0.10762456840969309,-0.4505232280195085,6.16643354179242,-25.81307953812787,1.519247498992595,2.3165709071197997,0.35,-98.2953131848209,-149.88213769065106,-22.645
168.02274229999966,sine,1595,-1.3666887720139569,0.46231798234259275,-0.23960489841608817,0.01485120170224134,-78.3054985443169,26.488869181234282,0.09370876704165332,-0.4527213091702875,5.369116854861364,-25.93902031109477,1.54054228046608,2.303971936579016,0.35,-99.67308554615538,-149.06698429666233,-22.645
168.1273483999994,sine,1596,-1.3758871883785664,0.4617609247297543,-0.1698323386788394,0.006115230975956053,-78.8325289802131,26.456952131073002,0.08943265283795666,-0.45301760695765825,5.124113558273601,-25.955996923790174,1.560597755476439,2.2908443977512296,0.35,-100.9706747793256,-148.21763253450456,-22.645
168.23317359999965,sine,1597,-1.3758353204433134,0.4619872578307296,-0.09049737649040611,0.0042744038101399555,-78.82955716643104,26.469920062523,0.08949999692795411,-0.4532350129324225,5.1279720904056045,-25.968453368585095,1.5793959442477965,2.2772228570735544,0.35,-102.18691759283244,-147.336318852659,-22.645
168.33704229999967,sine,1598,-1.3758353204433134,0.4619872578307296,-0.048059976601485456,0.0022699856622076164,-78.82955716643104,26.469920062523,0.08949999692795411,-0.4532350129324225,5.1279720904056045,-25.968453368585095,1.5969208542405144,2.263142012174706,0.35,-103.3207792693613,-146.42528818770347,-22.645
168.4433640999996,sine,1599,-1.3746328850718055,0.4624632569538444,-0.02035336521758402,0.0033270697205921005,-78.7606626945064,26.4971928033294,0.09013769384564486,-0.45359393754827265,5.164509432397786,-25.989018234236664,1.6131585144917384,2.2486366121295056,0.35,-104.37135588761548,-145.48678880477902,-22.645
168.55010390000007,sine,1600,-1.3740849962247326,0.46256998751361256,-0.008373399943146856,0.002233861249848673,-78.72927097592684,26.503308013949187,0.09040705933380164,-0.4536491562550934,5.17994293801565,-25.992182033087662,1.62809700633674,2.2337413779149515,0.35,-105.33787630998708,-144.52306715109737,-22.645
168.6573202999998,sine,1601,-1.373759097173948,0.462650468198167,-0.002993219969138841,0.0015359651647372373,-78.71059833576956,26.507919217506483,0.09057065364068244,-0.453698592044413,5.1893162013522875,-25.995014495172573,1.6417264904450595,2.218490923231513,0.35,-106.21970393179535,-143.5363627330789,-22.645
168.76126569999997,sine,1602,-1.3803719028979475,0.4621135568442542,-0.03067665463808604,-0.0015009247775318747,-79.08948419449469,26.477156462954625,0.08746685032349338,-0.45376038777501876,5.01148137083865,-25.99855512972821,1.6540392301128213,2.20291967585212,0.35,-107.01633818829954,-142.52890302763217,-22.645
168.8651990999997,sine,1603,-1.3997640805127527,0.4607418113319925,-0.10336742098828931,-0.0063944392558217865,-80.20057412739109,26.398561234536015,0.07841808349351308,-0.454019405852536,4.493025221682806,-26.01339577238754,1.6650296107593134,2.1870617996605457,0.35,-107.72741581612759,-141.5028984380373,-22.645
168.97148990000005,sine,1604,-1.4284141392437018,0.4610379710466567,-0.18348456245157355,-0.000527498085839207,-81.8421015754764,26.415529936248074,0.06542202422702409,-0.4563726213225949,3.7484058754111023,-26.14822508710681,1.6746941555832766,2.1709511175390688,0.35,-108.352711866238,-140.46053730477774,-22.645
169.07702289999997,sine,1605,-1.4319806181864159,0.46307225060054924,-0.1127384876201789,0.008896528313459233,-82.0464457666162,26.53208556903587,0.0640754521555642,-0.45861775555174256,3.6712529789062622,-26.276861802877328,1.6830315373416402,2.154621035263661,0.35,-108.89214046600412,-139.40398098155887,-22.645
169.18194799999947,sine,1606,-1.4345826657770269,0.46524401050900216,-0.07111945128782139,0.01443366210492406,-82.19553211165041,26.656518245905943,0.06317680078402485,-0.46093457361885554,3.619764048063414,-26.40960570002256,1.6900425862205997,2.138104466562756,0.35,-109.3457553284728,-138.33535898661034,-22.645
169.28639919999932,sine,1607,-1.43500781843818,0.46640242617167516,-0.03976721869162144,0.01287137501811067,-82.21989156478324,26.722890574298955,0.06313764410485563,-0.4621091440728191,3.61752053560727,-26.476903629775435,1.6957302937765353,2.1214337594933617,0.35,-109.71375000734184,-137.2567642392205,-22.645
169.39152899999954,sine,1608,-1.4349398260912005,0.4664332838730808,-0.02096197081958727,0.007019749254702447,-82.21599589026212,26.724658590354974,0.06317324317942724,-0.46213542349707293,3.619560212334795,-26.478409329873216,1.7000998129316263,2.104640624285305,0.35,-109.99645789667622,-136.17024839125924,-22.645
169.49932219999937,sine,1609,-1.4350849408772344,0.46658395990406426,-0.01178940881957045,0.0044030071411278,-82.2243103550468,26.73329169100411,0.06312656557366475,-0.4622938766181435,3.6168857825268286,-26.48748802496123,1.7031584540164197,2.0877560628017475,0.35,-110.19435197486236,-135.07781726327306,-22.645
169.6060010000001,sine,1610,-1.4353801828386334,0.46664544789930695,-0.007511109500980593,0.0025927262630162174,-82.24122647337013,26.736814693622236,0.06299837531619751,-0.4623734191675213,3.6095410217992603,-26.49204547733229,1.7049156768593763,2.070810299760299,0.35,-110.30804429280165,-133.98142639449136,-22.645
169.7110991999998,sine,1611,-1.4355299576288438,0.46679714303425707,-0.004629035396115074,0.0020394069286492557,-82.24980793672664,26.745506184627544,0.06294957946192059,-0.4625331590172882,3.6067452252914576,-26.50119789654399,1.7053830789305797,2.053832715856009,0.35,-110.33828520680851,-132.88297671588379,-22.645
169.81558940000014,sine,1612,-1.4355299576288438,0.46679714303425707,-0.0024687727941723743,0.0010876633922310066,-82.24980793672664,26.745506184627544,0.06294957946192059,-0.4625331590172882,3.6067452252914576,-26.50119789654399,1.70457437955465,2.036851782923171,0.35,-110.28596235718585,-131.78431035512918,-22.645
169.92023400000016,sine,1613,-1.4358676023539678,0.46693818489475125,-0.00282194244996684,0.0012097911121477843,-82.26915355445111,26.753587287968536,0.06281237690175094,-0.4626941471650115,3.598884097655347,-26.510421837960163,1.70250540021514,2.0198950012689663,0.35,-110.15209939391957,-130.68720658210214,-22.645
170.02765659999932,sine,1614,-1.4358676023539678,0.46693818489475125,-0.0015085196480209059,0.0006467154079267072,-82.26915355445111,26.753587287968536,0.06281237690175094,-0.4626941471650115,3.598884097655347,-26.510421837960163,1.6991940409801845,2.00298883930753,0.35,-109.93785445141793,-129.5933779031972,-22.645
170.1308130999996,sine,1615,-1.4358676023539678,0.46693818489475125,-0.0007966281608172266,0.0003415213760488423,-82.26915355445111,26.753587287968536,0.06281237690175094,-0.4626941471650115,3.598884097655347,-26.510421837960163,1.6946602530867403,1.9861586756182978,0.35,-109.6445183747121,-128.50446631250387,-22.645
170.2334777999995,sine,1616,-1.4358676023539678,0.46693818489475125,-0.0004286659517315062,0.00018377279752506697,-82.26915355445111,26.753587287968536,0.06281237690175094,-0.4626941471650115,3.598884097655347,-26.510421837960163,1.68892600772777,1.9694287435476512,0.35,-109.27351269998672,-127.42203970753303,-22.645
170.3385344999997,sine,1617,-1.4358676023539678,0.46693818489475125,-0.00023053704019233308,9.883322115545568e-05,-82.26915355445111,26.753587287968536,0.06281237690175094,-0.4626941471650115,3.598884097655347,-26.510421837960163,1.6820152610943575,1.9528220784676624,0.35,-108.82638739280493,-126.34758847685777,-22.645
170.44541169999957,sine,1618,-1.4358676023539678,0.46693818489475125,-0.0001229361502329607,5.270378987184812e-05,-82.26915355445111,26.753587287968536,0.06281237690175094,-0.4626941471650115,3.598884097655347,-26.510421837960163,1.6739539157314303,1.9363604678003803,0.35,-108.30481834782354,-125.28252226668461,-22.645
170.5572247,sine,1619,-1.4358676023539678,0.46693818489475125,-6.50822554683889e-05,2.79013252822054e-05,-82.26915355445111,26.753587287968536,0.06281237690175094,-0.4626941471650115,3.598884097655347,-26.510421837960163,1.6647697782733637,1.920064403910593,0.35,-107.71060465428664,-124.22816693301537,-22.645
170.66221179999957,sine,1620,-1.4358676023539678,0.46693818489475125,-3.3684302795404125e-05,1.444075166779306e-05,-82.26915355445111,26.753587287968536,0.06281237690175094,-0.4626941471650115,3.598884097655347,-26.510421837960163,1.6544925136321176,1.9039530399641267,0.35,-107.045665631998,-123.185761685679,-22.645
170.7674995999996,sine,1621,-1.4358676023539678,0.46693818489475125,-1.7950114751482655e-05,7.695369297354639e-06,-82.26915355445111,26.753587287968536,0.06281237690175094,-0.4626941471650115,3.598884097655347,-26.510421837960163,1.64315359571779,1.8880441488427673,0.35,-106.31203764294102,-122.15645643012705,-22.645
170.87231340000017,sine,1622,-1.4358676023539678,0.46693818489475125,-9.564102477240471e-06,4.10021337351231e-06,-82.26915355445111,26.753587287968536,0.06281237690175094,-0.4626941471650115,3.598884097655347,-26.510421837960163,1.6307862547778593,1.872354085200731,0.35,-105.5118706841275,-121.1413093124873,-22.645
170.97609029999967,sine,1623,-1.4358676023539678,0.46693818489475125,-5.11044184343471e-06,2.190890576598435e-06,-82.26915355445111,26.753587287968536,0.06281237690175094,-0.4626941471650115,3.598884097655347,-26.510421837960163,1.6174254214478805,1.8568977507413607,0.35,-104.64742476767788,-120.14128447296603,-22.645
171.08452409999973,sine,1624,-1.4358676023539678,0.46693818489475125,-2.7415540711024275e-06,1.175327919508516e-06,-82.26915355445111,26.753587287968536,0.06281237690175094,-0.4626941471650115,3.598884097655347,-26.510421837960163,1.6031076676129552,1.8416885627860773,0.35,-103.72106609455821,-119.15725001225921,-22.645
171.1903940000002,sine,1625,-1.4358676023539678,0.46693818489475125,-1.438179725345154e-06,6.165600752822417e-07,-82.26915355445111,26.753587287968536,0.06281237690175094,-0.4626941471650115,3.598884097655347,-26.510421837960163,1.5878711441850593,1.826738426201195,0.35,-102.73526302877333,-118.18997617521732,-22.645
171.29391829999986,sine,1626,-1.4358676023539678,0.46693818489475125,-7.641867517719898e-07,3.276134636713452e-07,-82.26915355445111,26.753587287968536,0.06281237690175094,-0.4626941471650115,3.598884097655347,-26.510421837960163,1.5717555159075358,1.8120577087411562,0.35,-101.69258187921757,-117.24013375555282,-22.645
171.3975005000002,sine,1627,-1.4358676023539678,0.46693818489475125,-4.106457456858205e-07,1.760473794842424e-07,-82.26915355445111,26.753587287968536,0.06281237690175094,-0.4626941471650115,3.598884097655347,-26.510421837960163,1.554801893303642,1.7976552198602564,0.35,-100.59568249674564,-116.30829272495859,-22.645
171.50184999999965,sine,1628,-1.4358676023539678,0.46693818489475125,-2.202662885222709e-07,9.443006116696467e-08,-82.26915355445111,26.753587287968536,0.06281237690175094,-0.4626941471650115,3.598884097655347,-26.510421837960163,1.5370527618915297,1.7835381930375163,0.35,-99.44731369438198,-115.3949210895273,-22.645
171.60611309999967,sine,1629,-1.4358676023539678,0.46693818489475125,-1.1781959655725698e-07,5.051027909994483e-08,-82.26915355445111,26.753587287968536,0.06281237690175094,-0.4626941471650115,3.598884097655347,-26.510421837960163,1.518551908793485,1.7697122716526374,0.35,-98.25030849893848,-114.50038397592564,-22.645
171.71053260000008,sine,1630,-1.4358676023539678,0.46693818489475125,-6.307427744716901e-08,2.7040487753967186e-08,-82.26915355445111,26.753587287968536,0.06281237690175094,-0.4626941471650115,3.598884097655347,-26.510421837960163,1.499344346871916,1.7561814984436617,0.35,-97.00757924261298,-113.62494294930491,-22.645
171.8164324999998,sine,1631,-1.4358676023539678,0.46693818489475125,-3.3679401237794156e-08,1.4438650327692274e-08,-82.26915355445111,26.753587287968536,0.06281237690175094,-0.4626941471650115,3.598884097655347,-26.510421837960163,1.479476236529865,1.7429483085697055,0.35,-95.72211250348228,-112.76875556445995,-22.645
171.92174780000005,sine,1632,-1.4358676023539678,0.46693818489475125,-1.7886579774890845e-08,7.668131303896553e-09,-82.26915355445111,26.753587287968536,0.06281237690175094,-0.4626941471650115,3.598884097655347,-26.510421837960163,1.458994805317872,1.7300135262950769,0.35,-94.39696390406633,-111.93187515129148,-22.645
172.02859399999943,sine,1633,-1.4358676023539678,0.46693818489475125,-9.539797527171791e-09,4.089793631403597e-09,-82.26915355445111,26.753587287968536,0.06281237690175094,-0.4626941471650115,3.598884097655347,-26.510421837960163,1.4379482654935125,1.7173763653035166,0.35,-93.03525277743026,-111.11425083513753,-22.645
172.13253449999957,sine,1634,-1.4358676023539678,0.46693818489475125,-5.0378072542752565e-09,2.1597515006046477e-09,-82.26915355445111,26.753587287968536,0.06281237690175094,-0.4626941471650115,3.598884097655347,-26.510421837960163,1.4163857296839977,1.7050344326442368,0.35,-91.64015671055465,-110.31572779208213,-22.645
172.23541209999985,sine,1635,-1.4358676023539678,0.46693818489475125,-2.7039168868579167e-09,1.1591925334074236e-09,-82.26915355445111,26.753587287968536,0.06281237690175094,-0.4626941471650115,3.598884097655347,-26.510421837960163,1.3943571248055342,1.6929837363040279,0.35,-90.21490597491807,-109.53604773887061,-22.645
172.3418228999999,sine,1636,-1.4358676023539678,0.46693818489475125,-1.4556890236408474e-09,6.240664627559917e-10,-82.26915355445111,26.753587287968536,0.06281237690175094,-0.4626941471650115,3.598884097655347,-26.510421837960163,1.3719131043970862,1.681218696392274,0.35,-88.76277785449149,-108.77484965658013,-22.645
172.4448241,sine,1637,-1.4358676023539678,0.46693818489475125,-7.711755825096927e-10,3.3060963579770366e-10,-82.26915355445111,26.753587287968536,0.06281237690175094,-0.4626941471650115,3.598884097655347,-26.510421837960163,1.3491049595287858,1.6697321599187065,0.35,-87.28709088151244,-108.03167074674032,-22.645
172.54956649999986,sine,1638,-1.4358676023539678,0.46693818489475125,-4.154887881343786e-10,1.781236336297119e-10,-82.26915355445111,26.753587287968536,0.06281237690175094,-0.4626941471650115,3.598884097655347,-26.510421837960163,1.3259845284483673,1.6585154191361178,0.35,-85.79119899060937,-107.30594761810683,-22.645
172.65314859999944,sine,1639,-1.4358676023539678,0.46693818489475125,-2.2145642208145386e-10,9.494028170749528e-11,-82.26915355445111,26.753587287968536,0.06281237690175094,-0.4626941471650115,3.598884097655347,-26.510421837960163,1.3026041051312784,1.6475582334134846,0.35,-84.27848560199372,-106.59701770185247,-22.645
172.75874899999963,sine,1640,-1.4358676023539678,0.46693818489475125,-1.188350383257482e-10,5.094560776032865e-11,-82.26915355445111,26.753587287968536,0.06281237690175094,-0.4626941471650115,3.598884097655347,-26.510421837960163,1.2790163469025662,1.636848854597368,0.35,-82.75235764459603,-105.90412089244971,-22.645
172.86488849999932,sine,1641,-1.4358676023539678,0.46693818489475125,-6.325106052284718e-11,2.7116276186058044e-11,-82.26915355445111,26.753587287968536,0.06281237690175094,-0.4626941471650115,3.598884097655347,-26.510421837960163,1.2552741813001156,1.626374055812836,0.35,-81.21623953011748,-105.22640141109049,-22.645
172.9721439999994,sine,1642,-1.4358676023539678,0.46693818489475125,-3.355709036497929e-11,1.4386214599652468e-11,-82.26915355445111,26.753587287968536,0.06281237690175094,-0.4626941471650115,3.598884097655347,-26.510421837960163,1.2314307123508208,1.616119163647844,0.35,-79.67356708909811,-104.56290988801551,-22.645
173.0777423999998,sine,1643,-1.4358676023539678,0.46693818489475125,-1.7723401891597474e-11,7.598175535340847e-12,-82.26915355445111,26.753587287968536,0.06281237690175094,-0.4626941471650115,3.598884097655347,-26.510421837960163,1.207539126431922,1.6060680936583998,0.35,-78.12778148014536,-103.91260565969847,-22.645
173.1835817000001,sine,1644,-1.4358676023539678,0.46693818489475125,-9.418315545933981e-12,4.037713256345157e-12,-82.26915355445111,26.753587287968536,0.06281237690175094,-0.4626941471650115,3.598884097655347,-26.510421837960163,1.1836525978912311,1.5962033891250367,0.35,-76.58232308356266,-103.27435927638987,-22.645
173.28912709999986,sine,1645,-1.4358676023539678,0.46693818489475125,-5.0048882799548e-12,2.1456388518671166e-12,-82.26915355445111,26.753587287968536,0.06281237690175094,-0.4626941471650115,3.598884097655347,-26.510421837960163,1.1598241946000822,1.5865062629844238,0.35,-75.04062539062532,-102.64695521509222,-22.645
173.3934879999997,sine,1646,-1.4358676023539678,0.46693818489475125,-2.6634201437089676e-12,1.1418312296951154e-12,-82.26915355445111,26.753587287968536,0.06281237690175094,-0.4626941471650115,3.598884097655347,-26.510421837960163,1.1361067836132186,1.5769566428536999,0.35,-73.50610889977524,-102.02909479263438,-22.645
173.49881469999946,sine,1647,-1.4358676023539678,0.46693818489475125,-1.427662686127524e-12,6.120513296939865e-13,-82.26915355445111,26.753587287968536,0.06281237690175094,-0.4626941471650115,3.598884097655347,-26.510421837960163,1.1125529371097558,1.5675332190586673,0.35,-71.9821750310012,-101.41939927309578,-22.645
173.60639449999962,sine,1648,-1.4358676023539678,0.46693818489475125,-7.597628033408639e-13,3.2571687875245745e-13,-82.26915355445111,26.753587287968536,0.06281237690175094,-0.4626941471650115,3.598884097655347,-26.510421837960163,1.0892148387888698,1.5582134955708618,0.35,-70.47220006963988,-100.81641316343476,-22.645
173.7107305999998,sine,1649,-1.4358676023539678,0.46693818489475125,-4.001902216910513e-13,1.7156500600356838e-13,-82.26915355445111,26.753587287968536,0.06281237690175094,-0.4626941471650115,3.598884097655347,-26.510421837960163,1.0661441908931184,1.54897384375279,0.35,-68.97952915078477,-100.21860769080551,-22.645
173.8143656000002,sine,1650,-1.4358676023539678,0.46693818489475125,-2.1438982008707405e-13,9.191076837139341e-14,-82.26915355445111,26.753587287968536,0.06281237690175094,-0.4626941471650115,3.598884097655347,-26.510421837960163,1.0433921220312734,1.53978955880453,0.35,-67.50747029542339,-99.6243844546531,-22.645
173.9192450999999,sine,1651,-1.4358676023539678,0.46693818489475125,-1.1493106359810582e-13,4.9271940061114296e-14,-82.26915355445111,26.753587287968536,0.06281237690175094,-0.4626941471650115,3.598884097655347,-26.510421837960163,1.0210090959708769,1.5306349187998256,0.35,-66.05928850931573,-99.03207924634872,-22.645
174.02325999999994,sine,1652,-1.4358676023539678,0.46693818489475125,-6.14022610109538e-14,2.632367986019815e-14,-82.26915355445111,26.753587287968536,0.06281237690175094,-0.4626941471650115,3.598884097655347,-26.510421837960163,0.9990448215693896,1.5214832461939976,0.35,-64.6381999555395,-98.43996602875164,-22.645
174.1261371999999,sine,1653,-1.4358676023539678,0.46693818489475125,-3.288765237009389e-14,1.4099220746763682e-14,-82.26915355445111,26.753587287968536,0.06281237690175094,-0.4626941471650115,3.598884097655347,-26.510421837960163,0.9775481640103264,1.5123069716812996,0.35,-63.24736621146812,-97.84626106778009,-22.645
174.23048279999966,sine,1654,-1.4358676023539678,0.46693818489475125,-1.7696542293337597e-14,7.586660593478355e-15,-82.26915355445111,26.753587287968536,0.06281237690175094,-0.4626941471650115,3.598884097655347,-26.510421837960163,0.9565670575087126,1.5030777002743383,0.35,-61.88988862081371,-97.2491272077497,-22.645
174.33466859999953,sine,1655,-1.4358676023539678,0.46693818489475125,-9.469176913334597e-15,4.059517964032824e-15,-82.26915355445111,26.753587287968536,0.06281237690175094,-0.4626941471650115,3.598884097655347,-26.510421837960163,0.9361484196472618,1.493766279473573,0.35,-60.56880275117784,-96.64667828194018,-22.645
174.43824899999981,sine,1656,-1.4358676023539678,0.46693818489475125,-5.071985377279641e-15,2.1744039572630334e-15,-82.26915355445111,26.753587287968536,0.06281237690175094,-0.4626941471650115,3.598884097655347,-26.510421837960163,0.9163380675018367,1.4843428693906335,0.35,-59.287072967368836,-96.036983649574,-22.645
174.54234999999971,sine,1657,-1.4358676023539678,0.46693818489475125,-2.71556751069133e-15,1.1641872565155462e-15,-82.26915355445111,26.753587287968536,0.06281237690175094,-0.4626941471650115,3.598884097655347,-26.510421837960163,0.8971806357114366,1.4747770146850205,0.35,-58.04758713052995,-95.41807285012084,-22.645
174.64672539999992,sine,1658,-1.4358676023539678,0.46693818489475125,-1.4537143663836223e-15,6.232199101271961e-16,-82.26915355445111,26.753587287968536,0.06281237690175094,-0.4626941471650115,3.598884097655347,-26.510421837960163,0.8787194966441731,1.4650377181701058,0.35,-56.85315143287801,-94.78794036560585,-22.645
174.74990489999982,sine,1659,-1.4358676023539678,0.46693818489475125,-7.789118629954903e-16,3.339262460896358e-16,-82.26915355445111,26.753587287968536,0.06281237690175094,-0.4626941471650115,3.598884097655347,-26.510421837960163,0.860996682807112,1.4550935159406868,0.35,-55.70648537762015,-94.14455048136244,-22.645
174.8566682999999,sine,1660,-1.4358676023539678,0.46693818489475125,-4.19020442601312e-16,1.7963768441601447e-16,-82.26915355445111,26.753587287968536,0.06281237690175094,-0.4626941471650115,3.598884097655347,-26.510421837960163,0.8440528116434346,1.4449125538712022,0.35,-54.61021691333022,-93.48584223546679,-22.645
174.96150789999956,sine,1661,-1.4358676023539678,0.46693818489475125,-2.215759552996289e-16,9.499152663098983e-17,-82.26915355445111,26.753587287968536,0.06281237690175094,-0.4626941471650115,3.598884097655347,-26.510421837960163,0.8279270128560945,1.4344626653306844,0.35,-53.56687773178932,-92.80973444689529,-22.645
175.06502959999943,sine,1662,-1.4358676023539678,0.46693818489475125,-1.1823637673227723e-16,5.0688956362291133e-17,-82.26915355445111,26.753587287968536,0.06281237690175094,-0.4626941471650115,3.598884097655347,-26.510421837960163,0.8126568583923256,1.4237114499580863,0.35,-52.578898737983465,-92.11413081228818,-22.645
175.1680292000001,sine,1663,-1.4358676023539678,0.46693818489475125,-6.350583281612677e-17,2.7225499269624038e-17,-82.26915355445111,26.753587287968536,0.06281237690175094,-0.4626941471650115,3.598884097655347,-26.510421837960163,0.7982782952184792,1.412626353338982,0.35,-51.648605700635606,-91.39692506103214,-22.645
175.27284520000012,sine,1664,-1.4358676023539678,0.46693818489475125,-3.4104919553995446e-17,1.4621073706667444e-17,-82.26915355445111,26.753587287968536,0.06281237690175094,-0.4626941471650115,3.598884097655347,-26.510421837960163,0.7848255810094414,1.40117474742296,0.35,-50.77821509131086,-90.65600615826553,-22.645
175.37693479999962,sine,1665,-1.4358676023539678,0.46693818489475125,-1.8209831118324836e-17,7.806711947977679e-18,-82.26915355445111,26.753587287968536,0.06281237690175094,-0.4626941471650115,3.598884097655347,-26.510421837960163,0.7723312228714139,1.3893240115190748,0.35,-49.96983011978048,-89.88926354528414,-22.645
175.47987809999995,sine,1666,-1.4358676023539678,0.46693818489475125,-9.76875540288912e-18,4.1879498511033694e-18,-82.26915355445111,26.753587287968536,0.06281237690175094,-0.4626941471650115,3.598884097655347,-26.510421837960163,0.7608259192112534,1.3770416137053316,0.35,-49.2254369729681,-89.09459240673496,-22.645
175.5825608999994,sine,1667,-1.4358676023539678,0.46693818489475125,-5.260954642691917e-18,2.2554167141913524e-18,-82.26915355445111,26.753587287968536,0.06281237690175094,-0.4626941471650115,3.598884097655347,-26.510421837960163,0.7503385048595208,1.3642951924874456,0.35,-48.546901264411,-88.26989895393773,-22.645
175.68764509999983,sine,1668,-1.4358676023539678,0.46693818489475125,-2.832387612809478e-18,1.214269043713011e-18,-82.26915355445111,26.753587287968536,0.06281237690175094,-0.4626941471650115,3.598884097655347,-26.510421837960163,0.7408958995485003,1.3510526385408166,0.35,-47.93596470078797,-87.41310571359084,-22.645
175.79353170000013,sine,1669,-1.4358676023539678,0.46693818489475125,-1.5099872964857436e-18,6.473446015052433e-19,-82.26915355445111,26.753587287968536,0.06281237690175094,-0.4626941471650115,3.598884097655347,-26.510421837960163,0.7325230598400762,1.3372821763697345,0.35,-47.39424197165293,-86.52215681112182,-22.645
175.89735689999998,sine,1670,-1.4358676023539678,0.46693818489475125,-8.023866135749489e-19,3.4399007450373003e-19,-82.26915355445111,26.753587287968536,0.06281237690175094,-0.4626941471650115,3.598884097655347,-26.510421837960163,0.7252429345918289,1.3229524457175494,0.35,-46.92321786809133,-85.59502323792545,-22.645
176.0050427999995,sine,1671,-1.4358676023539678,0.46693818489475125,-4.299424859683635e-19,1.8432005878268763e-19,-82.26915355445111,26.753587287968536,0.06281237690175094,-0.4626941471650115,3.598884097655347,-26.510421837960163,0.7190764240432705,1.3080325825615913,0.35,-46.52424463559961,-84.62970809173495,-22.645
176.10908539999946,sine,1672,-1.4358676023539678,0.46693818489475125,-2.2649572285539545e-19,9.71006734928861e-20,-82.26915355445111,26.753587287968536,0.06281237690175094,-0.4626941471650115,3.598884097655347,-26.510421837960163,0.714042342597132,1.2924922995276518,0.35,-46.19853956603444,-83.62425177943908,-22.645
176.21568369999932,sine,1673,-1.4358676023539678,0.46693818489475125,-1.2123913708331896e-19,5.197626567104147e-20,-82.26915355445111,26.753587287968536,0.06281237690175094,-0.4626941471650115,3.598884097655347,-26.510421837960163,0.7101573853638989,1.2763019655591024,0.35,-45.947182833044266,-82.57673717167393,-22.645
176.32345110000006,sine,1674,-1.4358676023539678,0.46693818489475125,-6.43314389601272e-20,2.757944375745654e-20,-82.26915355445111,26.753587287968536,0.06281237690175094,-0.4626941471650115,3.598884097655347,-26.510421837960163,0.7074360985306314,1.2594326846774693,0.35,-45.771115574931855,-81.48529469863226,-22.645
176.42679229999976,sine,1675,-1.4358676023539678,0.46693818489475125,-3.388156672293309e-20,1.452532041804334e-20,-82.26915355445111,26.753587287968536,0.06281237690175094,-0.4626941471650115,3.598884097655347,-26.510421837960163,0.7058908536079208,1.2418563736725305,0.35,-45.671138228432476,-80.34810737661273,-22.645
176.5296628999995,sine,1676,-1.4358676023539678,0.46693818489475125,-1.8202497027281255e-20,7.803567759774865e-21,-82.26915355445111,26.753587287968536,0.06281237690175094,-0.4626941471650115,3.598884097655347,-26.510421837960163,0.7055318256016567,1.223545838561889,0.35,-45.64790911642719,-79.16341575495422,-22.645
176.63399429999936,sine,1677,-1.4358676023539678,0.46693818489475125,-9.800867075014357e-21,4.201716402414071e-21,-82.26915355445111,26.753587287968536,0.06281237690175094,-0.4626941471650115,3.598884097655347,-26.510421837960163,0.7063669751488304,1.2044748496622013,0.35,-45.70194329212933,-77.92952277314443,-22.645
176.73731599999974,sine,1678,-1.4358676023539678,0.46693818489475125,-5.242266442261553e-21,2.2474049211858085e-21,-82.26915355445111,26.753587287968536,0.06281237690175094,-0.4626941471650115,3.598884097655347,-26.510421837960163,0.7084020346492461,1.1846182151165427,0.35,-45.83361164180623,-76.64479851804032,-22.645
176.85287960000005,sine,1679,-1.4358676023539678,0.46693818489475125,-2.8152304580694472e-21,1.2069136232243764e-21,-82.26915355445111,26.753587287968536,0.06281237690175094,-0.4626941471650115,3.598884097655347,-26.510421837960163,0.7116404984174518,1.1639518527254447,0.35,-46.04314024760913,-75.30768487133628,-22.645
176.9572352999994,sine,1680,-1.4358676023539678,0.46693818489475125,-1.4326805726040344e-21,6.142025409850318e-22,-82.26915355445111,26.753587287968536,0.06281237690175094,-0.4626941471650115,3.598884097655347,-26.510421837960163,0.7160836168717434,1.1424528599319297,0.35,-46.3306100116018,-73.91670003759586,-22.645
177.06053539999994,sine,1681,-1.4358676023539678,0.46693818489475125,-7.671711272655079e-22,3.288928912328153e-22,-82.26915355445111,26.753587287968536,0.06281237690175094,-0.4626941471650115,3.598884097655347,-26.510421837960163,0.7217303947694509,1.120099581814419,0.35,-46.69595654158348,-72.47044294339291,-22.645
177.16375869999956,sine,1682,-1.4358676023539678,0.46693818489475125,-4.1272331367495817e-22,1.7693805083304016e-22,-82.26915355445111,26.753587287968536,0.06281237690175094,-0.4626941471650115,3.598884097655347,-26.510421837960163,0.7285775934902026,1.0968716769449796,0.35,-47.138970298816105,-70.96759749834018,-22.645
177.26719589999993,sine,1683,-1.4358676023539678,0.46693818489475125,-2.216701016981002e-22,9.503188800551491e-23,-82.26915355445111,26.753587287968536,0.06281237690175094,-0.4626941471650115,3.598884097655347,-26.510421837960163,0.7366197373612531,1.0727501809742428,0.35,-47.659297007273075,-69.40693670903352,-22.645
177.37178820000008,sine,1684,-1.4358676023539678,0.46693818489475125,-1.191420303445801e-22,5.107721789145925e-23,-82.26915355445111,26.753587287968536,0.06281237690175094,-0.4626941471650115,3.598884097655347,-26.510421837960163,0.7458491240113609,1.0477175678088657,0.35,-48.25643832353506,-67.78732663723362,-22.645
177.4760071999999,sine,1685,-1.4358676023539678,0.46693818489475125,-6.361499382355807e-23,2.7272297536748526e-23,-82.26915355445111,26.753587287968536,0.06281237690175094,-0.4626941471650115,3.598884097655347,-26.510421837960163,0.7562558387322271,1.0217578082513286,0.35,-48.929752765975095,-66.10773019386096,-22.645
177.58252269999957,sine,1686,-1.4358676023539678,0.46693818489475125,-3.400677150283029e-23,1.4578996789055026e-23,-82.26915355445111,26.753587287968536,0.06281237690175094,-0.4626941471650115,3.598884097655347,-26.510421837960163,0.7678277728189319,0.994856425977197,0.35,-49.6784569013849,-64.36721076072465,-22.645
177.68572529999983,sine,1687,-1.4358676023539678,0.46693818489475125,-1.805567021133819e-23,7.740621835078576e-24,-82.26915355445111,26.753587287968536,0.06281237690175094,-0.4626941471650115,3.598884097655347,-26.510421837960163,0.7805506458533922,0.967000550729521,0.35,-50.501626786714475,-62.56493563220001,-22.645
177.79019019999942,sine,1688,-1.4358676023539678,0.46693818489475125,-9.687423518018175e-24,4.153082169286451e-24,-82.26915355445111,26.753587287968536,0.06281237690175094,-0.4626941471650115,3.598884097655347,-26.510421837960163,0.7944080318875598,0.9381789686154808,0.35,-51.39819966312512,-60.70017926942161,-22.645
177.8941464999998,sine,1689,-1.4358676023539678,0.46693818489475125,-5.179235588518023e-24,2.2203830495488065e-24,-82.26915355445111,26.753587287968536,0.06281237690175094,-0.4626941471650115,3.598884097655347,-26.510421837960163,0.8093813894755931,0.9083821693958716,0.35,-52.36697589907088,-58.772326359912896,-22.645
178.0019973999997,sine,1690,-1.4358676023539678,0.46693818489475125,-2.7748184253596687e-24,1.1895886356093068e-24,-82.26915355445111,26.753587287968536,0.06281237690175094,-0.4626941471650115,3.598884097655347,-26.510421837960163,0.8254500954972893,0.8776023906634776,0.35,-53.40662117867462,-56.780874675927,-22.645
178.1055765000001,sine,1691,-1.4358676023539678,0.46693818489475125,-1.462684438976022e-24,6.270654577561825e-25,-82.26915355445111,26.753587287968536,0.06281237690175094,-0.4626941471650115,3.598884097655347,-26.510421837960163,0.8425914827077696,0.845833658812545,0.35,-54.5156689311927,-54.725437725171666,-22.645
178.20969590000004,sine,1692,-1.4358676023539678,0.46693818489475125,-7.853999919334394e-25,3.367077630279745e-25,-82.26915355445111,26.753587287968536,0.06281237690175094,-0.4626941471650115,3.598884097655347,-26.510421837960163,0.8607808809416075,0.8130718267074784,0.35,-55.69252299692201,-52.605747187973854,-22.645
178.31351230000018,sine,1693,-1.4358676023539678,0.46693818489475125,-4.1998053134754305e-25,1.800492827574609e-25,-82.26915355445111,26.753587287968536,0.06281237690175094,-0.4626941471650115,3.598884097655347,-26.510421837960163,0.8799916618927044,0.779314607965031,0.35,-56.93546052445798,-50.42165513533751,-22.645
178.41772989999936,sine,1694,-1.4358676023539678,0.46693818489475125,-2.256510098874018e-25,9.673853774450941e-26,-82.26915355445111,26.753587287968536,0.06281237690175094,-0.4626941471650115,3.598884097655347,-26.510421837960163,0.9001952873845047,0.7445616077711092,0.35,-58.24263509377746,-48.17313602279077,-22.645
178.52143009999963,sine,1695,-1.4358676023539678,0.46693818489475125,-1.2050026739083195e-25,5.1659505849445306e-26,-82.26915355445111,26.753587287968536,0.06281237690175094,-0.4626941471650115,3.598884097655347,-26.510421837960163,0.9213613610387463,0.7088143501593455,0.35,-59.61208005920689,-45.86028845530965,-22.645
178.62892209999973,sine,1696,-1.4358676023539678,0.46693818489475125,-6.466098262514687e-26,2.7720721974172153e-26,-82.26915355445111,26.753587287968536,0.06281237690175094,-0.4626941471650115,3.598884097655347,-26.510421837960163,0.9434576832445911,0.6720763016858733,0.35,-61.04171210592505,-43.48333671907601,-22.645
178.73318409999956,sine,1697,-1.4358676023539678,0.46693818489475125,-3.410240990320805e-26,1.461999779768949e-26,-82.26915355445111,26.753587287968536,0.06281237690175094,-0.4626941471650115,3.598884097655347,-26.510421837960163,0.9664503093237179,0.6343528914411917,0.35,-62.52933501324455,-41.042632076245106,-22.645
178.8380078,sine,1698,-1.4358676023539678,0.46693818489475125,-1.8251784522751102e-26,7.824697734966298e-27,-82.26915355445111,26.753587287968536,0.06281237690175094,-0.4626941471650115,3.598884097655347,-26.510421837960163,0.9903036107812863,0.5956515273472558,0.35,-64.07264361754922,-38.538653819367454,-22.645
178.94202529999984,sine,1699,-1.4358676023539678,0.46693818489475125,-9.743942408406726e-27,4.177312305964585e-27,-82.26915355445111,26.753587287968536,0.06281237690175094,-0.4626941471650115,3.598884097655347,-26.510421837960163,1.014980339526621,0.555981608694944,0.35,-65.66922796737238,-35.972010082562875,-22.645
179.0465424999993,sine,1700,-1.4358676023539678,0.46693818489475125,-5.2185293923617836e-27,2.23722864278662e-27,-82.26915355445111,26.753587287968536,0.06281237690175094,-0.4626941471650115,3.598884097655347,-26.510421837960163,1.0404416949423156,0.5153545348843597,0.35,-67.31657766276783,-33.34343840701807,-22.645
179.15134979999948,sine,1701,-1.4362132418817517,0.46595650266425653,-0.0015438205453649028,-0.004375402376650885,-82.28895724062602,26.6973410393382,0.06252072841541227,-0.4617430247372575,3.5821738702867623,-26.45592653704962,1.0666473936749081,0.47378371033740974,0.35,-69.01208637076655,-30.653806058830412,-22.645
179.25904300000002,sine,1702,-1.43609509810872,0.4660928867533941,-0.00029812906912153386,-0.001730447491904403,-82.28218810105554,26.705155272038517,0.06259359564131901,-0.4618707837337228,3.5863488547960447,-26.46324658834191,1.0935557420153694,0.43128454555991214,0.35,-70.75305650839441,-27.904110097726317,-22.645
179.36255359999996,sine,1703,-1.43609509810872,0.4660928867533941,-0.0001570904837383581,-0.0009118092186987492,-82.28218810105554,26.705155272038517,0.06259359564131901,-0.4618707837337228,3.5863488547960447,-26.46324658834191,1.121123710733,0.38787445433741585,0.35,-72.53670408442511,-25.095477195630806,-22.645
179.46520059999966,sine,1704,-1.4515265346234723,0.4520428872059057,-0.07130040294573481,-0.06311221023208664,-83.16634428517492,25.900149595806713,0.053787325926810584,-0.4488314777765639,3.0817867669008354,-25.716149389216913,1.1493070122214868,0.35,0.35,-74.3601636907302,-22.645,-22.645
179.5689037000002,sine,1705,-1.4996332473545038,0.4144433666666867,-0.281541766361088,-0.19977325523687048,-85.92265589091129,23.74585575719401,0.029468179476298696,-0.4133944007511112,1.6884023139259479,-23.685754437378463,1.178060179812065,0.35,0.35,-76.2204936338406,-22.645,-22.645
179.6729733000002,sine,1706,-1.5651449074976613,0.3681623648502795,-0.5179775370459556,-0.305657210220512,-89.67619752600963,21.094149681476583,0.0020806288178149,-0.36815648558170583,0.11921124999408765,-21.09381282420069,1.2073366491043793,0.35,0.35,-78.11468119705334,-22.645,-22.645
179.7761363999998,sine,1707,-1.6828554368382043,0.32752160196426916,-0.9577270113283194,-0.32064429368289127,-96.42051406147358,18.765605491916276,-0.036625015248739574,-0.3254673685813537,-2.0984587983550607,-18.64790658894034,1.2370888411621936,0.35,0.35736842577505884,-80.03964802319393,-22.645,-23.121737147646307
179.8809166000001,sine,1708,-1.9203755197005157,0.3110000090111524,-1.767142025627112,-0.16064698614811848,-110.02941235908162,17.8189879448696,-0.10651827511440605,-0.292189771675171,-6.103047605068853,-16.741240733878467,1.2672682474177104,0.35,0.3748231056428175,-81.99225560792587,-22.645,-24.251054935090295
179.98893150000004,sine,1709,-2.200278615186706,0.31697577379695985,-2.1691034014034996,0.07902060021756332,-126.06667840308761,18.16137404645927,-0.1866119915463968,-0.2562217902233707,-10.692079522139533,-14.68042719908548,1.2978255161250576,0.35,0.39266494257911133,-83.96931089329124,-22.645,-25.405421784868505
180.0960943,sine,1710,-2.306212119625872,0.3182302341386342,-1.5788092838694734,0.09291126836654617,-132.13622111648218,18.233249329603748,-0.21349924654971883,-0.23598422329179616,-12.232605756521892,-13.52090002629274,1.3287105402008004,0.35,0.4109130100345238,-85.96757195099178,-22.645,-26.586071749233692
180.20105599999988,sine,1711,-2.3568672512403506,0.31320836882049574,-1.0638959320616275,0.042109366292352256,-135.03854636867152,17.94551764159129,-0.22162070896061203,-0.221322713834327,-12.697931276140215,-12.680857413088615,1.3598725462869115,0.35,0.42958520548450385,-87.98375374476318,-22.645,-27.794162794847402
180.30657749999955,sine,1712,-2.388220058568226,0.3150048257482941,-0.7007252657264104,0.03671468503398349,-136.83492990444563,18.048447041631174,-0.22976005328590413,-0.21549561053249228,-13.164281353983208,-12.346988987106739,1.3912601848693211,0.35,0.4486981973844648,-90.01453396104507,-22.645,-29.030773370774874
180.41476879999937,sine,1713,-2.422260782261449,0.32692031879381417,-0.5023594314706036,0.07715450603406308,-138.7853197036383,18.731154503956958,-0.24592453976369674,-0.21540198602209545,-14.090438207157014,-12.341624697802022,1.4228216212837004,0.35,0.4682673748518893,-92.05655889705542,-22.645,-30.296899152917238
180.51829999999973,sine,1714,-2.4296996151883823,0.329917720275316,-0.29289163097625276,0.05434052660494014,-139.21153343485452,18.902892958353277,-0.24978947244146701,-0.21552475869160662,-14.311882537695448,-12.348659053604566,1.4545046274380207,0.35,0.48830680018039446,-94.10644939523993,-22.645,-31.59344997167152
180.62233659999947,sine,1715,-2.429751698717577,0.33005653165289905,-0.15764183911675006,0.02984200507222715,-139.21451760125953,18.910846264437183,-0.24990579989796916,-0.2156024240682311,-14.318547609994512,-12.353108951899443,1.4862566740808894,0.35,0.5088291642849241,-96.16080681303355,-22.645,-32.92124692923459
180.7266542999996,sine,1716,-2.4300019510679265,0.3302258639717801,-0.08541392387927095,0.01673050980036356,-139.22885600474777,18.920548291644227,-0.2500879865218448,-0.21565045845849293,-14.328986134626321,-12.35586111973293,1.5180250234433368,0.35,0.5298457451715693,-98.2162190167839,-22.645,-34.28101971260054
180.83467979999932,sine,1717,-2.430192445259221,0.33044472242474665,-0.045608106997392206,0.009736974682349606,-139.2397705179307,18.933087957309976,-0.2502948361352289,-0.21574570582611088,-14.340837744467146,-12.361318391907169,1.5497568220814846,0.35,0.5513663695189935,-100.26926638867205,-22.645,-35.67340410787888
180.9379128999999,sine,1718,-2.4301180696697906,0.3306462608147159,-0.024151008051385384,0.006131523175676548,-139.23550911055756,18.944635256465073,-0.2504314343789346,-0.21589591581515033,-14.348664247320382,-12.369924790319835,1.5813991937471834,0.35,0.573399377452719,-102.31652783544277,-22.645,-37.098939721190916
181.04503139999997,sine,1719,-2.4336745397003883,0.33218087239130634,-0.028719161568832145,0.010185905342318504,-139.43927983327555,19.032562022995624,-0.2523635472533982,-0.21600178703041142,-14.459366160570037,-12.375990764126218,1.6128993321138285,0.35,0.5959515905864748,-104.35458678776472,-22.645,-38.55806791094492
181.14924299999984,sine,1720,-2.442968853803073,0.33036101245580324,-0.05626439863134355,-0.0025217294038149675,-139.9718048048283,18.928291729386345,-0.25296668898955665,-0.21247647590376753,-14.493923636500108,-12.174005315099013,1.6442045931850902,0.35,0.6190282833988032,-106.38003717907534,-22.645,-40.05112993590257
181.25442029999977,sine,1721,-2.455348479021192,0.3323325956405608,-0.08487133943864225,0.007680251410010999,-140.68110508178026,19.041255124831913,-0.2571028954172403,-0.2105779078945939,-14.730910808001264,-12.06522538105481,1.6752625872151738,0.35,0.6426331580059051,-108.38948939282176,-22.645,-41.578365322982066
181.35945059999995,sine,1722,-2.4802079911547663,0.34232509792732113,-0.15091906790624932,0.04934808752730689,-142.10545020778832,19.613783332638107,-0.2701432885799633,-0.21025954510117412,-15.478070299416546,-12.046984536637861,1.706021269969995,0.35,0.6667683223852614,-110.37957616705869,-22.645,-43.13991045832641
181.46397479999996,sine,1723,-2.5095363048909958,0.35548580844517297,-0.2003306063906351,0.08605595066157691,-143.78583880510982,20.36783650070445,-0.2868110385742431,-0.21002282770661435,-16.433062028067983,-12.033421628992253,1.7364290331606087,0.35,0.6914342720974272,-112.34695844549138,-22.645,-44.73579740470355
181.56843200000003,sine,1724,-2.51906522769418,0.3606992170857527,-0.14646490648778168,0.069806384878403,-144.33180586503823,20.666542812686703,-0.2930346898467545,-0.2103202219300164,-16.78965097914411,-12.05046106284476,1.7664347938814542,0.35,0.7166298755462553,-114.28833116413008,-22.645,-46.36595294784272
181.67569559999993,sine,1725,-2.51887116875915,0.3606285638373772,-0.07741239859759694,0.036970363308113104,-144.32068710708424,20.662494679745897,-0.2929364785895677,-0.21033587560602438,-16.78402388860663,-12.051357952413884,1.7959880828885257,0.35,0.7423523628109978,-116.20042896288761,-22.645,-48.03019787387156
181.78099620000012,sine,1726,-2.519452359069544,0.36105596637456794,-0.04323569927772652,0.02135421822612927,-144.3539868589637,20.68698304128011,-0.29340599569020087,-0.21041466809068934,-16.81092523688213,-12.055872429242536,1.82503913155464,0.35,0.7685973180761991,-118.08003181158521,-22.645,-49.728246479530085
181.8855622000001,sine,1727,-2.519452359069544,0.36105596637456794,-0.023074217322141412,0.01139641269426577,-144.3539868589637,20.68698304128011,-0.29340599569020087,-0.21041466809068934,-16.81092523688213,-12.055872429242536,1.853538957341811,0.35,0.7953586756782978,-119.92397054001518,-22.645,-51.45970631638587
181.98992349999935,sine,1728,-2.518959135574918,0.36111528294389544,-0.0101517940706836,0.006359143966889854,-144.32572723436496,20.69038163035777,-0.2933503640945046,-0.2105939492513288,-16.80773778124116,-12.066144483093383,1.8814394476338245,0.35,0.8226287197805372,-121.72913226190845,-22.645,-53.22407816980076
182.09362319999946,sine,1729,-2.518769382559541,0.3610803518658689,-0.004578878214411335,0.0032399926754876083,-144.31485518743398,20.688380227013006,-0.2932820257396211,-0.21062923320765312,-16.803822281927463,-12.06816610487529,1.90869344177526,0.35,0.8503980876802633,-123.49246568285932,-22.645,-55.02075627291303
182.1989335999997,sine,1730,-2.5218914926331903,0.3628474035923263,-0.016350190617022895,0.009666886927037236,-144.49373891782935,20.789624833120325,-0.2953766750210375,-0.21073883872511248,-16.923836845312735,-12.07444603843706,1.9352548111668262,0.35,0.8786557767457777,-125.21098628249366,-22.645,-56.84902875545182
182.30411959999947,sine,1731,-2.533516237348746,0.35947608470776155,-0.06060633389979734,-0.00965435611357897,-145.1597877279477,20.59646248964201,-0.29503944267489207,-0.20536499882626252,-16.904514855163306,-11.766547692453948,1.9610785372709287,0.35,0.9073891549721869,-126.88178136142909,-22.645,-58.708078326700495
182.40814390000014,sine,1732,-2.551729598730743,0.34930162368076256,-0.11684058722024726,-0.04989614693980725,-146.2033364658827,20.013508813974628,-0.2902755392889376,-0.19429805865353747,-16.631563297140037,-11.13245872843302,1.9861207873852682,0.35,0.936583975138704,-128.50201494382685,-22.645,-60.596983191474145
182.5138705999998,sine,1733,-2.5723164639124985,0.3386499083088771,-0.16075969806694718,-0.07340346436212931,-147.3828769542021,19.403210478590967,-0.28524188703772674,-0.18253993063647087,-16.343156267609125,-10.458767618080575,2.0103389880469913,0.35,0.9662243925425271,-130.06893252664034,-22.645,-62.51471819750151
182.61875959999998,sine,1734,-2.5844427428376524,0.3370809085515617,-0.14124186896572097,-0.04551385958751088,-148.07766155781187,19.313313414439744,-0.2861026782156782,-0.17823803305625427,-16.39247596914784,-10.212287042836623,2.0336918959343846,0.35,0.9962929862770225,-131.5798656669547,-22.645,-64.46015621212335
182.72255609999957,sine,1735,-2.61517892153899,0.3373194826401359,-0.21407958913004693,-0.021728628545792633,-149.83871487575837,19.326982702816228,-0.29165131455326676,-0.16948139746874988,-16.71038941334459,-9.710568780938562,2.056139666138072,0.35,1.0267707840151592,-133.03223639913327,-22.645,-66.4320697257808
182.82542749999993,sine,1736,-2.6586056917244187,0.3386324230066402,-0.3094393311689817,-0.0026753545518552082,-152.326885525268,19.40220864456928,-0.2998968192845085,-0.1572698817141507,-17.182822034399894,-9.010900466742516,2.0776439176789983,0.35,1.0576372902516762,-134.4235614738312,-22.645,-68.42913267928346
182.93306309999934,sine,1737,-2.786735047711528,0.3684126755102665,-0.6787127401765214,0.15170883058937965,-159.66815685505864,21.108491425860976,-0.34545908264740943,-0.12800750639334904,-19.793347430157656,-7.334289862332803,2.0981677961556966,0.35,1.0888705179508413,-135.75145641127358,-22.645,-70.44992251141943
183.03617399999985,sine,1738,-2.8760381823972323,0.4066357328493856,-0.660910461186676,0.26602621400277976,-164.78484956983786,23.298511291479045,-0.3923819839342222,-0.10671924809424346,-22.481831636401004,-6.114562508609704,2.117676033409186,0.35,1.1204470235395072,-137.01363936157435,-22.645,-72.49292242300612
183.1401896999996,sine,1739,-2.943900700188422,0.4219118434332821,-0.6107721665688858,0.22486127054132246,-168.6730854264045,24.17376795531144,-0.4136940576386927,-0.08286633999220881,-23.70292351233891,-4.747891545249712,2.1361350040993847,0.35,1.1523419451785861,-138.2079347652302,-22.645,-74.55652385305453
183.2448403999997,sine,1740,-3.004565661381044,0.42832209963429824,-0.5716095562273561,0.16078768460329085,-172.14893166706668,24.54104858122723,-0.4243072148192695,-0.05850819162688267,-24.31101262609492,-3.3522724471630387,2.1535127790933317,0.35,1.184529044239298,-139.33227680733856,-22.645,-76.63902916228258
183.34966129999975,sine,1741,-3.102231228188965,0.4229977341184044,-0.727932327760435,0.08367410234999109,-177.7447564489135,24.235984908581518,-0.4226700966155716,-0.016645494774494594,-24.217212662458994,-0.9537165984856062,2.1697791755713953,0.35,1.2169807499042489,-140.38471265946927,-22.645,-78.7386545188049
183.4530992,sine,1742,3.06894487506551,0.4159928082188698,-0.886162281872176,0.04338524816250221,175.83758889955743,23.834632218736303,-0.4148955483655771,0.03019437756020857,-23.77176386011349,1.7300103992244706,2.184905803764322,0.35,1.2496682068068012,-141.36340550355163,-22.645,-80.85353298040005
183.55809899999986,sine,1743,2.9937933737655147,0.4170171803057214,-0.8032438371068179,0.04786885040619263,171.5317250509958,23.893324415963907,-0.4124706733465775,0.06141068554539605,-23.632828755678105,3.5185730987562436,2.198866110240348,0.35,1.2825613256163662,-142.26663733255054,-22.645,-82.9817177673789
183.66384259999995,sine,1744,2.972694762103095,0.42422803477037657,-0.5117564946667317,0.061734054644369284,170.32286364915365,24.306475943471717,-0.4181915352378183,0.07131104641338808,-23.960609997223436,4.085821992148663,2.2116354176683735,0.35,1.315628836470927,-143.09281152314378,-22.645,-85.12118571966899
183.76884280000013,sine,1745,2.965839673530434,0.426133364402874,-0.3008107190747078,0.04213213135852592,169.9300960057518,24.415643289995035,-0.4195688480211842,0.07450923451149537,-24.039524206779717,4.269064672259183,2.223190960990116,0.35,1.348838345152481,-143.84045517606052,-22.645,-87.26984093136552
183.87244229999942,sine,1746,2.9663502924020086,0.4267027458835264,-0.1578609869764335,0.024947773047911855,169.95935231203276,24.448266445769324,-0.420167500155416,0.07439425487018349,-24.073824447467697,4.262476824082084,2.2335119199410123,0.35,1.3821563918956739,-144.50822122018351,-22.645,-89.4255185556501
183.97601229999964,sine,1747,2.966276347328347,0.42856951577442975,-0.08476668781969272,0.021763040428679756,169.95511557139616,24.555224481840185,-0.42200015287389053,0.07475092524873661,-24.178827713549467,4.282912531450512,2.2425794478668024,0.35,1.4155485127140224,-145.0948902769821,-22.645,-91.58598877259725
184.0792832999996,sine,1748,2.9622643017834758,0.4299318935006597,-0.0631965157150198,0.017886486463649903,169.72524229446077,24.63328297565579,-0.4230373834514356,0.07668640851953909,-24.238256648024716,4.39380755418567,2.2503766967899086,0.35,1.4489793031236489,-145.5993722823071,-22.645,-93.74896091210009
184.1830017000002,sine,1749,2.9334032470579894,0.4291397069122319,-0.16282289519268597,0.007283197808826153,168.0716256663943,24.58789402755201,-0.419873184879028,0.0886983464798406,-24.05696142428444,5.082040903083929,2.2568888386868404,0.35,1.4824124841388997,-146.02070786303858,-22.645,-95.91208772378681
184.28575939999973,sine,1750,2.888799287622124,0.42690618053057017,-0.28763552006718157,-0.002501766653956173,165.5160070411465,24.459922392451666,-0.4133380573251592,0.10677329882448683,-23.682526196868103,6.11765938733225,2.2621030829455178,0.35,1.5158109704099616,-146.35806946657502,-22.645,-98.07296978552452
184.39182689999961,sine,1751,2.874982307743304,0.42740413155572676,-0.21677326333358507,0.0019849035560360593,164.72435240847292,24.48845288459735,-0.4123037235671388,0.112605200606266,-23.623263237925627,6.451802745963021,2.2660086899782934,0.35,1.5491369403680915,-146.61076224159558,-22.645,-100.22916004181552
184.49544379999952,sine,1752,2.8753318188278767,0.4282118416586858,-0.11321055851794562,0.004605484500465897,164.744377918512,24.534731264566982,-0.41312230276724365,0.11267361844288698,-23.67016437128883,6.4557227992448185,2.2685969809743693,0.35,1.5823519082397113,-146.7782246690417,-22.645,-102.37816846310932
184.6011050999996,sine,1753,2.8754234947040924,0.4288129342860653,-0.06027744811357567,0.005158751308969338,164.74963055930232,24.569171335212257,-0.4137125560117593,0.11279385448348804,-23.703983391043483,6.462611816916623,2.2698613437824218,0.35,1.6154167977871339,-146.8600289427227,-22.645,-104.51746681682756
184.7101501999996,sine,1754,2.875903243632882,0.42939876825312673,-0.02984998374443234,0.005325827782002545,164.77711814814788,24.60273714902028,-0.4143318991848721,0.11274918844567987,-23.739469140933085,6.460052641462643,2.269797234921793,0.35,1.6482920176297213,-146.85588109944004,-22.645,-106.64449354064297
184.8134014999996,sine,1755,2.8761605373495485,0.4298314469921487,-0.01450372401566466,0.004678041992179345,164.79185999220812,24.627527814651284,-0.4147784211267138,0.11275608272281719,-23.7650529636606,6.460447654445405,2.268402177728178,0.35,1.6809375379960518,-146.76562089901313,-22.645,-108.75665870834456
184.9200082999996,sine,1756,2.876483565201207,0.43043811016998546,-0.006347464167010788,0.005235487332680795,164.81036812477333,24.662287054327326,-0.41540029158767944,0.11278104643768573,-23.800683516477786,6.461877969948341,2.265675756646925,0.35,1.7133129687548854,-146.58922145505605,-22.645,-110.85134907844109
185.02368519999982,sine,1757,2.8749205965442037,0.4306721987458866,-0.010231802574427023,0.0038059137746737242,164.7208166172158,24.675699341758687,-0.41544932533381984,0.11349185368250167,-23.803492943185347,6.502604225123616,2.261619607694771,0.35,1.7453776385695141,-146.3267886178517,-22.645,-112.92593321544757
185.12715089999983,sine,1758,2.8749546436572153,0.43114309671430895,-0.005340181073159654,0.0041538716696197285,164.72276737309596,24.702679807930572,-0.4159074466314819,0.11360178555324286,-23.829741360046437,6.508902857351064,2.256237405117858,0.35,1.7770906750183593,-145.9785601111254,-22.645,-114.97776667368785
185.23199579999982,sine,1759,2.8754173231882394,0.43152677736568384,-0.0007968360354038369,0.003937189452998846,164.74927695749074,24.724663089935184,-0.4163301322885872,0.11351026619729154,-23.853959464259287,6.503659184511298,2.249534844281518,0.35,1.8084110855216666,-145.54490442501424,-22.645,-117.00419723325183
185.33844090000002,sine,1760,2.8604805533459183,0.4304734604067167,-0.06708246649637821,-0.0023716213433953707,163.89346308596745,24.664312473696814,-0.41357630472867335,0.11942378440456741,-23.696176767569415,6.842478819861974,2.2415196208341923,0.35,1.839297838913247,-145.02631946797226,-22.645,-119.00257017768709
185.44307179999942,sine,1761,2.7804099056336167,0.4278429387077164,-0.39048374928332025,-0.005543337776186554,159.30575290917372,24.51359468242651,-0.400238305883523,0.1511915298736747,-22.931965726591933,8.662636559887666,2.2322014061952955,0.35,1.8697099474940253,-144.42343098083563,-22.645,-120.97023360286344
185.54986329999974,sine,1762,2.6874964459919255,0.432450019492799,-0.6165128026113951,0.0341542421173633,153.9822038117457,24.777560967287563,-0.388624602136418,0.18969432773183556,-22.266549517367547,10.868684376605628,2.2215918194235846,0.35,1.899606549403483,-143.73699071670592,-22.645,-122.90454374640537
185.65423389999978,sine,1763,2.6619006498162845,0.4471619819584591,-0.42320425576520565,0.08711509035700553,152.5156727176044,25.620494324924767,-0.39669398701250463,0.20636792090133604,-22.728891214034007,11.824010894536164,2.209704395529691,0.35,1.9289469911439623,-142.96787439077102,-22.645,-124.80287032701436
185.75880030000008,sine,1764,2.6300351609347903,0.4669784763129572,-0.3493072063717483,0.13907978965316717,150.68991469257372,26.75589581618233,-0.4071973473157383,0.22860275081152698,-23.330689430114546,13.097972806581351,2.1965545503032327,0.35,1.9576909100922606,-142.11707940461915,-22.645,-126.66260188296927
185.86355850000018,sine,1765,2.607276666024326,0.4838901099187566,-0.27449824079113966,0.15219243220630793,149.38594898613417,27.72486104646625,-0.4164441348649612,0.24642224131307702,-23.860491330739134,14.118954405393627,2.1821595417314357,0.35,1.9857983168329927,-141.1857223500239,-22.645,-128.48115109909463
185.97078799999963,sine,1766,2.5767255746256454,0.49880736530117853,-0.2683922542476543,0.15043357840548616,147.63550038947133,28.579556821797834,-0.42132250995381026,0.2670133522596291,-24.140001634211945,15.29873815811669,2.1665384280928275,0.35,2.0132296771481095,-140.17503629760594,-22.645,-130.2559601114827
186.07847309999943,sine,1767,2.4578656302912094,0.5209536182658863,-0.6165838776971937,0.2002965278967902,140.82532722594826,29.848443648704674,-0.40385564222994086,0.32907946247579895,-23.13922383232095,18.854864324297026,2.1497120228158244,0.35,2.0399459934974207,-139.08636787618386,-22.645,-131.98450577928313
186.1818306999994,sine,1768,2.4026349661019015,0.5347276851207506,-0.5424750469518729,0.17908232480113492,137.66084326819657,30.63763954621944,-0.39525518500525236,0.3601486303751,-22.6464539314635,20.63499651791031,2.1317028461980754,0.35,2.0659088858259915,-137.92117414901548,-22.645,-133.66430491294165
186.28569719999996,sine,1769,2.3969462001926836,0.5446063301052241,-0.3097485105734822,0.14117771984460947,137.33490099096048,31.203644211137846,-0.40046403901107663,0.3690861799764591,-22.944899282097044,21.14708038925702,2.1125350740886395,0.35,2.0910806715349146,-136.68101929353497,-22.645,-135.292919448309
186.3917935999998,sine,1770,2.3897887191685845,0.5551107693261335,-0.19326898544598856,0.12329894871907125,136.92480753633464,31.805504244647643,-0.4054851286502333,0.37911710152056644,-23.232586526977585,21.721809858361222,2.0922344836403752,0.35,2.1154244444540256,-135.36757109153228,-22.645,-136.86796155617546
186.49549729999944,sine,1771,2.38644681150968,0.5622517964911479,-0.11550564564500232,0.09725167118113023,136.73333033195698,32.21465496259124,-0.40941578548199736,0.3853644992155897,-23.45779657415193,22.079759379225813,2.070828396245962,0.35,2.138904152656187,-133.98259723711374,-22.645,-138.3870986768553
186.5997652999995,sine,1772,2.3857625717336095,0.5654331914909257,-0.06461234521914626,0.06643728075062225,136.69412628061315,32.39693546904254,-0.41146711686806825,0.3878266439736875,-23.575329204956514,22.220829882415075,2.048345617775849,0.35,2.1614846749553505,-132.52796147009744,-22.645,-139.84805846961117
186.70441829999982,sine,1773,2.386117032454491,0.5656701088498124,-0.03303948372921837,0.03664192622515131,136.71443538392282,32.41050983380013,-0.411777023258865,0.3878432095089802,-23.5930855331933,22.221779017672723,2.024816376241652,0.35,2.1831318959327675,-131.0056195428349,-22.645,-141.24863366685005
186.80871149999984,sine,1774,2.387225846744874,0.5669445666647007,-0.012706698580668287,0.025205085971961524,136.77796576302555,32.48353088776069,-0.41313552031665635,0.38825917055919085,-23.670921681085684,22.245611830291622,2.0002722570135223,0.35,2.2038127793382394,-129.4176150287749,-22.645,-142.5866868231841
186.91418720000001,sine,1775,2.387595123707876,0.5672483308579446,-0.005154006198835226,0.014827000451414057,136.79912377447698,32.50093529400076,-0.41350029869898747,0.38831452694558344,-23.69182194285087,22.248783517601012,1.9747461357241085,0.35,2.2234954397167055,-127.76607498134983,-22.645,-143.86015494967086
187.0176577000002,sine,1776,2.388028006864543,0.5676705274183639,-0.0008295137536773777,0.009774522144316525,136.8239261523763,32.52512537503773,-0.41397624347895284,0.38842437814135483,-23.719091570024165,22.255077527493178,1.9482721089966568,0.35,2.2421492121131426,-126.0532054520837,-22.645,-145.06705402372032
187.12240669999937,sine,1777,2.3884123662913774,0.568040366740625,0.0012713488490311562,0.006910403195574943,136.84594832534998,32.54631560730127,-0.4143953116757498,0.3885181899319283,-23.743102409028786,22.260452547161606,1.92088542313823,0.35,2.2597447197129337,-124.28128687704348,-22.645,-146.2054833654268
187.22658709999996,sine,1778,2.3887398465719576,0.5683862421378474,0.002127576931104289,0.005216849962111564,136.86471156330097,32.56613280779953,-0.41477492106430924,0.3886189458938919,-23.764852424856787,22.2662254385429,1.892622400943221,0.35,2.276253939278199,-122.45266934102641,-22.645,-147.27362987129948
187.33649799999966,sine,1779,2.3888470795153456,0.5685695886080797,0.0016179477258204383,0.0036144640270525876,136.87085555838186,32.576637786732455,-0.4149504003681082,0.38869981003893955,-23.77490664835636,22.270858612768063,1.8635203667554934,0.35,2.2916502642450696,-120.56976772908043,-22.645,-148.269772096656
187.44209489999957,sine,1780,2.3891332548102007,0.5687197909888672,0.0020872604131951756,0.0025395545593792515,136.88725219497798,32.5852437492244,-0.41517126893335865,0.3886836993169196,-23.787561484972322,22.26993553639141,1.833617569940972,0.35,2.305908565350965,-118.6350567751809,-22.645,-149.19228417820742
187.54612269999961,sine,1781,2.389069804533472,0.5689326512733873,0.0008283542615917054,0.002292993099675254,136.8836167619125,32.59743974515335,-0.41530198696510784,0.38885552755207053,-23.795051076497806,22.27978056906674,1.8029531069250342,0.35,2.3190052486658552,-116.65106601804972,-22.645,-150.03963958868084
187.65032819999942,sine,1782,2.3824132044045623,0.570807537635264,-0.02921036331291991,0.009668817971858683,136.50222166861974,32.70486282075553,-0.4140643938345283,0.39290192514122146,-23.72414221336122,22.511622073157,1.7715668419519508,0.35,2.330918310906182,-114.62037467429123,-22.645,-150.81041471563
187.75414339999952,sine,1783,2.3465416102760113,0.5803582088014562,-0.17239727611693603,0.0497338926482938,134.4469307206475,33.252075970095625,-0.4063948648695813,0.41431734736898157,-23.284710572816415,23.738635383298305,1.7394993267255776,0.35,2.3416273919153925,-112.54560643914488,-22.645,-151.5032922569259
187.85789489999934,sine,1784,2.2894742472692338,0.595685568440632,-0.3349463683660605,0.10217510389241614,131.17721167241814,34.130268988499566,-0.39219351018183374,0.448358725820844,-22.471032885840152,25.68906269739761,1.7067917190927697,0.35,2.3511138242003145,-110.4294242253022,-22.645,-152.11706442576036
187.97308770000018,sine,1785,2.285157850946363,0.599768455826119,-0.19666739202110042,0.0733415182678713,130.92990038041185,34.36420120391517,-0.39292941184747454,0.4531320755687518,-22.51319694541802,25.96255549209256,1.6734857009324209,0.35,2.359360679418178,-108.27452485032764,-22.645,-152.6506359583561
188.07782319999933,sine,1786,2.282268251172729,0.6064874520857975,-0.11136293325288363,0.06626778312525458,130.76433850890066,34.74917133215893,-0.39600556690020344,0.45935456950113274,-22.689447647067226,26.31907813246375,1.6396233954143296,0.35,2.366352811715032,-106.08363368330713,-22.645,-153.10302691796258
188.18460789999972,sine,1787,2.2804760080373567,0.6129222996061527,-0.06668025645942047,0.06413773620786822,130.66165054138256,35.11786093688551,-0.39937454382816134,0.46494485597384827,-22.882475806316165,26.639377953619427,1.6052472837932434,0.35,2.3720768978221543,-103.85949926142285,-22.645,-153.47337528909338
188.29609729999993,sine,1788,2.2781861364698655,0.620542642959008,-0.04470440782459295,0.06760630386287246,130.5304505649383,35.55447444944469,-0.4032609296985029,0.4716500761255636,-23.105149314246013,27.023558769018784,1.5704001219039194,0.35,2.3765214738232516,-101.6048878871836,-22.645,-153.7609393563644
188.40442929999972,sine,1789,2.2762946288545756,0.626532379301608,-0.030914773693467346,0.060903919308298214,130.42207516166533,35.897661062271794,-0.4062519036047084,0.4769719206943787,-23.276519495705347,27.328478002036512,1.5351248565235553,0.35,2.3796769685117263,-99.32257821707404,-22.645,-153.96509986270868
188.50862879999931,sine,1790,2.2752802776516674,0.6291488085107896,-0.02055617309469821,0.043487391653692864,130.36395711879467,36.04757141335265,-0.4074623837300813,0.4793773347745449,-23.34587489807368,27.466298076811377,1.4994645417679062,0.35,2.381535733263634,-97.01535585238354,-22.645,-154.08536194215714
188.61259979999977,sine,1791,2.2752258553526916,0.6293817795847848,-0.01125523211831252,0.024350705688863848,130.36083895075194,36.060919672641205,-0.4075871662020195,0.4795770286624641,-23.35302440707295,27.477739693783704,1.4634622556868582,0.35,2.382092068358866,-94.68600794293972,-22.645,-154.12135682281865
188.72107119999964,sine,1792,2.2752416858100712,0.629527871587162,-0.005961979616935179,0.013706623756176163,130.36174596914756,36.069290127798034,-0.4076893689075396,0.47968189415990503,-23.358880190754068,27.483748044203608,1.4271610172251932,0.35,2.381342245689565,-92.33731781447,-22.645,-154.07284329611488
188.82651439999972,sine,1793,2.275159159618835,0.6296606753911855,-0.0034870766677359702,0.007771961297034155,130.35701756669044,36.076899225271866,-0.40773577809357103,0.47981673730343555,-23.36153924124431,27.491473987224186,1.3906037037125059,0.35,2.3792845278021186,-89.97205963019913,-22.645,-153.9397089487971
188.93058049999945,sine,1794,2.2751863095333356,0.6297618166327921,-0.0017344192123747524,0.004582409889414509,130.35857314220547,36.08269419155064,-0.40781430087078296,0.47988273744104293,-23.366038264974197,27.49525551655637,1.3538329690457584,0.35,2.3759191832258097,-87.59299309726057,-22.645,-153.7219711547099
189.0355114999993,sine,1795,2.2751035384653493,0.6298922018454454,-0.0012975940575644038,0.003035871084327324,130.35383070934407,36.090164713946585,-0.40785900427968425,0.4800158524191548,-23.368599581634086,27.502882442992156,1.3168911627258009,0.35,2.371248498048453,-85.20285822835932,-22.645,-153.41977782373493
189.13942319999933,sine,1796,2.2751035384653493,0.6298922018454454,-0.0006932687764856285,0.001621982329473824,130.35383070934407,36.090164713946585,-0.40785900427968425,0.4800158524191548,-23.368599581634086,27.502882442992156,1.2798202499075102,0.35,2.365276783706653,-82.80437016901591,-22.645,-153.03340790582047
189.2434822999994,sine,1797,2.2751035384653493,0.6298922018454454,-0.0003716503265779713,0.0008695188401653648,130.35383070934407,36.090164713946585,-0.40785900427968425,0.4800158524191548,-23.368599581634086,27.502882442992156,1.242661732621049,0.35,2.3580103809654953,-80.40021410058188,-22.645,-152.56327164846755
189.3502785999999,sine,1798,2.2751035384653493,0.6298922018454454,-0.00019916382878186047,0.00046596676774065626,130.35383070934407,36.090164713946585,-0.40785900427968425,0.4800158524191548,-23.368599581634086,27.502882442992156,1.205456572318893,0.35,2.349457660069914,-77.99304022903239,-22.645,-152.00991060652345
189.45530919999965,sine,1799,2.2751035384653493,0.6298922018454454,-0.00010514273859763423,0.0002459935740108777,130.35383070934407,36.090164713946585,-0.40785900427968425,0.4800158524191548,-23.368599581634086,27.502882442992156,1.1682451139009111,0.35,2.339629017057296,-75.58545886938896,-22.645,-151.37399740360706
189.55899839999984,sine,1800,2.2751035384653493,0.6298922018454454,-5.620086820121665e-05,0.00013148841865569063,130.35383070934407,36.090164713946585,-0.40785900427968425,0.4800158524191548,-23.368599581634086,27.502882442992156,1.1310670113662074,0.35,2.3285368662284798,-73.18003563539362,-22.645,-150.65633524498264
189.66226559999996,sine,1801,2.2751035384653493,0.6298922018454454,-3.0152675446005312e-05,7.054566485411841e-05,130.35383070934407,36.090164713946585,-0.40785900427968425,0.4800158524191548,-23.368599581634086,27.502882442992156,1.0939611552373583,0.35,2.316195628781461,-70.77928674385709,-22.645,-149.85785718216053
189.76687009999932,sine,1802,2.2751035384653493,0.6298922018454454,-1.617868597406883e-05,3.785190340905197e-05,130.35383070934407,36.090164713946585,-0.40785900427968425,0.4800158524191548,-23.368599581634086,27.502882442992156,1.0569656018987637,0.35,2.3026217176198527,-68.38567444285002,-22.645,-148.97962513000448
189.8716704999997,sine,1803,2.2751035384653493,0.6298922018454454,-8.648801524672408e-06,2.0234869533945775e-05,130.35383070934407,36.090164713946585,-0.40785900427968425,0.4800158524191548,-23.368599581634086,27.502882442992156,1.0201175049868492,0.35,2.287833518355344,-66.00160257264915,-22.645,-148.02282863759075
189.97854969999935,sine,1804,2.2751035384653493,0.6298922018454454,-4.614899042691797e-06,1.0797089027284258e-05,130.35383070934407,36.090164713946585,-0.40785900427968425,0.4800158524191548,-23.368599581634086,27.502882442992156,0.9834530489658821,0.35,2.2718513665308544,-63.62941226809258,-22.645,-146.98878341454628
190.08312169999954,sine,1805,2.2751035384653493,0.6298922018454454,-2.4449537184733075e-06,5.720251455500579e-06,130.35383070934407,36.090164713946585,-0.40785900427968425,0.4800158524191548,-23.368599581634086,27.502882442992156,0.9470073850182537,0.35,2.2546975210985094,-61.27137781068102,-22.645,-145.87892961507356
190.18692789999932,sine,1806,2.2751035384653493,0.6298922018454454,-1.303373447622763e-06,3.049392634507784e-06,130.35383070934407,36.090164713946585,-0.40785900427968425,0.4800158524191548,-23.368599581634086,27.502882442992156,0.9108145693737031,0.35,2.2363961341937024,-58.929702638478595,-22.645,-144.69482988233256
190.2912335000001,sine,1807,2.2751035384653493,0.6298922018454454,-6.989615722164378e-07,1.6353012822290377e-06,130.35383070934407,36.090164713946585,-0.40785900427968425,0.4800158524191548,-23.368599581634086,27.502882442992156,0.8749075041966528,0.35,2.2169732172538326,-56.606515521523434,-22.645,-143.43816715632298
190.39462229999936,sine,1808,2.2751035384653493,0.6298922018454454,-3.7445540113341926e-07,8.760816358892071e-07,130.35383070934407,36.090164713946585,-0.40785900427968425,0.4800158524191548,-23.368599581634086,27.502882442992156,0.839317881145754,0.35,2.196456603537318,-54.30386691013029,-22.645,-142.11074224886448
190.49876459999996,sine,1809,2.2751035384653493,0.6298922018454454,-2.0134626871798383e-07,4.7107283789929627e-07,130.35383070934407,36.090164713946585,-0.40785900427968425,0.4800158524191548,-23.368599581634086,27.502882442992156,0.8040761277143982,0.35,2.1748759071056587,-52.023725463121565,-22.645,-140.71447118973612
190.60300899999947,sine,1810,2.2751035384653493,0.6298922018454454,-1.0761947843583979e-07,2.517881927626953e-07,130.35383070934407,36.090164713946585,-0.40785900427968425,0.4800158524191548,-23.368599581634086,27.502882442992156,0.769211356454961,0.35,2.152262478338121,-49.76797476263598,-22.645,-139.25138234847643
190.7098664999994,sine,1811,2.2751035384653493,0.6298922018454454,-5.760628117908454e-08,1.347765445500524e-07,130.35383070934407,36.090164713946585,-0.40785900427968425,0.4800158524191548,-23.368599581634086,27.502882442992156,0.7347513171840151,0.35,2.128649356055315,-47.538410221805776,-22.645,-137.72361333677887
190.81388639999932,sine,1812,2.2751035384653493,0.6298922018454454,-3.049665813668775e-08,7.135045206631635e-08,130.35383070934407,36.090164713946585,-0.40785900427968425,0.4800158524191548,-23.368599581634086,27.502882442992156,0.7007223522595466,0.35,2.1040712163348667,-45.336736191192664,-22.645,-136.13340769686587
190.91899269999976,sine,1813,2.2751035384653493,0.6298922018454454,-1.631115728045166e-08,3.816183532204603e-08,130.35383070934407,36.090164713946585,-0.40785900427968425,0.4800158524191548,-23.368599581634086,27.502882442992156,0.6671493550148542,0.35,2.0785643181084867,-43.16456326946107,-22.645,-134.4831113816191
191.02356959999997,sine,1814,2.2751035384653493,0.6298922018454454,-8.712492020784491e-09,2.0383880801657704e-08,130.35383070934407,36.090164713946585,-0.40785900427968425,0.4800158524191548,-23.368599581634086,27.502882442992156,0.6340557314278409,0.35,2.052166445636367,-41.02340582338131,-22.645,-132.77516903267295
191.12779510000018,sine,1815,2.2751035384653493,0.6298922018454454,-4.654546177969477e-09,1.0889848076899393e-08,130.35383070934407,36.090164713946585,-0.40785900427968425,0.4800158524191548,-23.368599581634086,27.502882442992156,0.6014633650973058,0.35,2.0249168479608453,-38.914679721795686,-22.645,-131.0121200630667
191.23148169999968,sine,1816,2.2751035384653493,0.6298922018454454,-2.4901285325721473e-09,5.825943147800675e-09,130.35383070934407,36.090164713946585,-0.40785900427968425,0.4800158524191548,-23.368599581634086,27.502882442992156,0.5693925855916396,0.35,1.9968561754471335,-36.83970028777909,-22.645,-129.19659455142954
191.3376404999999,sine,1817,2.2719880632072105,0.6282860047348535,-0.013965022712116004,-0.007167710676376076,130.17532712587527,35.99813639844356,-0.4053253459253325,0.4800569421393612,-23.223431651201672,27.505236710541357,0.5378621402282421,0.35,1.968026413524937,-34.799680472767264,-22.645,-127.33130895506343
191.44188479999957,sine,1818,2.2656846481993727,0.6254069840796914,-0.035430527385958074,-0.016424851067350477,129.81416804940673,35.833180665771785,-0.40044787950497096,0.4803908737014346,-22.943973410598172,27.524369579694373,0.5068891693351675,0.35,1.9384708137498792,-32.795729255985336,-22.645,-125.41906164961719
191.5457477,sine,1819,2.2424425648458612,0.6147724582360466,-0.12530724436182766,-0.05529795614295121,128.48249476615928,35.22386721780814,-0.38255784008826993,0.4812428434715569,-21.91894965669852,27.57318385179511,0.47648918503947246,0.35,1.9082338223095041,-30.82885027205387,-22.645,-123.46272830342492
191.65026039999975,sine,1820,2.199322261986344,0.5954506399645884,-0.26991270784599275,-0.11145794846104967,126.01188340098305,34.11680857833482,-0.3500970100028435,0.48165708571690996,-20.059081093312297,27.596918184149867,0.44667605361967955,0.35,1.877361006103114,-28.899940669193267,-22.645,-121.46525709487149
191.75450120000005,sine,1821,2.135120750235223,0.570222709941752,-0.45564599250130045,-0.1609130090704122,122.33340773928424,32.67135466217491,-0.3049808278013071,0.4818097483519245,-17.47411426542102,27.605665108825548,0.4174619814524415,0.35,1.845898976530039,-27.00979019997297,-22.645,-119.42966378149353
191.85875810000016,sine,1822,2.040993327291332,0.5380482364679237,-0.7156002128582607,-0.20462416035332326,116.94030366815643,30.827893124068932,-0.24376916490663517,0.47965873181561536,-13.966944324578774,27.48242093963218,0.38885750457655643,0.35,1.8138953111252012,-25.1590805461032,-22.645,-117.35902662980052
191.96304039999995,sine,1823,1.9013874605939183,0.5290475092876743,-1.046735267559243,-0.09666653860095797,108.94147671112864,30.31218944409196,-0.17172999036600067,0.5003999175583317,-9.839403663794126,28.670803344786744,0.3608714818898129,0.35,1.7813984731851602,-23.348384878270895,-22.645,-115.25648121507987
192.06828549999955,sine,1824,1.6772501505496367,0.5704998616403266,-1.4443500457468366,0.2590457925731411,96.09935481417611,32.687234284788126,-0.06061725018449221,0.5672703421753181,-3.4731126012600146,32.50219644958779,0.35,0.35,1.748457729532039,-22.645,-22.645,-113.12521510072293
192.18076099999962,sine,1825,1.5594396104159003,0.5985597884597694,-1.1976758721268672,0.3305290995638246,89.34930808235642,34.294949664988145,0.006797527632682051,0.5985211892482061,0.3894696444762352,34.292738093073034,0.35,0.35,1.7151230665663455,-22.645,-22.645,-110.96846240684256
192.2842214000002,sine,1826,1.488532950303723,0.5921854574905594,-0.9109410507731251,0.175454925713364,85.28665571856004,33.929727403232874,0.04866024909568943,0.5901828498196543,2.788026903238285,33.81498643566949,0.35,0.35,1.6814451047631755,-22.645,-22.645,-108.78949827817746
192.38917409999976,sine,1827,1.4323131829154097,0.5860975261344346,-0.7402382686226368,0.08749588382289529,82.06550032200246,33.580914630561566,0.08090545314136242,0.5804865354105081,4.635541004593515,33.25942854319353,0.35,0.35,1.647475011769595,-22.645,-22.645,-106.5916332614928
192.49351429999933,sine,1828,1.3966517324302936,0.5782782465758394,-0.5576051503733727,0.02178851489087254,80.02224971789055,33.13290291302115,0.10019580448286972,0.5695318526885549,5.740796721786409,32.631771457320724,0.35,0.35,1.6132644142635462,-22.645,-22.645,-104.37820760285145
192.59690729999966,sine,1829,1.387438662598397,0.5752553582470785,-0.34042450237557814,-0.00012173268308991493,79.49437970016358,32.959704169843796,0.10488744547218816,0.5656123681235175,6.009607949464938,32.407201533877405,0.35,0.35,1.5788653087377518,-22.645,-22.645,-102.15258547533254
192.6995397999999,sine,1830,1.3884834244406292,0.5756904734251505,-0.178408311116881,0.0017773962660920907,79.55424014431979,32.984634433149395,0.10437534651126233,0.5661495458208262,5.980266840310853,32.437979548781755,0.35,0.35,1.544329971373747,-22.645,-22.645,-99.91814914788144
192.80334330000005,sine,1831,1.3889137931103592,0.5758716779676717,-0.09406524465001345,0.0017458391069333607,79.57889845272997,32.995016688664464,0.10416446035245087,0.5663726288273334,5.968183953453231,32.45076126353571,0.35,0.35,1.5097108671735553,-22.645,-22.645,-97.67829310612903
192.9070402999996,sine,1832,1.389242363780438,0.5760466409947474,-0.04899838604237714,0.0017100117635789102,79.59772416539728,33.00504133168674,0.10400995231047509,0.5665789110280263,5.959331294747188,32.46258036302408,0.35,0.35,1.4750605585178953,-22.645,-22.645,-95.43641813610783
193.0118679999996,sine,1833,1.3896403034751454,0.5762245406511838,-0.02447603073836264,0.0017051791664815775,79.62052443040474,33.01523423117737,0.1038165314540289,0.5667952443744764,5.948249096003016,32.47497535074361,0.35,0.35,1.4404316133212083,-22.645,-22.645,-93.19592538188218
193.11595039999975,sine,1834,1.3896634485053863,0.5763293627881328,-0.012961630088186538,0.001376505088735315,79.62185054295423,33.021240097224094,0.103822296015698,0.566900754331659,5.948579381057399,32.48102062598678,0.35,0.35,1.405876512954848,-22.645,-22.645,-90.96021038817868
193.22681120000016,sine,1835,1.3900733777085472,0.5765816376310127,-0.0051152480306169016,0.0018634081294474506,79.64533775619452,33.03569438099843,0.10363524220539963,0.5671914327863994,5.93786198718546,32.497675274638794,0.35,0.3543232689416096,1.3714475601102811,-22.645,-22.92471550052214,-88.7326571391352
193.33215479999944,sine,1836,1.3900804994683762,0.5767797776228816,-0.0026085830595245895,0.0018139429901623688,79.64574580297543,33.04704696628528,0.10366681525323942,0.5673870841761834,5.939670989573045,32.50888527352929,0.35,0.40846707711194397,1.3371967867744639,-22.645,-26.427819889142775,-86.51663210430782
193.4364130999993,sine,1837,1.3902586130890162,0.5768593709321781,-0.0006023948373709117,0.00132669956468514,79.6559509617119,33.05160732698545,0.10358004590261766,0.5674838393497033,5.934699471991327,32.514428936618025,0.35,0.4618098838065149,1.3031758624898258,-22.645,-29.879099482281514,-84.31547830309172
193.54144879999967,sine,1838,1.389905254217525,0.5764027814400339,-0.001897594271358666,-0.0013248171419673518,79.63570498972194,33.025446676115564,0.1036984216102603,0.5669980633188689,5.941481900436125,32.4865960202626,0.35,0.5143151539137791,1.269436003070471,-22.645,-33.276190458221514,-82.13250939865948
193.65146449999975,sine,1839,1.3824045269433993,0.572563403971463,-0.034604728329510843,-0.01770264066586884,79.20594497363588,32.80546655120883,0.10722932622127913,0.5624328610292247,6.143787832510786,32.225029196442534,0.35,0.5659482038808747,1.2360278799461333,-22.645,-36.6168487910926,-79.97100383251482
193.7551386999994,sine,1840,1.3699603529726678,0.5664651716787246,-0.07311722229106726,-0.03541870311540532,78.4929463255864,32.456063578344526,0.11300332777948478,0.5550793084197692,6.47461375269793,31.803701667493314,0.35,0.616676241176908,1.2030015303038288,-22.645,-39.89895280414595,-77.83419901065773
193.85832599999958,sine,1841,1.3618071759755797,0.5623693065931687,-0.07647879331999627,-0.037035959272639925,78.02580369403012,32.22138779548719,0.11667540775437404,0.5501327896275879,6.6850084372935905,31.52028701741918,0.35,0.6664684000811945,1.1704062681963339,-22.645,-43.12050548525328,-75.72528555230281
193.96171409999988,sine,1842,1.3618071759755797,0.5623693065931687,-0.04111315478825996,-0.019909638478953592,78.02580369403012,32.22138779548719,0.11667540775437404,0.5501327896275879,6.6850084372935905,31.52028701741918,0.35,0.715295773741162,1.138290596784692,-22.645,-46.27963656105319,-73.64740161196957
194.06497129999934,sine,1843,1.3618071759755797,0.5623693065931687,-0.022128771271030336,-0.0107161768115026,78.02580369403012,32.22138779548719,0.11667540775437404,0.5501327896275879,6.6850084372935905,31.52028701741918,0.35,0.7631314424518341,1.1067021218799513,-22.645,-49.374604326633666,-71.60362728563285
194.16795529999945,sine,1844,1.3571104441462527,0.559521686302571,-0.03312204883652944,-0.018441532667716146,77.75670078270491,32.058231171180125,0.11865406156044707,0.546795877012695,6.798376949499072,31.329096007981853,0.35,0.8099504981156538,1.075687466947393,-22.645,-52.4037972280828,-69.59697911149634
194.27225699999963,sine,1845,1.343552968908421,0.5532687680784073,-0.07965256561080555,-0.03755221251231179,76.97991467072403,31.699965347295105,0.12464736531022047,0.5390448627454109,7.141767959701018,30.884995603520785,0.35,0.855730064849404,1.0452921897334242,-22.645,-55.365735195756436,-67.63040467575254
194.3812737999997,sine,1846,1.314092465677529,0.5433424162116576,-0.1784422297925414,-0.06266115829849452,75.2919521732624,31.131227279368538,0.1379512737680137,0.5255382263170821,7.90402576536097,30.111122340759895,0.35,0.9004493157118015,1.0155607006728813,-22.645,-58.25907072655356,-65.70677733353543
194.48563729999933,sine,1847,1.288787397103139,0.5393193774246883,-0.20706629228508577,-0.04835631278290181,73.84207854366072,30.900724136057768,0.15008491491725331,0.518015356123768,8.599232193338667,29.68009362885823,0.35,0.9440894855330992,0.9865361832309922,-22.645,-61.082589713991524,-63.8288910550452
194.59533159999955,sine,1848,1.2750536935178918,0.5410618811686704,-0.1719087706474222,-0.017033288720656868,73.05519529114237,31.000562246373686,0.1576926600277621,0.5175722019459208,9.035123879782107,29.654702764793996,0.35,0.9866338798356441,0.9582605163307524,-22.645,-63.835212025366175,-61.99945540659968
194.6982393999997,sine,1849,1.2589761492595155,0.5416325139213146,-0.15992562193382617,-0.005328905067585864,72.13401986020263,31.033257094752134,0.16616827648302407,0.5155132239112634,9.52074093144025,29.536732013297986,0.35,1.0280678798412108,0.9307741990128955,-22.645,-66.51599182572635,-60.22109067613434
194.80294239999967,sine,1850,1.2347638085225423,0.5370720978006438,-0.19650747432760815,-0.02149058871391536,70.74675492384138,30.771964498214274,0.17709636376980376,0.507033841252729,10.146874211123297,29.050899174087544,0.35,1.068378943569253,0.9041162774713503,-22.645,-69.12411764893068,-58.496323152396364
194.91011220000019,sine,1851,1.168365742741357,0.5216736088922352,-0.4126435364703782,-0.07086867905460198,66.94242598674745,29.889696072883453,0.20431654991568554,0.47999802254301005,11.706475994842798,27.501860866339822,0.35,1.1075566030370014,0.8783242746027986,-22.645,-71.658912216494,-56.827580566801075
195.0176752999996,sine,1852,1.1275787844660154,0.5185250715048222,-0.40324570321106,-0.04478467545588261,64.6055054183942,29.709298168945537,0.2223686120319681,0.4684233663706978,12.74078296561379,26.838681918351284,0.35,1.145592457580169,0.8534341222044179,-22.645,-74.11983200543693,-55.21718770662584
195.12198809999973,sine,1853,1.108247950572271,0.5231826967587552,-0.2947635646972437,-0.0005853170675566025,63.4979302218142,29.976160438549446,0.23345988897504907,0.4682057394218073,13.37626632386309,26.82621281267155,0.35,1.1824801633203657,0.8294800959487675,-22.645,-76.50646656682765,-53.66736220788526
195.22458169999936,sine,1854,1.091141687825413,0.5281512469736191,-0.23276222499324015,0.02369430179064998,62.51781356317736,30.26083739615997,0.24372744243728248,0.46855167642723256,13.964553803174,26.846033543059807,0.35,1.218215418812419,0.8064947532600754,-22.645,-78.81853759716351,-52.180210535926875
195.3307377000001,sine,1855,1.080602041854486,0.5311348193523773,-0.17156266839010376,0.027001086071562756,61.91393633148118,30.431783501334618,0.2500568406263753,0.4685891300323109,14.327201606266765,26.848179476558347,0.35,1.252795946912514,0.7845088742103705,-22.645,-81.05589776523966,-50.75772416141098
195.4407844999996,sine,1856,1.0778963566402107,0.531863265351168,-0.10244058145306628,0.017628590104047125,61.75891198801226,30.473520382668518,0.2516684664652351,0.4685525755099888,14.419540964987663,26.846085056707174,0.35,1.2862214729148094,0.7635514055486703,-22.645,-83.21852929758818,-49.40177593899897
195.54691689999981,sine,1857,1.0589513015863776,0.5264506024326531,-0.13709325295448793,-0.013406000445236696,60.67344029078463,30.163397641510652,0.2578484773141115,0.45898191636326746,14.773629503973341,26.297726680441762,0.35,1.318493699011578,0.7436494079703633,-22.645,-85.30654232604911,-48.114116695682505
195.65013069999986,sine,1858,0.9923193216020039,0.5148742432110393,-0.3764052760382556,-0.050602154987843574,56.85570905707984,29.50012111598483,0.2815071698749722,0.43110230761516916,16.129172736508217,24.700342764699723,0.35,1.349616275138779,0.7248280067281078,-22.645,-87.320173001479,-46.89637203530857
195.75291539999944,sine,1859,0.9525869457497702,0.5117634079520282,-0.38461171255145055,-0.03516340319451788,54.57921161071935,29.321883384883012,0.2966062411385677,0.4170449897029383,16.994285794479502,23.89491777705524,0.35,1.3795947662757952,0.7071103456792674,-22.645,-89.25978137804395,-45.75003936544861
195.85969829999976,sine,1860,0.9326778802067022,0.5170396375194557,-0.29391451193269397,0.007305622455609147,53.43850618105221,29.62418907083874,0.3079928594363515,0.4152955397093375,17.646690965868952,23.794681675952727,0.35,1.4084366162748116,0.6905175448585223,-22.645,-91.12584907298032,-44.676485152346395
195.96482430000015,sine,1861,0.9103374667290653,0.524801462527096,-0.24978112416430073,0.04040991879240927,52.158494776206446,30.068908885095627,0.32195482510665147,0.41444138989864954,18.446652672483683,23.745742496728408,0.35,1.4361511083018765,0.6750686616576844,-22.645,-92.91897670713142,-43.676942409252185
196.0722353000001,sine,1862,0.8962894266935066,0.5304885660619653,-0.19341515924014274,0.04814913425247201,51.353601371738115,30.39475591529757,0.33129662085696393,0.41431952371477404,18.981898142049836,23.738760078726976,0.35,1.4627493219780683,0.660780655688155,-22.645,-94.63988113198103,-42.752508423023635
196.17533999999978,sine,1863,0.8916738142204395,0.5323376249353887,-0.12160699644463843,0.033783778899304756,51.08914625716343,30.500699184815947,0.3343668367244784,0.4142247764447663,19.15780855345251,23.733331460035146,0.35,1.4882440873153695,0.6476683573944192,-22.645,-96.28939244930442,-41.90414272341892
196.28209059999972,sine,1864,0.8916496440923876,0.5322655875833062,-0.06556869974772533,0.01786110153383816,51.08776141083576,30.496571748574322,0.3343315997226798,0.4141606417228417,19.155789621966758,23.729656811148622,0.35,1.5126499355479668,0.635744440480104,-22.645,-97.86845082995346,-41.13266529906273
196.38702899999953,sine,1865,0.8916738142204395,0.5323376249353887,-0.034520562064441665,0.009750254143163694,51.08914625716343,30.500699184815947,0.3343668367244784,0.4142247764447663,19.15780855345251,23.733331460035146,0.35,1.5359830469652875,0.6250193982009462,-22.645,-99.37810313865411,-40.43875506360122
196.49173830000018,sine,1866,0.8915212993117976,0.5323971063857539,-0.019108831901288464,0.005472791444070723,51.080407796585426,30.50410722088119,0.3344673762697579,0.41422005395580247,19.163569045071192,23.73306088134872,0.35,1.558261195859106,0.6155015235717622,-22.645,-100.81949937208415,-39.82294857509302
196.59651369999938,sine,1867,0.8913900718286243,0.5324163204913244,-0.010790752742745753,0.003009762105217859,51.07288901564347,30.505208108037493,0.3345338032675385,0.41419110661248687,19.167375031689744,23.73140232074862,0.35,1.5795036927019241,0.6071968935272619,-22.645,-102.19388891781449,-39.285639011213846
196.7001956999993,sine,1868,0.8912376094518608,0.532475823504994,-0.00643792951668226,0.0018720284692017215,51.06415356492039,30.508617379589076,0.33463434259879116,0.4141863824062742,19.17313551104559,23.731131643671088,0.35,1.5997313236794977,0.6001093570690719,-22.645,-103.5026166420635,-38.827075402368955
196.8041577999993,sine,1869,0.8912376094518608,0.532475823504994,-0.0034507085964959154,0.0010034009715111784,51.06415356492039,30.508617379589076,0.33463434259879116,0.4141863824062742,19.17313551104559,23.731131643671088,0.35,1.6189662877048225,0.5942405274239142,-22.645,-104.74711881450202,-38.44736212432725
196.90758800000003,sine,1870,0.890954002983146,0.5325545826641588,-0.003116238486889706,0.0008901688767767688,51.04790411122042,30.513129947007215,0.33480130862976215,0.41415271006766946,19.18270195994228,23.7292023607827,0.35,1.6372321310459022,0.5895897782303801,-22.645,-105.92891887866988,-38.14645865150559
197.01239309999983,sine,1871,0.8908241558669898,0.5324773837582519,-0.0022495228231022395,0.00013238692937964214,51.04046441948273,30.508706775515726,0.33480654187928044,0.41404920447800686,19.183001803052814,23.72327192733902,0.35,1.6545536797039069,0.5861542437641076,-22.645,-107.04962307684278,-37.92417957153776
197.11723829999937,sine,1872,0.8908241558669898,0.5324773837582519,-0.0012030005578329494,7.079792579026543e-05,51.04046441948273,30.508706775515726,0.33480654187928044,0.41404920447800686,19.183001803052814,23.72327192733902,0.35,1.6709569696822775,0.5839288232037703,-22.645,-108.11091593844336,-37.78019486128394
197.22168489999967,sine,1873,0.8908241558669898,0.5324773837582519,-0.0006423548503398477,3.7803300031131515e-05,51.04046441948273,30.508706775515726,0.33480654187928044,0.41404920447800686,19.183001803052814,23.72327192733902,0.35,1.6864691752915935,0.5829061889324538,-22.645,-109.1145556413661,-37.71403042392976
197.3267390000001,sine,1874,0.8908241558669898,0.5324773837582519,-0.0003435519624585069,2.021841651266707e-05,51.04046441948273,30.508706775515726,0.33480654187928044,0.41404920447800686,19.183001803052814,23.72327192733902,0.35,1.7011185356380811,0.5830767988616732,-22.645,-110.06236925578385,-37.72506888635026
197.43248640000002,sine,1875,0.8908241558669898,0.5324773837582519,-0.00018301517169167772,1.0770647161843888e-05,51.04046441948273,30.508706775515726,0.33480654187928044,0.41404920447800686,19.183001803052814,23.72327192733902,0.35,1.7149342794473084,0.5844289127576305,-22.645,-110.95624788024085,-37.8125506554187
197.53654219999953,sine,1876,0.8908241558669898,0.5324773837582519,-9.742994632487245e-05,5.73386110650142e-06,51.04046441948273,30.508706775515726,0.33480654187928044,0.41404920447800686,19.183001803052814,23.72327192733902,0.35,1.7279465483775014,0.5869486125417152,-22.645,-111.79814168002434,-37.97557523144897
197.64026159999958,sine,1877,0.8870404712211153,0.5318738689217942,-0.016939621119349442,-0.002670414880460791,50.823675258265666,30.47412792251317,0.33598952739764637,0.412311593241015,19.25078188048028,23.62371413702488,0.35,1.740186318979314,0.5906198265299644,-22.645,-112.59005483796163,-38.2131027764887
197.74599119999948,sine,1878,0.806859765719409,0.5240565473497834,-0.37286529802701707,-0.028352724343363264,46.229659234636514,30.026228389340375,0.3625263153114041,0.3784308860636405,20.77122782977237,21.682492608842725,0.35,1.7516853234617566,0.5954243575686868,-22.645,-113.33404042797567,-38.52395593469404
197.85400239999944,sine,1879,0.6800112774793994,0.5236098990367741,-0.7613981411717432,0.01486504484066246,38.96177622086911,30.000637326078305,0.40714105971032044,0.3292468433671887,23.327464387885204,18.864454542944795,0.35,1.7624759694254926,0.6013419150161573,-22.645,-114.03219522182937,-38.90682190154538
197.95772119999947,sine,1880,0.6405228132543854,0.536188446549259,-0.5598092459935576,0.07309557682324794,36.69925388132247,30.721335010948472,0.429907009970312,0.3204341008558447,24.63185725438748,18.35952159110926,0.35,1.7725912587269583,0.6083501505130441,-22.645,-114.68665443963421,-39.36025473819395
198.0613401999999,sine,1881,0.6165405098345365,0.5519030313004711,-0.39375203548256654,0.11389592656684754,35.325169112362964,31.621714393993567,0.45028866944930857,0.3191192098953307,25.79964032200679,18.284183888551908,0.35,1.7820647056376289,0.6164246974772858,-22.645,-115.29958645475459,-39.882677926780396
198.16592820000005,sine,1882,0.5963276174998406,0.5662663112380091,-0.29195404640183287,0.12826437139858665,34.16705568983256,32.444669714379415,0.4685308003284829,0.3180195345991392,26.844837430708754,18.221177135245334,0.35,1.7909302544644463,0.625539214251817,-22.645,-115.87318746384967,-40.472387162092566
198.2690173000001,sine,1883,0.5848686969414958,0.5758775155130219,-0.2021967441986352,0.11250687213753581,33.51050790406371,32.99535115537575,0.48015779480362786,0.31793616491800375,27.511015142556488,18.216400404376923,0.35,1.7992221967977384,0.6356654308269878,-22.645,-116.40967613281369,-41.127553374506114
198.37246259999938,sine,1884,0.5816115617344595,0.5785464860166991,-0.12231240269373414,0.07261599950945484,33.32388780339706,33.148271900881355,0.4834209411466266,0.3178367979689898,27.697979655943865,18.21070709757533,0.35,1.8069750885534943,0.6467731990527178,-22.645,-116.91128822941108,-41.84622597871084
198.4759366999997,sine,1885,0.5818291055566998,0.5786628879338378,-0.06488349208961437,0.039613471626939754,33.33635214627057,33.15494123946063,0.4834490352889843,0.3180059247090842,27.69958933173,18.220397345985546,0.35,1.814223666977258,0.6588305462487112,-22.645,-117.3802712534286,-42.626336342291616
198.5827565999998,sine,1886,0.5818291055566998,0.5786628879338378,-0.03476075165694473,0.021222563785433007,33.33635214627057,33.15494123946063,0.4834490352889843,0.3180059247090842,27.69958933173,18.220397345985546,0.35,1.8210027677761889,0.6718037321150028,-22.645,-117.81887907511943,-43.46570146784068
198.68715969999994,sine,1887,0.5819846760559697,0.5787231741102544,-0.01770158845826081,0.011489434727497005,33.34526567929548,33.15839538293229,0.48344991856379393,0.3181142695524815,27.69963993964874,18.226605048244217,0.35,1.8273472425458661,0.6856573088385276,-22.645,-118.22936659271754,-44.36202788185274
198.79012090000015,sine,1888,0.5820746467655882,0.5786849450114006,-0.009080074401760983,0.005982046661065446,33.35042062123642,33.156205016913376,0.48338936196082505,0.3181367478395952,27.696170301876975,18.227892959226516,0.35,1.8332918766570976,0.7003541842858176,-22.645,-118.61398441971421,-45.312915723292406
198.89326100000017,sine,1889,0.582292056575032,0.5788013980924644,-0.00391071349494082,0.0037398207869835027,33.36287728574229,33.16287728696963,0.4834174466075602,0.3183058760833959,27.697779433604016,18.237583293792756,0.35,1.8388713077670613,0.7158556881657323,-22.645,-118.97497361252887,-46.31586302432288
198.99830569999995,sine,1890,0.582292056575032,0.5788013980924644,-0.0021035397270671723,0.002011617984214019,33.36287728574229,33.16287728696963,0.4834174466075602,0.3183058760833959,27.697779433604016,18.237583293792756,0.35,1.8441199451175234,0.7321216410409004,-22.645,-119.31456044910377,-47.368270175346254
199.1017525999996,sine,1891,0.5824475591983234,0.5788617096129354,-0.0004301364664408219,0.0013381316990312292,33.3717869297601,33.16633288254863,0.4834183106503424,0.31841422044874096,27.697828939608755,18.243790968661052,0.35,1.8490718897810599,0.7491104260610401,-22.645,-119.63495126883458,-48.4674445661493
199.2055905999996,sine,1892,0.5824475591983234,0.5788617096129354,-0.00023148817149164395,0.000720147405280187,33.3717869297601,33.16633288254863,0.4834183106503424,0.31841422044874096,27.697828939608755,18.243790968661052,0.35,1.8537608560141163,0.7667790632861906,-22.645,-119.93832738411334,-49.610605394616535
199.3125519999994,sine,1893,0.5824475591983234,0.5788617096129354,-0.0001240288512589911,0.0003858471680798983,33.3717869297601,33.16633288254863,0.4834183106503424,0.31841422044874096,27.697828939608755,18.243790968661052,0.35,1.8582200938733067,0.7850832864631551,-22.645,-120.22684007360294,-50.794888634166135
199.4217764999994,sine,1894,0.5824475591983234,0.5788617096129354,-6.546667431038605e-05,0.00020366334630903338,33.3717869297601,33.16633288254863,0.4834183106503424,0.31841422044874096,27.697828939608755,18.243790968661052,0.35,1.862482313248376,0.8039776221139091,-22.645,-120.50260566716995,-52.01735215076992
199.52678169999945,sine,1895,0.5824475591983234,0.5788617096129354,-3.43123485448087e-05,0.00010674389371340008,33.3717869297601,33.16633288254863,0.4834183106503424,0.31841422044874096,27.697828939608755,18.243790968661052,0.35,1.8665796094627032,0.8234154707900985,-22.645,-120.7677007322369,-53.27498096011937
199.6413292999996,sine,1896,0.5824475591983234,0.5788617096129354,-1.8295796571071237e-05,5.691725129319054e-05,33.3717869297601,33.16633288254863,0.4834183106503424,0.31841422044874096,27.697828939608755,18.243790968661052,0.35,1.8705433905882969,0.843349190344147,-22.645,-121.02415737106281,-54.56469261526632
199.74647649999952,sine,1897,0.5824475591983234,0.5788617096129354,-9.353125341202539e-06,2.9097076115487427e-05,33.3717869297601,33.16633288254863,0.4834183106503424,0.31841422044874096,27.697828939608755,18.243790968661052,0.35,1.874404306619137,0.8637301810632547,-22.645,-121.27395863825816,-55.88334271479258
199.86102519999986,sine,1898,0.5824475591983234,0.5788617096129354,-4.992940334914697e-06,1.553277216601712e-05,33.3717869297601,33.16633288254863,0.4834183106503424,0.31841422044874096,27.697828939608755,18.243790968661052,0.35,1.8781921806423103,0.8845089725097648,-22.645,-121.51903408755749,-57.22773052138179
199.9691254999998,sine,1899,0.5824475591983234,0.5788617096129354,-2.5406068601376973e-06,7.903692989476345e-06,33.3717869297601,33.16633288254863,0.4834183106503424,0.31841422044874096,27.697828939608755,18.243790968661052,0.35,1.8819359421427837,0.9056353119072411,-22.645,-121.76125545663811,-58.594604680398504
200.07664310000018,sine,1900,0.5824475591983234,0.5788617096129354,-1.3440657589148172e-06,4.1813171816573345e-06,33.3717869297601,33.16633288254863,0.4834183106503424,0.31841422044874096,27.697828939608755,18.243790968661052,0.35,1.8856635625726246,0.9270582539097805,-22.645,-122.00243249844881,-59.9806690279628
200.19180079999933,sine,1901,0.5824475591983234,0.5788617096129354,-7.076060022041595e-07,2.2013246861142787e-06,33.3717869297601,33.16633288254863,0.4834183106503424,0.31841422044874096,27.697828939608755,18.243790968661052,0.35,1.8894019933113384,0.9487262515886759,-22.645,-122.2443089672436,-61.38258847778733
200.3093385000002,sine,1902,0.5824475591983234,0.5788617096129354,-3.6108917891750984e-07,1.1233292552124389e-06,33.3717869297601,33.16633288254863,0.4834183106503424,0.31841422044874096,27.697828939608755,18.243790968661052,0.35,1.8931771061385736,0.9705872484688625,-22.645,-122.48855876716571,-62.796994975935405
200.41545760000008,sine,1903,0.5824475591983234,0.5788617096129354,-1.8204180747451633e-07,5.663223933237572e-07,33.3717869297601,33.16633288254863,0.4834183106503424,0.31841422044874096,27.697828939608755,18.243790968661052,0.35,1.8970136363356773,0.9925887714453887,-22.645,-122.73678227091833,-64.22049351251665
200.53664839999965,sine,1904,0.5824475591983234,0.5788617096129354,-9.693700983794022e-08,3.0156588848831283e-07,33.3717869297601,33.16633288254863,0.4834183106503424,0.31841422044874096,27.697828939608755,18.243790968661052,0.35,1.9009351285269402,1.0146780244085138,-22.645,-122.99050281569303,-65.64966817923084
200.64745940000012,sine,1905,0.5824475591983234,0.5788617096129354,-4.8039274005678905e-08,1.4944762967287234e-07,33.3717869297601,33.16633288254863,0.4834183106503424,0.31841422044874096,27.697828939608755,18.243790968661052,0.35,1.9049638853658442,1.0368019824049448,-22.645,-123.25116338317012,-67.08108826159993
200.75333769999997,sine,1906,0.5824475591983234,0.5788617096129354,-2.5055646214465816e-08,7.794678446288221e-08,33.3717869297601,33.16633288254863,0.4834183106503424,0.31841422044874096,27.697828939608755,18.243790968661052,0.35,1.9091209191657894,1.0589074861616772,-22.645,-123.52012347002658,-68.51131435466051
200.86018419999982,sine,1907,0.5824475591983234,0.5788617096129354,-1.3332908569667168e-08,4.147797034039972e-08,33.3717869297601,33.16633288254863,0.4834183106503424,0.31841422044874096,27.697828939608755,18.243790968661052,0.35,1.9134259065688446,1.080941336798205,-22.645,-123.79865615500425,-69.93690449084387
200.9677146999993,sine,1908,0.5824475591983234,0.5788617096129354,-7.047780311773657e-09,2.1925270184665957e-08,33.3717869297601,33.16633288254863,0.4834183106503424,0.31841422044874096,27.697828939608755,18.243790968661052,0.35,1.9178971463397727,1.1028503905527458,-22.645,-124.0879453681833,-71.35442026876265
201.07599089999985,sine,1909,0.5824475591983234,0.5788617096129354,-3.712865739870416e-09,1.155052809606687e-08,33.3717869297601,33.16633288254863,0.4834183106503424,0.31841422044874096,27.697828939608755,18.243790968661052,0.35,1.922551520366354,1.124581653347902,-22.645,-124.38908336770311,-72.76043297160926
201.1875130999997,sine,1910,0.5824475591983234,0.5788617096129354,-1.95336194526712e-09,6.076805252694963e-09,33.3717869297601,33.16633288254863,0.4834183106503424,0.31841422044874096,27.697828939608755,18.243790968661052,0.35,1.927404457940339,1.146082375022007,-22.645,-124.70306842873994,-74.15152966392385
201.29319599999963,sine,1911,0.5824475591983234,0.5788617096129354,-1.0094941596698242e-09,3.1404827082405304e-09,33.3717869297601,33.16633288254863,0.4834183106503424,0.31841422044874096,27.697828939608755,18.243790968661052,0.35,1.9324699033870032,1.1673001430524832,-22.645,-125.03080274913911,-75.52431925549567
201.40869010000006,sine,1912,0.5824475591983234,0.5788617096129354,-5.392044936653541e-10,1.6774365382316662e-09,33.3717869297601,33.16633288254863,0.4834183106503424,0.31841422044874096,27.697828939608755,18.243790968661052,0.35,1.937760287104139,1.1881829755991111,-22.645,-125.3730905756378,-76.8754385212625
201.51392020000003,sine,1913,0.5824475591983234,0.5788617096129354,-2.741476142772628e-10,8.528586657942944e-10,33.3717869297601,33.16633288254863,0.4834183106503424,0.31841422044874096,27.697828939608755,18.243790968661052,0.35,1.9432865000647674,1.2086794136962715,-22.645,-125.73063655419045,-78.20155806614878
201.62099649999982,sine,1914,0.5824475591983234,0.5788617096129354,-1.461951023159841e-10,4.548051976872942e-10,33.3717869297601,33.16633288254863,0.4834183106503424,0.31841422044874096,27.697828939608755,18.243790968661052,0.35,1.9490578718306297,1.2287386124246766,-22.645,-126.10404430744175,-79.49938822387658
201.72925140000007,sine,1915,0.5824475591983234,0.5788617096129354,-7.730997861815171e-11,2.405072369157245e-10,33.3717869297601,33.16633288254863,0.4834183106503424,0.31841422044874096,27.697828939608755,18.243790968661052,0.35,1.9550821521164492,1.2483104308956219,-22.645,-126.49381524193427,-80.76568487894674
201.83436970000002,sine,1916,0.5824475591983234,0.5788617096129354,-4.058864948229063e-11,1.2626913254422465e-10,33.3717869297601,33.16633288254863,0.4834183106503424,0.31841422044874096,27.697828939608755,18.243790968661052,0.35,1.9613654959379807,1.2673455208824886,-22.645,-126.90034758718735,-81.99725520109702
201.93767789999947,sine,1917,0.5824475591983234,0.5788617096129354,-2.1677232842549326e-11,6.743671991801902e-11,33.3717869297601,33.16633288254863,0.4834183106503424,0.31841422044874096,27.697828939608755,18.243790968661052,0.35,1.9679124523693652,1.285795413937444,-22.645,-127.32393566829793,-83.19096328175263
202.04244930000004,sine,1918,0.5824475591983234,0.5788617096129354,-1.1649248815515146e-11,3.6240194278174376e-11,33.3717869297601,33.16633288254863,0.4834183106503424,0.31841422044874096,27.697828939608755,18.243790968661052,0.35,1.974725956928284,1.3036126068337195,-22.645,-127.76476941325998,-84.34373566214165
202.14630880000004,sine,1919,0.5824475591983234,0.5788617096129354,-6.215347018607962e-12,1.9335614426968847e-11,33.3717869297601,33.16633288254863,0.4834183106503424,0.31841422044874096,27.697828939608755,18.243790968661052,0.35,1.9818073275999075,1.3207506451775686,-22.645,-128.222934095714,-85.4525667429887
202.2500712000001,sine,1920,0.5824475591983234,0.5788617096129354,-3.3315286352675927e-12,1.0364208619580388e-11,33.3717869297601,33.16633288254863,0.4834183106503424,0.31841422044874096,27.697828939608755,18.243790968661052,0.35,1.9891562645035061,1.3371642050370016,-22.645,-128.69841031337685,-86.51452406589401
202.35365050000019,sine,1921,0.5824475591983234,0.5788617096129354,-1.7881729519918622e-12,5.562911069154288e-12,33.3717869297601,33.16633288254863,0.4834183106503424,0.31841422044874096,27.697828939608755,18.243790968661052,0.35,1.996770853198047,1.3528091724387767,-22.645,-129.19107420191364,-87.52675345678885
202.46230229999946,sine,1922,0.5824475591983234,0.5788617096129354,-9.58478242418204e-13,2.981774899543407e-12,33.3717869297601,33.16633288254863,0.4834183106503424,0.31841422044874096,27.697828939608755,18.243790968661052,0.35,2.0046475716159873,1.3676427205887143,-22.645,-129.70069788355437,-88.48648402208981
202.56575389999944,sine,1923,0.5824475591983234,0.5788617096129354,-5.034194039735331e-13,1.5661110250392405e-12,33.3717869297601,33.16633288254863,0.4834183106503424,0.31841422044874096,27.697828939608755,18.243790968661052,0.35,2.0127813006071045,1.3816233846753003,-22.645,-130.22695014927967,-89.39103298849193
202.66866449999998,sine,1924,0.5823519916552877,0.5788588963675674,-0.00042750113691281317,-1.257256985627265e-05,33.36631131288572,33.16617169546231,0.48344638896540093,0.3183664726383612,27.699437708557447,18.2410552206453,0.35,2.021165338066837,1.394711134120644,-22.645,-130.76939737292437,-90.23781037760567
202.77578809999977,sine,1925,0.5568573905094567,0.5805260380073411,-0.1142743597387757,0.008320510659698434,31.90557826686021,33.261691875271865,0.4928203007903057,0.30682019479404143,28.236523293652265,17.579502231080365,0.35,2.0297914166166766,1.406867442148137,-22.645,-131.32750465509898,-91.02432350698447
202.87972869999976,sine,1926,0.47486439798074453,0.5888957981231381,-0.4139286399880029,0.052657642934186726,27.207725845317313,33.74124380544396,0.5237372632221617,0.26925367250911886,30.00793475636214,15.42709905317015,0.35,2.0386497247967132,1.4180553525412456,-22.645,-131.90063719434735,-91.7481813094186
202.98574120000012,sine,1927,0.43649693661778777,0.6006183947076635,-0.38388777456173867,0.08758662588063022,25.009432238588637,34.41289911467174,0.5443033339928485,0.2539219105659855,31.18628381268985,14.548653801329314,0.35,2.04772893172366,1.4282395434730808,-22.645,-132.4880618825208,-92.40709846270833
203.08863539999948,sine,1928,0.42782304654046355,0.6106848449954313,-0.23749117865249547,0.0921840890054602,24.512454945197558,34.98966423083909,0.5556444937717211,0.2533676704874987,31.836084402802776,14.516898183995021,0.35,2.0570162151605405,1.4373863882921252,-22.645,-133.08894912088698,-92.9988993225005
203.19248139999945,sine,1929,0.4195340519624393,0.6202911714526527,-0.16169852241346017,0.09339541038014915,24.037530539469945,35.54006619346273,0.5664987992742865,0.2526662775340148,32.457990297645395,14.47671132798018,0.35,2.066497292937418,1.4454640131553984,-22.645,-133.70237485305094,-93.52152165115429
203.29544649999934,sine,1930,0.4138611673994932,0.6287642977621436,-0.1101229023168281,0.08831642839590671,23.712498196348214,36.02554057027782,0.5756808045244584,0.25285599348719023,32.984080445947214,14.487581251403432,0.35,2.076156457655907,1.4524423514060834,-22.645,-134.3273228103372,-93.9730201359736
203.39804189999995,sine,1931,0.4111703772932085,0.6326178789519337,-0.07077120556275299,0.06499147034844259,23.558327279702546,36.2463345084638,0.5798915013906136,0.25284625246300046,33.22533560518687,14.487023131829222,0.35,2.085976614603507,1.4582931945992468,-22.645,-134.9626869648469,-94.35156969057127
203.50293969999984,sine,1932,0.41100973820523296,0.633077049104193,-0.038836994514767374,0.03710330543959029,23.549123337936717,36.272643020266635,0.5803530403811282,0.2529365505870066,33.25177984142408,14.492196833232724,0.35,2.0959393227973857,1.4629902400852697,-22.645,-135.60727418499087,-94.65546853351695
203.60614179999993,sine,1933,0.4108523834168869,0.6331245194690476,-0.02140492412707027,0.02000060025019499,23.540107572678313,36.27536287182475,0.5804363538887733,0.2528641853588979,33.25655335378858,14.488050611078592,0.35,2.106024839071053,1.466509135067553,-22.645,-136.25980708789714,-94.88314103887068
203.70933659999992,sine,1934,0.4105397234434527,0.6332120202982405,-0.012891755447331775,0.011138832245142626,23.522193475777858,36.2803763000414,0.5805956160222748,0.2527176157411559,33.26567840187447,14.479652790577132,0.35,2.116212165111019,1.4688275170574872,-22.645,-136.91892708268293,-95.03314035361942
203.81736790000014,sine,1935,0.4105397234434527,0.6332120202982405,-0.00693980380130622,0.005996181875522023,23.522193475777858,36.2803763000414,0.5805956160222748,0.2527176157411559,33.26567840187447,14.479652790577132,0.35,2.126479097344968,1.469925050656678,-22.645,-137.5831975982194,-95.10415077748706
203.9224333000002,sine,1936,0.41045127029365336,0.6333057010568632,-0.0040378359725689785,0.0035655627408553766,23.517125483609718,36.28574381213206,0.5807038671344257,0.25270364003363366,33.2718807337283,14.478852041520398,0.35,2.136802279576844,1.469783460603493,-22.645,-138.2511074886218,-95.094989901046
204.02602509999997,sine,1937,0.4102282444661611,0.6333003088938672,-0.003141347812571924,0.0018764011918719836,23.504347044971997,36.285434863949945,0.5807552673558775,0.25257197129426495,33.27482574948353,14.471307978460763,0.35,2.1471572582590674,1.468386561027811,-22.645,-138.92107460936168,-95.00461049849937
204.1294423999998,sine,1938,0.4102282444661611,0.6333003088938672,-0.0016887725879859425,0.0010087437259305408,23.504347044971997,36.285434863949945,0.5807552673558775,0.25257197129426495,33.27482574948353,14.471307978460763,0.35,2.1575185402865467,1.4657202808654837,-22.645,-139.59144955653957,-94.8321021719968
204.23230199999944,sine,1939,0.4101387309554676,0.6333932581052801,-0.0013066531800972373,0.0009573232451296344,23.499218298599864,36.29076046147297,0.5808631141493911,0.25255704708816473,33.28100491558588,14.470452884438636,0.35,2.1678596531923158,1.461772685390899,-22.645,-140.26051956154285,-94.57669274479117
204.33502390000012,sine,1940,0.4101387309554676,0.6333932581052801,-0.000703710818596542,0.0005155757738572525,23.499218298599864,36.29076046147297,0.5808631141493911,0.25255704708816473,33.28100491558588,14.470452884438636,0.35,2.178153207619488,1.4565339938337432,-22.645,-140.92651253298087,-94.23774940104319
204.43838629999937,sine,1941,0.4101387309554676,0.6333932581052801,-0.0003786675998164363,0.0002774319161376424,23.499218298599864,36.29076046147297,0.5808631141493911,0.25255704708816473,33.28100491558588,14.470452884438636,0.35,2.1883709619399547,1.4499965930532728,-22.645,-141.5876012375151,-93.81477957054675
204.54610649999995,sine,1942,0.4101387309554676,0.6333932581052801,-0.00020366931955115812,0.00014921891814593797,23.499218298599864,36.29076046147297,0.5808631141493911,0.25255704708816473,33.28100491558588,14.470452884438636,0.35,2.19848388888565,1.4421550472509863,-22.645,-142.24190761090156,-93.30743155713881
204.6506571,sine,1943,0.4101387309554676,0.6333932581052801,-0.00010718046405439478,7.852607809473794e-05,23.499218298599864,36.29076046147297,0.5808631141493911,0.25255704708816473,33.28100491558588,14.470452884438636,0.35,2.208462244054389,1.43300610371014,-22.645,-142.88750719031898,-92.71549491004606
204.75501309999981,sine,1944,0.4101387309554676,0.6333932581052801,-5.7350820941112823e-05,4.201824543074924e-05,23.499218298599864,36.29076046147297,0.5808631141493911,0.25255704708816473,33.28100491558588,14.470452884438636,0.35,2.2182756361482348,1.422548694557872,-22.645,-143.5224336587908,-92.03890053789432
204.8595035999997,sine,1945,0.4101387309554676,0.6333932581052801,-3.062955025200189e-05,2.2440828898396412e-05,23.499218298599864,36.29076046147297,0.5808631141493911,0.25255704708816473,33.28100491558588,14.470452884438636,0.35,2.2278930987990258,1.4107839345535842,-22.645,-144.14468349229696,-91.2777205656169
204.9647516999994,sine,1946,0.4101387309554676,0.6333932581052801,-1.6385513836819346e-05,1.2004894273638166e-05,23.499218298599864,36.29076046147297,0.5808631141493911,0.25255704708816473,33.28100491558588,14.470452884438636,0.35,2.2372831638324486,1.3977151149143052,-22.645,-144.75222069995942,-90.43216793495556
205.06963050000013,sine,1947,0.4101387309554676,0.6333932581052801,-8.715528865663794e-06,6.385457521388621e-06,23.499218298599864,36.29076046147297,0.5808631141493911,0.25255704708816473,33.28100491558588,14.470452884438636,0.35,2.2464139358190045,1.3833476931957007,-22.645,-145.3429816474896,-89.50259574976184
205.17681850000008,sine,1948,0.4101387309554676,0.6333932581052801,-4.65546803523975e-06,3.4108421691219846e-06,23.499218298599864,36.29076046147297,0.5808631141493911,0.25255704708816473,33.28100491558588,14.470452884438636,0.35,2.255253167757732,1.367689279254478,-22.645,-145.91487995392526,-88.48949636776473
205.2800817999996,sine,1949,0.4101387309554676,0.6333932581052801,-2.4621597317761723e-06,1.8039084742257834e-06,23.499218298599864,36.29076046147297,0.5808631141493911,0.25255704708816473,33.28100491558588,14.470452884438636,0.35,2.263768337736102,1.3507496173255473,-22.645,-146.4658114515258,-87.39350024096292
205.38299969999935,sine,1950,0.4102282444661611,0.6333003088938672,0.0003991586384366718,-0.0004148112332177405,23.504347044971997,36.285434863949945,0.5807552673558775,0.25257197129426495,33.27482574948353,14.471307978460763,0.35,2.271926726407522,1.332540564254601,-22.645,-146.99365919856666,-86.2153745072727
205.48628860000008,sine,1951,0.4102282444661611,0.6333003088938672,0.00021479311559620236,-0.00022321600633798443,23.504347044971997,36.285434863949945,0.5807552673558775,0.25257197129426495,33.27482574948353,14.471307978460763,0.35,2.27969549512632,1.3130760639338304,-22.645,-147.49629853467292,-84.95602133651883
205.5896931999996,sine,1952,0.4102282444661611,0.6333003088938672,0.00011551986669032636,-0.00012004985925054905,23.504347044971997,36.285434863949945,0.5807552673558775,0.25257197129426495,33.27482574948353,14.471307978460763,0.35,2.2870417645783725,1.2923721179960657,-22.645,-147.9716021682207,-83.61647603434545
205.69623259999935,sine,1953,0.4102282444661611,0.6333003088938672,6.203408156504561e-05,-6.44666841642437e-05,23.504347044971997,36.285434863949945,0.5807552673558775,0.25257197129426495,33.27482574948353,14.471307978460763,0.35,2.293932693744869,1.2704467528290453,-22.645,-148.41744528529304,-82.19790490803923
205.80144159999963,sine,1954,0.4102282444661611,0.6333003088938672,3.284917621140489e-05,-3.413732281432655e-05,23.504347044971997,36.285434863949945,0.5807552673558775,0.25257197129426495,33.27482574948353,14.471307978460763,0.35,2.300335559035659,1.2473199829790316,-22.645,-148.83171066960716,-80.70160289874335
205.90583909999987,sine,1955,0.4102282444661611,0.6333003088938672,1.7507919824723256e-05,-1.8194474863464593e-05,23.504347044971997,36.285434863949945,0.5807552673558775,0.25257197129426495,33.27482574948353,14.471307978460763,0.35,2.306217833428298,1.2230137710194826,-22.645,-149.2122938228109,-79.12899098496052
206.0089128999998,sine,1956,0.4102282444661611,0.6333003088938672,9.376890168448096e-06,-9.744595256049725e-06,23.504347044971997,36.285434863949945,0.5807552673558775,0.25257197129426495,33.27482574948353,14.471307978460763,0.35,2.3115472654489673,1.1975519839669526,-22.645,-149.55710807454818,-77.48161336266183
206.11443429999963,sine,1957,0.4102282444661611,0.6333003088938672,5.038539611574537e-06,-5.236120751587497e-06,23.504347044971997,36.285434863949945,0.5807552673558775,0.25257197129426495,33.27482574948353,14.471307978460763,0.35,2.316291957831353,1.1709603463332847,-22.645,-149.86408967168853,-75.76113440776352
206.21866659999978,sine,1958,0.4102282444661611,0.6333003088938672,2.6825046868261366e-06,-2.7876963445230753e-06,23.504347044971997,36.285434863949945,0.5807552673558775,0.25257197129426495,33.27482574948353,14.471307978460763,0.35,2.3204204456904405,1.1432663899089808,-22.645,-150.1312028361715,-73.96933542711106
206.32520829999976,sine,1959,0.4102282444661611,0.6333003088938672,1.4358996701687291e-06,-1.4922069964274012e-06,23.504347044971997,36.285434863949945,0.5807552673558775,0.25257197129426495,33.27482574948353,14.471307978460763,0.35,2.323901774048807,1.114499400379143,-22.645,-150.35644478095782,-72.10811120453056
206.42930220000017,sine,1960,0.4102282444661611,0.6333003088938672,7.599782135848874e-07,-7.897799762782227e-07,23.504347044971997,36.285434863949945,0.5807552673558775,0.25257197129426495,33.27482574948353,14.471307978460763,0.35,2.326705574554444,1.084690360878847,-22.645,-150.53785067367252,-70.1794663488614
206.53623499999958,sine,1961,0.4102282444661611,0.6333003088938672,4.0662907155791927e-07,-4.2257461167757273e-07,23.504347044971997,36.285434863949945,0.5807552673558775,0.25257197129426495,33.27482574948353,14.471307978460763,0.35,2.3288021412303235,1.0538718926009998,-22.645,-150.67349853760194,-68.18551145128468
206.64120920000005,sine,1962,0.4102282444661611,0.6333003088938672,2.1501152086683385e-07,-2.23442976146296e-07,23.504347044971997,36.285434863949945,0.5807552673558775,0.25257197129426495,33.27482574948353,14.471307978460763,0.35,2.330162505098083,1.0220781925747353,-22.645,-150.76151407984597,-66.12845905958538
206.74713729999985,sine,1963,0.4102282444661611,0.6333003088938672,1.1485913817504531e-07,-1.1936322094724357e-07,23.504347044971997,36.285434863949945,0.5807552673558775,0.25257197129426495,33.27482574948353,14.471307978460763,0.35,2.330758507520137,0.989344968737806,-22.645,-150.80007543655287,-64.01061947733605
206.84999289999996,sine,1964,0.4102282444661611,0.6333003088938672,6.098812450564435e-08,-6.337971097633439e-08,23.504347044971997,36.285434863949945,0.5807552673558775,0.25257197129426495,33.27482574948353,14.471307978460763,0.35,2.3305628721070812,0.9557093724316452,-22.645,-150.78741782532816,-61.83439639632745
206.95266529999935,sine,1965,0.4102282444661611,0.6333003088938672,3.2857340132442327e-08,-3.414580687511675e-08,23.504347044971997,36.285434863949945,0.5807552673558775,0.25257197129426495,33.27482574948353,14.471307978460763,0.35,2.32954927503989,0.9212099284521007,-22.645,-150.7218380950809,-59.602282370850915
207.05594759999985,sine,1966,0.4102282444661611,0.6333003088938672,1.77088025060208e-08,-1.8403234952153847e-08,23.504347044971997,36.285434863949945,0.5807552673558775,0.25257197129426495,33.27482574948353,14.471307978460763,0.35,2.3276924136596318,0.8858864627936442,-22.645,-150.6016991637782,-57.31685414274879
207.1732535000001,sine,1967,0.4102282444661611,0.6333003088938672,9.513888121075486e-09,-9.886965442249989e-09,23.504347044971997,36.285434863949945,0.5807552673558775,0.25257197129426495,33.27482574948353,14.471307978460763,0.35,2.324968073180585,0.8497800282289831,-22.645,-150.42543433478386,-54.98076782641521
207.27735089999987,sine,1968,0.4102282444661611,0.6333003088938672,4.798255037146395e-09,-4.986413665121546e-09,23.504347044971997,36.285434863949945,0.5807552673558775,0.25257197129426495,33.27482574948353,14.471307978460763,0.35,2.3213531913864505,0.8129328278697383,-22.645,-150.19155148270335,-52.59675396317207
207.38102590000017,sine,1969,0.4102282444661611,0.6333003088938672,2.579192788433211e-09,-2.6803331764696937e-09,23.504347044971997,36.285434863949945,0.5807552673558775,0.25257197129426495,33.27482574948353,14.471307978460763,0.35,2.3168259211730975,0.7753881368579596,-22.645,-149.89863709989942,-50.16761245470999
207.48379979999936,sine,1970,0.4102282444661611,0.6333003088938672,1.382423851824416e-09,-1.436634178959111e-09,23.504347044971997,36.285434863949945,0.5807552673558775,0.25257197129426495,33.27482574948353,14.471307978460763,0.35,2.3113656908055806,0.7371902223410496,-22.645,-149.54536019512108,-47.69620738546591
207.58731739999985,sine,1971,0.4102282444661611,0.6333003088938672,7.438628482563386e-10,-7.730326635008486e-10,23.504347044971997,36.285434863949945,0.5807552673558775,0.25257197129426495,33.27482574948353,14.471307978460763,0.35,2.3049532617615185,0.6983842618862655,-22.645,-149.13047603597025,-45.185461744041376
207.6926926999995,sine,1972,0.4102282444661611,0.6333003088938672,3.9919172826150334e-10,-4.1484562062596247e-10,23.504347044971997,36.285434863949945,0.5807552673558775,0.25257197129426495,33.27482574948353,14.471307978460763,0.35,2.2975707840377653,0.6590162604932617,-22.645,-148.65282972724341,-42.63835205391403
207.8000579999998,sine,1973,0.4102282444661611,0.6333003088938672,2.126772897617598e-10,-2.2101721057323155e-10,23.504347044971997,36.285434863949945,0.5807552673558775,0.25257197129426495,33.27482574948353,14.471307978460763,0.35,2.2892018488020387,0.6191329663658186,-22.645,-148.1113596174919,-40.05790292386847
207.90427999999974,sine,1974,0.4102282444661611,0.6333003088938672,1.1230908967912028e-10,-1.1671317492668748e-10,23.504347044971997,36.285434863949945,0.5807552673558775,0.25257197129426495,33.27482574948353,14.471307978460763,0.35,2.2798315382765315,0.5787817856062466,-22.645,-147.5051005264916,-37.44718152872416
208.0075997999993,sine,1975,0.4102282444661611,0.6333003088938672,6.007097197580564e-11,-6.242659325491615e-11,23.504347044971997,36.285434863949945,0.5807552673558775,0.25257197129426495,33.27482574948353,14.471307978460763,0.35,2.2694464727458286,0.538010695997273,-22.645,-146.83318678665512,-34.80929203102357
208.11342609999974,sine,1976,0.4102282444661611,0.6333003088938672,3.232527368726213e-11,-3.359287599243967e-11,23.504347044971997,36.285434863949945,0.5807552673558775,0.25257197129426495,33.27482574948353,14.471307978460763,0.35,2.2580348545871867,0.49686816003809264,-22.645,-146.09485509179098,-32.147369954464594
208.22209620000012,sine,1977,0.4007811002636634,0.6270973427471777,-0.04218995911233228,-0.027305903481474908,22.9630655537174,35.9300310832821,0.5774039784763694,0.24465429266667602,33.08281104075859,14.017658409558983,0.35,2.2455865092268747,0.4554030374024479,-22.645,-145.2894471469788,-29.464576519938383
208.32535599999937,sine,1978,0.368577761302705,0.6045741803949065,-0.1696285612552871,-0.11085936703135472,21.11795014502527,34.63954893920902,0.56397140524181,0.2178214720126349,32.313181286417944,12.480251033650962,0.35,2.232092922932467,0.413664496987166,-22.645,-144.41641211373062,-26.764092955069643
208.4327413000001,sine,1979,0.2679893971116174,0.5755099408032911,-0.5788518754369947,-0.17043748594271954,15.354661408751092,32.97429067585243,0.5549672509952205,0.15239108335534468,31.797281250003568,8.731365911687579,0.35,2.2175472773570903,0.37170192872047386,-22.645,-143.47530884500375,-24.04911478821466
208.53614709999965,sine,1980,0.021969449171186817,0.571692739439747,-1.4123012940927049,0.014974902466083776,1.258756715736189,32.75558114816977,0.571554779324203,0.012558764261821448,32.747676615807954,0.7195641881020998,0.35,2.201944480758035,0.35,-22.645,-142.46580790504487,-22.645
208.64121119999982,sine,1981,-0.23509765445948938,0.5985136672762486,-1.7850462102524147,0.3222983129488225,-13.47010337395372,34.292307115826254,0.5820495130373031,-0.13941654955385388,33.34898056468226,-7.9879798837123275,0.35,2.18528119581857,0.35,-22.645,-141.3876933694615,-22.645
208.7596778999996,sine,1982,-0.444747369327966,0.6145436241646706,-1.748879144997219,0.4160514892733088,-25.48214721203853,35.2107559913095,0.5547604415122762,-0.264395004745839,31.78543193946758,-15.148717896277946,0.35,2.167555864008678,0.35,-22.645,-140.24086440136148,-22.645
208.8641760999999,sine,1983,-0.5599687915999718,0.600173008958123,-1.3426998000844834,0.22596750117785558,-32.08384841771913,34.3873803909678,0.5085095984353022,-0.318787749107482,29.135453832235108,-18.265192584334095,0.35,2.1487687264269026,0.35,-22.645,-139.0253365998206,-22.645
208.96767509999972,sine,1984,-0.6458749125425585,0.5924791906561457,-1.100547503568233,0.1336804516940156,-37.005906582069755,33.94655707392399,0.4731381602886896,-0.3566116552206276,27.108819711126163,-20.43234276931641,0.35,2.1289218410727564,0.35,-22.645,-137.74124311740735,-22.645
209.0760110000001,sine,1985,-0.6904127334363181,0.5883220658387869,-0.7896060781757792,0.07131396923537815,-39.557735747991764,33.70837136698024,0.45358644609208715,-0.3746761122281056,25.988589005414827,-21.467359915040426,0.35,2.1080190965059806,0.35,-22.645,-136.38883554393695,-22.645
209.1817744,sine,1986,-0.6981176651340917,0.5857037578278848,-0.4493664172175254,0.027915238886942886,-39.999195815710756,33.55835336849025,0.44868039314417724,-0.3764768209886128,25.70749287743187,-21.57053292714972,0.35,2.086066221856,0.35,-22.645,-134.9684845540832,-22.645
209.28541249999944,sine,1987,-0.7004607753381542,0.5853486576636137,-0.24978147164521275,0.013624864869753322,-40.13344614133757,33.53800762777311,0.44752554545654855,-0.37729820724781227,25.641324978950305,-21.61759489315189,0.35,2.0630707931523027,0.35,-22.645,-133.480680316954,-22.645
209.38909539999986,sine,1988,-0.6980749952872007,0.5865641976850172,-0.12320402408367247,0.012573576207825893,-39.99675101357143,33.60765294082878,0.44935562347684516,-0.3770107182237711,25.74618072569296,-21.601122985417994,0.35,2.0390422359535174,0.35,-22.645,-131.92603266619258,-22.645
209.49345979999998,sine,1989,-0.6964945992303346,0.5874924954204019,-0.05902050443260571,0.01084945953992063,-39.90620098955389,33.66084048319787,0.450662981538569,-0.3768956211553252,25.82108682494214,-21.59452840916172,0.35,2.013991824260452,0.35,-22.645,-130.30527102965127,-22.645
209.59706240000014,sine,1990,-0.6951033919410795,0.5881514656337826,-0.025321349343685247,0.008706222436385197,-39.82649068345174,33.69859669524942,0.4516929660635433,-0.376690338256618,25.880100591186952,-21.582766565459586,0.35,1.9879326757055282,0.35,-22.645,-128.6192441181477,-22.645
209.7000855999995,sine,1991,-0.6940159359290905,0.5886847124500069,-0.008717227797652344,0.007042508535109969,-39.764184043558636,33.729149487257864,0.45251223111313055,-0.3765399996884315,25.927041020830877,-21.57415280000446,0.35,1.9608797430184843,0.35,-22.645,-126.86891937329594,-22.645
209.80544809999992,sine,1992,-0.6929031618504079,0.5891524793011181,0.0002921227952565421,0.005893584172504766,-39.70042678529857,33.75595055362266,0.453290852194076,-0.3763350198743439,25.971652722608965,-21.562408321771862,0.35,1.9328498017756717,0.35,-22.645,-125.05538217488596,-22.645
209.91052619999937,sine,1993,-0.6921456655070544,0.5894193806914361,0.0035035459539786385,0.004313955727730419,-39.65702544182781,33.77124287683405,0.4537812761462389,-0.3761618797190471,25.99975194524003,-21.552488121609116,0.35,1.9038614344473088,0.35,-22.645,-123.17983480874089,-22.645
210.01894979999997,sine,1994,-0.691490736113484,0.5897049997408101,0.004780950410657745,0.0035763137980961124,-39.619500751697174,33.78760764291172,0.45424754956212277,-0.3760467396961656,26.026467444069322,-21.545891084244964,0.35,1.8739350107648116,0.35,-22.645,-121.24359519648331,-22.645
210.12549279999985,sine,1995,-0.6907257783525221,0.5898881348671733,0.005842755440551807,0.00267623379335174,-39.57567190048828,33.79810051273293,0.45467623409581287,-0.3758158243149455,26.051029258592298,-21.532660607476398,0.35,1.8430926644373389,0.35,-22.645,-119.24809538909584,-22.645
210.23121269999956,sine,1996,-0.6903064486799302,0.590177849447009,0.004949227477840817,0.0027011355911224556,-39.551646080024156,33.814699935420926,0.45505716953445813,-0.3758096146098233,26.072855251493635,-21.53230481758088,0.35,1.8113582662538947,0.35,-22.645,-117.19487982662699,-22.645
210.33377669999936,sine,1997,-0.6902623799861729,0.5902618415973409,0.002830857608039997,0.0018113645114557757,-39.54912112986321,33.819512331147166,0.4551384951124862,-0.3758430415913346,26.077514863881106,-21.534220042543335,0.3878368838686811,1.7787573936147618,0.35,-25.09304638630367,-115.08560336687509,-22.645
210.43655069999932,sine,1998,-0.6902823456702434,0.59027243357384,0.0014364261800272492,0.0010240731957589632,-39.55026507929554,33.820119206697264,0.45513915817405565,-0.37585887316091837,26.077552854510593,-21.535127124663553,0.4584487178248864,1.7453172965428436,0.35,-29.66163204327015,-112.92202908632198,-22.645
210.54117609999957,sine,1999,-0.6946355161102642,0.5872411970045412,-0.018849581415585223,-0.013025026778602813,-39.79968337300984,33.646442144570734,0.45116981331270006,-0.3758962928983336,25.850126146522978,-21.537271117687933,0.5291915778841525,1.711066860232752,0.35,-34.23869508910467,-110.70602585705905,-22.645
210.64397929999996,sine,2000,-0.708552910092787,0.5800378606302306,-0.07310418917020642,-0.03869966679746856,-40.597091310029164,33.23372137190967,0.44042526708788254,-0.37745132649795005,25.234508995057713,-21.626367979946995,0.6000000000000075,1.6760365642021613,0.35,-38.82000000000049,-108.43956570387984,-22.645
210.74712060000002,sine,2001,-0.7300007752132016,0.5698080193807882,-0.1388505751223152,-0.06566926666165866,-41.82596346099477,32.64759464322778,0.42460605572181054,-0.3799879950669803,24.328134948556404,-21.771708382975916,0.6708084221158823,1.6402584381168839,0.35,-43.401304910897586,-106.1247209461624,-22.645
210.85202729999946,sine,2002,-0.7517710730596993,0.5600349113715274,-0.17633774953292666,-0.07746453922100913,-43.07330964634183,32.087636801571634,0.4090945764291622,-0.3824666384028271,23.439392651083082,-21.913724185038163,0.7415512821751405,1.6037660143677197,0.35,-47.978367956731596,-103.76366112959147,-22.645
210.96041249999962,sine,2003,-0.7672992938226111,0.552179389301643,-0.16650297592638852,-0.07509351310901614,-43.9630111594041,31.637548541095384,0.3974521567495911,-0.383319528676317,22.772331140123608,-21.962591198096895,0.8121631161313532,1.5665942774834276,0.35,-52.546953613698555,-101.35864975317777,-22.645
211.06680619999952,sine,2004,-0.7754267937661581,0.5477970802824871,-0.12477198947922423,-0.058232867867522936,-44.428682604162155,31.386460729775635,0.3911941298249896,-0.3834694172375247,22.413772609264704,-21.971179180051386,0.8825786557828751,1.528779610471033,0.35,-57.10283902915202,-98.91204079747584,-22.645
211.1805872999994,sine,2005,-0.7905518674936767,0.5411197810872164,-0.1352085565627497,-0.05943182545242202,-45.29528549357317,31.003879667340524,0.38065243488532985,-0.3845963355256348,21.809777980307786,-22.035746841816202,0.9527329262572171,1.4903597381801292,0.35,-61.641820328841945,-96.42627506025437,-22.645
211.2876037999995,sine,2006,-0.8166074315537394,0.5321970214703845,-0.18526289290926695,-0.0668697599566267,-46.78815934704752,30.492643199686288,0.36439409718900795,-0.3878796354486231,20.87824384841009,-22.22386607027906,1.02256134297039,1.4513736677944373,0.35,-66.15971889018424,-93.9038763063001,-22.645
211.39067859999977,sine,2007,-0.8371248050706104,0.5282015394562344,-0.1914281781907702,-0.05147117739900656,-47.963718256257714,30.26371894315506,0.35368430973283,-0.3923063539285943,20.264618227688942,-22.477498356273976,1.0919998078879742,1.4118616265593427,0.35,-70.65238757035193,-91.34744723838948,-22.645
211.49751319999996,sine,2008,-0.8680884681210062,0.5226076717217586,-0.24619001137846772,-0.04998381944969955,-49.73780546731056,29.943213930815187,0.3377542346348783,-0.39879926721177034,19.35189215724986,-22.849514884144394,1.1609848049159588,1.3718649968597254,0.35,-75.11571687806254,-88.75966529682424,-22.645
211.60206149999976,sine,2009,-0.9147596034482195,0.5127634823818567,-0.34445034829234045,-0.0640950853915138,-52.411864546643805,29.37918342891113,0.31277602642052593,-0.40632197351479166,17.920746246768466,-23.28053420582398,1.2294534942505846,1.331426248767912,0.35,-79.54564107801282,-86.1432782952839,-22.645
211.70583459999943,sine,2010,-0.9593963108944097,0.5057349019321099,-0.39084580093000115,-0.05901749119520471,-54.96935949467068,28.97647543317248,0.2902991256783777,-0.41411859251022565,16.6329146977089,-23.727247568733873,1.2973438055189823,1.2905888701865487,0.35,-83.93814421707816,-83.50109990106971,-22.645
211.80905019999955,sine,2011,-0.9996524924850406,0.5036782040709301,-0.3937616733508189,-0.03474964015145802,-57.27586879912607,28.858635325993294,0.27228576295678575,-0.4237359986443901,15.600825038923395,-24.278284350084725,1.3645945295442559,1.2493972947162073,0.35,-88.28926606151336,-80.83600496813861,-22.645
211.91256069999963,sine,2012,-1.0482566516974905,0.5053283570255289,-0.429314749555266,-0.00342023826296599,-60.06068198878135,28.95318212584285,0.2522005457126644,-0.4378945457029063,14.45002686023186,-25.08950934057507,1.4311454085713728,1.207896827382155,0.35,-92.59510793456782,-78.15092473162544,-22.645
212.0179432999994,sine,2013,-1.1309667586863341,0.5084163625315772,-0.5954797952617782,0.029312231202230914,-64.79962204231758,29.130111808452575,0.2164761932833338,-0.4600274507367977,12.403172240193287,-26.3576313873809,1.496937224793502,1.1661335683588097,0.35,-96.85183844413959,-75.448841872815,-22.645
212.12161939999987,sine,2014,-1.218295851526291,0.5089246283690565,-0.700389107074764,0.04051228239024101,-69.80321049075324,29.15923329581082,0.17570399441758772,-0.47763205891804056,10.067097323717952,-27.366301136147598,1.5619118870207238,1.1241543348352818,0.35,-101.05569909024084,-72.73278546384273,-22.645
212.22867789999964,sine,2015,-1.304144683336277,0.5142692835745195,-0.7448217881481684,0.07019438493690836,-74.7219862295939,29.46545948203648,0.1355114470403875,-0.49609428917219944,7.764233991124775,-28.424109010109643,1.626012515337679,1.0820065811683017,0.35,-105.20300974234783,-70.00582580158913,-22.645
212.33730250000008,sine,2016,-1.3506973233709343,0.5251624913190877,-0.5816146634760488,0.09676526826425826,-77.38925602877151,30.089594311159455,0.1146567516986637,-0.5124933868630714,6.569347965012862,-29.36370809561934,1.689183523599619,1.039738317473141,0.35,-109.29017397689536,-67.27106914051222,-22.645
212.44039179999982,sine,2017,-1.3633281439984526,0.5349782262771359,-0.3533393331620522,0.09610605181171523,-78.11294874251509,30.65199449707464,0.11019644077900247,-0.5235059188111154,6.313790974000159,-29.994679697995245,1.7513706996209257,0.9973980268059797,0.35,-113.3136842654739,-64.53165233434689,-22.645
212.54400189999978,sine,2018,-1.379316776618608,0.5424698084060415,-0.2570705783779846,0.08737377055866694,-79.0290299118352,31.081230534936566,0.10323830384722263,-0.5325554859832315,5.915119094535067,-30.513181703377636,1.8125212829143211,0.9550345810943656,0.35,-117.27012700455658,-61.790737396805454,-22.645
212.6489320999999,sine,2019,-1.43920975998043,0.5449732788536221,-0.39837999846965816,0.06682964125958528,-82.46064508091486,31.224668825718663,0.07150439510303225,-0.5402619699233117,4.096900056039659,-30.95473070802958,1.8725840398435625,0.9126971559750136,0.35,-121.1561873778785,-59.051505991583376,-22.645
212.75281879999966,sine,2020,-1.5123333795180238,0.5475478605842609,-0.5287756671877278,0.0618574494185721,-86.65031986313934,31.37218149289575,0.03199302951930166,-0.546612390723608,1.8330655652934422,-31.31858301801865,1.9315093360573639,0.8704351447006702,0.35,-124.96865404291145,-56.31715386213337,-22.645
212.8567376000001,sine,2021,-1.5313314851673556,0.5520004244485294,-0.364578742707724,0.05649912822271044,-87.7388311355897,31.627294610330797,0.021778954943436978,-0.5515706171587899,1.2478422004645193,-31.602668466624763,1.9892492060775835,0.828298071279512,0.35,-128.70442363321965,-53.59088521178443,-22.645
212.96088999999938,sine,2022,-1.5336384419230005,0.5560566728868391,-0.20391500625646058,0.04861462256666633,-87.87101002120734,31.859700526502476,0.02065713548743871,-0.555672840991383,1.1835666802601568,-31.837708578850336,2.045757419919651,0.7863355030128203,0.35,-132.36050506880144,-50.87590704492948,-22.645
213.06468959999984,sine,2023,-1.5357415448511929,0.5599693731147015,-0.11753678630903697,0.043582853646558214,-87.99150894287438,32.08388173605886,0.01962558425027866,-0.5596253525969915,1.1244631480193872,-32.06417081232818,2.1009895466293385,0.7445969625975397,0.35,-135.9340236669182,-48.17542348006082,-22.645
213.17614649999996,sine,2024,-1.5397749888094179,0.5655823030583679,-0.08006520192634167,0.04860644807342417,-88.22260825858321,32.405478932533555,0.017542305903924797,-0.5653101883359087,1.0051000912223176,-32.389887907393266,2.154903014625298,0.7031318399618874,0.35,-139.42222504625678,-45.49263004553412,-22.645
213.2797547,sine,2025,-1.5404801964883312,0.5669314215266551,-0.04435092688868042,0.030998201297452354,-88.26301368226515,32.48277772682956,0.017184534275720063,-0.5666709172844151,0.9846012868966625,-32.46785193320396,2.2074571687431046,0.6619893040027223,0.35,-142.82247881767887,-42.830707968976135,-22.645
213.38260679999985,sine,2026,-1.5393143457634497,0.5676662357461689,-0.01864635090441148,0.01995989357016545,-88.19621535618718,32.52487948033391,0.01786830573326633,-0.5673849476823011,1.0237785055655724,-32.50876286144687,2.2586133238827957,0.6212182143937344,0.35,-146.13228205521688,-40.19281847127461,-22.645
213.4886687999997,sine,2027,-1.551950782801528,0.5682862680858948,-0.06636445374355598,0.013791113813569261,-88.92022986655186,32.56040471656182,0.01070902994636047,-0.5681853563517819,0.6135822186056653,-32.554622900093804,2.308334815167875,0.5808670336341687,0.35,-149.3492625413615,-37.582097076130715,-22.645
213.591993,sine,2028,-1.6014533081841105,0.5730076862367713,-0.2515348737189537,0.03229138072529428,-91.75651564621307,32.83092204992351,-0.01756393442568691,-0.5727384365431644,-1.0063393142363934,-32.815495178844635,2.3565870445310395,0.5409837395067265,0.35,-152.47118178115826,-35.00164794608521,-22.645
213.69502329999978,sine,2029,-1.6593576863117387,0.5807045507022253,-0.38689667977282355,0.06053473677449156,-95.0741921282558,33.27191989927823,-0.05136078491830356,-0.5784287726063159,-2.9427562082979644,-33.141527419274304,2.4033375236478025,0.5016157381137151,0.35,-155.49593778001284,-32.45453825595737,-22.645
213.7990581999993,sine,2030,-1.6968787245932504,0.5779713268076169,-0.37594965676410236,0.026664622383037004,-97.22398926473522,33.11531770565286,-0.0726790925336884,-0.5733834703932759,-4.164205261021118,-32.8524528960991,2.448555913146631,0.4628097776589467,0.35,-158.42156758058704,-29.943792614533855,-22.645
213.90476859999944,sine,2031,-1.8000115399773777,0.5440527337902176,-0.6979252746068224,-0.11144874814302817,-103.1330643155476,31.17192547873398,-0.12361603489475749,-0.5298230393834412,-7.082677079611516,-30.35662404546478,2.4922140580310654,0.42461186314203725,0.35,-161.24624955460993,-27.472387545289813,-22.645
214.00754629999938,sine,2032,-2.0220517863342415,0.5342265353193625,-1.3890209510340537,0.002303366544924919,-115.85503331384095,30.60892577769608,-0.23297387667593528,-0.48075062540356217,-13.34841987033242,-27.54498183389893,2.5342860192562044,0.3870671721302432,0.35,-163.96830544587644,-25.043246036826737,-22.645
214.1126553999993,sine,2033,-2.298477997247945,0.5617347856298509,-1.8461615965066958,0.32429320965675923,-131.6930885459893,32.1850324222765,-0.3736324351955499,-0.41945771271542714,-21.407561625900247,-24.033156622804942,2.5747481014095794,0.3502199717710003,0.35,-166.5862021611998,-22.65923217358372,-22.645
214.2205088999999,sine,2034,-2.541002946488735,0.6090818468149769,-1.798140484189728,0.5843638120530382,-145.5887445641111,34.8978192005319,-0.5024940449539738,-0.3442098646252556,-28.790788006319758,-19.72177250979656,2.61357887645329,0.35,0.35,-169.09855330652786,-22.645,-22.645
214.32330569999976,sine,2035,-2.716630879965396,0.6578680670327071,-1.4913026890226482,0.6589450498789332,-155.65148391692813,37.693063717403646,-0.5993536588091612,-0.2712297647630546,-34.34043508548887,-15.540320799249162,2.65075920349199,0.35,0.35,-171.50412046593175,-22.645,-22.645
214.42682849999983,sine,2036,-2.8394844512647532,0.7010213115724386,-1.2035389060437944,0.6336256930982266,-162.69047505049085,40.16556250182623,-0.669273002887816,-0.2085773882381972,-38.346518407518815,-11.950604047910316,2.686272244538735,0.35,0.35,-173.80181422165614,-22.645,-22.645
214.53041500000018,sine,2037,-2.9177176247716154,0.7469024202481417,-0.8967565137004094,0.5891202760856801,-167.17290571034874,42.79435638832508,-0.7282630807767456,-0.16581951197038006,-41.726400903702476,-9.50075819682181,2.7201034762579472,0.35,0.35,-175.9906949138892,-22.645,-22.645
214.6332472999993,sine,2038,-2.96450571882487,0.788535099037734,-0.634459279102286,0.5222544623621842,-169.85366603106135,45.17973317279254,-0.7762032321020345,-0.1389105643527669,-44.47316924386003,-7.958989067193966,2.7522406976728213,0.35,0.35,-178.06997313943154,-22.645,-22.645
214.73761879999984,sine,2039,-2.981140679208711,0.8000221913927172,-0.40476336995665063,0.3379921687305569,-170.8067790534228,45.83789508361007,-0.7897460461837092,-0.12781505880765362,-45.249115333470336,-7.323263427894973,2.782674033831333,0.35,0.35,-180.03900998888724,-22.645,-22.645
214.84181329999956,sine,2040,-2.9814741080197984,0.8006478360368582,-0.21733506406479197,0.18329006025460134,-170.82588311706616,45.87374188119431,-0.7904062611479356,-0.12765147742445135,-45.286942864491884,-7.31389090503057,2.811395935433281,0.35,0.35,-181.8973170225333,-22.645,-22.645
214.94462039999962,sine,2041,-2.981367714854201,0.8009385875047315,-0.11604857306147777,0.09958483419527661,-170.81978723770837,45.89040071319069,-0.7906797027845724,-0.12778195709322385,-45.30260991621432,-7.321366839363499,2.83840117442795,0.35,0.35,-183.64455598548838,-22.645,-22.645
215.04986409999947,sine,2042,-2.9819922604910127,0.801523011843729,-0.06510577811623457,0.056195002706275095,-170.85557106681102,45.92388576125997,-0.7913363510516129,-0.12738099551880191,-45.34023309054032,-7.298393433402202,2.863686835599427,0.35,0.35,-185.28053826328292,-22.645,-22.645
215.15597949999938,sine,2043,-2.982116149153601,0.8018768336363004,-0.03516990804998369,0.03147187934658756,-170.86266936430684,45.94415825667406,-0.7917014580286655,-0.1273391443267306,-45.36115217939622,-7.295995536728924,2.887252304164639,0.35,0.35,-186.80522407945216,-22.645,-22.645
215.25889339999958,sine,2044,-2.9823927285337564,0.8022289085916956,-0.019907422597861945,0.01829475992990983,-170.87851619549008,45.96433066569046,-0.7920842698970391,-0.1271759850046293,-45.38308568380154,-7.286647196184304,2.9090992494159202,0.35,0.35,-188.21872143721004,-22.645,-22.645
215.36221789999945,sine,2045,-2.9823549703881143,0.8024475756684761,-0.010539500028890028,0.010823641589690186,-170.87635281310256,45.97685936630845,-0.792295368001817,-0.1272405656191455,-45.39518071426853,-7.290347392834445,2.9292316044477773,0.35,0.35,-189.5212848077712,-22.645,-22.645
215.46634099999937,sine,2046,-2.9822344271631547,0.8025994095504188,-0.005123185608157773,0.006495035012766224,-170.86944619506346,45.985558806930854,-0.7924299343018023,-0.12736016423168633,-45.40289079532238,-7.297199888568654,2.947655542014688,0.35,0.35,-190.71331356835032,-22.645,-22.645
215.57055189999937,sine,2047,-2.982185019400226,0.802759739919007,-0.002525021141683626,0.004197329632399214,-170.86661533877248,45.99474506037873,-0.7925819383713693,-0.12742476604771402,-45.41159998697737,-7.300901299975921,2.9643794465739144,0.35,0.35,-191.79535019333227,-22.645,-22.645
215.6740519999994,sine,2048,-2.9822756339619634,0.8028867015293119,-0.0017537843979017048,0.0028108225347463107,-170.87180717072246,46.00201942480939,-0.7927188354079849,-0.12737308774629894,-45.4194436094033,-7.297940351412431,2.97941388257444,0.35,0.35,-192.76807820256627,-22.645,-22.645
215.77768109999943,sine,2049,-2.982345931080251,0.8030504743804137,-0.0012578697994544965,0.0022457428529741143,-170.87583489891227,46.01140291797635,-0.7928894880458353,-0.1273433317807447,-45.4292212853149,-7.296235460170837,2.992771559060151,0.35,0.35,-193.63231987119178,-22.645,-22.645
215.88093669999944,sine,2050,-2.9823821478860326,0.8031848363535156,-0.0008355823466482676,0.0018034367359732713,-170.877909969031,46.01910129196214,-0.7930267621590613,-0.12733591735146518,-45.437086512639155,-7.295810644665623,3.00446729066211,0.35,0.35,-194.38903370583853,-22.645,-22.645
215.98411440000018,sine,2051,-2.9823821478860326,0.8031848363535156,-0.0004493018342114946,0.0009697278031392714,-170.877909969031,46.01910129196214,-0.7930267621590613,-0.12733591735146518,-45.437086512639155,-7.295810644665623,3.014517955061648,0.35,0.35,-195.03931169248864,-22.645,-22.645
216.08709719999933,sine,2052,-2.9823821478860326,0.8031848363535156,-0.00024142837871422856,0.0005210746840526372,-170.877909969031,46.01910129196214,-0.7930267621590613,-0.12733591735146518,-45.437086512639155,-7.295810644665623,3.022942447012212,0.35,0.35,-195.58437632169014,-22.645,-22.645
216.19160120000015,sine,2053,-2.9823821478860326,0.8031848363535156,-0.0001300254178860475,0.00028063375939736316,-170.877909969031,46.01910129196214,-0.7930267621590613,-0.12733591735146518,-45.437086512639155,-7.295810644665623,3.0297616290146956,0.35,0.35,-196.0255773972508,-22.645,-22.645
216.29641459999948,sine,2054,-2.9823821478860326,0.8031848363535156,-6.942897001057578e-05,0.0001498484925634331,-170.877909969031,46.01910129196214,-0.7930267621590613,-0.12733591735146518,-45.437086512639155,-7.295810644665623,3.0349982787467424,0.35,0.35,-196.36438863491423,-22.645,-22.645
216.40006039999935,sine,2055,-2.9823821478860326,0.8031848363535156,-3.7098545759876754e-05,8.006976277433288e-05,-170.877909969031,46.01910129196214,-0.7930267621590613,-0.12733591735146518,-45.437086512639155,-7.295810644665623,3.038677033352602,0.35,0.35,-196.60240405791336,-22.645,-22.645
216.50322460000007,sine,2056,-2.9823821478860326,0.8031848363535156,-1.988776060127398e-05,4.29237384064518e-05,-170.877909969031,46.01910129196214,-0.7930267621590613,-0.12733591735146518,-45.437086512639155,-7.295810644665623,3.0408243307060987,0.35,0.35,-196.7413341966846,-22.645,-22.645
216.6072994999995,sine,2057,-2.9823821478860326,0.8031848363535156,-1.0690380674451885e-05,2.3073040385761983e-05,-170.877909969031,46.01910129196214,-0.7930267621590613,-0.12733591735146518,-45.437086512639155,-7.295810644665623,3.041468347764515,0.35,0.35,-196.78300210036414,-22.645,-22.645
216.71162689999983,sine,2058,-2.9823821478860326,0.8031848363535156,-5.72400243325773e-06,1.2354110048333421e-05,-170.877909969031,46.01910129196214,-0.7930267621590613,-0.12733591735146518,-45.437086512639155,-7.295810644665623,3.040638936136627,0.35,0.35,-196.72933916803976,-22.645,-22.645
216.81523430000016,sine,2059,-2.9823821478860326,0.8031848363535156,-3.0608861182723334e-06,6.606308154385417e-06,-170.877909969031,46.01910129196214,-0.7930267621590613,-0.12733591735146518,-45.437086512639155,-7.295810644665623,3.038367554993211,0.35,0.35,-196.58238080806075,-22.645,-22.645
216.91831899999943,sine,2060,-2.9823821478860326,0.8031848363535156,-1.6459776602306423e-06,3.5525123178563333e-06,-170.877909969031,46.01910129196214,-0.7930267621590613,-0.12733591735146518,-45.437086512639155,-7.295810644665623,3.0346872014532202,0.35,0.35,-196.34426193402336,-22.645,-22.645
217.02572280000004,sine,2061,-2.9866247067904914,0.8197808268745266,-0.01864487861791431,0.07447297657721627,-171.12099068859214,46.969981505655184,-0.8099569658276166,-0.12653188380168687,-46.40711572914427,-7.2497429156764035,3.0296323385832036,0.35,0.35,-196.01721230633328,-22.645,-22.645
217.1290313999998,sine,2062,-2.996133281398821,0.8638861597971386,-0.04851280361073849,0.23315707833128047,-171.6657918828347,49.497030936140256,-0.8547630257909689,-0.12521767778438728,-48.97431386165445,-7.17444445747444,3.0232388211520123,0.35,0.35,-195.6035517285352,-22.645,-22.645
217.23247300000003,sine,2063,-2.9982077741177795,0.8859426087151125,-0.03423511924094612,0.22444338166827327,-171.78465156026164,50.760772370186054,-0.8768510548922472,-0.12659594571427707,-50.239864706919846,-7.253413392895358,3.0155438192868598,0.35,0.35,-195.10568510785984,-22.645,-22.645
217.33619,sine,2064,-2.9979860771199336,0.8851738058261911,-0.01742163721132358,0.11697596835431658,-171.77194925795433,50.71672320937339,-0.8760620783523734,-0.12668031178420502,-50.19465968105023,-7.258247212636335,3.0065857401803258,0.35,0.35,-194.5260973896671,-22.645,-22.645
217.4401484,sine,2065,-2.9979860771199336,0.8851738058261911,-0.009336133368403464,0.06268660219512583,-171.77194925795433,50.71672320937339,-0.8760620783523734,-0.12668031178420502,-50.19465968105023,-7.258247212636335,2.9964041480016337,0.35,0.35,-193.86734837570572,-22.645,-22.645
217.54330729999947,sine,2066,-2.9979860771199336,0.8851738058261911,-0.005009457004522729,0.03363553476205356,-171.77194925795433,50.71672320937339,-0.8760620783523734,-0.12668031178420502,-50.19465968105023,-7.258247212636335,2.985039682168486,0.35,0.35,-193.13206743630107,-22.645,-22.645
217.6467107999997,sine,2067,-2.9979860771199336,0.8851738058261911,-0.0026898832536750125,0.01806097179857353,-171.77194925795433,50.71672320937339,-0.8760620783523734,-0.12668031178420502,-50.19465968105023,-7.258247212636335,2.972533974138592,0.35,0.35,-192.3229481267669,-22.645,-22.645
217.75007860000005,sine,2068,-2.9979860771199336,0.8851738058261911,-0.0014477571144840293,0.009720830961773553,-171.77194925795433,50.71672320937339,-0.8760620783523734,-0.12668031178420502,-50.19465968105023,-7.258247212636335,2.958929562882648,0.35,0.35,-191.44274271850733,-22.645,-22.645
217.8571695999999,sine,2069,-2.9979860771199336,0.8851738058261911,-0.0007758633407276656,0.005209462491461135,-171.77194925795433,50.71672320937339,-0.8760620783523734,-0.12668031178420502,-50.19465968105023,-7.258247212636335,2.944269809202732,0.35,0.35,-190.4942566554168,-22.645,-22.645
217.9613743,sine,2070,-2.9979860771199336,0.8851738058261911,-0.00041065854064920336,0.0027573287098521487,-171.77194925795433,50.71672320937339,-0.8760620783523734,-0.12668031178420502,-50.19465968105023,-7.258247212636335,2.928598809061978,0.35,0.35,-189.48034294630997,-22.645,-22.645
218.06427970000004,sine,2071,-2.9979860771199336,0.8851738058261911,-0.00021971570542691864,0.0014752607400331092,-171.77194925795433,50.71672320937339,-0.8760620783523734,-0.12668031178420502,-50.19465968105023,-7.258247212636335,2.9119613060928,0.35,0.35,-188.40389650420414,-22.645,-22.645
218.16782220000005,sine,2072,-2.9979860771199336,0.8851738058261911,-0.00011832865607697051,0.0007945067940957841,-171.77194925795433,50.71672320937339,-0.8760620783523734,-0.12668031178420502,-50.19465968105023,-7.258247212636335,2.894402603452651,0.35,0.35,-187.26784844338653,-22.645,-22.645
218.27076750000015,sine,2073,-2.9979860771199336,0.8851738058261911,-6.353972655899342e-05,0.00042663160488589134,-171.77194925795433,50.71672320937339,-0.8760620783523734,-0.12668031178420502,-50.19465968105023,-7.258247212636335,2.8759684751967187,0.35,0.35,-186.07516034522772,-22.645,-22.645
218.37371829999938,sine,2074,-2.9979860771199336,0.8851738058261911,-3.416196981051369e-05,0.0002293773800362686,-171.77194925795433,50.71672320937339,-0.8760620783523734,-0.12668031178420502,-50.19465968105023,-7.258247212636335,2.8567050773379417,0.35,0.35,-184.82881850376484,-22.645,-22.645
218.47763880000002,sine,2075,-2.9979860771199336,0.8851738058261911,-1.8389942715378497e-05,0.00012347756591519433,-171.77194925795433,50.71672320937339,-0.8760620783523734,-0.12668031178420502,-50.19465968105023,-7.258247212636335,2.8366588587648,0.35,0.35,-183.53182816208258,-22.645,-22.645
218.5862604999993,sine,2076,-2.9979860771199336,0.8851738058261911,-9.850919457019806e-06,6.614308567488099e-05,-171.77194925795433,50.71672320937339,-0.8760620783523734,-0.12668031178420502,-50.19465968105023,-7.258247212636335,2.815876472187466,0.35,0.35,-182.18720775052904,-22.645,-22.645
218.69022489999952,sine,2077,-2.9979860771199336,0.8851738058261911,-5.172450715756938e-06,3.472994092928181e-05,-171.77194925795433,50.71672320937339,-0.8760620783523734,-0.12668031178420502,-50.19465968105023,-7.258247212636335,2.794404685282387,0.35,0.35,-180.79798313777044,-22.645,-22.645
218.79354499999954,sine,2078,-2.9979860771199336,0.8851738058261911,-2.771501379917335e-06,1.8608989142560867e-05,-171.77194925795433,50.71672320937339,-0.8760620783523734,-0.12668031178420502,-50.19465968105023,-7.258247212636335,2.77229029220468,0.35,0.35,-179.3671819056428,-22.645,-22.645
218.8975916999998,sine,2079,-2.9979860771199336,0.8851738058261911,-1.4909001503121025e-06,1.0010510877186645e-05,-171.77194925795433,50.71672320937339,-0.8760620783523734,-0.12668031178420502,-50.19465968105023,-7.258247212636335,2.749580025636801,0.35,0.35,-177.89782765870103,-22.645,-22.645
219.00170069999967,sine,2080,-2.9979860771199336,0.8851738058261911,-7.970646615349056e-07,5.3518167950053196e-06,-171.77194925795433,50.71672320937339,-0.8760620783523734,-0.12668031178420502,-50.19465968105023,-7.258247212636335,2.726320469540503,0.35,0.35,-176.39293437927057,-22.645,-22.645
219.1053766999994,sine,2081,-2.9979860771199336,0.8851738058261911,-4.2715720282083415e-07,2.8681074478471538e-06,-171.77194925795433,50.71672320937339,-0.8760620783523734,-0.12668031178420502,-50.19465968105023,-7.258247212636335,2.7025579727774547,0.35,0.35,-174.85550083870132,-22.645,-22.645
219.21085709999988,sine,2082,-2.9979860771199336,0.8851738058261911,-2.2912983419929179e-07,1.5384710351392902e-06,-171.77194925795433,50.71672320937339,-0.8760620783523734,-0.12668031178420502,-50.19465968105023,-7.258247212636335,2.678338563761981,0.35,0.35,-173.2885050754002,-22.645,-22.645
219.31549110000014,sine,2083,-2.9979860771199336,0.8851738058261911,-1.2200731231427083e-07,8.192067904498096e-07,-171.77194925795433,50.71672320937339,-0.8760620783523734,-0.12668031178420502,-50.19465968105023,-7.258247212636335,2.6537078663067866,0.35,0.35,-171.6948989500491,-22.645,-22.645
219.41812759999993,sine,2084,-2.9979860771199336,0.8851738058261911,-6.523638295625825e-08,4.3802364701299983e-07,-171.77194925795433,50.71672320937339,-0.8760620783523734,-0.12668031178420502,-50.19465968105023,-7.258247212636335,2.6287110168204584,0.35,0.35,-170.07760278828366,-22.645,-22.645
219.52137129999937,sine,2085,-2.9979860771199336,0.8851738058261911,-3.5132854840713354e-08,2.3589629758636536e-07,-171.77194925795433,50.71672320937339,-0.8760620783523734,-0.12668031178420502,-50.19465968105023,-7.258247212636335,2.6033925830120555,0.35,0.35,-168.43950012087998,-22.645,-22.645
219.62573049999992,sine,2086,-2.9979860771199336,0.8851738058261911,-1.8886093181354936e-08,1.2680892223395157e-07,-171.77194925795433,50.71672320937339,-0.8760620783523734,-0.12668031178420502,-50.19465968105023,-7.258247212636335,2.5777964842552894,0.35,0.35,-166.78343253131723,-22.645,-22.645
219.7302479,sine,2087,-2.9979860771199336,0.8851738058261911,-1.009505686999974e-08,6.778232370678556e-08,-171.77194925795433,50.71672320937339,-0.8760620783523734,-0.12668031178420502,-50.19465968105023,-7.258247212636335,2.551965913761022,0.35,0.35,-165.11219462033813,-22.645,-22.645
219.83405559999937,sine,2088,-2.9979860771199336,0.8851738058261911,-5.397120146065206e-09,3.6238462995901375e-08,-171.77194925795433,50.71672320937339,-0.8760620783523734,-0.12668031178420502,-50.19465968105023,-7.258247212636335,2.5259432627032345,0.35,0.35,-163.42852909689927,-22.645,-22.645
219.9379375999997,sine,2089,-2.9979860771199336,0.8851738058261911,-2.891098822219637e-09,1.9412015084170885e-08,-171.77194925795433,50.71672320937339,-0.8760620783523734,-0.12668031178420502,-50.19465968105023,-7.258247212636335,2.499770046439465,0.35,0.35,-161.73512200463338,-22.645,-22.645
220.04469619999963,sine,2090,-2.9979860771199336,0.8851738058261911,-1.5525977944621682e-09,1.0424773990468735e-08,-171.77194925795433,50.71672320937339,-0.8760620783523734,-0.12668031178420502,-50.19465968105023,-7.258247212636335,2.4734868329623363,0.35,0.35,-160.03459809266317,-22.645,-22.645
220.1489529999999,sine,2091,-2.9979860771199336,0.8851738058261911,-8.204514944004285e-10,5.508845516703586e-09,-171.77194925795433,50.71672320937339,-0.8760620783523734,-0.12668031178420502,-50.19465968105023,-7.258247212636335,2.447133173714235,0.35,0.35,-158.329516339311,-22.645,-22.645
220.25315479999972,sine,2092,-2.9979860771199336,0.8851738058261911,-4.382478633963221e-10,2.9425746603582443e-09,-171.77194925795433,50.71672320937339,-0.8760620783523734,-0.12668031178420502,-50.19465968105023,-7.258247212636335,2.4207475368924984,0.35,0.35,-156.62236563694466,-22.645,-22.645
220.35675959999935,sine,2093,-2.9979860771199336,0.8851738058261911,-2.350882875373707e-10,1.5784785178265523e-09,-171.77194925795433,50.71672320937339,-0.8760620783523734,-0.12668031178420502,-50.19465968105023,-7.258247212636335,2.394367243367034,0.35,0.35,-154.9155606458471,-22.645,-22.645
220.46067429999948,sine,2094,-2.9979860771199336,0.8851738058261911,-1.2621636502944338e-10,8.474680847954212e-10,-171.77194925795433,50.71672320937339,-0.8760620783523734,-0.12668031178420502,-50.19465968105023,-7.258247212636335,2.3680284053274465,0.35,0.35,-153.2114378246858,-22.645,-22.645
220.56439640000008,sine,2095,-2.9979860771199336,0.8851738058261911,-6.766635752335412e-11,4.5433948602482625e-10,-171.77194925795433,50.71672320937339,-0.8760620783523734,-0.12668031178420502,-50.19465968105023,-7.258247212636335,2.3417658677707736,0.35,0.35,-151.51225164476907,-22.645,-22.645
220.6671437999994,sine,2096,-2.9979860771199336,0.8851738058261911,-3.626395142585696e-11,2.434909407731397e-10,-171.77194925795433,50.71672320937339,-0.8760620783523734,-0.12668031178420502,-50.19465968105023,-7.258247212636335,2.3156131529354353,0.35,0.35,-149.82017099492268,-22.645,-22.645
220.7708079999993,sine,2097,-2.9979860771199336,0.8851738058261911,-1.9516719488479675e-11,1.3104320412438585e-10,-171.77194925795433,50.71672320937339,-0.8760620783523734,-0.12668031178420502,-50.19465968105023,-7.258247212636335,2.2896024077810484,0.35,0.35,-148.13727578343384,-22.645,-22.645
220.8757982999996,sine,2098,-2.9979860771199336,0.8851738058261911,-1.049028906720891e-11,7.04360736633796e-11,-171.77194925795433,50.71672320937339,-0.8760620783523734,-0.12668031178420502,-50.19465968105023,-7.258247212636335,2.263764354607414,0.35,0.35,-146.46555374309972,-22.645,-22.645
220.9793749999999,sine,2099,-2.9979860771199336,0.8851738058261911,-5.592350259780783e-12,3.754931749980296e-11,-171.77194925795433,50.71672320937339,-0.8760620783523734,-0.12668031178420502,-50.19465968105023,-7.258247212636335,2.2381282448999924,0.35,0.35,-144.8068974450295,-22.645,-22.645
221.08338129999993,sine,2100,-2.9979860771199336,0.8851738058261911,-3.000056467362663e-12,2.01436010938903e-11,-171.77194925795433,50.71672320937339,-0.8760620783523734,-0.12668031178420502,-50.19465968105023,-7.258247212636335,2.212721816482393,0.35,0.35,-143.16310152641083,-22.645,-22.645
221.18695539999953,sine,2101,-2.9979860771199336,0.8851738058261911,-1.6069586072397788e-12,1.0789774629504862e-11,-171.77194925795433,50.71672320937339,-0.8760620783523734,-0.12668031178420502,-50.19465968105023,-7.258247212636335,2.187571254050006,0.35,0.35,-141.5358601370354,-22.645,-22.645
221.29083079999964,sine,2102,-2.9979860771199336,0.8851738058261911,-8.631163261772229e-13,5.7953145753360705e-12,-171.77194925795433,50.71672320937339,-0.8760620783523734,-0.12668031178420502,-50.19465968105023,-7.258247212636335,2.1627011531520552,0.35,0.35,-139.926764608938,-22.645,-22.645
221.39461409999967,sine,2103,-2.9979860771199336,0.8851738058261911,-4.625101105360131e-13,3.105481270063812e-12,-171.77194925795433,50.71672320937339,-0.8760620783523734,-0.12668031178420502,-50.19465968105023,-7.258247212636335,2.138134487682373,0.35,0.35,-138.33730135304955,-22.645,-22.645
221.4987511999998,sine,2104,-2.9979860771199336,0.8851738058261911,-2.4813373205686905e-13,1.6660709459531674e-12,-171.77194925795433,50.71672320937339,-0.8760620783523734,-0.12668031178420502,-50.19465968105023,-7.258247212636335,2.113892580932427,0.35665080965588203,0.35,-136.76884998632804,-23.075307384735567,-22.645
221.60509149999962,sine,2105,-2.9979860771199336,0.8851738058261911,-1.328007271865565e-13,8.916781742365679e-13,-171.77194925795433,50.71672320937339,-0.8760620783523734,-0.12668031178420502,-50.19465968105023,-7.258247212636335,2.089995080252798,0.3765845292099056,0.35,-135.22268169235602,-24.36501903988089,-22.645
221.7093860999994,sine,2106,-2.9979860771199336,0.8851738058261911,-7.041800413767893e-14,4.728151621840284e-13,-171.77194925795433,50.71672320937339,-0.8760620783523734,-0.12668031178420502,-50.19465968105023,-7.258247212636335,2.0664599353622743,0.3960223778861042,0.35,-133.69995781793915,-25.622647849230944,-22.645
221.8134946,sine,2107,-2.9979860771199336,0.8851738058261911,-3.7646033749332666e-14,2.5277080443766803e-13,-171.77194925795433,50.71672320937339,-0.8760620783523734,-0.12668031178420502,-50.19465968105023,-7.258247212636335,2.0433033803364498,0.41491671353686554,0.35,-132.2017287077683,-26.8451113658352,-22.645
221.91732689999935,sine,2108,-2.9979860771199336,0.8851738058261911,-2.0154408716819265e-14,1.3532490934469982e-13,-171.77194925795433,50.71672320937339,-0.8760620783523734,-0.12668031178420502,-50.19465968105023,-7.258247212636335,2.020539919300296,0.43322093671382944,0.35,-130.72893277872916,-28.029394605384766,-22.645
222.02185929999996,sine,2109,-2.9979860771199336,0.8851738058261911,-1.0802246652843701e-14,7.253068395875331e-14,-171.77194925795433,50.71672320937339,-0.8760620783523734,-0.12668031178420502,-50.19465968105023,-7.258247212636335,1.9981823158420902,0.45088957393896567,0.35,-129.28239583498325,-29.17255543385108,-22.645
222.1259102999993,sine,2110,-2.9979860771199336,0.8851738058261911,-5.7717541118062935e-15,3.8753908036422455e-14,-171.77194925795433,50.71672320937339,-0.8760620783523734,-0.12668031178420502,-50.19465968105023,-7.258247212636335,1.9762415861584195,0.46787835895910757,0.35,-127.86283062444974,-30.271729824654262,-22.645
222.23067029999947,sine,2111,-2.9979860771199336,0.8851738058261911,-3.092269280593958e-15,2.0762755481710715e-14,-171.77194925795433,50.71672320937339,-0.8760620783523734,-0.12668031178420502,-50.19465968105023,-7.258247212636335,1.9547269959327847,0.484144311834286,0.35,-126.47083663685117,-31.324136975678307,-22.645
222.33453149999968,sine,2112,-2.9979860771199336,0.8851738058261911,-1.653391526445496e-15,1.1101544161938712e-14,-171.77194925795433,50.71672320937339,-0.8760620783523734,-0.12668031178420502,-50.19465968105023,-7.258247212636335,1.9336460609429071,0.4996458157141931,0.35,-125.1069001430061,-32.32708427670829,-22.645
222.43883349999942,sine,2113,-2.9979860771199336,0.8851738058261911,-8.857280623655239e-16,5.9471389822339295e-15,-171.77194925795433,50.71672320937339,-0.8760620783523734,-0.12668031178420502,-50.19465968105023,-7.258247212636335,1.9130045513843847,0.5143426911614768,0.35,-123.7713944745697,-33.27797211814755,-22.645
222.5440912999993,sine,2114,-2.9979860771199336,0.8851738058261911,-4.737077338684417e-16,3.1806666740926805e-15,-171.77194925795433,50.71672320937339,-0.8760620783523734,-0.12668031178420502,-50.19465968105023,-7.258247212636335,1.8928064998911847,0.5281962678850134,0.35,-122.46458054295965,-34.17429853216037,-22.645
222.6484161999997,sine,2115,-2.9979860771199336,0.8851738058261911,-2.523743645756596e-16,1.6945442799632406e-15,-171.77194925795433,50.71672320937339,-0.8760620783523734,-0.12668031178420502,-50.19465968105023,-7.258247212636335,1.8730542132259695,0.5411694537512963,0.35,-121.18660759572023,-35.013663657708875,-22.645
222.75256850000005,sine,2116,-2.9979860771199336,0.8851738058261911,-1.348892833862021e-16,9.057015912640536e-16,-171.77194925795433,50.71672320937339,-0.8760620783523734,-0.12668031178420502,-50.19465968105023,-7.258247212636335,1.8537482876062095,0.553226800947298,0.35,-119.93751420812175,-35.79377402129018,-22.645
222.85708169999998,sine,2117,-2.9979860771199336,0.8851738058261911,-7.224434528100528e-17,4.850779605189101e-16,-171.77194925795433,50.71672320937339,-0.8760620783523734,-0.12668031178420502,-50.19465968105023,-7.258247212636335,1.8348876276247181,0.5643345691730217,0.35,-118.71722950731927,-36.512446625494505,-22.645
222.9647476,sine,2118,-2.9979860771199336,0.8851738058261911,-3.856854319482243e-17,2.589649086078564e-16,-171.77194925795433,50.71672320937339,-0.8760620783523734,-0.12668031178420502,-50.19465968105023,-7.258247212636335,1.8164694687162593,0.5744607857481961,0.35,-117.52557462594199,-37.167612837908294,-22.645
223.06800399999975,sine,2119,-2.9979860771199336,0.8851738058261911,-2.0335373142896957e-17,1.3653997821115298e-16,-171.77194925795433,50.71672320937339,-0.8760620783523734,-0.12668031178420502,-50.19465968105023,-7.258247212636335,1.7984894031149103,0.5835753025227203,0.35,-116.3622643815347,-37.75732207322,-22.645
223.1725179999994,sine,2120,-2.9979860771199336,0.8851738058261911,-1.094052037200225e-17,7.345911003032889e-17,-171.77194925795433,50.71672320937339,-0.8760620783523734,-0.12668031178420502,-50.19465968105023,-7.258247212636335,1.7809414092400013,0.5916498494869601,0.35,-115.22690917782809,-38.27974526180632,-22.645
223.2773158,sine,2121,-2.9979860771199336,0.8851738058261911,-5.8442118196260546e-18,3.9240418599932626e-17,-171.77194925795433,50.71672320937339,-0.8760620783523734,-0.12668031178420502,-50.19465968105023,-7.258247212636335,1.7638178844416474,0.5986580849838533,0.35,-114.11901712337459,-38.73317809845531,-22.645
223.38079089999974,sine,2122,-2.9979860771199336,0.8851738058261911,-3.124375367452357e-18,2.0978328826211775e-17,-171.77194925795433,50.71672320937339,-0.8760620783523734,-0.12668031178420502,-50.19465968105023,-7.258247212636335,1.747109681030441,0.6045756424313168,0.35,-113.03799636266953,-39.1160440653062,-22.645
223.4839506999997,sine,2123,-2.9979860771199336,0.8851738058261911,-1.6774119030292508e-18,1.1262826754213898e-17,-171.77194925795433,50.71672320937339,-0.8760620783523734,-0.12668031178420502,-50.19465968105023,-7.258247212636335,1.730806145509281,0.6093801734700456,0.35,-111.98315761445048,-39.42689722351195,-22.645
223.58717789999992,sine,2124,-2.9979860771199336,0.8851738058261911,-9.018383969650928e-19,6.055310330737945e-18,-171.77194925795433,50.71672320937339,-0.8760620783523734,-0.12668031178420502,-50.19465968105023,-7.258247212636335,1.714895160919216,0.6130513874582928,0.35,-110.95371691147328,-39.66442476855155,-22.645
223.69426029999977,sine,2125,-2.9979860771199336,0.8851738058261911,-4.84923227502397e-19,3.2559720666048644e-18,-171.77194925795433,50.71672320937339,-0.8760620783523734,-0.12668031178420502,-50.19465968105023,-7.258247212636335,1.699363192204943,0.6155710872423726,0.35,-109.94879853565982,-39.82744934458151,-22.645
223.79916270000012,sine,2126,-2.9979860771199336,0.8851738058261911,-2.5588772270206246e-19,1.7181343974720793e-18,-171.77194925795433,50.71672320937339,-0.8760620783523734,-0.12668031178420502,-50.19465968105023,-7.258247212636335,1.6841953344997491,0.6169232011383314,0.35,-108.96743814213377,-39.91493111365005,-22.645
223.90433810000013,sine,2127,-2.9979860771199336,0.8851738058261911,-1.3652217535511065e-19,9.166654930468846e-19,-171.77194925795433,50.71672320937339,-0.8760620783523734,-0.12668031178420502,-50.19465968105023,-7.258247212636335,1.6693753642240483,0.6170938110675515,0.35,-108.00858606529593,-39.92596957607058,-22.645
224.0095510000001,sine,2128,-2.9979860771199336,0.8851738058261911,-7.27841365356167e-20,4.887023388681688e-19,-171.77194925795433,50.71672320937339,-0.8760620783523734,-0.12668031178420502,-50.19465968105023,-7.258247212636335,1.654885792886048,0.6160711767962287,0.35,-107.07111079972732,-39.859805138716,-22.645
224.1138019,sine,2129,-2.9979860771199336,0.8851738058261911,-3.884574346823056e-20,2.608261441517191e-19,-171.77194925795433,50.71672320937339,-0.8760620783523734,-0.12668031178420502,-50.19465968105023,-7.258247212636335,1.6407079234680086,0.6138457562358899,0.35,-106.15380264838016,-39.715820428462074,-22.645
224.22206039999946,sine,2130,-2.9979860771199336,0.8851738058261911,-2.07861486126633e-20,1.3956666832337832e-19,-171.77194925795433,50.71672320937339,-0.8760620783523734,-0.12668031178420502,-50.19465968105023,-7.258247212636335,1.6268219092762894,0.6104102217696259,0.35,-105.25537753017593,-39.493541348494794,-22.645
224.33062659999996,sine,2131,-2.9979860771199336,0.8851738058261911,-1.0910753175336916e-20,7.325924094725228e-20,-171.77194925795433,50.71672320937339,-0.8760620783523734,-0.12668031178420502,-50.19465968105023,-7.258247212636335,1.6132068151287378,0.6057594725760824,0.35,-104.37448093882934,-39.19263787567253,-22.645
224.4357556999994,sine,2132,-2.9979860771199336,0.8851738058261911,-5.728893037602669e-21,3.84661213262035e-20,-171.77194925795433,50.71672320937339,-0.8760620783523734,-0.12668031178420502,-50.19465968105023,-7.258247212636335,1.5998406807485712,0.5998906429309239,0.35,-103.50969204443257,-38.812924597630776,-22.645
224.54017139999996,sine,2133,-2.9979860771199336,0.8851738058261911,-3.0532275800679877e-21,2.0500613602056826e-20,-171.77194925795433,50.71672320937339,-0.8760620783523734,-0.12668031178420502,-50.19465968105023,-7.258247212636335,1.5867005862291899,0.5928031064727377,0.35,-102.65952792902858,-38.354360988786134,-22.645
224.6433208999997,sine,2134,-2.9979860771199336,0.8851738058261911,-1.6323143027091914e-21,1.0960023096675553e-20,-171.77194925795433,50.71672320937339,-0.8760620783523734,-0.12668031178420502,-50.19465968105023,-7.258247212636335,1.5737627194308652,0.5844984764282374,0.35,-101.82244794717698,-37.81705142490696,-22.645
224.7503846999998,sine,2135,-2.9979860771199336,0.8851738058261911,-8.79047900884203e-22,5.90228565710942e-21,-171.77194925795433,50.71672320937339,-0.8760620783523734,-0.12668031178420502,-50.19465968105023,-7.258247212636335,1.561002445166241,0.5749806017990522,0.35,-100.9968582022558,-37.20124493639868,-22.645
224.85339870000007,sine,2136,-2.9979860771199336,0.8851738058261911,-4.644232277582397e-22,3.1183267183377453e-21,-171.77194925795433,50.71672320937339,-0.8760620783523734,-0.12668031178420502,-50.19465968105023,-7.258247212636335,1.5483943760280754,0.5642555595198928,0.35,-100.18111612901649,-36.507334700937065,-22.645
224.95740690000002,sine,2137,-2.9979860771199336,0.8851738058261911,-2.4973108169770255e-22,1.6767962020683316e-21,-171.77194925795433,50.71672320937339,-0.8760620783523734,-0.12668031178420502,-50.19465968105023,-7.258247212636335,1.5359124447097936,0.5523316426055769,0.35,-99.37353517272365,-35.73585727658082,-22.645
225.0618117999993,sine,2138,-2.9979860771199336,0.8851738058261911,-1.3394368577143906e-22,8.993524637211762e-22,-171.77194925795433,50.71672320937339,-0.8760620783523734,-0.12668031178420502,-50.19465968105023,-7.258247212636335,1.523529977666219,0.5392193443118384,0.35,-98.57238955500438,-34.88749157697595,-22.645
225.16600620000008,sine,2139,-2.9979860771199336,0.8851738058261911,-7.149675323696865e-23,4.800583230287937e-22,-171.77194925795433,50.71672320937339,-0.8760620783523734,-0.12668031178420502,-50.19465968105023,-7.258247212636335,1.5112197699595704,0.5249313383423106,0.35,-97.77591911638422,-33.9630575907475,-22.645
225.26912129999982,sine,2140,-2.9979860771199336,0.8851738058261911,-3.8279240503741176e-23,2.570224125022238e-22,-171.77194925795433,50.71672320937339,-0.8760620783523734,-0.12668031178420502,-50.19465968105023,-7.258247212636335,1.4989541611333421,0.5094824551414738,0.35,-96.98233422532724,-32.96351484765336,-22.645
225.37348849999944,sine,2141,-2.9979860771199336,0.8851738058261911,-2.0620979895052844e-23,1.3845765827742432e-22,-171.77194925795433,50.71672320937339,-0.8760620783523734,-0.12668031178420502,-50.19465968105023,-7.258247212636335,1.4867051119550656,0.4928896543207213,0.35,-96.18982074349275,-31.88996063455067,-22.645
225.47988480000004,sine,2142,-2.9979860771199336,0.8851738058261911,-1.1019915365734987e-23,7.399220035712868e-23,-171.77194925795433,50.71672320937339,-0.8760620783523734,-0.12668031178420502,-50.19465968105023,-7.258247212636335,1.4744442818668837,0.4751719932718886,0.35,-95.39654503678737,-30.743627964691193,-22.645
225.58345069999996,sine,2143,-2.9979860771199336,0.8851738058261911,-5.8407691106915104e-24,3.92173028498745e-23,-171.77194925795433,50.71672320937339,-0.8760620783523734,-0.12668031178420502,-50.19465968105023,-7.258247212636335,1.462143106981942,0.45635059202962797,0.35,-94.60065902173164,-29.52588330431693,-22.645
225.68674929999997,sine,2144,-2.9979860771199336,0.8851738058261911,-3.1295450937217128e-24,2.1013040474098205e-23,-171.77194925795433,50.71672320937339,-0.8760620783523734,-0.12668031178420502,-50.19465968105023,-7.258247212636335,1.4497728784634805,0.43644859445132,0.35,-93.80030523658719,-28.238224061000405,-22.645
225.7910468,sine,2145,-2.9979860771199336,0.8851738058261911,-1.6827441285732074e-24,1.1298629488418607e-23,-171.77194925795433,50.71672320937339,-0.8760620783523734,-0.12668031178420502,-50.19465968105023,-7.258247212636335,1.4373048211228834,0.4154911257896231,0.35,-92.99362192665056,-26.882275838588615,-22.645
225.8949662999994,sine,2146,-2.9979860771199336,0.8851738058261911,-9.007916601569237e-25,6.048282113454894e-24,-171.77194925795433,50.71672320937339,-0.8760620783523734,-0.12668031178420502,-50.19465968105023,-7.258247212636335,1.4247101720724875,0.3935052467399178,0.35,-92.17874813308994,-25.459789464072685,-22.645
225.9999657999997,sine,2147,-2.9979860771199336,0.8851738058261911,-4.82420942316836e-25,3.2391707046473674e-24,-171.77194925795433,50.71672320937339,-0.8760620783523734,-0.12668031178420502,-50.19465968105023,-7.258247212636335,1.4119602592691307,0.37051990405121704,0.35,-91.35382877471277,-23.972637792113744,-22.645
226.1035428999994,sine,2148,-2.9979860771199336,0.8851738058261911,-2.578542082242806e-25,1.7313381822499353e-24,-171.77194925795433,50.71672320937339,-0.8760620783523734,-0.12668031178420502,-50.19465968105023,-7.258247212636335,1.399026579784585,0.35,0.35,-90.51701971206265,-22.645,-22.645
226.20729440000014,sine,2149,-2.9979860771199336,0.8851738058261911,-1.3813969813949351e-25,9.275261998646901e-25,-171.77194925795433,50.71672320937339,-0.8760620783523734,-0.12668031178420502,-50.19465968105023,-7.258247212636335,1.385880877639801,0.35,0.35,-89.66649278329513,-22.645,-22.645
226.31211239999993,sine,2150,-2.9979860771199336,0.8851738058261911,-7.409000240776517e-26,4.974704542342802e-25,-171.77194925795433,50.71672320937339,-0.8760620783523734,-0.12668031178420502,-50.19465968105023,-7.258247212636335,1.3724952210405996,0.35,0.35,-88.8004408013268,-22.645,-22.645
226.41693529999975,sine,2151,-2.9979860771199336,0.8851738058261911,-3.957788702909573e-26,2.657420542334028e-25,-171.77194925795433,50.71672320937339,-0.8760620783523734,-0.12668031178420502,-50.19465968105023,-7.258247212636335,1.3588420788541038,0.35,0.35,-87.91708250186052,-22.645,-22.645
226.52147349999996,sine,2152,-2.9979860771199336,0.8851738058261911,-2.110100393946316e-26,1.4168073523323168e-25,-171.77194925795433,50.71672320937339,-0.8760620783523734,-0.12668031178420502,-50.19465968105023,-7.258247212636335,1.3448943961663975,0.35,0.35,-87.01466743196592,-22.645,-22.645
226.62576669999999,sine,2153,-2.9979860771199336,0.8851738058261911,-1.1276044989535059e-26,7.571195897710306e-26,-171.77194925795433,50.71672320937339,-0.8760620783523734,-0.12668031178420502,-50.19465968105023,-7.258247212636335,1.3306256687640925,0.35,0.35,-86.09148076903679,-22.645,-22.645
226.73065229999975,sine,2154,-2.9979860771199336,0.8851738058261911,-6.040242224512832e-27,4.055664658472933e-26,-171.77194925795433,50.71672320937339,-0.8760620783523734,-0.12668031178420502,-50.19465968105023,-7.258247212636335,1.316010016384673,0.35,0.35,-85.14584806008835,-22.645,-22.645
226.83888059999936,sine,2155,-2.9979860771199336,0.8851738058261911,-3.220389056715586e-27,2.1623003843869505e-26,-171.77194925795433,50.71672320937339,-0.8760620783523734,-0.12668031178420502,-50.19465968105023,-7.258247212636335,1.3010222545828316,0.35,0.35,-84.1761398715092,-22.645,-22.645
226.94283649999943,sine,2156,-2.9979860771199336,0.8851738058261911,-1.694497174890533e-27,1.137754422860093e-26,-171.77194925795433,50.71672320937339,-0.8760620783523734,-0.12668031178420502,-50.19465968105023,-7.258247212636335,1.285637965063052,0.35,0.39004950188435905,-83.18077633957947,-22.645,-25.23620277191803
227.04661810000016,sine,2157,-2.9979860771199336,0.8851738058261911,-9.080574085207814e-28,6.097067307427859e-27,-171.77194925795433,50.71672320937339,-0.8760620783523734,-0.12668031178420502,-50.19465968105023,-7.258247212636335,1.2698335643317862,0.35,0.4368685575481852,-82.15823161226658,-22.645,-28.265395673367586
227.1513434999997,sine,2158,-2.9979860771199336,0.8851738058261911,-4.872354224159529e-28,3.271497085049247e-27,-171.77194925795433,50.71672320937339,-0.8760620783523734,-0.12668031178420502,-50.19465968105023,-7.258247212636335,1.2535863705258576,0.35,0.4847042262588461,-81.107038173023,-22.645,-31.360363438947346
227.25651500000004,sine,2159,-2.9979860771199336,0.8851738058261911,-2.5964206198465565e-28,1.743342560619142e-27,-171.77194925795433,50.71672320937339,-0.8760620783523734,-0.12668031178420502,-50.19465968105023,-7.258247212636335,1.2368746682775327,0.35,0.5335315999188206,-80.02579103755637,-22.645,-34.51949451474769
227.3624061999999,sine,2160,-2.9979860771199336,0.8851738058261911,-1.384542290669882e-28,9.296380886254754e-28,-171.77194925795433,50.71672320937339,-0.8760620783523734,-0.12668031178420502,-50.19465968105023,-7.258247212636335,1.219677771480744,0.35,0.583323758823095,-78.91315181480415,-22.645,-37.74104719585424
227.46718580000015,sine,2161,-2.9979860771199336,0.8851738058261911,-7.352052966463719e-29,4.93646782281366e-28,-171.77194925795433,50.71672320937339,-0.8760620783523734,-0.12668031178420502,-50.19465968105023,-7.258247212636335,1.2019760838270166,0.35,0.6340517961191369,-77.76785262360798,-22.645,-41.02315120890816
227.57186490000004,sine,2162,-2.9979860771199336,0.8851738058261911,-3.927558804444054e-29,2.637122957191121e-28,-171.77194925795433,50.71672320937339,-0.8760620783523734,-0.12668031178420502,-50.19465968105023,-7.258247212636335,1.1837511569842532,0.35,0.6856848460862383,-76.58869985688118,-22.645,-44.36380954177962
227.67825799999991,sine,2163,-2.9979860771199336,0.8851738058261911,-2.097329478430562e-29,1.4082324394747837e-28,-171.77194925795433,50.71672320937339,-0.8760620783523734,-0.12668031178420502,-50.19465968105023,-7.258247212636335,1.1649857462963387,0.35,0.7381901161935003,-75.37457778537312,-22.645,-47.76090051771947
227.7837316999994,sine,2164,-2.9979860771199336,0.8851738058261911,-1.1104771354647819e-29,7.456195802992019e-29,-171.77194925795433,50.71672320937339,-0.8760620783523734,-0.12668031178420502,-50.19465968105023,-7.258247212636335,1.1456638638864054,0.35,0.7915329228880796,-74.12445199345044,-22.645,-51.21218011085875
227.88708159999987,sine,2165,-2.9979860771199336,0.8851738058261911,-5.92561023817555e-30,3.9786960736979797e-29,-171.77194925795433,50.71672320937339,-0.8760620783523734,-0.12668031178420502,-50.19465968105023,-7.258247212636335,1.125770829051902,0.35,0.84567673105839,-72.83737263965806,-22.645,-54.71528449947784
227.99484329999996,sine,2166,-3.000075381099668,0.8841144078798184,-0.009365663622125849,-0.004734602847646313,-171.891657558113,50.65602417822141,-0.8752760324663861,-0.12470025345035951,-50.14962256927954,-7.144798226917282,1.1052933158450218,0.35,0.9005831971098479,-71.5124775351729,-22.645,-58.26773285300716
228.09881609999957,sine,2167,-3.0018467862782696,0.8832125216965911,-0.012729171500052813,-0.0064401048678219205,-171.9931515986545,50.604349906321325,-0.8746024596923297,-0.12302396507094979,-50.1110296921312,-7.04875397753028,1.0842193977378438,0.35,0.9562122155833785,-70.1489950336385,-22.645,-61.866930348244594
228.2034679999997,sine,2168,-3.0024239998283475,0.8830999619448779,-0.009395637672270394,-0.003946800205127148,-172.0262234989517,50.59790070760511,-0.8745618536039034,-0.12250349794168952,-50.10870313464183,-7.018933407648377,1.0625385892770227,0.35,1.0125219692408944,-68.74624672622338,-22.645,-65.51017140988587
228.30920199999946,sine,2169,-3.0064809341808223,0.8809627815758495,-0.023129161214296784,-0.011564186749092181,-172.25866871511016,50.47544929240158,-0.8729339410927527,-0.11866657916251115,-50.01543061833635,-6.799094155266968,1.040241884639388,0.35,1.069468982534189,-67.3036499361684,-22.645,-69.19464316996203
228.41473159999987,sine,2170,-3.01755273518116,0.8742329670557494,-0.06182114274122989,-0.03556042687119774,-172.89303618403824,50.089859323493975,-0.8675161546049229,-0.10816192577143954,-49.7050143182807,-6.197221850710776,1.0173217930058291,0.35,1.127008178367929,-65.82072000747715,-22.645,-72.91742914040502
228.51871269999992,sine,2171,-3.0401418892563346,0.8631755389491691,-0.13528464476110816,-0.06632989955772359,-174.18729937531648,49.456315360717596,-0.8587373350102693,-0.08741968027652085,-49.2020250064003,-5.00877872622769,0.9937723706770059,0.35,1.1850929380607602,-64.29707238280228,-22.645,-76.67551309253119
228.6249074999996,sine,2172,-3.0554177892504213,0.8556191824717347,-0.14280506737671508,-0.06798666050697504,-175.06254397324156,49.02336802606427,-0.852444188117722,-0.07364164282467751,-48.84145424960147,-4.219355330263884,0.969589249861375,0.35,1.2436751644021933,-62.73242446603096,-22.645,-80.46578313682191
228.72919309999997,sine,2173,-3.057767436669733,0.8556035732468833,-0.0861249235376527,-0.03592263017226444,-175.19716885371193,49.022473683358804,-0.852599312333802,-0.07163719118420687,-48.850342212483135,-4.104508711026842,0.9447696640723978,0.35,1.302705347697218,-61.12659726548414,-22.645,-84.28503599601001
228.83447650000016,sine,2174,-3.0644464737000408,0.8572181197490307,-0.07586113995835674,-0.011671801356671337,-175.57984948676017,49.114980383759466,-0.8546685036411676,-0.06606552588022714,-48.96889814140034,-3.7852758042493284,0.9193124700787529,0.35,1.3621326346844433,-59.47951681409532,-22.645,-88.12998146408349
228.93905610000002,sine,2175,-3.0826440584237145,0.8579218038130685,-0.12125251291731598,-0.0018329334876064972,-176.62249428875842,49.15529851073944,-0.8564316233569345,-0.050544000356868755,-49.06991745989008,-2.8959579001563065,0.8932181663581988,0.35,1.4219049002081516,-57.791215363375464,-22.645,-91.99724704346741
229.04423469999983,sine,2176,-3.1336551968240225,0.8492164111169348,-0.2949716004145987,-0.031956829458317314,-179.54521722725377,48.656516250246966,-0.8491896595732383,-0.0067405477681345164,-48.6549834996977,-0.3862049387204344,0.8664889080127505,0.35,1.4819688215193088,-56.06183234842496,-22.645,-95.88338275229928
229.15296209999997,sine,2177,3.06881832993476,0.84276548936829,-0.519481033791653,-0.022547499971866992,175.83033839764752,48.28690566008047,-0.8405347880566977,0.061277566340836795,-48.15909588957193,3.5109459301628596,0.8391285181101884,0.35,1.5422699550749939,-54.291615121729194,-22.645,-99.78486609335211
229.25737320000007,sine,2178,3.0189851716088674,0.8493079551428281,-0.4879954968093207,0.032878113900991296,172.97510874576668,48.66176133657029,-0.8429322969339264,0.10387081136963913,-48.296463029582284,5.951359106079808,0.8111424954234392,0.35,1.6027528157017832,-52.48091945389652,-22.645,-103.69810717590538
229.36191169999984,sine,2179,2.9910691863423784,0.8620022759055229,-0.3784617552441545,0.08168940067389095,171.37564060904745,49.389092340058,-0.8522553717952801,0.1292621557625829,-48.83063587122237,7.406175975958654,0.7825380185475539,0.35,1.6633609579824995,-50.63020980002674,-22.645,-107.61945398146773
229.46579959999963,sine,2180,2.969970003220638,0.8708699444932848,-0.2921624155536701,0.08769118038612705,170.16674646499806,49.89717232425749,-0.8580759468588995,0.1487283753825743,-49.164130256706855,8.521508203258918,0.7533239463803215,0.35,1.7240370597228023,-48.7400593308068,-22.645,-111.5451977640653
229.5752633000002,sine,2181,2.9311058463666875,0.8726673915091943,-0.3274105229398309,0.06326125117443918,167.93999430293226,50.00015845216748,-0.8534070279406831,0.18233162332659522,-48.89662090780426,10.446832488382977,0.7235108149605216,0.35,1.7847230073490032,-46.81114972794575,-22.645,-115.47157857548052
229.68157710000014,sine,2182,2.869668218612773,0.8657814495876114,-0.4389030736166722,0.0193298140929607,164.41987752933716,49.60562304208858,-0.833969006950082,0.23253647863662089,-47.78290434295612,13.323358808712408,0.6931108306648261,0.35,1.8453599830850735,-44.84427074401425,-22.645,-119.39479090560427
229.7852611999997,sine,2183,2.8426081919763453,0.8561687580746277,-0.3564012891445225,-0.0254186186778781,162.86945220955826,49.05485638863339,-0.8181857802370582,0.25218439944002596,-46.878592065201715,14.449101746954808,0.6621378597717466,0.35,1.905888553753202,-42.840319527232005,-22.645,-123.31098942783217
229.8891179000002,sine,2184,2.8332727787856653,0.8296708445354404,-0.24067484818556695,-0.13048751960566768,162.33457243372155,47.53663777693539,-0.7905475185762304,0.25177039370250737,-45.29503631895805,14.425380965500793,0.630607414408358,0.35,1.9662487610387953,-40.80029971222076,-22.645,-127.21629483921006
229.9945845000002,sine,2185,2.803783419742439,0.7937122741913373,-0.27504339916483495,-0.2257515938432499,160.64495661999874,45.476363458894,-0.7488540334823915,0.26305286681414014,-42.90617558988947,15.071819057267183,0.5985366349026937,0.35,2.0263802130581605,-38.725320278204286,-22.645,-131.106799784863
230.09949359999973,sine,2186,2.703927241631578,0.7496918824041738,-0.6382461642566823,-0.2856509984088783,154.92361905593975,42.954180796977184,-0.67902861689879,0.31773897459271483,-38.90547391690632,18.205102230977054,0.5659442685721447,0.35,2.0862221770642386,-36.61659417661777,-22.645,-134.97857485605624
230.2028795999995,sine,2187,2.5667027403918024,0.7065513113707853,-1.0314427696283892,-0.27616921828342017,147.0612342891129,40.48240815097969,-0.5929747187183171,0.38418190816423037,-33.9749487405167,22.012001903092983,0.5328506449851395,0.35,2.1457136731233613,-34.475436730538526,-22.645,-138.82767465108148
230.30592499999966,sine,2188,2.4272628707800763,0.6629984522421749,-1.2788912459703996,-0.25676732822136417,139.07191826450648,37.987013137182494,-0.5009168633013135,0.4343377070159724,-28.700422154096856,24.885717495404904,0.49927764774044425,0.35,2.20479356859444,-32.30326380880675,-22.645,-142.65014388806028
230.41044379999948,sine,2189,2.2291980700276124,0.6133948017349662,-1.7268208141854415,-0.209932911130985,127.72364111129073,35.144933314677466,-0.37530773117454763,0.4851775857519512,-21.503549014932055,27.798627977933386,0.465248682815969,0.35,2.2634006732393597,-30.101589778193194,-22.645,-146.44202355858658
230.5140491000002,sine,2190,2.035191665473027,0.5998913989497275,-1.8416989953454241,-0.00985256479474132,116.60789293180535,34.37124532601809,-0.2686807156205907,0.5363584282804442,-15.39427104161454,30.73107424673971,0.4307886435450323,0.35,2.321473834793096,-27.87202523736359,-22.645,-150.19935711111333
230.6176308999993,sine,2191,1.8167056647984499,0.621080635518761,-1.8717138040651662,0.28214103485985303,104.08956721045962,35.58529915252798,-0.15119488060431338,0.6023962681619429,-8.662828542611546,34.51476376011029,0.3959238722855919,0.35,2.378952034820089,-25.616274536877796,-22.645,-153.91819665285976
230.7214172999993,sine,2192,1.6226074523535372,0.665957812547748,-1.6763232504071497,0.5206738366985315,92.9685588263325,38.15657199275038,-0.034488588856023614,0.6650641663269053,-1.9760505828120771,38.105369835918275,0.3606821188542294,0.35,2.4357744846831064,-23.336133089868643,-22.645,-157.594609158997
230.82663839999987,sine,2193,1.474049594309978,0.7182938712983723,-1.3827179861275694,0.6326641159926493,84.45682054693295,41.15520727550987,0.06938422811041839,0.7149349022353881,3.9754234354999407,40.96275252468587,0.35,0.35,2.49188072145052,-22.645,-22.645,-161.22468267784865
230.93210110000018,sine,2194,1.3660179696094241,0.7664289506102672,-1.0863081236578018,0.6237114276045668,78.26706439764996,43.91314416660893,0.15585344442707996,0.750415245176809,8.929744588248402,42.995626430906064,0.35,0.35,2.5472107035674365,-22.645,-22.645,-164.80453252081315
231.0360552000002,sine,2195,1.293922046884453,0.8102048935009398,-0.8178116611748439,0.565722747354499,74.13627230540779,46.421320938450194,0.22146976135519864,0.7793478775605542,12.689282615422421,44.653344156698196,0.35,0.35,2.6017049061167783,-22.645,-22.645,-168.33030742575556
231.1413910000001,sine,2196,1.2424553156820108,0.8522844878965399,-0.6165945401206374,0.514099013952735,71.18744582217359,48.832304100940426,0.27483882895437795,0.8067542788284754,15.747104945403784,46.223615280992064,0.35,0.35,2.6553044154967558,-22.645,-22.645,-171.7981956826401
231.2460191,sine,2197,1.225788778931948,0.8616244919804172,-0.39229537196629394,0.32011458388823205,70.23252360729529,49.36744691558155,0.2914046604270805,0.8108514593079857,16.69625717291463,46.45836643037139,0.35,0.35,2.7079510233422237,-22.645,-22.645,-175.2044312102419
231.3498282999999,sine,2198,1.2252425498946327,0.860790919532556,-0.2123460619067309,0.16759367347277696,70.20122698880964,49.31968673240072,0.2915651817427528,0.8099078663311148,16.70545436682454,46.404302535218505,0.35,0.35,2.7595873195186456,-22.645,-22.645,-178.54529957285638
231.45473909999964,sine,2199,1.2285091938104644,0.8678730912747181,-0.09883137006661517,0.12125846723672008,70.38839189835889,49.72546528301342,0.2912950274908865,0.8175273142334872,16.689975668375087,46.84086474224425,0.35,0.35,2.8101567840188433,-22.645,-22.645,-181.81714392601916
231.55963109999993,sine,2200,1.2276133308776593,0.8795287432280463,-0.05587206298019288,0.11651150908768046,70.33706273328694,50.39328494741254,0.295949268742075,0.828242018069198,16.956644048903875,47.45477205076311,0.35,0.35,2.859603877594699,-22.645,-22.645,-185.01637088037702
231.6683898000001,sine,2201,1.2265080540372209,0.8914246009560433,-0.034196552285068786,0.11512897046818274,70.27373503513627,51.074867388914846,0.30087969532851533,0.8391121665955397,17.239136683506,48.07758568400284,0.35,0.35,2.9078741309582354,-22.645,-22.645,-188.13945627299785
231.7741486999994,sine,2202,1.2277143976315594,0.8908506299192167,-0.012734142675114272,0.05777308197509872,70.34285343173451,51.04198127094194,0.29967414036214224,0.8389339988495378,17.170063471961786,48.06737742411158,0.35,0.35,2.9549142323888358,-22.645,-22.645,-191.18295083555768
231.87883189999957,sine,2203,1.2297920981084083,0.8903587218674199,0.002369894544791143,0.028594904046425278,70.46189690015026,51.01379701566548,0.29776593061179496,0.839091237096585,17.060731106841175,48.07638651204542,0.35,0.35,3.000672113586568,-22.645,-22.645,-194.14348574905097
231.98299429999952,sine,2204,1.2314749047450206,0.8900424484904577,0.00871416790742632,0.013847372308698314,70.55831461816476,50.995675885993194,0.2962482106291897,0.8392928915544872,16.973772157355224,48.08794046140321,0.35,0.35,3.045097033614179,-22.645,-22.645,-197.0177780748374
232.08928070000002,sine,2205,1.2327155357647364,0.8897856628093257,0.010197452602428101,0.0062788581457917025,70.62939753952747,50.98096315022494,0.2951215601737037,0.8394175304707843,16.909219841269387,48.095081745270114,0.35,0.35,3.088139660774263,-22.645,-22.645,-199.8026360520948
232.20223979999992,sine,2206,1.234309235768042,0.889444540814955,0.012416434339945022,0.0018300122661271975,70.72070982352689,50.961418299648415,0.2936707768816863,0.8395648074992383,16.826096081648693,48.10352009741976,0.35,0.35,3.1297521522715894,-22.645,-22.645,-202.49496425197185
232.32479289999992,sine,2207,1.2353931117239974,0.8891410132622228,0.01042753355500041,-0.0003319989443308043,70.78281134131883,50.94402745191093,0.29266071437437796,0.8395960026863224,16.768223762935524,48.1053074499808,0.35,0.35,3.1698882315146446,-22.645,-22.645,-205.09176857899752
232.44410929999958,sine,2208,1.236539028029382,0.8888322757329438,0.009925221771249177,-0.0014349922682327,70.84846750929259,50.92633809450594,0.2915971288854231,0.8396391658387439,16.70728480326705,48.10778051644503,0.35,0.35,3.208503262914774,-22.645,-22.645,-207.59016111058588
232.55534949999947,sine,2209,1.2374073730753956,0.8886737769532925,0.008922018278028156,-0.001426909494005529,70.89822001559027,50.91725678337395,0.2908160542408854,0.8397422845374601,16.66253252265036,48.11368878267036,0.35,0.35,3.2455543240457447,-22.645,-22.645,-209.9873647657597
232.6613594999999,sine,2210,1.2383241258139552,0.8884855647074256,0.008794245805709183,-0.0015845437896477214,70.95074607836679,50.90647301603309,0.2899846672322222,0.8398306326061763,16.614897555911952,48.118750754135924,0.35,0.35,3.2810002750315466,-22.645,-22.645,-212.28071779454106
232.7663580999997,sine,2211,1.2354739645984054,0.9042277689446665,-0.007809159436571106,0.06884455122813989,70.78744386978391,51.80843487905996,0.29755748259653014,0.8538661503312243,17.04878791531862,48.92292668306223,0.35,0.35,3.3148018250352997,-22.645,-22.645,-214.4676780797839
232.87106439999934,sine,2212,1.2240206612465512,0.9745660860468814,-0.05065096441239468,0.3495657673194529,70.13121792623963,55.83852358706974,0.33122302589178554,0.9165535244555154,18.9776814611517,52.51464864914172,0.35,0.35,3.3469215957271845,-22.645,-22.645,-216.54582724354884
232.97831880000012,sine,2213,1.193031818686725,1.0481645174465926,-0.14759953888191535,0.5162355446824076,68.3556880355662,60.0554030850563,0.386608692309138,0.9742600138900633,22.151046392385457,55.82098694425759,0.35,0.35,3.377324181615414,-22.645,-22.645,-218.5128745505173
233.08355109999957,sine,2214,1.1702454931707154,1.0581595168597544,-0.17078209087150825,0.3198573851241815,67.05012775288759,60.62807436766621,0.4126035210880452,0.9744023283565243,23.640440370582052,55.82914096254946,0.35,0.35,3.405976207129379,-22.645,-22.645,-220.3666606012708
233.1873104999995,sine,2215,1.144079803230321,1.0699783660402438,-0.20060725532741655,0.22689476502649186,65.55094415125508,61.305244544409895,0.4428469185464897,0.9740330130586071,25.3732594030876,55.80798075466919,0.35,0.35,3.4328463803506057,-22.645,-22.645,-222.1051608086842
233.29234039999938,sine,2216,1.128212323341268,1.0777219870020966,-0.1753448749383465,0.15864575723885252,64.64180452210363,61.7489213436731,0.46156237750601176,0.9738813341155816,26.445576213118517,55.79929019139282,0.35,0.35,3.4579055432930943,-22.645,-22.645,-223.72648865106322
233.3978588,sine,2217,1.1184929473973702,1.0827004364683273,-0.1352718228027881,0.10789989366276442,64.08492530101731,62.03416548660727,0.4731817202595517,0.9738271380183025,27.111315513612272,55.796184983752646,0.35,0.35,3.481126718640983,-22.645,-22.645,-225.2288986960716
233.5067266999995,sine,2218,1.1182167949311008,1.0837096352191815,-0.07321597587006956,0.061991587881319185,64.06910293019794,62.091988315721096,0.47389193628843207,0.9746040253291036,27.15200789460966,55.84069734781882,0.35,0.35,3.5024851528581444,-22.645,-22.645,-226.61078938992196
233.61302129999967,sine,2219,1.119060316599576,1.0840679577837775,-0.0347284746843863,0.03404710555309551,64.11743316172941,62.11251868637675,0.47322608603364225,0.9753257961270018,27.113857485222493,55.88205176831418,0.35,0.35,3.5219583555908978,-22.645,-22.645,-227.8707056067311
233.7182073999993,sine,2220,1.119592492957361,1.0843601190076957,-0.016074969149565507,0.01934320502191651,64.14792462098714,62.12925829144464,0.4728343703868418,0.9758404202917929,27.09141383189159,55.91153756099215,0.35,0.35,3.539526135291939,-22.645,-22.645,-229.00734095338845
233.8222593999999,sine,2221,1.1200601406897341,1.0853388030174993,-0.006489164183614613,0.014652538289757567,64.17471886235097,62.18533275468333,0.4728043116046359,0.9769423730515145,27.08969159053389,55.97467480334699,0.35,0.35,3.555170631000572,-22.645,-22.645,-230.01953982573704
233.92574609999974,sine,2222,1.1207542208987658,1.0857050216292392,-0.00038233603978965735,0.009475102330013089,64.21448672897205,62.20631553551517,0.4722854277652523,0.9776000556012359,27.059961736479664,56.01235723770543,0.35,0.35,3.568876340221426,-22.645,-22.645,-230.90629921232627
234.03474629999982,sine,2223,1.1212945040547808,1.0860566168768124,0.0022060183419119004,0.006652496509903417,64.24544267355371,62.22646045929797,0.4719099520924275,0.9781717498364131,27.038448565116965,56.045112904553044,0.35,0.35,3.580630142851171,-22.645,-22.645,-231.6667702424708
234.1392476000001,sine,2224,1.1216128917808472,1.0863832542416496,0.00254788763820998,0.004919483821625459,64.26368494650609,62.245175401734414,0.4717403260803192,0.9786161861763327,27.028729710527525,56.07057723109268,0.35,0.35,3.5904213211098055,-22.645,-22.645,-232.30025947580444
234.24384109999937,sine,2225,1.1218342288994947,1.0885868591317132,0.002340802511679853,0.012436480183597779,64.27636662925417,62.37143266164944,0.4724801426658359,0.9807057992388541,27.071118078491413,56.19030324039056,0.35,0.35,3.598241575440819,-22.645,-22.645,-232.806229931021
234.34977769999932,sine,2226,1.117699848286776,1.1148164389282853,-0.01672396037832672,0.12342858411335414,64.03948406924468,63.87427688239464,0.4880127461716574,1.0023269187639035,27.961070704225094,57.42910213752379,0.35,0.35,3.6040850363517665,-22.645,-22.645,-233.1843018519593
234.4550995999998,sine,2227,1.1175018448721783,1.1266301197882016,-0.009636737697575006,0.11774455184668424,64.02813930925905,64.55115093618232,0.49338476217570276,1.01285087908675,28.268864548733625,58.03208064778604,0.35,0.35,3.6079482721744216,-22.645,-22.645,-233.4342532096851
234.56354659999943,sine,2228,1.1175038242400408,1.1263790702727365,-0.005131418427563679,0.06167371452287645,64.02825271868367,64.53676685849737,0.4932728157842818,1.012626159624923,28.262450492973482,58.019205171048895,0.35,0.35,3.6098302927312007,-22.645,-22.645,-233.5560199397087
234.6680609999994,sine,2229,1.1176467821016143,1.1264781113514581,-0.0020752179098910716,0.03285494853225346,64.03644360080006,64.54244149430654,0.4931714079958403,1.0127857116336845,28.25664025468603,58.02834682776376,0.35,0.35,3.60973254890215,-22.645,-22.645,-233.54969591396912
234.77357829999983,sine,2230,1.1176467821016143,1.1264781113514581,-0.0011091085626991546,0.017559459452658174,64.03644360080006,64.54244149430654,0.4931714079958403,1.0127857116336845,28.25664025468603,58.02834682776376,0.35,0.35,3.607658928094402,-22.645,-22.645,-233.41553264770783
234.87702480000007,sine,2231,1.1176467821016143,1.1264781113514581,-0.0005897336113206369,0.009336690549618725,64.03644360080006,64.54244149430654,0.4931714079958403,1.0127857116336845,28.25664025468603,58.02834682776376,0.35,0.35,3.603615745623553,-22.645,-22.645,-233.1539387418439
234.98259849999977,sine,2232,1.1176467821016143,1.1264781113514581,-0.00031675341048026563,0.005014855042038034,64.03644360080006,64.54244149430654,0.4931714079958403,1.0127857116336845,28.25664025468603,58.02834682776376,0.35,0.35,3.5976117320240646,-22.645,-22.645,-232.765479061957
235.09145009999975,sine,2233,1.1176467821016143,1.1264781113514581,-0.00016845009086056837,0.002666909840696147,64.03644360080006,64.54244149430654,0.4931714079958403,1.0127857116336845,28.25664025468603,58.02834682776376,0.35,0.35,3.5896580163132423,-22.645,-22.645,-232.2508736554668
235.19536869999956,sine,2234,1.1176467821016143,1.1264781113514581,-8.843824334342649e-05,0.0014001584698561614,64.03644360080006,64.54244149430654,0.4931714079958403,1.0127857116336845,28.25664025468603,58.02834682776376,0.35,0.35,3.579768105240933,-22.645,-22.645,-231.61099640908836
235.2994552,sine,2235,1.1176467821016143,1.1264781113514581,-4.734163803682957e-05,0.0007495150623551867,64.03644360080006,64.54244149430654,0.4931714079958403,1.0127857116336845,28.25664025468603,58.02834682776376,0.35,0.35,3.567957858564427,-22.645,-22.645,-230.84687344911842
235.40346259999933,sine,2236,1.1176467821016143,1.1264781113514581,-2.53371821451434e-05,0.00040113947136024484,64.03644360080006,64.54244149430654,0.4931714079958403,1.0127857116336845,28.25664025468603,58.02834682776376,0.35,0.35,3.5542454603954883,-22.645,-22.645,-229.9596812875881
235.50873820000015,sine,2237,1.1176467821016143,1.1264781113514581,-1.359453161392755e-05,0.00021522927031750899,64.03644360080006,64.54244149430654,0.4931714079958403,1.0127857116336845,28.25664025468603,58.02834682776376,0.35,0.35,3.5386513866736498,-22.645,-22.645,-228.95074471778514
235.61440849999963,sine,2238,1.1176467821016143,1.1264781113514581,-7.229339320351708e-06,0.00011445524354828777,64.03644360080006,64.54244149430654,0.4931714079958403,1.0127857116336845,28.25664025468603,58.02834682776376,0.35,0.35,3.5211983688270605,-22.645,-22.645,-227.82153446311082
235.7210017999996,sine,2239,1.1176467821016143,1.1264781113514581,-3.844692826095824e-06,6.086935946419843e-05,64.03644360080006,64.54244149430654,0.4931714079958403,1.0127857116336845,28.25664025468603,58.02834682776376,0.35,0.35,3.5019113536893123,-22.645,-22.645,-226.5736645836985
235.82500869999967,sine,2240,1.1176467821016143,1.1264781113514581,-2.0362041624687816e-06,3.2237281029722595e-05,64.03644360080006,64.54244149430654,0.4931714079958403,1.0127857116336845,28.25664025468603,58.02834682776376,0.35,0.35,3.4808174597474344,-22.645,-22.645,-225.208889645659
235.93099669999992,sine,2241,1.1176467821016143,1.1264781113514581,-1.0907467218637322e-06,1.7268753916275754e-05,64.03644360080006,64.54244149430654,0.4931714079958403,1.0127857116336845,28.25664025468603,58.02834682776376,0.35,0.35,3.457945929803178,-22.645,-22.645,-223.72910165826562
236.03559880000012,sine,2242,1.1176467821016143,1.1264781113514581,-5.796695073340584e-07,9.177355177209726e-06,64.03644360080006,64.54244149430654,0.4931714079958403,1.0127857116336845,28.25664025468603,58.02834682776376,0.35,0.35,3.4333280801362043,-22.645,-22.645,-222.13632678481244
236.13964140000007,sine,2243,1.1176467821016143,1.1264781113514581,-3.10061485480248e-07,4.908908167539044e-06,64.03644360080006,64.54244149430654,0.4931714079958403,1.0127857116336845,28.25664025468603,58.02834682776376,0.35,0.35,3.4069972462642713,-22.645,-22.645,-220.43272183329836
236.24722699999984,sine,2244,1.1176467821016143,1.1264781113514581,-1.6576986731037453e-07,2.6244764141259307e-06,64.03644360080006,64.54244149430654,0.4931714079958403,1.0127857116336845,28.25664025468603,58.02834682776376,0.35,0.35,3.3789887254017943,-22.645,-22.645,-218.6205705334961
236.35234929999933,sine,2245,1.1176467821016143,1.1264781113514581,-8.73192603783595e-08,1.3824426783961318e-06,64.03644360080006,64.54244149430654,0.4931714079958403,1.0127857116336845,28.25664025468603,58.02834682776376,0.35,0.35,3.3493397157242297,-22.645,-22.645,-216.70227960735767
236.45838899999944,sine,2246,1.1176467821016143,1.1264781113514581,-4.658611147968636e-08,7.375535300113404e-07,64.03644360080006,64.54244149430654,0.4931714079958403,1.0127857116336845,28.25664025468603,58.02834682776376,0.35,0.35,3.3180892525514953,-22.645,-22.645,-214.68037464008177
236.5623633999994,sine,2247,1.1176467821016143,1.1264781113514581,-2.4747245107777255e-08,3.917995601598097e-07,64.03644360080006,64.54244149430654,0.4931714079958403,1.0127857116336845,28.25664025468603,58.02834682776376,0.35,0.35,3.285278141569535,-22.645,-22.645,-212.55749575954894
236.66835790000005,sine,2248,1.1176467821016143,1.1264781113514581,-1.3246748890125674e-08,2.0972315771292123e-07,64.03644360080006,64.54244149430654,0.4931714079958403,1.0127857116336845,28.25664025468603,58.02834682776376,0.35,0.35,3.2509488892140608,-22.645,-22.645,-210.33639313214974
236.77575679999973,sine,2249,1.1176467821016143,1.1264781113514581,-7.0449001763635605e-09,1.1153519425891868e-07,64.03644360080006,64.54244149430654,0.4931714079958403,1.0127857116336845,28.25664025468603,58.02834682776376,0.35,0.35,3.2151456303463695,-22.645,-22.645,-208.01992228341012
236.87978479999947,sine,2250,1.1176467821016143,1.1264781113514581,-3.718688372510909e-09,5.887445096922286e-08,64.03644360080006,64.54244149430654,0.4931714079958403,1.0127857116336845,28.25664025468603,58.02834682776376,0.35,0.35,3.1779140533554684,-22.645,-22.645,-205.6110392520988
236.9844118000001,sine,2251,1.1176467821016143,1.1264781113514581,-1.9915756835880076e-09,3.15307208320142e-08,64.03644360080006,64.54244149430654,0.4931714079958403,1.0127857116336845,28.25664025468603,58.02834682776376,0.35,0.35,3.139301322825719,-22.645,-22.645,-203.11279558682403
237.08823719999964,sine,2252,1.1176467821016143,1.1264781113514581,-1.062137821257669e-09,1.681581644281983e-08,64.03644360080006,64.54244149430654,0.4931714079958403,1.0127857116336845,28.25664025468603,58.02834682776376,0.35,0.35,3.099355999913536,-22.645,-22.645,-200.5283331944058
237.193491,sine,2253,1.1176467821016143,1.1264781113514581,-5.70213599024304e-10,9.027648787648448e-09,64.03644360080006,64.54244149430654,0.4931714079958403,1.0127857116336845,28.25664025468603,58.02834682776376,0.35,0.35,3.058127960580811,-22.645,-22.645,-197.8608790495785
237.30403599999954,sine,2254,1.1176467821016143,1.1264781113514581,-3.036775685552477e-10,4.807837691515599e-09,64.03644360080006,64.54244149430654,0.4931714079958403,1.0127857116336845,28.25664025468603,58.02834682776376,0.35,0.35,3.015668311836665,-22.645,-22.645,-195.11373977583224
237.40862000000016,sine,2255,1.1176467821016143,1.1264781113514581,-1.5802424842175187e-10,2.501847407927007e-09,64.03644360080006,64.54244149430654,0.4931714079958403,1.0127857116336845,28.25664025468603,58.02834682776376,0.35,0.35,2.972029306142592,-22.645,-22.645,-192.29029610742572
237.51274169999942,sine,2256,1.1176467821016143,1.1264781113514581,-8.444552523245874e-11,1.3369455670499527e-09,64.03644360080006,64.54244149430654,0.4931714079958403,1.0127857116336845,28.25664025468603,58.02834682776376,0.35,0.35,2.9272642541392755,-22.645,-22.645,-189.39399724281114
237.61606819999997,sine,2257,1.1176467821016143,1.1264781113514581,-4.5273275949726935e-11,7.16768655535003e-10,64.03644360080006,64.54244149430654,0.4931714079958403,1.0127857116336845,28.25664025468603,58.02834682776376,0.35,0.35,2.8814274358567005,-22.645,-22.645,-186.42835509992852
237.71996989999934,sine,2258,1.1176467821016143,1.1264781113514581,-2.4293896754239633e-11,3.8462212749036834e-10,64.03644360080006,64.54244149430654,0.4931714079958403,1.0127857116336845,28.25664025468603,58.02834682776376,0.35,0.35,2.834574010571099,-22.645,-22.645,-183.39693848395012
237.8246806999996,sine,2259,1.1176467821016143,1.1264781113514581,-1.3028872775274295e-11,2.0627373271242756e-10,64.03644360080006,64.54244149430654,0.4931714079958403,1.0127857116336845,28.25664025468603,58.02834682776376,0.35,0.35,2.78675992547562,-22.645,-22.645,-180.30336717827262
237.9293563000001,sine,2260,1.1176467821016143,1.1264781113514581,-6.960465945628887e-12,1.1019842750689399e-10,64.03644360080006,64.54244149430654,0.4931714079958403,1.0127857116336845,28.25664025468603,58.02834682776376,0.35,0.35,2.738041823332619,-22.645,-22.645,-177.15130596962044
238.03583629999957,sine,2261,1.1176467821016143,1.1264781113514581,-3.717350361184007e-12,5.885326751033327e-11,64.03644360080006,64.54244149430654,0.4931714079958403,1.0127857116336845,28.25664025468603,58.02834682776376,0.35,0.35,2.688476949277956,-22.645,-22.645,-173.94445861828376
238.13968019999993,sine,2262,1.1176467821016143,1.1264781113514581,-1.96488975226408e-12,3.110822789958329e-11,64.03644360080006,64.54244149430654,0.4931714079958403,1.0127857116336845,28.25664025468603,58.02834682776376,0.35,0.35,2.6381230569486704,-22.645,-22.645,-170.686561784579
238.24321770000006,sine,2263,1.1176467821016143,1.1264781113514581,-1.0546912250498852e-12,1.6697921577908943e-11,64.03644360080006,64.54244149430654,0.4931714079958403,1.0127857116336845,28.25664025468603,58.02834682776376,0.35,0.35,2.587038314106512,-22.645,-22.645,-167.38137892269134
238.34797319999961,sine,2264,1.1176467821016143,1.1264781113514581,-5.664647221257008e-13,8.968296390500021e-12,64.03644360080006,64.54244149430654,0.4931714079958403,1.0127857116336845,28.25664025468603,58.02834682776376,0.35,0.35,2.5352812079306535,-22.645,-22.645,-164.03269415311328
238.45376659999965,sine,2265,1.1176467821016143,1.1264781113514581,-3.024061724203059e-13,4.787708887509743e-12,64.03644360080006,64.54244149430654,0.4931714079958403,1.0127857116336845,28.25664025468603,58.02834682776376,0.35,0.35,2.482910450153223,-22.645,-22.645,-160.64430612491353
238.56136590000006,sine,2266,1.1176467821016143,1.1264781113514581,-1.6080074678286103e-13,2.545805061877146e-12,64.03644360080006,64.54244149430654,0.4931714079958403,1.0127857116336845,28.25664025468603,58.02834682776376,0.35,0.35,2.4299848822113845,-22.645,-22.645,-157.2200218790766
238.66530340000008,sine,2267,1.1176467821016143,1.1264781113514581,-8.475576000914404e-14,1.3418572187720807e-12,64.03644360080006,64.54244149430654,0.4931714079958403,1.0127857116336845,28.25664025468603,58.02834682776376,0.35,0.35,2.3765633805894915,-22.645,-22.645,-153.7636507241401
238.76937850000013,sine,2268,1.1176467821016143,1.1264781113514581,-4.5372583978652536e-14,7.183409049665626e-13,64.03644360080006,64.54244149430654,0.4931714079958403,1.0127857116336845,28.25664025468603,58.02834682776376,0.35,0.35,2.3227047625239448,-22.645,-22.645,-150.27899813529922
238.87355529999968,sine,2269,1.1176467821016143,1.1264781113514581,-2.4335890164146053e-14,3.8528696915089647e-13,64.03644360080006,64.54244149430654,0.4931714079958403,1.0127857116336845,28.25664025468603,58.02834682776376,0.35,0.35,2.2684676922430924,-22.645,-22.645,-146.7698596881281
238.9778566999994,sine,2270,1.1176467821016143,1.1264781113514581,-1.3024396858489462e-14,2.0620286978526252e-13,64.03644360080006,64.54244149430654,0.4931714079958403,1.0127857116336845,28.25664025468603,58.02834682776376,0.35,0.35,2.2139105879125895,-22.645,-22.645,-143.24001503794454
239.08193649999976,sine,2271,1.1176467821016143,1.1264781113514581,-6.963456525013953e-15,1.1024577450178518e-13,64.03644360080006,64.54244149430654,0.4931714079958403,1.0127857116336845,28.25664025468603,58.02834682776376,0.35,0.35,2.1590915294554995,-22.645,-22.645,-139.69322195577084
239.19148510000014,sine,2272,1.1176467821016143,1.1264781113514581,-3.727299860797361e-15,5.901078846086101e-14,64.03644360080006,64.54244149430654,0.4931714079958403,1.0127857116336845,28.25664025468603,58.02834682776376,0.35,0.37737128021946736,2.104068167414335,-22.645,-24.41592183019954,-136.13321043170748
239.29843989999972,sine,2273,1.1176467821016143,1.1264781113514581,-1.9468256215502905e-15,3.082223572398922e-14,64.03644360080006,64.54244149430654,0.4931714079958403,1.0127857116336845,28.25664025468603,58.02834682776376,0.35,0.40464132432170635,2.0488976330200823,-22.645,-26.1802936836144,-132.56367685639933
239.4051516999998,sine,2274,1.1176467821016143,1.1264781113514581,-1.029185668638521e-15,1.629411639716729e-14,64.03644360080006,64.54244149430654,0.4931714079958403,1.0127857116336845,28.25664025468603,58.02834682776376,0.35,0.431402681923799,1.9936364496308223,-22.645,-27.911753520469794,-128.9882782911142
239.51217879999967,sine,2275,1.1176467821016143,1.1264781113514581,-5.447946613600616e-16,8.625214959026033e-15,64.03644360080006,64.54244149430654,0.4931714079958403,1.0127857116336845,28.25664025468603,58.02834682776376,0.35,0.45764763718899404,1.9383404456995157,-22.645,-29.609802126127917,-125.41062683675867
239.61994259999938,sine,2276,1.1176467821016143,1.1264781113514581,-2.8803600557284665e-16,4.560199723328541e-15,64.03644360080006,64.54244149430654,0.4931714079958403,1.0127857116336845,28.25664025468603,58.02834682776376,0.35,0.4833701244537383,1.8830646694276858,-22.645,-31.274047052156867,-121.83428411197127
239.72909619999973,sine,2277,1.1176467821016143,1.1264781113514581,-1.51660956699583e-16,2.401103471094585e-15,64.03644360080006,64.54244149430654,0.4931714079958403,1.0127857116336845,28.25664025468603,58.02834682776376,0.35,0.5085657279025713,1.8278633052580093,-22.645,-32.90420259529636,-118.26275585019322
239.83568299999934,sine,2278,1.1176467821016143,1.1264781113514581,-7.951163514803256e-17,1.258831984849744e-15,64.03644360080006,64.54244149430654,0.4931714079958403,1.0127857116336845,28.25664025468603,58.02834682776376,0.35,0.5332316776147382,1.772789592355236,-22.645,-34.50008954167357,-114.69948662538377
239.94556009999997,sine,2279,1.1176467821016143,1.1264781113514581,-4.2118675255996425e-17,6.668248674931157e-16,64.03644360080006,64.54244149430654,0.4931714079958403,1.0127857116336845,28.25664025468603,58.02834682776376,0.35,0.5573668419940982,1.7178957452210497,-22.645,-36.061634677018155,-111.14785471580193
240.05314429999999,sine,2280,1.1176467821016143,1.1264781113514581,-2.1996412286871793e-17,3.482482442614092e-16,64.03644360080006,64.54244149430654,0.4931714079958403,1.0127857116336845,28.25664025468603,58.02834682776376,0.35,0.5809717166011951,1.6632328765838786,-22.645,-37.58887006409732,-107.61116711497695
240.15958729999966,sine,2281,1.1176467821016143,1.1264781113514581,-1.1601860619715782e-17,1.8368120847566656e-16,64.03644360080006,64.54244149430654,0.4931714079958403,1.0127857116336845,28.25664025468603,58.02834682776376,0.35,0.6040484094135201,1.6088509227002823,-22.645,-39.08193208905475,-104.09265469870827
240.26623889999973,sine,2282,1.1176467821016143,1.1264781113514581,-6.145915936144631e-18,9.730243306168578e-17,64.03644360080006,64.54244149430654,0.4931714079958403,1.0127857116336845,28.25664025468603,58.02834682776376,0.35,0.6266006225472838,1.5547985711998822,-22.645,-40.54106027880926,-100.59546755663239
240.3728932999993,sine,2283,1.1176467821016143,1.1264781113514581,-3.2526678677639366e-18,5.149639219984743e-17,64.03644360080006,64.54244149430654,0.4931714079958403,1.0127857116336845,28.25664025468603,58.02834682776376,0.35,0.6486336304809953,1.5011231916004613,-22.645,-41.9665958921204,-97.12267049654984
240.47749310000017,sine,2284,1.1176467821016143,1.1264781113514581,-1.72108238780308e-18,2.7248258123411232e-17,64.03644360080006,64.54244149430654,0.4931714079958403,1.0127857116336845,28.25664025468603,58.02834682776376,0.35,0.6701542548284244,1.447870768614886,-22.645,-43.358980287399056,-93.67723872938312
240.58155699999952,sine,2285,1.1176467821016143,1.1264781113514581,-9.212319551038818e-19,1.4584988076164912e-17,64.03644360080006,64.54244149430654,0.4931714079958403,1.0127857116336845,28.25664025468603,58.02834682776376,0.35,0.6911708357150652,1.395085838365808,-22.645,-44.71875307076472,-90.26205374226778
240.68716059999952,sine,2286,1.1176467821016143,1.1264781113514581,-4.923374869772582e-19,7.79471048222874e-18,64.03644360080006,64.54244149430654,0.4931714079958403,1.0127857116336845,28.25664025468603,58.02834682776376,0.35,0.7116931998196047,1.3428114276183951,-22.645,-46.046550028328426,-86.87989936691017
240.79141439999967,sine,2287,1.1176467821016143,1.1264781113514581,-2.620964542185125e-19,4.1495235140329544e-18,64.03644360080006,64.54244149430654,0.4931714079958403,1.0127857116336845,28.25664025468603,58.02834682776376,0.35,0.7317326251481058,1.2910889961355667,-22.645,-47.34310084708245,-83.53345804997117
240.89624430000003,sine,2288,1.1176467821016143,1.1264781113514581,-1.4029989443995343e-19,2.2212345936948878e-18,64.03644360080006,64.54244149430654,0.4931714079958403,1.0127857116336845,28.25664025468603,58.02834682776376,0.35,0.7513018026155353,1.2399583822537592,-22.645,-48.609226629225134,-80.22530733181823
241.0041137999997,sine,2289,1.1176467821016143,1.1264781113514581,-7.483010243953988e-20,1.1847137366135088e-18,64.03644360080006,64.54244149430654,0.4931714079958403,1.0127857116336845,28.25664025468603,58.02834682776376,0.35,0.7704147945154958,1.1894577517713891,-22.645,-49.84583720515258,-76.95791653960887
241.10911020000003,sine,2290,1.1176467821016143,1.1264781113514581,-3.9433920049157383e-20,6.243196955196209e-19,64.03644360080006,64.54244149430654,0.4931714079958403,1.0127857116336845,28.25664025468603,58.02834682776376,0.35,0.7890869899654676,1.1396235502353207,-22.645,-51.05392825076575,-73.73364370022526
241.21576319999986,sine,2291,1.1176467821016143,1.1264781113514581,-2.1026312296031555e-20,3.3288957512199926e-19,64.03644360080006,64.54244149430654,0.4931714079958403,1.0127857116336845,28.25664025468603,58.02834682776376,0.35,0.807335057420891,1.0904904587041373,-22.645,-52.23457821513165,-70.55473267815769
241.3217225999997,sine,2292,1.1176467821016143,1.1264781113514581,-1.1123424282213368e-20,1.7610658165229518e-19,64.03644360080006,64.54244149430654,0.4931714079958403,1.0127857116336845,28.25664025468603,58.02834682776376,0.35,0.8251768943571844,1.042091353060497,-22.645,-53.388945064909834,-67.42331054301415
241.4289590999997,sine,2293,1.1176467821016143,1.1264781113514581,-5.906823209475648e-21,9.351710565500495e-20,64.03644360080006,64.54244149430654,0.4931714079958403,1.0127857116336845,28.25664025468603,58.02834682776376,0.35,0.8426315742249378,0.9944572669372266,-22.645,-54.51826285235348,-64.34138517083856
241.53819909999947,sine,2294,1.1176467821016143,1.1264781113514581,-3.089818060127132e-21,4.8918146309190446e-20,64.03644360080006,64.54244149430654,0.4931714079958403,1.0127857116336845,28.25664025468603,58.02834682776376,0.35,0.8597192907885769,0.9476173583157806,-22.645,-55.62383811402093,-61.31084308303101
241.6450365999999,sine,2295,1.1176467821016143,1.1264781113514581,-1.6325950288105729e-21,2.584732205226561e-20,64.03644360080006,64.54244149430654,0.4931714079958403,1.0127857116336845,28.25664025468603,58.02834682776376,0.35,0.8764612999642762,0.9015988798477695,-22.645,-56.707046107688676,-58.33344752615069
241.75669519999974,sine,2296,1.1176467821016143,1.1264781113514581,-8.638960256815412e-22,1.3677242917817294e-20,64.03644360080006,64.54244149430654,0.4931714079958403,1.0127857116336845,28.25664025468603,58.02834682776376,0.35,0.8928798592781788,0.8564271529432825,-22.645,-57.76932689529817,-55.410836795430384
241.8616063999998,sine,2297,1.1176467821016143,1.1264781113514581,-4.482807483383753e-22,7.097202103190422e-21,64.03644360080006,64.54244149430654,0.4931714079958403,1.0127857116336845,28.25664025468603,58.02834682776376,0.35,0.9089981650704104,0.812125545662565,-22.645,-58.812181280055555,-52.54452280436796
241.9654829000001,sine,2298,1.1176467821016143,1.1264781113514581,-2.3899692066864827e-22,3.783810601532274e-21,64.03644360080006,64.54244149430654,0.4931714079958403,1.0127857116336845,28.25664025468603,58.02834682776376,0.35,0.9248402875752879,0.7687154544400644,-22.645,-59.83716660612113,-49.73588990227217
242.07591760000014,sine,2299,1.1176467821016143,1.1264781113514581,-1.2622054587209848e-22,1.9983296783316566e-21,64.03644360080006,64.54244149430654,0.4931714079958403,1.0127857116336845,28.25664025468603,58.02834682776376,0.35,0.9404311040123076,0.7262162896625773,-22.645,-60.845892429596304,-46.98619394116876
242.1883825999994,sine,2300,1.1178085861887528,1.122986879351294,0.0007016977747679098,-0.015093481043296601,64.04571429210105,64.34240863539613,0.4914795774036564,1.0097263768914235,28.159705502102774,57.85305985891446,0.35,0.9557962298266678,0.6846454651156336,-22.645,-61.840016069785406,-44.2965615929815
242.29575179999938,sine,2301,1.1182985581543567,1.1104867635993558,0.0025459746848025696,-0.06266503366400901,64.0737876178099,63.62620475938506,0.4855195641588627,0.9987249896484816,27.818221897334023,57.22272680110483,0.35,0.9709619482215666,0.6440183913050307,-22.645,-62.82123804993536,-41.667989917435484
242.4023075999994,sine,2302,1.1180285701965138,1.0802752459019136,0.0001522835568211832,-0.16585831120272262,64.05831844730614,61.89521230263683,0.47257297797737136,0.9714264704001219,27.076437150032177,55.658636861217175,0.35,0.9859551381285298,0.6043484726527356,-22.645,-63.791297436915876,-39.10134618063199
242.51016100000015,sine,2303,1.0874069619267086,1.0138281816779746,-0.1464024230017777,-0.37844939887036544,62.3038295315434,58.088075961570404,0.47120996872842663,0.8976685063738303,26.99834247263035,51.432616817032915,0.35,1.000803200764902,0.5656471085587956,-22.645,-64.75196708948916,-36.59736792375408
242.61588729999949,sine,2304,1.0385990623854058,0.9389190569281719,-0.32541012129389413,-0.519827691461415,59.50734288092824,53.79609926638773,0.4764337578117838,0.8090611039224603,27.29764354017323,46.35578662295227,0.35,1.0155339849304568,0.5279236983141147,-22.645,-65.70504882500056,-34.15666328092322
242.71985919999952,sine,2305,0.9850498402156074,0.8580202964560181,-0.465750480278382,-0.6196963994489354,56.439198454390414,49.16094172349354,0.47433213879132713,0.7149880077596534,27.177229640156643,40.965795247095095,0.35,1.0301757111980872,0.4911856498406466,-22.645,-66.65236851451624,-31.779711544689835
242.82474889999958,sine,2306,0.9386535409049461,0.7748884091990342,-0.5256845890363223,-0.6894433183936027,53.78088631886379,44.39783544071098,0.45786206017181486,0.6251514860945555,26.233563647009934,35.8185417095494,0.35,1.0447568951556048,0.45543839222888394,-22.645,-67.59577111656763,-29.466863977208792
242.9317132999995,sine,2307,0.8818830748907036,0.6889051943228321,-0.62872954510121,-0.7313163041749529,50.52817821525682,39.47136011933812,0.4379361063951077,0.5317916259969425,25.091890592831852,30.469415750024357,0.35,1.0593062698577382,0.4206853920349548,-22.645,-68.53711565979566,-27.218344864661578
243.03634710000006,sine,2308,0.7969793947710313,0.6029503953605125,-0.8591543790372927,-0.733144375339439,45.66355567927081,34.54651290990174,0.42138417024947206,0.43125927274501863,24.143534508916893,24.70933620417082,0.35,1.0738527076490814,0.38692817329251106,-22.645,-69.47827018489556,-25.034252812025468
243.14282139999978,sine,2309,0.6376568782079812,0.5040592755555527,-1.5119670577220063,-0.7499284591110446,36.53504789880488,28.880469113754955,0.4050080271194434,0.30007374300728956,23.205250622864096,17.192959017010992,0.3574085172922439,1.088425141520306,0.35416634118745016,-23.12433106880818,-70.42110665636379,-22.914562274828025
243.2462405999995,sine,2310,0.5001392699045875,0.4393984185682981,-1.7261473149229705,-0.6018613960095321,28.655869334287214,25.175674908686265,0.3855790476839424,0.2107125250844509,22.09205210096342,12.072938377883528,0.3745499045027182,1.103052486160756,0.35,-24.233378821325868,-71.36749585460092,-22.645
243.34997639999983,sine,2311,0.3695719678376683,0.38715969430327823,-1.8132514133450857,-0.48452182444841546,21.174913983442995,22.182616481152984,0.36101946280023284,0.139848404969235,20.684891540533567,8.012723376373534,0.3906186105244179,1.1177635588714703,0.35,-25.273024100929838,-72.31930225898412,-22.645
243.4545124999995,sine,2312,0.2868997103715287,0.3392880212414249,-1.5912276845207025,-0.436180673638779,16.438142547814287,19.439771656478673,0.32541989602221916,0.09601173173529182,18.645186611659245,5.501067012174489,0.4055919681124528,1.1325870005030345,0.35,-26.2418003368757,-73.27837893254633,-22.645
243.55922779999946,sine,2313,0.2413112528057786,0.2950148059748466,-1.2453686069396992,-0.41496622576480136,13.826116334785558,16.903103276229572,0.2864668852163947,0.07050148522402439,16.413343493158013,4.039437552740533,0.4194493541466193,1.1475511965829073,0.35,-27.138373213286272,-74.24656241891411,-22.645
243.66874009999992,sine,2314,0.19970041477081188,0.26057114748306076,-0.9991740028911862,-0.36608449792266207,11.441990933379525,14.929627013660305,0.25539257011444594,0.05169098597412153,14.632916386556712,2.961675335187098,0.43217222718108,1.1626841987961272,0.35,-27.961543098615877,-75.22566766210943,-22.645
243.7729389999995,sine,2315,0.18071746773784847,0.24702198837048983,-0.6516719011417403,-0.2471444859815545,10.354348185670334,14.153317380558772,0.24299923322339692,0.04439859672727917,13.92283048861582,2.5438522087764457,0.4437441612677787,1.1780136469835591,0.35,-28.710247234025285,-76.21748295983627,-22.645
243.8777657999999,sine,2316,0.17842378472765574,0.24744954629980576,-0.3596558905012209,-0.13018076894312092,10.222929829645429,14.177814645405926,0.24352120053578177,0.04391699959686763,13.952737012659258,2.516258725778253,0.4541508759886459,1.19356669182022,0.35,-29.38356167646539,-77.22376496076824,-22.645
243.98334909999994,sine,2317,0.18207434819325116,0.2494660055514749,-0.17327347968535078,-0.06067460532575599,10.432091709068697,14.293349250086678,0.24534238403996017,0.0451708149073847,14.057083141167526,2.5880970513597656,0.46338026263875426,1.2093699183354936,0.35,-29.9807029927274,-78.24623371630643,-22.645
244.08910319999995,sine,2318,0.18345107849786002,0.25073383211359695,-0.0854839503827017,-0.026694561322939986,10.510972545050546,14.365990361250851,0.2465265159404934,0.04573982405531391,14.124928901454885,2.620698874040445,0.47142240650980083,1.2254492704351723,0.35,-30.501029701184116,-79.28656779715566,-22.645
244.1968571999996,sine,2319,0.18491760728859807,0.25191488157984576,-0.03872523486620832,-0.008984474277200052,10.59499845529426,14.433659511063086,0.24762008632264682,0.04631846727767083,14.187585868952784,2.6538526885253466,0.47826960523055234,1.2418299765838712,0.35,-30.944043458416736,-80.34639948497647,-22.645
244.30108819999987,sine,2320,0.1869666659526796,0.2525076872494709,-0.011333161642009608,-0.002137538414231242,10.712400868720847,14.467624774004035,0.24810713189992253,0.04693594806191802,14.215491524961195,2.6892317313931384,0.4839163831282586,1.2585364768036649,0.35,-31.30938998839833,-81.42731004919712,-22.645
244.40596559999994,sine,2321,0.18865081253594784,0.2529232606732538,0.0014521632763278486,0.0007090181976005766,10.808895360023493,14.491435377264596,0.24843593344283604,0.047431664149357525,14.23433046566753,2.71763417104016,0.48835950158255,1.2755923511428895,0.35,-31.596859752390984,-82.53082511894496,-22.645
244.51204419999976,sine,2322,0.189938086376495,0.2535214275588278,0.006483285031125628,0.0030401102808941837,10.882650718164443,14.525707815252469,0.2489620794890419,0.04786436260891765,14.264476413522619,2.7424259665747677,0.4915979653507563,1.2930202497657861,0.35,-31.80638835819393,-83.65841015984637,-22.645
244.61685810000017,sine,2323,0.19058355976060648,0.25456120028019297,0.006261717996872936,0.006208847397954812,10.919633618862058,14.585282403839527,0.24995207890407709,0.048222017166669275,14.321199201724555,2.7629180632575534,0.49363302485117183,1.3108418248110354,0.35,-31.938056707870818,-84.81146606527399,-22.645
244.72583870000017,sine,2324,0.1913532236968245,0.25508790580237234,0.006734746899635146,0.005651933196808678,10.963732114050776,14.615460407306639,0.25043198209722456,0.0485145548211605,14.348695629266757,2.779679236208557,0.4944681743983457,1.3290776641635476,0.35,-31.992090883572967,-85.99132487138154,-22.645
244.8296461,sine,2325,0.19187097630660466,0.2558581500501836,0.0057671679334197964,0.006326429927789644,10.993397153423063,14.659592151900451,0.2511629396181071,0.048791092522030476,14.390576410216672,2.795523679344658,0.49410914639207737,1.347747227280443,0.35,-31.968861771567408,-87.19924560504467,-22.645
244.93388549999963,sine,2326,0.19275154822385243,0.2561933779637761,0.007019725644767474,0.004900731446199142,11.043850207839103,14.67879929652428,0.25144889796332137,0.049076456937328344,14.406960616513997,2.811873855964444,0.4925639014693679,1.3668687832081021,0.35,-31.868884425068106,-88.4364102735642,-22.645
245.03864840000006,sine,2327,0.19267809594684548,0.25632269882394665,0.003422732413572259,0.0031943028844211483,11.03964170237098,14.686208836015053,0.2515794298313631,0.04908275071873926,14.414439541644747,2.8122344630764675,0.4898426146361012,1.3864593509230088,0.35,-31.69281716695575,-89.70392000471867,-22.645
245.1413493,sine,2328,0.19267809594684548,0.25632269882394665,0.0018303398203911956,0.0017081848830959015,11.03964170237098,14.686208836015053,0.2515794298313631,0.04908275071873926,14.414439541644747,2.8122344630764675,0.48595765740286323,1.4065346421247826,0.35,-31.441460433965254,-91.00279134547344,-22.645
245.2448661999997,sine,2329,0.19267809594684548,0.25632269882394665,0.000985170811737617,0.0009194215572045204,11.03964170237098,14.686208836015053,0.2515794298313631,0.04908275071873926,14.414439541644747,2.8122344630764675,0.4809235759567237,1.4271090066048617,0.35,-31.115755364400023,-92.33395272733456,-22.645
245.34782189999987,sine,2330,0.19267809594684548,0.25632269882394665,0.0005289006027535162,0.0004936023377837956,11.03964170237098,14.686208836015053,0.2515794298313631,0.04908275071873926,14.414439541644747,2.8122344630764675,0.4747570654081672,1.448195380309374,0.35,-30.71678213190842,-93.6982411060165,-22.645
245.45403159999933,sine,2331,0.1078405824604074,0.26588505838616994,-0.3661067058106313,0.04729228585745547,6.178810235213875,15.234091681117013,0.26434048887866385,0.028617655606390652,15.145594367172313,1.639670885805083,0.4674769401599206,1.4698052362098175,0.35,-30.245758028346863,-95.0963987827752,-22.645
245.55988650000018,sine,2332,-0.056248587462155886,0.2888382130608999,-0.8268057757153399,0.1504188554063778,-3.2228066651540104,16.549210570490015,0.2883814053914099,-0.01623817565766291,16.52303741897903,-0.9303789321761546,0.45910410045149214,1.4919485380893198,0.35,-29.704035299211544,-96.52907041437899,-22.645
245.66385889999947,sine,2333,-0.16093866759155118,0.2938267798385232,-0.8559279142037661,0.1218383948330187,-9.221106413454764,16.835034392667005,0.2900297449922576,-0.047084217844220386,16.617480321311884,-2.6977269641483876,0.44966149514047377,1.5146336973469725,0.35,-29.093098735588654,-97.99680021834912,-22.645
245.76850469999954,sine,2334,-0.23283745517926446,0.2870212479539222,-0.7802973421517596,0.04779598899985868,-13.340603494338325,16.445106138337657,0.27927615187762744,-0.06622709241278266,16.001344821242633,-3.794532884675322,0.4391740807887401,1.5378675329165916,0.35,-28.414563027031484,-99.50002937970348,-22.645
245.87261369999942,sine,2335,-0.31908909498140137,0.2826576608429431,-0.8026658236599152,0.021051401309295194,-18.282458431083356,16.19509101334087,0.26838954433825624,-0.08867020764105278,15.37758815602136,-5.080428666380987,0.4276687771285775,1.5616552343904848,0.35,-27.670169880218964,-101.03909366506437,-22.645
245.97612019999997,sine,2336,-0.3738558582201099,0.2804104043836786,-0.6770621961385287,0.00977532970747675,-21.420362822253583,16.0663327027415,0.2610413586784174,-0.10240802676521006,14.956568130634041,-5.867547721909308,0.4151744189905541,1.5860003284324113,0.35,-26.86178490868885,-102.61422124957701,-22.645
246.0852758000001,sine,2337,-0.44071381457022785,0.29176134630944084,-0.6345864470412359,0.06562680919715214,-25.25104154798522,16.716693768585777,0.2638827884496259,-0.12446106684561016,15.119370064307114,-7.13109384394908,0.4017217047815049,1.6109046485574638,0.35,-25.991394299363368,-104.22553076166791,-22.645
246.1895198000002,sine,2338,-0.5129554064234103,0.3217851063735388,-0.5783748237112848,0.17560791791133,-29.390179866479247,18.43692850537202,0.2803706990561177,-0.1579174651348404,16.06405775504808,-9.04800426363068,0.3873431416076608,1.6363683083504177,0.35,-25.061101262015654,-105.87302955027202,-22.645
246.29433169999993,sine,2339,-0.5534963552543051,0.34387918408206747,-0.4469779455667501,0.1974369639230028,-31.713005131945348,19.702825910304785,0.2925352071463665,-0.18076516762026057,16.761032728472077,-10.357081187615817,0.37207298714389325,1.6623896781867944,0.35,-24.073122268209893,-107.5566121786856,-22.645
246.39928539999983,sine,2340,-0.5610848188067652,0.3433393646704774,-0.27070725856073713,0.1037548852222286,-32.14779206649016,19.671896536321437,0.2906980142577173,-0.18269259382620584,16.655769329801032,-10.467514574539395,0.35594718835655315,1.6889653655146444,0.35,-23.02978308666899,-109.2760591487975,-22.645
246.50670529999934,sine,2341,-0.5700622514995883,0.344065843499285,-0.1825192626741128,0.05909542581883565,-32.6621610706517,19.71352070711772,0.2896578104298739,-0.18568698801974715,16.596170040632252,-10.63908072402779,0.35,1.7160901987478123,0.35,-22.645,-111.03103585898346,-22.645
246.6131919999998,sine,2342,-0.5743701473625284,0.3451015077376649,-0.11447339288444319,0.03587986696078115,-32.90898532218003,19.77285989696952,0.28972468100705084,-0.1874957595738427,16.600001442478096,-10.742715700180785,0.35,1.7437572148142935,0.35,-22.645,-112.82109179848479,-22.645
246.7192911000002,sine,2343,-0.5737150122761534,0.3452014347423473,-0.05769139959670193,0.01940884168718916,-32.8714488467198,19.778585292597207,0.28993138160867965,-0.18736014652710226,16.61184451457424,-10.734945644955648,0.35,1.771957650396474,0.35,-22.645,-114.64565998065187,-22.645
246.82534320000013,sine,2344,-0.5731907491485,0.34542497264863065,-0.02830853951397245,0.011288700803228965,-32.84141078215094,19.791393071188434,0.2902173787060621,-0.18732934854498734,16.62823094120725,-10.733181050562944,0.35,1.8006809368924848,0.35,-22.645,-116.50405661694377,-22.645
246.9294043,sine,2345,-0.5724284395606478,0.3455867051987525,-0.011683768966938162,0.006716448765635329,-32.797733660084646,19.800659663720303,0.29049604777146876,-0.187195665118843,16.644197502535903,-10.725521554454025,0.35,1.8299146991208435,0.35,-22.645,-118.39548103311859,-22.645
247.03294989999995,sine,2346,-0.5714260894353451,0.3457526065796859,-0.0017930581031835326,0.004335160386716514,-32.740303228310395,19.810165112663178,0.2908230821276668,-0.18699411717594602,16.662935190901827,-10.713973707956484,0.35,1.8596447577830704,0.35,-22.645,-120.31901582856466,-22.645
247.1416462999996,sine,2347,-0.5707912529240904,0.3460386584788949,0.001865188174946467,0.0035946540494281756,-32.70392977553469,19.826554679209558,0.29118243936680754,-0.18696400767599286,16.68352484404207,-10.712248560685918,0.35,1.889855135691644,0.35,-22.645,-122.27362727924937,-22.645
247.25547519999964,sine,2348,-0.5701420726404134,0.3461398194934933,0.003660364097796833,0.002236012734393399,-32.66673448513689,19.83235077839731,0.2913889111488563,-0.18682954021907797,16.695354805742006,-10.704544142922837,0.35,1.9205280677634051,0.35,-22.645,-124.25816598429232,-22.645
247.35921299999973,sine,2349,-0.5696892821962973,0.3462687016352349,0.0039878130756696465,0.0017775147645265627,-32.640791503685186,19.839735181173705,0.29158200351196434,-0.18676709817336706,16.706418183204303,-10.70096647723944,0.35,1.9516440147707228,0.35,-22.645,-126.27136775566576,-22.645
247.46378249999998,sine,2350,-0.5690394036269075,0.3463685833025282,0.0050442133171642424,0.0014016931492403877,-32.60355620446315,19.845457979160344,0.29178746007411593,-0.18663138439848911,16.71818997708886,-10.693190650717144,0.35,1.9831816808358158,0.35,-22.645,-128.3118547500773,-22.645
247.5692928999997,sine,2351,-0.5690394036269075,0.3463685833025282,0.002691305682716508,0.0007478638393699445,-32.60355620446315,19.845457979160344,0.29178746007411593,-0.18663138439848911,16.71818997708886,-10.693190650717144,0.35,2.015118034645923,0.35,-22.645,-130.37813684159124,-22.645
247.67441489999965,sine,2352,-0.5690394036269075,0.3463685833025282,0.0014334632142073568,0.00039833279060690746,-32.60355620446315,19.845457979160344,0.29178746007411593,-0.18663138439848911,16.71818997708886,-10.693190650717144,0.35,2.0474283343597453,0.35,-22.645,-132.46861323307553,-22.645
247.7796011999999,sine,2353,-0.5690394036269075,0.3463685833025282,0.0007634293053275722,0.00021214281790298906,-32.60355620446315,19.845457979160344,0.29178746007411593,-0.18663138439848911,16.71818997708886,-10.693190650717144,0.35,2.0800861561684396,0.35,-22.645,-134.58157430409804,-22.645
247.88313479999943,sine,2354,-0.5690394036269075,0.3463685833025282,0.00040726492693659796,0.00011317135539657213,-32.60355620446315,19.845457979160344,0.29178746007411593,-0.18663138439848911,16.71818997708886,-10.693190650717144,0.35,2.1130634264669346,0.35,-22.645,-136.71520369241068,-22.645
247.98790329999974,sine,2355,-0.5690394036269075,0.3463685833025282,0.00021840023216701754,6.068936620490091e-05,-32.60355620446315,19.845457979160344,0.29178746007411593,-0.18663138439848911,16.71818997708886,-10.693190650717144,0.35,2.1463304575845132,0.35,-22.645,-138.86758060571802,-22.645
248.09273649999977,sine,2356,-0.5690394036269075,0.3463685833025282,0.00011648053797504611,3.236777706126912e-05,-32.60355620446315,19.845457979160344,0.29178746007411593,-0.18663138439848911,16.71818997708886,-10.693190650717144,0.35,2.17985598701628,0.35,-22.645,-141.03668235995332,-22.645
248.1985950999997,sine,2357,-0.5719804180276958,0.3483628516658274,-0.012954261127012139,0.008900908230987607,-32.77206391711552,19.95972113959385,0.292914155279716,-0.18856822122912895,16.782744857167366,-10.804163226718302,0.35,2.213607220090339,0.35,-22.645,-143.22038713984495,-22.645
248.30305880000014,sine,2358,-0.6160483738221134,0.38396559320736673,-0.18281974484024932,0.16410385602851232,-35.296971795904724,21.999607969019145,0.31338048017229375,-0.22186088301921914,17.95537889565561,-12.711692236046929,0.35,2.2475498759986823,0.35,-22.645,-145.41647697711474,-22.645
248.40857049999977,sine,2359,-0.6734564774103191,0.45066691489464644,-0.28937079431384966,0.38920894537770406,-38.58621384135875,25.821312189644697,0.3522730614841158,-0.281077139471119,20.183759659192393,-16.104533809305124,0.35,2.2816482371129703,0.35,-22.645,-147.62264094120917,-22.645
248.51576119999936,sine,2360,-0.7083705764990422,0.4821117948782137,-0.27373923213529966,0.35030260303608746,-40.58664436464414,27.622971099998505,0.36612677694915896,-0.31366059038634997,20.977519085914484,-17.971428028719536,0.35,2.3158652014999372,0.35,-22.645,-149.83647853704593,-22.645
248.61963239999932,sine,2361,-0.7440251521580858,0.49535448036710034,-0.28025013143572153,0.24722939642259892,-42.62950107023721,28.381721087930845,0.36445630219962516,-0.3354812438970851,20.881807932983023,-19.221659381101983,0.35,2.3501623385447825,0.35,-22.645,-152.05550330384744,-22.645
248.72671159999936,sine,2362,-0.7887027369997018,0.508961894492564,-0.3281506608364658,0.19843197489489162,-45.18933812049947,29.161368487406616,0.3586991597502059,-0.36107772409822814,20.55194796857569,-20.68822966701765,0.35,2.3844999475845055,0.35,-22.645,-154.27714660871752,-22.645
248.8307017999996,sine,2363,-0.8127286153856979,0.5137473100152987,-0.27223446493251036,0.12894832624210964,-46.56591955111163,29.435552600075706,0.35321132838717134,-0.37306575298052386,20.237518392794286,-21.37509312665413,0.35,2.418837119447512,0.35,-22.645,-156.49876162825402,-22.645
248.93906400000014,sine,2364,-0.817731689451699,0.5150288338042391,-0.16625472284876294,0.07483015963947291,-46.852574579684855,29.508978504527605,0.35221684583584756,-0.375763214217679,20.180538739804028,-21.529646270943257,0.35,2.4531318007893748,0.35,-22.645,-158.71762751107255,-22.645
249.04386819999945,sine,2365,-0.8235675246568581,0.5309906473896685,-0.10955787127981453,0.10998803158354162,-47.18694330687433,30.42352305634729,0.3608657524249265,-0.38952147096417017,20.676084584761142,-22.317936315974592,0.35,2.487340861109572,0.35,-22.645,-160.93095371378934,-22.645
249.1475449999998,sine,2366,-0.8365286412527992,0.5765239810539419,-0.10562813627829538,0.2618279727584948,-47.92956058559873,33.03239090247111,0.38629627436881014,-0.42796622429703823,22.1331461629605,-24.520658426369437,0.35,2.5214201623282544,0.35,-22.645,-163.13588450263808,-22.645
249.25482499999998,sine,2367,-0.8457279856787436,0.6072675937636031,-0.09070053602592575,0.27827548651808204,-48.45664419549254,34.79387015771945,0.4027317273979657,-0.4545119208365025,23.074828255916618,-26.041614802315774,0.35,2.55532463079705,0.35,-22.645,-165.32950361256914,-22.645
249.36047139999937,sine,2368,-0.8447305812838763,0.6096301386232269,-0.043585134007611555,0.15734039893804155,-48.39949713319884,34.92923400708622,0.40475343015492377,-0.45587670119846896,23.190663291320277,-26.11981095701879,0.35,2.5890083316129626,0.35,-22.645,-167.5088390553587,-22.645
249.46433929999966,sine,2369,-0.841745092840477,0.6113549719155175,-0.010325016549962273,0.0912575659428346,-48.22844124560698,35.02805967509813,0.4072616579252658,-0.45595267700693115,23.334374156618384,-26.124164050188767,0.35,2.622424545099591,0.35,-22.645,-169.67086806794353,-22.645
249.5676629999998,sine,2370,-0.840974818336103,0.6119499219734587,-0.002153886963133634,0.051586577506622704,-48.18430776743982,35.06214780243922,0.408009420782973,-0.4560822508667324,23.377217812441646,-26.1315880854906,0.35,2.6555258453155886,0.35,-22.645,-171.8125221919186,-22.645
249.67087039999933,sine,2371,-0.8397262695929619,0.6127622445123292,0.004369118335059463,0.03134423995309084,-48.11277119394147,35.10869045551985,0.40912090419239033,-0.45617721781407333,23.440901120800074,-26.137029290766474,0.35,2.6882641804461436,0.35,-22.645,-173.9306924748655,-22.645
249.77568569999949,sine,2372,-0.8392243535299682,0.613039301252154,0.004588188677456723,0.018119169771063166,-48.084013521862104,35.12456463739747,0.4095349003643723,-0.4561779809057786,23.464621354189212,-26.13707301270057,0.35,2.7205909549290674,0.35,-22.645,-176.02223478391068,-22.645
249.8801708000001,sine,2373,-0.8385569478848756,0.6135126470685635,0.0053938641203174955,0.011758616476685368,-48.0457739951751,35.151685354927906,0.4101557139367843,-0.4562565708437331,23.50019135175286,-26.141575884457556,0.35,2.75245711316392,0.35,-22.645,-178.08397522170563,-22.645
249.98651979999977,sine,2374,-0.8379190060916795,0.6138129345560804,0.005691318656047751,0.007592354449801969,-48.00922262284995,35.16889056060322,0.4106475912170158,-0.4562180119811248,23.528373843948497,-26.139366624367277,0.35,2.7838132246487137,0.35,-22.645,-180.11271563477177,-22.645
250.0903731999997,sine,2375,-0.8374810202811234,0.6141912489133606,0.004964743684248852,0.005718744795156807,-47.98412788441847,35.19056637660457,0.4111005884266225,-0.4563191826310159,23.554328672190167,-26.145163275616632,0.35,2.8146095703862666,0.35,-22.645,-182.10523920399146,-22.645
250.19431410000016,sine,2376,-0.8367472045548725,0.6146164626718843,0.005934926980168913,0.004969724466662245,-47.942083340363965,35.21492933035888,0.4117201747174373,-0.45633309535682665,23.58982835169802,-26.14596041608711,0.35,2.8447962303990533,0.35,-22.645,-184.05831610681875,-22.645
250.2996065999996,sine,2377,-0.8362936116253765,0.6148740016763456,0.0052081242988084656,0.003819023029139769,-47.91609437988687,35.229685228374514,0.4120997291415619,-0.45633743127091164,23.611575218295876,-26.14620884566451,0.35,2.874323172189254,0.35,-22.645,-185.96870924064473,-22.645
250.40456379999978,sine,2378,-0.8361236379239805,0.6150078064863828,0.003515943751059545,0.0026200340986121807,-47.90635560416866,35.23735167926819,0.41226698384356203,-0.45636666844953105,23.6211582068242,-26.147884012604273,0.35,2.9031403399786093,0.35,-22.645,-187.83317999661602,-22.645
250.51044060000004,sine,2379,-0.8359511942895743,0.6151409052794103,0.0026461479933374012,0.0019933032172698576,-47.896475311713296,35.24497767836695,0.412434914289197,-0.4563943194467206,23.630779912610837,-26.149468298042564,0.35,2.931197744560578,0.35,-22.645,-189.6484940730694,-22.645
250.61830240000018,sine,2380,-0.8359511942895743,0.6151409052794103,0.001407383916603299,0.0010601609947601708,-47.896475311713296,35.24497767836695,0.412434914289197,-0.4563943194467206,23.630779912610837,-26.149468298042564,0.35,2.958445553596254,0.35,-22.645,-191.41142731767764,-22.645
250.72863099999995,sine,2381,-0.8359511942895743,0.6151409052794103,0.0007246848712130398,0.000545894140816318,-47.896475311713296,35.24497767836695,0.412434914289197,-0.4563943194467206,23.630779912610837,-26.149468298042564,0.35,2.984834182183969,0.35,-22.645,-193.1187715873028,-22.645
250.8402946999995,sine,2382,-0.8359511942895743,0.6151409052794103,0.000385650851707388,0.0002905049473373051,-47.896475311713296,35.24497767836695,0.412434914289197,-0.4563943194467206,23.630779912610837,-26.149468298042564,0.35,3.010314383531833,0.35,-22.645,-194.7673406145096,-22.645
250.94473909999942,sine,2383,-0.8359511942895743,0.6151409052794103,0.0001997224236668545,0.00015044787769181786,-47.896475311713296,35.24497767836695,0.412434914289197,-0.4563943194467206,23.630779912610837,-26.149468298042564,0.35,3.0348373395620403,0.35,-22.645,-196.35397586966403,-22.645
251.0487435999994,sine,2384,-0.8359511942895743,0.6151409052794103,0.00010700953815705081,8.06086648305666e-05,-47.896475311713296,35.24497767836695,0.412434914289197,-0.4563943194467206,23.630779912610837,-26.149468298042564,0.35,3.0583547512754414,0.35,-22.645,-197.87555240752107,-22.645
251.15514799999983,sine,2385,-0.8359511942895743,0.6151409052794103,5.7221725468145924e-05,4.310425938404586e-05,-47.896475311713296,35.24497767836695,0.412434914289197,-0.4563943194467206,23.630779912610837,-26.149468298042564,0.35,3.080818928705041,0.35,-22.645,-199.32898468721618,-22.645
251.2599242999995,sine,2386,-0.8359511942895743,0.6151409052794103,3.0275804937124456e-05,2.2806305444198154e-05,-47.896475311713296,35.24497767836695,0.412434914289197,-0.4563943194467206,23.630779912610837,-26.149468298042564,0.35,3.1021828802877316,0.35,-22.645,-200.71123235461624,-22.645
251.36869260000003,sine,2387,-0.8359511942895743,0.6151409052794103,1.6212269289018493e-05,1.2212456980642264e-05,-47.896475311713296,35.24497767836695,0.412434914289197,-0.4563943194467206,23.630779912610837,-26.149468298042564,0.35,3.1224004014841213,0.35,-22.645,-202.01930597602265,-22.645
251.47197979999964,sine,2388,-0.8359511942895743,0.6151409052794103,8.511003060047548e-06,6.411209737513434e-06,-47.896475311713296,35.24497767836695,0.412434914289197,-0.4563943194467206,23.630779912610837,-26.149468298042564,0.35,3.1414261624778392,0.35,-22.645,-203.25027271231622,-22.645
251.5765797999993,sine,2389,-0.8359511942895743,0.6151409052794103,4.56678705552701e-06,3.440091541851883e-06,-47.896475311713296,35.24497767836695,0.412434914289197,-0.4563943194467206,23.630779912610837,-26.149468298042564,0.35,3.159215794786601,0.35,-22.645,-204.4012619226931,-22.645
251.6798304999993,sine,2390,-0.8359511942895743,0.6151409052794103,2.4424640900996474e-06,1.8398712169992174e-06,-47.896475311713296,35.24497767836695,0.412434914289197,-0.4563943194467206,23.630779912610837,-26.149468298042564,0.35,3.175725976619688,0.35,-22.645,-205.46947068729384,-22.645
251.78437189999931,sine,2391,-0.8359511942895743,0.6151409052794103,1.3124089206271147e-06,9.886177683358801e-07,-47.896475311713296,35.24497767836695,0.412434914289197,-0.4563943194467206,23.630779912610837,-26.149468298042564,0.35,3.1909145168181805,0.35,-22.645,-206.4521692381363,-22.645
251.88842119999936,sine,2392,-0.8359511942895743,0.6151409052794103,7.011318187026704e-07,5.281519829840069e-07,-47.896475311713296,35.24497767836695,0.412434914289197,-0.4563943194467206,23.630779912610837,-26.149468298042564,0.35,3.204740437216947,0.35,-22.645,-207.34670628793646,-22.645
251.99188589999994,sine,2393,-0.8359511942895743,0.6151409052794103,3.756460761445e-07,2.829685013910542e-07,-47.896475311713296,35.24497767836695,0.412434914289197,-0.4563943194467206,23.630779912610837,-26.149468298042564,0.35,3.217164053269905,0.35,-22.645,-208.15051424656286,-22.645
252.09822970000005,sine,2394,-0.8359511942895743,0.6151409052794103,2.015206484481151e-07,1.5180245319208698e-07,-47.896475311713296,35.24497767836695,0.412434914289197,-0.4563943194467206,23.630779912610837,-26.149468298042564,0.35,3.228147052783367,0.35,-22.645,-208.86111431508385,-22.645
252.20254469999963,sine,2395,-0.8359511942895743,0.6151409052794103,1.0699458672460607e-07,8.059740214289004e-08,-47.896475311713296,35.24497767836695,0.412434914289197,-0.4563943194467206,23.630779912610837,-26.149468298042564,0.35,3.2376525726053083,0.35,-22.645,-209.47612144756346,-22.645
252.3073564999995,sine,2396,-0.8359511942895743,0.6151409052794103,5.7224363868158356e-08,4.310624685082644e-08,-47.896475311713296,35.24497767836695,0.412434914289197,-0.4563943194467206,23.630779912610837,-26.149468298042564,0.35,3.245645273122359,0.35,-22.645,-209.99324917101663,-22.645
252.4130682999994,sine,2397,-0.8359511942895743,0.6151409052794103,3.051182258142995e-08,2.298409396204037e-08,-47.896475311713296,35.24497767836695,0.412434914289197,-0.4563943194467206,23.630779912610837,-26.149468298042564,0.35,3.2520914104198644,0.35,-22.645,-210.41031425416523,-22.645
252.51894660000016,sine,2398,-0.8359511942895743,0.6151409052794103,1.623758853387546e-08,1.2231529584426827e-08,-47.896475311713296,35.24497767836695,0.412434914289197,-0.4563943194467206,23.630779912610837,-26.149468298042564,0.35,3.256958905964956,0.35,-22.645,-210.72524121593267,-22.645
252.62977899999987,sine,2399,-0.8359511942895743,0.6151409052794103,8.510192189371837e-09,6.410598920911052e-09,-47.896475311713296,35.24497767836695,0.412434914289197,-0.4563943194467206,23.630779912610837,-26.149468298042564,0.35,3.260217413676584,0.35,-22.645,-210.936066664875,-22.645
