time_s,segment,k,phi_rad,theta_rad,phi_dot_rad_s,theta_dot_rad_s,phi_deg,theta_deg,bx_rad,by_rad,bx_deg,by_deg,T1_N,T2_N,T3_N,I1_mA,I2_mA,I3_mA
0.12935790000028646,static,0,2.7885521182807826,0.0,0.0,0.0,159.77226732975438,0.0,-0.0,0.0,-0.0,0.0,0.45,0.45,0.45,-29.115000000000002,-29.115000000000002,-29.115000000000002
0.23707920000015292,static,1,2.7885521182807826,0.0,0.0,0.0,159.77226732975438,0.0,-0.0,0.0,-0.0,0.0,0.44999999999999996,0.44999999999999996,0.44999999999999996,-29.115,-29.115,-29.115
0.3405033999997613,static,2,2.7885521182807826,0.0,0.0,0.0,159.77226732975438,0.0,-0.0,0.0,-0.0,0.0,0.45,0.45,0.45,-29.115000000000002,-29.115000000000002,-29.115000000000002
0.44484089999969,static,3,2.7885521182807826,0.0,0.0,0.0,159.77226732975438,0.0,-0.0,0.0,-0.0,0.0,0.45,0.45,0.45,-29.115000000000002,-29.115000000000002,-29.115000000000002
0.548154600000089,static,4,2.7885521182807826,0.0,0.0,0.0,159.77226732975438,0.0,-0.0,0.0,-0.0,0.0,0.44999999999999996,0.44999999999999996,0.44999999999999996,-29.115,-29.115,-29.115
0.6520270000000892,static,5,2.7885521182807826,0.0,0.0,0.0,159.77226732975438,0.0,-0.0,0.0,-0.0,0.0,0.45,0.45,0.45,-29.115000000000002,-29.115000000000002,-29.115000000000002
0.7565144999998665,static,6,2.7885521182807826,0.0,0.0,0.0,159.77226732975438,0.0,-0.0,0.0,-0.0,0.0,0.45,0.45,0.45,-29.115000000000002,-29.115000000000002,-29.115000000000002
0.8613938999997117,static,7,2.7885521182807826,0.0,0.0,0.0,159.77226732975438,0.0,-0.0,0.0,-0.0,0.0,0.45,0.45,0.45,-29.115000000000002,-29.115000000000002,-29.115000000000002
0.9669528000003993,static,8,2.7885521182807826,0.0,0.0,0.0,159.77226732975438,0.0,-0.0,0.0,-0.0,0.0,0.45,0.45,0.45,-29.115000000000002,-29.115000000000002,-29.115000000000002
1.0708859999995184,static,9,2.7885521182807826,0.0,0.0,0.0,159.77226732975438,0.0,-0.0,0.0,-0.0,0.0,0.45,0.45,0.45,-29.115000000000002,-29.115000000000002,-29.115000000000002
1.1744030999998358,static,10,2.7885521182807826,0.0,0.0,0.0,159.77226732975438,0.0,-0.0,0.0,-0.0,0.0,0.45,0.45,0.45,-29.115000000000002,-29.115000000000002,-29.115000000000002
1.2781118000002607,static,11,2.7885521182807826,0.0,0.0,0.0,159.77226732975438,0.0,-0.0,0.0,-0.0,0.0,0.45,0.45,0.45,-29.115000000000002,-29.115000000000002,-29.115000000000002
1.3823418000001766,static,12,2.7885521182807826,0.0,0.0,0.0,159.77226732975438,0.0,-0.0,0.0,-0.0,0.0,0.45,0.45,0.45,-29.115000000000002,-29.115000000000002,-29.115000000000002
1.4856087999996817,static,13,2.7885521182807826,0.0,0.0,0.0,159.77226732975438,0.0,-0.0,0.0,-0.0,0.0,0.45,0.45,0.45,-29.115000000000002,-29.115000000000002,-29.115000000000002
1.5892660999998043,static,14,2.7885521182807826,0.0,0.0,0.0,159.77226732975438,0.0,-0.0,0.0,-0.0,0.0,0.45,0.45,0.45,-29.115000000000002,-29.115000000000002,-29.115000000000002
1.6952338999999483,static,15,2.7885521182807826,0.0,0.0,0.0,159.77226732975438,0.0,-0.0,0.0,-0.0,0.0,0.45,0.45,0.45,-29.115000000000002,-29.115000000000002,-29.115000000000002
1.7986104000001433,static,16,2.7885521182807826,0.0,0.0,0.0,159.77226732975438,0.0,-0.0,0.0,-0.0,0.0,0.45,0.45,0.45,-29.115000000000002,-29.115000000000002,-29.115000000000002
1.901673800000026,static,17,2.7885521182807826,0.0,0.0,0.0,159.77226732975438,0.0,-0.0,0.0,-0.0,0.0,0.45,0.45,0.45,-29.115000000000002,-29.115000000000002,-29.115000000000002
2.005654499999764,static,18,2.7885521182807826,0.0,0.0,0.0,159.77226732975438,0.0,-0.0,0.0,-0.0,0.0,0.45,0.45,0.45,-29.115000000000002,-29.115000000000002,-29.115000000000002
2.1089896000003137,static,19,2.7885521182807826,0.0,0.0,0.0,159.77226732975438,0.0,-0.0,0.0,-0.0,0.0,0.45,0.45,0.45,-29.115000000000002,-29.115000000000002,-29.115000000000002
2.217896699999983,static,20,2.7885521182807826,0.0,0.0,0.0,159.77226732975438,0.0,-0.0,0.0,-0.0,0.0,0.45,0.45,0.45,-29.115000000000002,-29.115000000000002,-29.115000000000002
2.325695700000324,static,21,2.7885521182807826,0.0,0.0,0.0,159.77226732975438,0.0,-0.0,0.0,-0.0,0.0,0.45,0.45,0.45,-29.115000000000002,-29.115000000000002,-29.115000000000002
2.4294051999995645,static,22,2.7885521182807826,0.0,0.0,0.0,159.77226732975438,0.0,-0.0,0.0,-0.0,0.0,0.45,0.45,0.45,-29.115000000000002,-29.115000000000002,-29.115000000000002
2.5327734000002238,static,23,2.7885521182807826,0.0,0.0,0.0,159.77226732975438,0.0,-0.0,0.0,-0.0,0.0,0.45,0.45,0.45,-29.115000000000002,-29.115000000000002,-29.115000000000002
2.636330299999827,static,24,2.7885521182807826,0.0,0.0,0.0,159.77226732975438,0.0,-0.0,0.0,-0.0,0.0,0.45,0.45,0.45,-29.115000000000002,-29.115000000000002,-29.115000000000002
2.739741299999878,static,25,2.7885521182807826,0.0,0.0,0.0,159.77226732975438,0.0,-0.0,0.0,-0.0,0.0,0.45,0.45,0.45,-29.115000000000002,-29.115000000000002,-29.115000000000002
2.8433796999997867,static,26,2.7885521182807826,0.0,0.0,0.0,159.77226732975438,0.0,-0.0,0.0,-0.0,0.0,0.45,0.45,0.45,-29.115000000000002,-29.115000000000002,-29.115000000000002
2.947269299999789,static,27,2.7885521182807826,0.0,0.0,0.0,159.77226732975438,0.0,-0.0,0.0,-0.0,0.0,0.45,0.45,0.45,-29.115000000000002,-29.115000000000002,-29.115000000000002
3.054747199999838,static,28,2.7885521182807826,0.0,0.0,0.0,159.77226732975438,0.0,-0.0,0.0,-0.0,0.0,0.45,0.45,0.45,-29.115000000000002,-29.115000000000002,-29.115000000000002
3.15838900000017,static,29,2.7885521182807826,0.0,0.0,0.0,159.77226732975438,0.0,-0.0,0.0,-0.0,0.0,0.45,0.45,0.45,-29.115000000000002,-29.115000000000002,-29.115000000000002
3.263777399999526,static,30,2.7885521182807826,0.0,0.0,0.0,159.77226732975438,0.0,-0.0,0.0,-0.0,0.0,0.45,0.45,0.45,-29.115000000000002,-29.115000000000002,-29.115000000000002
3.367392699999982,static,31,2.7885521182807826,0.0,0.0,0.0,159.77226732975438,0.0,-0.0,0.0,-0.0,0.0,0.45,0.45,0.45,-29.115000000000002,-29.115000000000002,-29.115000000000002
3.472207900000285,static,32,2.7885521182807826,0.0,0.0,0.0,159.77226732975438,0.0,-0.0,0.0,-0.0,0.0,0.45,0.45,0.45,-29.115000000000002,-29.115000000000002,-29.115000000000002
3.5770306000003984,static,33,2.7885521182807826,0.0,0.0,0.0,159.77226732975438,0.0,-0.0,0.0,-0.0,0.0,0.45,0.45,0.45,-29.115000000000002,-29.115000000000002,-29.115000000000002
3.6855477999997674,static,34,2.7885521182807826,0.0,0.0,0.0,159.77226732975438,0.0,-0.0,0.0,-0.0,0.0,0.45,0.45,0.45,-29.115000000000002,-29.115000000000002,-29.115000000000002
3.7895277999996324,static,35,2.7885521182807826,0.0,0.0,0.0,159.77226732975438,0.0,-0.0,0.0,-0.0,0.0,0.45,0.45,0.45,-29.115000000000002,-29.115000000000002,-29.115000000000002
3.8932025000003705,static,36,2.7885521182807826,0.0,0.0,0.0,159.77226732975438,0.0,-0.0,0.0,-0.0,0.0,0.45,0.45,0.45,-29.115000000000002,-29.115000000000002,-29.115000000000002
3.9981347000002643,static,37,2.7885521182807826,0.0,0.0,0.0,159.77226732975438,0.0,-0.0,0.0,-0.0,0.0,0.45,0.45,0.45,-29.115000000000002,-29.115000000000002,-29.115000000000002
4.101986300000135,static,38,2.7885521182807826,0.0,0.0,0.0,159.77226732975438,0.0,-0.0,0.0,-0.0,0.0,0.45,0.45,0.45,-29.115000000000002,-29.115000000000002,-29.115000000000002
4.205678899999839,static,39,2.7885521182807826,0.0,0.0,0.0,159.77226732975438,0.0,-0.0,0.0,-0.0,0.0,0.45,0.45,0.45,-29.115000000000002,-29.115000000000002,-29.115000000000002
4.31242469999961,static,40,2.7885521182807826,0.0,0.0,0.0,159.77226732975438,0.0,-0.0,0.0,-0.0,0.0,0.45,0.45,0.45,-29.115000000000002,-29.115000000000002,-29.115000000000002
4.416443400000389,static,41,2.7885521182807826,0.0,0.0,0.0,159.77226732975438,0.0,-0.0,0.0,-0.0,0.0,0.45,0.45,0.45,-29.115000000000002,-29.115000000000002,-29.115000000000002
4.520382699999573,static,42,2.7885521182807826,0.0,0.0,0.0,159.77226732975438,0.0,-0.0,0.0,-0.0,0.0,0.45,0.45,0.45,-29.115000000000002,-29.115000000000002,-29.115000000000002
4.6251742000004015,static,43,2.7885521182807826,0.0,0.0,0.0,159.77226732975438,0.0,-0.0,0.0,-0.0,0.0,0.45,0.45,0.45,-29.115000000000002,-29.115000000000002,-29.115000000000002
4.730024599999524,static,44,2.7885521182807826,0.0,0.0,0.0,159.77226732975438,0.0,-0.0,0.0,-0.0,0.0,0.45,0.45,0.45,-29.115000000000002,-29.115000000000002,-29.115000000000002
4.833135500000026,static,45,2.7885521182807826,0.0,0.0,0.0,159.77226732975438,0.0,-0.0,0.0,-0.0,0.0,0.4952296296296297,0.45,0.45,-32.041357037037045,-29.115000000000002,-29.115000000000002
4.935961399999542,static,46,2.7885521182807826,0.0,0.0,0.0,159.77226732975438,0.0,-0.0,0.0,-0.0,0.0,0.6225037037037037,0.44999999999999996,0.44999999999999996,-40.27598962962963,-29.115,-29.115
5.039509600000201,static,47,2.7885521182807826,0.0,0.0,0.0,159.77226732975438,0.0,-0.0,0.0,-0.0,0.0,0.8192000000000002,0.45,0.45,-53.002240000000015,-29.115000000000002,-29.115000000000002
5.1436241999999766,static,48,2.7885521182807826,0.0,0.0,0.0,159.77226732975438,0.0,-0.0,0.0,-0.0,0.0,1.0726962962962965,0.45,0.45,-69.40345037037038,-29.115000000000002,-29.115000000000002
5.248814499999753,static,49,3.1403959263027517,0.15486619818883263,0.0,0.6904591873134891,179.93143257722437,8.873179545456663,-0.15486608729255294,0.00018533256097542813,-8.873173191567874,0.010618773550243016,1.3703703703703702,0.44999999999999996,0.44999999999999996,-88.66296296296296,-29.115,-29.115
5.354173400000036,static,50,3.1397629891207135,0.22303290166541798,-0.0009073762102954511,0.6705575007815067,179.8951679479967,12.77884395798476,-0.2230325283450144,0.00040807514792925265,-12.77882256830123,0.02338098370052291,1.6996000000000002,0.45,0.45,-109.96412000000002,-29.115000000000002,-29.115000000000002
5.457455800000389,static,51,-3.139024814622609,0.2762361894761246,0.009693615537239958,0.5939385761391548,-179.85287366471113,15.827167805758068,-0.27623527875395165,-0.0007093292719538262,-15.827115625221248,-0.040641573568041635,2.047762962962963,0.45,0.45,-132.4902637037037,-29.115000000000002,-29.115000000000002
5.5610937999999805,static,52,-3.1360580500731268,0.3195451673898081,0.0130108882208649,0.5125742517456008,-179.68289057721677,18.308589455237428,-0.3195402732747062,-0.0017685467781646373,-18.308309043097637,-0.10133026626029318,2.402237037037037,0.45,0.45,-155.4247362962963,-29.115000000000002,-29.115000000000002
5.665618699999868,static,53,-3.132679177176473,0.36645845116685605,0.016670842230473083,0.483222216876116,-179.48929542072736,20.99652261876183,-0.36644389368994834,-0.0032663755082473905,-20.995688536774658,-0.1871495309274747,2.7504,0.45,0.45,-177.95088,-29.115000000000002,-29.115000000000002
5.771187999999711,static,54,-3.1256010147982938,0.4572212979551664,0.02850274071751125,0.6647337556870525,-179.0837465897494,26.196850676324534,-0.45716283602570823,-0.007311406208003402,-26.193501054504388,-0.41891271802434427,3.0796296296296295,0.45,0.45,-199.25203703703704,-29.115000000000002,-29.115000000000002
5.876773500000127,static,55,-3.102751407048629,0.5362501021089878,0.08432482829865395,0.7054572157563667,-177.7745605021642,30.724867614304447,-0.535845648131523,-0.020823385661507567,-30.701694108388438,-1.1930921135776176,3.3773037037037037,0.45,0.45,-218.51154962962963,-29.115000000000002,-29.115000000000002
5.982379199999741,static,56,-3.0579087035614965,0.6158237399342361,0.18450336774281004,0.7301481825241928,-175.20526285039492,35.28410122219374,-0.6136686901257912,-0.051474434682523,-35.16062596352937,-2.9492678601303957,3.6308000000000002,0.45,0.45,-234.91276000000002,-29.115000000000002,-29.115000000000002
6.086232800000289,static,57,-3.0059757307232045,0.6934244953946246,0.2623816174754783,0.7388417327001174,-172.22972268919324,39.73029699710078,-0.6870575485120329,-0.09375209782146318,-39.3654978123443,-5.37159952566748,3.8274962962962964,0.45,0.45,-247.63901037037039,-29.115000000000002,-29.115000000000002
6.18975380000029,static,58,-2.9622276789397133,0.7684218932552584,0.280856838113722,0.7387166313806448,-169.72314396007943,44.027331368978565,-0.7560942412331716,-0.13709013242400162,-43.321008936807075,-7.854686000784854,3.9547703703703703,0.45,0.45,-255.87364296296298,-29.115000000000002,-29.115000000000002
6.293285900000228,static,59,-2.9297480614481253,0.8374730334960574,0.25596486460248075,0.7102203237072315,-167.86219895761215,47.98367027534231,-0.8187510956749626,-0.17609010524199453,-46.91098225388723,-10.08921984438078,4.0,0.45,0.45,-258.8,-29.115000000000002,-29.115000000000002
6.401202500000181,static,60,-2.9029519356283093,0.8973229481860786,0.22598812414323463,0.6456113885362891,-166.32689404083516,51.41281779129855,-0.8718929794327115,-0.21211106938890578,-49.95578790858106,-12.15306906399085,4.0,0.45,0.45,-258.8,-29.115000000000002,-29.115000000000002
6.504363299999568,static,61,-2.8892662482947746,0.9138847390551489,0.1729987534264522,0.4200034294047344,-165.54276191688797,52.36173850927459,-0.8849458827736726,-0.22815806108884867,-50.70366418041034,-13.07249396227904,4.0,0.45,0.45,-258.8,-29.115000000000002,-29.115000000000002
6.607937300000231,static,62,-2.8836529173656174,0.9196568044238456,0.11584156519980959,0.2517800333562911,-165.221141745637,52.692453493974526,-0.8892323322217183,-0.23459432485591564,-50.94925964287954,-13.44126471196495,4.0,0.45,0.45,-258.8,-29.115000000000002,-29.115000000000002
6.712522900000295,static,63,-2.8834552223043666,0.9205900816277526,0.06297143949897105,0.13933356600197377,-165.20981465299676,52.74592633887417,-0.8900882917588029,-0.23500836424537846,-50.99830251178846,-13.464987421533344,4.0,0.45,0.45,-258.8,-29.115000000000002,-29.115000000000002
6.8166879000000336,static,64,-2.883324058182229,0.9217911216561605,0.03416790268193007,0.07978235085976322,-165.20229950237473,52.814740863528215,-0.8912186653388282,-0.23543186384982,-51.063068147197,-13.489252161493305,4.0,0.45,0.45,-258.8,-29.115000000000002,-29.115000000000002
6.921643699999549,static,65,-2.8832524356449722,0.9225950164452235,0.01861021361095061,0.04634498008292844,-165.1981958332719,52.860800642114086,-0.8919790186429375,-0.23570107057530387,-51.106633182461294,-13.504676570680067,4.0,0.45,0.45,-258.8,-29.115000000000002,-29.115000000000002
7.025431600000047,static,66,-2.8830747588002597,0.9236430354878373,0.010683835888869198,0.029337407879632047,-165.18801569995267,52.9208477101052,-0.8929503192449932,-0.23612747482123078,-51.162284607597606,-13.529107734338137,4.0,0.45,0.45,-258.8,-29.115000000000002,-29.115000000000002
7.1302631999997175,static,67,-2.8829247329838257,0.9245646905138611,0.006398311627406367,0.019875307567709537,-165.179419853853,52.97365465326338,-0.893805876991248,-0.2364971906828868,-51.21130445558773,-13.55029089283007,4.0,0.45,0.45,-258.8,-29.115000000000002,-29.115000000000002
7.234260500000346,static,68,-2.8828373545684878,0.9252541243270013,0.0037998699219527923,0.013675120291268711,-165.1744134394336,53.01315630100992,-0.8944516908516906,-0.23675169971233082,-51.24830686414214,-13.564873186065181,4.0,0.45,0.45,-258.8,-29.115000000000002,-29.115000000000002
7.337484499999846,static,69,-2.882764503347543,0.9258939660626494,0.00236010775583662,0.010188768750139032,-165.1702393719411,53.04981653201889,-0.8950529698026599,-0.23698062713787654,-51.282757610342735,-13.577989761363748,4.0,0.45,0.45,-258.8,-29.115000000000002,-29.115000000000002
7.441040300000168,static,70,-2.8825783581882836,0.9259245830304432,0.002098828458140175,0.005607655741834643,-165.15957403993875,53.05157075505496,-0.8950384371745019,-0.23715507466703134,-51.28192495208405,-13.587984868530803,4.0,0.45,0.45,-258.8,-29.115000000000002,-29.115000000000002
7.544387900000402,static,71,-2.8825075672866833,0.9265635512576391,0.0014441995986428779,0.005877147780288117,-165.15551802004913,53.088180937716245,-0.8956392890324232,-0.23738213593415822,-51.31635122765553,-13.600994520828065,4.0,0.45,0.45,-258.8,-29.115000000000002,-29.115000000000002
7.647913200000403,static,72,-2.88241983065866,0.927251382172094,0.0011661970762614601,0.0062299071760058495,-165.1504910815547,53.12759074613313,-0.896283317420086,-0.23763699344694633,-51.353251336155225,-13.615596780688026,4.0,0.45,0.45,-258.8,-29.115000000000002,-29.115000000000002
7.751779899999747,static,73,-2.8823774117768597,0.9277643262380031,0.0008144396161417278,0.00563379827289253,-165.14806065865585,53.156980276236006,-0.8967690436546211,-0.23780649146445137,-51.38108139939286,-13.6253083017269,4.0,0.45,0.45,-258.8,-29.115000000000002,-29.115000000000002
7.855216599999949,static,74,-2.882118938295107,0.9284342844327224,0.0015902135227925263,0.006016781733921548,-165.13325121903537,53.19536605324362,-0.8973550784667476,-0.23821016699553063,-51.414658720775456,-13.648437205950442,4.0,0.45,0.45,-258.8,-29.115000000000002,-29.115000000000002
7.961615199999869,static,75,-2.8821653099008055,0.9285848268301442,0.0006468541251467841,0.003906866373511265,-165.13590811633114,53.203991497253675,-0.8975116284928463,-0.23820717314826606,-51.42362837655357,-13.648265671137676,4.0,0.45,0.45,-258.8,-29.115000000000002,-29.115000000000002
8.065068099999735,static,76,-2.8820600131934855,0.9289952849165034,0.0008078941510576833,0.0038864029722251413,-165.12987505940507,53.22750901326907,-0.8978832529403011,-0.2384070122425902,-51.44492088895662,-13.659715607824166,4.0,0.45,0.45,-258.8,-29.115000000000002,-29.115000000000002
8.168350400000236,static,77,-2.8819548084003297,0.9294057525221122,0.0009042784579632992,0.003925137407249655,-165.1238472687727,53.2510270746973,-0.8982548763811737,-0.23860685212004282,-51.466213343686746,-13.671165589380612,4.0,0.45,0.45,-258.8,-29.115000000000002,-29.115000000000002
8.271889900000133,static,78,-2.8818484668495294,0.929815845420965,0.0009611028242539315,0.003944234247127516,-165.11775434672498,53.274523667009845,-0.8986258341037555,-0.23880769811133287,-51.48746765556847,-13.682673217013654,4.0,0.45,0.45,-258.8,-29.115000000000002,-29.115000000000002
8.37545020000016,static,79,-2.8818842441944628,0.9300441614702835,0.00035558289177992715,0.0031360512993567308,-165.11980423759184,53.28760521303089,-0.8988550368816314,-0.23883417878830424,-51.50060000739343,-13.684190448042763,4.0,0.45,0.45,-258.8,-29.115000000000002,-29.115000000000002
8.478761399999712,static,80,-2.881947692073702,0.9303102349377832,-9.295197872254441e-05,0.0028782089874628694,-165.1234395332913,53.30285009975904,-0.8991273435962114,-0.2388454588800334,-51.51620203287194,-13.684836749691364,4.0,0.45,0.45,-258.8,-29.115000000000002,-29.115000000000002
8.582618800000091,static,81,-2.8817979216972436,0.9305701132165114,0.0006191487471966114,0.0027053751658591067,-165.11485832282415,53.31774002831729,-0.8993427190105134,-0.23904687693958146,-51.52854213512233,-13.696377154421183,4.0,0.45,0.45,-258.8,-29.115000000000002,-29.115000000000002
8.690517799999725,static,82,-2.8817028830128257,0.930736516556451,0.000756241248291785,0.0021938462290405684,-165.10941300731653,53.32727423739271,-0.8994808114828395,-0.23917510954488824,-51.53645425096914,-13.703724341501228,4.0,0.45,0.45,-258.8,-29.115000000000002,-29.115000000000002
8.79414590000033,static,83,-2.8817028830128257,0.930736516556451,0.0003988382785237515,0.0011570247659894396,-165.10941300731653,53.32727423739271,-0.8994808114828395,-0.23917510954488824,-51.53645425096914,-13.703724341501228,4.0,0.45,0.45,-258.8,-29.115000000000002,-29.115000000000002
8.899129800000082,static,84,-2.8817028830128257,0.930736516556451,0.00021371564750192334,0.0006199863713043001,-165.10941300731653,53.32727423739271,-0.8994808114828395,-0.23917510954488824,-51.53645425096914,-13.703724341501228,4.0,0.45,0.45,-258.8,-29.115000000000002,-29.115000000000002
9.003375999999662,static,85,-2.8817028830128257,0.930736516556451,0.00011404346488269162,0.00033083863905170095,-165.10941300731653,53.32727423739271,-0.8994808114828395,-0.23917510954488824,-51.53645425096914,-13.703724341501228,4.0,0.45,0.45,-258.8,-29.115000000000002,-29.115000000000002
9.106880399999682,static,86,-2.8817028830128257,0.930736516556451,6.102867158904099e-05,0.00017704339895688187,-165.10941300731653,53.32727423739271,-0.8994808114828395,-0.23917510954488824,-51.53645425096914,-13.703724341501228,4.0,0.45,0.45,-258.8,-29.115000000000002,-29.115000000000002
9.210186399999657,static,87,-2.8817028830128257,0.930736516556451,3.278602481018212e-05,9.511184037834492e-05,-165.10941300731653,53.32727423739271,-0.8994808114828395,-0.23917510954488824,-51.53645425096914,-13.703724341501228,4.0,0.45,0.45,-258.8,-29.115000000000002,-29.115000000000002
9.313428999999815,static,88,-2.8817028830128257,0.930736516556451,1.762818242201854e-05,5.113913267590368e-05,-165.10941300731653,53.32727423739271,-0.8994808114828395,-0.23917510954488824,-51.53645425096914,-13.703724341501228,4.0,0.45,0.45,-258.8,-29.115000000000002,-29.115000000000002
9.417037399999572,static,89,-2.8817028830128257,0.930736516556451,9.455395533597439e-06,2.7429982009479214e-05,-165.10941300731653,53.32727423739271,-0.8994808114828395,-0.23917510954488824,-51.53645425096914,-13.703724341501228,4.0,0.45,0.45,-258.8,-29.115000000000002,-29.115000000000002
9.52193139999963,static,90,-2.8817028830128257,0.930736516556451,5.076295434786722e-06,1.4726268399480104e-05,-165.10941300731653,53.32727423739271,-0.8994808114828395,-0.23917510954488824,-51.53645425096914,-13.703724341501228,3.9547703703703703,0.4952296296296297,0.45,-255.87364296296298,-32.041357037037045,-29.115000000000002
9.62509609999961,static,91,-2.8817028830128257,0.930736516556451,2.7130525639982075e-06,7.870530931975572e-06,-165.10941300731653,53.32727423739271,-0.8994808114828395,-0.23917510954488824,-51.53645425096914,-13.703724341501228,3.827496296296296,0.6225037037037037,0.44999999999999996,-247.63901037037036,-40.27598962962963,-29.115
9.728656199999932,static,92,-2.8817028830128257,0.930736516556451,1.4565343586210853e-06,4.2253876224640745e-06,-165.10941300731653,53.32727423739271,-0.8994808114828395,-0.23917510954488824,-51.53645425096914,-13.703724341501228,3.6308000000000002,0.8192000000000002,0.45,-234.91276000000002,-53.002240000000015,-29.115000000000002
9.834165899999789,static,93,-2.8817028830128257,0.930736516556451,7.819080245672167e-07,2.268305220097556e-06,-165.10941300731653,53.32727423739271,-0.8994808114828395,-0.23917510954488824,-51.53645425096914,-13.703724341501228,3.3773037037037037,1.0726962962962965,0.45,-218.51154962962963,-69.40345037037038,-29.115000000000002
9.937718500000301,static,94,-2.8817028830128257,0.930736516556451,4.160110512516838e-07,1.2068427609433575e-06,-165.10941300731653,53.32727423739271,-0.8994808114828395,-0.23917510954488824,-51.53645425096914,-13.703724341501228,3.0796296296296295,1.3703703703703702,0.44999999999999996,-199.25203703703704,-88.66296296296296,-29.115
10.040985499999806,static,95,-2.8817028830128257,0.930736516556451,2.2367839087623304e-07,6.488881629375893e-07,-165.10941300731653,53.32727423739271,-0.8994808114828395,-0.23917510954488824,-51.53645425096914,-13.703724341501228,2.7503999999999995,1.6996000000000002,0.45,-177.95087999999998,-109.96412000000002,-29.115000000000002
10.14449549999972,static,96,-2.8817028830128257,0.930736516556451,1.2003578929554076e-07,3.4822229584906767e-07,-165.10941300731653,53.32727423739271,-0.8994808114828395,-0.23917510954488824,-51.53645425096914,-13.703724341501228,2.402237037037037,2.047762962962963,0.45,-155.4247362962963,-132.4902637037037,-29.115000000000002
10.250905400000192,static,97,-2.8814807441144263,0.9307098474515341,0.000994440313587168,-0.00011908750625677674,-165.09668538597256,53.32574621023758,-0.8994018872068743,-0.2393680543263256,-51.53193222305521,-13.714779263156663,2.047762962962963,2.402237037037037,0.45,-132.4902637037037,-155.4247362962963,-29.115000000000002
10.354261599999518,static,98,-2.8501103897207476,0.9269218148040484,0.13964433474063193,-0.014757550974245628,-163.2992964773851,53.108707926878886,-0.887823294528776,-0.2663716359744425,-50.86852772989909,-15.261970523330685,1.6996,2.7504,0.45,-109.96412000000001,-177.95088,-29.115000000000002
10.457860200000141,static,99,-2.776585311948595,0.9175308734609973,0.40827589989900237,-0.033614740235086,-159.08661983266958,52.570646622267134,-0.857084986003419,-0.3275182903619575,-49.10735238202514,-18.765415751080393,1.3703703703703705,3.0796296296296295,0.45,-88.66296296296298,-199.25203703703704,-29.115000000000002
10.561000599999716,static,100,-2.693036354892202,0.9192455247045929,0.5930554876332038,0.020815536820666055,-154.29961721061852,52.66888890186202,-0.828308355963571,-0.3986447066378136,-47.45857293213247,-22.840659215577553,1.0726962962962965,3.3773037037037037,0.45,-69.40345037037038,-218.51154962962963,-29.115000000000002
10.664289399999689,static,101,-2.6289035507379936,0.9336451188058154,0.5953302317305159,0.10295200880821771,-150.62507820424332,53.493924870563546,-0.8136050539934433,-0.4579738245645172,-46.616135784337764,-26.239967275011622,0.8191999999999995,3.6308000000000002,0.45,-53.00223999999997,-234.91276000000002,-29.115000000000002
10.767757700000402,static,102,-2.573889818655104,0.9328225437915483,0.5628881539194514,0.07430345731756008,-147.4730235406303,53.44679479391313,-0.7864984852483474,-0.5015755485545422,-45.063043798162546,-28.73816203913437,0.6225037037037034,3.8274962962962964,0.45,-40.27598962962961,-247.63901037037039,-29.115000000000002
10.874236699999528,static,103,-2.5082596616789483,0.8785576318522054,0.6223944817303187,-0.17373018603742682,-143.7126925371155,50.33764436413971,-0.7081696456061785,-0.5199608307630247,-40.575131872509246,-29.791561114837375,0.4952296296296296,3.9547703703703703,0.45,-32.04135703703704,-255.87364296296298,-29.115000000000002
10.980109199999788,static,104,-2.214111434169686,0.8239997975680533,1.7518007608732613,-0.07919412215302538,-126.8592405495808,47.21171072028365,-0.4942772578843296,-0.6592917857296121,-28.32000078607148,-37.77463678995017,0.45,4.0,0.45,-29.115000000000002,-258.8,-29.115000000000002
11.084270399999696,static,105,-1.888933186526197,0.8392913298020983,2.2667161487457665,0.46324094729468407,-108.22789937014899,48.08785097958268,-0.26252819358669277,-0.7971755665178673,-15.041757495710941,-45.67479549242421,0.45,4.0,0.45,-29.115000000000002,-258.8,-29.115000000000002
11.187194199999794,static,106,-1.5991631958640644,0.915126336078895,2.1611819861840074,1.0245071794309473,-91.62530187566351,52.43287677859124,-0.025955787616475826,-0.9147581691760894,-1.4871570843619915,-52.41178236890408,0.45,4.0,0.45,-29.115000000000002,-258.8,-29.115000000000002
11.29036459999952,static,107,-1.3989413378816957,0.9975281094675394,1.753722158953777,1.2033588437602032,-80.15343444700603,57.154150618153984,0.17058758700159907,-0.982833762311234,9.773948772512368,-56.31222654339762,0.45,4.0,0.45,-29.115000000000002,-258.8,-29.115000000000002
11.393809099999999,static,108,-1.2747325436504244,1.0667168820870083,1.319560244719471,1.1035293962498667,-73.03679475914531,61.118375278939865,0.3112226671717698,-1.020306501972774,17.831745317747124,-58.459256372796354,0.45,4.0,0.45,-29.115000000000002,-258.8,-29.115000000000002
11.497118399999636,static,109,-1.2006898184999684,1.1190134336500814,0.9495441580459134,0.893537396145358,-68.79445910437703,64.11474696659224,0.4047636425893434,-1.0432437195244224,23.191248420711077,-59.7734621322792,0.45,4.0,0.45,-29.115000000000002,-258.8,-29.115000000000002
11.600350599999729,static,110,-1.1701606818225654,1.1418667185037907,0.6214843021971947,0.6025761041119814,-67.04526842058378,65.42414373672003,0.4453322809643635,-1.0514460339730671,25.5156601801922,-60.24342013242572,0.45,4.0,0.45,-29.115000000000002,-258.8,-29.115000000000002
11.703691300000173,static,111,-1.1676817315815538,1.1421650437370336,0.3441524519915432,0.32598715575029547,-66.90323503415088,65.4412365135071,0.44805442093626513,-1.0506132604409142,25.671627311826022,-60.19570572374315,0.45,4.0,0.45,-29.115000000000002,-258.8,-29.115000000000002
11.811108300000342,static,112,-1.1696338458948223,1.1399264533442883,0.1768822533674255,0.16478650869192826,-67.01508294542825,65.31297473194427,0.44512850687953,-1.0494250480130958,25.503984785157098,-60.12762616646417,0.45,4.0,0.45,-29.115000000000002,-258.8,-29.115000000000002
11.914808700000322,static,113,-1.1711259432113272,1.1381853520254415,0.08686052997460669,0.07899766006496309,-67.10057382428677,65.21321697466968,0.4428846794960007,-1.0484841707117007,25.37542294612499,-60.07371786805457,0.45,4.0,0.45,-29.115000000000002,-258.8,-29.115000000000002
12.01826230000006,static,114,-1.1723455874574014,1.1366472823714835,0.04129147697167048,0.035481379131606705,-67.17045429209423,65.12509207490073,0.4410088156768702,-1.0476059703045622,25.26794386634752,-60.02340069115886,0.45,4.0,0.45,-29.115000000000002,-258.8,-29.115000000000002
12.121954299999743,static,115,-1.1732945885393424,1.1355345977787707,0.0179329054902266,0.014031226363584434,-67.22482804884281,65.06133994380907,0.43958369994430146,-1.0469980866724986,25.186290749553635,-59.988571524606535,0.45,4.0,0.45,-29.115000000000002,-258.8,-29.115000000000002
12.225448600000163,static,116,-1.174222888217905,1.1344831917153593,0.005486866651447395,0.0028216591024620517,-67.2780157025478,65.00109881382113,0.4382054665972729,-1.0464358945147738,25.10732379558471,-59.95636028669355,0.45,4.0,0.45,-29.115000000000002,-258.8,-29.115000000000002
12.328901699999733,static,117,-1.174975932016033,1.1335421908167551,-0.00042310544592160575,-0.0026989723297433095,-67.32116193396902,64.9471834338131,0.4370545130878864,-1.0458973424534357,25.04137901708109,-59.925503526530804,0.45,4.0,0.45,-29.115000000000002,-258.8,-29.115000000000002
12.43200590000015,static,118,-1.1756290286350979,1.1327381990700303,-0.0031538554641686004,-0.005047512351573284,-67.35858161385572,64.9011180999624,0.4360618411562044,-1.0454405283515062,24.984503104954612,-59.89933000646819,0.45,4.0,0.45,-29.115000000000002,-258.8,-29.115000000000002
12.53519580000011,static,119,-1.1762734223643423,1.13207567294885,-0.004591245970014393,-0.005685093000615834,-67.39550265488612,64.8631581494016,0.43513342164685737,-1.0451096758945875,24.931308585451422,-59.88037355704521,0.45,4.0,0.45,-29.115000000000002,-258.8,-29.115000000000002
12.642412700000023,static,120,-1.1768442978872926,1.1313443172936455,-0.005025878609649632,-0.006324457780863139,-67.42821141297848,64.82125455703536,0.4342559991722161,-1.0446825792821306,24.88103598080455,-59.855902723707096,0.45,4.0,0.45,-29.115000000000002,-258.8,-29.115000000000002
12.7460173999998,static,121,-1.177178835290676,1.130730701112297,-0.004127653328924598,-0.00603618432086679,-67.44737899428162,64.78609693960315,0.4336711481806922,-1.044261104165786,24.84752648734619,-59.83175397837077,0.45,4.0,0.45,-29.115000000000002,-258.8,-29.115000000000002
12.849409499999638,static,122,-1.1773159503705637,1.1302467439432142,-0.0028309972420187163,-0.005405320610932063,-67.45523510966679,64.75836823634961,0.43334240849474026,-1.0438735839143625,24.82869109078269,-59.80955070348835,0.45,4.0,0.45,-29.115000000000002,-258.8,-29.115000000000002
12.952786199999537,static,123,-1.177704950584973,1.1297234870039095,-0.0032650666601462966,-0.005245647515478461,-67.47752318018213,64.72838782212652,0.4327358772784403,-1.043558727434317,24.793939411945768,-59.791510756029396,0.45,4.0,0.45,-29.115000000000002,-258.8,-29.115000000000002
13.056104100000084,static,124,-1.177807252075432,1.1295860754862783,-0.0022144783045231994,-0.0034359667227459333,-67.48338462382331,64.72051472210977,0.43257649547690374,-1.0434760550647113,24.784807507386528,-59.78677397816865,0.45,4.0,0.45,-29.115000000000002,-258.8,-29.115000000000002
13.159503500000028,static,125,-1.177807252075432,1.1295860754862783,-0.0011896118415432536,-0.0018457921634085286,-67.48338462382331,64.72051472210977,0.43257649547690374,-1.0434760550647113,24.784807507386528,-59.78677397816865,0.45,4.0,0.45,-29.115000000000002,-258.8,-29.115000000000002
13.262944099999913,static,126,-1.177807252075432,1.1295860754862783,-0.0006388589736829708,-0.0009912484442131102,-67.48338462382331,64.72051472210977,0.43257649547690374,-1.0434760550647113,24.784807507386528,-59.78677397816865,0.45,4.0,0.45,-29.115000000000002,-258.8,-29.115000000000002
13.366375800000242,static,127,-1.177807252075432,1.1295860754862783,-0.0003430540467081747,-0.0005322798991460016,-67.48338462382331,64.72051472210977,0.43257649547690374,-1.0434760550647113,24.784807507386528,-59.78677397816865,0.45,4.0,0.45,-29.115000000000002,-258.8,-29.115000000000002
13.470235200000388,static,128,-1.177807252075432,1.1295860754862783,-0.00018436604421542257,-0.0002860608710568927,-67.48338462382331,64.72051472210977,0.43257649547690374,-1.0434760550647113,24.784807507386528,-59.78677397816865,0.45,4.0,0.45,-29.115000000000002,-258.8,-29.115000000000002
13.574228499999663,static,129,-1.177807252075432,1.1295860754862783,-9.87042472142472e-05,-0.0001531487159432175,-67.48338462382331,64.72051472210977,0.43257649547690374,-1.0434760550647113,24.784807507386528,-59.78677397816865,0.45,4.0,0.45,-29.115000000000002,-258.8,-29.115000000000002
13.677871500000037,static,130,-1.177807252075432,1.1295860754862783,-5.283644498686192e-05,-8.198060299450173e-05,-67.48338462382331,64.72051472210977,0.43257649547690374,-1.0434760550647113,24.784807507386528,-59.78677397816865,0.45,4.0,0.45,-29.115000000000002,-258.8,-29.115000000000002
13.781666199999563,static,131,-1.177807252075432,1.1295860754862783,-2.837464225406449e-05,-4.40258666592707e-05,-67.48338462382331,64.72051472210977,0.43257649547690374,-1.0434760550647113,24.784807507386528,-59.78677397816865,0.45,4.0,0.45,-29.115000000000002,-258.8,-29.115000000000002
13.885387100000116,static,132,-1.177807252075432,1.1295860754862783,-1.5231490577814e-05,-2.3633058249561576e-05,-67.48338462382331,64.72051472210977,0.43257649547690374,-1.0434760550647113,24.784807507386528,-59.78677397816865,0.45,4.0,0.45,-29.115000000000002,-258.8,-29.115000000000002
13.98901029999979,static,133,-1.177807252075432,1.1295860754862783,-8.159147941439002e-06,-1.2659668309002257e-05,-67.48338462382331,64.72051472210977,0.43257649547690374,-1.0434760550647113,24.784807507386528,-59.78677397816865,0.45,4.0,0.45,-29.115000000000002,-258.8,-29.115000000000002
14.092226900000242,static,134,-1.177807252075432,1.1295860754862783,-4.382607543202186e-06,-6.800018607786846e-06,-67.48338462382331,64.72051472210977,0.43257649547690374,-1.0434760550647113,24.784807507386528,-59.78677397816865,0.45,4.0,0.45,-29.115000000000002,-258.8,-29.115000000000002
14.194896799999697,static,135,-1.177807252075432,1.1295860754862783,-2.3581465718082515e-06,-3.658881250514266e-06,-67.48338462382331,64.72051472210977,0.43257649547690374,-1.0434760550647113,24.784807507386528,-59.78677397816865,0.45,3.9547703703703703,0.4952296296296297,-29.115000000000002,-255.87364296296298,-32.041357037037045
14.301557099999627,static,136,-1.177807252075432,1.1295860754862783,-1.2688229484867327e-06,-1.9686954797217874e-06,-67.48338462382331,64.72051472210977,0.43257649547690374,-1.0434760550647113,24.784807507386528,-59.78677397816865,0.44999999999999996,3.827496296296296,0.6225037037037037,-29.115,-247.63901037037036,-40.27598962962963
14.405120800000077,static,137,-1.1761983045247677,1.1284512564359184,0.007113177904027098,-0.005007071530552099,-67.39119871971235,64.6554943800131,0.433818566504655,-1.041731102304068,24.855972935132154,-59.68679554953409,0.45,3.6308000000000002,0.8192000000000002,-29.115000000000002,-234.91276000000002,-53.002240000000015
14.508561999999984,static,138,-1.1608041175678891,1.119424437747494,0.07329702722060383,-0.0424003883100785,-66.50917677804787,64.13829576673656,0.446205024469012,-1.0266509377412079,25.565664699606014,-58.82276576571945,0.45,3.3773037037037037,1.0726962962962965,-29.115000000000002,-218.51154962962963,-69.40345037037038
14.611816499999804,static,139,-1.1329708235724878,1.101472696613493,0.16705329464506435,-0.09988226022890882,-64.91444650216455,63.10973676484691,0.4669925688033003,-0.9975770857770815,26.75670325640182,-57.156956753986876,0.44999999999999996,3.0796296296296295,1.3703703703703702,-29.115,-199.25203703703704,-88.66296296296296
14.716277900000023,static,140,-1.094679961254342,1.0774200976754855,0.26820184828006044,-0.15356173903063397,-62.720541697418284,61.73162435937824,0.4938149637060241,-0.9575911698084266,28.293513280761108,-54.86593252901819,0.45,2.7503999999999995,1.6996000000000002,-29.115000000000002,-177.95087999999998,-109.96412000000002
14.819910500000333,static,141,-1.0491329049469318,1.0515493700821437,0.3587668537193529,-0.18557414873347505,-60.11088760175896,60.24934085534711,0.524011235837821,-0.9116843217012524,30.023632230941576,-52.23566388172897,0.45,2.402237037037037,2.047762962962963,-29.115000000000002,-155.4247362962963,-132.4902637037037
14.924120099999527,static,142,-1.003053544443679,1.0301808371612196,0.41134173245926337,-0.18085932053749337,-57.47073472226075,59.0250141045918,0.553959473169005,-0.8685628701139081,31.739539833874552,-49.764986699296436,0.45,2.047762962962963,2.402237037037037,-29.115000000000002,-132.4902637037037,-155.4247362962963
15.030482999999549,static,143,-0.927093469713149,1.0120368159391444,0.5753977561836489,-0.14702151441484065,-53.11854302870305,57.9854382651711,0.607385418561071,-0.8095069302579405,34.80062102133634,-46.38133059037107,0.45,1.6996,2.7504,-29.115000000000002,-109.96412000000001,-177.95088
15.133721799999876,static,144,-0.8414407442448923,1.008611701133809,0.6912509100525673,-0.05002114387309886,-48.211003355579244,57.7891936424776,0.6721280386136709,-0.7520249087452993,38.510099904969366,-43.08785335981652,0.45,1.3703703703703705,3.0796296296296295,-29.115000000000002,-88.66296296296298,-199.25203703703704
15.237115099999755,static,145,-0.7429410236132625,1.017295895651742,0.8052243752353917,0.07083248190851842,-42.567385080169174,58.28676133682581,0.7492203916960852,-0.688156772818988,42.92716636932408,-39.42847872587102,0.45,1.0726962962962965,3.3773037037037037,-29.115000000000002,-69.40345037037038,-218.51154962962963
15.34052629999951,static,146,-0.6403544680657527,1.0330201447391745,0.8716011140990234,0.17728410634491074,-36.689608412512484,59.18769444554813,0.828362347215396,-0.6172085880419558,47.46166640299268,-35.36344717403276,0.45,0.8191999999999995,3.6308000000000002,-29.115000000000002,-53.00223999999997,-234.91276000000002
15.444553100000121,static,147,-0.5325671140950408,1.0315399604304716,0.9384270043548699,0.16691222412254156,-30.51384794510801,59.10288613175796,0.8886783470803444,-0.5237609047985975,50.91751863236586,-30.009289318912945,0.45,0.6225037037037034,3.8274962962962964,-29.115000000000002,-40.27598962962961,-247.63901037037039
15.548182300000008,static,148,-0.37139830740448865,0.9884583145857301,1.249449918665348,0.038781849980183254,-21.27955553257955,56.634489650376956,0.9210660024018076,-0.35873006410561076,52.77319459061012,-20.553718657708963,0.45,0.4952296296296296,3.9547703703703703,-29.115000000000002,-32.04135703703704,-255.87364296296298
15.651928999999654,static,149,-0.13413932483404656,0.9380535581760286,1.7880551403382732,0.07438461916346967,-7.685617179725259,53.74650984071608,0.9296268380015074,-0.1254528599675077,53.263694339578265,-7.187919403983914,0.45,0.45,4.0,-29.115000000000002,-29.115000000000002,-258.8
15.759881799999675,static,150,0.20681592581177144,0.9333412101089421,2.396548041598316,0.5587876018161921,11.849679685105247,53.47651218487539,0.9134514360068064,0.19165669449494233,52.33691207335441,10.981119709988395,0.45,0.45,4.0,-29.115000000000002,-29.115000000000002,-258.8
15.86345319999964,static,151,0.46073504765810336,0.9897872153136326,2.117665420774546,0.9601844021441053,26.398173704568165,56.71063005347763,0.8865780763858736,0.4400659564999765,50.79718198573767,25.213922014836328,0.45,0.45,4.0,-29.115000000000002,-29.115000000000002,-258.8
15.967821700000059,static,152,0.6171717083036247,1.101950808117567,1.5595525631937734,1.2385246192986143,35.36133412067684,63.13713053616701,0.8986613099911558,0.6377330424526699,51.48950027419099,36.53941178857534,0.45,0.45,4.0,-29.115000000000002,-29.115000000000002,-258.8
16.071167199999763,static,153,0.7254684589508211,1.1603084223446316,1.185486624031528,1.0486670551093173,41.56628086774186,66.48077553383041,0.8681296363208306,0.7698484068343262,49.74016423141065,44.10906457647725,0.45,0.45,4.0,-29.115000000000002,-29.115000000000002,-258.8
16.174674799999593,static,154,0.7857730410567392,1.189663034695187,0.853981035359308,0.7471617156466283,45.02147890771111,68.16267093075984,0.8409033859233302,0.8415340941773188,48.180214991667505,48.216351912725116,0.45,0.45,4.0,-29.115000000000002,-29.115000000000002,-258.8
16.278197499999806,static,155,0.8107298719549987,1.190733159121818,0.5611702204729783,0.42114358981876915,46.45139998820307,68.22398454395966,0.8203789631719265,0.8630317566678412,47.00425219106978,49.44807724282874,0.45,0.45,4.0,-29.115000000000002,-29.115000000000002,-258.8
16.381559899999957,static,156,0.8139582732638098,1.1907249566233864,0.3152724862024884,0.22736701842673104,46.63637375777245,68.22351457541806,0.8175828478825335,0.8656698037785836,46.84404658595557,49.59922620843096,0.45,0.45,4.0,-29.115000000000002,-29.115000000000002,-258.8
16.48871440000039,static,157,0.8138714856853224,1.1873407137157028,0.16954876116628084,0.1070259327138525,46.631401195810966,68.02961173996071,0.8153340511166229,0.8631386653004665,46.71520002228622,49.45420265627168,0.45,0.45,4.0,-29.115000000000002,-29.115000000000002,-258.8
16.59174780000012,static,158,0.8140051148553558,1.1843348875578115,0.09044789480956719,0.04335384187589888,46.63905758327372,67.85739058716351,0.8131549269682863,0.8610622455048037,46.59034540555149,49.33523256548279,0.45,0.45,4.0,-29.115000000000002,-29.115000000000002,-258.8
16.695714299999963,static,159,0.8142198571230845,1.1815288718926613,0.04960570787159985,0.010728093364852538,46.65136140889764,67.69661773230281,0.8110438518318851,0.8591963370043216,46.4693897100007,49.22832388344759,0.45,0.45,4.0,-29.115000000000002,-29.115000000000002,-258.8
16.799261500000284,static,160,0.8141747486822766,1.179290549754811,0.02644955216480607,-0.004250933035141218,46.64877688561893,67.56837132061328,0.8095460698890989,0.8575321343647236,46.38357312604815,49.13297209594409,0.45,0.45,4.0,-29.115000000000002,-29.115000000000002,-258.8
16.90233939999962,static,161,0.8140249092348073,1.1775762933072023,0.013562064263454436,-0.009963681646496705,46.64019171767437,67.47015166116222,0.8084975827515418,0.8561644615633398,46.32349923819237,49.054610216669964,0.45,0.45,4.0,-29.115000000000002,-29.115000000000002,-258.8
17.00623050000013,static,162,0.8143652086696221,1.1764938690741786,0.008819859601866903,-0.010196372902198204,46.659689439059946,67.40813332096728,0.8074632832110522,0.8556523068601866,46.264238239769995,49.025265913721505,0.45,0.45,4.0,-29.115000000000002,-29.115000000000002,-258.8
17.109721499999978,static,163,0.8147413144748392,1.174452915363712,0.0064247509386753604,-0.014589230506296015,46.681238714349256,67.29119528717598,0.8057412004992357,0.8544710458666067,46.16557016841047,48.95758464428595,0.45,0.45,4.0,-29.115000000000002,-29.115000000000002,-258.8
17.213098500000342,static,164,0.8149960771519575,1.17317685199498,0.0045946087653264255,-0.013536999524275901,46.695835540525586,67.21808224175638,0.8046482718469982,0.853747670374854,46.102949969328336,48.91613828160532,0.45,0.45,4.0,-29.115000000000002,-29.115000000000002,-258.8
17.319992400000046,static,165,0.815684079941629,1.1722648364583792,0.005556408194916825,-0.011350896599232215,46.73525519666699,67.1658276006588,0.8034356322124624,0.8536369437226528,46.03347083619914,48.90979411175458,0.45,0.45,4.0,-29.115000000000002,-29.115000000000002,-258.8
17.42349809999996,static,166,0.8165960155857409,1.1723877016256898,0.006968015667037595,-0.005461321069976075,46.787505260262144,67.17286725619488,0.8027409628095417,0.8544588167669508,45.99366921125492,48.95688396848842,0.45,0.45,4.0,-29.115000000000002,-29.115000000000002,-258.8
17.527206099999603,static,167,0.8168069095324864,1.1727768947733097,0.0046771313490101395,-0.0011881642848920143,46.79958859333552,67.1951663809689,0.8028271678472138,0.8549117986555972,45.99860839608629,48.982837918903726,0.45,0.45,4.0,-29.115000000000002,-29.115000000000002,-258.8
17.630721900000026,static,168,0.8167528125753152,1.171011958210047,0.002270739893038044,-0.008528073811643468,46.79648906600511,67.09404296478563,0.8016651537467275,0.8535818575503844,45.93202989239374,48.90663790657407,0.45,0.45,4.0,-29.115000000000002,-29.115000000000002,-258.8
17.734052099999644,static,169,0.8165166702694471,1.1714804998689399,0.00016180188423126142,-0.0024851866964229505,46.78295910851438,67.12088842436624,0.802187538587987,0.8537339834558118,45.96196033907952,48.915354078909665,0.45,0.45,4.0,-29.115000000000002,-29.115000000000002,-258.8
17.837531000000126,static,170,0.8164455912458441,1.1701620379754043,-0.0002314283748766169,-0.007231400334522965,46.77888658045002,67.04534612241783,0.8013453157567852,0.852716177888874,45.9137045254421,48.857038115559206,0.45,0.45,4.0,-29.115000000000002,-29.115000000000002,-258.8
17.940955299999587,static,171,0.8164228700798484,1.1703178186980567,-0.00022636828836205278,-0.003191336773848386,46.77758475353285,67.05427170035532,0.801471373917087,0.8528114877003208,45.92092712600058,48.862498965501295,0.45,0.45,4.0,-29.115000000000002,-29.115000000000002,-258.8
18.04408330000024,static,172,0.8161259792761291,1.1694035505646934,-0.00145090845116003,-0.005801599785293979,46.760574163503485,67.00188799497029,0.8010982124153094,0.851907458670428,45.89954654687196,48.81070191753114,0.45,0.45,4.0,-29.115000000000002,-29.115000000000002,-258.8
18.146681700000045,static,173,0.8160968626380667,1.1692291024064383,-0.0009119889583030733,-0.0039061120625930586,46.7589059030289,66.99189285175844,0.801003507597909,0.8517570514706713,45.894120360535354,48.802084219776695,0.45,0.45,4.0,-29.115000000000002,-29.115000000000002,-258.8
18.251623399999517,static,174,0.8158741048011677,1.1685629111992375,-0.0014922011234895487,-0.0050934619671325005,46.746142819121125,66.95372290723711,0.8007367277327043,0.8510933969256007,45.878835000200056,48.764059615289476,0.45,0.45,4.0,-29.115000000000002,-29.115000000000002,-258.8
18.35517660000005,static,175,0.8158638124929736,1.1675529201837394,-0.0008422710142724553,-0.007204794989119309,46.745553113300154,66.89585468470294,0.800053401647996,0.8503495610283148,45.83968329951507,48.72144095772467,0.45,0.45,4.0,-29.115000000000002,-29.115000000000002,-258.8
18.45878989999983,static,176,0.8140338020016671,1.1662990664478359,-0.008653721986105952,-0.009466715073309755,46.64070123568363,66.82401415750896,0.8007473498686148,0.8479724017180533,45.879443603757146,48.58523976201646,0.45,0.45,4.0,-29.115000000000002,-29.115000000000002,-258.8
18.562687699999515,static,177,0.8142463529788451,1.1659783507595325,-0.003696745208223178,-0.006521225129714256,46.65287950960731,66.80563850214554,0.8003469498319594,0.8479093550224566,45.856502371539904,48.58162745244651,0.45,0.45,4.0,-29.115000000000002,-29.115000000000002,-258.8
18.666465199999948,static,178,0.8141060297166907,1.165110646480996,-0.002604082364773873,-0.007352356152667693,46.64483957891835,66.75592270911994,0.7998702281588974,0.8471661210461605,45.82918823167104,48.53904328241402,0.45,0.45,4.0,-29.115000000000002,-29.115000000000002,-258.8
18.770107700000153,static,179,0.814044662663969,1.1648079021090796,-0.0016720318560570692,-0.0052977511738027385,46.641323505796244,66.7385767343378,0.7997143615645674,0.8468969174126988,45.82025773364885,48.523619050387076,0.45,0.45,4.0,-29.115000000000002,-29.115000000000002,-258.8
18.873718400000143,static,180,0.814068192355621,1.1643058907815464,-0.0007929575828355154,-0.00509197877239529,46.64267165782115,66.70981360400239,0.7993497801526572,0.8465507287094548,45.79936875745748,48.50378389877609,0.45,0.4658303703703704,3.970600740740741,-29.115000000000002,-30.139224962962967,-256.89786792592594
18.977070699999786,static,181,0.8140843709801616,1.163860073155168,-0.00035360752797250006,-0.00473065503626849,46.643598624725655,66.68427013557837,0.7990300148705107,0.8462395081894867,45.781047556355674,48.48595227648405,0.44999999999999996,0.5103762962962963,3.8878725925925925,-29.115,-33.021346370370374,-251.54535674074074
19.081351599999834,static,182,0.8141054406416899,1.1633569862365762,-9.563447998711577e-05,-0.004793616003631884,46.64480582740699,66.65544537841483,0.7986668059281903,0.8458905428800537,45.7602372168793,48.465958037057064,0.45,0.5792200000000001,3.76002,-29.115000000000002,-37.475534,-243.273294
19.185377799999515,static,183,0.8141291262437149,1.1628540458546104,5.450973073330161e-05,-0.004806868216965262,46.64616291243825,66.62662901718147,0.7983015007544226,0.8455437575038166,45.73930677218812,48.44608869860183,0.45,0.6679437037037037,3.595247407407407,-29.115000000000002,-43.215957629629635,-232.61250725925925
19.288784100000157,static,184,0.8139727731884241,1.1624321316642823,-0.0006682079006622421,-0.004450707205862961,46.637204542256114,66.602455114759,0.7981440014934192,0.8451121899521035,45.730282729256196,48.42136169931386,0.44999999999999996,0.7721296296296296,3.401759259259259,-29.115,-49.95678703703704,-220.09382407407406
19.392040499999894,static,185,0.8139260717058784,1.162016957830521,-0.0005693243142319845,-0.0042569445135131195,46.63452874440924,66.5786674063202,0.7978983897003313,0.8447730878758609,45.71621021011362,48.401932581521045,0.44999999999999996,0.88736,3.18776,-29.115,-57.412192000000005,-206.248072
19.49561850000009,static,186,0.8140427910098404,1.1616354629361012,0.00021686963620385735,-0.003992752981200832,46.64121626791397,66.55680935896417,0.7975378620244472,0.8445888392515284,45.6955534958878,48.3913759129657,0.44999999999999996,1.009217037037037,2.961454074074074,-29.115,-65.2963422962963,-191.60607859259258
19.599172600000202,static,187,0.8139879880567005,1.1612764420031993,-0.00012884443436838615,-0.003748376379382752,46.638076289994196,66.53623897475204,0.797337641397962,0.8442841111625546,45.68408169901873,48.37391627956842,0.44999999999999996,1.133282962962963,2.731045925925926,-29.115,-73.32340770370371,-176.69867140740743
19.702842900000178,static,188,0.8139403983182238,1.1608612332044976,-0.0002824092499002835,-0.0038719186515571266,46.635349598831354,66.51244926296974,0.7970927211561115,0.8439443089665412,45.670048802843375,48.354447047867566,0.44999999999999996,1.25514,2.50474,-29.115,-81.20755799999999,-162.056678
19.810370399999556,static,189,0.813956903308811,1.160414480272056,-7.775262298503849e-05,-0.004076256350589511,46.6362952651329,66.48685220545573,0.7967720390805157,0.843632671110207,45.65167507334624,48.336591513963114,0.44999999999999996,1.3703703703703702,2.2907407407407407,-29.115,-88.66296296296296,-148.21092592592592
19.913609999999608,static,190,0.8139332160608572,1.1602061210923043,-0.0001452270652752217,-0.0030665022413847113,46.63493808579687,66.47491410383316,0.7966489535440716,0.8434623217649891,45.64462279158889,48.32683121543931,0.44999999999999996,1.4745562962962961,2.097252592592593,-29.115,-95.40379237037037,-135.69224274074077
20.016948100000263,static,191,0.8139332160608572,1.1602061210923043,-7.800200891585433e-05,-0.0016470300127574612,46.63493808579687,66.47491410383316,0.7966489535440716,0.8434623217649891,45.64462279158889,48.32683121543931,0.44999999999999996,1.56328,1.9324799999999995,-29.115,-101.144216,-125.03145599999998
20.120821700000306,static,192,0.8131794673466879,1.1600944748075925,-0.0034181587389273665,-0.0013835089100757373,46.59175146566155,66.46851724292085,0.7972077633761079,0.8427805007782083,45.676640236514984,48.28776575051333,0.44999999999999996,1.6321237037037037,1.8046274074074071,-29.115,-105.59840362962964,-116.75939325925924
20.224106599999686,static,193,0.8131958158990535,1.159647684878021,-0.0017600621995683921,-0.0027377003708712174,46.59268816871326,66.44291806562747,0.7968869598230094,0.8424689467909161,45.65825954686964,48.269915021951014,0.44999999999999996,1.6766696296296295,1.721899259259259,-29.115,-108.48052503703704,-111.40688207407406
20.327754500000083,static,194,0.8130721507236971,1.1593765759350816,-0.0014993171608273406,-0.002683638582287409,46.585602676092584,66.42738466740877,0.7968048127389779,0.8421734591062322,45.65355286565532,48.252984824720535,0.44999999999999996,1.6925,1.6925,-29.115,-109.50475,-109.50475
20.43117119999988,static,195,0.8130415387768841,1.158872003537192,-0.0009425463694329032,-0.0036989514844348154,46.58384874073752,66.39847479855091,0.79648380421113,0.8417825551837435,45.63516043182193,48.23058767976682,0.44999999999999996,1.6925,1.6925,-29.115,-109.50475,-109.50475
20.5344527999996,static,196,0.8130932282309642,1.158521055937914,-0.00027482346883720527,-0.003556743997732886,46.586810328301645,66.37836698228203,0.7961991014609443,0.8415687897517851,45.61884816582052,48.21833982270981,0.44999999999999996,1.6925,1.6925,-29.115,-109.50475,-109.50475
20.64183299999968,static,197,0.8130400084681773,1.1581621484464273,-0.000385808149638582,-0.0035148107486707527,46.58376106050727,66.35780309778421,0.7959972136706168,0.8412657118429697,45.60728084749954,48.20097473767104,0.44999999999999996,1.6925,1.6925,-29.115,-109.50475,-109.50475
20.745858399999634,static,198,0.8129858906742475,1.157803157608022,-0.00044199083261146113,-0.003434909558349739,46.580660339318534,66.33723443785973,0.7957959937999,0.8409618826196203,45.595751798153294,48.18356660548039,0.44999999999999996,1.6925,1.6925,-29.115,-109.50475,-109.50475
20.849342200000137,static,199,0.8130625571060901,1.1576591213760672,0.00010571528155279293,-0.0024855116328615294,46.58505300229344,66.32898176967176,0.7956325251203529,0.8409182637306785,45.58638573273267,48.18106742723697,0.44999999999999996,1.6925,1.6925,-29.115,-109.50475,-109.50475
20.952511499999673,static,200,0.8130075890407937,1.1573001018412739,-0.00018910176227432098,-0.0029377033665713434,46.581903564143964,66.30841146556534,0.7954319873532676,0.8406137515036582,45.5748957650457,48.16362016181858,0.44999999999999996,1.6925,1.6925,-29.115,-109.50475,-109.50475
21.056033799999568,static,201,0.81295244450126,1.1569416073134415,-0.00034905505129904804,-0.003186839332468301,46.57874401476549,66.28787124214202,0.7952319276741668,0.8403095048496346,45.563433189782494,48.146188112612045,0.44999999999999996,1.6925,1.6925,-29.115,-109.50475,-109.50475
21.159550399999716,static,202,0.8131468213190507,1.1567684848349389,0.0006826486268617266,-0.0024855094755464593,46.589880986060074,66.27795205478498,0.7949496034587042,0.8403382982276657,45.547257203782145,48.147837851651154,0.44999999999999996,1.6925,1.6925,-29.115,-109.50475,-109.50475
21.262999900000068,static,203,0.8131468213190507,1.1567684848349389,0.0003668737038996289,-0.0013357795379496987,46.589880986060074,66.27795205478498,0.7949496034587042,0.8403382982276657,45.547257203782145,48.147837851651154,0.44999999999999996,1.6925,1.6925,-29.115,-109.50475,-109.50475
21.3706344000002,static,204,0.8131468213190507,1.1567684848349389,0.00019674729856571232,-0.0007163528287185712,46.589880986060074,66.27795205478498,0.7949496034587042,0.8403382982276657,45.547257203782145,48.147837851651154,0.44999999999999996,1.6925,1.6925,-29.115,-109.50475,-109.50475
21.47443790000034,static,205,0.8131468213190507,1.1567684848349389,0.00010364499030432039,-0.0003773692575616787,46.589880986060074,66.27795205478498,0.7949496034587042,0.8403382982276657,45.547257203782145,48.147837851651154,0.44999999999999996,1.6925,1.6925,-29.115,-109.50475,-109.50475
21.577762699999766,static,206,0.8131468213190507,1.1567684848349389,5.569553978221488e-05,-0.00020278630385703515,46.589880986060074,66.27795205478498,0.7949496034587042,0.8403382982276657,45.547257203782145,48.147837851651154,0.44999999999999996,1.6925,1.6925,-29.115,-109.50475,-109.50475
21.68079839999973,static,207,0.8130842267426228,1.156820961052062,-0.0002503835343634157,0.00012603681613012837,46.58629458101035,66.28095872055093,0.7950382673939029,0.8403266563121253,45.55233727306405,48.14717081902524,0.44999999999999996,1.6925,1.6925,-29.115,-109.50475,-109.50475
21.784882599999946,static,208,0.8131472305770395,1.1571441551436397,0.00014752462796756405,0.0015148312110388562,46.589904434815566,66.29947637796191,0.7952074260112256,0.840611530613094,45.56202934790491,48.16349291416249,0.44999999999999996,1.6925,1.6925,-29.115,-109.50475,-109.50475
21.88778100000036,static,209,0.8131937956753097,1.1568494868750303,0.00028686223730632046,-0.0005038002258180931,46.59257241841906,66.28259312981416,0.7949657913502712,0.8404344863615831,45.54818470164815,48.15334902576386,0.44999999999999996,1.6925,1.6925,-29.115,-109.50475,-109.50475
21.991873599999963,static,210,0.8131689830953404,1.1566416333704748,4.3103041146083194e-05,-0.0012032671462460511,46.59115076230799,66.27068400124612,0.7948438075831453,0.8402637619180346,45.541195546622724,48.14356723568881,0.44999999999999996,1.6925,1.6925,-29.115,-109.50475,-109.50475
22.095486500000334,static,211,0.8132844708215963,1.156259081458359,0.0005384306717054046,-0.0023503259836181235,46.597767721608015,66.24876539123724,0.794483904661412,0.8400776087296248,45.52057462817298,48.13290144365002,0.44999999999999996,1.6925,1.6925,-29.115,-109.50475,-109.50475
22.20211399999971,static,212,0.8129771258991987,1.1561030356155113,-0.001088231259241782,-0.0019630265379665017,46.58015815469986,66.2398246230315,0.7946348043139141,0.8397200466419673,45.52922054139134,48.11241464511336,0.44999999999999996,1.6925,1.6925,-29.115,-109.50475,-109.50475
22.304882100000214,static,213,0.8129763648206407,1.1557505774060095,-0.000579705529969988,-0.002594426327446285,46.58011454811061,66.2196302551723,0.7943931849080453,0.8394634387190287,45.5153767691866,48.09771209413937,0.44999999999999996,1.6925,1.6925,-29.115,-109.50475,-109.50475
22.408350800000335,static,214,0.8129763648206407,1.1557505774060095,-0.00031185602683777295,-0.0013956870248289692,46.58011454811061,66.2196302551723,0.7943931849080453,0.8394634387190287,45.5153767691866,48.09771209413937,0.44999999999999996,1.6925,1.6925,-29.115,-109.50475,-109.50475
22.5128808999998,static,215,0.8128759270354946,1.1556853220525936,-0.0006170947456388241,-0.0010415725745895233,46.574359886918096,66.21589139883093,0.79443263739825,0.8393362545751657,45.51763723036661,48.090424979475024,0.44999999999999996,1.6925,1.6925,-29.115,-109.50475,-109.50475
22.6156361000003,static,216,0.8129526205077147,1.1555413022893313,1.1810206848007293e-05,-0.001198570138594743,46.57875409919251,66.20763967422954,0.7942692704742977,0.8392925754924505,45.50827699511211,48.08792235238244,0.44999999999999996,1.6925,1.6925,-29.115,-109.50475,-109.50475
22.718768900000214,static,217,0.81289938629312,1.1551833155007465,-0.00023292972822418616,-0.0022547849064704327,46.57570400337054,66.18712854212218,0.794067869904671,0.8389902921943471,45.49673759248097,48.070602795183824,0.44999999999999996,1.6925,1.6925,-29.115,-109.50475,-109.50475
22.822002199999588,static,218,0.81289938629312,1.1551833155007465,-0.00012511063450996573,-0.0012110844437190132,46.57570400337054,66.18712854212218,0.794067869904671,0.8389902921943471,45.49673759248097,48.070602795183824,0.44999999999999996,1.6925,1.6925,-29.115,-109.50475,-109.50475
22.925279400000363,static,219,0.8128744772658942,1.1549754702543686,-0.00017910057286850824,-0.0015840124739084746,46.574276821238726,66.17521988671288,0.7939458924329297,0.8388195615137851,45.489748798154515,48.06082064775423,0.44999999999999996,1.6925,1.6925,-29.115,-109.50475,-109.50475
23.028816899999583,static,220,0.8128443264979244,1.1548248071223093,-0.0002310378299857588,-0.0015240598410944126,46.57254930948498,66.16658752511765,0.7938676119348582,0.838686204647438,45.48526365599684,48.05317986214345,0.44999999999999996,1.6925,1.6925,-29.115,-109.50475,-109.50475
23.13282100000015,static,221,0.8128443264979244,1.1548248071223093,-0.00012404793407313876,-0.0008182922887704218,46.57254930948498,66.16658752511765,0.7938676119348582,0.838686204647438,45.48526365599684,48.05317986214345,0.44999999999999996,1.6925,1.6925,-29.115,-109.50475,-109.50475
23.236588099999608,static,222,0.8128443264979244,1.1548248071223093,-6.637815258587448e-05,-0.0004378688835867457,46.57254930948498,66.16658752511765,0.7938676119348582,0.838686204647438,45.48526365599684,48.05317986214345,0.44999999999999996,1.6925,1.6925,-29.115,-109.50475,-109.50475
23.34041470000011,static,223,0.8128443264979244,1.1548248071223093,-3.5599503866514026e-05,-0.00023483502337770252,46.57254930948498,66.16658752511765,0.7938676119348582,0.838686204647438,45.48526365599684,48.05317986214345,0.44999999999999996,1.6925,1.6925,-29.115,-109.50475,-109.50475
23.443767300000218,static,224,0.8128443264979244,1.1548248071223093,-1.910986880116041e-05,-0.0001260598041897592,46.57254930948498,66.16658752511765,0.7938676119348582,0.838686204647438,45.48526365599684,48.05317986214345,0.44999999999999996,1.6925,1.6925,-29.115,-109.50475,-109.50475
23.546943199999987,static,225,0.8128443264979244,1.1548248071223093,-1.0271624135069504e-05,-6.775760423321379e-05,46.57254930948498,66.16658752511765,0.7938676119348582,0.838686204647438,45.48526365599684,48.05317986214345,0.46583037037037034,1.6766696296296295,1.6925,-30.139224962962963,-108.48052503703704,-109.50475
23.649738400000388,static,226,0.8128443264979244,1.1548248071223093,-5.519206012896627e-06,-3.640789146738894e-05,46.57254930948498,66.16658752511765,0.7938676119348582,0.838686204647438,45.48526365599684,48.05317986214345,0.5103762962962962,1.6321237037037035,1.6925,-33.02134637037037,-105.59840362962962,-109.50475
23.752877900000385,static,227,0.8128443264979244,1.1548248071223093,-2.9768885850093744e-06,-1.963728772948058e-05,46.57254930948498,66.16658752511765,0.7938676119348582,0.838686204647438,45.48526365599684,48.05317986214345,0.57922,1.5632799999999998,1.6925,-37.475533999999996,-101.14421599999999,-109.50475
23.85621859999992,static,228,0.8128443264979244,1.1548248071223093,-1.5998054142182635e-06,-1.0553246563672108e-05,46.57254930948498,66.16658752511765,0.7938676119348582,0.838686204647438,45.48526365599684,48.05317986214345,0.6679437037037037,1.4745562962962961,1.6925,-43.215957629629635,-95.40379237037037,-109.50475
23.963103400000364,static,229,0.8132137856183639,1.1545709036933478,0.0016518206391297966,-0.0011408315864175715,46.593717757788774,66.15203993023427,0.7933832233915548,0.8387949883589554,45.45751023682106,48.05941270969316,0.7721296296296295,1.3703703703703702,1.6925,-49.95678703703703,-88.66296296296296,-109.50475
24.06684210000003,static,230,0.8192156148454539,1.1488829448516475,0.027475681586033935,-0.02558531362184739,46.937597241859294,65.82614389456072,0.7844509527770204,0.8393859205742129,44.94572882913951,48.09327063160573,0.8873599999999999,1.25514,1.6925,-57.412192,-81.20755799999999,-109.50475
24.17066799999975,static,231,0.827502459952214,1.1403617662631782,0.05225286546963453,-0.05148370760425163,47.412398491955294,65.33791632496418,0.7717018130352432,0.839583986098469,44.215256929513174,48.104618950212654,1.009217037037037,1.1332829629629628,1.6925,-65.2963422962963,-73.3234077037037,-109.50475
24.27434970000013,static,232,0.8379621668083228,1.1289810618454497,0.07576503213408871,-0.07784665517429856,48.01169554975437,64.68584999394244,0.7552645058818453,0.839150620663973,43.27346860306328,48.07978893982918,1.1332829629629628,1.009217037037037,1.6925,-73.3234077037037,-65.2963422962963,-109.50475
24.377894899999774,static,233,0.8479754185540522,1.1186225737742976,0.0865559696826361,-0.08733942991361,48.585412613986676,64.09235234532882,0.7399719877418058,0.8389028071921528,42.39727185551176,48.0655902737874,1.25514,0.8873599999999999,1.6925,-81.20755799999999,-57.412192,-109.50475
24.48111330000029,static,234,0.8520460666463628,1.1144428389135497,0.06517920528693667,-0.06542130961197896,48.81864356955905,63.852871178324264,0.7337988645058491,0.8387622235506429,42.0435779476773,48.0575354244603,1.3703703703703702,0.7721296296296296,1.6925,-88.66296296296296,-49.95678703703704,-109.50475
24.58539970000038,static,235,0.8522505707178434,1.1142768926588886,0.035931446851237815,-0.03586902703604854,48.83036078974813,63.84336315830618,0.7335180780023528,0.8387873525258248,42.02749006608273,48.058975208681716,1.4745562962962961,0.6679437037037037,1.6925,-95.40379237037037,-43.215957629629635,-109.50475
24.692512200000237,static,236,0.8576849736560024,1.1065480284168012,0.04380216211634118,-0.05340059095720677,49.14172914227813,63.400531856804996,0.7238928138051,0.8369156070443691,41.476003050881765,47.95173209227162,1.56328,0.5792199999999997,1.6925,-101.144216,-37.47553399999998,-109.50475
24.79688299999998,static,237,0.882542331608068,1.0837336115447957,0.13621290431371055,-0.12670518811028275,50.565950842777454,62.09336205798702,0.6883763337455517,0.8370284128576276,39.4410586403091,47.95819538927587,1.6321237037037037,0.5103762962962961,1.6925,-105.59840362962964,-33.02134637037036,-109.50475
24.90141969999968,static,238,0.9059720916316091,1.0648633246415837,0.1818120927523206,-0.1486216295459311,51.90837720713069,61.01217426023199,0.6569363457324301,0.8380743032825001,37.639680019215334,48.01812049645421,1.6766696296296295,0.4658303703703703,1.6925,-108.48052503703704,-30.13922496296296,-109.50475
25.00592349999988,static,239,0.907174200705267,1.064011064455768,0.10254489314962487,-0.08297712623119488,51.97725298356567,60.96334334853771,0.6554034442422425,0.838192024872405,37.55185123341827,48.02486544671333,1.6925,0.44999999999999996,1.6925,-109.50475,-29.115,-109.50475
25.10976759999994,static,240,0.9074944715985067,1.063546734143333,0.056357575914978364,-0.046468897586163856,51.99560315404919,60.936739181335184,0.6548490637617228,0.838036013186393,37.520087571640055,48.01592663555012,1.6925,0.44999999999999996,1.6925,-109.50475,-29.115,-109.50475
25.21351330000016,static,241,0.907709159330377,1.0631814557361077,0.031158244642902625,-0.02651140017421786,52.007903854998595,60.91581027025392,0.6544442844874792,0.8378887075995359,37.496895427591525,48.007486647124516,1.6925,0.44999999999999996,1.6925,-109.50475,-29.115,-109.50475
25.31687249999959,static,242,0.9078437509587757,1.0628955818264894,0.017312584707951082,-0.015488281982419274,52.01561538726363,60.899430901759885,0.654155565603767,0.8377514630580403,37.48035305408909,47.99962311413561,1.6925,0.44999999999999996,1.6925,-109.50475,-29.115,-109.50475
25.422531799999888,static,243,0.9078355850878879,1.0626839856377708,0.009277830570308397,-0.009279919343597974,52.01514751732571,60.887307333185255,0.6540321790168209,0.8375793467734785,37.473283523408554,47.98976157744474,1.6925,0.44999999999999996,1.6925,-109.50475,-29.115,-109.50475
25.525952299999517,static,244,0.9078271252020347,1.0624737247810163,0.004896130990141817,-0.005865404744507599,52.01466280157116,60.87526027349642,0.653909857715908,0.8374080927672051,37.466275029121704,47.97994944566057,1.6925,0.44999999999999996,1.6925,-109.50475,-29.115,-109.50475
25.63099030000012,static,245,0.9079073763470742,1.0623943576553219,0.0029877015098897985,-0.0035033540034540237,52.01926085348302,60.870712872162045,0.6537938103975639,0.8373980085142896,37.45962600755677,47.97937166052897,1.6925,0.44999999999999996,1.6925,-109.50475,-29.115,-109.50475
25.734727600000042,static,246,0.9079004994735866,1.0621852304552863,0.0015625030857627498,-0.0027967229803668382,52.018866837655935,60.85873076621862,0.6536708717736599,0.8372286755672032,37.452582143267925,47.969669597328405,1.6925,0.44999999999999996,1.6925,-109.50475,-29.115,-109.50475
25.83834039999965,static,247,0.9078846283306241,1.0620361748141267,0.0007678570467909482,-0.0021681179638811444,52.017957488148134,60.85019050706756,0.6535924284690942,0.8371008147539305,37.448087672985245,47.962343712362774,1.6925,0.44999999999999996,1.6925,-109.50475,-29.115,-109.50475
25.94136400000025,static,248,0.908115548318758,1.0618200236095046,0.001447193272825528,-0.0021327128135096287,52.03118822887341,60.83780595530604,0.65326612450137,0.837081318102996,37.429391832796284,47.96122663654958,1.6925,0.44999999999999996,1.6925,-109.50475,-29.115,-109.50475
26.04466599999978,static,249,0.90810712540413,1.0616097596800267,0.000740418565815928,-0.0020885485677608912,52.03070563141403,60.82575871956312,0.6531438125560098,0.8369100560799134,37.42238387454311,47.95141404543608,1.6925,0.44999999999999996,1.6925,-109.50475,-29.115,-109.50475
26.14815120000003,static,250,0.9081874487152977,1.0615304101830385,0.0007569731508667871,-0.0014761615435730973,52.03530781814045,60.82121232827921,0.6530277731753995,0.8368999577039952,37.41573530777683,47.95083545111603,1.6925,0.44999999999999996,1.6925,-109.50475,-29.115,-109.50475
26.254046299999573,static,251,0.9081874487152977,1.0615304101830385,0.00040656624236425526,-0.0007928384926280553,52.03530781814045,60.82121232827921,0.6530277731753995,0.8368999577039952,37.41573530777683,47.95083545111603,1.6925,0.44999999999999996,1.6925,-109.50475,-29.115,-109.50475
26.357296500000302,static,252,0.9081874487152977,1.0615304101830385,0.00021604068361809586,-0.00042129756998527664,52.03530781814045,60.82121232827921,0.6530277731753995,0.8368999577039952,37.41573530777683,47.95083545111603,1.6925,0.44999999999999996,1.6925,-109.50475,-29.115,-109.50475
26.461759300000267,static,253,0.9081874487152977,1.0615304101830385,0.00011603165041914995,-0.00022627151305160194,52.03530781814045,60.82121232827921,0.6530277731753995,0.8368999577039952,37.41573530777683,47.95083545111603,1.6925,0.44999999999999996,1.6925,-109.50475,-29.115,-109.50475
26.56582520000029,static,254,0.9081874487152977,1.0615304101830385,6.198122930741908e-05,-0.00012086862925353491,52.03530781814045,60.82121232827921,0.6530277731753995,0.8368999577039952,37.41573530777683,47.95083545111603,1.6925,0.44999999999999996,1.6925,-109.50475,-29.115,-109.50475
26.67022730000008,static,255,0.9081874487152977,1.0615304101830385,3.32737930096845e-05,-6.488670515389437e-05,52.03530781814045,60.82121232827921,0.6530277731753995,0.8368999577039952,37.41573530777683,47.95083545111603,1.6925,0.44999999999999996,1.6925,-109.50475,-29.115,-109.50475
26.77423060000001,static,256,0.9081874487152977,1.0615304101830385,1.77722626970034e-05,-3.46574124928401e-05,52.03530781814045,60.82121232827921,0.6530277731753995,0.8368999577039952,37.41573530777683,47.95083545111603,1.6925,0.44999999999999996,1.6925,-109.50475,-29.115,-109.50475
26.883181799999875,static,257,0.9081874487152977,1.0615304101830385,9.531684541785999e-06,-1.8587589467266004e-05,52.03530781814045,60.82121232827921,0.6530277731753995,0.8368999577039952,37.41573530777683,47.95083545111603,1.6925,0.44999999999999996,1.6925,-109.50475,-29.115,-109.50475
26.986954799999694,static,258,0.9081874487152977,1.0615304101830385,4.996617286013684e-06,-9.743825493837078e-06,52.03530781814045,60.82121232827921,0.6530277731753995,0.8368999577039952,37.41573530777683,47.95083545111603,1.6925,0.44999999999999996,1.6925,-109.50475,-29.115,-109.50475
27.091470299999855,static,259,0.9081874487152977,1.0615304101830385,2.6786079781928215e-06,-5.223511670379136e-06,52.03530781814045,60.82121232827921,0.6530277731753995,0.8368999577039952,37.41573530777683,47.95083545111603,1.6925,0.44999999999999996,1.6925,-109.50475,-29.115,-109.50475
27.197631099999853,static,260,0.9081874487152977,1.0615304101830385,1.4313142355920646e-06,-2.791183582839587e-06,52.03530781814045,60.82121232827921,0.6530277731753995,0.8368999577039952,37.41573530777683,47.95083545111603,1.6925,0.44999999999999996,1.6925,-109.50475,-29.115,-109.50475
27.301965099999506,static,261,0.9081874487152977,1.0615304101830385,7.594310393326362e-07,-1.480954633562516e-06,52.03530781814045,60.82121232827921,0.6530277731753995,0.8368999577039952,37.41573530777683,47.95083545111603,1.6925,0.44999999999999996,1.6925,-109.50475,-29.115,-109.50475
27.40621850000025,static,262,0.9081874487152977,1.0615304101830385,4.0622672183827253e-07,-7.92176398941991e-07,52.03530781814045,60.82121232827921,0.6530277731753995,0.8368999577039952,37.41573530777683,47.95083545111603,1.6925,0.44999999999999996,1.6925,-109.50475,-29.115,-109.50475
27.51067570000032,static,263,0.9081874487152977,1.0615304101830385,2.1747049088939476e-07,-4.240858148605351e-07,52.03530781814045,60.82121232827921,0.6530277731753995,0.8368999577039952,37.41573530777683,47.95083545111603,1.6925,0.44999999999999996,1.6925,-109.50475,-29.115,-109.50475
27.61461859999963,static,264,0.9081874487152977,1.0615304101830385,1.1629961467413158e-07,-2.267940659688397e-07,52.03530781814045,60.82121232827921,0.6530277731753995,0.8368999577039952,37.41573530777683,47.95083545111603,1.6925,0.44999999999999996,1.6925,-109.50475,-29.115,-109.50475
27.718102300000282,static,265,0.9081874487152977,1.0615304101830385,6.229079561138388e-08,-1.2147230967809908e-07,52.03530781814045,60.82121232827921,0.6530277731753995,0.8368999577039952,37.41573530777683,47.95083545111603,1.6925,0.44999999999999996,1.6925,-109.50475,-29.115,-109.50475
27.82692390000011,static,266,0.9081874487152977,1.0615304101830385,3.294464197308489e-08,-6.424483284746027e-08,52.03530781814045,60.82121232827921,0.6530277731753995,0.8368999577039952,37.41573530777683,47.95083545111603,1.6925,0.44999999999999996,1.6925,-109.50475,-29.115,-109.50475
27.930500200000097,static,267,0.9081874487152977,1.0615304101830385,1.752199819070556e-08,-3.41693755796482e-08,52.03530781814045,60.82121232827921,0.6530277731753995,0.8368999577039952,37.41573530777683,47.95083545111603,1.6925,0.44999999999999996,1.6925,-109.50475,-29.115,-109.50475
28.038745599999856,static,268,0.9081874487152977,1.0615304101830385,9.402046280852931e-09,-1.833478391511933e-08,52.03530781814045,60.82121232827921,0.6530277731753995,0.8368999577039952,37.41573530777683,47.95083545111603,1.6925,0.44999999999999996,1.6925,-109.50475,-29.115,-109.50475
28.14236819999951,static,269,0.9081874487152977,1.0615304101830385,4.944838715008025e-09,-9.64285290952256e-09,52.03530781814045,60.82121232827921,0.6530277731753995,0.8368999577039952,37.41573530777683,47.95083545111603,1.6925,0.44999999999999996,1.6925,-109.50475,-29.115,-109.50475
28.24579619999986,static,270,0.9081874487152977,1.0615304101830385,2.6531805482570576e-09,-5.1739260355648845e-09,52.03530781814045,60.82121232827921,0.6530277731753995,0.8368999577039952,37.41573530777683,47.95083545111603,1.6925,0.46583037037037034,1.6766696296296295,-109.50475,-30.139224962962963,-108.48052503703704
28.349405199999637,static,271,0.9081874487152977,1.0615304101830385,1.425228561325386e-09,-2.779316004301437e-09,52.03530781814045,60.82121232827921,0.6530277731753995,0.8368999577039952,37.41573530777683,47.95083545111603,1.6925,0.5103762962962962,1.6321237037037035,-109.50475,-33.02134637037037,-105.59840362962962
28.452942199999598,static,272,0.9081874487152977,1.0615304101830385,7.649868759079677e-10,-1.491788983876646e-09,52.03530781814045,60.82121232827921,0.6530277731753995,0.8368999577039952,37.41573530777683,47.95083545111603,1.6925,0.57922,1.5632799999999998,-109.50475,-37.475533999999996,-101.14421599999999
28.55661400000008,static,273,0.9081874487152977,1.0615304101830385,4.1075822485545023e-10,-8.010132123492876e-10,52.03530781814045,60.82121232827921,0.6530277731753995,0.8368999577039952,37.41573530777683,47.95083545111603,1.6925,0.6679437037037037,1.4745562962962961,-109.50475,-43.215957629629635,-95.40379237037037
28.65975669999989,static,274,0.9081874487152977,1.0615304101830385,2.2055247975641766e-10,-4.300959533152614e-10,52.03530781814045,60.82121232827921,0.6530277731753995,0.8368999577039952,37.41573530777683,47.95083545111603,1.6925,0.7721296296296295,1.3703703703703702,-109.50475,-49.95678703703703,-88.66296296296296
28.767677599999843,static,275,0.9081874487152977,1.0615304101830385,1.184398019258377e-10,-2.3096761177214395e-10,52.03530781814045,60.82121232827921,0.6530277731753995,0.8368999577039952,37.41573530777683,47.95083545111603,1.6925,0.8873599999999999,1.25514,-109.50475,-57.412192,-81.20755799999999
28.871316099999603,static,276,0.9081874487152977,1.0615304101830385,6.241357772966258e-11,-1.2171174517331306e-10,52.03530781814045,60.82121232827921,0.6530277731753995,0.8368999577039952,37.41573530777683,47.95083545111603,1.6925,1.009217037037037,1.1332829629629628,-109.50475,-65.2963422962963,-73.3234077037037
28.974741500000164,static,277,0.9081874487152977,1.0615304101830385,3.349043162570683e-11,-6.530916874254198e-11,52.03530781814045,60.82121232827921,0.6530277731753995,0.8368999577039952,37.41573530777683,47.95083545111603,1.6925,1.1332829629629628,1.009217037037037,-109.50475,-73.3234077037037,-65.2963422962963
29.07823389999976,static,278,0.9081874487152977,1.0615304101830385,1.797193517822814e-11,-3.504679068644747e-11,52.03530781814045,60.82121232827921,0.6530277731753995,0.8368999577039952,37.41573530777683,47.95083545111603,1.6925,1.25514,0.8873599999999999,-109.50475,-81.20755799999999,-57.412192
29.181738100000075,static,279,0.9066957148110832,1.053630511426666,-0.006724655102125707,-0.03534201485280741,51.9498377612724,60.36858147095842,0.6494063665700645,0.8297039385633196,37.208243993390326,47.53853392505996,1.6925,1.3703703703703702,0.7721296296296296,-109.50475,-88.66296296296296,-49.95678703703704
29.28535980000015,static,280,0.9090020739380238,1.010572842922016,0.007038885156194333,-0.21165392287840246,52.08198240528757,57.901558789968604,0.6210306742727986,0.7972316930878744,35.58243658399511,45.67801130800417,1.6925,1.4745562962962961,0.6679437037037037,-109.50475,-95.40379237037037,-43.215957629629635
29.38914449999993,static,281,0.9433430641982392,0.9203636422411794,0.17697607674983754,-0.5141395236405871,54.04957621149778,52.732952317708,0.5403317033832735,0.7450576382256475,30.95872614097624,42.68865816431455,1.6925,1.56328,0.5792199999999997,-109.50475,-101.144216,-37.47553399999998
29.492807800000264,static,282,1.0069536705186142,0.7949550855185836,0.4602993957985051,-0.8211963585479867,57.69419548592346,45.54757130267627,0.424854188770669,0.6719021552844398,24.342351925013705,38.49715774354206,1.6925,1.6321237037037037,0.5103762962962961,-109.50475,-105.59840362962964,-33.02134637037036
29.599072500000148,static,283,1.1185320077466185,0.626004903381093,1.0222109553214942,-1.1492550141580427,64.08716329417554,35.86743891823151,0.2735662191296854,0.5630663040959392,15.674189773482016,32.261322810727094,1.6925,1.6766696296296295,0.4658303703703703,-109.50475,-108.48052503703704,-30.13922496296296
29.70241530000021,static,284,1.2573717103775603,0.4844113683859437,1.6620430299647926,-1.158365388075532,72.04209228377991,27.754726956671526,0.14935285006620555,0.46081243472658584,8.557287967043756,26.402607656981104,1.6925,1.6925,0.44999999999999996,-109.50475,-109.50475,-29.115
29.80604719999974,static,285,1.4540461418488944,0.34820284757489256,2.7813113950680353,-1.0925211289147767,83.31070714522228,19.950553580478456,0.04056045618071391,0.3458324340684029,2.3239429542802212,19.814738890855793,1.6925,1.6925,0.44999999999999996,-109.50475,-109.50475,-29.115
29.911055999999917,static,286,1.6973158741615464,0.21831546690532214,4.669009441129482,-0.9774997711084907,97.24903609001454,12.508554856102958,-0.027547543421186045,0.21657048723578814,-1.578357973987337,12.408574885702528,1.6925,1.6925,0.44999999999999996,-109.50475,-109.50475,-29.115
30.014021299999513,static,287,1.6973158741615464,0.0,0.0,0.0,97.24903609001454,0.0,-0.0,0.0,-0.0,0.0,1.6925,1.6925,0.44999999999999996,-109.50475,-109.50475,-29.115
30.11781719999999,static,288,1.6973158741615464,0.0,0.0,0.0,97.24903609001454,0.0,-0.0,0.0,-0.0,0.0,1.6925,1.6925,0.44999999999999996,-109.50475,-109.50475,-29.115
30.221300600000177,static,289,1.6973158741615464,0.0,0.0,0.0,97.24903609001454,0.0,-0.0,0.0,-0.0,0.0,1.6925,1.6925,0.44999999999999996,-109.50475,-109.50475,-29.115
30.328025799999523,static,290,1.6973158741615464,0.0,0.0,0.0,97.24903609001454,0.0,-0.0,0.0,-0.0,0.0,1.6925,1.6925,0.44999999999999996,-109.50475,-109.50475,-29.115
30.432364600000255,static,291,1.6973158741615464,0.0,0.0,0.0,97.24903609001454,0.0,-0.0,0.0,-0.0,0.0,1.6925,1.6925,0.44999999999999996,-109.50475,-109.50475,-29.115
30.53564329999972,static,292,1.6973158741615464,0.0,0.0,0.0,97.24903609001454,0.0,-0.0,0.0,-0.0,0.0,1.6925,1.6925,0.44999999999999996,-109.50475,-109.50475,-29.115
30.639140899999802,static,293,1.6973158741615464,0.0,0.0,0.0,97.24903609001454,0.0,-0.0,0.0,-0.0,0.0,1.6925,1.6925,0.44999999999999996,-109.50475,-109.50475,-29.115
30.74293519999992,static,294,1.6973158741615464,0.0,0.0,0.0,97.24903609001454,0.0,-0.0,0.0,-0.0,0.0,1.6925,1.6925,0.44999999999999996,-109.50475,-109.50475,-29.115
30.846332699999948,static,295,1.6973158741615464,0.0,0.0,0.0,97.24903609001454,0.0,-0.0,0.0,-0.0,0.0,1.6925,1.6925,0.44999999999999996,-109.50475,-109.50475,-29.115
30.950973400000294,static,296,1.6973158741615464,0.0,0.0,0.0,97.24903609001454,0.0,-0.0,0.0,-0.0,0.0,1.6925,1.6925,0.44999999999999996,-109.50475,-109.50475,-29.115
31.054924199999732,static,297,1.6973158741615464,0.0,0.0,0.0,97.24903609001454,0.0,-0.0,0.0,-0.0,0.0,1.6925,1.6925,0.44999999999999996,-109.50475,-109.50475,-29.115
31.159571700000015,static,298,1.6973158741615464,0.0,0.0,0.0,97.24903609001454,0.0,-0.0,0.0,-0.0,0.0,1.6925,1.6925,0.44999999999999996,-109.50475,-109.50475,-29.115
31.263180900000407,static,299,1.6973158741615464,0.0,0.0,0.0,97.24903609001454,0.0,-0.0,0.0,-0.0,0.0,1.6925,1.6925,0.44999999999999996,-109.50475,-109.50475,-29.115
31.368248300000232,static,300,1.6973158741615464,0.0,0.0,0.0,97.24903609001454,0.0,-0.0,0.0,-0.0,0.0,1.6925,1.6925,0.44999999999999996,-109.50475,-109.50475,-29.115
31.4719742999996,static,301,1.6973158741615464,0.0,0.0,0.0,97.24903609001454,0.0,-0.0,0.0,-0.0,0.0,1.6925,1.6925,0.44999999999999996,-109.50475,-109.50475,-29.115
31.57549740000013,static,302,1.6973158741615464,0.0,0.0,0.0,97.24903609001454,0.0,-0.0,0.0,-0.0,0.0,1.6925,1.6925,0.44999999999999996,-109.50475,-109.50475,-29.115
31.678846499999963,static,303,1.6973158741615464,0.0,0.0,0.0,97.24903609001454,0.0,-0.0,0.0,-0.0,0.0,1.6925,1.6925,0.44999999999999996,-109.50475,-109.50475,-29.115
31.782006899999942,static,304,1.6973158741615464,0.0,0.0,0.0,97.24903609001454,0.0,-0.0,0.0,-0.0,0.0,1.6925,1.6925,0.44999999999999996,-109.50475,-109.50475,-29.115
31.888453700000355,static,305,1.6973158741615464,0.0,0.0,0.0,97.24903609001454,0.0,-0.0,0.0,-0.0,0.0,1.6925,1.6925,0.44999999999999996,-109.50475,-109.50475,-29.115
31.992113999999674,static,306,1.6973158741615464,0.0,0.0,0.0,97.24903609001454,0.0,-0.0,0.0,-0.0,0.0,1.6925,1.6925,0.44999999999999996,-109.50475,-109.50475,-29.115
32.09560810000039,static,307,1.6973158741615464,0.0,0.0,0.0,97.24903609001454,0.0,-0.0,0.0,-0.0,0.0,1.6925,1.6925,0.44999999999999996,-109.50475,-109.50475,-29.115
32.19897839999976,static,308,1.6973158741615464,0.0,0.0,0.0,97.24903609001454,0.0,-0.0,0.0,-0.0,0.0,1.6925,1.6925,0.44999999999999996,-109.50475,-109.50475,-29.115
32.302407199999834,static,309,1.6973158741615464,0.0,0.0,0.0,97.24903609001454,0.0,-0.0,0.0,-0.0,0.0,1.6925,1.6925,0.44999999999999996,-109.50475,-109.50475,-29.115
32.40585310000006,static,310,1.6973158741615464,0.0,0.0,0.0,97.24903609001454,0.0,-0.0,0.0,-0.0,0.0,1.6925,1.6925,0.44999999999999996,-109.50475,-109.50475,-29.115
32.51128179999978,static,311,1.6973158741615464,0.0,0.0,0.0,97.24903609001454,0.0,-0.0,0.0,-0.0,0.0,1.6925,1.6925,0.44999999999999996,-109.50475,-109.50475,-29.115
32.61700659999951,static,312,1.6973158741615464,0.0,0.0,0.0,97.24903609001454,0.0,-0.0,0.0,-0.0,0.0,1.6925,1.6925,0.44999999999999996,-109.50475,-109.50475,-29.115
32.72499710000011,static,313,1.6973158741615464,0.0,0.0,0.0,97.24903609001454,0.0,-0.0,0.0,-0.0,0.0,1.6925,1.6925,0.44999999999999996,-109.50475,-109.50475,-29.115
32.8287935999997,static,314,1.6973158741615464,0.0,0.0,0.0,97.24903609001454,0.0,-0.0,0.0,-0.0,0.0,1.6925,1.6925,0.44999999999999996,-109.50475,-109.50475,-29.115
32.93295599999965,static,315,1.6973158741615464,0.0,0.0,0.0,97.24903609001454,0.0,-0.0,0.0,-0.0,0.0,1.721899259259259,1.6753955555555553,0.4487259259259259,-111.40688207407406,-108.39809244444443,-29.03256740740741
33.03759660000014,static,316,1.6973158741615464,0.0,0.0,0.0,97.24903609001454,0.0,-0.0,0.0,-0.0,0.0,1.8046274074074071,1.6272644444444442,0.44514074074074067,-116.75939325925924,-105.28400955555554,-28.80060592592592
33.14093799999955,static,317,1.6973158741615464,0.0,0.0,0.0,97.24903609001454,0.0,-0.0,0.0,-0.0,0.0,1.93248,1.5528799999999998,0.43959999999999994,-125.031456,-100.471336,-28.442119999999996
33.247910500000216,static,318,1.6973158741615464,0.0,0.0,0.0,97.24903609001454,0.0,-0.0,0.0,-0.0,0.0,2.0972525925925924,1.4570155555555555,0.4324592592592592,-135.69224274074074,-94.26890644444444,-27.980114074074073
33.351585200000045,static,319,-2.599515576803814,0.14798530778061264,1.5769376993635604e-08,0.6511864355389675,-148.94127132937433,8.478933565773607,-0.12676997601113701,-0.07634804844302438,-7.263384594412842,-4.374420949845653,2.2907407407407403,1.3444444444444443,0.424074074074074,-148.2109259259259,-86.98555555555555,-27.437592592592587
33.455089000000044,static,320,-2.7258773365939466,0.21348931092546297,-0.1844885839863352,0.6452661268153914,-156.18126685719486,12.232036487185203,-0.19530593054625578,-0.08621646810725961,-11.190205534175641,-4.93983974707024,2.50474,1.2199399999999998,0.41479999999999995,-162.056678,-78.930118,-26.837559999999996
33.55812630000037,static,321,-2.7139771815870244,0.2764611338510375,-0.05031882362532985,0.6284393322681727,-155.49943819974675,15.840056169065784,-0.2515678005551214,-0.11464903075935672,-14.413773233197304,-6.568905587776696,2.731045925925926,1.0882755555555554,0.40499259259259257,-176.69867140740743,-70.41142844444444,-26.20302074074074
33.662133199999516,static,322,-2.670082959590495,0.35322672391251825,0.09076684697928922,0.682511898477114,-152.98448453433528,20.238400491420048,-0.31468387871742015,-0.1604467979154785,-18.030058131314846,-9.192924356945333,2.961454074074074,0.9542244444444443,0.39500740740740736,-191.60607859259258,-61.73832155555555,-25.556979259259258
33.76752719999968,static,323,-2.6545393312282077,0.46280403367284656,0.07774745688696832,0.8547871815695157,-152.0939002308564,26.516717871084545,-0.40898724092326116,-0.21660334795620217,-23.433242779603052,-12.410457666294011,3.18776,0.82256,0.3852,-206.248072,-53.219632,-24.92244
33.87176100000033,static,324,-2.6572554253173015,0.595261519443861,0.024881254261427004,1.0423674593992145,-152.2495209589219,34.10597277067782,-0.5267967684352062,-0.2771668113191727,-30.183231492467858,-15.880488509687408,3.401759259259259,0.6980555555555557,0.3759259259259259,-220.09382407407406,-45.164194444444455,-24.322407407407407
33.97771439999997,static,325,-2.6562185462959205,0.7491261489649456,0.013491264797283816,1.2448065691156527,-152.1901121671311,42.92176665857998,-0.6626024347869115,-0.34949678178419097,-37.96432300838239,-20.02469054963885,3.5952474074074074,0.5854844444444445,0.3675407407407407,-232.61250725925927,-37.88084355555556,-23.779885925925925
34.082273500000156,static,326,-2.644704844736955,0.8459124516888495,0.04248969760465378,1.0901417842994687,-151.5304256612292,48.46721331933522,-0.7436165747585217,-0.40323971241265916,-42.60609130963776,-23.103933653314446,3.7600200000000004,0.48961999999999983,0.3604,-243.27329400000002,-31.67841399999999,-23.317880000000002
34.18725340000037,static,327,-2.6285531779658795,0.9005895813970198,0.07826051322064752,0.8249401852802125,-150.60500332314487,51.59998208750275,-0.7846446848623193,-0.44203428898465674,-44.95682885998341,-25.326699158887006,3.8878725925925925,0.41523555555555547,0.35485925925925926,-251.54535674074074,-26.86574044444444,-22.959394074074076
34.29232789999969,static,328,-2.640760977546912,0.9218292309731745,-0.00641874997567686,0.5353294458002307,-151.3044587162796,52.816924366553245,-0.8086134204458306,-0.4426211329698218,-46.330136249183646,-25.360322842469603,3.970600740740741,0.36710444444444434,0.351274074074074,-256.89786792592594,-23.75165755555555,-22.72743259259259
34.39922480000041,static,329,-2.6984973209229652,0.950390153881047,-0.23400225487042178,0.41766980086238514,-154.61250751624556,54.45334470817285,-0.8586099376947903,-0.40746830488491786,-49.194725677902056,-23.34621415525566,4.0,0.35,0.35,-258.8,-22.645,-22.645
34.505457500000375,static,330,-2.8143611561282107,1.0780372801195377,-0.5343645181182981,0.8244518234609962,-161.25101627170542,61.766986308612,-1.0208321274944823,-0.34650562016022124,-58.4893724967946,-19.85330961274389,4.0,0.35,0.35,-258.8,-22.645,-22.645
34.61089699999957,static,331,-2.889331749417146,1.1546592052152733,-0.5450659229281746,0.8116927549649103,-165.5465148547532,66.15709923476517,-1.1181149216441362,-0.2881959440816162,-64.06326602080975,-16.512411268664884,4.0,0.35,0.35,-258.8,-22.645,-22.645
34.7175471999999,static,332,-2.939318504511834,1.1849416375439668,-0.47981163752596856,0.588600937710078,-168.41054495323291,67.89215480058984,-1.160783332089955,-0.2380519698039042,-66.50798585788708,-13.639373174539426,4.0,0.35,0.35,-258.8,-22.645,-22.645
34.82325169999967,static,333,-2.9747110683937414,1.195597035660249,-0.3960098445105986,0.371334622664572,-170.43838948981335,68.50266414168445,-1.1789872691642198,-0.19859831527047378,-67.55099462276418,-11.378845283406676,4.0,0.35,0.35,-258.8,-22.645,-22.645
34.92811249999977,static,334,-3.001240049173118,1.2011407009235429,-0.32302643062067676,0.23110675624320332,-171.95838812325533,68.82029276430447,-1.1893295614707533,-0.16803028782599164,-68.14356432241917,-9.627426322797778,4.0,0.35,0.35,-258.8,-22.645,-22.645
35.03560809999999,static,335,-3.0139366089154938,1.2026962472071128,-0.22760771342255734,0.13351734672227794,-172.68584741082915,68.90941900119029,-1.1929099393464258,-0.15311479240941758,-68.34870486375722,-8.77283138608136,4.0,0.35,0.35,-258.8,-22.645,-22.645
35.139950699999645,static,336,-3.014642246071724,1.201640982373351,-0.12317682850731024,0.06586548057184441,-172.72627744174878,68.84895677994716,-1.1919709131251068,-0.1521393860342912,-68.29490262442353,-8.716944717476464,4.0,0.35,0.35,-258.8,-22.645,-22.645
35.244508400000086,static,337,-3.0147027944376896,1.2003791193625473,-0.06626059750127407,0.029627434666136113,-172.729746607575,68.77665735510443,-1.1907284047485946,-0.15190752557550097,-68.22371213843972,-8.703660091751818,4.0,0.35,0.35,-258.8,-22.645,-22.645
35.34894780000013,static,338,-3.014521062310549,1.1991016490334778,-0.034582534788640054,0.010119561912546012,-172.7193341236879,68.70346369679557,-1.189433608185969,-0.15196202299427458,-68.14952576007323,-8.706782563841902,4.0,0.35,0.35,-258.8,-22.645,-22.645
35.45315699999992,static,339,-3.0145786520877853,1.1981259983931867,-0.01879661050069499,0.0010667922110905888,-172.72263377486667,68.64756303282765,-1.1884745663274703,-0.15176993515977225,-68.09457670920487,-8.69577674162911,4.0,0.35,0.35,-258.8,-22.645,-22.645
35.557435599999735,static,340,-3.0145336773078575,1.1970803254836602,-0.009849228398718437,-0.004085507349672376,-172.72005690979225,68.58765038836061,-1.1874304957102206,-0.15169088145780346,-68.03475586932285,-8.691247298151415,4.0,0.35,0.35,-258.8,-22.645,-22.645
35.661497000000054,static,341,-3.014458653968122,1.1961711908464978,-0.004942408584852757,-0.006244403877277843,-172.71575838906045,68.53556081064205,-1.186517314680097,-0.1516646952176426,-67.98243445036535,-8.68974693710888,4.0,0.35,0.35,-258.8,-22.645,-22.645
35.76655149999988,static,342,-3.01445795902208,1.1957811353918637,-0.0026463892174874303,-0.005088291199637591,-172.71571857158526,68.51321227931547,-1.18613030186089,-0.15161606368208125,-67.96026024920734,-8.686960555369975,4.0,0.35,0.35,-258.8,-22.645,-22.645
35.87052349999976,static,343,-3.0144086224451243,1.1949939403114191,-0.0011926863176082985,-0.006211847436867717,-172.71289179395006,68.46810932355253,-1.185341983287991,-0.15157473416075656,-67.91509292206844,-8.684592548228775,4.0,0.35,0.35,-258.8,-22.645,-22.645
35.97437329999957,static,344,-3.014467659522077,1.1944073272542968,-0.0009025447440208213,-0.005942838927320119,-172.71627436929424,68.43449887117215,-1.1847690503719068,-0.1514303822870524,-67.8822662840327,-8.676321795100721,4.0,0.35,0.35,-258.8,-22.645,-22.645
36.07892009999978,static,345,-3.01437504885617,1.1938974156282647,-6.986142491972406e-05,-0.0054610875137197186,-172.71096816899987,68.40528308707586,-1.1842492303207315,-0.1514754089897257,-67.85248278899408,-8.678901635129291,4.0,0.35,0.35,-258.8,-22.645,-22.645
36.18305059999966,static,346,-3.014490973313329,1.193462703202196,-0.0005538628529583222,-0.004852474823366727,-172.71761015113742,68.38037589976024,-1.1838355762715813,-0.15128302048949932,-67.82878215779927,-8.667878586039468,4.0,0.35,0.35,-258.8,-22.645,-22.645
36.29142700000011,static,347,-3.0145855290515793,1.193035801583492,-0.0007200100105259869,-0.0045097449282678805,-172.72302779586792,68.35591623874119,-1.1834264125468235,-0.15111700746944792,-67.8053388032408,-8.658366740646303,4.0,0.35,0.35,-258.8,-22.645,-22.645
36.39694640000016,static,348,-3.0146310327699894,1.1927576255884265,-0.0005777943552249549,-0.003587624191331004,-172.72563496688497,68.33997792826209,-1.1831573506969708,-0.1510279341415558,-67.78992269481625,-8.653263214890899,4.0,0.35,0.35,-258.8,-22.645,-22.645
36.50057529999958,static,349,-3.0147517574368385,1.1924258577179736,-0.0008429698107242426,-0.0033791417578728986,-172.73255198077854,68.32096902950708,-1.1828464722677572,-0.15084312777905093,-67.77211067288066,-8.642674590292206,4.0,0.35,0.35,-258.8,-22.645,-22.645
36.604705800000374,static,350,-3.0147486090926137,1.1920364514555464,-0.0004378786811235852,-0.0035503364618155934,-172.732371593942,68.29865769415404,-1.1824597195542323,-0.15079759026740902,-67.74995137468045,-8.640065483065596,4.0,0.35,0.35,-258.8,-22.645,-22.645
36.70859250000012,static,351,-3.0148924107715342,1.1917227902716503,-0.0008781176930058541,-0.0033063151222002827,-172.74061082323104,68.28068623211972,-1.1821702453187142,-0.15058791430901464,-67.73336572270749,-8.628051935584237,4.0,0.35,0.35,-258.8,-22.645,-22.645
36.820082600000205,static,352,-3.0149369157705315,1.1914425267128363,-0.0006698261588542151,-0.003024641603660839,-172.74316077184082,68.26462831304836,-1.1818989274492402,-0.15049989951559273,-67.71782035388014,-8.623009059386446,4.0,0.35,0.35,-258.8,-22.645,-22.645
36.926672399999916,static,353,-3.0149369157705315,1.1914425267128363,-0.00034648853968797583,-0.0015645905112523907,-172.74316077184082,68.26462831304836,-1.1818989274492402,-0.15049989951559273,-67.71782035388014,-8.623009059386446,4.0,0.35,0.35,-258.8,-22.645,-22.645
37.03872799999954,static,354,-3.0149369157705315,1.1914425267128363,-0.00018002888334865954,-0.0008129315991008836,-172.74316077184082,68.26462831304836,-1.1818989274492402,-0.15049989951559273,-67.71782035388014,-8.623009059386446,4.0,0.35,0.35,-258.8,-22.645,-22.645
37.150109399999565,static,355,-3.0149369157705315,1.1914425267128363,-9.37329447590681e-05,-0.0004232569310772843,-172.74316077184082,68.26462831304836,-1.1818989274492402,-0.15049989951559273,-67.71782035388014,-8.623009059386446,4.0,0.35,0.35,-258.8,-22.645,-22.645
37.25593109999954,static,356,-3.0149369157705315,1.1914425267128363,-4.917565887086671e-05,-0.00022205574049643685,-172.74316077184082,68.26462831304836,-1.1818989274492402,-0.15049989951559273,-67.71782035388014,-8.623009059386446,4.0,0.35,0.35,-258.8,-22.645,-22.645
37.36009819999981,static,357,-3.0149369157705315,1.1914425267128363,-2.620367932071404e-05,-0.00011832434071848302,-172.74316077184082,68.26462831304836,-1.1818989274492402,-0.15049989951559273,-67.71782035388014,-8.623009059386446,4.0,0.35,0.35,-258.8,-22.645,-22.645
37.465813900000285,static,358,-3.0149369157705315,1.1914425267128363,-1.4005822105105837e-05,-6.324415920847276e-05,-172.74316077184082,68.26462831304836,-1.1818989274492402,-0.15049989951559273,-67.71782035388014,-8.623009059386446,4.0,0.35,0.35,-258.8,-22.645,-22.645
37.57358269999986,static,359,-3.0149369157705315,1.1914425267128363,-7.440670500319545e-06,-3.359880956709038e-05,-172.74316077184082,68.26462831304836,-1.1818989274492402,-0.15049989951559273,-67.71782035388014,-8.623009059386446,4.0,0.35,0.35,-258.8,-22.645,-22.645
37.68425610000031,static,360,-3.0149369157705315,1.1914425267128363,-3.8932015079449465e-06,-1.757999310225251e-05,-172.74316077184082,68.26462831304836,-1.1818989274492402,-0.15049989951559273,-67.71782035388014,-8.623009059386446,3.9832891139896165,0.36798496008445764,0.35,-257.7188056751282,-23.80862691746441,-22.645
37.88523290000012,static,361,-3.019061763628621,1.2185301874815193,-0.014191988755910923,0.0953344794912961,-172.97949714524293,69.816636951976,-1.2093942306969758,-0.1489342558332924,-69.29318518640774,-8.533304284169315,3.936265458006909,0.41859380125235013,0.35,-254.67637513304703,-27.083018941027053,-22.645
38.00343929999963,static,362,-3.021686758179022,1.2539169147249059,-0.015310902591637877,0.17147774486845258,-173.12989825422576,71.84414707380266,-1.2449136620308832,-0.1499920101941524,-71.32829869254536,-8.593909144808151,3.8635925351245435,0.4968074648754568,0.35,-249.97443702255796,-32.14344297744206,-22.645
38.11275529999966,static,363,-3.0216422154475424,1.2524783498399072,-0.00777274981856626,0.08284898831351371,-173.127346143704,71.76172337733651,-1.2434787515675192,-0.14987531890801975,-71.24608437901544,-8.587223226606797,3.769933848415184,0.5976068923255566,0.35,-243.9147199924624,-38.66516593346351,-22.645
38.2540812999996,static,364,-3.0216210449836987,1.252098350045665,-0.003847320559950332,0.04033700324662917,-173.1261331654754,71.7399509929106,-1.2430983099901067,-0.1498561639934006,-71.22428668227842,-8.586125730842188,3.6599529009514966,0.7159730249744292,0.35,-236.79895269156185,-46.32345471584557,-22.645
38.362695699999676,static,365,-3.0216210449836987,1.252098350045665,-0.0018157409594861454,0.019037027935820284,-173.1261331654754,71.7399509929106,-1.2430983099901067,-0.1498561639934006,-71.22428668227842,-8.586125730842188,3.538313195806146,0.8468868041938538,0.35,-228.92886376865766,-54.79357623134234,-22.645
38.47274670000024,static,366,-3.0216210449836987,1.252098350045665,-0.0009489302983663145,0.00994900319055321,-173.1261331654754,71.7399509929106,-1.2430983099901067,-0.1498561639934006,-71.22428668227842,-8.586125730842188,3.409678236051798,0.9853291713556092,0.35,-220.60618187255136,-63.750797386707916,-22.645
38.590594899999815,static,367,-3.0216210449836987,1.252098350045665,-0.0004802797358508647,0.005035464282850563,-173.1261331654754,71.7399509929106,-1.2430983099901067,-0.1498561639934006,-71.22428668227842,-8.586125730842188,3.2787115247611176,1.126281067831475,0.35,-212.1326356520443,-72.87038508869644,-22.645
38.70277030000034,static,368,-3.0216210449836987,1.252098350045665,-0.0002475307227561747,0.0025952211186647733,-173.1261331654754,71.7399509929106,-1.2430983099901067,-0.1498561639934006,-71.22428668227842,-8.586125730842188,3.1500765650067692,1.2647234349932304,0.35,-203.80995375593798,-81.82760624406201,-22.645
38.813065899999856,static,369,-3.0216210449836987,1.252098350045665,-0.00012920162752394138,0.0013546067679294903,-173.1261331654754,71.7399509929106,-1.2430983099901067,-0.1498561639934006,-71.22428668227842,-8.586125730842188,3.028436859861419,1.3956372142126547,0.35,-195.93986483303382,-90.29772775955877,-22.645
38.92341860000033,static,370,-3.021374002758703,1.2520603135300277,0.0010080135345663815,0.0005422926274253592,-173.11197868862163,71.73777166109718,-1.2430234892725553,-0.15015869549777217,-71.21999977094258,-8.60345950921242,2.918455912397732,1.5140033468615273,0.35,-188.82409753213327,-97.95601654194081,-22.645
39.03589879999981,static,371,-2.996085418093845,1.2465394749214909,0.1098693663220112,-0.021750063664965128,-171.66304951746602,71.42145090945515,-1.2333666526810831,-0.18074114803167166,-70.66670379080372,-10.355704966564032,2.824797225688372,1.6148027743116276,0.35,-182.76438050203768,-104.4777394979623,-22.645
39.1452575000003,static,372,-2.988352332075015,1.2444940350424867,0.09124134846198602,-0.01954285821225499,-171.2199763259754,71.30425583714046,-1.2299106311858305,-0.189961160641859,-70.46868834521926,-10.883972776185164,2.7521243028060067,1.6930164379347339,0.35,-178.06244239154864,-109.53816353437729,-22.645
39.2547198000002,static,373,-2.9880061097153137,1.2446022777421777,0.04927366123078078,-0.009737543828821558,-171.2001392459915,71.31045768699586,-1.2299517572193737,-0.19040353114895608,-70.4710446933694,-10.90931873922289,2.705100646823299,1.7436252791026263,0.35,-175.02001184946747,-112.81255555793993,-22.645
39.3646404000001,static,374,-2.988023587553514,1.244591265159619,0.025679758889875347,-0.005138420792452456,-171.20114065235538,71.3098267124937,-1.229944201893448,-0.19038034966957576,-70.470611805081,-10.907990538291529,2.6883897608129157,1.761610239187084,0.35,-173.93881752459566,-113.97618247540434,-22.645
39.474039200000334,static,375,-2.988023587553514,1.244591265159619,0.013331927561442207,-0.002667667328145896,-171.20114065235538,71.3098267124937,-1.229944201893448,-0.19038034966957576,-70.470611805081,-10.907990538291529,2.6883897608129157,1.761610239187084,0.35,-173.93881752459566,-113.97618247540434,-22.645
39.587992400000076,static,376,-2.988023587553514,1.244591265159619,0.007019294597836849,-0.0014045337989561295,-171.20114065235538,71.3098267124937,-1.229944201893448,-0.19038034966957576,-70.470611805081,-10.907990538291529,2.6883897608129157,1.761610239187084,0.35,-173.93881752459566,-113.97618247540434,-22.645
39.69346359999963,static,377,-2.988023587553514,1.244591265159619,0.0036007938946980896,-0.0007205049820443361,-171.20114065235538,71.3098267124937,-1.229944201893448,-0.19038034966957576,-70.470611805081,-10.907990538291529,2.6883897608129157,1.761610239187084,0.35,-173.93881752459566,-113.97618247540434,-22.645
39.800810400000046,static,378,-2.988023587553514,1.244591265159619,0.0019160633020209187,-0.0003833968828516204,-171.20114065235538,71.3098267124937,-1.229944201893448,-0.19038034966957576,-70.470611805081,-10.907990538291529,2.6883897608129157,1.761610239187084,0.35,-173.93881752459566,-113.97618247540434,-22.645
39.90742560000035,static,379,-2.988023587553514,1.244591265159619,0.001010037204100016,-0.00020210455218659795,-171.20114065235538,71.3098267124937,-1.229944201893448,-0.19038034966957576,-70.470611805081,-10.907990538291529,2.6883897608129157,1.761610239187084,0.35,-173.93881752459566,-113.97618247540434,-22.645
40.01845580000008,static,380,-2.988023587553514,1.244591265159619,0.0005360555482227363,-0.00010726264941619858,-171.20114065235538,71.3098267124937,-1.229944201893448,-0.19038034966957576,-70.470611805081,-10.907990538291529,2.6883897608129157,1.761610239187084,0.35,-173.93881752459566,-113.97618247540434,-22.645
40.125079899999946,static,381,-2.988023587553514,1.244591265159619,0.00027822783852831685,-5.5672318290210674e-05,-171.20114065235538,71.3098267124937,-1.229944201893448,-0.19038034966957576,-70.470611805081,-10.907990538291529,2.6883897608129157,1.761610239187084,0.35,-173.93881752459566,-113.97618247540434,-22.645
40.231000499999936,static,382,-2.988023587553514,1.244591265159619,0.00014741231104932037,-2.9496635362022018e-05,-171.20114065235538,71.3098267124937,-1.229944201893448,-0.19038034966957576,-70.470611805081,-10.907990538291529,2.6883897608129157,1.761610239187084,0.35,-173.93881752459566,-113.97618247540434,-22.645
40.342275099999824,static,383,-2.988023587553514,1.244591265159619,7.801110059745979e-05,-1.5609720600224577e-05,-171.20114065235538,71.3098267124937,-1.229944201893448,-0.19038034966957576,-70.470611805081,-10.907990538291529,2.6883897608129157,1.761610239187084,0.35,-173.93881752459566,-113.97618247540434,-22.645
40.44736540000031,static,384,-2.988023587553514,1.244591265159619,4.058844907711849e-05,-8.121592245692444e-06,-171.20114065235538,71.3098267124937,-1.229944201893448,-0.19038034966957576,-70.470611805081,-10.907990538291529,2.6883897608129157,1.761610239187084,0.35,-173.93881752459566,-113.97618247540434,-22.645
40.553201900000204,static,385,-2.988023587553514,1.244591265159619,2.163000342509532e-05,-4.328080330386119e-06,-171.20114065235538,71.3098267124937,-1.229944201893448,-0.19038034966957576,-70.470611805081,-10.907990538291529,2.6883897608129157,1.761610239187084,0.35,-173.93881752459566,-113.97618247540434,-22.645
40.660031999999774,static,386,-2.988023587553514,1.244591265159619,1.1488765130587508e-05,-2.298857628678466e-06,-171.20114065235538,71.3098267124937,-1.229944201893448,-0.19038034966957576,-70.470611805081,-10.907990538291529,2.6883897608129157,1.761610239187084,0.35,-173.93881752459566,-113.97618247540434,-22.645
40.76724329999979,static,387,-2.988023587553514,1.244591265159619,6.07824002930635e-06,-1.2162324063104225e-06,-171.20114065235538,71.3098267124937,-1.229944201893448,-0.19038034966957576,-70.470611805081,-10.907990538291529,2.6883897608129157,1.761610239187084,0.35,-173.93881752459566,-113.97618247540434,-22.645
40.87566439999955,static,388,-2.988023587553514,1.244591265159619,3.2048846615592825e-06,-6.412850701982624e-07,-171.20114065235538,71.3098267124937,-1.229944201893448,-0.19038034966957576,-70.470611805081,-10.907990538291529,2.6883897608129157,1.761610239187084,0.35,-173.93881752459566,-113.97618247540434,-22.645
40.98191179999958,static,389,-2.988023587553514,1.244591265159619,1.6900139230719412e-06,-3.3816527324447776e-07,-171.20114065235538,71.3098267124937,-1.229944201893448,-0.19038034966957576,-70.470611805081,-10.907990538291529,2.6883897608129157,1.761610239187084,0.35,-173.93881752459566,-113.97618247540434,-22.645
41.08848490000037,static,390,-2.988023587553514,1.244591265159619,8.960671053675101e-07,-1.7929957463379625e-07,-171.20114065235538,71.3098267124937,-1.229944201893448,-0.19038034966957576,-70.470611805081,-10.907990538291529,2.6883897608129157,1.761610239187084,0.35,-173.93881752459566,-113.97618247540434,-22.645
41.19792080000025,static,391,-2.988023587553514,1.244591265159619,4.742337836453167e-07,-9.489235256516547e-08,-171.20114065235538,71.3098267124937,-1.229944201893448,-0.19038034966957576,-70.470611805081,-10.907990538291529,2.6883897608129157,1.761610239187084,0.35,-173.93881752459566,-113.97618247540434,-22.645
41.3036376,static,392,-2.988023587553514,1.244591265159619,2.4796915873395546e-07,-4.961767307043764e-08,-171.20114065235538,71.3098267124937,-1.229944201893448,-0.19038034966957576,-70.470611805081,-10.907990538291529,2.6883897608129157,1.761610239187084,0.35,-173.93881752459566,-113.97618247540434,-22.645
41.40954679999959,static,393,-2.988023587553514,1.244591265159619,1.3198203050529565e-07,-2.6409095688429074e-08,-171.20114065235538,71.3098267124937,-1.229944201893448,-0.19038034966957576,-70.470611805081,-10.907990538291529,2.6883897608129157,1.761610239187084,0.35,-173.93881752459566,-113.97618247540434,-22.645
41.513614999999845,static,394,-2.988023587553514,1.244591265159619,6.998741319169543e-08,-1.4004211671004306e-08,-171.20114065235538,71.3098267124937,-1.229944201893448,-0.19038034966957576,-70.470611805081,-10.907990538291529,2.6883897608129157,1.761610239187084,0.35,-173.93881752459566,-113.97618247540434,-22.645
41.61929940000027,static,395,-2.988023587553514,1.244591265159619,3.754803697087897e-08,-7.513217499990104e-09,-171.20114065235538,71.3098267124937,-1.229944201893448,-0.19038034966957576,-70.470611805081,-10.907990538291529,2.6883897608129157,1.761610239187084,0.35,-173.93881752459566,-113.97618247540434,-22.645
41.72636869999951,static,396,-2.988023587553514,1.244591265159619,1.9951974762097195e-08,-3.99231326149513e-09,-171.20114065235538,71.3098267124937,-1.229944201893448,-0.19038034966957576,-70.470611805081,-10.907990538291529,2.6883897608129157,1.761610239187084,0.35,-173.93881752459566,-113.97618247540434,-22.645
41.83065110000007,static,397,-2.988023587553514,1.244591265159619,1.0539063179038674e-08,-2.108825928014982e-09,-171.20114065235538,71.3098267124937,-1.229944201893448,-0.19038034966957576,-70.470611805081,-10.907990538291529,2.6883897608129157,1.761610239187084,0.35,-173.93881752459566,-113.97618247540434,-22.645
41.93802090000008,static,398,-2.988023587553514,1.244591265159619,5.644525651158509e-09,-1.1294478306367342e-09,-171.20114065235538,71.3098267124937,-1.229944201893448,-0.19038034966957576,-70.470611805081,-10.907990538291529,2.6883897608129157,1.761610239187084,0.35,-173.93881752459566,-113.97618247540434,-22.645
42.04558050000014,static,399,-2.988023587553514,1.244591265159619,2.9615092905274244e-09,-5.925865963440553e-10,-171.20114065235538,71.3098267124937,-1.229944201893448,-0.19038034966957576,-70.470611805081,-10.907990538291529,2.6883897608129157,1.761610239187084,0.35,-173.93881752459566,-113.97618247540434,-22.645
42.208698299999924,static,400,-2.988023587553514,1.244591265159619,1.3091260395964555e-09,-2.619510755786544e-10,-171.20114065235538,71.3098267124937,-1.229944201893448,-0.19038034966957576,-70.470611805081,-10.907990538291529,2.6883897608129157,1.761610239187084,0.35,-173.93881752459566,-113.97618247540434,-22.645
42.36489580000034,static,401,-2.988023587553514,1.244591265159619,5.504866395157353e-10,-1.1015025517121055e-10,-171.20114065235538,71.3098267124937,-1.229944201893448,-0.19038034966957576,-70.470611805081,-10.907990538291529,2.6883897608129157,1.761610239187084,0.35,-173.93881752459566,-113.97618247540434,-22.645
42.47748969999975,static,402,-2.988023587553514,1.244591265159619,2.818126064575531e-10,-5.6389616538324926e-11,-171.20114065235538,71.3098267124937,-1.229944201893448,-0.19038034966957576,-70.470611805081,-10.907990538291529,2.6883897608129157,1.761610239187084,0.35,-173.93881752459566,-113.97618247540434,-22.645
42.58282739999959,static,403,-2.988023587553514,1.244591265159619,1.4875531546853108e-10,-2.9765365370805246e-11,-171.20114065235538,71.3098267124937,-1.229944201893448,-0.19038034966957576,-70.470611805081,-10.907990538291529,2.6883897608129157,1.761610239187084,0.35,-173.93881752459566,-113.97618247540434,-22.645
42.68805689999954,static,404,-2.988023587553514,1.244591265159619,7.934085817611218e-11,-1.5875799967261096e-11,-171.20114065235538,71.3098267124937,-1.229944201893448,-0.19038034966957576,-70.470611805081,-10.907990538291529,2.6883897608129157,1.761610239187084,0.35,-173.93881752459566,-113.97618247540434,-22.645
42.794189899999765,static,405,-2.988023587553514,1.244591265159619,4.224998427375498e-11,-8.454059035524906e-12,-171.20114065235538,71.3098267124937,-1.229944201893448,-0.19038034966957576,-70.470611805081,-10.907990538291529,2.6585969431195955,1.79012898280633,0.35,-172.01122221983783,-115.82134518756956,-22.645
42.90024569999969,static,406,-2.988023587553514,1.244591265159619,2.2412377794360747e-11,-4.484630426660595e-12,-171.20114065235538,71.3098267124937,-1.229944201893448,-0.19038034966957576,-70.470611805081,-10.907990538291529,2.5747613398430436,1.8703794008976966,0.35,-166.58705868784492,-121.01354723808097,-22.645
43.008780500000285,static,407,-2.9870291506267646,1.244040299878689,0.004409087943832505,-0.002439035794579459,-171.14416361346068,71.27825872723818,-1.2292098753996463,-0.19151853681104689,-70.42853799620153,-10.973203857793882,2.4451972256883727,1.9944027743116275,0.35,-158.20426050203773,-129.0378594979623,-22.645
43.11429870000029,static,408,-2.985861138998254,1.243431056899848,0.007416497171705768,-0.003931876533514024,-171.07724147672482,71.24335167585261,-1.2283834709725394,-0.1928596419796775,-70.38118851035738,-11.050043523839598,2.2782188753606945,2.154240383898564,0.35,-147.40076123583694,-139.3793528382371,-22.645
43.21863730000041,static,409,-2.9510800110011295,1.2341656253496205,0.15965540196130798,-0.0397375625103644,-169.08442963578528,70.71248155265722,-1.2118362233296693,-0.23370442576190895,-69.43310105786313,-13.390277249685852,2.0821405635651224,2.3419335105089507,0.35,-134.71449446266342,-151.5230981299291,-22.645
43.32475780000004,static,410,-2.8849928469102992,1.2216687548220173,0.3839932910327462,-0.05785101015574779,-165.29791405339216,69.99646361430413,-1.181669503976018,-0.3100511730044727,-67.70467535714329,-17.76462364623681,1.865276565006769,2.5495234349932305,0.35,-120.68339375593797,-164.954166244062,-22.645
43.430028499999935,static,411,-2.8307339770363797,1.2276358155714653,0.44279453805802954,0.017195931267243187,-162.18910980846707,70.33835101134567,-1.1687967926428837,-0.37550466466014043,-66.96712332686447,-21.514832472501322,1.635941154390747,2.769051438201845,0.35,-105.84539268908134,-179.1576280516594,-22.645
43.53449379999984,static,412,-2.7995806529601834,1.250892340941502,0.36643526340322896,0.12391827611058948,-160.4041558210977,71.6708517611877,-1.1784428850661868,-0.41952832474457935,-67.51980371151285,-24.037202394058216,1.4024486064221686,2.992558800985239,0.35,-90.73842483551431,-193.61855442374497,-22.645
43.639277799999945,static,413,-2.7798134548142466,1.2748319166955613,0.27806883923657455,0.17914691984059358,-159.2715787945367,73.04248841522902,-1.1923102324013652,-0.45121250596219137,-68.31434418686057,-25.85257225515506,1.1731131958061463,3.2120868041938535,0.35,-75.90042376865766,-207.82201623134233,-22.645
43.74313019999954,static,414,-2.73954956865002,1.2852703699973642,0.3213058297059904,0.1540004453373945,-156.96462805053133,73.64056773406672,-1.1827873544672756,-0.5029254399068166,-67.76872347241897,-28.815505116420898,0.9562491972477931,3.419676728678133,0.35,-61.86932306193222,-221.2530843454752,-22.645
43.85285589999967,static,415,-2.6347485232353463,1.2976484767184404,0.6259438866623287,0.19208213673404181,-150.95997045971166,74.3497810075469,-1.1345091260141225,-0.6299052405881072,-65.00258473968489,-36.09091177887126,0.7601708854522211,3.6073698552885194,0.35,-49.183056288758706,-233.3968296371672,-22.645
43.95839599999999,static,416,-2.511527327847726,1.2793475397480933,0.8626735406994986,0.1149565280514135,-143.89991601744413,73.30121455801108,-1.0336987652253493,-0.7537884253761711,-59.22657653529706,-43.188895419866604,0.593192535124543,3.767207464875457,0.35,-38.37955702255793,-243.7383229774421,-22.645
44.06578730000001,static,417,-2.312977031355703,1.1808409312783128,1.425870683667875,-0.1496405110674674,-132.52382200738006,67.657201638545,-0.798126475483217,-0.8702754932289951,-45.72927856283991,-49.86311277568747,0.4636284209698719,3.8912308382893874,0.35,-29.99675883675071,-251.76263523732337,-22.645
44.173519699999815,static,418,-2.091621082122076,1.1002671972680758,1.8369416067636988,-0.10942009568378709,-119.84106034618114,63.04066674014872,-0.5474882341994008,-0.9543817573682811,-31.368765152695648,-54.68204674148107,0.37979281769332,3.971481256380754,0.35,-24.572595304757805,-256.95483728783483,-22.645
44.279518199999984,static,419,-1.8069679364046771,1.0973284105563539,2.182015178404949,0.42512797308940076,-103.53163647145175,62.87228666467793,-0.2567553513880964,-1.0668675316775316,-14.710998001936348,-61.12700686466222,0.35,4.0,0.35,-22.645,-258.8,-22.645
44.3862766000002,static,420,-1.5178171767928355,1.1686955250048048,2.175541585131036,1.0978912452712801,-86.96451830269139,66.96132111860129,0.06188753515368133,-1.16705576694469,3.545894568773457,-66.86736990233415,0.35,4.0,0.35,-22.645,-258.8,-22.645
44.495031200000085,static,421,-1.2731040668217357,1.319603079854443,1.8281787847845545,1.708113422388654,-72.9434899098266,75.60768710812452,0.38705905200993496,-1.2615615635467425,22.176850102503895,-72.28215318715355,0.35,4.0,0.35,-22.645,-258.8,-22.645
44.60105599999952,static,422,-1.1579581000036239,1.386758280440048,1.3091979018438953,1.3661976506763873,-66.34611198319537,79.45539667403418,0.5563822824422361,-1.27025087449425,31.878356579795852,-72.78001403132255,0.35,4.0,0.35,-22.645,-258.8,-22.645
44.70744689999992,static,423,-1.099501872854078,1.3824441161597987,0.9246354597987078,0.7717612784609715,-62.99681688126832,79.20821326864979,0.6276849261007849,-1.2317318571226041,35.96369712955594,-70.57303690493615,0.35,4.0,0.35,-22.645,-258.8,-22.645
44.81151190000037,static,424,-1.1046943791263883,1.3883021175345307,0.466473226504448,0.43127826859539914,-63.29432557576692,79.54385202380377,0.6239133472059135,-1.2402076054956181,35.747601576779196,-71.05866151492472,0.35,4.0,0.35,-22.645,-258.8,-22.645
44.92143020000003,static,425,-1.0721224821821647,1.3865590451788465,0.39052738983669866,0.2379115396078837,-61.42809335012784,79.44398133443714,0.6631375405187597,-1.2177005330219761,37.99498230841055,-69.76910125298997,0.35,4.0,0.35,-22.645,-258.8,-22.645
45.025359399999616,static,426,-1.0655374317411415,1.386316354699905,0.231728664242535,0.1250060203836775,-61.05079775197645,79.4300761942658,0.6710242538273377,-1.213095002909458,38.44685769522172,-69.50522381512226,0.35,4.0,0.35,-22.645,-258.8,-22.645
45.12968639999963,static,427,-1.0600222770942263,1.388311076392617,0.14862435679384953,0.0770934909417018,-60.734802667346244,79.54436532856137,0.6786795462115159,-1.2111158980000871,38.885473639773785,-69.3918294566017,0.35,4.0,0.35,-22.645,-258.8,-22.645
45.23391730000003,static,428,-1.0559524496685695,1.3893607502362841,0.09733941295286558,0.04636595515398354,-60.50161873250951,79.60450720966878,0.6841198029767975,-1.209257371063794,39.19717739189191,-69.28534370704071,0.35,4.0,0.35,-22.645,-258.8,-22.645
45.337398499999836,static,429,-1.0551404721287607,1.3894534003124455,0.05571818672266998,0.02529768690502715,-60.455095846419056,79.60981566800439,0.6851471534361813,-1.208782085314849,39.25604023729542,-69.25811183956345,0.35,4.0,0.35,-22.645,-258.8,-22.645
45.44182980000005,static,430,-1.0556419979888387,1.3886254514475327,0.027719175505802343,0.00986734649978353,-60.4838311615182,79.56237769239223,0.684132926952533,-1.2084050573657925,39.19792934031199,-69.23650972932404,0.35,4.0,0.35,-22.645,-258.8,-22.645
45.546930299999985,static,431,-1.053701036347189,1.3885711352612975,0.02345945802702617,0.005084751364452886,-60.37262225125489,79.55926560416171,0.6864502530639754,-1.2070276913763216,39.3307023462531,-69.1575924712825,0.35,4.0,0.35,-22.645,-258.8,-22.645
45.65384249999988,static,432,-1.052972496972214,1.388296894512812,0.015751824210757145,0.00150735946772706,-60.33088001985972,79.54355276670299,0.6871936914636593,-1.2062889777024686,39.373298228882945,-69.11526729550212,0.35,4.0,0.35,-22.645,-258.8,-22.645
45.75858859999971,static,433,-1.0524253447511374,1.3880794997254793,0.010727658515825767,-0.00015344598970200174,-60.29953050684082,79.53109696290068,0.6877459005804316,-1.205723962519178,39.40493748068265,-69.08289431013876,0.35,4.0,0.35,-22.645,-258.8,-22.645
45.86282730000039,static,434,-1.0518346657093245,1.387720000212565,0.008353398258396857,-0.0016747572537688944,-60.26568709069811,79.51049915807367,0.6882796723062976,-1.2050053492328971,39.43552034779818,-69.04172080173284,0.35,4.0,0.35,-22.645,-258.8,-22.645
45.96845680000024,static,435,-1.0513099512457358,1.3875026685799972,0.00682194982671901,-0.0018641392699409126,-60.235623166485006,79.49804697277285,0.6888039703769423,-1.204455373066837,39.46556041445297,-69.0102094885848,0.35,4.0,0.35,-22.645,-258.8,-22.645
46.07312780000029,static,436,-1.050744149939888,1.3872653711002858,0.006136562408707619,-0.0020390582362786627,-60.203205139616934,79.4844508286963,0.6893674233605926,-1.2038595289580887,39.49784389237019,-68.97607013590579,0.35,4.0,0.35,-22.645,-258.8,-22.645
46.17854669999997,static,437,-1.0500857858917767,1.3870153333671675,0.0062059372903158685,-0.002196365172221295,-60.16548365827701,79.47012472186961,0.6900354588049202,-1.2031885141520915,39.53611950389531,-68.93762381953137,0.35,4.0,0.35,-22.645,-258.8,-22.645
46.28245369999968,static,438,-1.0496660935382143,1.3869892605711929,0.005163341106808816,-0.0012817649086230643,-60.14143705772397,79.46863086070016,0.6905273864180116,-1.202876193773297,39.564304879951386,-68.91972917997052,0.35,4.0,0.35,-22.645,-258.8,-22.645
46.38586459999988,static,439,-1.049334959958315,1.3869232649042442,0.004252528353861292,-0.0009814764029920419,-60.12246450114068,79.46484958751785,0.6908927856560856,-1.2025902467012706,39.58524071413032,-68.90334561957927,0.35,4.0,0.35,-22.645,-258.8,-22.645
46.49048490000041,static,440,-1.0487638871695348,1.3868075134415112,0.004837514239154708,-0.0010417321222588346,-60.08974444054881,79.45821751723078,0.6915217208811897,-1.2020951663189339,39.6212760481159,-68.87497960315166,0.35,4.0,0.35,-22.645,-258.8,-22.645
46.594093099999554,static,441,-1.0485835264081151,1.3869476425303922,0.0033858575050961866,6.804182397041702e-05,-60.0794105301297,79.46624632261067,0.6918084167136002,-1.2020918757253267,39.63770250931701,-68.87479106602588,0.35,4.0,0.35,-22.645,-258.8,-22.645
46.699715699999615,static,442,-1.048465120367367,1.387207541352189,0.0023465152046795827,0.0011993582647758555,-60.07262636372597,79.48113742820004,0.6920804108067132,-1.2022351965243723,39.65328662290488,-68.88300274292763,0.35,4.0,0.35,-22.645,-258.8,-22.645
46.8034703000003,static,443,-1.0484936321717009,1.3871599479633756,0.0011225582749876464,0.0004272286001322258,-60.07425996978061,79.47841052788831,0.6920223893769708,-1.2022136806053836,39.64996223985932,-68.88176997157723,0.35,4.0,0.35,-22.645,-258.8,-22.645
46.911327300000266,static,444,-1.0485379873449023,1.3871106290540796,0.00040328617820072174,8.665879605610587e-06,-60.07680133400463,79.47558476253546,0.691944462119655,-1.2022016297513265,39.6454973369061,-68.88107950850024,0.35,4.0,0.35,-22.645,-258.8,-22.645
47.016307199999574,static,445,-1.0485379873449023,1.3871106290540796,0.00021272602644263882,4.571091779927865e-06,-60.07680133400463,79.47558476253546,0.691944462119655,-1.2022016297513265,39.6454973369061,-68.88107950850024,0.35,4.0,0.35,-22.645,-258.8,-22.645
47.12200980000034,static,446,-1.0485379873449023,1.3871106290540796,0.00011338574853275188,2.4364515792748458e-06,-60.07680133400463,79.47558476253546,0.691944462119655,-1.2022016297513265,39.6454973369061,-68.88107950850024,0.35,4.0,0.35,-22.645,-258.8,-22.645
47.22784849999971,static,447,-1.0485379873449023,1.3871106290540796,6.0211642663780764e-05,1.293837662645284e-06,-60.07680133400463,79.47558476253546,0.691944462119655,-1.2022016297513265,39.6454973369061,-68.88107950850024,0.35,4.0,0.35,-22.645,-258.8,-22.645
47.337543800000276,static,448,-1.0485379873449023,1.3871106290540796,3.2025609858816875e-05,6.881715623654025e-07,-60.07680133400463,79.47558476253546,0.691944462119655,-1.2022016297513265,39.6454973369061,-68.88107950850024,0.35,4.0,0.35,-22.645,-258.8,-22.645
47.44149910000033,static,449,-1.0485379873449023,1.3871106290540796,1.6725193646291568e-05,3.593937068856051e-07,-60.07680133400463,79.47558476253546,0.691944462119655,-1.2022016297513265,39.6454973369061,-68.88107950850024,0.35,4.0,0.35,-22.645,-258.8,-22.645
47.54487919999974,static,450,-1.0485379873449023,1.3871106290540796,8.970661928662892e-06,1.9276305625762256e-07,-60.07680133400463,79.47558476253546,0.691944462119655,-1.2022016297513265,39.6454973369061,-68.88107950850024,0.35,3.996248466983137,0.35502560709093695,-22.645,-258.557275813809,-22.970156778783622
47.64883809999992,static,451,-1.0485379873449023,1.3871106290540796,4.820707591459602e-06,1.035881561521046e-07,-60.07680133400463,79.47558476253546,0.691944462119655,-1.2022016297513265,39.6454973369061,-68.88107950850024,0.35,3.9856918275635924,0.3691674316956666,-22.645,-257.87426124336446,-23.885132830709633
47.75253640000028,static,452,-1.0485379873449023,1.3871106290540796,2.580486335002396e-06,5.544991401099838e-08,-60.07680133400463,79.47558476253546,0.691944462119655,-1.2022016297513265,39.6454973369061,-68.88107950850024,0.35,3.969377021187933,0.39102297881206705,-22.645,-256.8186932708593,-25.29918672914074
47.85595439999997,static,453,-1.0485379873449023,1.3871106290540796,1.3847512890198884e-06,2.9755763036311703e-08,-60.07680133400463,79.47558476253546,0.691944462119655,-1.2022016297513265,39.6454973369061,-68.88107950850024,0.35,3.9483509873027245,0.41918975343801623,-22.645,-255.4583088784863,-27.12157704743965
47.95964269999968,static,454,-1.0481423919629513,1.3871303766955756,0.0017698631202491845,8.881535559944179e-05,-60.05413538822397,79.47671621904853,0.6924298510347009,-1.2019449169357435,39.67330807316066,-68.86637094762041,0.35,3.9236606653545336,0.45226526057139216,-22.645,-253.86084504843834,-29.261562358969073
48.06692019999991,static,455,-1.045850878974072,1.3856557409141292,0.01122416919128034,-0.006536290876416307,-59.92284136526177,79.39222581245268,0.6944432660094508,-1.1990789726379207,39.78866825362227,-68.70216443503558,0.35,3.896352994789927,0.4888470052100731,-22.645,-252.0940387629083,-31.628401237091733
48.17279460000009,static,456,-1.0403657345516235,1.3830786323707238,0.030073762222788743,-0.01462603931111476,-59.608565739835754,79.24456836956844,0.6997061359886151,-1.1930288456614757,40.090208491554485,-68.35551769376703,0.35,3.8674749150554706,0.5275324923519369,-22.645,-250.22562700408895,-34.13135225517032
48.27748030000021,static,457,-1.0334088387346343,1.379953945480258,0.04696150684268731,-0.021320139665226414,-59.20996497101005,79.0655369984449,0.7063894073642336,-1.1854479730507526,40.47313173471802,-67.92116568814627,0.35,3.838073365597731,0.5669192269948616,-22.645,-248.3233467541732,-36.67967398656755
48.38139020000017,static,458,-1.0281992488882477,1.3775970826044166,0.04840164126156267,-0.021616530432914918,-58.911477459817895,78.9304987027681,0.7113384975952971,-1.1797335562910234,40.756693717387385,-67.59375372543496,0.35,3.8091952858632747,0.6056047141367255,-22.645,-246.45493499535388,-39.18262500464614
48.4847749999999,static,459,-1.0259458554196463,1.3766040349949162,0.03604036117451842,-0.015920168788050183,-58.78236752448469,78.87360126588818,0.7134804063630359,-1.177278377827573,40.87941604988088,-67.45308236152785,0.35,3.781887615298668,0.6421864587754064,-22.645,-244.68812870982381,-41.54946388276879
48.59003180000036,static,460,-1.0256014574772463,1.3763595403000184,0.020902723750393468,-0.009634633716096833,-58.76263497591218,78.85959275175719,0.713759025080457,-1.176823537447766,40.89537972648246,-67.42702192741278,0.35,3.757197293350477,0.6752619659087823,-22.645,-243.09066487977586,-43.68944919429821
48.69686069999989,static,461,-1.0248547163804909,1.375997609874002,0.01444848295576212,-0.0067222193779570855,-58.71984986267912,78.83885566586909,0.7144496858715385,-1.1759808964167007,40.93495167488659,-67.37874215268819,0.35,3.7361712594652685,0.7034287405347316,-22.645,-241.7302804874029,-45.511839512597135
48.80227869999999,static,462,-1.0191918907219764,1.3728654900023836,0.03271290594924027,-0.017215680053395774,-58.39539385232785,78.6593984162963,0.7194561686362585,-1.1692486797301591,41.22180200751004,-66.9930145497818,0.35,3.719856453089609,0.7252842876511318,-22.645,-240.67471251489772,-46.925893411028234
48.90715949999958,static,463,-1.010893061924948,1.3689031593419558,0.05449012870077753,-0.026357540333540274,-57.9199059873565,78.4323735924185,0.7270302667403673,-1.1598805330290782,41.65576586249351,-66.45625928195047,0.35,3.7092998136700643,0.7394261122558616,-22.645,-239.99169794445316,-47.84086946295425
49.01314939999975,static,464,-1.0058168719741394,1.3666017153209387,0.051787393629168094,-0.024017762836614713,-57.62906172716844,78.3005105632286,0.7316764588370861,-1.1542312627466618,41.92197306044254,-66.13257993743932,0.35,3.7055482806532014,0.7444517193467985,-22.645,-239.74897375826214,-48.16602624173787
49.11675709999963,static,465,-1.004962539881098,1.3662211650137697,0.03127281622147103,-0.014392286691510627,-57.58011210393459,78.27870663673541,0.7324582679399279,-1.1532845084618206,41.96676742242028,-66.078334912682,0.35,3.7055482806532014,0.7444517193467985,-22.645,-239.74897375826214,-48.16602624173787
49.22560900000008,static,466,-1.0047177759168404,1.3660069900119485,0.017872694120513132,-0.00867143505569002,-57.566088161805745,78.26643531305385,0.7326256607693017,-1.1529244285484836,41.976358325064155,-66.05770385336035,0.35,3.7055482806532014,0.7444517193467985,-22.645,-239.74897375826214,-48.16602624173787
49.33042969999951,static,467,-1.0044729851068972,1.36579283250919,0.010456598681127246,-0.005486135973553931,-57.552062681532405,78.25416499199473,0.7327929615477233,-1.152564330889861,41.98594395357697,-66.03707177730874,0.35,3.7055482806532014,0.7444517193467985,-22.645,-239.74897375826214,-48.16602624173787
49.43552929999987,static,468,-1.0041377686040205,1.3657379659484077,0.0070673316873714935,-0.0031667285785312994,-57.53285619069443,78.2510213696255,0.7331498257118033,-1.1522723309581144,42.006390764038215,-66.02034141360154,0.35,3.7055482806532014,0.7444517193467985,-22.645,-239.74897375826214,-48.16602624173787
49.53978240000015,static,469,-1.0039299498322274,1.3656307335033415,0.0046908560793922915,-0.0021630867661305317,-57.5209490521671,78.24487740309634,0.7333316908190912,-1.1520294837934,42.01681086712651,-66.00642729599669,0.35,3.7055482806532014,0.7444517193467985,-22.645,-239.74897375826214,-48.16602624173787
49.64518959999987,static,470,-1.0037108034976967,1.365310244935677,0.0034920994988873774,-0.002588504930126789,-57.50839289210273,78.22651476078697,0.7334119774606312,-1.1515984266416854,42.02141095283803,-65.98172954047452,0.35,3.7055482806532014,0.7444517193467985,-22.645,-239.74897375826214,-48.16602624173787
49.75371919999998,static,471,-1.0032731136179893,1.3652282946654255,0.003800006728883935,-0.0017392178994547678,-57.483315109259905,78.22181935617161,0.7338718981973077,-1.1512082060128594,42.04776246996014,-65.95937154536385,0.35,3.7055482806532014,0.7444517193467985,-22.645,-239.74897375826214,-48.16602624173787
49.85766439999952,static,472,-1.003028210240708,1.3650142236316627,0.0030695154034134716,-0.0018502596873768945,-57.469283179353184,78.209553989421,0.7340386939057878,-1.1508479597956611,42.057319160096945,-65.93873095753283,0.35,3.7055482806532014,0.7444517193467985,-22.645,-239.74897375826214,-48.16602624173787
49.96280130000014,static,473,-1.0028602629787575,1.364986637432298,0.002392675302889683,-0.0011131360040013455,-57.45966051006265,78.2079734166246,0.7342171268853939,-1.1507014082536309,42.06754261675432,-65.93033417269336,0.35,3.7055482806532014,0.7444517193467985,-22.645,-239.74897375826214,-48.16602624173787
50.06937000000016,static,474,-1.0026162235026028,1.36482679593724,0.0023580472739377347,-0.001301790362696044,-57.445678078044395,78.1988151735667,0.7344119110422865,-1.1503874685633224,42.07870292686028,-65.91234675341704,0.35,3.7055482806532014,0.7444517193467985,-22.645,-239.74897375826214,-48.16602624173787
50.174368299999514,static,475,-1.0026162235026028,1.36482679593724,0.0012486030843462449,-0.0006893074112632983,-57.445678078044395,78.1988151735667,0.7344119110422865,-1.1503874685633224,42.07870292686028,-65.91234675341704,0.35,3.7055482806532014,0.7444517193467985,-22.645,-239.74897375826214,-48.16602624173787
50.28238760000022,static,476,-1.0026162235026028,1.36482679593724,0.0006662251475508933,-0.00036779817184038515,-57.445678078044395,78.1988151735667,0.7344119110422865,-1.1503874685633224,42.07870292686028,-65.91234675341704,0.35,3.7055482806532014,0.7444517193467985,-22.645,-239.74897375826214,-48.16602624173787
50.387989099999686,static,477,-1.0026162235026028,1.36482679593724,0.0003510574609904944,-0.00019380579198771203,-57.445678078044395,78.1988151735667,0.7344119110422865,-1.1503874685633224,42.07870292686028,-65.91234675341704,0.35,3.7055482806532014,0.7444517193467985,-22.645,-239.74897375826214,-48.16602624173787
50.49345199999971,static,478,-1.0026162235026028,1.36482679593724,0.00018649073351547325,-0.0001029546109214135,-57.445678078044395,78.1988151735667,0.7344119110422865,-1.1503874685633224,42.07870292686028,-65.91234675341704,0.35,3.7055482806532014,0.7444517193467985,-22.645,-239.74897375826214,-48.16602624173787
50.59670240000014,static,479,-1.0026162235026028,1.36482679593724,9.938910423612524e-05,-5.486903484997597e-05,-57.445678078044395,78.1988151735667,0.7344119110422865,-1.1503874685633224,42.07870292686028,-65.91234675341704,0.35,3.7055482806532014,0.7444517193467985,-22.645,-239.74897375826214,-48.16602624173787
50.701489400000355,static,480,-1.0026162235026028,1.36482679593724,5.3376484241180566e-05,-2.9467175466644572e-05,-57.445678078044395,78.1988151735667,0.7344119110422865,-1.1503874685633224,42.07870292686028,-65.91234675341704,0.35,3.7055482806532014,0.7444517193467985,-22.645,-239.74897375826214,-48.16602624173787
50.8048718,static,481,-1.0026162235026028,1.36482679593724,2.8517331906869906e-05,-1.5743360303449075e-05,-57.445678078044395,78.1988151735667,0.7344119110422865,-1.1503874685633224,42.07870292686028,-65.91234675341704,0.35,3.7055482806532014,0.7444517193467985,-22.645,-239.74897375826214,-48.16602624173787
50.911750199999915,static,482,-1.0026162235026028,1.36482679593724,1.5295264249785717e-05,-8.44394758974037e-06,-57.445678078044395,78.1988151735667,0.7344119110422865,-1.1503874685633224,42.07870292686028,-65.91234675341704,0.35,3.7055482806532014,0.7444517193467985,-22.645,-239.74897375826214,-48.16602624173787
51.01590740000029,static,483,-1.0026162235026028,1.36482679593724,8.097363042166949e-06,-4.470253539040116e-06,-57.445678078044395,78.1988151735667,0.7344119110422865,-1.1503874685633224,42.07870292686028,-65.91234675341704,0.35,3.7055482806532014,0.7444517193467985,-22.645,-239.74897375826214,-48.16602624173787
51.12095150000005,static,484,-1.0026162235026028,1.36482679593724,4.334173531609522e-06,-2.3927363102774416e-06,-57.445678078044395,78.1988151735667,0.7344119110422865,-1.1503874685633224,42.07870292686028,-65.91234675341704,0.35,3.7055482806532014,0.7444517193467985,-22.645,-239.74897375826214,-48.16602624173787
51.224578100000144,static,485,-1.0026162235026028,1.36482679593724,2.311326029747432e-06,-1.2759972982005485e-06,-57.445678078044395,78.1988151735667,0.7344119110422865,-1.1503874685633224,42.07870292686028,-65.91234675341704,0.35,3.7055482806532014,0.7444517193467985,-22.645,-239.74897375826214,-48.16602624173787
51.33015290000003,static,486,-1.0026162235026028,1.36482679593724,1.240778896177417e-06,-6.849879674308207e-07,-57.445678078044395,78.1988151735667,0.7344119110422865,-1.1503874685633224,42.07870292686028,-65.91234675341704,0.35,3.7055482806532014,0.7444517193467985,-22.645,-239.74897375826214,-48.16602624173787
51.4339245000001,static,487,-1.0026162235026028,1.36482679593724,6.590282759059704e-07,-3.638250461730291e-07,-57.445678078044395,78.1988151735667,0.7344119110422865,-1.1503874685633224,42.07870292686028,-65.91234675341704,0.35,3.7055482806532014,0.7444517193467985,-22.645,-239.74897375826214,-48.16602624173787
51.539545599999656,static,488,-1.0026162235026028,1.36482679593724,3.5371296855431544e-07,-1.9527179913390303e-07,-57.445678078044395,78.1988151735667,0.7344119110422865,-1.1503874685633224,42.07870292686028,-65.91234675341704,0.35,3.7055482806532014,0.7444517193467985,-22.645,-239.74897375826214,-48.16602624173787
51.644869099999596,static,489,-1.0026153243894171,1.3647725928270213,4.170959320719417e-06,-0.00024020563511805305,-57.44562656265355,78.1957095641147,0.7343837786909626,-1.1503411214624009,42.07709106186164,-65.90969126014157,0.35,3.7055482806532014,0.7444517193467985,-22.645,-239.74897375826214,-48.16602624173787
51.74975019999965,static,490,-1.0022550310315337,1.3642621534651795,0.0016009708150681982,-0.0023915670701731544,-57.424983273860235,78.1664635429838,0.7345233689986254,-1.1496463124684733,42.08508899735165,-65.8698816372218,0.35,3.7055482806532014,0.7444517193467985,-22.645,-239.74897375826214,-48.16602624173787
51.8545924,static,491,-1.002008330495031,1.364047730089667,0.0019526993362205067,-0.0022301523426780006,-57.410848374315016,78.15417798853798,0.7346914741602066,-1.149284406819772,42.09472071362462,-65.84914597096926,0.35,3.7055482806532014,0.7444517193467985,-22.645,-239.74897375826214,-48.16602624173787
51.959252800000286,static,492,-1.0017090744365666,1.3640457718442909,0.0023735115155698806,-0.0011983202754058907,-57.39370226517129,78.15406578934268,0.7350343163526394,-1.1490628448741589,42.11436412429003,-65.83645140658493,0.35,3.7055482806532014,0.7444517193467985,-22.645,-239.74897375826214,-48.16602624173787
52.0683396000004,static,493,-1.0017354214354803,1.363940608184677,0.0011516059045808362,-0.0011091947727139757,-57.39521183701188,78.14804035548866,0.7349473752289077,-1.1489936197818182,42.10938276483408,-65.8324851009574,0.35,3.7055482806532014,0.7444517193467985,-22.645,-239.74897375826214,-48.16602624173787
52.1718708999997,static,494,-1.001239196119525,1.3639613132194353,0.0027717313129058713,-0.0004898887678939836,-57.366780220720095,78.14922666659498,0.7355286098202708,-1.1486462153749284,42.14268505382619,-65.81258029465837,0.35,3.7055482806532014,0.7444517193467985,-22.645,-239.74897375826214,-48.16602624173787
52.28004839999994,static,495,-1.000874217497719,1.363955586330757,0.003120264436490096,-0.0002874107581313592,-57.34586848607811,78.14889854004397,0.7359447020968207,-1.1483728649434823,42.1665253851605,-65.79691846860842,0.35,3.6678217170572975,0.7821782829427024,-22.645,-237.30806509360715,-50.60693490639285
52.3848194000002,static,496,-1.000134429665854,1.3638186397254783,0.004877966509090686,-0.0007471574597810262,-57.30348176557712,78.14105207754287,0.7367200758304107,-1.1477128612728393,42.2109510276405,-65.75910304381745,0.35,3.5616609218223125,0.8883390781776874,-22.645,-230.43946164190362,-57.47553835809638
52.48933920000036,static,497,-0.994640664307302,1.360899744938465,0.027128497421295618,-0.013285250460736295,-56.988712196896905,77.97381172540426,0.7414239653709355,-1.1412005167135253,42.4804640456083,-65.38597318583376,0.35,3.397594238277336,1.0524057617226645,-22.645,-219.82434721654363,-68.09065278345639
52.596641299999646,static,498,-0.9685091200498435,1.34785475127106,0.1322931006176533,-0.0626239405060414,-55.49148499878521,77.22638864448706,0.763598410841508,-1.1106889292165896,43.75096618411509,-63.63778799601521,0.35,3.186150009751456,1.263849990248544,-22.645,-206.14390563091922,-81.7710943690808
52.702246099999684,static,499,-0.9346219628073973,1.3338868519760274,0.22185777673287824,-0.08784730703270091,-53.54989390909686,76.42608696621794,0.7924922609908226,-1.072944616531613,45.40646185155426,-61.47519817854396,0.35,2.9378565795737637,1.5121434204262363,-22.645,-190.07932069842252,-97.83567930157749
52.81231959999968,static,500,-0.8957139641299809,1.321402086691302,0.288429558199832,-0.0895618914375255,-51.32062979558032,75.71076260719174,0.8258255831052729,-1.0315597806239654,47.31632052586236,-59.10402174519429,0.35,2.6632422910733475,1.7867577089266526,-22.645,-172.3117762324456,-115.60322376755443
52.915635600000314,static,501,-0.8563770671736299,1.3139847809800922,0.3315995093528657,-0.06812099318841802,-49.06679162084039,75.28578229458113,0.8608949628627827,-0.992681151007104,49.32564797610919,-56.876440354895806,0.35,2.3728354875792976,2.0771645124207025,-22.645,-153.52245604638057,-134.39254395361945
53.0205732000004,static,502,-0.8123999666520669,1.3132720727513485,0.37617000931009886,-0.02377048487292177,-46.54708936573226,75.24494712104988,0.9032136156643724,-0.9533565448178948,51.75032817631976,-54.623306389240085,0.35,2.0771645124207025,2.372835487579297,-22.645,-134.39254395361945,-153.52245604638054
53.127007400000366,static,503,-0.7331966624347647,1.3212439571560972,0.5486626876135231,0.06189062329263555,-42.00907431059012,75.70170245220814,0.9817355793026571,-0.884240265229298,56.249305291873185,-50.66323527316729,0.35,1.7867577089266524,2.663242291073348,-22.645,-115.60322376755441,-172.31177623244562
53.23222110000006,static,504,-0.6624222043428021,1.3358632814476876,0.5938692472899373,0.13902201936870887,-37.95399656459515,76.53932803344935,1.0533346378559019,-0.8215940892029105,60.35162916408417,-47.073873784221654,0.35,1.5121434204262365,2.9378565795737637,-22.645,-97.8356793015775,-190.07932069842252
53.33815010000035,static,505,-0.5910606126945006,1.3608505744064467,0.616603301990178,0.23002521447787203,-33.865278543811456,77.9709944614432,1.1299824490350034,-0.7583231176320632,64.74322525356234,-43.44871414751988,0.35,1.263849990248544,3.186150009751456,-22.645,-81.7710943690808,-206.14390563091922
53.44323059999988,static,506,-0.5384592128994559,1.393066214824503,0.5425078283086351,0.29652565236303235,-30.851440339075076,79.8168146917089,1.1959471184177406,-0.7143836286154456,68.52272240616902,-40.93116687290626,0.35,1.0524057617226643,3.397594238277336,-22.645,-68.09065278345638,-219.82434721654363
53.54685359999985,static,507,-0.49415970526749753,1.424850616737121,0.47035524144146595,0.32334006043624236,-28.313265517256283,81.63792677564946,1.254392268961134,-0.6757953207789265,71.87138286531219,-38.72021969532211,0.35,0.8883390781776874,3.561660921822313,-22.645,-57.47553835809638,-230.43946164190365
53.65376759999981,static,508,-0.41646358151728036,1.4182834301472012,0.5912489585530338,0.1905105329678066,-23.861605541842682,81.26165470077213,1.2970559932845205,-0.5737365584611257,74.31583420735187,-32.87268335218332,0.35,0.7821782829427025,3.6678217170572975,-22.645,-50.60693490639286,-237.30806509360715
53.759717900000396,static,509,-0.3171367698494789,1.386487377838871,0.7579970955938681,0.03490564882829537,-18.17059844078688,79.43987509832762,1.3173463058475368,-0.4323724775888918,75.47838348221397,-24.773118143458273,0.35,0.7444517193467988,3.7055482806532014,-22.645,-48.16602624173788,-239.74897375826214
53.865429000000404,static,510,-0.2006147398869489,1.347832992299166,0.9390686530020372,-0.0461664029912936,-11.494377903636986,77.22514194723101,1.3208012078825455,-0.26858507848749363,75.67633478745114,-15.388791437523345,0.35,0.7444517193467988,3.7055482806532014,-22.645,-48.16602624173788,-239.74897375826214
53.969074999999975,static,511,-0.09934723001016188,1.3044405335868041,0.9778558496221325,-0.11803769480451187,-5.69217698589771,74.73893720031698,1.2980084958597766,-0.1293794819129616,74.37040858488939,-7.412898269201871,0.35,0.7444517193467988,3.7055482806532014,-22.645,-48.16602624173788,-239.74897375826214
54.07364789999974,static,512,-0.021168928294744482,1.2714919421625308,0.9003043904190607,-0.13943534620198983,-1.2128902481039296,72.85112197080518,1.27120706007564,-0.026914111504799415,72.83479942956747,-1.5420649985694996,0.35,0.7444517193467988,3.7055482806532014,-22.645,-48.16602624173788,-239.74897375826214
54.18166190000011,static,513,0.061073676783822695,1.24491065343503,0.8671672480605732,-0.12308273577474031,3.49926391905916,71.32812631270072,1.242589620391508,0.07598401365630371,71.19514091519652,4.353563292970613,0.35,0.7444517193467988,3.7055482806532014,-22.645,-48.16602624173788,-239.74897375826214
54.28700579999986,static,514,0.11951563636739637,1.2451251974694282,0.7158964594180859,-0.02125520064529511,6.847741549672065,71.34041878039145,1.2362431013939594,0.14845791197887415,70.83151216203737,8.506011791714156,0.35,0.7444517193467988,3.7055482806532014,-22.645,-48.16602624173788,-239.74897375826214
54.39068159999988,static,515,0.15840847114136958,1.2573453147370417,0.5472657610894046,0.06541106956751923,9.076136835520375,72.04057992498063,1.2416028390116487,0.1983422059204861,71.13860250682848,11.364171298558542,0.35,0.7444517193467988,3.7055482806532014,-22.645,-48.16602624173788,-239.74897375826214
54.49549810000008,static,516,0.1618141440718568,1.2558208008271803,0.30926804207617525,0.029581744771747222,9.271267520839244,71.9532317121366,1.2394155525854644,0.2023239278965492,71.01328022602186,11.592307162981449,0.35,0.7444517193467988,3.7055482806532014,-22.645,-48.16602624173788,-239.74897375826214
54.60073469999952,static,517,0.16070104352927042,1.253392002348891,0.16040526691480142,0.004757687602127745,9.207491557575322,71.81407181004282,1.23724248733514,0.20055557605042623,70.88877275857173,11.490988065504435,0.35,0.7444517193467988,3.7055482806532014,-22.645,-48.16602624173788,-239.74897375826214
54.70405169999958,static,518,0.15864456886761324,1.2507422478275638,0.07657168519364713,-0.00944752283279893,9.089664238786773,71.66225205922507,1.2350358285466363,0.19759218786903104,70.76234052316502,11.321198429651542,0.35,0.7444517193467988,3.7055482806532014,-22.645,-48.16602624173788,-239.74897375826214
54.81191690000014,static,519,0.15662131083497632,1.2480017706478121,0.032168076641097346,-0.017451815575890747,8.973740092650734,71.50523428297338,1.232726146842617,0.1946655245045446,70.63000550950612,11.153512970810912,0.35,0.7444517193467988,3.7055482806532014,-22.645,-48.16602624173788,-239.74897375826214
54.91603589999977,static,520,0.15510905323560653,1.2463739503565934,0.010303250432862671,-0.016355340486835332,8.88709411467026,71.41196705048078,1.231410843771752,0.19254962469151227,70.55464419476496,11.03228084165164,0.35,0.7444517193467988,3.7055482806532014,-22.645,-48.16602624173788,-239.74897375826214
55.020927100000335,static,521,0.15354366705748612,1.2448682048642064,-0.001481265004229842,-0.015485029623741297,8.797404093355846,71.32569418874617,1.230222718558495,0.19039146573409618,70.48656963451226,10.908627441873342,0.35,0.7444517193467988,3.7055482806532014,-22.645,-48.16602624173788,-239.74897375826214
55.12484940000013,static,522,0.15217192639558164,1.2437308832829614,-0.006907012760659665,-0.013316476606353116,8.718809142842238,71.26053046219168,1.2293585498590676,0.18853133935827698,70.43705641524775,10.802050051177938,0.35,0.7444517193467988,3.7055482806532014,-22.645,-48.16602624173788,-239.74897375826214
55.23011029999998,static,523,0.1510288802573361,1.2432252864321758,-0.008795473149071281,-0.00936318646488522,8.653317423332041,71.23156189650656,1.2290734051786127,0.1870499331916883,70.42071882850709,10.717171730087752,0.35,0.7444517193467988,3.7055482806532014,-22.645,-48.16602624173788,-239.74897375826214
55.33385199999975,static,524,0.1500186422279981,1.2423935953068324,-0.009183016647836845,-0.008673784798847348,8.59543504794736,71.1839095051659,1.228439393104615,0.18568387955932603,70.38439261250667,10.638902622364878,0.35,0.7444517193467988,3.7055482806532014,-22.645,-48.16602624173788,-239.74897375826214
55.43952669999999,static,525,0.1487178688959343,1.2417018361948897,-0.01077174660600101,-0.007746983154588433,8.520906225916935,71.14427462761186,1.2279957630276257,0.1839833035793192,70.35897448143014,10.541466795969162,0.35,0.7444517193467988,3.7055482806532014,-22.645,-48.16602624173788,-239.74897375826214
55.54450139999972,static,526,0.14778871136159566,1.2411999189138256,-0.009851593404701762,-0.006334160410979616,8.467669420696549,71.11551688574221,1.2276697364541724,0.18276831483118253,70.34029453476215,10.471853068545048,0.35,0.7444517193467988,3.7055482806532014,-22.645,-48.16602624173788,-239.74897375826214
55.64797249999992,static,527,0.14691748390699824,1.24068436669011,-0.0091287589482918,-0.005659486515978131,8.417751764552191,71.08597791920472,1.227318505091696,0.18162319457801668,70.32017046005961,10.406242511003692,0.35,0.7444517193467988,3.7055482806532014,-22.645,-48.16602624173788,-239.74897375826214
55.75196419999975,static,528,0.1463056614697109,1.2403704084179934,-0.007629345831738299,-0.00443113710276814,8.38269692108422,71.06798943526923,1.2271187924524358,0.18082648945631757,70.30872776871459,10.360594670013876,0.35,0.7444517193467988,3.7055482806532014,-22.645,-48.16602624173788,-239.74897375826214
55.85765040000024,static,529,0.14569769529143484,1.2399893743060149,-0.006814040345847791,-0.004076447839326755,8.347863024982303,71.04615778880233,1.2268515050501223,0.18002508977381973,70.29341332864502,10.314677850503626,0.35,0.7444517193467988,3.7055482806532014,-22.645,-48.16602624173788,-239.74897375826214
55.96328059999996,static,530,0.14508861283377872,1.2396048355402485,-0.006327526277906144,-0.0038691898225535104,8.312965170783151,71.02412534046475,1.2265804291432205,0.17922220603931702,70.27788182325186,10.26867600107692,0.35,0.7444517193467988,3.7055482806532014,-22.645,-48.16602624173788,-239.74897375826214
56.06957239999974,static,531,0.14435474444232455,1.239202403801895,-0.006624340240733868,-0.0038387020586840704,8.270917609234774,71.00106770031498,1.2263133783287337,0.17826411787110502,70.26258093866623,10.213781592636952,0.35,0.7444517193467988,3.7055482806532014,-22.645,-48.16602624173788,-239.74897375826214
56.17464329999984,static,532,0.1438397237874054,1.2390248566005853,-0.005779014866337781,-0.0028117058173857622,8.241409099345843,70.99089499501558,1.2262293117378926,0.17760706717052469,70.25776427781298,10.176135360567585,0.35,0.7444517193467988,3.7055482806532014,-22.645,-48.16602624173788,-239.74897375826214
56.27803049999966,static,533,0.1433298761334587,1.2387172642097224,-0.005354101858814149,-0.002866146115638082,8.212196980580051,70.97327124920879,1.2260152666135156,0.17693791759204616,70.24550039556082,10.137795913857806,0.35,0.7444517193467988,3.7055482806532014,-22.645,-48.16602624173788,-239.74897375826214
56.382923899999696,static,534,0.14295125740730263,1.2382548156716948,-0.004569793354319982,-0.0036053682281637317,8.190503725526687,70.94677489973782,1.225624439248205,0.17640782990464463,70.22310763701032,10.107424126597849,0.35,0.7444517193467988,3.7055482806532014,-22.645,-48.16602624173788,-239.74897375826214
56.487644300000284,static,535,0.14254535266656942,1.2380176267010974,-0.004245462543953266,-0.0029773042507531865,8.167247096998324,70.93318497277554,1.22546115974882,0.17587663281315868,70.21375241081455,10.076988775166079,0.35,0.7444517193467988,3.7055482806532014,-22.645,-48.16602624173788,-239.74897375826214
56.59305529999983,static,536,0.14220126136817024,1.2377113656618624,-0.003803840893481919,-0.002954693827649564,8.147532117832872,70.91563750779808,1.2252184350490583,0.17541154780825777,70.19984530993462,10.050341367270436,0.35,0.7444517193467988,3.7055482806532014,-22.645,-48.16602624173788,-239.74897375826214
56.69940150000002,static,537,0.1422177332095469,1.2377923021766657,-0.0019523922216615596,-0.0012143147991268036,8.148475884824565,70.9202748285048,1.2252956649188458,0.17544320123302962,70.20427025552578,10.052154974916998,0.35,0.7444517193467988,3.7055482806532014,-22.645,-48.16602624173788,-239.74897375826214
56.80435359999956,static,538,0.1422177332095469,1.2377923021766657,-0.001035098841709834,-0.0006437926908854228,8.148475884824565,70.9202748285048,1.2252956649188458,0.17544320123302962,70.20427025552578,10.052154974916998,0.35,0.7444517193467988,3.7055482806532014,-22.645,-48.16602624173788,-239.74897375826214
56.909661400000005,static,539,0.1422177332095469,1.2377923021766657,-0.0005518503704422395,-0.0003432302507133136,8.148475884824565,70.9202748285048,1.2252956649188458,0.17544320123302962,70.20427025552578,10.052154974916998,0.35,0.7444517193467988,3.7055482806532014,-22.645,-48.16602624173788,-239.74897375826214
57.01309880000008,static,540,0.1422177332095469,1.2377923021766657,-0.00029387324901063237,-0.0001827781484590173,8.148475884824565,70.9202748285048,1.2252956649188458,0.17544320123302962,70.20427025552578,10.052154974916998,0.35,0.7394261122558619,3.7092998136700643,-22.645,-47.84086946295427,-239.99169794445316
57.117586200000005,static,541,0.1422177332095469,1.2377923021766657,-0.0001578660884752734,-9.818679125480363e-05,8.148475884824565,70.9202748285048,1.2252956649188458,0.17544320123302962,70.20427025552578,10.052154974916998,0.35,0.7252842876511321,3.719856453089609,-22.645,-46.92589341102825,-240.67471251489772
57.22140430000036,static,542,0.1422177332095469,1.2377923021766657,-8.440693979178506e-05,-5.249795353668291e-05,8.148475884824565,70.9202748285048,1.2252956649188458,0.17544320123302962,70.20427025552578,10.052154974916998,0.35,0.7034287405347317,3.7361712594652685,-22.645,-45.51183951259714,-241.7302804874029
57.32719259999976,static,543,0.1422177332095469,1.2377923021766657,-4.52647231206009e-05,-2.815296155858736e-05,8.148475884824565,70.9202748285048,1.2252956649188458,0.17544320123302962,70.20427025552578,10.052154974916998,0.35,0.6752619659087824,3.757197293350477,-22.645,-43.68944919429822,-243.09066487977586
57.43288279999979,static,544,0.1422177332095469,1.2377923021766657,-2.402512827795757e-05,-1.494272948599206e-05,8.148475884824565,70.9202748285048,1.2252956649188458,0.17544320123302962,70.20427025552578,10.052154974916998,0.35,0.6421864587754065,3.7818876152986673,-22.645,-41.5494638827688,-244.6881287098238
57.53786029999992,static,545,0.1422177332095469,1.2377923021766657,-1.2786453586970158e-05,-7.952694979388921e-06,8.148475884824565,70.9202748285048,1.2252956649188458,0.17544320123302962,70.20427025552578,10.052154974916998,0.35,0.6056047141367256,3.8091952858632747,-22.645,-39.18262500464615,-246.45493499535388
57.64165150000008,static,546,0.1422177332095469,1.2377923021766657,-6.813872707752876e-06,-4.237973485342458e-06,8.148475884824565,70.9202748285048,1.2252956649188458,0.17544320123302962,70.20427025552578,10.052154974916998,0.35,0.5669192269948617,3.838073365597731,-22.645,-36.67967398656756,-248.3233467541732
57.74530609999965,static,547,0.1422177332095469,1.2377923021766657,-3.652423335477883e-06,-2.2716704459989907e-06,8.148475884824565,70.9202748285048,1.2252956649188458,0.17544320123302962,70.20427025552578,10.052154974916998,0.35,0.527532492351937,3.8674749150554706,-22.645,-34.13135225517033,-250.22562700408895
57.84885099999974,static,548,0.1422177332095469,1.2377923021766657,-1.9603572829756144e-06,-1.2192687687863313e-06,8.148475884824565,70.9202748285048,1.2252956649188458,0.17544320123302962,70.20427025552578,10.052154974916998,0.35,0.4888470052100731,3.896352994789927,-22.645,-31.628401237091733,-252.0940387629083
57.957088099999964,static,549,0.14455316977292165,1.2369093901287074,0.010461165240531745,-0.003937971717976993,8.282286543226475,70.86968769447554,1.2240088836803253,0.17817713674939953,70.13054312140194,10.208797941465914,0.35,0.45226526057139227,3.9236606653545336,-22.645,-29.26156235896908,-253.86084504843834
58.062124299999596,static,550,0.17362611498738587,1.2124025992176783,0.1353697473504291,-0.1067778097976875,9.948043602030339,69.46555200586401,1.1941739006623702,0.2094486991284549,68.42112451262864,12.000526484565869,0.35,0.41918975343801623,3.9483509873027245,-22.645,-27.12157704743965,-255.4583088784863
58.167059499999596,static,551,0.23792825401657147,1.1788121565165877,0.37124001451343613,-0.18951695985275338,13.632284782066122,67.54096140711549,1.1456030723283297,0.27783394505203973,65.63822104163368,15.918712456951498,0.35,0.39102297881206705,3.969377021187933,-22.645,-25.29918672914074,-256.8186932708593
58.328779499999655,static,552,0.4568747548205346,1.2892967730603766,0.8726559908400658,0.46063052700880425,26.176995217290894,73.87126363619588,1.1570607792848115,0.5687675465994212,66.29469929313777,32.58797994415721,0.35,0.3691674316956666,3.9856918275635924,-22.645,-23.885132830709633,-257.87426124336446
58.4364687999996,static,553,0.6043471426504494,1.3862542488174543,0.9892987626263791,0.8077924531280563,34.62654063466146,79.42651778931842,1.140711529101719,0.7877042907962752,65.35795625944307,45.13213136697227,0.35,0.35502560709093695,3.996248466983137,-22.645,-22.970156778783622,-258.557275813809
58.540420399999675,static,554,0.6753098165077507,1.3982192960379252,0.8034642493113582,0.5442463318471888,38.69240234964816,80.11206449672613,1.0913287710837807,0.8740816399041659,62.52853264429939,50.08118891638251,0.35,0.35,4.0,-22.645,-22.645,-258.8
58.64668559999973,static,555,0.7422610900479838,1.3684278119388986,0.7312057113739119,0.21258753740039193,42.528427756529425,78.40513819242082,1.008451992385239,0.9249968948824223,57.78004300523323,52.99841813946905,0.35,0.35,4.0,-22.645,-22.645,-258.8
58.75216100000034,static,556,0.7898395549664929,1.3576655783780351,0.5985670903199177,0.09717327666969353,45.25447299207124,77.78850763124929,0.9557412820133744,0.9642688549196206,54.75994176578893,55.24853570280695,0.35,0.35,4.0,-22.645,-22.645,-258.8
58.85758319999968,static,557,0.8155340005255152,1.3535327677512705,0.4327664995331062,0.046472106282095214,46.72665627953188,77.55171502480886,0.9278192218171991,0.9854960400747138,53.16012556123786,56.46476382313654,0.35,0.35,4.0,-22.645,-22.645,-258.8
58.96279279999999,static,558,0.8304586169893202,1.3498772725890416,0.2966266488976646,0.013820725545998514,47.581773813759376,77.34227057998265,0.9105425184707474,0.9965344816459579,52.17024337558663,57.097219937570586,0.35,0.35,4.0,-22.645,-22.645,-258.8
59.06832659999964,static,559,0.8277445335151841,1.3505073289933942,0.14613995179483297,0.009617436164331103,47.42626828544517,77.37837015280725,0.9136700966440746,0.9945235040778468,52.349440405015514,56.98199941022234,0.35,0.35,4.0,-22.645,-22.645,-258.8
59.17321009999978,static,560,0.8302653624707014,1.3459161420462584,0.0890892731704159,-0.01493292197362997,47.57070114547068,77.11531451778082,0.9080625910320186,0.9934347448065731,52.02815399984878,56.919618099072615,0.35,0.35,4.0,-22.645,-22.645,-258.8
59.27678139999989,static,561,0.8323720241207081,1.3428318714144785,0.057084275273165286,-0.021548254009877917,47.691403966878134,76.93859882770367,0.9038916517440436,0.9930646085698226,51.78917678204252,56.89841085486196,0.35,0.35,4.0,-22.645,-22.645,-258.8
59.38128880000022,static,562,0.831620096450362,1.3422635928402205,0.02731128257571056,-0.01415243531003841,47.64832168486819,76.90603886381098,0.9042552713599837,0.9919646953808484,51.810010651384054,56.835390471302965,0.35,0.35,4.0,-22.645,-22.645,-258.8
59.48532619999969,static,563,0.8309408869966637,1.3416720530928803,0.011571384134326759,-0.010209055958061392,47.6094058497659,76.87214613287415,0.9045300095810547,0.9909133967293821,51.82575199192235,56.775155495566146,0.35,0.35,4.0,-22.645,-22.645,-258.8
59.59162149999975,static,564,0.8300216537460847,1.3412539693465249,0.002089639520249718,-0.007331925905548106,47.55673766411963,76.84819169872496,0.905158359930739,0.9897729809078964,51.86175381501483,56.709814482105074,0.35,0.35,4.0,-22.645,-22.645,-258.8
59.69536859999971,static,565,0.8293487195976589,1.3407482686959609,-0.0018677836398328488,-0.0061207707078748475,47.5181813775246,76.81921718575063,0.9054826788940231,0.988790694856156,51.88033592282707,56.65353363706578,0.35,0.35,4.0,-22.645,-22.645,-258.8
59.800952999999936,static,566,0.828939649834989,1.3402395110910612,-0.0028325486144390464,-0.005556377199825738,47.4947434065972,76.79006752219469,0.9055433414292017,0.9880451426341021,51.88381163006736,56.61081664133549,0.35,0.35,4.0,-22.645,-22.645,-258.8
59.90530829999989,static,567,0.8285114339411512,1.339900722020912,-0.003409789253872976,-0.004460006113534858,47.47020844315987,76.77065633832999,0.905737342602083,0.987407621546582,51.89492707849406,56.57428937367,0.35,0.35,4.0,-22.645,-22.645,-258.8
60.01019280000037,static,568,0.8280777601419764,1.3395307422211284,-0.0037594790066267252,-0.00403394155067096,47.44536076478175,76.74945805729729,0.9059152554845644,0.986742194920144,51.905120735781246,56.536163236399474,0.35,0.35,4.0,-22.645,-22.645,-258.8
60.114163299999746,static,569,0.8276322415415485,1.3392449548259837,-0.003989147116580097,-0.003421909779076713,47.41983442928265,76.73308364571746,0.9061614077810642,0.9861280606873993,51.919224223488136,56.50097593680869,0.35,0.35,4.0,-22.645,-22.645,-258.8
60.219868600000154,static,570,0.8275640148787091,1.339250301195455,-0.0024385105942122177,-0.0018067185348657816,47.415925329451696,76.73338997012388,0.9062323036337149,0.9860701704761419,51.92328625663,56.497659072028526,0.35,0.35,4.0,-22.645,-22.645,-258.8
60.32485840000027,static,571,0.8275640148787091,1.339250301195455,-0.001298683309427825,-0.0009622083298030925,47.415925329451696,76.73338997012388,0.9062323036337149,0.9860701704761419,51.92328625663,56.497659072028526,0.35,0.35,4.0,-22.645,-22.645,-258.8
60.430093699999816,static,572,0.8275640148787091,1.339250301195455,-0.0006910775560150517,-0.0005120267397835542,47.415925329451696,76.73338997012388,0.9062323036337149,0.9860701704761419,51.92328625663,56.497659072028526,0.35,0.35,4.0,-22.645,-22.645,-258.8
60.53495500000008,static,573,0.8275640148787091,1.339250301195455,-0.00036837348275979467,-0.00027293184644547027,47.415925329451696,76.73338997012388,0.9062323036337149,0.9860701704761419,51.92328625663,56.497659072028526,0.35,0.35,4.0,-22.645,-22.645,-258.8
60.640123299999686,static,574,0.8275640148787091,1.339250301195455,-0.00019694710867306406,-0.00014592021559078094,47.415925329451696,76.73338997012388,0.9062323036337149,0.9860701704761419,51.92328625663,56.497659072028526,0.35,0.35,4.0,-22.645,-22.645,-258.8
60.75065689999974,static,575,0.8275640148787091,1.339250301195455,-0.00010471751042479203,-7.758632152697028e-05,47.415925329451696,76.73338997012388,0.9062323036337149,0.9860701704761419,51.92328625663,56.497659072028526,0.35,0.35,4.0,-22.645,-22.645,-258.8
60.855953399999635,static,576,0.8275640148787091,1.339250301195455,-5.4507036499883064e-05,-4.0384845306263224e-05,47.415925329451696,76.73338997012388,0.9062323036337149,0.9860701704761419,51.92328625663,56.497659072028526,0.35,0.35,4.0,-22.645,-22.645,-258.8
60.96097720000034,static,577,0.8275640148787091,1.339250301195455,-2.908004819358006e-05,-2.1545718189961205e-05,47.415925329451696,76.73338997012388,0.9062323036337149,0.9860701704761419,51.92328625663,56.497659072028526,0.35,0.35,4.0,-22.645,-22.645,-258.8
61.06460650000008,static,578,0.8275640148787091,1.339250301195455,-1.5501050473571685e-05,-1.1484893798273433e-05,47.415925329451696,76.73338997012388,0.9062323036337149,0.9860701704761419,51.92328625663,56.497659072028526,0.35,0.35,4.0,-22.645,-22.645,-258.8
61.16785600000003,static,579,0.8275640148787091,1.339250301195455,-8.33288262732666e-06,-6.173921707531417e-06,47.415925329451696,76.73338997012388,0.9062323036337149,0.9860701704761419,51.92328625663,56.497659072028526,0.35,0.35,4.0,-22.645,-22.645,-258.8
61.271585599999526,static,580,0.8275640148787091,1.339250301195455,-4.475406602741646e-06,-3.3158765352201472e-06,47.415925329451696,76.73338997012388,0.9062323036337149,0.9860701704761419,51.92328625663,56.497659072028526,0.35,0.35,4.0,-22.645,-22.645,-258.8
61.37772539999969,static,581,0.8275640148787091,1.339250301195455,-2.3991618989146976e-06,-1.7775646663996976e-06,47.415925329451696,76.73338997012388,0.9062323036337149,0.9860701704761419,51.92328625663,56.497659072028526,0.35,0.35,4.0,-22.645,-22.645,-258.8
61.4826192999999,static,582,0.8275640148787091,1.339250301195455,-1.2721063846660152e-06,-9.425172024892054e-07,47.415925329451696,76.73338997012388,0.9062323036337149,0.9860701704761419,51.92328625663,56.497659072028526,0.35,0.35,4.0,-22.645,-22.645,-258.8
61.58580230000007,static,583,0.8275640148787091,1.339250301195455,-6.800041256546368e-07,-5.038223170001583e-07,47.415925329451696,76.73338997012388,0.9062323036337149,0.9860701704761419,51.92328625663,56.497659072028526,0.35,0.35,4.0,-22.645,-22.645,-258.8
61.68931760000032,static,584,0.8275640148787091,1.339250301195455,-3.6556102336088834e-07,-2.7084806524861104e-07,47.415925329451696,76.73338997012388,0.9062323036337149,0.9860701704761419,51.92328625663,56.497659072028526,0.35,0.35,4.0,-22.645,-22.645,-258.8
61.794553599999745,static,585,0.8275640148787091,1.339250301195455,-1.9596889146089363e-07,-1.4519544401400462e-07,47.415925329451696,76.73338997012388,0.9062323036337149,0.9860701704761419,51.92328625663,56.497659072028526,0.3797928176933201,0.35,3.971481256380754,-24.572595304757808,-22.645,-256.95483728783483
61.9000659000003,static,586,0.8275640148787091,1.339250301195455,-1.0453783552486715e-07,-7.745319847525383e-08,47.415925329451696,76.73338997012388,0.9062323036337149,0.9860701704761419,51.92328625663,56.497659072028526,0.463628420969872,0.35,3.891230838289387,-29.99675883675072,-22.645,-251.76263523732334
62.00811489999978,static,587,0.8309739928706779,1.33618416779281,0.0151456685157988,-0.013552891747715503,47.611302676624,76.55771346672823,0.9007975093864685,0.9868900533206825,51.6118954837408,56.54463489871588,0.5931925351245433,0.35,3.7672074648754568,-38.379557022557954,-22.645,-243.73832297744207
62.112788100000216,static,588,0.8393584010274271,1.3260227078042206,0.04517303266673085,-0.05145164870987613,48.09169387772079,75.97550469569101,0.8857042050745437,0.9868456225396696,50.74711284776091,56.54208920248337,0.7601708854522211,0.35,3.6073698552885194,-49.183056288758706,-22.645,-233.3968296371672
62.21880030000011,static,589,0.8571508344466459,1.3070658897759047,0.10498524960611534,-0.11013934720541696,49.11112521990955,74.889359029671,0.8555975361184892,0.9881164386870851,49.02212778138145,56.61490160426735,0.9562491972477929,0.35,3.4196767286781324,-61.8693230619322,-22.645,-221.25308434547517
62.323868100000254,static,590,0.8786029251421015,1.287854304398345,0.15410219516695636,-0.1407965040724843,50.34023947849102,73.78861626978158,0.8219437780092591,0.9914520337107644,47.09390947696839,56.80601712128902,1.1731131958061465,0.35,3.212086804193853,-75.90042376865767,-22.645,-207.8220162313423
62.42740169999979,static,591,0.8991966084330426,1.2725092651526277,0.17677530411680398,-0.1397039803816556,51.52017061569103,72.90941028453938,0.7918050018600394,0.9961549422297235,45.367084803928556,57.07547393086149,1.4024486064221686,0.35,2.9925588009852384,-90.73842483551431,-22.645,-193.61855442374494
62.53608590000022,static,592,0.9406403522369686,1.2555463250642087,0.2864159685200504,-0.1409217994485737,53.89472222287745,71.93750540933969,0.7398567654466166,1.0144005821198596,42.39067010429161,58.120872091081836,1.635941154390747,0.35,2.769051438201845,-105.84539268908134,-22.645,-179.1576280516594
62.64031239999986,static,593,0.9903437618745156,1.2404946144777564,0.37477428231251314,-0.12351632442313558,56.74251782251875,71.0751059182836,0.6802902663277359,1.0373196431611886,38.97776110441001,59.4340375591527,1.8652765650067693,0.35,2.54952343499323,-120.68339375593798,-22.645,-164.95416624406198
62.74505560000034,static,594,1.058327808020885,1.2245589294279362,0.5136974208562974,-0.10742533771014348,60.63771674092835,70.16205842127917,0.6004381556187148,1.0672481402742706,34.4025721755717,61.14881413090176,2.0821405635651224,0.35,2.3419335105089507,-134.71449446266342,-22.645,-151.5230981299291
62.84815890000027,static,595,1.1395367224275486,1.216847272443386,0.6426373532811088,-0.046313664516563664,65.29064479526932,69.72021302301187,0.5086609098554103,1.1054326588435743,29.144123337999435,63.33662588766179,2.2782188753606945,0.35,2.154240383898564,-147.40076123583694,-22.645,-139.3793528382371
62.95332330000019,static,596,1.2156088955622506,1.2210004309215379,0.6838794611245984,0.041477842095599446,69.64925925427623,69.95817147545894,0.4246225620703212,1.1447871994791945,24.329080692661236,65.59147497075892,2.4451972256883727,0.35,1.9944027743116266,-158.20426050203773,-22.645,-129.03785949796224
63.05746960000033,static,597,1.2878490412692312,1.2341086319756016,0.6756615698116825,0.12655507792440768,73.78831471469633,70.70921607286573,0.34454702365432127,1.1850364821420645,19.74109029918675,67.89758899577045,2.574761339843044,0.35,1.8703794008976962,-166.58705868784494,-22.645,-121.01354723808095
63.16071610000017,static,598,1.348937530798664,1.252024371323718,0.6211179074828258,0.18509873234994867,77.28842734156194,71.73571232436926,0.2754994983522297,1.2213374033395608,15.78495851355414,69.97747857282397,2.6585969431195955,0.35,1.7901289828063296,-172.01122221983783,-22.645,-115.82134518756953
63.2657978999996,static,599,1.3961941414087224,1.271781476888196,0.5325012999386907,0.21371837225865095,79.99603168361145,72.86771108860829,0.22092928095383027,1.2524449599775411,12.658315369514478,71.75981027914442,2.6883897608129157,0.35,1.7616102391870836,-173.93881752459566,-22.645,-113.97618247540431
63.369995899999594,static,600,1.4126311692772031,1.2832046287237018,0.35224896800498007,0.17137640747927524,80.9378040082143,73.52220947751988,0.20211311205534624,1.2671875982320993,11.580228305026019,72.60450123001871,2.6883897608129157,0.35,1.7616102391870836,-173.93881752459566,-22.645,-113.97618247540431
63.47363049999967,static,601,1.418915931105876,1.2900911933759598,0.21512685385967517,0.12417011807832962,81.29789433624218,73.91678056743824,0.19518711828492474,1.2752400856630233,11.183398093046968,73.0658747743928,2.6883897608129157,0.35,1.7616102391870836,-173.93881752459566,-22.645,-113.97618247540431
63.57832529999996,static,602,1.419613443797818,1.290908659111211,0.11846713307537732,0.07040353177690409,81.33785886964726,73.9636179039647,0.1944206913059054,1.2761840623360092,11.139485061844196,73.11996065371369,2.6883897608129157,0.35,1.7616102391870836,-173.93881752459566,-22.645,-113.97618247540431
63.68418029999975,static,603,1.4200899151102888,1.2906589799156345,0.06525984471715549,0.036456565173133774,81.36515866491091,73.94931233982594,0.19377511818544202,1.2760297042032698,11.102496446674555,73.1111165841742,2.6883897608129157,0.35,1.7616102391870836,-173.93881752459566,-22.645,-113.97618247540431
63.79402639999989,static,604,1.420063206953456,1.290322786383473,0.03456357073980389,0.017879611434266928,81.3636284002458,73.93004986933349,0.19375871469516096,1.2756921468520879,11.101556595912166,73.09177597260786,2.6883897608129157,0.35,1.7616102391870836,-173.93881752459566,-22.645,-113.97618247540431
63.89750079999976,static,605,1.4201041536319696,1.290027245587122,0.018252227578307068,0.008060899593250556,81.36597447210971,73.91311662902865,0.19366211185408594,1.2754078880065438,11.096021660829594,73.07548914046893,2.6883897608129157,0.35,1.7616102391870836,-173.93881752459566,-22.645,-113.97618247540431
64.00100670000029,static,606,1.4209812219780158,1.2902298888498507,0.01371830145562694,0.005247722052940861,81.41622678668269,73.92472723272975,0.1925736632066396,1.2757776257328994,11.033658147114195,73.09667355171587,2.6883897608129157,0.35,1.7616102391870836,-173.93881752459566,-22.645,-113.97618247540431
64.10578830000031,static,607,1.4214466003859352,1.289832164938634,0.009439322091409718,0.001041950198078494,81.44289100533298,73.9019393312056,0.19192074363347209,1.2754738107360175,10.996248611210214,73.07926623464175,2.6883897608129157,0.35,1.7616102391870836,-173.93881752459566,-22.645,-113.97618247540431
64.2095059000003,static,608,1.421571215794322,1.2899494444524295,0.005592784662879238,0.001078804830797001,81.45003094229585,73.90865895236944,0.19177923462203303,1.2756136932515731,10.988140742091689,73.08728091241076,2.6883897608129157,0.35,1.7616102391870836,-173.93881752459566,-22.645,-113.97618247540431
64.31472469999972,static,609,1.4216878717332673,1.2895665827102782,0.0035301160407101347,-0.0011347058477267668,81.45671483525254,73.88672259040715,0.19157354878886526,1.2752574432825339,10.976355811945544,73.06686929273314,2.6883897608129157,0.35,1.7616102391870836,-173.93881752459566,-22.645,-113.97618247540431
64.41968949999955,static,610,1.4217661955572822,1.2891342414247458,0.002227446614541564,-0.0025217614323911315,81.46120245980393,73.86195125943686,0.19140947152367072,1.2748448951244162,10.966954877135846,73.04323202442711,2.6883897608129157,0.35,1.7616102391870836,-173.93881752459566,-22.645,-113.97618247540431
64.52545350000037,static,611,1.4225380138790786,1.2893973661258515,0.004619399744893506,-0.0001726545642351727,81.50542439219373,73.87702719429588,0.19046433363184767,1.2752524869163988,10.912802464876494,73.06658531387188,2.6883897608129157,0.35,1.7616102391870836,-173.93881752459566,-22.645,-113.97618247540431
64.62965619999977,static,612,1.4228418389953603,1.2893654461813822,0.0038013487196365417,-0.00023193937085810217,81.52283228906674,73.87519831619548,0.19007216562434393,1.2752787246956592,10.890332893186475,73.0680886278873,2.6883897608129157,0.35,1.7616102391870836,-173.93881752459566,-22.645,-113.97618247540431
64.73320630000035,static,613,1.4460179164101659,1.2909401391798465,0.1052373048005002,0.008502025000359098,82.85072371060357,73.96542157903629,0.16066378671761514,1.2809034275007771,9.205356899509361,73.39036035963595,2.6883897608129157,0.35,1.7616102391870836,-173.93881752459566,-22.645,-113.97618247540431
64.83859010000015,static,614,1.4642787731915572,1.2911873474071265,0.1382116655644435,0.007971388158881572,83.89699373447014,73.97958556712035,0.1372741882217536,1.2838693716076843,7.865231621190957,73.56029643923344,2.6883897608129157,0.35,1.7616102391870836,-173.93881752459566,-22.645,-113.97618247540431
64.94314829999985,static,615,1.4677430328979124,1.2908704603904924,0.088955240722297,0.0032012327840257302,84.09548119478153,73.96142927848472,0.13279311798602592,1.2840220143456695,7.608485208982067,73.5690422238933,2.6883897608129157,0.35,1.7616102391870836,-173.93881752459566,-22.645,-113.97618247540431
65.05167139999958,static,616,1.467440669513044,1.2904483368133357,0.04618284747879345,-0.00018731341979064125,84.07815704894928,73.93724337908068,0.13313780192791347,1.283561932935886,7.6282341441181565,73.54268150088029,2.6883897608129157,0.35,1.7616102391870836,-173.93881752459566,-22.645,-113.97618247540431
65.1554484999997,static,617,1.4676308877244608,1.290267601728701,0.025062070005867715,-0.0008823098068436233,84.08905574964999,73.92688802152117,0.13287503010818885,1.2834074608028745,7.613178427872963,73.53383089960634,2.6883897608129157,0.35,1.7616102391870836,-173.93881752459566,-22.645,-113.97618247540431
65.25899289999961,static,618,1.4677816268161683,1.2900290788997528,0.014114258564366844,-0.00153618870923359,84.09769246341246,73.91322167010492,0.1326570410023201,1.2831902173409262,7.600688572126853,73.52138376610989,2.6883897608129157,0.35,1.7616102391870836,-173.93881752459566,-22.645,-113.97618247540431
65.3640218999999,static,619,1.4678516783618214,1.289723088087901,0.007892900111558354,-0.002193027767567362,84.10170612132676,73.89568968801602,0.13253570671039894,1.282895136164202,7.5937366292895625,73.50447686006984,2.6883897608129157,0.35,1.7616102391870836,-173.93881752459566,-22.645,-113.97618247540431
65.46754429999964,static,620,1.4679271371493705,1.289533569160878,0.004545716107399466,-0.0020115219722364416,84.10602959138049,73.88483105335976,0.13241943932906963,1.2827166164358237,7.587074999044355,73.49424843307395,2.6883897608129157,0.35,1.7616102391870836,-173.93881752459566,-22.645,-113.97618247540431
65.57340740000018,static,621,1.4680039559338507,1.2893428201037178,0.0027879584337659143,-0.0019353829307364068,84.11043098351853,73.87390193743838,0.13230132917086357,1.2825370427604152,7.5803077854615255,73.48395961936139,2.6883897608129157,0.35,1.7616102391870836,-173.93881752459566,-22.645,-113.97618247540431
65.68190529999993,static,622,1.468073173079965,1.2891795432930195,0.0017870302004010035,-0.0017500981981397737,84.11439683386082,73.86454686529301,0.13219581247266782,1.2823837810928091,7.574262123986753,73.47517837264643,2.6883897608129157,0.35,1.7616102391870836,-173.93881752459566,-22.645,-113.97618247540431
65.78695590000007,static,623,1.4681500139716048,1.2889887994302356,0.0012740642235901547,-0.0017524413873233015,84.1187994926458,73.85361804698748,0.13207772777886914,1.2822041954701955,7.567496369406995,73.46488887440943,2.6883897608129157,0.35,1.7616102391870836,-173.93881752459566,-22.645,-113.97618247540431
65.89146470000014,static,624,1.468226768976673,1.2887985110076126,0.0010193134718598385,-0.001777614362671543,84.12319723049272,73.84271532348097,0.13195982820590407,1.2820250409860594,7.560741221469701,73.45462407858759,2.6883897608129157,0.35,1.7616102391870836,-173.93881752459566,-22.645,-113.97618247540431
65.99731840000004,static,625,1.4683586230068704,1.2886838088350312,0.0011319718800285002,-0.0014604447415839286,84.13075190993482,73.83614337309108,0.13177905760231096,1.28192832839087,7.550383828823783,73.44908285505748,2.6883897608129157,0.35,1.7616102391870836,-173.93881752459566,-22.645,-113.97618247540431
66.10276470000008,static,626,1.4683586230068704,1.2886838088350312,0.0006025822675800135,-0.0007774381321528881,84.13075190993482,73.83614337309108,0.13177905760231096,1.28192832839087,7.550383828823783,73.44908285505748,2.6883897608129157,0.35,1.7616102391870836,-173.93881752459566,-22.645,-113.97618247540431
66.21035709999978,static,627,1.4683586230068704,1.2886838088350312,0.0003204254745114651,-0.00041340576349654744,84.13075190993482,73.83614337309108,0.13177905760231096,1.28192832839087,7.550383828823783,73.44908285505748,2.6883897608129157,0.35,1.7616102391870836,-173.93881752459566,-22.645,-113.97618247540431
66.31420270000035,static,628,1.4683586230068704,1.2886838088350312,0.00016897211066191044,-0.00021800402893781392,84.13075190993482,73.83614337309108,0.13177905760231096,1.28192832839087,7.550383828823783,73.44908285505748,2.6883897608129157,0.35,1.7616102391870836,-173.93881752459566,-22.645,-113.97618247540431
66.41983230000005,static,629,1.4683586230068704,1.2886838088350312,9.061425997747014e-05,-0.00011690848671371886,84.13075190993482,73.83614337309108,0.13177905760231096,1.28192832839087,7.550383828823783,73.44908285505748,2.6883897608129157,0.35,1.7616102391870836,-173.93881752459566,-22.645,-113.97618247540431
